2024-08-19 17:08:27.618 +05:30  DBG  Registered model binder providers, in the following order: ["Microsoft.AspNetCore.Mvc.ModelBinding.Binders.BinderTypeModelBinderProvider","Microsoft.AspNetCore.Mvc.ModelBinding.Binders.ServicesModelBinderProvider","Microsoft.AspNetCore.Mvc.ModelBinding.Binders.BodyModelBinderProvider","Microsoft.AspNetCore.Mvc.ModelBinding.Binders.HeaderModelBinderProvider","Microsoft.AspNetCore.Mvc.ModelBinding.Binders.FloatingPointTypeModelBinderProvider","Microsoft.AspNetCore.Mvc.ModelBinding.Binders.EnumTypeModelBinderProvider","Microsoft.AspNetCore.Mvc.ModelBinding.Binders.DateTimeModelBinderProvider","Microsoft.AspNetCore.Mvc.ModelBinding.Binders.SimpleTypeModelBinderProvider","Microsoft.AspNetCore.Mvc.ModelBinding.Binders.TryParseModelBinderProvider","Microsoft.AspNetCore.Mvc.ModelBinding.Binders.CancellationTokenModelBinderProvider","Microsoft.AspNetCore.Mvc.ModelBinding.Binders.ByteArrayModelBinderProvider","Microsoft.AspNetCore.Mvc.ModelBinding.Binders.FormFileModelBinderProvider","Microsoft.AspNetCore.Mvc.ModelBinding.Binders.FormCollectionModelBinderProvider","Microsoft.AspNetCore.Mvc.ModelBinding.Binders.KeyValuePairModelBinderProvider","Microsoft.AspNetCore.Mvc.ModelBinding.Binders.DictionaryModelBinderProvider","Microsoft.AspNetCore.Mvc.ModelBinding.Binders.ArrayModelBinderProvider","Microsoft.AspNetCore.Mvc.ModelBinding.Binders.CollectionModelBinderProvider","Microsoft.AspNetCore.Mvc.ModelBinding.Binders.ComplexObjectModelBinderProvider"]
2024-08-19 17:08:27.880 +05:30  DBG  An 'IServiceProvider' was created for internal use by Entity Framework.
2024-08-19 17:08:27.988 +05:30  INF  User profile is available. Using 'C:\Users\arjun.hariprasad\AppData\Local\ASP.NET\DataProtection-Keys' as key repository and Windows DPAPI to encrypt keys at rest.
2024-08-19 17:08:28.336 +05:30  WRN  Navigations 'Order.Payments' and 'Payment.Order' were separated into two relationships since the [ForeignKey] attribute was specified on navigations on both sides.
2024-08-19 17:08:28.434 +05:30  WRN  Navigations 'Order.Payments' and 'Payment.Order' were separated into two relationships since the [ForeignKey] attribute was specified on navigations on both sides.
2024-08-19 17:08:28.437 +05:30  WRN  Navigations 'Order.Payments' and 'Payment.Order' were separated into two relationships since the [ForeignKey] attribute was specified on navigations on both sides.
2024-08-19 17:08:28.439 +05:30  WRN  Navigations 'Order.Payments' and 'Payment.Order' were separated into two relationships since the [ForeignKey] attribute was specified on navigations on both sides.
2024-08-19 17:08:28.442 +05:30  WRN  Navigations 'Payment.Order' and 'Order.Payments' were separated into two relationships since the [ForeignKey] attribute was specified on navigations on both sides.
2024-08-19 17:08:28.445 +05:30  WRN  Navigations 'Payment.Order' and 'Order.Payments' were separated into two relationships since the [ForeignKey] attribute was specified on navigations on both sides.
2024-08-19 17:08:28.448 +05:30  WRN  Navigations 'Payment.Order' and 'Order.Payments' were separated into two relationships since the [ForeignKey] attribute was specified on navigations on both sides.
2024-08-19 17:08:28.468 +05:30  DBG  The index {'UserId'} was not created on entity type 'IdentityUserRole<Guid>' as the properties are already covered by the index {'UserId', 'RoleId'}.
2024-08-19 17:08:28.470 +05:30  DBG  The index {'UserId'} was not created on entity type 'IdentityUserToken<Guid>' as the properties are already covered by the index {'UserId', 'LoginProvider', 'Name'}.
2024-08-19 17:08:28.591 +05:30  DBG  The property 'Product.UserId' was created in shadow state because there are no eligible CLR members with a matching name.
2024-08-19 17:08:28.720 +05:30  DBG  Entity Framework Core 8.0.7 initialized 'EcommerceDbContext' using provider 'Microsoft.EntityFrameworkCore.SqlServer:8.0.7' with options: None
2024-08-19 17:08:28.819 +05:30  DBG  Compiling query expression: 
'DbSet<IdentityRole<Guid>>()
    .FirstOrDefault(r => r.NormalizedName == __normalizedName_0)'
2024-08-19 17:08:28.961 +05:30  DBG  Generated query execution expression: 
'queryContext => ShapedQueryCompilingExpressionVisitor.SingleOrDefaultAsync<IdentityRole<Guid>>(
    asyncEnumerable: new SingleQueryingEnumerable<IdentityRole<Guid>>(
        (RelationalQueryContext)queryContext, 
        RelationalCommandCache.QueryExpression(
            Projection Mapping:
                EmptyProjectionMember -> Dictionary<IProperty, int> { [Property: IdentityRole<Guid>.Id (Guid) Required PK AfterSave:Throw ValueGenerated.OnAdd, 0], [Property: IdentityRole<Guid>.ConcurrencyStamp (string) Concurrency, 1], [Property: IdentityRole<Guid>.Name (string) MaxLength(256), 2], [Property: IdentityRole<Guid>.NormalizedName (string) Index MaxLength(256), 3] }
            SELECT TOP(1) a.Id, a.ConcurrencyStamp, a.Name, a.NormalizedName
            FROM AspNetRoles AS a
            WHERE a.NormalizedName == @__normalizedName_0), 
        null, 
        Func<QueryContext, DbDataReader, ResultContext, SingleQueryResultCoordinator, IdentityRole<Guid>>, 
        Persistance.EcommerceDbContext, 
        False, 
        False, 
        True
    ), 
    cancellationToken: queryContext.CancellationToken)'
2024-08-19 17:08:29.005 +05:30  DBG  Creating DbConnection.
2024-08-19 17:08:29.028 +05:30  DBG  Created DbConnection. (21ms).
2024-08-19 17:08:29.031 +05:30  DBG  Opening connection to database 'Ecommerce' on server 'FGS-DSK-230\MSSQLSERVER2019'.
2024-08-19 17:08:29.294 +05:30  DBG  Opened connection to database 'Ecommerce' on server 'FGS-DSK-230\MSSQLSERVER2019'.
2024-08-19 17:08:29.298 +05:30  DBG  Creating DbCommand for 'ExecuteReader'.
2024-08-19 17:08:29.305 +05:30  DBG  Created DbCommand for 'ExecuteReader' (4ms).
2024-08-19 17:08:29.314 +05:30  DBG  Initialized DbCommand for 'ExecuteReader' (15ms).
2024-08-19 17:08:29.322 +05:30  DBG  Executing DbCommand [Parameters=[@__normalizedName_0='?' (Size = 256)], CommandType='"Text"', CommandTimeout='30']
SELECT TOP(1) [a].[Id], [a].[ConcurrencyStamp], [a].[Name], [a].[NormalizedName]
FROM [AspNetRoles] AS [a]
WHERE [a].[NormalizedName] = @__normalizedName_0
2024-08-19 17:08:29.383 +05:30  INF  Executed DbCommand (61ms) [Parameters=[@__normalizedName_0='?' (Size = 256)], CommandType='"Text"', CommandTimeout='30']
SELECT TOP(1) [a].[Id], [a].[ConcurrencyStamp], [a].[Name], [a].[NormalizedName]
FROM [AspNetRoles] AS [a]
WHERE [a].[NormalizedName] = @__normalizedName_0
2024-08-19 17:08:29.431 +05:30  DBG  Context 'EcommerceDbContext' started tracking 'IdentityRole' entity. Consider using 'DbContextOptionsBuilder.EnableSensitiveDataLogging' to see key values.
2024-08-19 17:08:29.452 +05:30  DBG  Closing data reader to 'Ecommerce' on server 'FGS-DSK-230\MSSQLSERVER2019'.
2024-08-19 17:08:29.460 +05:30  DBG  A data reader for 'Ecommerce' on server 'FGS-DSK-230\MSSQLSERVER2019' is being disposed after spending 69ms reading results.
2024-08-19 17:08:29.465 +05:30  DBG  Closing connection to database 'Ecommerce' on server 'FGS-DSK-230\MSSQLSERVER2019'.
2024-08-19 17:08:29.472 +05:30  DBG  Closed connection to database 'Ecommerce' on server 'FGS-DSK-230\MSSQLSERVER2019' (7ms).
2024-08-19 17:08:29.476 +05:30  DBG  Opening connection to database 'Ecommerce' on server 'FGS-DSK-230\MSSQLSERVER2019'.
2024-08-19 17:08:29.479 +05:30  DBG  Opened connection to database 'Ecommerce' on server 'FGS-DSK-230\MSSQLSERVER2019'.
2024-08-19 17:08:29.480 +05:30  DBG  Creating DbCommand for 'ExecuteReader'.
2024-08-19 17:08:29.482 +05:30  DBG  Created DbCommand for 'ExecuteReader' (1ms).
2024-08-19 17:08:29.483 +05:30  DBG  Initialized DbCommand for 'ExecuteReader' (3ms).
2024-08-19 17:08:29.484 +05:30  DBG  Executing DbCommand [Parameters=[@__normalizedName_0='?' (Size = 256)], CommandType='"Text"', CommandTimeout='30']
SELECT TOP(1) [a].[Id], [a].[ConcurrencyStamp], [a].[Name], [a].[NormalizedName]
FROM [AspNetRoles] AS [a]
WHERE [a].[NormalizedName] = @__normalizedName_0
2024-08-19 17:08:29.488 +05:30  INF  Executed DbCommand (4ms) [Parameters=[@__normalizedName_0='?' (Size = 256)], CommandType='"Text"', CommandTimeout='30']
SELECT TOP(1) [a].[Id], [a].[ConcurrencyStamp], [a].[Name], [a].[NormalizedName]
FROM [AspNetRoles] AS [a]
WHERE [a].[NormalizedName] = @__normalizedName_0
2024-08-19 17:08:29.491 +05:30  DBG  Context 'EcommerceDbContext' started tracking 'IdentityRole' entity. Consider using 'DbContextOptionsBuilder.EnableSensitiveDataLogging' to see key values.
2024-08-19 17:08:29.492 +05:30  DBG  Closing data reader to 'Ecommerce' on server 'FGS-DSK-230\MSSQLSERVER2019'.
2024-08-19 17:08:29.496 +05:30  DBG  A data reader for 'Ecommerce' on server 'FGS-DSK-230\MSSQLSERVER2019' is being disposed after spending 5ms reading results.
2024-08-19 17:08:29.498 +05:30  DBG  Closing connection to database 'Ecommerce' on server 'FGS-DSK-230\MSSQLSERVER2019'.
2024-08-19 17:08:29.499 +05:30  DBG  Closed connection to database 'Ecommerce' on server 'FGS-DSK-230\MSSQLSERVER2019' (1ms).
2024-08-19 17:08:29.501 +05:30  DBG  Opening connection to database 'Ecommerce' on server 'FGS-DSK-230\MSSQLSERVER2019'.
2024-08-19 17:08:29.502 +05:30  DBG  Opened connection to database 'Ecommerce' on server 'FGS-DSK-230\MSSQLSERVER2019'.
2024-08-19 17:08:29.503 +05:30  DBG  Creating DbCommand for 'ExecuteReader'.
2024-08-19 17:08:29.504 +05:30  DBG  Created DbCommand for 'ExecuteReader' (0ms).
2024-08-19 17:08:29.505 +05:30  DBG  Initialized DbCommand for 'ExecuteReader' (1ms).
2024-08-19 17:08:29.506 +05:30  DBG  Executing DbCommand [Parameters=[@__normalizedName_0='?' (Size = 256)], CommandType='"Text"', CommandTimeout='30']
SELECT TOP(1) [a].[Id], [a].[ConcurrencyStamp], [a].[Name], [a].[NormalizedName]
FROM [AspNetRoles] AS [a]
WHERE [a].[NormalizedName] = @__normalizedName_0
2024-08-19 17:08:29.509 +05:30  INF  Executed DbCommand (3ms) [Parameters=[@__normalizedName_0='?' (Size = 256)], CommandType='"Text"', CommandTimeout='30']
SELECT TOP(1) [a].[Id], [a].[ConcurrencyStamp], [a].[Name], [a].[NormalizedName]
FROM [AspNetRoles] AS [a]
WHERE [a].[NormalizedName] = @__normalizedName_0
2024-08-19 17:08:29.513 +05:30  DBG  Context 'EcommerceDbContext' started tracking 'IdentityRole' entity. Consider using 'DbContextOptionsBuilder.EnableSensitiveDataLogging' to see key values.
2024-08-19 17:08:29.514 +05:30  DBG  Closing data reader to 'Ecommerce' on server 'FGS-DSK-230\MSSQLSERVER2019'.
2024-08-19 17:08:29.515 +05:30  DBG  A data reader for 'Ecommerce' on server 'FGS-DSK-230\MSSQLSERVER2019' is being disposed after spending 2ms reading results.
2024-08-19 17:08:29.517 +05:30  DBG  Closing connection to database 'Ecommerce' on server 'FGS-DSK-230\MSSQLSERVER2019'.
2024-08-19 17:08:29.518 +05:30  DBG  Closed connection to database 'Ecommerce' on server 'FGS-DSK-230\MSSQLSERVER2019' (1ms).
2024-08-19 17:08:29.524 +05:30  DBG  Compiling query expression: 
'DbSet<User>()
    .SingleOrDefault(u => u.NormalizedEmail == __normalizedEmail_0)'
2024-08-19 17:08:29.533 +05:30  DBG  Generated query execution expression: 
'queryContext => ShapedQueryCompilingExpressionVisitor.SingleOrDefaultAsync<User>(
    asyncEnumerable: new SingleQueryingEnumerable<User>(
        (RelationalQueryContext)queryContext, 
        RelationalCommandCache.QueryExpression(
            Projection Mapping:
                EmptyProjectionMember -> Dictionary<IProperty, int> { [Property: User.Id (Guid) Required PK AfterSave:Throw ValueGenerated.OnAdd, 0], [Property: User.AccessFailedCount (int) Required, 1], [Property: User.ConcurrencyStamp (string) Concurrency, 2], [Property: User.CreatedAt (DateTime) Required, 3], [Property: User.Email (string) MaxLength(256), 4], [Property: User.EmailConfirmed (bool) Required, 5], [Property: User.IsDeleted (bool) Required, 6], [Property: User.IsVerified (bool) Required, 7], [Property: User.LockoutEnabled (bool) Required, 8], [Property: User.LockoutEnd (DateTimeOffset?), 9], [Property: User.NormalizedEmail (string) Index MaxLength(256), 10], [Property: User.NormalizedUserName (string) Index MaxLength(256), 11], [Property: User.PasswordHash (string), 12], [Property: User.PhoneNumber (string), 13], [Property: User.PhoneNumberConfirmed (bool) Required, 14], [Property: User.SecurityStamp (string), 15], [Property: User.TwoFactorEnabled (bool) Required, 16], [Property: User.UpdatedAt (DateTime) Required, 17], [Property: User.UserName (string) MaxLength(256), 18] }
            SELECT TOP(2) a.Id, a.AccessFailedCount, a.ConcurrencyStamp, a.CreatedAt, a.Email, a.EmailConfirmed, a.IsDeleted, a.IsVerified, a.LockoutEnabled, a.LockoutEnd, a.NormalizedEmail, a.NormalizedUserName, a.PasswordHash, a.PhoneNumber, a.PhoneNumberConfirmed, a.SecurityStamp, a.TwoFactorEnabled, a.UpdatedAt, a.UserName
            FROM AspNetUsers AS a
            WHERE a.NormalizedEmail == @__normalizedEmail_0), 
        null, 
        Func<QueryContext, DbDataReader, ResultContext, SingleQueryResultCoordinator, User>, 
        Persistance.EcommerceDbContext, 
        False, 
        False, 
        True
    ), 
    cancellationToken: queryContext.CancellationToken)'
2024-08-19 17:08:29.539 +05:30  DBG  Opening connection to database 'Ecommerce' on server 'FGS-DSK-230\MSSQLSERVER2019'.
2024-08-19 17:08:29.539 +05:30  DBG  Opened connection to database 'Ecommerce' on server 'FGS-DSK-230\MSSQLSERVER2019'.
2024-08-19 17:08:29.543 +05:30  DBG  Creating DbCommand for 'ExecuteReader'.
2024-08-19 17:08:29.544 +05:30  DBG  Created DbCommand for 'ExecuteReader' (0ms).
2024-08-19 17:08:29.545 +05:30  DBG  Initialized DbCommand for 'ExecuteReader' (1ms).
2024-08-19 17:08:29.546 +05:30  DBG  Executing DbCommand [Parameters=[@__normalizedEmail_0='?' (Size = 256)], CommandType='"Text"', CommandTimeout='30']
SELECT TOP(2) [a].[Id], [a].[AccessFailedCount], [a].[ConcurrencyStamp], [a].[CreatedAt], [a].[Email], [a].[EmailConfirmed], [a].[IsDeleted], [a].[IsVerified], [a].[LockoutEnabled], [a].[LockoutEnd], [a].[NormalizedEmail], [a].[NormalizedUserName], [a].[PasswordHash], [a].[PhoneNumber], [a].[PhoneNumberConfirmed], [a].[SecurityStamp], [a].[TwoFactorEnabled], [a].[UpdatedAt], [a].[UserName]
FROM [AspNetUsers] AS [a]
WHERE [a].[NormalizedEmail] = @__normalizedEmail_0
2024-08-19 17:08:29.552 +05:30  INF  Executed DbCommand (7ms) [Parameters=[@__normalizedEmail_0='?' (Size = 256)], CommandType='"Text"', CommandTimeout='30']
SELECT TOP(2) [a].[Id], [a].[AccessFailedCount], [a].[ConcurrencyStamp], [a].[CreatedAt], [a].[Email], [a].[EmailConfirmed], [a].[IsDeleted], [a].[IsVerified], [a].[LockoutEnabled], [a].[LockoutEnd], [a].[NormalizedEmail], [a].[NormalizedUserName], [a].[PasswordHash], [a].[PhoneNumber], [a].[PhoneNumberConfirmed], [a].[SecurityStamp], [a].[TwoFactorEnabled], [a].[UpdatedAt], [a].[UserName]
FROM [AspNetUsers] AS [a]
WHERE [a].[NormalizedEmail] = @__normalizedEmail_0
2024-08-19 17:08:29.572 +05:30  DBG  Context 'EcommerceDbContext' started tracking 'User' entity. Consider using 'DbContextOptionsBuilder.EnableSensitiveDataLogging' to see key values.
2024-08-19 17:08:29.600 +05:30  DBG  Closing data reader to 'Ecommerce' on server 'FGS-DSK-230\MSSQLSERVER2019'.
2024-08-19 17:08:29.601 +05:30  DBG  A data reader for 'Ecommerce' on server 'FGS-DSK-230\MSSQLSERVER2019' is being disposed after spending 46ms reading results.
2024-08-19 17:08:29.604 +05:30  DBG  Closing connection to database 'Ecommerce' on server 'FGS-DSK-230\MSSQLSERVER2019'.
2024-08-19 17:08:29.607 +05:30  DBG  Closed connection to database 'Ecommerce' on server 'FGS-DSK-230\MSSQLSERVER2019' (2ms).
2024-08-19 17:08:29.610 +05:30  DBG  'EcommerceDbContext' disposed.
2024-08-19 17:08:29.612 +05:30  DBG  Disposing connection to database 'Ecommerce' on server 'FGS-DSK-230\MSSQLSERVER2019'.
2024-08-19 17:08:29.614 +05:30  DBG  Disposed connection to database '' on server '' (1ms).
2024-08-19 17:08:29.619 +05:30  DBG  Hosting starting
2024-08-19 17:08:29.626 +05:30  DBG  Reading data from file 'C:\Users\arjun.hariprasad\AppData\Local\ASP.NET\DataProtection-Keys\key-36f6fa2d-df91-4e24-9271-a530e4737995.xml'.
2024-08-19 17:08:29.638 +05:30  DBG  Found key {36f6fa2d-df91-4e24-9271-a530e4737995}.
2024-08-19 17:08:29.652 +05:30  DBG  Considering key {36f6fa2d-df91-4e24-9271-a530e4737995} with expiration date 2024-10-20 08:26:28Z as default key.
2024-08-19 17:08:29.658 +05:30  DBG  Forwarded activator type request from Microsoft.AspNetCore.DataProtection.XmlEncryption.DpapiXmlDecryptor, Microsoft.AspNetCore.DataProtection, Version=8.0.0.0, Culture=neutral, PublicKeyToken=adb9793829ddae60 to Microsoft.AspNetCore.DataProtection.XmlEncryption.DpapiXmlDecryptor, Microsoft.AspNetCore.DataProtection, Culture=neutral, PublicKeyToken=adb9793829ddae60
2024-08-19 17:08:29.660 +05:30  DBG  Decrypting secret element using Windows DPAPI.
2024-08-19 17:08:29.662 +05:30  DBG  Forwarded activator type request from Microsoft.AspNetCore.DataProtection.AuthenticatedEncryption.ConfigurationModel.AuthenticatedEncryptorDescriptorDeserializer, Microsoft.AspNetCore.DataProtection, Version=8.0.0.0, Culture=neutral, PublicKeyToken=adb9793829ddae60 to Microsoft.AspNetCore.DataProtection.AuthenticatedEncryption.ConfigurationModel.AuthenticatedEncryptorDescriptorDeserializer, Microsoft.AspNetCore.DataProtection, Culture=neutral, PublicKeyToken=adb9793829ddae60
2024-08-19 17:08:29.665 +05:30  DBG  Opening CNG algorithm 'AES' from provider 'null' with chaining mode CBC.
2024-08-19 17:08:29.668 +05:30  DBG  Opening CNG algorithm 'SHA256' from provider 'null' with HMAC.
2024-08-19 17:08:29.672 +05:30  DBG  Using key {36f6fa2d-df91-4e24-9271-a530e4737995} as the default key.
2024-08-19 17:08:29.674 +05:30  DBG  Key ring with default key {36f6fa2d-df91-4e24-9271-a530e4737995} was loaded during application startup.
2024-08-19 17:08:29.925 +05:30  INF  Now listening on: https://localhost:7113
2024-08-19 17:08:29.927 +05:30  INF  Now listening on: http://localhost:5081
2024-08-19 17:08:29.929 +05:30  DBG  Loaded hosting startup assembly Web.Ecommerce
2024-08-19 17:08:29.930 +05:30  DBG  Loaded hosting startup assembly Microsoft.AspNetCore.Watch.BrowserRefresh
2024-08-19 17:08:29.932 +05:30  DBG  Loaded hosting startup assembly Microsoft.WebTools.BrowserLink.Net
2024-08-19 17:08:29.936 +05:30  INF  Application started. Press Ctrl+C to shut down.
2024-08-19 17:08:29.940 +05:30  INF  Hosting environment: Development
2024-08-19 17:08:29.941 +05:30  INF  Content root path: C:\Users\arjun.hariprasad\source\.NET\Ecommerce\EcommerceSolution\CodeBase\Src\Presentation\Web.Ecommerce
2024-08-19 17:08:29.944 +05:30  DBG  Hosting started
2024-08-19 17:08:29.964 +05:30  DBG  Connection id "0HN608DPBC3L2" accepted.
2024-08-19 17:08:29.981 +05:30  DBG  Connection id "0HN608DPBC3L3" received FIN.
2024-08-19 17:08:29.982 +05:30  DBG  Connection id "0HN608DPBC3L2" received FIN.
2024-08-19 17:08:29.982 +05:30  DBG  Connection id "0HN608DPBC3L2" started.
2024-08-19 17:08:29.993 +05:30  DBG  Connection id "0HN608DPBC3L3" accepted.
2024-08-19 17:08:29.994 +05:30  DBG  Connection id "0HN608DPBC3L3" started.
2024-08-19 17:08:30.016 +05:30  DBG  Failed to authenticate HTTPS connection.System.IO.IOException: Received an unexpected EOF or 0 bytes from the transport stream.
   at System.Net.Security.SslStream.ReceiveHandshakeFrameAsync[TIOAdapter](CancellationToken cancellationToken)
   at System.Net.Security.SslStream.ForceAuthenticationAsync[TIOAdapter](Boolean receiveFirst, Byte[] reAuthenticationData, CancellationToken cancellationToken)
   at System.Net.Security.SslStream.ProcessAuthenticationWithTelemetryAsync(Boolean isAsync, CancellationToken cancellationToken)
   at Microsoft.AspNetCore.Server.Kestrel.Https.Internal.HttpsConnectionMiddleware.OnConnectionAsync(ConnectionContext context)

2024-08-19 17:08:30.016 +05:30  DBG  Failed to authenticate HTTPS connection.System.IO.IOException: Received an unexpected EOF or 0 bytes from the transport stream.
   at System.Net.Security.SslStream.ReceiveHandshakeFrameAsync[TIOAdapter](CancellationToken cancellationToken)
   at System.Net.Security.SslStream.ForceAuthenticationAsync[TIOAdapter](Boolean receiveFirst, Byte[] reAuthenticationData, CancellationToken cancellationToken)
   at System.Net.Security.SslStream.ProcessAuthenticationWithTelemetryAsync(Boolean isAsync, CancellationToken cancellationToken)
   at Microsoft.AspNetCore.Server.Kestrel.Https.Internal.HttpsConnectionMiddleware.OnConnectionAsync(ConnectionContext context)

2024-08-19 17:08:30.033 +05:30  DBG  Connection id "0HN608DPBC3L3" stopped.
2024-08-19 17:08:30.038 +05:30  DBG  Connection id "0HN608DPBC3L2" stopped.
2024-08-19 17:08:30.044 +05:30  DBG  Connection id "0HN608DPBC3L2" sending FIN because: "The Socket transport's send loop completed gracefully."
2024-08-19 17:08:30.044 +05:30  DBG  Connection id "0HN608DPBC3L3" sending FIN because: "The Socket transport's send loop completed gracefully."
2024-08-19 17:08:30.557 +05:30  DBG  Connection id "0HN608DPBC3L4" accepted.
2024-08-19 17:08:30.560 +05:30  DBG  Connection id "0HN608DPBC3L4" started.
2024-08-19 17:08:30.561 +05:30  DBG  Connection id "0HN608DPBC3L5" accepted.
2024-08-19 17:08:30.573 +05:30  DBG  Connection id "0HN608DPBC3L5" started.
2024-08-19 17:08:30.595 +05:30  DBG  Connection id "0HN608DPBC3L5" received FIN.
2024-08-19 17:08:30.619 +05:30  DBG  Connection 0HN608DPBC3L5 established using the following protocol: "Tls12"
2024-08-19 17:08:30.619 +05:30  DBG  Connection 0HN608DPBC3L4 established using the following protocol: "Tls12"
2024-08-19 17:08:30.644 +05:30  DBG  Connection id "0HN608DPBC3L5" is closed. The last processed stream ID was 0.
2024-08-19 17:08:30.645 +05:30  DBG  Connection id "0HN608DPBC3L5" sending FIN because: "The Socket transport's send loop completed gracefully."
2024-08-19 17:08:30.648 +05:30  VRB  Connection id "0HN608DPBC3L4" sending "SETTINGS" frame for stream ID 0 with length 24 and flags "NONE".
2024-08-19 17:08:30.648 +05:30  DBG  The connection queue processing loop for 0HN608DPBC3L5 completed.
2024-08-19 17:08:30.660 +05:30  DBG  Connection id "0HN608DPBC3L5" stopped.
2024-08-19 17:08:30.662 +05:30  VRB  Connection id "0HN608DPBC3L4" sending "WINDOW_UPDATE" frame for stream ID 0 with length 4 and flags 0x0.
2024-08-19 17:08:30.665 +05:30  VRB  Connection id "0HN608DPBC3L4" received "SETTINGS" frame for stream ID 0 with length 24 and flags "NONE".
2024-08-19 17:08:30.674 +05:30  VRB  Connection id "0HN608DPBC3L4" sending "SETTINGS" frame for stream ID 0 with length 0 and flags "ACK".
2024-08-19 17:08:30.677 +05:30  VRB  Connection id "0HN608DPBC3L4" received "WINDOW_UPDATE" frame for stream ID 0 with length 4 and flags 0x0.
2024-08-19 17:08:30.680 +05:30  VRB  Connection id "0HN608DPBC3L4" received "HEADERS" frame for stream ID 1 with length 1214 and flags "END_STREAM, END_HEADERS, PRIORITY".
2024-08-19 17:08:30.709 +05:30  VRB  Connection id "0HN608DPBC3L4" received "SETTINGS" frame for stream ID 0 with length 0 and flags "ACK".
2024-08-19 17:08:30.730 +05:30  INF  Request starting HTTP/2 GET https://localhost:7113/swagger/index.html - null null
2024-08-19 17:08:30.875 +05:30  DBG  Wildcard detected, all requests with hosts will be allowed.
2024-08-19 17:08:30.876 +05:30  VRB  All hosts are allowed.
2024-08-19 17:08:30.911 +05:30  DBG  No candidates found for the request path '/swagger/index.html'
2024-08-19 17:08:30.912 +05:30  DBG  Request did not match any endpoints
2024-08-19 17:08:31.028 +05:30  DBG  Response markup is scheduled to include Browser Link script injection.
2024-08-19 17:08:31.030 +05:30  DBG  Response markup is scheduled to include browser refresh script injection.
2024-08-19 17:08:31.038 +05:30  VRB  Connection id "0HN608DPBC3L4" sending "HEADERS" frame for stream ID 1 with length 66 and flags "END_HEADERS".
2024-08-19 17:08:31.041 +05:30  VRB  Connection id "0HN608DPBC3L4" sending "DATA" frame for stream ID 1 with length 698 and flags "NONE".
2024-08-19 17:08:31.042 +05:30  DBG  Response markup was updated to include Browser Link script injection.
2024-08-19 17:08:31.044 +05:30  VRB  Connection id "0HN608DPBC3L4" sending "DATA" frame for stream ID 1 with length 438 and flags "NONE".
2024-08-19 17:08:31.046 +05:30  DBG  Response markup was updated to include browser refresh script injection.
2024-08-19 17:08:31.056 +05:30  VRB  Connection id "0HN608DPBC3L4" sending "DATA" frame for stream ID 1 with length 0 and flags "END_STREAM".
2024-08-19 17:08:31.058 +05:30  INF  Request finished HTTP/2 GET https://localhost:7113/swagger/index.html - 200 null text/html;charset=utf-8 333.6986ms
2024-08-19 17:08:31.076 +05:30  VRB  Connection id "0HN608DPBC3L4" received "HEADERS" frame for stream ID 3 with length 117 and flags "END_STREAM, END_HEADERS, PRIORITY".
2024-08-19 17:08:31.090 +05:30  VRB  Connection id "0HN608DPBC3L4" received "HEADERS" frame for stream ID 5 with length 102 and flags "END_STREAM, END_HEADERS, PRIORITY".
2024-08-19 17:08:31.092 +05:30  INF  Request starting HTTP/2 GET https://localhost:7113/_framework/aspnetcore-browser-refresh.js - null null
2024-08-19 17:08:31.093 +05:30  VRB  Connection id "0HN608DPBC3L4" received "HEADERS" frame for stream ID 7 with length 37 and flags "END_STREAM, END_HEADERS, PRIORITY".
2024-08-19 17:08:31.093 +05:30  INF  Request starting HTTP/2 GET https://localhost:7113/swagger/index.css - null null
2024-08-19 17:08:31.108 +05:30  VRB  Connection id "0HN608DPBC3L4" received "HEADERS" frame for stream ID 9 with length 59 and flags "END_STREAM, END_HEADERS, PRIORITY".
2024-08-19 17:08:31.108 +05:30  INF  Request starting HTTP/2 GET https://localhost:7113/swagger/index.js - null null
2024-08-19 17:08:31.110 +05:30  VRB  Connection id "0HN608DPBC3L4" sending "HEADERS" frame for stream ID 3 with length 60 and flags "END_HEADERS".
2024-08-19 17:08:31.114 +05:30  VRB  All hosts are allowed.
2024-08-19 17:08:31.117 +05:30  INF  Request starting HTTP/2 GET https://localhost:7113/_vs/browserLink - null null
2024-08-19 17:08:31.119 +05:30  VRB  All hosts are allowed.
2024-08-19 17:08:31.121 +05:30  DBG  No candidates found for the request path '/swagger/index.css'
2024-08-19 17:08:31.124 +05:30  VRB  Connection id "0HN608DPBC3L4" sending "DATA" frame for stream ID 3 with length 13762 and flags "NONE".
2024-08-19 17:08:31.127 +05:30  DBG  No candidates found for the request path '/swagger/index.js'
2024-08-19 17:08:31.128 +05:30  DBG  Request did not match any endpoints
2024-08-19 17:08:31.132 +05:30  DBG  Request did not match any endpoints
2024-08-19 17:08:31.140 +05:30  VRB  Range header's value is empty.
2024-08-19 17:08:31.141 +05:30  INF  Request finished HTTP/2 GET https://localhost:7113/swagger/index.js - 200 null application/javascript;charset=utf-8 32.9654ms
2024-08-19 17:08:31.142 +05:30  VRB  Connection id "0HN608DPBC3L4" sending "HEADERS" frame for stream ID 7 with length 41 and flags "END_HEADERS".
2024-08-19 17:08:31.143 +05:30  INF  The file /index.css was not modified
2024-08-19 17:08:31.155 +05:30  INF  Request finished HTTP/2 GET https://localhost:7113/_framework/aspnetcore-browser-refresh.js - 200 13762 application/javascript; charset=utf-8 63.0025ms
2024-08-19 17:08:31.165 +05:30  VRB  Connection id "0HN608DPBC3L4" sending "DATA" frame for stream ID 7 with length 3005 and flags "END_STREAM".
2024-08-19 17:08:31.167 +05:30  DBG  Handled. Status code: 304 File: /index.css
2024-08-19 17:08:31.168 +05:30  VRB  Connection id "0HN608DPBC3L4" sending "DATA" frame for stream ID 3 with length 0 and flags "END_STREAM".
2024-08-19 17:08:31.173 +05:30  INF  Request finished HTTP/2 GET https://localhost:7113/swagger/index.css - 304 null text/css 79.7071ms
2024-08-19 17:08:31.175 +05:30  VRB  Connection id "0HN608DPBC3L4" sending "HEADERS" frame for stream ID 5 with length 70 and flags "END_STREAM, END_HEADERS".
2024-08-19 17:08:31.194 +05:30  VRB  Connection id "0HN608DPBC3L4" sending "HEADERS" frame for stream ID 9 with length 119 and flags "END_HEADERS".
2024-08-19 17:08:31.197 +05:30  VRB  Connection id "0HN608DPBC3L4" sending "DATA" frame for stream ID 9 with length 9986 and flags "NONE".
2024-08-19 17:08:31.204 +05:30  VRB  Connection id "0HN608DPBC3L4" sending "DATA" frame for stream ID 9 with length 10240 and flags "NONE".
2024-08-19 17:08:31.207 +05:30  VRB  Connection id "0HN608DPBC3L4" sending "DATA" frame for stream ID 9 with length 10240 and flags "NONE".
2024-08-19 17:08:31.210 +05:30  VRB  Connection id "0HN608DPBC3L4" sending "DATA" frame for stream ID 9 with length 10240 and flags "NONE".
2024-08-19 17:08:31.213 +05:30  VRB  Connection id "0HN608DPBC3L4" sending "DATA" frame for stream ID 9 with length 10240 and flags "NONE".
2024-08-19 17:08:31.227 +05:30  VRB  Connection id "0HN608DPBC3L4" sending "DATA" frame for stream ID 9 with length 10240 and flags "NONE".
2024-08-19 17:08:31.230 +05:30  VRB  Connection id "0HN608DPBC3L4" sending "DATA" frame for stream ID 9 with length 10240 and flags "NONE".
2024-08-19 17:08:31.240 +05:30  VRB  Connection id "0HN608DPBC3L4" sending "DATA" frame for stream ID 9 with length 10240 and flags "NONE".
2024-08-19 17:08:31.243 +05:30  VRB  Connection id "0HN608DPBC3L4" sending "DATA" frame for stream ID 9 with length 10240 and flags "NONE".
2024-08-19 17:08:31.245 +05:30  VRB  Connection id "0HN608DPBC3L4" sending "DATA" frame for stream ID 9 with length 10240 and flags "NONE".
2024-08-19 17:08:31.247 +05:30  VRB  Connection id "0HN608DPBC3L4" sending "DATA" frame for stream ID 9 with length 10240 and flags "NONE".
2024-08-19 17:08:31.255 +05:30  VRB  Connection id "0HN608DPBC3L4" sending "DATA" frame for stream ID 9 with length 10240 and flags "NONE".
2024-08-19 17:08:31.261 +05:30  VRB  Connection id "0HN608DPBC3L4" sending "DATA" frame for stream ID 9 with length 10240 and flags "NONE".
2024-08-19 17:08:31.263 +05:30  VRB  Connection id "0HN608DPBC3L4" sending "DATA" frame for stream ID 9 with length 10240 and flags "NONE".
2024-08-19 17:08:31.270 +05:30  VRB  Connection id "0HN608DPBC3L4" sending "DATA" frame for stream ID 9 with length 10240 and flags "NONE".
2024-08-19 17:08:31.275 +05:30  VRB  Connection id "0HN608DPBC3L4" sending "DATA" frame for stream ID 9 with length 160 and flags "NONE".
2024-08-19 17:08:31.276 +05:30  INF  Request finished HTTP/2 GET https://localhost:7113/_vs/browserLink - 200 null text/javascript; charset=UTF-8 159.4189ms
2024-08-19 17:08:31.277 +05:30  VRB  Connection id "0HN608DPBC3L4" sending "DATA" frame for stream ID 9 with length 0 and flags "END_STREAM".
2024-08-19 17:08:31.343 +05:30  VRB  Connection id "0HN608DPBC3L4" received "HEADERS" frame for stream ID 11 with length 76 and flags "END_STREAM, END_HEADERS, PRIORITY".
2024-08-19 17:08:31.348 +05:30  INF  Request starting HTTP/2 GET https://localhost:7113/swagger/v1/swagger.json - null null
2024-08-19 17:08:31.353 +05:30  VRB  All hosts are allowed.
2024-08-19 17:08:31.354 +05:30  DBG  No candidates found for the request path '/swagger/v1/swagger.json'
2024-08-19 17:08:31.355 +05:30  DBG  Request did not match any endpoints
2024-08-19 17:08:31.509 +05:30  VRB  Connection id "0HN608DPBC3L4" sending "HEADERS" frame for stream ID 11 with length 35 and flags "END_HEADERS".
2024-08-19 17:08:31.511 +05:30  VRB  Connection id "0HN608DPBC3L4" sending "DATA" frame for stream ID 11 with length 16384 and flags "NONE".
2024-08-19 17:08:31.513 +05:30  VRB  Connection id "0HN608DPBC3L4" sending "DATA" frame for stream ID 11 with length 3566 and flags "NONE".
2024-08-19 17:08:31.519 +05:30  VRB  Connection id "0HN608DPBC3L4" sending "DATA" frame for stream ID 11 with length 0 and flags "END_STREAM".
2024-08-19 17:08:31.519 +05:30  INF  Request finished HTTP/2 GET https://localhost:7113/swagger/v1/swagger.json - 200 null application/json;charset=utf-8 171.4648ms
2024-08-19 17:12:06.337 +05:30  VRB  Connection id "0HN608DPBC3L4" received "HEADERS" frame for stream ID 13 with length 48 and flags "END_STREAM, END_HEADERS, PRIORITY".
2024-08-19 17:12:06.342 +05:30  VRB  Connection id "0HN608DPBC3L4" received "PING" frame for stream ID 0 with length 8 and flags "NONE".
2024-08-19 17:12:06.343 +05:30  INF  Request starting HTTP/2 GET https://localhost:7113/swagger/index.html - null null
2024-08-19 17:12:06.347 +05:30  VRB  Connection id "0HN608DPBC3L4" sending "PING" frame for stream ID 0 with length 8 and flags "ACK".
2024-08-19 17:12:06.358 +05:30  VRB  All hosts are allowed.
2024-08-19 17:12:06.360 +05:30  DBG  No candidates found for the request path '/swagger/index.html'
2024-08-19 17:12:06.362 +05:30  DBG  Request did not match any endpoints
2024-08-19 17:12:06.363 +05:30  DBG  Response markup is scheduled to include Browser Link script injection.
2024-08-19 17:12:06.364 +05:30  DBG  Response markup is scheduled to include browser refresh script injection.
2024-08-19 17:12:06.365 +05:30  VRB  Connection id "0HN608DPBC3L4" sending "HEADERS" frame for stream ID 13 with length 34 and flags "END_HEADERS".
2024-08-19 17:12:06.365 +05:30  DBG  Response markup was updated to include Browser Link script injection.
2024-08-19 17:12:06.366 +05:30  VRB  Connection id "0HN608DPBC3L4" sending "DATA" frame for stream ID 13 with length 1136 and flags "NONE".
2024-08-19 17:12:06.367 +05:30  DBG  Response markup was updated to include browser refresh script injection.
2024-08-19 17:12:06.370 +05:30  VRB  Connection id "0HN608DPBC3L4" sending "DATA" frame for stream ID 13 with length 0 and flags "END_STREAM".
2024-08-19 17:12:06.370 +05:30  INF  Request finished HTTP/2 GET https://localhost:7113/swagger/index.html - 200 null text/html;charset=utf-8 27.7292ms
2024-08-19 17:12:06.371 +05:30  VRB  Connection id "0HN608DPBC3L4" received "WINDOW_UPDATE" frame for stream ID 0 with length 4 and flags 0x0.
2024-08-19 17:12:06.387 +05:30  VRB  Connection id "0HN608DPBC3L4" received "HEADERS" frame for stream ID 15 with length 37 and flags "END_STREAM, END_HEADERS, PRIORITY".
2024-08-19 17:12:06.392 +05:30  VRB  Connection id "0HN608DPBC3L4" received "HEADERS" frame for stream ID 17 with length 54 and flags "END_STREAM, END_HEADERS, PRIORITY".
2024-08-19 17:12:06.392 +05:30  INF  Request starting HTTP/2 GET https://localhost:7113/swagger/index.js - null null
2024-08-19 17:12:06.397 +05:30  VRB  Connection id "0HN608DPBC3L4" received "HEADERS" frame for stream ID 19 with length 59 and flags "END_STREAM, END_HEADERS, PRIORITY".
2024-08-19 17:12:06.398 +05:30  INF  Request starting HTTP/2 GET https://localhost:7113/_framework/aspnetcore-browser-refresh.js - null null
2024-08-19 17:12:06.401 +05:30  VRB  All hosts are allowed.
2024-08-19 17:12:06.404 +05:30  INF  Request starting HTTP/2 GET https://localhost:7113/_vs/browserLink - null null
2024-08-19 17:12:06.407 +05:30  VRB  Connection id "0HN608DPBC3L4" sending "HEADERS" frame for stream ID 17 with length 13 and flags "END_HEADERS".
2024-08-19 17:12:06.407 +05:30  DBG  No candidates found for the request path '/swagger/index.js'
2024-08-19 17:12:06.419 +05:30  VRB  Connection id "0HN608DPBC3L4" sending "DATA" frame for stream ID 17 with length 13762 and flags "NONE".
2024-08-19 17:12:06.421 +05:30  DBG  Request did not match any endpoints
2024-08-19 17:12:06.426 +05:30  VRB  Connection id "0HN608DPBC3L4" sending "HEADERS" frame for stream ID 19 with length 66 and flags "END_HEADERS".
2024-08-19 17:12:06.427 +05:30  INF  Request finished HTTP/2 GET https://localhost:7113/_framework/aspnetcore-browser-refresh.js - 200 13762 application/javascript; charset=utf-8 29.121ms
2024-08-19 17:12:06.428 +05:30  INF  Request finished HTTP/2 GET https://localhost:7113/swagger/index.js - 200 null application/javascript;charset=utf-8 35.2983ms
2024-08-19 17:12:06.431 +05:30  VRB  Connection id "0HN608DPBC3L4" sending "DATA" frame for stream ID 19 with length 9986 and flags "NONE".
2024-08-19 17:12:06.439 +05:30  VRB  Connection id "0HN608DPBC3L4" sending "DATA" frame for stream ID 17 with length 0 and flags "END_STREAM".
2024-08-19 17:12:06.441 +05:30  VRB  Connection id "0HN608DPBC3L4" sending "HEADERS" frame for stream ID 15 with length 4 and flags "END_HEADERS".
2024-08-19 17:12:06.446 +05:30  VRB  Connection id "0HN608DPBC3L4" sending "DATA" frame for stream ID 15 with length 3005 and flags "END_STREAM".
2024-08-19 17:12:06.449 +05:30  VRB  Connection id "0HN608DPBC3L4" sending "DATA" frame for stream ID 19 with length 10240 and flags "NONE".
2024-08-19 17:12:06.452 +05:30  VRB  Connection id "0HN608DPBC3L4" sending "DATA" frame for stream ID 19 with length 10240 and flags "NONE".
2024-08-19 17:12:06.455 +05:30  VRB  Connection id "0HN608DPBC3L4" sending "DATA" frame for stream ID 19 with length 10240 and flags "NONE".
2024-08-19 17:12:06.458 +05:30  VRB  Connection id "0HN608DPBC3L4" sending "DATA" frame for stream ID 19 with length 10240 and flags "NONE".
2024-08-19 17:12:06.465 +05:30  VRB  Connection id "0HN608DPBC3L4" sending "DATA" frame for stream ID 19 with length 10240 and flags "NONE".
2024-08-19 17:12:06.468 +05:30  VRB  Connection id "0HN608DPBC3L4" sending "DATA" frame for stream ID 19 with length 10240 and flags "NONE".
2024-08-19 17:12:06.471 +05:30  VRB  Connection id "0HN608DPBC3L4" sending "DATA" frame for stream ID 19 with length 10240 and flags "NONE".
2024-08-19 17:12:06.474 +05:30  VRB  Connection id "0HN608DPBC3L4" sending "DATA" frame for stream ID 19 with length 10240 and flags "NONE".
2024-08-19 17:12:06.481 +05:30  VRB  Connection id "0HN608DPBC3L4" sending "DATA" frame for stream ID 19 with length 10240 and flags "NONE".
2024-08-19 17:12:06.484 +05:30  VRB  Connection id "0HN608DPBC3L4" sending "DATA" frame for stream ID 19 with length 10240 and flags "NONE".
2024-08-19 17:12:06.486 +05:30  VRB  Connection id "0HN608DPBC3L4" sending "DATA" frame for stream ID 19 with length 10240 and flags "NONE".
2024-08-19 17:12:06.488 +05:30  VRB  Connection id "0HN608DPBC3L4" sending "DATA" frame for stream ID 19 with length 10240 and flags "NONE".
2024-08-19 17:12:06.491 +05:30  VRB  Connection id "0HN608DPBC3L4" sending "DATA" frame for stream ID 19 with length 10240 and flags "NONE".
2024-08-19 17:12:06.495 +05:30  VRB  Connection id "0HN608DPBC3L4" sending "DATA" frame for stream ID 19 with length 10240 and flags "NONE".
2024-08-19 17:12:06.496 +05:30  VRB  Connection id "0HN608DPBC3L4" sending "DATA" frame for stream ID 19 with length 160 and flags "NONE".
2024-08-19 17:12:06.496 +05:30  INF  Request finished HTTP/2 GET https://localhost:7113/_vs/browserLink - 200 null text/javascript; charset=UTF-8 92.8885ms
2024-08-19 17:12:06.498 +05:30  VRB  Connection id "0HN608DPBC3L4" sending "DATA" frame for stream ID 19 with length 0 and flags "END_STREAM".
2024-08-19 17:12:06.527 +05:30  VRB  Connection id "0HN608DPBC3L4" received "HEADERS" frame for stream ID 21 with length 42 and flags "END_STREAM, END_HEADERS, PRIORITY".
2024-08-19 17:12:06.529 +05:30  INF  Request starting HTTP/2 GET https://localhost:7113/swagger/v1/swagger.json - null null
2024-08-19 17:12:06.531 +05:30  VRB  All hosts are allowed.
2024-08-19 17:12:06.532 +05:30  DBG  No candidates found for the request path '/swagger/v1/swagger.json'
2024-08-19 17:12:06.533 +05:30  DBG  Request did not match any endpoints
2024-08-19 17:12:06.537 +05:30  VRB  Connection id "0HN608DPBC3L4" received "HEADERS" frame for stream ID 23 with length 115 and flags "END_STREAM, END_HEADERS, PRIORITY".
2024-08-19 17:12:06.539 +05:30  INF  Request starting HTTP/2 GET https://localhost:7113/swagger/favicon-32x32.png - null null
2024-08-19 17:12:06.540 +05:30  ERR  An unhandled exception has occurred while executing the request.Swashbuckle.AspNetCore.SwaggerGen.SwaggerGeneratorException: Ambiguous HTTP method for action - Web.Ecommerce.Controllers.Customer.CartController.GetCart (Web.Ecommerce). Actions require an explicit HttpMethod binding for Swagger/OpenAPI 3.0
   at Swashbuckle.AspNetCore.SwaggerGen.SwaggerGenerator.PrepareGenerateOperation(IGrouping`2 group)
   at System.Linq.Enumerable.SelectEnumerableIterator`2.MoveNext()
   at Swashbuckle.AspNetCore.SwaggerGen.SwaggerGenerator.GenerateOperationsAsync(IEnumerable`1 apiDescriptions, SchemaRepository schemaRepository)
   at Swashbuckle.AspNetCore.SwaggerGen.SwaggerGenerator.GeneratePathsAsync(IEnumerable`1 apiDescriptions, SchemaRepository schemaRepository, Func`3 operationsGenerator)
   at Swashbuckle.AspNetCore.SwaggerGen.SwaggerGenerator.GeneratePathsAsync(IEnumerable`1 apiDescriptions, SchemaRepository schemaRepository)
   at Swashbuckle.AspNetCore.SwaggerGen.SwaggerGenerator.GetSwaggerAsync(String documentName, String host, String basePath)
   at Swashbuckle.AspNetCore.Swagger.SwaggerMiddleware.Invoke(HttpContext httpContext, ISwaggerProvider swaggerProvider)
   at Microsoft.AspNetCore.Diagnostics.DeveloperExceptionPageMiddlewareImpl.Invoke(HttpContext context)

2024-08-19 17:12:06.544 +05:30  VRB  All hosts are allowed.
2024-08-19 17:12:06.550 +05:30  DBG  No candidates found for the request path '/swagger/favicon-32x32.png'
2024-08-19 17:12:06.551 +05:30  DBG  Request did not match any endpoints
2024-08-19 17:12:06.552 +05:30  VRB  Range header's value is empty.
2024-08-19 17:12:06.552 +05:30  INF  The file /favicon-32x32.png was not modified
2024-08-19 17:12:06.553 +05:30  DBG  Handled. Status code: 304 File: /favicon-32x32.png
2024-08-19 17:12:06.554 +05:30  VRB  Connection id "0HN608DPBC3L4" sending "HEADERS" frame for stream ID 21 with length 30 and flags "END_HEADERS".
2024-08-19 17:12:06.554 +05:30  INF  Request finished HTTP/2 GET https://localhost:7113/swagger/v1/swagger.json - 500 null text/plain; charset=utf-8 24.8219ms
2024-08-19 17:12:06.554 +05:30  INF  Request finished HTTP/2 GET https://localhost:7113/swagger/favicon-32x32.png - 304 null image/png 15.6644ms
2024-08-19 17:12:06.556 +05:30  VRB  Connection id "0HN608DPBC3L4" sending "DATA" frame for stream ID 21 with length 2720 and flags "NONE".
2024-08-19 17:12:06.567 +05:30  VRB  Connection id "0HN608DPBC3L4" sending "DATA" frame for stream ID 21 with length 0 and flags "END_STREAM".
2024-08-19 17:12:06.568 +05:30  VRB  Connection id "0HN608DPBC3L4" sending "HEADERS" frame for stream ID 23 with length 35 and flags "END_STREAM, END_HEADERS".
2024-08-19 17:12:17.763 +05:30  DBG  Registered model binder providers, in the following order: ["Microsoft.AspNetCore.Mvc.ModelBinding.Binders.BinderTypeModelBinderProvider","Microsoft.AspNetCore.Mvc.ModelBinding.Binders.ServicesModelBinderProvider","Microsoft.AspNetCore.Mvc.ModelBinding.Binders.BodyModelBinderProvider","Microsoft.AspNetCore.Mvc.ModelBinding.Binders.HeaderModelBinderProvider","Microsoft.AspNetCore.Mvc.ModelBinding.Binders.FloatingPointTypeModelBinderProvider","Microsoft.AspNetCore.Mvc.ModelBinding.Binders.EnumTypeModelBinderProvider","Microsoft.AspNetCore.Mvc.ModelBinding.Binders.DateTimeModelBinderProvider","Microsoft.AspNetCore.Mvc.ModelBinding.Binders.SimpleTypeModelBinderProvider","Microsoft.AspNetCore.Mvc.ModelBinding.Binders.TryParseModelBinderProvider","Microsoft.AspNetCore.Mvc.ModelBinding.Binders.CancellationTokenModelBinderProvider","Microsoft.AspNetCore.Mvc.ModelBinding.Binders.ByteArrayModelBinderProvider","Microsoft.AspNetCore.Mvc.ModelBinding.Binders.FormFileModelBinderProvider","Microsoft.AspNetCore.Mvc.ModelBinding.Binders.FormCollectionModelBinderProvider","Microsoft.AspNetCore.Mvc.ModelBinding.Binders.KeyValuePairModelBinderProvider","Microsoft.AspNetCore.Mvc.ModelBinding.Binders.DictionaryModelBinderProvider","Microsoft.AspNetCore.Mvc.ModelBinding.Binders.ArrayModelBinderProvider","Microsoft.AspNetCore.Mvc.ModelBinding.Binders.CollectionModelBinderProvider","Microsoft.AspNetCore.Mvc.ModelBinding.Binders.ComplexObjectModelBinderProvider"]
2024-08-19 17:12:17.937 +05:30  DBG  An 'IServiceProvider' was created for internal use by Entity Framework.
2024-08-19 17:12:18.011 +05:30  INF  User profile is available. Using 'C:\Users\arjun.hariprasad\AppData\Local\ASP.NET\DataProtection-Keys' as key repository and Windows DPAPI to encrypt keys at rest.
2024-08-19 17:12:18.302 +05:30  WRN  Navigations 'Order.Payments' and 'Payment.Order' were separated into two relationships since the [ForeignKey] attribute was specified on navigations on both sides.
2024-08-19 17:12:18.369 +05:30  WRN  Navigations 'Order.Payments' and 'Payment.Order' were separated into two relationships since the [ForeignKey] attribute was specified on navigations on both sides.
2024-08-19 17:12:18.372 +05:30  WRN  Navigations 'Order.Payments' and 'Payment.Order' were separated into two relationships since the [ForeignKey] attribute was specified on navigations on both sides.
2024-08-19 17:12:18.373 +05:30  WRN  Navigations 'Order.Payments' and 'Payment.Order' were separated into two relationships since the [ForeignKey] attribute was specified on navigations on both sides.
2024-08-19 17:12:18.375 +05:30  WRN  Navigations 'Payment.Order' and 'Order.Payments' were separated into two relationships since the [ForeignKey] attribute was specified on navigations on both sides.
2024-08-19 17:12:18.378 +05:30  WRN  Navigations 'Payment.Order' and 'Order.Payments' were separated into two relationships since the [ForeignKey] attribute was specified on navigations on both sides.
2024-08-19 17:12:18.379 +05:30  WRN  Navigations 'Payment.Order' and 'Order.Payments' were separated into two relationships since the [ForeignKey] attribute was specified on navigations on both sides.
2024-08-19 17:12:18.397 +05:30  DBG  The index {'UserId'} was not created on entity type 'IdentityUserRole<Guid>' as the properties are already covered by the index {'UserId', 'RoleId'}.
2024-08-19 17:12:18.399 +05:30  DBG  The index {'UserId'} was not created on entity type 'IdentityUserToken<Guid>' as the properties are already covered by the index {'UserId', 'LoginProvider', 'Name'}.
2024-08-19 17:12:18.519 +05:30  DBG  The property 'Product.UserId' was created in shadow state because there are no eligible CLR members with a matching name.
2024-08-19 17:12:18.637 +05:30  DBG  Entity Framework Core 8.0.7 initialized 'EcommerceDbContext' using provider 'Microsoft.EntityFrameworkCore.SqlServer:8.0.7' with options: None
2024-08-19 17:12:18.703 +05:30  DBG  Compiling query expression: 
'DbSet<IdentityRole<Guid>>()
    .FirstOrDefault(r => r.NormalizedName == __normalizedName_0)'
2024-08-19 17:12:18.830 +05:30  DBG  Generated query execution expression: 
'queryContext => ShapedQueryCompilingExpressionVisitor.SingleOrDefaultAsync<IdentityRole<Guid>>(
    asyncEnumerable: new SingleQueryingEnumerable<IdentityRole<Guid>>(
        (RelationalQueryContext)queryContext, 
        RelationalCommandCache.QueryExpression(
            Projection Mapping:
                EmptyProjectionMember -> Dictionary<IProperty, int> { [Property: IdentityRole<Guid>.Id (Guid) Required PK AfterSave:Throw ValueGenerated.OnAdd, 0], [Property: IdentityRole<Guid>.ConcurrencyStamp (string) Concurrency, 1], [Property: IdentityRole<Guid>.Name (string) MaxLength(256), 2], [Property: IdentityRole<Guid>.NormalizedName (string) Index MaxLength(256), 3] }
            SELECT TOP(1) a.Id, a.ConcurrencyStamp, a.Name, a.NormalizedName
            FROM AspNetRoles AS a
            WHERE a.NormalizedName == @__normalizedName_0), 
        null, 
        Func<QueryContext, DbDataReader, ResultContext, SingleQueryResultCoordinator, IdentityRole<Guid>>, 
        Persistance.EcommerceDbContext, 
        False, 
        False, 
        True
    ), 
    cancellationToken: queryContext.CancellationToken)'
2024-08-19 17:12:18.869 +05:30  DBG  Creating DbConnection.
2024-08-19 17:12:18.890 +05:30  DBG  Created DbConnection. (18ms).
2024-08-19 17:12:18.896 +05:30  DBG  Opening connection to database 'Ecommerce' on server 'FGS-DSK-230\MSSQLSERVER2019'.
2024-08-19 17:12:19.085 +05:30  DBG  Opened connection to database 'Ecommerce' on server 'FGS-DSK-230\MSSQLSERVER2019'.
2024-08-19 17:12:19.089 +05:30  DBG  Creating DbCommand for 'ExecuteReader'.
2024-08-19 17:12:19.094 +05:30  DBG  Created DbCommand for 'ExecuteReader' (3ms).
2024-08-19 17:12:19.103 +05:30  DBG  Initialized DbCommand for 'ExecuteReader' (14ms).
2024-08-19 17:12:19.113 +05:30  DBG  Executing DbCommand [Parameters=[@__normalizedName_0='?' (Size = 256)], CommandType='"Text"', CommandTimeout='30']
SELECT TOP(1) [a].[Id], [a].[ConcurrencyStamp], [a].[Name], [a].[NormalizedName]
FROM [AspNetRoles] AS [a]
WHERE [a].[NormalizedName] = @__normalizedName_0
2024-08-19 17:12:19.161 +05:30  INF  Executed DbCommand (50ms) [Parameters=[@__normalizedName_0='?' (Size = 256)], CommandType='"Text"', CommandTimeout='30']
SELECT TOP(1) [a].[Id], [a].[ConcurrencyStamp], [a].[Name], [a].[NormalizedName]
FROM [AspNetRoles] AS [a]
WHERE [a].[NormalizedName] = @__normalizedName_0
2024-08-19 17:12:19.195 +05:30  DBG  Context 'EcommerceDbContext' started tracking 'IdentityRole' entity. Consider using 'DbContextOptionsBuilder.EnableSensitiveDataLogging' to see key values.
2024-08-19 17:12:19.211 +05:30  DBG  Closing data reader to 'Ecommerce' on server 'FGS-DSK-230\MSSQLSERVER2019'.
2024-08-19 17:12:19.219 +05:30  DBG  A data reader for 'Ecommerce' on server 'FGS-DSK-230\MSSQLSERVER2019' is being disposed after spending 51ms reading results.
2024-08-19 17:12:19.223 +05:30  DBG  Closing connection to database 'Ecommerce' on server 'FGS-DSK-230\MSSQLSERVER2019'.
2024-08-19 17:12:19.228 +05:30  DBG  Closed connection to database 'Ecommerce' on server 'FGS-DSK-230\MSSQLSERVER2019' (5ms).
2024-08-19 17:12:19.232 +05:30  DBG  Opening connection to database 'Ecommerce' on server 'FGS-DSK-230\MSSQLSERVER2019'.
2024-08-19 17:12:19.234 +05:30  DBG  Opened connection to database 'Ecommerce' on server 'FGS-DSK-230\MSSQLSERVER2019'.
2024-08-19 17:12:19.235 +05:30  DBG  Creating DbCommand for 'ExecuteReader'.
2024-08-19 17:12:19.236 +05:30  DBG  Created DbCommand for 'ExecuteReader' (0ms).
2024-08-19 17:12:19.237 +05:30  DBG  Initialized DbCommand for 'ExecuteReader' (1ms).
2024-08-19 17:12:19.238 +05:30  DBG  Executing DbCommand [Parameters=[@__normalizedName_0='?' (Size = 256)], CommandType='"Text"', CommandTimeout='30']
SELECT TOP(1) [a].[Id], [a].[ConcurrencyStamp], [a].[Name], [a].[NormalizedName]
FROM [AspNetRoles] AS [a]
WHERE [a].[NormalizedName] = @__normalizedName_0
2024-08-19 17:12:19.242 +05:30  INF  Executed DbCommand (5ms) [Parameters=[@__normalizedName_0='?' (Size = 256)], CommandType='"Text"', CommandTimeout='30']
SELECT TOP(1) [a].[Id], [a].[ConcurrencyStamp], [a].[Name], [a].[NormalizedName]
FROM [AspNetRoles] AS [a]
WHERE [a].[NormalizedName] = @__normalizedName_0
2024-08-19 17:12:19.246 +05:30  DBG  Context 'EcommerceDbContext' started tracking 'IdentityRole' entity. Consider using 'DbContextOptionsBuilder.EnableSensitiveDataLogging' to see key values.
2024-08-19 17:12:19.248 +05:30  DBG  Closing data reader to 'Ecommerce' on server 'FGS-DSK-230\MSSQLSERVER2019'.
2024-08-19 17:12:19.249 +05:30  DBG  A data reader for 'Ecommerce' on server 'FGS-DSK-230\MSSQLSERVER2019' is being disposed after spending 2ms reading results.
2024-08-19 17:12:19.250 +05:30  DBG  Closing connection to database 'Ecommerce' on server 'FGS-DSK-230\MSSQLSERVER2019'.
2024-08-19 17:12:19.251 +05:30  DBG  Closed connection to database 'Ecommerce' on server 'FGS-DSK-230\MSSQLSERVER2019' (1ms).
2024-08-19 17:12:19.253 +05:30  DBG  Opening connection to database 'Ecommerce' on server 'FGS-DSK-230\MSSQLSERVER2019'.
2024-08-19 17:12:19.253 +05:30  DBG  Opened connection to database 'Ecommerce' on server 'FGS-DSK-230\MSSQLSERVER2019'.
2024-08-19 17:12:19.255 +05:30  DBG  Creating DbCommand for 'ExecuteReader'.
2024-08-19 17:12:19.255 +05:30  DBG  Created DbCommand for 'ExecuteReader' (0ms).
2024-08-19 17:12:19.256 +05:30  DBG  Initialized DbCommand for 'ExecuteReader' (1ms).
2024-08-19 17:12:19.260 +05:30  DBG  Executing DbCommand [Parameters=[@__normalizedName_0='?' (Size = 256)], CommandType='"Text"', CommandTimeout='30']
SELECT TOP(1) [a].[Id], [a].[ConcurrencyStamp], [a].[Name], [a].[NormalizedName]
FROM [AspNetRoles] AS [a]
WHERE [a].[NormalizedName] = @__normalizedName_0
2024-08-19 17:12:19.263 +05:30  INF  Executed DbCommand (3ms) [Parameters=[@__normalizedName_0='?' (Size = 256)], CommandType='"Text"', CommandTimeout='30']
SELECT TOP(1) [a].[Id], [a].[ConcurrencyStamp], [a].[Name], [a].[NormalizedName]
FROM [AspNetRoles] AS [a]
WHERE [a].[NormalizedName] = @__normalizedName_0
2024-08-19 17:12:19.265 +05:30  DBG  Context 'EcommerceDbContext' started tracking 'IdentityRole' entity. Consider using 'DbContextOptionsBuilder.EnableSensitiveDataLogging' to see key values.
2024-08-19 17:12:19.266 +05:30  DBG  Closing data reader to 'Ecommerce' on server 'FGS-DSK-230\MSSQLSERVER2019'.
2024-08-19 17:12:19.268 +05:30  DBG  A data reader for 'Ecommerce' on server 'FGS-DSK-230\MSSQLSERVER2019' is being disposed after spending 2ms reading results.
2024-08-19 17:12:19.269 +05:30  DBG  Closing connection to database 'Ecommerce' on server 'FGS-DSK-230\MSSQLSERVER2019'.
2024-08-19 17:12:19.270 +05:30  DBG  Closed connection to database 'Ecommerce' on server 'FGS-DSK-230\MSSQLSERVER2019' (1ms).
2024-08-19 17:12:19.280 +05:30  DBG  Compiling query expression: 
'DbSet<User>()
    .SingleOrDefault(u => u.NormalizedEmail == __normalizedEmail_0)'
2024-08-19 17:12:19.296 +05:30  DBG  Generated query execution expression: 
'queryContext => ShapedQueryCompilingExpressionVisitor.SingleOrDefaultAsync<User>(
    asyncEnumerable: new SingleQueryingEnumerable<User>(
        (RelationalQueryContext)queryContext, 
        RelationalCommandCache.QueryExpression(
            Projection Mapping:
                EmptyProjectionMember -> Dictionary<IProperty, int> { [Property: User.Id (Guid) Required PK AfterSave:Throw ValueGenerated.OnAdd, 0], [Property: User.AccessFailedCount (int) Required, 1], [Property: User.ConcurrencyStamp (string) Concurrency, 2], [Property: User.CreatedAt (DateTime) Required, 3], [Property: User.Email (string) MaxLength(256), 4], [Property: User.EmailConfirmed (bool) Required, 5], [Property: User.IsDeleted (bool) Required, 6], [Property: User.IsVerified (bool) Required, 7], [Property: User.LockoutEnabled (bool) Required, 8], [Property: User.LockoutEnd (DateTimeOffset?), 9], [Property: User.NormalizedEmail (string) Index MaxLength(256), 10], [Property: User.NormalizedUserName (string) Index MaxLength(256), 11], [Property: User.PasswordHash (string), 12], [Property: User.PhoneNumber (string), 13], [Property: User.PhoneNumberConfirmed (bool) Required, 14], [Property: User.SecurityStamp (string), 15], [Property: User.TwoFactorEnabled (bool) Required, 16], [Property: User.UpdatedAt (DateTime) Required, 17], [Property: User.UserName (string) MaxLength(256), 18] }
            SELECT TOP(2) a.Id, a.AccessFailedCount, a.ConcurrencyStamp, a.CreatedAt, a.Email, a.EmailConfirmed, a.IsDeleted, a.IsVerified, a.LockoutEnabled, a.LockoutEnd, a.NormalizedEmail, a.NormalizedUserName, a.PasswordHash, a.PhoneNumber, a.PhoneNumberConfirmed, a.SecurityStamp, a.TwoFactorEnabled, a.UpdatedAt, a.UserName
            FROM AspNetUsers AS a
            WHERE a.NormalizedEmail == @__normalizedEmail_0), 
        null, 
        Func<QueryContext, DbDataReader, ResultContext, SingleQueryResultCoordinator, User>, 
        Persistance.EcommerceDbContext, 
        False, 
        False, 
        True
    ), 
    cancellationToken: queryContext.CancellationToken)'
2024-08-19 17:12:19.309 +05:30  DBG  Opening connection to database 'Ecommerce' on server 'FGS-DSK-230\MSSQLSERVER2019'.
2024-08-19 17:12:19.311 +05:30  DBG  Opened connection to database 'Ecommerce' on server 'FGS-DSK-230\MSSQLSERVER2019'.
2024-08-19 17:12:19.313 +05:30  DBG  Creating DbCommand for 'ExecuteReader'.
2024-08-19 17:12:19.314 +05:30  DBG  Created DbCommand for 'ExecuteReader' (1ms).
2024-08-19 17:12:19.316 +05:30  DBG  Initialized DbCommand for 'ExecuteReader' (2ms).
2024-08-19 17:12:19.317 +05:30  DBG  Executing DbCommand [Parameters=[@__normalizedEmail_0='?' (Size = 256)], CommandType='"Text"', CommandTimeout='30']
SELECT TOP(2) [a].[Id], [a].[AccessFailedCount], [a].[ConcurrencyStamp], [a].[CreatedAt], [a].[Email], [a].[EmailConfirmed], [a].[IsDeleted], [a].[IsVerified], [a].[LockoutEnabled], [a].[LockoutEnd], [a].[NormalizedEmail], [a].[NormalizedUserName], [a].[PasswordHash], [a].[PhoneNumber], [a].[PhoneNumberConfirmed], [a].[SecurityStamp], [a].[TwoFactorEnabled], [a].[UpdatedAt], [a].[UserName]
FROM [AspNetUsers] AS [a]
WHERE [a].[NormalizedEmail] = @__normalizedEmail_0
2024-08-19 17:12:19.326 +05:30  INF  Executed DbCommand (8ms) [Parameters=[@__normalizedEmail_0='?' (Size = 256)], CommandType='"Text"', CommandTimeout='30']
SELECT TOP(2) [a].[Id], [a].[AccessFailedCount], [a].[ConcurrencyStamp], [a].[CreatedAt], [a].[Email], [a].[EmailConfirmed], [a].[IsDeleted], [a].[IsVerified], [a].[LockoutEnabled], [a].[LockoutEnd], [a].[NormalizedEmail], [a].[NormalizedUserName], [a].[PasswordHash], [a].[PhoneNumber], [a].[PhoneNumberConfirmed], [a].[SecurityStamp], [a].[TwoFactorEnabled], [a].[UpdatedAt], [a].[UserName]
FROM [AspNetUsers] AS [a]
WHERE [a].[NormalizedEmail] = @__normalizedEmail_0
2024-08-19 17:12:19.345 +05:30  DBG  Context 'EcommerceDbContext' started tracking 'User' entity. Consider using 'DbContextOptionsBuilder.EnableSensitiveDataLogging' to see key values.
2024-08-19 17:12:19.371 +05:30  DBG  Closing data reader to 'Ecommerce' on server 'FGS-DSK-230\MSSQLSERVER2019'.
2024-08-19 17:12:19.373 +05:30  DBG  A data reader for 'Ecommerce' on server 'FGS-DSK-230\MSSQLSERVER2019' is being disposed after spending 43ms reading results.
2024-08-19 17:12:19.375 +05:30  DBG  Closing connection to database 'Ecommerce' on server 'FGS-DSK-230\MSSQLSERVER2019'.
2024-08-19 17:12:19.376 +05:30  DBG  Closed connection to database 'Ecommerce' on server 'FGS-DSK-230\MSSQLSERVER2019' (1ms).
2024-08-19 17:12:19.379 +05:30  DBG  'EcommerceDbContext' disposed.
2024-08-19 17:12:19.381 +05:30  DBG  Disposing connection to database 'Ecommerce' on server 'FGS-DSK-230\MSSQLSERVER2019'.
2024-08-19 17:12:19.384 +05:30  DBG  Disposed connection to database '' on server '' (3ms).
2024-08-19 17:12:19.389 +05:30  DBG  Hosting starting
2024-08-19 17:12:19.396 +05:30  DBG  Reading data from file 'C:\Users\arjun.hariprasad\AppData\Local\ASP.NET\DataProtection-Keys\key-36f6fa2d-df91-4e24-9271-a530e4737995.xml'.
2024-08-19 17:12:19.404 +05:30  DBG  Found key {36f6fa2d-df91-4e24-9271-a530e4737995}.
2024-08-19 17:12:19.412 +05:30  DBG  Considering key {36f6fa2d-df91-4e24-9271-a530e4737995} with expiration date 2024-10-20 08:26:28Z as default key.
2024-08-19 17:12:19.418 +05:30  DBG  Forwarded activator type request from Microsoft.AspNetCore.DataProtection.XmlEncryption.DpapiXmlDecryptor, Microsoft.AspNetCore.DataProtection, Version=8.0.0.0, Culture=neutral, PublicKeyToken=adb9793829ddae60 to Microsoft.AspNetCore.DataProtection.XmlEncryption.DpapiXmlDecryptor, Microsoft.AspNetCore.DataProtection, Culture=neutral, PublicKeyToken=adb9793829ddae60
2024-08-19 17:12:19.421 +05:30  DBG  Decrypting secret element using Windows DPAPI.
2024-08-19 17:12:19.422 +05:30  DBG  Forwarded activator type request from Microsoft.AspNetCore.DataProtection.AuthenticatedEncryption.ConfigurationModel.AuthenticatedEncryptorDescriptorDeserializer, Microsoft.AspNetCore.DataProtection, Version=8.0.0.0, Culture=neutral, PublicKeyToken=adb9793829ddae60 to Microsoft.AspNetCore.DataProtection.AuthenticatedEncryption.ConfigurationModel.AuthenticatedEncryptorDescriptorDeserializer, Microsoft.AspNetCore.DataProtection, Culture=neutral, PublicKeyToken=adb9793829ddae60
2024-08-19 17:12:19.425 +05:30  DBG  Opening CNG algorithm 'AES' from provider 'null' with chaining mode CBC.
2024-08-19 17:12:19.429 +05:30  DBG  Opening CNG algorithm 'SHA256' from provider 'null' with HMAC.
2024-08-19 17:12:19.433 +05:30  DBG  Using key {36f6fa2d-df91-4e24-9271-a530e4737995} as the default key.
2024-08-19 17:12:19.434 +05:30  DBG  Key ring with default key {36f6fa2d-df91-4e24-9271-a530e4737995} was loaded during application startup.
2024-08-19 17:12:19.586 +05:30  INF  Now listening on: https://localhost:7113
2024-08-19 17:12:19.587 +05:30  INF  Now listening on: http://localhost:5081
2024-08-19 17:12:19.588 +05:30  DBG  Loaded hosting startup assembly Web.Ecommerce
2024-08-19 17:12:19.588 +05:30  DBG  Loaded hosting startup assembly Microsoft.AspNetCore.Watch.BrowserRefresh
2024-08-19 17:12:19.589 +05:30  DBG  Loaded hosting startup assembly Microsoft.WebTools.BrowserLink.Net
2024-08-19 17:12:19.590 +05:30  INF  Application started. Press Ctrl+C to shut down.
2024-08-19 17:12:19.591 +05:30  INF  Hosting environment: Development
2024-08-19 17:12:19.591 +05:30  INF  Content root path: C:\Users\arjun.hariprasad\source\.NET\Ecommerce\EcommerceSolution\CodeBase\Src\Presentation\Web.Ecommerce
2024-08-19 17:12:19.593 +05:30  DBG  Hosting started
2024-08-19 17:12:19.767 +05:30  DBG  Connection id "0HN608FTQUAVV" received FIN.
2024-08-19 17:12:19.774 +05:30  DBG  Connection id "0HN608FTQUAVV" accepted.
2024-08-19 17:12:19.776 +05:30  DBG  Connection id "0HN608FTQUAVV" started.
2024-08-19 17:12:19.787 +05:30  DBG  Failed to authenticate HTTPS connection.System.IO.IOException: Received an unexpected EOF or 0 bytes from the transport stream.
   at System.Net.Security.SslStream.ReceiveHandshakeFrameAsync[TIOAdapter](CancellationToken cancellationToken)
   at System.Net.Security.SslStream.ForceAuthenticationAsync[TIOAdapter](Boolean receiveFirst, Byte[] reAuthenticationData, CancellationToken cancellationToken)
   at System.Net.Security.SslStream.ProcessAuthenticationWithTelemetryAsync(Boolean isAsync, CancellationToken cancellationToken)
   at Microsoft.AspNetCore.Server.Kestrel.Https.Internal.HttpsConnectionMiddleware.OnConnectionAsync(ConnectionContext context)

2024-08-19 17:12:19.806 +05:30  DBG  Connection id "0HN608FTQUAVV" stopped.
2024-08-19 17:12:19.809 +05:30  DBG  Connection id "0HN608FTQUAVV" sending FIN because: "The Socket transport's send loop completed gracefully."
2024-08-19 17:12:20.147 +05:30  DBG  Connection id "0HN608FTQUB00" accepted.
2024-08-19 17:12:20.149 +05:30  DBG  Connection id "0HN608FTQUB00" started.
2024-08-19 17:12:20.181 +05:30  DBG  Connection 0HN608FTQUB00 established using the following protocol: "Tls12"
2024-08-19 17:12:20.207 +05:30  VRB  Connection id "0HN608FTQUB00" sending "SETTINGS" frame for stream ID 0 with length 24 and flags "NONE".
2024-08-19 17:12:20.214 +05:30  VRB  Connection id "0HN608FTQUB00" sending "WINDOW_UPDATE" frame for stream ID 0 with length 4 and flags 0x0.
2024-08-19 17:12:20.216 +05:30  VRB  Connection id "0HN608FTQUB00" received "SETTINGS" frame for stream ID 0 with length 24 and flags "NONE".
2024-08-19 17:12:20.218 +05:30  VRB  Connection id "0HN608FTQUB00" sending "SETTINGS" frame for stream ID 0 with length 0 and flags "ACK".
2024-08-19 17:12:20.220 +05:30  VRB  Connection id "0HN608FTQUB00" received "WINDOW_UPDATE" frame for stream ID 0 with length 4 and flags 0x0.
2024-08-19 17:12:20.221 +05:30  VRB  Connection id "0HN608FTQUB00" received "HEADERS" frame for stream ID 1 with length 1214 and flags "END_STREAM, END_HEADERS, PRIORITY".
2024-08-19 17:12:20.241 +05:30  VRB  Connection id "0HN608FTQUB00" received "SETTINGS" frame for stream ID 0 with length 0 and flags "ACK".
2024-08-19 17:12:20.268 +05:30  INF  Request starting HTTP/2 GET https://localhost:7113/swagger/index.html - null null
2024-08-19 17:12:20.384 +05:30  DBG  Wildcard detected, all requests with hosts will be allowed.
2024-08-19 17:12:20.386 +05:30  VRB  All hosts are allowed.
2024-08-19 17:12:20.405 +05:30  DBG  No candidates found for the request path '/swagger/index.html'
2024-08-19 17:12:20.407 +05:30  DBG  Request did not match any endpoints
2024-08-19 17:12:20.506 +05:30  DBG  Response markup is scheduled to include Browser Link script injection.
2024-08-19 17:12:20.508 +05:30  DBG  Response markup is scheduled to include browser refresh script injection.
2024-08-19 17:12:20.511 +05:30  VRB  Connection id "0HN608FTQUB00" sending "HEADERS" frame for stream ID 1 with length 66 and flags "END_HEADERS".
2024-08-19 17:12:20.514 +05:30  VRB  Connection id "0HN608FTQUB00" sending "DATA" frame for stream ID 1 with length 698 and flags "NONE".
2024-08-19 17:12:20.514 +05:30  DBG  Response markup was updated to include Browser Link script injection.
2024-08-19 17:12:20.516 +05:30  VRB  Connection id "0HN608FTQUB00" sending "DATA" frame for stream ID 1 with length 438 and flags "NONE".
2024-08-19 17:12:20.517 +05:30  DBG  Response markup was updated to include browser refresh script injection.
2024-08-19 17:12:20.521 +05:30  VRB  Connection id "0HN608FTQUB00" sending "DATA" frame for stream ID 1 with length 0 and flags "END_STREAM".
2024-08-19 17:12:20.523 +05:30  INF  Request finished HTTP/2 GET https://localhost:7113/swagger/index.html - 200 null text/html;charset=utf-8 265.2541ms
2024-08-19 17:12:20.534 +05:30  VRB  Connection id "0HN608FTQUB00" received "HEADERS" frame for stream ID 3 with length 117 and flags "END_STREAM, END_HEADERS, PRIORITY".
2024-08-19 17:12:20.545 +05:30  VRB  Connection id "0HN608FTQUB00" received "HEADERS" frame for stream ID 5 with length 37 and flags "END_STREAM, END_HEADERS, PRIORITY".
2024-08-19 17:12:20.545 +05:30  INF  Request starting HTTP/2 GET https://localhost:7113/_framework/aspnetcore-browser-refresh.js - null null
2024-08-19 17:12:20.547 +05:30  VRB  Connection id "0HN608FTQUB00" received "HEADERS" frame for stream ID 7 with length 59 and flags "END_STREAM, END_HEADERS, PRIORITY".
2024-08-19 17:12:20.547 +05:30  INF  Request starting HTTP/2 GET https://localhost:7113/swagger/index.js - null null
2024-08-19 17:12:20.554 +05:30  INF  Request starting HTTP/2 GET https://localhost:7113/_vs/browserLink - null null
2024-08-19 17:12:20.556 +05:30  VRB  All hosts are allowed.
2024-08-19 17:12:20.559 +05:30  VRB  Connection id "0HN608FTQUB00" sending "HEADERS" frame for stream ID 3 with length 60 and flags "END_HEADERS".
2024-08-19 17:12:20.563 +05:30  VRB  Connection id "0HN608FTQUB00" sending "DATA" frame for stream ID 3 with length 13762 and flags "NONE".
2024-08-19 17:12:20.580 +05:30  DBG  No candidates found for the request path '/swagger/index.js'
2024-08-19 17:12:20.581 +05:30  DBG  Request did not match any endpoints
2024-08-19 17:12:20.582 +05:30  INF  Request finished HTTP/2 GET https://localhost:7113/_framework/aspnetcore-browser-refresh.js - 200 13762 application/javascript; charset=utf-8 37.5358ms
2024-08-19 17:12:20.582 +05:30  VRB  Connection id "0HN608FTQUB00" sending "DATA" frame for stream ID 3 with length 0 and flags "END_STREAM".
2024-08-19 17:12:20.589 +05:30  INF  Request finished HTTP/2 GET https://localhost:7113/swagger/index.js - 200 null application/javascript;charset=utf-8 40.6633ms
2024-08-19 17:12:20.597 +05:30  VRB  Connection id "0HN608FTQUB00" sending "HEADERS" frame for stream ID 5 with length 41 and flags "END_HEADERS".
2024-08-19 17:12:20.602 +05:30  VRB  Connection id "0HN608FTQUB00" sending "DATA" frame for stream ID 5 with length 3005 and flags "END_STREAM".
2024-08-19 17:12:20.605 +05:30  VRB  Connection id "0HN608FTQUB00" sending "HEADERS" frame for stream ID 7 with length 119 and flags "END_HEADERS".
2024-08-19 17:12:20.612 +05:30  VRB  Connection id "0HN608FTQUB00" sending "DATA" frame for stream ID 7 with length 9986 and flags "NONE".
2024-08-19 17:12:20.621 +05:30  VRB  Connection id "0HN608FTQUB00" sending "DATA" frame for stream ID 7 with length 10240 and flags "NONE".
2024-08-19 17:12:20.623 +05:30  VRB  Connection id "0HN608FTQUB00" sending "DATA" frame for stream ID 7 with length 10240 and flags "NONE".
2024-08-19 17:12:20.627 +05:30  VRB  Connection id "0HN608FTQUB00" sending "DATA" frame for stream ID 7 with length 10240 and flags "NONE".
2024-08-19 17:12:20.632 +05:30  VRB  Connection id "0HN608FTQUB00" sending "DATA" frame for stream ID 7 with length 10240 and flags "NONE".
2024-08-19 17:12:20.635 +05:30  VRB  Connection id "0HN608FTQUB00" sending "DATA" frame for stream ID 7 with length 10240 and flags "NONE".
2024-08-19 17:12:20.637 +05:30  VRB  Connection id "0HN608FTQUB00" sending "DATA" frame for stream ID 7 with length 10240 and flags "NONE".
2024-08-19 17:12:20.639 +05:30  VRB  Connection id "0HN608FTQUB00" sending "DATA" frame for stream ID 7 with length 10240 and flags "NONE".
2024-08-19 17:12:20.645 +05:30  VRB  Connection id "0HN608FTQUB00" sending "DATA" frame for stream ID 7 with length 10240 and flags "NONE".
2024-08-19 17:12:20.649 +05:30  VRB  Connection id "0HN608FTQUB00" sending "DATA" frame for stream ID 7 with length 10240 and flags "NONE".
2024-08-19 17:12:20.652 +05:30  VRB  Connection id "0HN608FTQUB00" sending "DATA" frame for stream ID 7 with length 10240 and flags "NONE".
2024-08-19 17:12:20.654 +05:30  VRB  Connection id "0HN608FTQUB00" sending "DATA" frame for stream ID 7 with length 10240 and flags "NONE".
2024-08-19 17:12:20.656 +05:30  VRB  Connection id "0HN608FTQUB00" sending "DATA" frame for stream ID 7 with length 10240 and flags "NONE".
2024-08-19 17:12:20.660 +05:30  VRB  Connection id "0HN608FTQUB00" sending "DATA" frame for stream ID 7 with length 10240 and flags "NONE".
2024-08-19 17:12:20.663 +05:30  VRB  Connection id "0HN608FTQUB00" sending "DATA" frame for stream ID 7 with length 10240 and flags "NONE".
2024-08-19 17:12:20.666 +05:30  VRB  Connection id "0HN608FTQUB00" sending "DATA" frame for stream ID 7 with length 160 and flags "NONE".
2024-08-19 17:12:20.666 +05:30  INF  Request finished HTTP/2 GET https://localhost:7113/_vs/browserLink - 200 null text/javascript; charset=UTF-8 114.1366ms
2024-08-19 17:12:20.667 +05:30  VRB  Connection id "0HN608FTQUB00" sending "DATA" frame for stream ID 7 with length 0 and flags "END_STREAM".
2024-08-19 17:12:20.766 +05:30  VRB  Connection id "0HN608FTQUB00" received "HEADERS" frame for stream ID 9 with length 76 and flags "END_STREAM, END_HEADERS, PRIORITY".
2024-08-19 17:12:20.770 +05:30  INF  Request starting HTTP/2 GET https://localhost:7113/swagger/v1/swagger.json - null null
2024-08-19 17:12:20.772 +05:30  VRB  All hosts are allowed.
2024-08-19 17:12:20.773 +05:30  DBG  No candidates found for the request path '/swagger/v1/swagger.json'
2024-08-19 17:12:20.774 +05:30  DBG  Request did not match any endpoints
2024-08-19 17:12:20.892 +05:30  VRB  Connection id "0HN608FTQUB00" sending "HEADERS" frame for stream ID 9 with length 35 and flags "END_HEADERS".
2024-08-19 17:12:20.896 +05:30  VRB  Connection id "0HN608FTQUB00" sending "DATA" frame for stream ID 9 with length 16384 and flags "NONE".
2024-08-19 17:12:20.897 +05:30  VRB  Connection id "0HN608FTQUB00" sending "DATA" frame for stream ID 9 with length 3566 and flags "NONE".
2024-08-19 17:12:20.900 +05:30  VRB  Connection id "0HN608FTQUB00" sending "DATA" frame for stream ID 9 with length 0 and flags "END_STREAM".
2024-08-19 17:12:20.900 +05:30  INF  Request finished HTTP/2 GET https://localhost:7113/swagger/v1/swagger.json - 200 null application/json;charset=utf-8 130.8736ms
2024-08-19 17:12:31.342 +05:30  VRB  Connection id "0HN608FTQUB00" received "HEADERS" frame for stream ID 11 with length 33 and flags "END_STREAM, END_HEADERS, PRIORITY".
2024-08-19 17:12:31.345 +05:30  VRB  Connection id "0HN608FTQUB00" received "PING" frame for stream ID 0 with length 8 and flags "NONE".
2024-08-19 17:12:31.346 +05:30  INF  Request starting HTTP/2 GET https://localhost:7113/api/Product - null null
2024-08-19 17:12:31.347 +05:30  VRB  Connection id "0HN608FTQUB00" sending "PING" frame for stream ID 0 with length 8 and flags "ACK".
2024-08-19 17:12:31.350 +05:30  VRB  All hosts are allowed.
2024-08-19 17:12:31.356 +05:30  DBG  1 candidate(s) found for the request path '/api/Product'
2024-08-19 17:12:31.363 +05:30  DBG  Endpoint 'Web.Ecommerce.Controllers.Seller.ProductController.GetAllProducts (Web.Ecommerce)' with route pattern 'api/Product' is valid for the request path '/api/Product'
2024-08-19 17:12:31.365 +05:30  DBG  Request matched endpoint 'Web.Ecommerce.Controllers.Seller.ProductController.GetAllProducts (Web.Ecommerce)'
2024-08-19 17:12:31.366 +05:30  VRB  The endpoint does not specify the IRequestSizeLimitMetadata.
2024-08-19 17:12:31.367 +05:30  DBG  Static files was skipped as the request already matched an endpoint.
2024-08-19 17:12:31.435 +05:30  DBG  AuthenticationScheme: Bearer was not authenticated.
2024-08-19 17:12:31.439 +05:30  DBG  AuthenticationScheme: Bearer was not authenticated.
2024-08-19 17:12:31.440 +05:30  DBG  Policy authentication schemes Bearer did not succeed
2024-08-19 17:12:31.445 +05:30  INF  Authorization failed. These requirements were not met:
DenyAnonymousAuthorizationRequirement: Requires an authenticated user.
2024-08-19 17:12:31.469 +05:30  INF  AuthenticationScheme: Bearer was challenged.
2024-08-19 17:12:31.469 +05:30  VRB  Connection id "0HN608FTQUB00" sending "HEADERS" frame for stream ID 11 with length 55 and flags "END_HEADERS".
2024-08-19 17:12:31.471 +05:30  INF  Request finished HTTP/2 GET https://localhost:7113/api/Product - 401 null application/json 125.3551ms
2024-08-19 17:12:31.473 +05:30  VRB  Connection id "0HN608FTQUB00" sending "DATA" frame for stream ID 11 with length 40 and flags "NONE".
2024-08-19 17:12:31.478 +05:30  VRB  Connection id "0HN608FTQUB00" sending "DATA" frame for stream ID 11 with length 0 and flags "END_STREAM".
2024-08-19 17:12:31.480 +05:30  VRB  Connection id "0HN608FTQUB00" received "WINDOW_UPDATE" frame for stream ID 0 with length 4 and flags 0x0.
2024-08-19 17:13:08.746 +05:30  VRB  Connection id "0HN608FTQUB00" received "HEADERS" frame for stream ID 13 with length 78 and flags "END_HEADERS, PRIORITY".
2024-08-19 17:13:08.756 +05:30  VRB  Connection id "0HN608FTQUB00" received "PING" frame for stream ID 0 with length 8 and flags "NONE".
2024-08-19 17:13:08.757 +05:30  INF  Request starting HTTP/2 POST https://localhost:7113/api/Account/Login - application/json 58
2024-08-19 17:13:08.761 +05:30  VRB  Connection id "0HN608FTQUB00" sending "PING" frame for stream ID 0 with length 8 and flags "ACK".
2024-08-19 17:13:08.764 +05:30  VRB  All hosts are allowed.
2024-08-19 17:13:08.766 +05:30  VRB  Connection id "0HN608FTQUB00" received "DATA" frame for stream ID 13 with length 58 and flags "END_STREAM".
2024-08-19 17:13:08.770 +05:30  DBG  1 candidate(s) found for the request path '/api/Account/Login'
2024-08-19 17:13:08.772 +05:30  DBG  Endpoint 'Web.Ecommerce.Controllers.Account.AccountController.Login (Web.Ecommerce)' with route pattern 'api/Account/Login' is valid for the request path '/api/Account/Login'
2024-08-19 17:13:08.773 +05:30  DBG  Request matched endpoint 'Web.Ecommerce.Controllers.Account.AccountController.Login (Web.Ecommerce)'
2024-08-19 17:13:08.781 +05:30  VRB  The endpoint does not specify the IRequestSizeLimitMetadata.
2024-08-19 17:13:08.782 +05:30  DBG  Static files was skipped as the request already matched an endpoint.
2024-08-19 17:13:08.783 +05:30  DBG  AuthenticationScheme: Bearer was not authenticated.
2024-08-19 17:13:08.785 +05:30  INF  Executing endpoint 'Web.Ecommerce.Controllers.Account.AccountController.Login (Web.Ecommerce)'
2024-08-19 17:13:08.808 +05:30  INF  Route matched with {action = "Login", controller = "Account"}. Executing controller action with signature System.Threading.Tasks.Task`1[Microsoft.AspNetCore.Mvc.IActionResult] Login(Application.Ecom.Authentication.Commands.LoginUser.LoginUserCommand) on controller Web.Ecommerce.Controllers.Account.AccountController (Web.Ecommerce).
2024-08-19 17:13:08.814 +05:30  DBG  Execution plan of authorization filters (in the following order): ["None"]
2024-08-19 17:13:08.815 +05:30  DBG  Execution plan of resource filters (in the following order): ["None"]
2024-08-19 17:13:08.816 +05:30  DBG  Execution plan of action filters (in the following order): ["Microsoft.AspNetCore.Mvc.ModelBinding.UnsupportedContentTypeFilter (Order: -3000)","Microsoft.AspNetCore.Mvc.Infrastructure.ModelStateInvalidFilter (Order: -2000)"]
2024-08-19 17:13:08.817 +05:30  DBG  Execution plan of exception filters (in the following order): ["None"]
2024-08-19 17:13:08.818 +05:30  DBG  Execution plan of result filters (in the following order): ["Microsoft.AspNetCore.Mvc.Infrastructure.ClientErrorResultFilter (Order: -2000)"]
2024-08-19 17:13:08.821 +05:30  DBG  Executing controller factory for controller Web.Ecommerce.Controllers.Account.AccountController (Web.Ecommerce)
2024-08-19 17:13:08.823 +05:30  DBG  Executed controller factory for controller Web.Ecommerce.Controllers.Account.AccountController (Web.Ecommerce)
2024-08-19 17:13:08.837 +05:30  DBG  Attempting to bind parameter 'command' of type 'Application.Ecom.Authentication.Commands.LoginUser.LoginUserCommand' ...
2024-08-19 17:13:08.842 +05:30  DBG  Attempting to bind parameter 'command' of type 'Application.Ecom.Authentication.Commands.LoginUser.LoginUserCommand' using the name '' in request data ...
2024-08-19 17:13:08.846 +05:30  DBG  Selected input formatter 'Microsoft.AspNetCore.Mvc.Formatters.SystemTextJsonInputFormatter' for content type 'application/json'.
2024-08-19 17:13:08.856 +05:30  DBG  Connection id "0HN608FTQUB00", Request id "0HN608FTQUB00:0000000D": started reading request body.
2024-08-19 17:13:08.858 +05:30  DBG  Connection id "0HN608FTQUB00", Request id "0HN608FTQUB00:0000000D": done reading request body.
2024-08-19 17:13:08.870 +05:30  DBG  JSON input formatter succeeded, deserializing to type 'Application.Ecom.Authentication.Commands.LoginUser.LoginUserCommand'
2024-08-19 17:13:08.872 +05:30  DBG  Done attempting to bind parameter 'command' of type 'Application.Ecom.Authentication.Commands.LoginUser.LoginUserCommand'.
2024-08-19 17:13:08.873 +05:30  DBG  Done attempting to bind parameter 'command' of type 'Application.Ecom.Authentication.Commands.LoginUser.LoginUserCommand'.
2024-08-19 17:13:08.876 +05:30  DBG  Attempting to validate the bound parameter 'command' of type 'Application.Ecom.Authentication.Commands.LoginUser.LoginUserCommand' ...
2024-08-19 17:13:08.885 +05:30  DBG  Done attempting to validate the bound parameter 'command' of type 'Application.Ecom.Authentication.Commands.LoginUser.LoginUserCommand'.
2024-08-19 17:13:08.888 +05:30  VRB  Action Filter: Before executing OnActionExecuting on filter Microsoft.AspNetCore.Mvc.ModelBinding.UnsupportedContentTypeFilter.
2024-08-19 17:13:08.889 +05:30  VRB  Action Filter: After executing OnActionExecuting on filter Microsoft.AspNetCore.Mvc.ModelBinding.UnsupportedContentTypeFilter.
2024-08-19 17:13:08.890 +05:30  VRB  Action Filter: Before executing OnActionExecuting on filter Microsoft.AspNetCore.Mvc.Infrastructure.ModelStateInvalidFilter.
2024-08-19 17:13:08.894 +05:30  VRB  Action Filter: After executing OnActionExecuting on filter Microsoft.AspNetCore.Mvc.Infrastructure.ModelStateInvalidFilter.
2024-08-19 17:13:08.899 +05:30  INF  Executing action method Web.Ecommerce.Controllers.Account.AccountController.Login (Web.Ecommerce) - Validation state: "Valid"
2024-08-19 17:13:08.901 +05:30  VRB  Executing action method Web.Ecommerce.Controllers.Account.AccountController.Login (Web.Ecommerce) with arguments (["Application.Ecom.Authentication.Commands.LoginUser.LoginUserCommand"])
2024-08-19 17:13:08.950 +05:30  DBG  Entity Framework Core 8.0.7 initialized 'EcommerceDbContext' using provider 'Microsoft.EntityFrameworkCore.SqlServer:8.0.7' with options: None
2024-08-19 17:13:08.954 +05:30  DBG  Creating DbConnection.
2024-08-19 17:13:08.955 +05:30  DBG  Created DbConnection. (1ms).
2024-08-19 17:13:08.955 +05:30  DBG  Opening connection to database 'Ecommerce' on server 'FGS-DSK-230\MSSQLSERVER2019'.
2024-08-19 17:13:08.957 +05:30  DBG  Opened connection to database 'Ecommerce' on server 'FGS-DSK-230\MSSQLSERVER2019'.
2024-08-19 17:13:08.958 +05:30  DBG  Creating DbCommand for 'ExecuteReader'.
2024-08-19 17:13:08.959 +05:30  DBG  Created DbCommand for 'ExecuteReader' (1ms).
2024-08-19 17:13:08.961 +05:30  DBG  Initialized DbCommand for 'ExecuteReader' (2ms).
2024-08-19 17:13:08.962 +05:30  DBG  Executing DbCommand [Parameters=[@__normalizedEmail_0='?' (Size = 256)], CommandType='"Text"', CommandTimeout='30']
SELECT TOP(2) [a].[Id], [a].[AccessFailedCount], [a].[ConcurrencyStamp], [a].[CreatedAt], [a].[Email], [a].[EmailConfirmed], [a].[IsDeleted], [a].[IsVerified], [a].[LockoutEnabled], [a].[LockoutEnd], [a].[NormalizedEmail], [a].[NormalizedUserName], [a].[PasswordHash], [a].[PhoneNumber], [a].[PhoneNumberConfirmed], [a].[SecurityStamp], [a].[TwoFactorEnabled], [a].[UpdatedAt], [a].[UserName]
FROM [AspNetUsers] AS [a]
WHERE [a].[NormalizedEmail] = @__normalizedEmail_0
2024-08-19 17:13:08.965 +05:30  INF  Executed DbCommand (3ms) [Parameters=[@__normalizedEmail_0='?' (Size = 256)], CommandType='"Text"', CommandTimeout='30']
SELECT TOP(2) [a].[Id], [a].[AccessFailedCount], [a].[ConcurrencyStamp], [a].[CreatedAt], [a].[Email], [a].[EmailConfirmed], [a].[IsDeleted], [a].[IsVerified], [a].[LockoutEnabled], [a].[LockoutEnd], [a].[NormalizedEmail], [a].[NormalizedUserName], [a].[PasswordHash], [a].[PhoneNumber], [a].[PhoneNumberConfirmed], [a].[SecurityStamp], [a].[TwoFactorEnabled], [a].[UpdatedAt], [a].[UserName]
FROM [AspNetUsers] AS [a]
WHERE [a].[NormalizedEmail] = @__normalizedEmail_0
2024-08-19 17:13:08.968 +05:30  DBG  Context 'EcommerceDbContext' started tracking 'User' entity. Consider using 'DbContextOptionsBuilder.EnableSensitiveDataLogging' to see key values.
2024-08-19 17:13:08.969 +05:30  DBG  Closing data reader to 'Ecommerce' on server 'FGS-DSK-230\MSSQLSERVER2019'.
2024-08-19 17:13:08.970 +05:30  DBG  A data reader for 'Ecommerce' on server 'FGS-DSK-230\MSSQLSERVER2019' is being disposed after spending 2ms reading results.
2024-08-19 17:13:08.972 +05:30  DBG  Closing connection to database 'Ecommerce' on server 'FGS-DSK-230\MSSQLSERVER2019'.
2024-08-19 17:13:08.973 +05:30  DBG  Closed connection to database 'Ecommerce' on server 'FGS-DSK-230\MSSQLSERVER2019' (1ms).
2024-08-19 17:13:09.137 +05:30  DBG  Compiling query expression: 
'DbSet<IdentityUserRole<Guid>>()
    .Join(
        inner: DbSet<IdentityRole<Guid>>(), 
        outerKeySelector: userRole => userRole.RoleId, 
        innerKeySelector: role => role.Id, 
        resultSelector: (userRole, role) => new { 
            userRole = userRole, 
            role = role
         })
    .Where(<>h__TransparentIdentifier0 => <>h__TransparentIdentifier0.userRole.UserId.Equals(__userId_0))
    .Select(<>h__TransparentIdentifier0 => <>h__TransparentIdentifier0.role.Name)'
2024-08-19 17:13:09.174 +05:30  DBG  Generated query execution expression: 
'queryContext => new SingleQueryingEnumerable<string>(
    (RelationalQueryContext)queryContext, 
    RelationalCommandCache.QueryExpression(
        Projection Mapping:
            EmptyProjectionMember -> 0
        SELECT a0.Name
        FROM AspNetUserRoles AS a
        INNER JOIN AspNetRoles AS a0 ON a.RoleId == a0.Id
        WHERE a.UserId == @__userId_0), 
    null, 
    Func<QueryContext, DbDataReader, ResultContext, SingleQueryResultCoordinator, string>, 
    Persistance.EcommerceDbContext, 
    False, 
    False, 
    True
)'
2024-08-19 17:13:09.185 +05:30  DBG  Opening connection to database 'Ecommerce' on server 'FGS-DSK-230\MSSQLSERVER2019'.
2024-08-19 17:13:09.186 +05:30  DBG  Opened connection to database 'Ecommerce' on server 'FGS-DSK-230\MSSQLSERVER2019'.
2024-08-19 17:13:09.187 +05:30  DBG  Creating DbCommand for 'ExecuteReader'.
2024-08-19 17:13:09.188 +05:30  DBG  Created DbCommand for 'ExecuteReader' (0ms).
2024-08-19 17:13:09.189 +05:30  DBG  Initialized DbCommand for 'ExecuteReader' (1ms).
2024-08-19 17:13:09.190 +05:30  DBG  Executing DbCommand [Parameters=[@__userId_0='?' (DbType = Guid)], CommandType='"Text"', CommandTimeout='30']
SELECT [a0].[Name]
FROM [AspNetUserRoles] AS [a]
INNER JOIN [AspNetRoles] AS [a0] ON [a].[RoleId] = [a0].[Id]
WHERE [a].[UserId] = @__userId_0
2024-08-19 17:13:09.202 +05:30  INF  Executed DbCommand (12ms) [Parameters=[@__userId_0='?' (DbType = Guid)], CommandType='"Text"', CommandTimeout='30']
SELECT [a0].[Name]
FROM [AspNetUserRoles] AS [a]
INNER JOIN [AspNetRoles] AS [a0] ON [a].[RoleId] = [a0].[Id]
WHERE [a].[UserId] = @__userId_0
2024-08-19 17:13:09.205 +05:30  DBG  Closing data reader to 'Ecommerce' on server 'FGS-DSK-230\MSSQLSERVER2019'.
2024-08-19 17:13:09.206 +05:30  DBG  A data reader for 'Ecommerce' on server 'FGS-DSK-230\MSSQLSERVER2019' is being disposed after spending 1ms reading results.
2024-08-19 17:13:09.208 +05:30  DBG  Closing connection to database 'Ecommerce' on server 'FGS-DSK-230\MSSQLSERVER2019'.
2024-08-19 17:13:09.213 +05:30  DBG  Closed connection to database 'Ecommerce' on server 'FGS-DSK-230\MSSQLSERVER2019' (5ms).
2024-08-19 17:13:09.253 +05:30  INF  Executed action method Web.Ecommerce.Controllers.Account.AccountController.Login (Web.Ecommerce), returned result Microsoft.AspNetCore.Mvc.OkObjectResult in 348.3098ms.
2024-08-19 17:13:09.255 +05:30  VRB  Action Filter: Before executing OnActionExecuted on filter Microsoft.AspNetCore.Mvc.Infrastructure.ModelStateInvalidFilter.
2024-08-19 17:13:09.257 +05:30  VRB  Action Filter: After executing OnActionExecuted on filter Microsoft.AspNetCore.Mvc.Infrastructure.ModelStateInvalidFilter.
2024-08-19 17:13:09.260 +05:30  VRB  Action Filter: Before executing OnActionExecuted on filter Microsoft.AspNetCore.Mvc.ModelBinding.UnsupportedContentTypeFilter.
2024-08-19 17:13:09.262 +05:30  VRB  Action Filter: After executing OnActionExecuted on filter Microsoft.AspNetCore.Mvc.ModelBinding.UnsupportedContentTypeFilter.
2024-08-19 17:13:09.264 +05:30  VRB  Result Filter: Before executing OnResultExecuting on filter Microsoft.AspNetCore.Mvc.Infrastructure.ClientErrorResultFilter.
2024-08-19 17:13:09.266 +05:30  VRB  Result Filter: After executing OnResultExecuting on filter Microsoft.AspNetCore.Mvc.Infrastructure.ClientErrorResultFilter.
2024-08-19 17:13:09.268 +05:30  VRB  Before executing action result Microsoft.AspNetCore.Mvc.OkObjectResult.
2024-08-19 17:13:09.270 +05:30  DBG  List of registered output formatters, in the following order: ["Microsoft.AspNetCore.Mvc.Formatters.HttpNoContentOutputFormatter","Microsoft.AspNetCore.Mvc.Formatters.StringOutputFormatter","Microsoft.AspNetCore.Mvc.Formatters.StreamOutputFormatter","Microsoft.AspNetCore.Mvc.Formatters.SystemTextJsonOutputFormatter"]
2024-08-19 17:13:09.272 +05:30  DBG  No information found on request to perform content negotiation.
2024-08-19 17:13:09.273 +05:30  DBG  Attempting to select an output formatter without using a content type as no explicit content types were specified for the response.
2024-08-19 17:13:09.275 +05:30  DBG  Attempting to select the first formatter in the output formatters list which can write the result.
2024-08-19 17:13:09.278 +05:30  DBG  Selected output formatter 'Microsoft.AspNetCore.Mvc.Formatters.SystemTextJsonOutputFormatter' and content type 'application/json' to write the response.
2024-08-19 17:13:09.283 +05:30  INF  Executing OkObjectResult, writing value of type '<>f__AnonymousType1`3[[System.String, System.Private.CoreLib, Version=8.0.0.0, Culture=neutral, PublicKeyToken=7cec85d7bea7798e],[System.String, System.Private.CoreLib, Version=8.0.0.0, Culture=neutral, PublicKeyToken=7cec85d7bea7798e],[System.String, System.Private.CoreLib, Version=8.0.0.0, Culture=neutral, PublicKeyToken=7cec85d7bea7798e]]'.
2024-08-19 17:13:09.289 +05:30  VRB  Connection id "0HN608FTQUB00" sending "HEADERS" frame for stream ID 13 with length 66 and flags "END_HEADERS".
2024-08-19 17:13:09.289 +05:30  VRB  After executing action result Microsoft.AspNetCore.Mvc.OkObjectResult.
2024-08-19 17:13:09.292 +05:30  VRB  Connection id "0HN608FTQUB00" sending "DATA" frame for stream ID 13 with length 603 and flags "NONE".
2024-08-19 17:13:09.295 +05:30  VRB  Result Filter: Before executing OnResultExecuted on filter Microsoft.AspNetCore.Mvc.Infrastructure.ClientErrorResultFilter.
2024-08-19 17:13:09.300 +05:30  VRB  Result Filter: After executing OnResultExecuted on filter Microsoft.AspNetCore.Mvc.Infrastructure.ClientErrorResultFilter.
2024-08-19 17:13:09.304 +05:30  INF  Executed action Web.Ecommerce.Controllers.Account.AccountController.Login (Web.Ecommerce) in 481.8648ms
2024-08-19 17:13:09.306 +05:30  INF  Executed endpoint 'Web.Ecommerce.Controllers.Account.AccountController.Login (Web.Ecommerce)'
2024-08-19 17:13:09.308 +05:30  VRB  Connection id "0HN608FTQUB00" sending "DATA" frame for stream ID 13 with length 0 and flags "END_STREAM".
2024-08-19 17:13:09.309 +05:30  DBG  'EcommerceDbContext' disposed.
2024-08-19 17:13:09.310 +05:30  VRB  Connection id "0HN608FTQUB00" received "WINDOW_UPDATE" frame for stream ID 0 with length 4 and flags 0x0.
2024-08-19 17:13:09.324 +05:30  DBG  Disposing connection to database 'Ecommerce' on server 'FGS-DSK-230\MSSQLSERVER2019'.
2024-08-19 17:13:09.328 +05:30  DBG  Disposed connection to database '' on server '' (3ms).
2024-08-19 17:13:09.331 +05:30  INF  Request finished HTTP/2 POST https://localhost:7113/api/Account/Login - 200 null application/json; charset=utf-8 574.2603ms
2024-08-19 17:13:42.720 +05:30  VRB  Connection id "0HN608FTQUB00" received "HEADERS" frame for stream ID 15 with length 252 and flags "END_STREAM, END_HEADERS, PRIORITY".
2024-08-19 17:13:42.723 +05:30  VRB  Connection id "0HN608FTQUB00" received "PING" frame for stream ID 0 with length 8 and flags "NONE".
2024-08-19 17:13:42.723 +05:30  INF  Request starting HTTP/2 GET https://localhost:7113/api/Product - null null
2024-08-19 17:13:42.726 +05:30  VRB  Connection id "0HN608FTQUB00" sending "PING" frame for stream ID 0 with length 8 and flags "ACK".
2024-08-19 17:13:42.732 +05:30  VRB  All hosts are allowed.
2024-08-19 17:13:42.738 +05:30  DBG  1 candidate(s) found for the request path '/api/Product'
2024-08-19 17:13:42.739 +05:30  DBG  Endpoint 'Web.Ecommerce.Controllers.Seller.ProductController.GetAllProducts (Web.Ecommerce)' with route pattern 'api/Product' is valid for the request path '/api/Product'
2024-08-19 17:13:42.740 +05:30  DBG  Request matched endpoint 'Web.Ecommerce.Controllers.Seller.ProductController.GetAllProducts (Web.Ecommerce)'
2024-08-19 17:13:42.742 +05:30  VRB  The endpoint does not specify the IRequestSizeLimitMetadata.
2024-08-19 17:13:42.747 +05:30  DBG  Static files was skipped as the request already matched an endpoint.
2024-08-19 17:13:42.793 +05:30  DBG  Successfully validated the token.
2024-08-19 17:13:42.796 +05:30  DBG  AuthenticationScheme: Bearer was successfully authenticated.
2024-08-19 17:13:42.797 +05:30  DBG  AuthenticationScheme: Bearer was successfully authenticated.
2024-08-19 17:13:42.799 +05:30  DBG  Authorization was successful.
2024-08-19 17:13:42.799 +05:30  INF  Executing endpoint 'Web.Ecommerce.Controllers.Seller.ProductController.GetAllProducts (Web.Ecommerce)'
2024-08-19 17:13:42.803 +05:30  INF  Route matched with {action = "GetAllProducts", controller = "Product"}. Executing controller action with signature System.Threading.Tasks.Task`1[Microsoft.AspNetCore.Mvc.IActionResult] GetAllProducts() on controller Web.Ecommerce.Controllers.Seller.ProductController (Web.Ecommerce).
2024-08-19 17:13:42.805 +05:30  DBG  Execution plan of authorization filters (in the following order): ["None"]
2024-08-19 17:13:42.806 +05:30  DBG  Execution plan of resource filters (in the following order): ["None"]
2024-08-19 17:13:42.807 +05:30  DBG  Execution plan of action filters (in the following order): ["Microsoft.AspNetCore.Mvc.ModelBinding.UnsupportedContentTypeFilter (Order: -3000)","Microsoft.AspNetCore.Mvc.Infrastructure.ModelStateInvalidFilter (Order: -2000)"]
2024-08-19 17:13:42.813 +05:30  DBG  Execution plan of exception filters (in the following order): ["None"]
2024-08-19 17:13:42.814 +05:30  DBG  Execution plan of result filters (in the following order): ["Microsoft.AspNetCore.Mvc.Infrastructure.ClientErrorResultFilter (Order: -2000)"]
2024-08-19 17:13:42.815 +05:30  DBG  Executing controller factory for controller Web.Ecommerce.Controllers.Seller.ProductController (Web.Ecommerce)
2024-08-19 17:13:42.817 +05:30  DBG  Executed controller factory for controller Web.Ecommerce.Controllers.Seller.ProductController (Web.Ecommerce)
2024-08-19 17:13:42.818 +05:30  VRB  Action Filter: Before executing OnActionExecuting on filter Microsoft.AspNetCore.Mvc.ModelBinding.UnsupportedContentTypeFilter.
2024-08-19 17:13:42.820 +05:30  VRB  Action Filter: After executing OnActionExecuting on filter Microsoft.AspNetCore.Mvc.ModelBinding.UnsupportedContentTypeFilter.
2024-08-19 17:13:42.821 +05:30  VRB  Action Filter: Before executing OnActionExecuting on filter Microsoft.AspNetCore.Mvc.Infrastructure.ModelStateInvalidFilter.
2024-08-19 17:13:42.822 +05:30  VRB  Action Filter: After executing OnActionExecuting on filter Microsoft.AspNetCore.Mvc.Infrastructure.ModelStateInvalidFilter.
2024-08-19 17:13:42.824 +05:30  INF  Executing action method Web.Ecommerce.Controllers.Seller.ProductController.GetAllProducts (Web.Ecommerce) - Validation state: "Valid"
2024-08-19 17:13:42.844 +05:30  DBG  Entity Framework Core 8.0.7 initialized 'EcommerceDbContext' using provider 'Microsoft.EntityFrameworkCore.SqlServer:8.0.7' with options: None
2024-08-19 17:13:42.849 +05:30  DBG  Compiling query expression: 
'DbSet<Product>()
    .Select(p => new ProductDto{ 
        ProductId = p.ProductId, 
        Name = p.Name, 
        Description = p.Description, 
        Category = p.Category, 
        Price = p.Price, 
        Quantity = p.Quantity, 
        SellerId = p.SellerId 
    }
    )'
2024-08-19 17:13:42.859 +05:30  DBG  Generated query execution expression: 
'queryContext => new SingleQueryingEnumerable<ProductDto>(
    (RelationalQueryContext)queryContext, 
    RelationalCommandCache.QueryExpression(
        Projection Mapping:
            ProductId -> 0
            Name -> 1
            Description -> 2
            Category -> 3
            Price -> 4
            Quantity -> 5
            SellerId -> 6
        SELECT p.ProductId, p.Name, p.Description, p.Category, p.Price, p.Quantity, p.SellerId
        FROM Products AS p), 
    null, 
    Func<QueryContext, DbDataReader, ResultContext, SingleQueryResultCoordinator, ProductDto>, 
    Persistance.EcommerceDbContext, 
    False, 
    False, 
    True
)'
2024-08-19 17:13:42.865 +05:30  DBG  Creating DbConnection.
2024-08-19 17:13:42.865 +05:30  DBG  Created DbConnection. (0ms).
2024-08-19 17:13:42.866 +05:30  DBG  Opening connection to database 'Ecommerce' on server 'FGS-DSK-230\MSSQLSERVER2019'.
2024-08-19 17:13:42.867 +05:30  DBG  Opened connection to database 'Ecommerce' on server 'FGS-DSK-230\MSSQLSERVER2019'.
2024-08-19 17:13:42.868 +05:30  DBG  Creating DbCommand for 'ExecuteReader'.
2024-08-19 17:13:42.869 +05:30  DBG  Created DbCommand for 'ExecuteReader' (0ms).
2024-08-19 17:13:42.870 +05:30  DBG  Initialized DbCommand for 'ExecuteReader' (1ms).
2024-08-19 17:13:42.871 +05:30  DBG  Executing DbCommand [Parameters=[], CommandType='"Text"', CommandTimeout='30']
SELECT [p].[ProductId], [p].[Name], [p].[Description], [p].[Category], [p].[Price], [p].[Quantity], [p].[SellerId]
FROM [Products] AS [p]
2024-08-19 17:13:42.877 +05:30  INF  Executed DbCommand (6ms) [Parameters=[], CommandType='"Text"', CommandTimeout='30']
SELECT [p].[ProductId], [p].[Name], [p].[Description], [p].[Category], [p].[Price], [p].[Quantity], [p].[SellerId]
FROM [Products] AS [p]
2024-08-19 17:13:42.882 +05:30  DBG  Closing data reader to 'Ecommerce' on server 'FGS-DSK-230\MSSQLSERVER2019'.
2024-08-19 17:13:42.883 +05:30  DBG  A data reader for 'Ecommerce' on server 'FGS-DSK-230\MSSQLSERVER2019' is being disposed after spending 2ms reading results.
2024-08-19 17:13:42.884 +05:30  DBG  Closing connection to database 'Ecommerce' on server 'FGS-DSK-230\MSSQLSERVER2019'.
2024-08-19 17:13:42.885 +05:30  DBG  Closed connection to database 'Ecommerce' on server 'FGS-DSK-230\MSSQLSERVER2019' (1ms).
2024-08-19 17:13:42.887 +05:30  INF  Executed action method Web.Ecommerce.Controllers.Seller.ProductController.GetAllProducts (Web.Ecommerce), returned result Microsoft.AspNetCore.Mvc.OkObjectResult in 58.7077ms.
2024-08-19 17:13:42.888 +05:30  VRB  Action Filter: Before executing OnActionExecuted on filter Microsoft.AspNetCore.Mvc.Infrastructure.ModelStateInvalidFilter.
2024-08-19 17:13:42.890 +05:30  VRB  Action Filter: After executing OnActionExecuted on filter Microsoft.AspNetCore.Mvc.Infrastructure.ModelStateInvalidFilter.
2024-08-19 17:13:42.895 +05:30  VRB  Action Filter: Before executing OnActionExecuted on filter Microsoft.AspNetCore.Mvc.ModelBinding.UnsupportedContentTypeFilter.
2024-08-19 17:13:42.898 +05:30  VRB  Action Filter: After executing OnActionExecuted on filter Microsoft.AspNetCore.Mvc.ModelBinding.UnsupportedContentTypeFilter.
2024-08-19 17:13:42.901 +05:30  VRB  Result Filter: Before executing OnResultExecuting on filter Microsoft.AspNetCore.Mvc.Infrastructure.ClientErrorResultFilter.
2024-08-19 17:13:42.902 +05:30  VRB  Result Filter: After executing OnResultExecuting on filter Microsoft.AspNetCore.Mvc.Infrastructure.ClientErrorResultFilter.
2024-08-19 17:13:42.904 +05:30  VRB  Before executing action result Microsoft.AspNetCore.Mvc.OkObjectResult.
2024-08-19 17:13:42.905 +05:30  DBG  List of registered output formatters, in the following order: ["Microsoft.AspNetCore.Mvc.Formatters.HttpNoContentOutputFormatter","Microsoft.AspNetCore.Mvc.Formatters.StringOutputFormatter","Microsoft.AspNetCore.Mvc.Formatters.StreamOutputFormatter","Microsoft.AspNetCore.Mvc.Formatters.SystemTextJsonOutputFormatter"]
2024-08-19 17:13:42.907 +05:30  DBG  No information found on request to perform content negotiation.
2024-08-19 17:13:42.912 +05:30  DBG  Attempting to select an output formatter without using a content type as no explicit content types were specified for the response.
2024-08-19 17:13:42.914 +05:30  DBG  Attempting to select the first formatter in the output formatters list which can write the result.
2024-08-19 17:13:42.915 +05:30  DBG  Selected output formatter 'Microsoft.AspNetCore.Mvc.Formatters.SystemTextJsonOutputFormatter' and content type 'application/json' to write the response.
2024-08-19 17:13:42.916 +05:30  INF  Executing OkObjectResult, writing value of type 'System.Collections.Generic.List`1[[Application.Ecom.Dtos.ProductDto, Application.Ecom, Version=1.0.0.0, Culture=neutral, PublicKeyToken=null]]'.
2024-08-19 17:13:42.936 +05:30  VRB  After executing action result Microsoft.AspNetCore.Mvc.OkObjectResult.
2024-08-19 17:13:42.936 +05:30  VRB  Connection id "0HN608FTQUB00" sending "HEADERS" frame for stream ID 15 with length 34 and flags "END_HEADERS".
2024-08-19 17:13:42.937 +05:30  VRB  Result Filter: Before executing OnResultExecuted on filter Microsoft.AspNetCore.Mvc.Infrastructure.ClientErrorResultFilter.
2024-08-19 17:13:42.939 +05:30  VRB  Connection id "0HN608FTQUB00" sending "DATA" frame for stream ID 15 with length 923 and flags "NONE".
2024-08-19 17:13:42.941 +05:30  VRB  Result Filter: After executing OnResultExecuted on filter Microsoft.AspNetCore.Mvc.Infrastructure.ClientErrorResultFilter.
2024-08-19 17:13:42.946 +05:30  INF  Executed action Web.Ecommerce.Controllers.Seller.ProductController.GetAllProducts (Web.Ecommerce) in 130.624ms
2024-08-19 17:13:42.949 +05:30  VRB  Connection id "0HN608FTQUB00" received "WINDOW_UPDATE" frame for stream ID 0 with length 4 and flags 0x0.
2024-08-19 17:13:42.950 +05:30  INF  Executed endpoint 'Web.Ecommerce.Controllers.Seller.ProductController.GetAllProducts (Web.Ecommerce)'
2024-08-19 17:13:42.953 +05:30  VRB  Connection id "0HN608FTQUB00" sending "DATA" frame for stream ID 15 with length 0 and flags "END_STREAM".
2024-08-19 17:13:42.953 +05:30  DBG  'EcommerceDbContext' disposed.
2024-08-19 17:13:42.955 +05:30  DBG  Disposing connection to database 'Ecommerce' on server 'FGS-DSK-230\MSSQLSERVER2019'.
2024-08-19 17:13:42.956 +05:30  DBG  Disposed connection to database '' on server '' (1ms).
2024-08-19 17:13:42.957 +05:30  INF  Request finished HTTP/2 GET https://localhost:7113/api/Product - 200 null application/json; charset=utf-8 233.8859ms
2024-08-19 17:14:38.315 +05:30  DBG  Connection id "0HN608FTQUB00" received FIN.
2024-08-19 17:14:38.320 +05:30  DBG  Connection id "0HN608FTQUB00" is closed. The last processed stream ID was 15.
2024-08-19 17:14:38.324 +05:30  DBG  Connection id "0HN608FTQUB00" sending FIN because: "The Socket transport's send loop completed gracefully."
2024-08-19 17:14:38.327 +05:30  DBG  The connection queue processing loop for 0HN608FTQUB00 completed.
2024-08-19 17:14:38.328 +05:30  DBG  Connection id "0HN608FTQUB00" stopped.
2024-08-19 17:26:03.169 +05:30  DBG  Connection id "0HN608FTQUB01" accepted.
2024-08-19 17:26:03.173 +05:30  DBG  Connection id "0HN608FTQUB01" started.
2024-08-19 17:26:03.190 +05:30  DBG  Connection 0HN608FTQUB01 established using the following protocol: "Tls12"
2024-08-19 17:26:03.196 +05:30  VRB  Connection id "0HN608FTQUB01" sending "SETTINGS" frame for stream ID 0 with length 24 and flags "NONE".
2024-08-19 17:26:03.200 +05:30  VRB  Connection id "0HN608FTQUB01" sending "WINDOW_UPDATE" frame for stream ID 0 with length 4 and flags 0x0.
2024-08-19 17:26:03.202 +05:30  VRB  Connection id "0HN608FTQUB01" received "SETTINGS" frame for stream ID 0 with length 24 and flags "NONE".
2024-08-19 17:26:03.205 +05:30  VRB  Connection id "0HN608FTQUB01" sending "SETTINGS" frame for stream ID 0 with length 0 and flags "ACK".
2024-08-19 17:26:03.206 +05:30  VRB  Connection id "0HN608FTQUB01" received "WINDOW_UPDATE" frame for stream ID 0 with length 4 and flags 0x0.
2024-08-19 17:26:03.208 +05:30  VRB  Connection id "0HN608FTQUB01" received "HEADERS" frame for stream ID 1 with length 1351 and flags "END_STREAM, END_HEADERS, PRIORITY".
2024-08-19 17:26:03.210 +05:30  VRB  Connection id "0HN608FTQUB01" received "SETTINGS" frame for stream ID 0 with length 0 and flags "ACK".
2024-08-19 17:26:03.210 +05:30  INF  Request starting HTTP/2 GET https://localhost:7113/api/Product/e2049003-75a6-4076-9e33-33e8d23950e6 - null null
2024-08-19 17:26:03.217 +05:30  VRB  All hosts are allowed.
2024-08-19 17:26:03.218 +05:30  DBG  1 candidate(s) found for the request path '/api/Product/e2049003-75a6-4076-9e33-33e8d23950e6'
2024-08-19 17:26:03.219 +05:30  DBG  Endpoint 'Web.Ecommerce.Controllers.Seller.ProductController.GetProductById (Web.Ecommerce)' with route pattern 'api/Product/{id}' is valid for the request path '/api/Product/e2049003-75a6-4076-9e33-33e8d23950e6'
2024-08-19 17:26:03.220 +05:30  DBG  Request matched endpoint 'Web.Ecommerce.Controllers.Seller.ProductController.GetProductById (Web.Ecommerce)'
2024-08-19 17:26:03.221 +05:30  VRB  The endpoint does not specify the IRequestSizeLimitMetadata.
2024-08-19 17:26:03.222 +05:30  DBG  Static files was skipped as the request already matched an endpoint.
2024-08-19 17:26:03.223 +05:30  DBG  Successfully validated the token.
2024-08-19 17:26:03.223 +05:30  DBG  AuthenticationScheme: Bearer was successfully authenticated.
2024-08-19 17:26:03.225 +05:30  DBG  AuthenticationScheme: Bearer was successfully authenticated.
2024-08-19 17:26:03.226 +05:30  DBG  Authorization was successful.
2024-08-19 17:26:03.226 +05:30  INF  Executing endpoint 'Web.Ecommerce.Controllers.Seller.ProductController.GetProductById (Web.Ecommerce)'
2024-08-19 17:26:03.233 +05:30  INF  Route matched with {action = "GetProductById", controller = "Product"}. Executing controller action with signature System.Threading.Tasks.Task`1[Microsoft.AspNetCore.Mvc.IActionResult] GetProductById(System.Guid) on controller Web.Ecommerce.Controllers.Seller.ProductController (Web.Ecommerce).
2024-08-19 17:26:03.236 +05:30  DBG  Execution plan of authorization filters (in the following order): ["None"]
2024-08-19 17:26:03.237 +05:30  DBG  Execution plan of resource filters (in the following order): ["None"]
2024-08-19 17:26:03.238 +05:30  DBG  Execution plan of action filters (in the following order): ["Microsoft.AspNetCore.Mvc.ModelBinding.UnsupportedContentTypeFilter (Order: -3000)","Microsoft.AspNetCore.Mvc.Infrastructure.ModelStateInvalidFilter (Order: -2000)"]
2024-08-19 17:26:03.240 +05:30  DBG  Execution plan of exception filters (in the following order): ["None"]
2024-08-19 17:26:03.241 +05:30  DBG  Execution plan of result filters (in the following order): ["Microsoft.AspNetCore.Mvc.Infrastructure.ClientErrorResultFilter (Order: -2000)"]
2024-08-19 17:26:03.243 +05:30  DBG  Executing controller factory for controller Web.Ecommerce.Controllers.Seller.ProductController (Web.Ecommerce)
2024-08-19 17:26:03.244 +05:30  DBG  Executed controller factory for controller Web.Ecommerce.Controllers.Seller.ProductController (Web.Ecommerce)
2024-08-19 17:26:03.246 +05:30  DBG  Attempting to bind parameter 'id' of type 'System.Guid' ...
2024-08-19 17:26:03.250 +05:30  DBG  Attempting to bind parameter 'id' of type 'System.Guid' using the name 'id' in request data ...
2024-08-19 17:26:03.252 +05:30  DBG  Done attempting to bind parameter 'id' of type 'System.Guid'.
2024-08-19 17:26:03.254 +05:30  DBG  Done attempting to bind parameter 'id' of type 'System.Guid'.
2024-08-19 17:26:03.255 +05:30  DBG  Attempting to validate the bound parameter 'id' of type 'System.Guid' ...
2024-08-19 17:26:03.256 +05:30  DBG  Done attempting to validate the bound parameter 'id' of type 'System.Guid'.
2024-08-19 17:26:03.257 +05:30  VRB  Action Filter: Before executing OnActionExecuting on filter Microsoft.AspNetCore.Mvc.ModelBinding.UnsupportedContentTypeFilter.
2024-08-19 17:26:03.258 +05:30  VRB  Action Filter: After executing OnActionExecuting on filter Microsoft.AspNetCore.Mvc.ModelBinding.UnsupportedContentTypeFilter.
2024-08-19 17:26:03.260 +05:30  VRB  Action Filter: Before executing OnActionExecuting on filter Microsoft.AspNetCore.Mvc.Infrastructure.ModelStateInvalidFilter.
2024-08-19 17:26:03.261 +05:30  VRB  Action Filter: After executing OnActionExecuting on filter Microsoft.AspNetCore.Mvc.Infrastructure.ModelStateInvalidFilter.
2024-08-19 17:26:03.262 +05:30  INF  Executing action method Web.Ecommerce.Controllers.Seller.ProductController.GetProductById (Web.Ecommerce) - Validation state: "Valid"
2024-08-19 17:26:03.266 +05:30  VRB  Executing action method Web.Ecommerce.Controllers.Seller.ProductController.GetProductById (Web.Ecommerce) with arguments (["e2049003-75a6-4076-9e33-33e8d23950e6"])
2024-08-19 17:26:03.271 +05:30  DBG  Entity Framework Core 8.0.7 initialized 'EcommerceDbContext' using provider 'Microsoft.EntityFrameworkCore.SqlServer:8.0.7' with options: None
2024-08-19 17:26:03.274 +05:30  DBG  Compiling query expression: 
'DbSet<Product>()
    .Where(p => p.ProductId == __request_ProductId_0)
    .Select(p => new ProductDto{ 
        ProductId = p.ProductId, 
        Name = p.Name, 
        Description = p.Description, 
        Category = p.Category, 
        Price = p.Price, 
        Quantity = p.Quantity, 
        SellerId = p.SellerId 
    }
    )
    .FirstOrDefault()'
2024-08-19 17:26:03.279 +05:30  DBG  Generated query execution expression: 
'queryContext => ShapedQueryCompilingExpressionVisitor.SingleOrDefaultAsync<ProductDto>(
    asyncEnumerable: new SingleQueryingEnumerable<ProductDto>(
        (RelationalQueryContext)queryContext, 
        RelationalCommandCache.QueryExpression(
            Projection Mapping:
                ProductId -> 0
                Name -> 1
                Description -> 2
                Category -> 3
                Price -> 4
                Quantity -> 5
                SellerId -> 6
            SELECT TOP(1) p.ProductId, p.Name, p.Description, p.Category, p.Price, p.Quantity, p.SellerId
            FROM Products AS p
            WHERE p.ProductId == @__request_ProductId_0), 
        null, 
        Func<QueryContext, DbDataReader, ResultContext, SingleQueryResultCoordinator, ProductDto>, 
        Persistance.EcommerceDbContext, 
        False, 
        False, 
        True
    ), 
    cancellationToken: queryContext.CancellationToken)'
2024-08-19 17:26:03.287 +05:30  DBG  Creating DbConnection.
2024-08-19 17:26:03.287 +05:30  DBG  Created DbConnection. (0ms).
2024-08-19 17:26:03.288 +05:30  DBG  Opening connection to database 'Ecommerce' on server 'FGS-DSK-230\MSSQLSERVER2019'.
2024-08-19 17:26:03.296 +05:30  DBG  Opened connection to database 'Ecommerce' on server 'FGS-DSK-230\MSSQLSERVER2019'.
2024-08-19 17:26:03.301 +05:30  DBG  Creating DbCommand for 'ExecuteReader'.
2024-08-19 17:26:03.302 +05:30  DBG  Created DbCommand for 'ExecuteReader' (1ms).
2024-08-19 17:26:03.303 +05:30  DBG  Initialized DbCommand for 'ExecuteReader' (2ms).
2024-08-19 17:26:03.304 +05:30  DBG  Executing DbCommand [Parameters=[@__request_ProductId_0='?' (DbType = Guid)], CommandType='"Text"', CommandTimeout='30']
SELECT TOP(1) [p].[ProductId], [p].[Name], [p].[Description], [p].[Category], [p].[Price], [p].[Quantity], [p].[SellerId]
FROM [Products] AS [p]
WHERE [p].[ProductId] = @__request_ProductId_0
2024-08-19 17:26:03.309 +05:30  INF  Executed DbCommand (5ms) [Parameters=[@__request_ProductId_0='?' (DbType = Guid)], CommandType='"Text"', CommandTimeout='30']
SELECT TOP(1) [p].[ProductId], [p].[Name], [p].[Description], [p].[Category], [p].[Price], [p].[Quantity], [p].[SellerId]
FROM [Products] AS [p]
WHERE [p].[ProductId] = @__request_ProductId_0
2024-08-19 17:26:03.312 +05:30  DBG  Closing data reader to 'Ecommerce' on server 'FGS-DSK-230\MSSQLSERVER2019'.
2024-08-19 17:26:03.317 +05:30  DBG  A data reader for 'Ecommerce' on server 'FGS-DSK-230\MSSQLSERVER2019' is being disposed after spending 4ms reading results.
2024-08-19 17:26:03.318 +05:30  DBG  Closing connection to database 'Ecommerce' on server 'FGS-DSK-230\MSSQLSERVER2019'.
2024-08-19 17:26:03.319 +05:30  DBG  Closed connection to database 'Ecommerce' on server 'FGS-DSK-230\MSSQLSERVER2019' (1ms).
2024-08-19 17:26:03.321 +05:30  INF  Executed action method Web.Ecommerce.Controllers.Seller.ProductController.GetProductById (Web.Ecommerce), returned result Microsoft.AspNetCore.Mvc.OkObjectResult in 52.8532ms.
2024-08-19 17:26:03.322 +05:30  VRB  Action Filter: Before executing OnActionExecuted on filter Microsoft.AspNetCore.Mvc.Infrastructure.ModelStateInvalidFilter.
2024-08-19 17:26:03.323 +05:30  VRB  Action Filter: After executing OnActionExecuted on filter Microsoft.AspNetCore.Mvc.Infrastructure.ModelStateInvalidFilter.
2024-08-19 17:26:03.324 +05:30  VRB  Action Filter: Before executing OnActionExecuted on filter Microsoft.AspNetCore.Mvc.ModelBinding.UnsupportedContentTypeFilter.
2024-08-19 17:26:03.326 +05:30  VRB  Action Filter: After executing OnActionExecuted on filter Microsoft.AspNetCore.Mvc.ModelBinding.UnsupportedContentTypeFilter.
2024-08-19 17:26:03.327 +05:30  VRB  Result Filter: Before executing OnResultExecuting on filter Microsoft.AspNetCore.Mvc.Infrastructure.ClientErrorResultFilter.
2024-08-19 17:26:03.328 +05:30  VRB  Result Filter: After executing OnResultExecuting on filter Microsoft.AspNetCore.Mvc.Infrastructure.ClientErrorResultFilter.
2024-08-19 17:26:03.330 +05:30  VRB  Before executing action result Microsoft.AspNetCore.Mvc.OkObjectResult.
2024-08-19 17:26:03.333 +05:30  DBG  List of registered output formatters, in the following order: ["Microsoft.AspNetCore.Mvc.Formatters.HttpNoContentOutputFormatter","Microsoft.AspNetCore.Mvc.Formatters.StringOutputFormatter","Microsoft.AspNetCore.Mvc.Formatters.StreamOutputFormatter","Microsoft.AspNetCore.Mvc.Formatters.SystemTextJsonOutputFormatter"]
2024-08-19 17:26:03.335 +05:30  DBG  No information found on request to perform content negotiation.
2024-08-19 17:26:03.336 +05:30  DBG  Attempting to select an output formatter without using a content type as no explicit content types were specified for the response.
2024-08-19 17:26:03.336 +05:30  DBG  Attempting to select the first formatter in the output formatters list which can write the result.
2024-08-19 17:26:03.337 +05:30  DBG  Selected output formatter 'Microsoft.AspNetCore.Mvc.Formatters.SystemTextJsonOutputFormatter' and content type 'application/json' to write the response.
2024-08-19 17:26:03.339 +05:30  INF  Executing OkObjectResult, writing value of type 'Application.Ecom.Dtos.ProductDto'.
2024-08-19 17:26:03.340 +05:30  VRB  After executing action result Microsoft.AspNetCore.Mvc.OkObjectResult.
2024-08-19 17:26:03.340 +05:30  VRB  Connection id "0HN608FTQUB01" sending "HEADERS" frame for stream ID 1 with length 74 and flags "END_HEADERS".
2024-08-19 17:26:03.340 +05:30  VRB  Result Filter: Before executing OnResultExecuted on filter Microsoft.AspNetCore.Mvc.Infrastructure.ClientErrorResultFilter.
2024-08-19 17:26:03.342 +05:30  VRB  Connection id "0HN608FTQUB01" sending "DATA" frame for stream ID 1 with length 239 and flags "NONE".
2024-08-19 17:26:03.344 +05:30  VRB  Result Filter: After executing OnResultExecuted on filter Microsoft.AspNetCore.Mvc.Infrastructure.ClientErrorResultFilter.
2024-08-19 17:26:03.352 +05:30  INF  Executed action Web.Ecommerce.Controllers.Seller.ProductController.GetProductById (Web.Ecommerce) in 109.2386ms
2024-08-19 17:26:03.353 +05:30  INF  Executed endpoint 'Web.Ecommerce.Controllers.Seller.ProductController.GetProductById (Web.Ecommerce)'
2024-08-19 17:26:03.355 +05:30  VRB  Connection id "0HN608FTQUB01" sending "DATA" frame for stream ID 1 with length 0 and flags "END_STREAM".
2024-08-19 17:26:03.355 +05:30  DBG  'EcommerceDbContext' disposed.
2024-08-19 17:26:03.357 +05:30  DBG  Disposing connection to database 'Ecommerce' on server 'FGS-DSK-230\MSSQLSERVER2019'.
2024-08-19 17:26:03.359 +05:30  DBG  Disposed connection to database '' on server '' (1ms).
2024-08-19 17:26:03.360 +05:30  INF  Request finished HTTP/2 GET https://localhost:7113/api/Product/e2049003-75a6-4076-9e33-33e8d23950e6 - 200 null application/json; charset=utf-8 150.159ms
2024-08-19 17:32:38.273 +05:30  VRB  Connection id "0HN608FTQUB01" received "HEADERS" frame for stream ID 3 with length 194 and flags "END_STREAM, END_HEADERS, PRIORITY".
2024-08-19 17:32:38.275 +05:30  VRB  Connection id "0HN608FTQUB01" received "PING" frame for stream ID 0 with length 8 and flags "NONE".
2024-08-19 17:32:38.276 +05:30  INF  Request starting HTTP/2 GET https://localhost:7113/swagger/index.html - null null
2024-08-19 17:32:38.278 +05:30  VRB  Connection id "0HN608FTQUB01" sending "PING" frame for stream ID 0 with length 8 and flags "ACK".
2024-08-19 17:32:38.296 +05:30  VRB  All hosts are allowed.
2024-08-19 17:32:38.297 +05:30  DBG  No candidates found for the request path '/swagger/index.html'
2024-08-19 17:32:38.298 +05:30  DBG  Request did not match any endpoints
2024-08-19 17:32:38.299 +05:30  DBG  Response markup is scheduled to include Browser Link script injection.
2024-08-19 17:32:38.300 +05:30  DBG  Response markup is scheduled to include browser refresh script injection.
2024-08-19 17:32:38.300 +05:30  DBG  Response markup was updated to include Browser Link script injection.
2024-08-19 17:32:38.300 +05:30  VRB  Connection id "0HN608FTQUB01" sending "HEADERS" frame for stream ID 3 with length 58 and flags "END_HEADERS".
2024-08-19 17:32:38.301 +05:30  DBG  Response markup was updated to include browser refresh script injection.
2024-08-19 17:32:38.303 +05:30  VRB  Connection id "0HN608FTQUB01" sending "DATA" frame for stream ID 3 with length 1136 and flags "NONE".
2024-08-19 17:32:38.304 +05:30  INF  Request finished HTTP/2 GET https://localhost:7113/swagger/index.html - 200 null text/html;charset=utf-8 28.4598ms
2024-08-19 17:32:38.309 +05:30  VRB  Connection id "0HN608FTQUB01" sending "DATA" frame for stream ID 3 with length 0 and flags "END_STREAM".
2024-08-19 17:32:38.311 +05:30  VRB  Connection id "0HN608FTQUB01" received "WINDOW_UPDATE" frame for stream ID 0 with length 4 and flags 0x0.
2024-08-19 17:32:38.317 +05:30  VRB  Connection id "0HN608FTQUB01" received "HEADERS" frame for stream ID 5 with length 55 and flags "END_STREAM, END_HEADERS, PRIORITY".
2024-08-19 17:32:38.320 +05:30  VRB  Connection id "0HN608FTQUB01" received "HEADERS" frame for stream ID 7 with length 54 and flags "END_STREAM, END_HEADERS, PRIORITY".
2024-08-19 17:32:38.320 +05:30  INF  Request starting HTTP/2 GET https://localhost:7113/swagger/index.js - null null
2024-08-19 17:32:38.322 +05:30  VRB  Connection id "0HN608FTQUB01" received "HEADERS" frame for stream ID 9 with length 59 and flags "END_STREAM, END_HEADERS, PRIORITY".
2024-08-19 17:32:38.322 +05:30  INF  Request starting HTTP/2 GET https://localhost:7113/_framework/aspnetcore-browser-refresh.js - null null
2024-08-19 17:32:38.327 +05:30  VRB  All hosts are allowed.
2024-08-19 17:32:38.329 +05:30  DBG  No candidates found for the request path '/swagger/index.js'
2024-08-19 17:32:38.334 +05:30  VRB  Connection id "0HN608FTQUB01" sending "HEADERS" frame for stream ID 7 with length 60 and flags "END_HEADERS".
2024-08-19 17:32:38.336 +05:30  INF  Request starting HTTP/2 GET https://localhost:7113/_vs/browserLink - null null
2024-08-19 17:32:38.336 +05:30  DBG  Request did not match any endpoints
2024-08-19 17:32:38.338 +05:30  VRB  Connection id "0HN608FTQUB01" sending "DATA" frame for stream ID 7 with length 13762 and flags "NONE".
2024-08-19 17:32:38.347 +05:30  INF  Request finished HTTP/2 GET https://localhost:7113/swagger/index.js - 200 null application/javascript;charset=utf-8 27.4258ms
2024-08-19 17:32:38.349 +05:30  VRB  Connection id "0HN608FTQUB01" sending "HEADERS" frame for stream ID 5 with length 41 and flags "END_HEADERS".
2024-08-19 17:32:38.349 +05:30  INF  Request finished HTTP/2 GET https://localhost:7113/_framework/aspnetcore-browser-refresh.js - 200 13762 application/javascript; charset=utf-8 27.5496ms
2024-08-19 17:32:38.362 +05:30  VRB  Connection id "0HN608FTQUB01" sending "DATA" frame for stream ID 5 with length 3005 and flags "END_STREAM".
2024-08-19 17:32:38.364 +05:30  VRB  Connection id "0HN608FTQUB01" sending "DATA" frame for stream ID 7 with length 0 and flags "END_STREAM".
2024-08-19 17:32:38.366 +05:30  VRB  Connection id "0HN608FTQUB01" sending "HEADERS" frame for stream ID 9 with length 119 and flags "END_HEADERS".
2024-08-19 17:32:38.368 +05:30  VRB  Connection id "0HN608FTQUB01" sending "DATA" frame for stream ID 9 with length 9986 and flags "NONE".
2024-08-19 17:32:38.371 +05:30  VRB  Connection id "0HN608FTQUB01" sending "DATA" frame for stream ID 9 with length 10240 and flags "NONE".
2024-08-19 17:32:38.376 +05:30  VRB  Connection id "0HN608FTQUB01" sending "DATA" frame for stream ID 9 with length 10240 and flags "NONE".
2024-08-19 17:32:38.378 +05:30  VRB  Connection id "0HN608FTQUB01" sending "DATA" frame for stream ID 9 with length 10240 and flags "NONE".
2024-08-19 17:32:38.381 +05:30  VRB  Connection id "0HN608FTQUB01" sending "DATA" frame for stream ID 9 with length 10240 and flags "NONE".
2024-08-19 17:32:38.382 +05:30  VRB  Connection id "0HN608FTQUB01" sending "DATA" frame for stream ID 9 with length 10240 and flags "NONE".
2024-08-19 17:32:38.385 +05:30  VRB  Connection id "0HN608FTQUB01" sending "DATA" frame for stream ID 9 with length 10240 and flags "NONE".
2024-08-19 17:32:38.386 +05:30  VRB  Connection id "0HN608FTQUB01" sending "DATA" frame for stream ID 9 with length 10240 and flags "NONE".
2024-08-19 17:32:38.390 +05:30  VRB  Connection id "0HN608FTQUB01" sending "DATA" frame for stream ID 9 with length 10240 and flags "NONE".
2024-08-19 17:32:38.394 +05:30  VRB  Connection id "0HN608FTQUB01" sending "DATA" frame for stream ID 9 with length 10240 and flags "NONE".
2024-08-19 17:32:38.396 +05:30  VRB  Connection id "0HN608FTQUB01" sending "DATA" frame for stream ID 9 with length 10240 and flags "NONE".
2024-08-19 17:32:38.398 +05:30  VRB  Connection id "0HN608FTQUB01" sending "DATA" frame for stream ID 9 with length 10240 and flags "NONE".
2024-08-19 17:32:38.400 +05:30  VRB  Connection id "0HN608FTQUB01" sending "DATA" frame for stream ID 9 with length 10240 and flags "NONE".
2024-08-19 17:32:38.403 +05:30  VRB  Connection id "0HN608FTQUB01" sending "DATA" frame for stream ID 9 with length 10240 and flags "NONE".
2024-08-19 17:32:38.405 +05:30  VRB  Connection id "0HN608FTQUB01" sending "DATA" frame for stream ID 9 with length 10240 and flags "NONE".
2024-08-19 17:32:38.409 +05:30  VRB  Connection id "0HN608FTQUB01" sending "DATA" frame for stream ID 9 with length 160 and flags "NONE".
2024-08-19 17:32:38.409 +05:30  INF  Request finished HTTP/2 GET https://localhost:7113/_vs/browserLink - 200 null text/javascript; charset=UTF-8 73.9035ms
2024-08-19 17:32:38.411 +05:30  VRB  Connection id "0HN608FTQUB01" sending "DATA" frame for stream ID 9 with length 0 and flags "END_STREAM".
2024-08-19 17:32:38.523 +05:30  VRB  Connection id "0HN608FTQUB01" received "HEADERS" frame for stream ID 11 with length 58 and flags "END_STREAM, END_HEADERS, PRIORITY".
2024-08-19 17:32:38.526 +05:30  INF  Request starting HTTP/2 GET https://localhost:7113/swagger/v1/swagger.json - null null
2024-08-19 17:32:38.528 +05:30  VRB  All hosts are allowed.
2024-08-19 17:32:38.529 +05:30  DBG  No candidates found for the request path '/swagger/v1/swagger.json'
2024-08-19 17:32:38.530 +05:30  DBG  Request did not match any endpoints
2024-08-19 17:32:38.545 +05:30  VRB  Connection id "0HN608FTQUB01" sending "HEADERS" frame for stream ID 11 with length 35 and flags "END_HEADERS".
2024-08-19 17:32:38.547 +05:30  VRB  Connection id "0HN608FTQUB01" sending "DATA" frame for stream ID 11 with length 16384 and flags "NONE".
2024-08-19 17:32:38.549 +05:30  VRB  Connection id "0HN608FTQUB01" sending "DATA" frame for stream ID 11 with length 3566 and flags "NONE".
2024-08-19 17:32:38.551 +05:30  VRB  Connection id "0HN608FTQUB01" sending "DATA" frame for stream ID 11 with length 0 and flags "END_STREAM".
2024-08-19 17:32:38.551 +05:30  INF  Request finished HTTP/2 GET https://localhost:7113/swagger/v1/swagger.json - 200 null application/json;charset=utf-8 25.1137ms
2024-08-19 17:33:23.413 +05:30  VRB  Connection id "0HN608FTQUB01" received "HEADERS" frame for stream ID 13 with length 78 and flags "END_HEADERS, PRIORITY".
2024-08-19 17:33:23.415 +05:30  VRB  Connection id "0HN608FTQUB01" received "PING" frame for stream ID 0 with length 8 and flags "NONE".
2024-08-19 17:33:23.416 +05:30  INF  Request starting HTTP/2 POST https://localhost:7113/api/Account/Login - application/json 57
2024-08-19 17:33:23.418 +05:30  VRB  Connection id "0HN608FTQUB01" sending "PING" frame for stream ID 0 with length 8 and flags "ACK".
2024-08-19 17:33:23.420 +05:30  VRB  All hosts are allowed.
2024-08-19 17:33:23.424 +05:30  VRB  Connection id "0HN608FTQUB01" received "DATA" frame for stream ID 13 with length 57 and flags "END_STREAM".
2024-08-19 17:33:23.430 +05:30  DBG  1 candidate(s) found for the request path '/api/Account/Login'
2024-08-19 17:33:23.435 +05:30  DBG  Endpoint 'Web.Ecommerce.Controllers.Account.AccountController.Login (Web.Ecommerce)' with route pattern 'api/Account/Login' is valid for the request path '/api/Account/Login'
2024-08-19 17:33:23.436 +05:30  DBG  Request matched endpoint 'Web.Ecommerce.Controllers.Account.AccountController.Login (Web.Ecommerce)'
2024-08-19 17:33:23.437 +05:30  VRB  The endpoint does not specify the IRequestSizeLimitMetadata.
2024-08-19 17:33:23.438 +05:30  DBG  Static files was skipped as the request already matched an endpoint.
2024-08-19 17:33:23.441 +05:30  DBG  AuthenticationScheme: Bearer was not authenticated.
2024-08-19 17:33:23.443 +05:30  INF  Executing endpoint 'Web.Ecommerce.Controllers.Account.AccountController.Login (Web.Ecommerce)'
2024-08-19 17:33:23.456 +05:30  INF  Route matched with {action = "Login", controller = "Account"}. Executing controller action with signature System.Threading.Tasks.Task`1[Microsoft.AspNetCore.Mvc.IActionResult] Login(Application.Ecom.Authentication.Commands.LoginUser.LoginUserCommand) on controller Web.Ecommerce.Controllers.Account.AccountController (Web.Ecommerce).
2024-08-19 17:33:23.462 +05:30  DBG  Execution plan of authorization filters (in the following order): ["None"]
2024-08-19 17:33:23.463 +05:30  DBG  Execution plan of resource filters (in the following order): ["None"]
2024-08-19 17:33:23.464 +05:30  DBG  Execution plan of action filters (in the following order): ["Microsoft.AspNetCore.Mvc.ModelBinding.UnsupportedContentTypeFilter (Order: -3000)","Microsoft.AspNetCore.Mvc.Infrastructure.ModelStateInvalidFilter (Order: -2000)"]
2024-08-19 17:33:23.466 +05:30  DBG  Execution plan of exception filters (in the following order): ["None"]
2024-08-19 17:33:23.467 +05:30  DBG  Execution plan of result filters (in the following order): ["Microsoft.AspNetCore.Mvc.Infrastructure.ClientErrorResultFilter (Order: -2000)"]
2024-08-19 17:33:23.468 +05:30  DBG  Executing controller factory for controller Web.Ecommerce.Controllers.Account.AccountController (Web.Ecommerce)
2024-08-19 17:33:23.469 +05:30  DBG  Executed controller factory for controller Web.Ecommerce.Controllers.Account.AccountController (Web.Ecommerce)
2024-08-19 17:33:23.470 +05:30  DBG  Attempting to bind parameter 'command' of type 'Application.Ecom.Authentication.Commands.LoginUser.LoginUserCommand' ...
2024-08-19 17:33:23.474 +05:30  DBG  Attempting to bind parameter 'command' of type 'Application.Ecom.Authentication.Commands.LoginUser.LoginUserCommand' using the name '' in request data ...
2024-08-19 17:33:23.476 +05:30  DBG  Selected input formatter 'Microsoft.AspNetCore.Mvc.Formatters.SystemTextJsonInputFormatter' for content type 'application/json'.
2024-08-19 17:33:23.478 +05:30  DBG  Connection id "0HN608FTQUB01", Request id "0HN608FTQUB01:0000000D": started reading request body.
2024-08-19 17:33:23.479 +05:30  DBG  Connection id "0HN608FTQUB01", Request id "0HN608FTQUB01:0000000D": done reading request body.
2024-08-19 17:33:23.480 +05:30  DBG  JSON input formatter succeeded, deserializing to type 'Application.Ecom.Authentication.Commands.LoginUser.LoginUserCommand'
2024-08-19 17:33:23.481 +05:30  DBG  Done attempting to bind parameter 'command' of type 'Application.Ecom.Authentication.Commands.LoginUser.LoginUserCommand'.
2024-08-19 17:33:23.482 +05:30  DBG  Done attempting to bind parameter 'command' of type 'Application.Ecom.Authentication.Commands.LoginUser.LoginUserCommand'.
2024-08-19 17:33:23.483 +05:30  DBG  Attempting to validate the bound parameter 'command' of type 'Application.Ecom.Authentication.Commands.LoginUser.LoginUserCommand' ...
2024-08-19 17:33:23.485 +05:30  DBG  Done attempting to validate the bound parameter 'command' of type 'Application.Ecom.Authentication.Commands.LoginUser.LoginUserCommand'.
2024-08-19 17:33:23.486 +05:30  VRB  Action Filter: Before executing OnActionExecuting on filter Microsoft.AspNetCore.Mvc.ModelBinding.UnsupportedContentTypeFilter.
2024-08-19 17:33:23.488 +05:30  VRB  Action Filter: After executing OnActionExecuting on filter Microsoft.AspNetCore.Mvc.ModelBinding.UnsupportedContentTypeFilter.
2024-08-19 17:33:23.492 +05:30  VRB  Action Filter: Before executing OnActionExecuting on filter Microsoft.AspNetCore.Mvc.Infrastructure.ModelStateInvalidFilter.
2024-08-19 17:33:23.493 +05:30  VRB  Action Filter: After executing OnActionExecuting on filter Microsoft.AspNetCore.Mvc.Infrastructure.ModelStateInvalidFilter.
2024-08-19 17:33:23.495 +05:30  INF  Executing action method Web.Ecommerce.Controllers.Account.AccountController.Login (Web.Ecommerce) - Validation state: "Valid"
2024-08-19 17:33:23.496 +05:30  VRB  Executing action method Web.Ecommerce.Controllers.Account.AccountController.Login (Web.Ecommerce) with arguments (["Application.Ecom.Authentication.Commands.LoginUser.LoginUserCommand"])
2024-08-19 17:33:23.499 +05:30  DBG  Entity Framework Core 8.0.7 initialized 'EcommerceDbContext' using provider 'Microsoft.EntityFrameworkCore.SqlServer:8.0.7' with options: None
2024-08-19 17:33:23.501 +05:30  DBG  Creating DbConnection.
2024-08-19 17:33:23.501 +05:30  DBG  Created DbConnection. (0ms).
2024-08-19 17:33:23.502 +05:30  DBG  Opening connection to database 'Ecommerce' on server 'FGS-DSK-230\MSSQLSERVER2019'.
2024-08-19 17:33:23.511 +05:30  DBG  Opened connection to database 'Ecommerce' on server 'FGS-DSK-230\MSSQLSERVER2019'.
2024-08-19 17:33:23.514 +05:30  DBG  Creating DbCommand for 'ExecuteReader'.
2024-08-19 17:33:23.514 +05:30  DBG  Created DbCommand for 'ExecuteReader' (0ms).
2024-08-19 17:33:23.515 +05:30  DBG  Initialized DbCommand for 'ExecuteReader' (1ms).
2024-08-19 17:33:23.516 +05:30  DBG  Executing DbCommand [Parameters=[@__normalizedEmail_0='?' (Size = 256)], CommandType='"Text"', CommandTimeout='30']
SELECT TOP(2) [a].[Id], [a].[AccessFailedCount], [a].[ConcurrencyStamp], [a].[CreatedAt], [a].[Email], [a].[EmailConfirmed], [a].[IsDeleted], [a].[IsVerified], [a].[LockoutEnabled], [a].[LockoutEnd], [a].[NormalizedEmail], [a].[NormalizedUserName], [a].[PasswordHash], [a].[PhoneNumber], [a].[PhoneNumberConfirmed], [a].[SecurityStamp], [a].[TwoFactorEnabled], [a].[UpdatedAt], [a].[UserName]
FROM [AspNetUsers] AS [a]
WHERE [a].[NormalizedEmail] = @__normalizedEmail_0
2024-08-19 17:33:23.522 +05:30  INF  Executed DbCommand (5ms) [Parameters=[@__normalizedEmail_0='?' (Size = 256)], CommandType='"Text"', CommandTimeout='30']
SELECT TOP(2) [a].[Id], [a].[AccessFailedCount], [a].[ConcurrencyStamp], [a].[CreatedAt], [a].[Email], [a].[EmailConfirmed], [a].[IsDeleted], [a].[IsVerified], [a].[LockoutEnabled], [a].[LockoutEnd], [a].[NormalizedEmail], [a].[NormalizedUserName], [a].[PasswordHash], [a].[PhoneNumber], [a].[PhoneNumberConfirmed], [a].[SecurityStamp], [a].[TwoFactorEnabled], [a].[UpdatedAt], [a].[UserName]
FROM [AspNetUsers] AS [a]
WHERE [a].[NormalizedEmail] = @__normalizedEmail_0
2024-08-19 17:33:23.527 +05:30  DBG  Context 'EcommerceDbContext' started tracking 'User' entity. Consider using 'DbContextOptionsBuilder.EnableSensitiveDataLogging' to see key values.
2024-08-19 17:33:23.528 +05:30  DBG  Closing data reader to 'Ecommerce' on server 'FGS-DSK-230\MSSQLSERVER2019'.
2024-08-19 17:33:23.529 +05:30  DBG  A data reader for 'Ecommerce' on server 'FGS-DSK-230\MSSQLSERVER2019' is being disposed after spending 2ms reading results.
2024-08-19 17:33:23.530 +05:30  DBG  Closing connection to database 'Ecommerce' on server 'FGS-DSK-230\MSSQLSERVER2019'.
2024-08-19 17:33:23.531 +05:30  DBG  Closed connection to database 'Ecommerce' on server 'FGS-DSK-230\MSSQLSERVER2019' (1ms).
2024-08-19 17:33:23.604 +05:30  DBG  Opening connection to database 'Ecommerce' on server 'FGS-DSK-230\MSSQLSERVER2019'.
2024-08-19 17:33:23.606 +05:30  DBG  Opened connection to database 'Ecommerce' on server 'FGS-DSK-230\MSSQLSERVER2019'.
2024-08-19 17:33:23.607 +05:30  DBG  Creating DbCommand for 'ExecuteReader'.
2024-08-19 17:33:23.608 +05:30  DBG  Created DbCommand for 'ExecuteReader' (0ms).
2024-08-19 17:33:23.609 +05:30  DBG  Initialized DbCommand for 'ExecuteReader' (1ms).
2024-08-19 17:33:23.610 +05:30  DBG  Executing DbCommand [Parameters=[@__userId_0='?' (DbType = Guid)], CommandType='"Text"', CommandTimeout='30']
SELECT [a0].[Name]
FROM [AspNetUserRoles] AS [a]
INNER JOIN [AspNetRoles] AS [a0] ON [a].[RoleId] = [a0].[Id]
WHERE [a].[UserId] = @__userId_0
2024-08-19 17:33:23.620 +05:30  INF  Executed DbCommand (10ms) [Parameters=[@__userId_0='?' (DbType = Guid)], CommandType='"Text"', CommandTimeout='30']
SELECT [a0].[Name]
FROM [AspNetUserRoles] AS [a]
INNER JOIN [AspNetRoles] AS [a0] ON [a].[RoleId] = [a0].[Id]
WHERE [a].[UserId] = @__userId_0
2024-08-19 17:33:23.625 +05:30  DBG  Closing data reader to 'Ecommerce' on server 'FGS-DSK-230\MSSQLSERVER2019'.
2024-08-19 17:33:23.626 +05:30  DBG  A data reader for 'Ecommerce' on server 'FGS-DSK-230\MSSQLSERVER2019' is being disposed after spending 0ms reading results.
2024-08-19 17:33:23.627 +05:30  DBG  Closing connection to database 'Ecommerce' on server 'FGS-DSK-230\MSSQLSERVER2019'.
2024-08-19 17:33:23.628 +05:30  DBG  Closed connection to database 'Ecommerce' on server 'FGS-DSK-230\MSSQLSERVER2019' (1ms).
2024-08-19 17:33:23.629 +05:30  INF  Executed action method Web.Ecommerce.Controllers.Account.AccountController.Login (Web.Ecommerce), returned result Microsoft.AspNetCore.Mvc.OkObjectResult in 132.2611ms.
2024-08-19 17:33:23.631 +05:30  VRB  Action Filter: Before executing OnActionExecuted on filter Microsoft.AspNetCore.Mvc.Infrastructure.ModelStateInvalidFilter.
2024-08-19 17:33:23.632 +05:30  VRB  Action Filter: After executing OnActionExecuted on filter Microsoft.AspNetCore.Mvc.Infrastructure.ModelStateInvalidFilter.
2024-08-19 17:33:23.633 +05:30  VRB  Action Filter: Before executing OnActionExecuted on filter Microsoft.AspNetCore.Mvc.ModelBinding.UnsupportedContentTypeFilter.
2024-08-19 17:33:23.634 +05:30  VRB  Action Filter: After executing OnActionExecuted on filter Microsoft.AspNetCore.Mvc.ModelBinding.UnsupportedContentTypeFilter.
2024-08-19 17:33:23.636 +05:30  VRB  Result Filter: Before executing OnResultExecuting on filter Microsoft.AspNetCore.Mvc.Infrastructure.ClientErrorResultFilter.
2024-08-19 17:33:23.637 +05:30  VRB  Result Filter: After executing OnResultExecuting on filter Microsoft.AspNetCore.Mvc.Infrastructure.ClientErrorResultFilter.
2024-08-19 17:33:23.642 +05:30  VRB  Before executing action result Microsoft.AspNetCore.Mvc.OkObjectResult.
2024-08-19 17:33:23.642 +05:30  DBG  List of registered output formatters, in the following order: ["Microsoft.AspNetCore.Mvc.Formatters.HttpNoContentOutputFormatter","Microsoft.AspNetCore.Mvc.Formatters.StringOutputFormatter","Microsoft.AspNetCore.Mvc.Formatters.StreamOutputFormatter","Microsoft.AspNetCore.Mvc.Formatters.SystemTextJsonOutputFormatter"]
2024-08-19 17:33:23.644 +05:30  DBG  No information found on request to perform content negotiation.
2024-08-19 17:33:23.645 +05:30  DBG  Attempting to select an output formatter without using a content type as no explicit content types were specified for the response.
2024-08-19 17:33:23.646 +05:30  DBG  Attempting to select the first formatter in the output formatters list which can write the result.
2024-08-19 17:33:23.647 +05:30  DBG  Selected output formatter 'Microsoft.AspNetCore.Mvc.Formatters.SystemTextJsonOutputFormatter' and content type 'application/json' to write the response.
2024-08-19 17:33:23.648 +05:30  INF  Executing OkObjectResult, writing value of type '<>f__AnonymousType1`3[[System.String, System.Private.CoreLib, Version=8.0.0.0, Culture=neutral, PublicKeyToken=7cec85d7bea7798e],[System.String, System.Private.CoreLib, Version=8.0.0.0, Culture=neutral, PublicKeyToken=7cec85d7bea7798e],[System.String, System.Private.CoreLib, Version=8.0.0.0, Culture=neutral, PublicKeyToken=7cec85d7bea7798e]]'.
2024-08-19 17:33:23.650 +05:30  VRB  After executing action result Microsoft.AspNetCore.Mvc.OkObjectResult.
2024-08-19 17:33:23.650 +05:30  VRB  Connection id "0HN608FTQUB01" sending "HEADERS" frame for stream ID 13 with length 34 and flags "END_HEADERS".
2024-08-19 17:33:23.651 +05:30  VRB  Result Filter: Before executing OnResultExecuted on filter Microsoft.AspNetCore.Mvc.Infrastructure.ClientErrorResultFilter.
2024-08-19 17:33:23.652 +05:30  VRB  Result Filter: After executing OnResultExecuted on filter Microsoft.AspNetCore.Mvc.Infrastructure.ClientErrorResultFilter.
2024-08-19 17:33:23.653 +05:30  INF  Executed action Web.Ecommerce.Controllers.Account.AccountController.Login (Web.Ecommerce) in 185.2374ms
2024-08-19 17:33:23.659 +05:30  VRB  Connection id "0HN608FTQUB01" sending "DATA" frame for stream ID 13 with length 603 and flags "NONE".
2024-08-19 17:33:23.661 +05:30  INF  Executed endpoint 'Web.Ecommerce.Controllers.Account.AccountController.Login (Web.Ecommerce)'
2024-08-19 17:33:23.664 +05:30  VRB  Connection id "0HN608FTQUB01" sending "DATA" frame for stream ID 13 with length 0 and flags "END_STREAM".
2024-08-19 17:33:23.664 +05:30  DBG  'EcommerceDbContext' disposed.
2024-08-19 17:33:23.666 +05:30  VRB  Connection id "0HN608FTQUB01" received "WINDOW_UPDATE" frame for stream ID 0 with length 4 and flags 0x0.
2024-08-19 17:33:23.666 +05:30  DBG  Disposing connection to database 'Ecommerce' on server 'FGS-DSK-230\MSSQLSERVER2019'.
2024-08-19 17:33:23.670 +05:30  DBG  Disposed connection to database '' on server '' (3ms).
2024-08-19 17:33:23.671 +05:30  INF  Request finished HTTP/2 POST https://localhost:7113/api/Account/Login - 200 null application/json; charset=utf-8 255.3933ms
2024-08-19 17:33:58.143 +05:30  VRB  Connection id "0HN608FTQUB01" received "HEADERS" frame for stream ID 15 with length 252 and flags "END_STREAM, END_HEADERS, PRIORITY".
2024-08-19 17:33:58.146 +05:30  VRB  Connection id "0HN608FTQUB01" received "PING" frame for stream ID 0 with length 8 and flags "NONE".
2024-08-19 17:33:58.146 +05:30  INF  Request starting HTTP/2 GET https://localhost:7113/api/Product - null null
2024-08-19 17:33:58.148 +05:30  VRB  Connection id "0HN608FTQUB01" sending "PING" frame for stream ID 0 with length 8 and flags "ACK".
2024-08-19 17:33:58.150 +05:30  VRB  All hosts are allowed.
2024-08-19 17:33:58.154 +05:30  DBG  1 candidate(s) found for the request path '/api/Product'
2024-08-19 17:33:58.155 +05:30  DBG  Endpoint 'Web.Ecommerce.Controllers.Seller.ProductController.GetAllProducts (Web.Ecommerce)' with route pattern 'api/Product' is valid for the request path '/api/Product'
2024-08-19 17:33:58.162 +05:30  DBG  Request matched endpoint 'Web.Ecommerce.Controllers.Seller.ProductController.GetAllProducts (Web.Ecommerce)'
2024-08-19 17:33:58.163 +05:30  VRB  The endpoint does not specify the IRequestSizeLimitMetadata.
2024-08-19 17:33:58.163 +05:30  DBG  Static files was skipped as the request already matched an endpoint.
2024-08-19 17:33:58.164 +05:30  DBG  Successfully validated the token.
2024-08-19 17:33:58.165 +05:30  DBG  AuthenticationScheme: Bearer was successfully authenticated.
2024-08-19 17:33:58.166 +05:30  DBG  AuthenticationScheme: Bearer was successfully authenticated.
2024-08-19 17:33:58.166 +05:30  DBG  Authorization was successful.
2024-08-19 17:33:58.167 +05:30  INF  Executing endpoint 'Web.Ecommerce.Controllers.Seller.ProductController.GetAllProducts (Web.Ecommerce)'
2024-08-19 17:33:58.170 +05:30  INF  Route matched with {action = "GetAllProducts", controller = "Product"}. Executing controller action with signature System.Threading.Tasks.Task`1[Microsoft.AspNetCore.Mvc.IActionResult] GetAllProducts() on controller Web.Ecommerce.Controllers.Seller.ProductController (Web.Ecommerce).
2024-08-19 17:33:58.176 +05:30  DBG  Execution plan of authorization filters (in the following order): ["None"]
2024-08-19 17:33:58.177 +05:30  DBG  Execution plan of resource filters (in the following order): ["None"]
2024-08-19 17:33:58.178 +05:30  DBG  Execution plan of action filters (in the following order): ["Microsoft.AspNetCore.Mvc.ModelBinding.UnsupportedContentTypeFilter (Order: -3000)","Microsoft.AspNetCore.Mvc.Infrastructure.ModelStateInvalidFilter (Order: -2000)"]
2024-08-19 17:33:58.179 +05:30  DBG  Execution plan of exception filters (in the following order): ["None"]
2024-08-19 17:33:58.180 +05:30  DBG  Execution plan of result filters (in the following order): ["Microsoft.AspNetCore.Mvc.Infrastructure.ClientErrorResultFilter (Order: -2000)"]
2024-08-19 17:33:58.182 +05:30  DBG  Executing controller factory for controller Web.Ecommerce.Controllers.Seller.ProductController (Web.Ecommerce)
2024-08-19 17:33:58.184 +05:30  DBG  Executed controller factory for controller Web.Ecommerce.Controllers.Seller.ProductController (Web.Ecommerce)
2024-08-19 17:33:58.185 +05:30  VRB  Action Filter: Before executing OnActionExecuting on filter Microsoft.AspNetCore.Mvc.ModelBinding.UnsupportedContentTypeFilter.
2024-08-19 17:33:58.186 +05:30  VRB  Action Filter: After executing OnActionExecuting on filter Microsoft.AspNetCore.Mvc.ModelBinding.UnsupportedContentTypeFilter.
2024-08-19 17:33:58.187 +05:30  VRB  Action Filter: Before executing OnActionExecuting on filter Microsoft.AspNetCore.Mvc.Infrastructure.ModelStateInvalidFilter.
2024-08-19 17:33:58.189 +05:30  VRB  Action Filter: After executing OnActionExecuting on filter Microsoft.AspNetCore.Mvc.Infrastructure.ModelStateInvalidFilter.
2024-08-19 17:33:58.194 +05:30  INF  Executing action method Web.Ecommerce.Controllers.Seller.ProductController.GetAllProducts (Web.Ecommerce) - Validation state: "Valid"
2024-08-19 17:33:58.198 +05:30  DBG  Entity Framework Core 8.0.7 initialized 'EcommerceDbContext' using provider 'Microsoft.EntityFrameworkCore.SqlServer:8.0.7' with options: None
2024-08-19 17:33:58.200 +05:30  DBG  Creating DbConnection.
2024-08-19 17:33:58.200 +05:30  DBG  Created DbConnection. (0ms).
2024-08-19 17:33:58.201 +05:30  DBG  Opening connection to database 'Ecommerce' on server 'FGS-DSK-230\MSSQLSERVER2019'.
2024-08-19 17:33:58.202 +05:30  DBG  Opened connection to database 'Ecommerce' on server 'FGS-DSK-230\MSSQLSERVER2019'.
2024-08-19 17:33:58.203 +05:30  DBG  Creating DbCommand for 'ExecuteReader'.
2024-08-19 17:33:58.204 +05:30  DBG  Created DbCommand for 'ExecuteReader' (0ms).
2024-08-19 17:33:58.205 +05:30  DBG  Initialized DbCommand for 'ExecuteReader' (1ms).
2024-08-19 17:33:58.208 +05:30  DBG  Executing DbCommand [Parameters=[], CommandType='"Text"', CommandTimeout='30']
SELECT [p].[ProductId], [p].[Name], [p].[Description], [p].[Category], [p].[Price], [p].[Quantity], [p].[SellerId]
FROM [Products] AS [p]
2024-08-19 17:33:58.211 +05:30  INF  Executed DbCommand (3ms) [Parameters=[], CommandType='"Text"', CommandTimeout='30']
SELECT [p].[ProductId], [p].[Name], [p].[Description], [p].[Category], [p].[Price], [p].[Quantity], [p].[SellerId]
FROM [Products] AS [p]
2024-08-19 17:33:58.214 +05:30  DBG  Closing data reader to 'Ecommerce' on server 'FGS-DSK-230\MSSQLSERVER2019'.
2024-08-19 17:33:58.215 +05:30  DBG  A data reader for 'Ecommerce' on server 'FGS-DSK-230\MSSQLSERVER2019' is being disposed after spending 1ms reading results.
2024-08-19 17:33:58.216 +05:30  DBG  Closing connection to database 'Ecommerce' on server 'FGS-DSK-230\MSSQLSERVER2019'.
2024-08-19 17:33:58.217 +05:30  DBG  Closed connection to database 'Ecommerce' on server 'FGS-DSK-230\MSSQLSERVER2019' (1ms).
2024-08-19 17:33:58.218 +05:30  INF  Executed action method Web.Ecommerce.Controllers.Seller.ProductController.GetAllProducts (Web.Ecommerce), returned result Microsoft.AspNetCore.Mvc.OkObjectResult in 22.567ms.
2024-08-19 17:33:58.220 +05:30  VRB  Action Filter: Before executing OnActionExecuted on filter Microsoft.AspNetCore.Mvc.Infrastructure.ModelStateInvalidFilter.
2024-08-19 17:33:58.221 +05:30  VRB  Action Filter: After executing OnActionExecuted on filter Microsoft.AspNetCore.Mvc.Infrastructure.ModelStateInvalidFilter.
2024-08-19 17:33:58.227 +05:30  VRB  Action Filter: Before executing OnActionExecuted on filter Microsoft.AspNetCore.Mvc.ModelBinding.UnsupportedContentTypeFilter.
2024-08-19 17:33:58.228 +05:30  VRB  Action Filter: After executing OnActionExecuted on filter Microsoft.AspNetCore.Mvc.ModelBinding.UnsupportedContentTypeFilter.
2024-08-19 17:33:58.230 +05:30  VRB  Result Filter: Before executing OnResultExecuting on filter Microsoft.AspNetCore.Mvc.Infrastructure.ClientErrorResultFilter.
2024-08-19 17:33:58.231 +05:30  VRB  Result Filter: After executing OnResultExecuting on filter Microsoft.AspNetCore.Mvc.Infrastructure.ClientErrorResultFilter.
2024-08-19 17:33:58.233 +05:30  VRB  Before executing action result Microsoft.AspNetCore.Mvc.OkObjectResult.
2024-08-19 17:33:58.233 +05:30  DBG  List of registered output formatters, in the following order: ["Microsoft.AspNetCore.Mvc.Formatters.HttpNoContentOutputFormatter","Microsoft.AspNetCore.Mvc.Formatters.StringOutputFormatter","Microsoft.AspNetCore.Mvc.Formatters.StreamOutputFormatter","Microsoft.AspNetCore.Mvc.Formatters.SystemTextJsonOutputFormatter"]
2024-08-19 17:33:58.235 +05:30  DBG  No information found on request to perform content negotiation.
2024-08-19 17:33:58.236 +05:30  DBG  Attempting to select an output formatter without using a content type as no explicit content types were specified for the response.
2024-08-19 17:33:58.237 +05:30  DBG  Attempting to select the first formatter in the output formatters list which can write the result.
2024-08-19 17:33:58.242 +05:30  DBG  Selected output formatter 'Microsoft.AspNetCore.Mvc.Formatters.SystemTextJsonOutputFormatter' and content type 'application/json' to write the response.
2024-08-19 17:33:58.244 +05:30  INF  Executing OkObjectResult, writing value of type 'System.Collections.Generic.List`1[[Application.Ecom.Dtos.ProductDto, Application.Ecom, Version=1.0.0.0, Culture=neutral, PublicKeyToken=null]]'.
2024-08-19 17:33:58.254 +05:30  VRB  After executing action result Microsoft.AspNetCore.Mvc.OkObjectResult.
2024-08-19 17:33:58.254 +05:30  VRB  Connection id "0HN608FTQUB01" sending "HEADERS" frame for stream ID 15 with length 34 and flags "END_HEADERS".
2024-08-19 17:33:58.255 +05:30  VRB  Result Filter: Before executing OnResultExecuted on filter Microsoft.AspNetCore.Mvc.Infrastructure.ClientErrorResultFilter.
2024-08-19 17:33:58.259 +05:30  VRB  Result Filter: After executing OnResultExecuted on filter Microsoft.AspNetCore.Mvc.Infrastructure.ClientErrorResultFilter.
2024-08-19 17:33:58.260 +05:30  VRB  Connection id "0HN608FTQUB01" sending "DATA" frame for stream ID 15 with length 795 and flags "NONE".
2024-08-19 17:33:58.262 +05:30  INF  Executed action Web.Ecommerce.Controllers.Seller.ProductController.GetAllProducts (Web.Ecommerce) in 79.9649ms
2024-08-19 17:33:58.264 +05:30  VRB  Connection id "0HN608FTQUB01" received "WINDOW_UPDATE" frame for stream ID 0 with length 4 and flags 0x0.
2024-08-19 17:33:58.265 +05:30  INF  Executed endpoint 'Web.Ecommerce.Controllers.Seller.ProductController.GetAllProducts (Web.Ecommerce)'
2024-08-19 17:33:58.268 +05:30  DBG  'EcommerceDbContext' disposed.
2024-08-19 17:33:58.268 +05:30  VRB  Connection id "0HN608FTQUB01" sending "DATA" frame for stream ID 15 with length 0 and flags "END_STREAM".
2024-08-19 17:33:58.269 +05:30  DBG  Disposing connection to database 'Ecommerce' on server 'FGS-DSK-230\MSSQLSERVER2019'.
2024-08-19 17:33:58.276 +05:30  DBG  Disposed connection to database '' on server '' (6ms).
2024-08-19 17:33:58.277 +05:30  INF  Request finished HTTP/2 GET https://localhost:7113/api/Product - 200 null application/json; charset=utf-8 131.4115ms
2024-08-19 17:37:46.646 +05:30  DBG  Registered model binder providers, in the following order: ["Microsoft.AspNetCore.Mvc.ModelBinding.Binders.BinderTypeModelBinderProvider","Microsoft.AspNetCore.Mvc.ModelBinding.Binders.ServicesModelBinderProvider","Microsoft.AspNetCore.Mvc.ModelBinding.Binders.BodyModelBinderProvider","Microsoft.AspNetCore.Mvc.ModelBinding.Binders.HeaderModelBinderProvider","Microsoft.AspNetCore.Mvc.ModelBinding.Binders.FloatingPointTypeModelBinderProvider","Microsoft.AspNetCore.Mvc.ModelBinding.Binders.EnumTypeModelBinderProvider","Microsoft.AspNetCore.Mvc.ModelBinding.Binders.DateTimeModelBinderProvider","Microsoft.AspNetCore.Mvc.ModelBinding.Binders.SimpleTypeModelBinderProvider","Microsoft.AspNetCore.Mvc.ModelBinding.Binders.TryParseModelBinderProvider","Microsoft.AspNetCore.Mvc.ModelBinding.Binders.CancellationTokenModelBinderProvider","Microsoft.AspNetCore.Mvc.ModelBinding.Binders.ByteArrayModelBinderProvider","Microsoft.AspNetCore.Mvc.ModelBinding.Binders.FormFileModelBinderProvider","Microsoft.AspNetCore.Mvc.ModelBinding.Binders.FormCollectionModelBinderProvider","Microsoft.AspNetCore.Mvc.ModelBinding.Binders.KeyValuePairModelBinderProvider","Microsoft.AspNetCore.Mvc.ModelBinding.Binders.DictionaryModelBinderProvider","Microsoft.AspNetCore.Mvc.ModelBinding.Binders.ArrayModelBinderProvider","Microsoft.AspNetCore.Mvc.ModelBinding.Binders.CollectionModelBinderProvider","Microsoft.AspNetCore.Mvc.ModelBinding.Binders.ComplexObjectModelBinderProvider"]
2024-08-19 17:37:46.900 +05:30  DBG  An 'IServiceProvider' was created for internal use by Entity Framework.
2024-08-19 17:37:47.326 +05:30  INF  User profile is available. Using 'C:\Users\arjun.hariprasad\AppData\Local\ASP.NET\DataProtection-Keys' as key repository and Windows DPAPI to encrypt keys at rest.
2024-08-19 17:37:47.635 +05:30  WRN  Navigations 'Order.Payments' and 'Payment.Order' were separated into two relationships since the [ForeignKey] attribute was specified on navigations on both sides.
2024-08-19 17:37:47.708 +05:30  WRN  Navigations 'Order.Payments' and 'Payment.Order' were separated into two relationships since the [ForeignKey] attribute was specified on navigations on both sides.
2024-08-19 17:37:47.710 +05:30  WRN  Navigations 'Order.Payments' and 'Payment.Order' were separated into two relationships since the [ForeignKey] attribute was specified on navigations on both sides.
2024-08-19 17:37:47.712 +05:30  WRN  Navigations 'Order.Payments' and 'Payment.Order' were separated into two relationships since the [ForeignKey] attribute was specified on navigations on both sides.
2024-08-19 17:37:47.714 +05:30  WRN  Navigations 'Payment.Order' and 'Order.Payments' were separated into two relationships since the [ForeignKey] attribute was specified on navigations on both sides.
2024-08-19 17:37:47.716 +05:30  WRN  Navigations 'Payment.Order' and 'Order.Payments' were separated into two relationships since the [ForeignKey] attribute was specified on navigations on both sides.
2024-08-19 17:37:47.718 +05:30  WRN  Navigations 'Payment.Order' and 'Order.Payments' were separated into two relationships since the [ForeignKey] attribute was specified on navigations on both sides.
2024-08-19 17:37:47.737 +05:30  DBG  The index {'UserId'} was not created on entity type 'IdentityUserRole<Guid>' as the properties are already covered by the index {'UserId', 'RoleId'}.
2024-08-19 17:37:47.741 +05:30  DBG  The index {'UserId'} was not created on entity type 'IdentityUserToken<Guid>' as the properties are already covered by the index {'UserId', 'LoginProvider', 'Name'}.
2024-08-19 17:37:47.860 +05:30  DBG  The property 'Product.UserId' was created in shadow state because there are no eligible CLR members with a matching name.
2024-08-19 17:37:47.983 +05:30  DBG  Entity Framework Core 8.0.7 initialized 'EcommerceDbContext' using provider 'Microsoft.EntityFrameworkCore.SqlServer:8.0.7' with options: None
2024-08-19 17:37:48.056 +05:30  DBG  Compiling query expression: 
'DbSet<IdentityRole<Guid>>()
    .FirstOrDefault(r => r.NormalizedName == __normalizedName_0)'
2024-08-19 17:37:48.234 +05:30  DBG  Generated query execution expression: 
'queryContext => ShapedQueryCompilingExpressionVisitor.SingleOrDefaultAsync<IdentityRole<Guid>>(
    asyncEnumerable: new SingleQueryingEnumerable<IdentityRole<Guid>>(
        (RelationalQueryContext)queryContext, 
        RelationalCommandCache.QueryExpression(
            Projection Mapping:
                EmptyProjectionMember -> Dictionary<IProperty, int> { [Property: IdentityRole<Guid>.Id (Guid) Required PK AfterSave:Throw ValueGenerated.OnAdd, 0], [Property: IdentityRole<Guid>.ConcurrencyStamp (string) Concurrency, 1], [Property: IdentityRole<Guid>.Name (string) MaxLength(256), 2], [Property: IdentityRole<Guid>.NormalizedName (string) Index MaxLength(256), 3] }
            SELECT TOP(1) a.Id, a.ConcurrencyStamp, a.Name, a.NormalizedName
            FROM AspNetRoles AS a
            WHERE a.NormalizedName == @__normalizedName_0), 
        null, 
        Func<QueryContext, DbDataReader, ResultContext, SingleQueryResultCoordinator, IdentityRole<Guid>>, 
        Persistance.EcommerceDbContext, 
        False, 
        False, 
        True
    ), 
    cancellationToken: queryContext.CancellationToken)'
2024-08-19 17:37:48.280 +05:30  DBG  Creating DbConnection.
2024-08-19 17:37:48.300 +05:30  DBG  Created DbConnection. (18ms).
2024-08-19 17:37:48.303 +05:30  DBG  Opening connection to database 'Ecommerce' on server 'FGS-DSK-230\MSSQLSERVER2019'.
2024-08-19 17:37:48.513 +05:30  DBG  Opened connection to database 'Ecommerce' on server 'FGS-DSK-230\MSSQLSERVER2019'.
2024-08-19 17:37:48.517 +05:30  DBG  Creating DbCommand for 'ExecuteReader'.
2024-08-19 17:37:48.523 +05:30  DBG  Created DbCommand for 'ExecuteReader' (3ms).
2024-08-19 17:37:48.530 +05:30  DBG  Initialized DbCommand for 'ExecuteReader' (13ms).
2024-08-19 17:37:48.538 +05:30  DBG  Executing DbCommand [Parameters=[@__normalizedName_0='?' (Size = 256)], CommandType='"Text"', CommandTimeout='30']
SELECT TOP(1) [a].[Id], [a].[ConcurrencyStamp], [a].[Name], [a].[NormalizedName]
FROM [AspNetRoles] AS [a]
WHERE [a].[NormalizedName] = @__normalizedName_0
2024-08-19 17:37:48.605 +05:30  INF  Executed DbCommand (65ms) [Parameters=[@__normalizedName_0='?' (Size = 256)], CommandType='"Text"', CommandTimeout='30']
SELECT TOP(1) [a].[Id], [a].[ConcurrencyStamp], [a].[Name], [a].[NormalizedName]
FROM [AspNetRoles] AS [a]
WHERE [a].[NormalizedName] = @__normalizedName_0
2024-08-19 17:37:48.650 +05:30  DBG  Context 'EcommerceDbContext' started tracking 'IdentityRole' entity. Consider using 'DbContextOptionsBuilder.EnableSensitiveDataLogging' to see key values.
2024-08-19 17:37:48.670 +05:30  DBG  Closing data reader to 'Ecommerce' on server 'FGS-DSK-230\MSSQLSERVER2019'.
2024-08-19 17:37:48.681 +05:30  DBG  A data reader for 'Ecommerce' on server 'FGS-DSK-230\MSSQLSERVER2019' is being disposed after spending 64ms reading results.
2024-08-19 17:37:48.686 +05:30  DBG  Closing connection to database 'Ecommerce' on server 'FGS-DSK-230\MSSQLSERVER2019'.
2024-08-19 17:37:48.693 +05:30  DBG  Closed connection to database 'Ecommerce' on server 'FGS-DSK-230\MSSQLSERVER2019' (6ms).
2024-08-19 17:37:48.700 +05:30  DBG  Opening connection to database 'Ecommerce' on server 'FGS-DSK-230\MSSQLSERVER2019'.
2024-08-19 17:37:48.702 +05:30  DBG  Opened connection to database 'Ecommerce' on server 'FGS-DSK-230\MSSQLSERVER2019'.
2024-08-19 17:37:48.703 +05:30  DBG  Creating DbCommand for 'ExecuteReader'.
2024-08-19 17:37:48.704 +05:30  DBG  Created DbCommand for 'ExecuteReader' (0ms).
2024-08-19 17:37:48.705 +05:30  DBG  Initialized DbCommand for 'ExecuteReader' (1ms).
2024-08-19 17:37:48.706 +05:30  DBG  Executing DbCommand [Parameters=[@__normalizedName_0='?' (Size = 256)], CommandType='"Text"', CommandTimeout='30']
SELECT TOP(1) [a].[Id], [a].[ConcurrencyStamp], [a].[Name], [a].[NormalizedName]
FROM [AspNetRoles] AS [a]
WHERE [a].[NormalizedName] = @__normalizedName_0
2024-08-19 17:37:48.715 +05:30  INF  Executed DbCommand (9ms) [Parameters=[@__normalizedName_0='?' (Size = 256)], CommandType='"Text"', CommandTimeout='30']
SELECT TOP(1) [a].[Id], [a].[ConcurrencyStamp], [a].[Name], [a].[NormalizedName]
FROM [AspNetRoles] AS [a]
WHERE [a].[NormalizedName] = @__normalizedName_0
2024-08-19 17:37:48.718 +05:30  DBG  Context 'EcommerceDbContext' started tracking 'IdentityRole' entity. Consider using 'DbContextOptionsBuilder.EnableSensitiveDataLogging' to see key values.
2024-08-19 17:37:48.719 +05:30  DBG  Closing data reader to 'Ecommerce' on server 'FGS-DSK-230\MSSQLSERVER2019'.
2024-08-19 17:37:48.720 +05:30  DBG  A data reader for 'Ecommerce' on server 'FGS-DSK-230\MSSQLSERVER2019' is being disposed after spending 2ms reading results.
2024-08-19 17:37:48.722 +05:30  DBG  Closing connection to database 'Ecommerce' on server 'FGS-DSK-230\MSSQLSERVER2019'.
2024-08-19 17:37:48.724 +05:30  DBG  Closed connection to database 'Ecommerce' on server 'FGS-DSK-230\MSSQLSERVER2019' (1ms).
2024-08-19 17:37:48.731 +05:30  DBG  Opening connection to database 'Ecommerce' on server 'FGS-DSK-230\MSSQLSERVER2019'.
2024-08-19 17:37:48.732 +05:30  DBG  Opened connection to database 'Ecommerce' on server 'FGS-DSK-230\MSSQLSERVER2019'.
2024-08-19 17:37:48.733 +05:30  DBG  Creating DbCommand for 'ExecuteReader'.
2024-08-19 17:37:48.734 +05:30  DBG  Created DbCommand for 'ExecuteReader' (0ms).
2024-08-19 17:37:48.735 +05:30  DBG  Initialized DbCommand for 'ExecuteReader' (1ms).
2024-08-19 17:37:48.736 +05:30  DBG  Executing DbCommand [Parameters=[@__normalizedName_0='?' (Size = 256)], CommandType='"Text"', CommandTimeout='30']
SELECT TOP(1) [a].[Id], [a].[ConcurrencyStamp], [a].[Name], [a].[NormalizedName]
FROM [AspNetRoles] AS [a]
WHERE [a].[NormalizedName] = @__normalizedName_0
2024-08-19 17:37:48.738 +05:30  INF  Executed DbCommand (3ms) [Parameters=[@__normalizedName_0='?' (Size = 256)], CommandType='"Text"', CommandTimeout='30']
SELECT TOP(1) [a].[Id], [a].[ConcurrencyStamp], [a].[Name], [a].[NormalizedName]
FROM [AspNetRoles] AS [a]
WHERE [a].[NormalizedName] = @__normalizedName_0
2024-08-19 17:37:48.746 +05:30  DBG  Context 'EcommerceDbContext' started tracking 'IdentityRole' entity. Consider using 'DbContextOptionsBuilder.EnableSensitiveDataLogging' to see key values.
2024-08-19 17:37:48.748 +05:30  DBG  Closing data reader to 'Ecommerce' on server 'FGS-DSK-230\MSSQLSERVER2019'.
2024-08-19 17:37:48.749 +05:30  DBG  A data reader for 'Ecommerce' on server 'FGS-DSK-230\MSSQLSERVER2019' is being disposed after spending 2ms reading results.
2024-08-19 17:37:48.750 +05:30  DBG  Closing connection to database 'Ecommerce' on server 'FGS-DSK-230\MSSQLSERVER2019'.
2024-08-19 17:37:48.752 +05:30  DBG  Closed connection to database 'Ecommerce' on server 'FGS-DSK-230\MSSQLSERVER2019' (1ms).
2024-08-19 17:37:48.761 +05:30  DBG  Compiling query expression: 
'DbSet<User>()
    .SingleOrDefault(u => u.NormalizedEmail == __normalizedEmail_0)'
2024-08-19 17:37:48.769 +05:30  DBG  Generated query execution expression: 
'queryContext => ShapedQueryCompilingExpressionVisitor.SingleOrDefaultAsync<User>(
    asyncEnumerable: new SingleQueryingEnumerable<User>(
        (RelationalQueryContext)queryContext, 
        RelationalCommandCache.QueryExpression(
            Projection Mapping:
                EmptyProjectionMember -> Dictionary<IProperty, int> { [Property: User.Id (Guid) Required PK AfterSave:Throw ValueGenerated.OnAdd, 0], [Property: User.AccessFailedCount (int) Required, 1], [Property: User.ConcurrencyStamp (string) Concurrency, 2], [Property: User.CreatedAt (DateTime) Required, 3], [Property: User.Email (string) MaxLength(256), 4], [Property: User.EmailConfirmed (bool) Required, 5], [Property: User.IsDeleted (bool) Required, 6], [Property: User.IsVerified (bool) Required, 7], [Property: User.LockoutEnabled (bool) Required, 8], [Property: User.LockoutEnd (DateTimeOffset?), 9], [Property: User.NormalizedEmail (string) Index MaxLength(256), 10], [Property: User.NormalizedUserName (string) Index MaxLength(256), 11], [Property: User.PasswordHash (string), 12], [Property: User.PhoneNumber (string), 13], [Property: User.PhoneNumberConfirmed (bool) Required, 14], [Property: User.SecurityStamp (string), 15], [Property: User.TwoFactorEnabled (bool) Required, 16], [Property: User.UpdatedAt (DateTime) Required, 17], [Property: User.UserName (string) MaxLength(256), 18] }
            SELECT TOP(2) a.Id, a.AccessFailedCount, a.ConcurrencyStamp, a.CreatedAt, a.Email, a.EmailConfirmed, a.IsDeleted, a.IsVerified, a.LockoutEnabled, a.LockoutEnd, a.NormalizedEmail, a.NormalizedUserName, a.PasswordHash, a.PhoneNumber, a.PhoneNumberConfirmed, a.SecurityStamp, a.TwoFactorEnabled, a.UpdatedAt, a.UserName
            FROM AspNetUsers AS a
            WHERE a.NormalizedEmail == @__normalizedEmail_0), 
        null, 
        Func<QueryContext, DbDataReader, ResultContext, SingleQueryResultCoordinator, User>, 
        Persistance.EcommerceDbContext, 
        False, 
        False, 
        True
    ), 
    cancellationToken: queryContext.CancellationToken)'
2024-08-19 17:37:48.781 +05:30  DBG  Opening connection to database 'Ecommerce' on server 'FGS-DSK-230\MSSQLSERVER2019'.
2024-08-19 17:37:48.782 +05:30  DBG  Opened connection to database 'Ecommerce' on server 'FGS-DSK-230\MSSQLSERVER2019'.
2024-08-19 17:37:48.783 +05:30  DBG  Creating DbCommand for 'ExecuteReader'.
2024-08-19 17:37:48.784 +05:30  DBG  Created DbCommand for 'ExecuteReader' (0ms).
2024-08-19 17:37:48.785 +05:30  DBG  Initialized DbCommand for 'ExecuteReader' (1ms).
2024-08-19 17:37:48.786 +05:30  DBG  Executing DbCommand [Parameters=[@__normalizedEmail_0='?' (Size = 256)], CommandType='"Text"', CommandTimeout='30']
SELECT TOP(2) [a].[Id], [a].[AccessFailedCount], [a].[ConcurrencyStamp], [a].[CreatedAt], [a].[Email], [a].[EmailConfirmed], [a].[IsDeleted], [a].[IsVerified], [a].[LockoutEnabled], [a].[LockoutEnd], [a].[NormalizedEmail], [a].[NormalizedUserName], [a].[PasswordHash], [a].[PhoneNumber], [a].[PhoneNumberConfirmed], [a].[SecurityStamp], [a].[TwoFactorEnabled], [a].[UpdatedAt], [a].[UserName]
FROM [AspNetUsers] AS [a]
WHERE [a].[NormalizedEmail] = @__normalizedEmail_0
2024-08-19 17:37:48.799 +05:30  INF  Executed DbCommand (13ms) [Parameters=[@__normalizedEmail_0='?' (Size = 256)], CommandType='"Text"', CommandTimeout='30']
SELECT TOP(2) [a].[Id], [a].[AccessFailedCount], [a].[ConcurrencyStamp], [a].[CreatedAt], [a].[Email], [a].[EmailConfirmed], [a].[IsDeleted], [a].[IsVerified], [a].[LockoutEnabled], [a].[LockoutEnd], [a].[NormalizedEmail], [a].[NormalizedUserName], [a].[PasswordHash], [a].[PhoneNumber], [a].[PhoneNumberConfirmed], [a].[SecurityStamp], [a].[TwoFactorEnabled], [a].[UpdatedAt], [a].[UserName]
FROM [AspNetUsers] AS [a]
WHERE [a].[NormalizedEmail] = @__normalizedEmail_0
2024-08-19 17:37:48.825 +05:30  DBG  Context 'EcommerceDbContext' started tracking 'User' entity. Consider using 'DbContextOptionsBuilder.EnableSensitiveDataLogging' to see key values.
2024-08-19 17:37:48.861 +05:30  DBG  Closing data reader to 'Ecommerce' on server 'FGS-DSK-230\MSSQLSERVER2019'.
2024-08-19 17:37:48.864 +05:30  DBG  A data reader for 'Ecommerce' on server 'FGS-DSK-230\MSSQLSERVER2019' is being disposed after spending 61ms reading results.
2024-08-19 17:37:48.866 +05:30  DBG  Closing connection to database 'Ecommerce' on server 'FGS-DSK-230\MSSQLSERVER2019'.
2024-08-19 17:37:48.867 +05:30  DBG  Closed connection to database 'Ecommerce' on server 'FGS-DSK-230\MSSQLSERVER2019' (1ms).
2024-08-19 17:37:48.870 +05:30  DBG  'EcommerceDbContext' disposed.
2024-08-19 17:37:48.873 +05:30  DBG  Disposing connection to database 'Ecommerce' on server 'FGS-DSK-230\MSSQLSERVER2019'.
2024-08-19 17:37:48.875 +05:30  DBG  Disposed connection to database '' on server '' (1ms).
2024-08-19 17:37:48.878 +05:30  DBG  Hosting starting
2024-08-19 17:37:48.885 +05:30  DBG  Reading data from file 'C:\Users\arjun.hariprasad\AppData\Local\ASP.NET\DataProtection-Keys\key-36f6fa2d-df91-4e24-9271-a530e4737995.xml'.
2024-08-19 17:37:48.896 +05:30  DBG  Found key {36f6fa2d-df91-4e24-9271-a530e4737995}.
2024-08-19 17:37:48.906 +05:30  DBG  Considering key {36f6fa2d-df91-4e24-9271-a530e4737995} with expiration date 2024-10-20 08:26:28Z as default key.
2024-08-19 17:37:48.913 +05:30  DBG  Forwarded activator type request from Microsoft.AspNetCore.DataProtection.XmlEncryption.DpapiXmlDecryptor, Microsoft.AspNetCore.DataProtection, Version=8.0.0.0, Culture=neutral, PublicKeyToken=adb9793829ddae60 to Microsoft.AspNetCore.DataProtection.XmlEncryption.DpapiXmlDecryptor, Microsoft.AspNetCore.DataProtection, Culture=neutral, PublicKeyToken=adb9793829ddae60
2024-08-19 17:37:48.916 +05:30  DBG  Decrypting secret element using Windows DPAPI.
2024-08-19 17:37:48.918 +05:30  DBG  Forwarded activator type request from Microsoft.AspNetCore.DataProtection.AuthenticatedEncryption.ConfigurationModel.AuthenticatedEncryptorDescriptorDeserializer, Microsoft.AspNetCore.DataProtection, Version=8.0.0.0, Culture=neutral, PublicKeyToken=adb9793829ddae60 to Microsoft.AspNetCore.DataProtection.AuthenticatedEncryption.ConfigurationModel.AuthenticatedEncryptorDescriptorDeserializer, Microsoft.AspNetCore.DataProtection, Culture=neutral, PublicKeyToken=adb9793829ddae60
2024-08-19 17:37:48.921 +05:30  DBG  Opening CNG algorithm 'AES' from provider 'null' with chaining mode CBC.
2024-08-19 17:37:48.925 +05:30  DBG  Opening CNG algorithm 'SHA256' from provider 'null' with HMAC.
2024-08-19 17:37:48.930 +05:30  DBG  Using key {36f6fa2d-df91-4e24-9271-a530e4737995} as the default key.
2024-08-19 17:37:48.932 +05:30  DBG  Key ring with default key {36f6fa2d-df91-4e24-9271-a530e4737995} was loaded during application startup.
2024-08-19 17:37:49.093 +05:30  INF  Now listening on: https://localhost:7113
2024-08-19 17:37:49.094 +05:30  INF  Now listening on: http://localhost:5081
2024-08-19 17:37:49.095 +05:30  DBG  Loaded hosting startup assembly Web.Ecommerce
2024-08-19 17:37:49.096 +05:30  DBG  Loaded hosting startup assembly Microsoft.AspNetCore.Watch.BrowserRefresh
2024-08-19 17:37:49.097 +05:30  DBG  Loaded hosting startup assembly Microsoft.WebTools.BrowserLink.Net
2024-08-19 17:37:49.098 +05:30  INF  Application started. Press Ctrl+C to shut down.
2024-08-19 17:37:49.098 +05:30  INF  Hosting environment: Development
2024-08-19 17:37:49.099 +05:30  INF  Content root path: C:\Users\arjun.hariprasad\source\.NET\Ecommerce\EcommerceSolution\CodeBase\Src\Presentation\Web.Ecommerce
2024-08-19 17:37:49.101 +05:30  DBG  Hosting started
2024-08-19 17:37:49.420 +05:30  DBG  Connection id "0HN608U5MR938" accepted.
2024-08-19 17:37:49.422 +05:30  DBG  Connection id "0HN608U5MR938" started.
2024-08-19 17:37:49.432 +05:30  DBG  Connection id "0HN608U5MR938" received FIN.
2024-08-19 17:37:49.432 +05:30  DBG  Connection id "0HN608U5MR939" received FIN.
2024-08-19 17:37:49.438 +05:30  DBG  Connection id "0HN608U5MR939" accepted.
2024-08-19 17:37:49.439 +05:30  DBG  Connection id "0HN608U5MR939" started.
2024-08-19 17:37:49.443 +05:30  DBG  Failed to authenticate HTTPS connection.System.IO.IOException: Received an unexpected EOF or 0 bytes from the transport stream.
   at System.Net.Security.SslStream.ReceiveHandshakeFrameAsync[TIOAdapter](CancellationToken cancellationToken)
   at System.Net.Security.SslStream.ForceAuthenticationAsync[TIOAdapter](Boolean receiveFirst, Byte[] reAuthenticationData, CancellationToken cancellationToken)
   at System.Net.Security.SslStream.ProcessAuthenticationWithTelemetryAsync(Boolean isAsync, CancellationToken cancellationToken)
   at Microsoft.AspNetCore.Server.Kestrel.Https.Internal.HttpsConnectionMiddleware.OnConnectionAsync(ConnectionContext context)

2024-08-19 17:37:49.443 +05:30  DBG  Failed to authenticate HTTPS connection.System.IO.IOException: Received an unexpected EOF or 0 bytes from the transport stream.
   at System.Net.Security.SslStream.ReceiveHandshakeFrameAsync[TIOAdapter](CancellationToken cancellationToken)
   at System.Net.Security.SslStream.ForceAuthenticationAsync[TIOAdapter](Boolean receiveFirst, Byte[] reAuthenticationData, CancellationToken cancellationToken)
   at System.Net.Security.SslStream.ProcessAuthenticationWithTelemetryAsync(Boolean isAsync, CancellationToken cancellationToken)
   at Microsoft.AspNetCore.Server.Kestrel.Https.Internal.HttpsConnectionMiddleware.OnConnectionAsync(ConnectionContext context)

2024-08-19 17:37:49.457 +05:30  DBG  Connection id "0HN608U5MR939" stopped.
2024-08-19 17:37:49.458 +05:30  DBG  Connection id "0HN608U5MR938" stopped.
2024-08-19 17:37:49.461 +05:30  DBG  Connection id "0HN608U5MR939" sending FIN because: "The Socket transport's send loop completed gracefully."
2024-08-19 17:37:49.463 +05:30  DBG  Connection id "0HN608U5MR938" sending FIN because: "The Socket transport's send loop completed gracefully."
2024-08-19 17:37:50.017 +05:30  DBG  Connection id "0HN608U5MR93A" accepted.
2024-08-19 17:37:50.021 +05:30  DBG  Connection id "0HN608U5MR93A" started.
2024-08-19 17:37:50.080 +05:30  DBG  Connection 0HN608U5MR93A established using the following protocol: "Tls12"
2024-08-19 17:37:50.101 +05:30  VRB  Connection id "0HN608U5MR93A" sending "SETTINGS" frame for stream ID 0 with length 24 and flags "NONE".
2024-08-19 17:37:50.105 +05:30  VRB  Connection id "0HN608U5MR93A" sending "WINDOW_UPDATE" frame for stream ID 0 with length 4 and flags 0x0.
2024-08-19 17:37:50.111 +05:30  VRB  Connection id "0HN608U5MR93A" received "SETTINGS" frame for stream ID 0 with length 24 and flags "NONE".
2024-08-19 17:37:50.114 +05:30  VRB  Connection id "0HN608U5MR93A" sending "SETTINGS" frame for stream ID 0 with length 0 and flags "ACK".
2024-08-19 17:37:50.116 +05:30  VRB  Connection id "0HN608U5MR93A" received "WINDOW_UPDATE" frame for stream ID 0 with length 4 and flags 0x0.
2024-08-19 17:37:50.118 +05:30  VRB  Connection id "0HN608U5MR93A" received "HEADERS" frame for stream ID 1 with length 1214 and flags "END_STREAM, END_HEADERS, PRIORITY".
2024-08-19 17:37:50.137 +05:30  VRB  Connection id "0HN608U5MR93A" received "SETTINGS" frame for stream ID 0 with length 0 and flags "ACK".
2024-08-19 17:37:50.167 +05:30  INF  Request starting HTTP/2 GET https://localhost:7113/swagger/index.html - null null
2024-08-19 17:37:50.263 +05:30  DBG  Wildcard detected, all requests with hosts will be allowed.
2024-08-19 17:37:50.264 +05:30  VRB  All hosts are allowed.
2024-08-19 17:37:50.285 +05:30  DBG  No candidates found for the request path '/swagger/index.html'
2024-08-19 17:37:50.287 +05:30  DBG  Request did not match any endpoints
2024-08-19 17:37:50.388 +05:30  DBG  Response markup is scheduled to include Browser Link script injection.
2024-08-19 17:37:50.392 +05:30  DBG  Response markup is scheduled to include browser refresh script injection.
2024-08-19 17:37:50.395 +05:30  VRB  Connection id "0HN608U5MR93A" sending "HEADERS" frame for stream ID 1 with length 66 and flags "END_HEADERS".
2024-08-19 17:37:50.398 +05:30  VRB  Connection id "0HN608U5MR93A" sending "DATA" frame for stream ID 1 with length 698 and flags "NONE".
2024-08-19 17:37:50.398 +05:30  DBG  Response markup was updated to include Browser Link script injection.
2024-08-19 17:37:50.400 +05:30  VRB  Connection id "0HN608U5MR93A" sending "DATA" frame for stream ID 1 with length 438 and flags "NONE".
2024-08-19 17:37:50.401 +05:30  DBG  Response markup was updated to include browser refresh script injection.
2024-08-19 17:37:50.404 +05:30  VRB  Connection id "0HN608U5MR93A" sending "DATA" frame for stream ID 1 with length 0 and flags "END_STREAM".
2024-08-19 17:37:50.408 +05:30  INF  Request finished HTTP/2 GET https://localhost:7113/swagger/index.html - 200 null text/html;charset=utf-8 250.841ms
2024-08-19 17:37:50.418 +05:30  VRB  Connection id "0HN608U5MR93A" received "HEADERS" frame for stream ID 3 with length 117 and flags "END_STREAM, END_HEADERS, PRIORITY".
2024-08-19 17:37:50.428 +05:30  VRB  Connection id "0HN608U5MR93A" received "HEADERS" frame for stream ID 5 with length 37 and flags "END_STREAM, END_HEADERS, PRIORITY".
2024-08-19 17:37:50.428 +05:30  INF  Request starting HTTP/2 GET https://localhost:7113/_framework/aspnetcore-browser-refresh.js - null null
2024-08-19 17:37:50.434 +05:30  VRB  Connection id "0HN608U5MR93A" received "HEADERS" frame for stream ID 7 with length 59 and flags "END_STREAM, END_HEADERS, PRIORITY".
2024-08-19 17:37:50.434 +05:30  INF  Request starting HTTP/2 GET https://localhost:7113/swagger/index.js - null null
2024-08-19 17:37:50.440 +05:30  INF  Request starting HTTP/2 GET https://localhost:7113/_vs/browserLink - null null
2024-08-19 17:37:50.442 +05:30  VRB  All hosts are allowed.
2024-08-19 17:37:50.443 +05:30  VRB  Connection id "0HN608U5MR93A" sending "HEADERS" frame for stream ID 3 with length 60 and flags "END_HEADERS".
2024-08-19 17:37:50.455 +05:30  VRB  Connection id "0HN608U5MR93A" sending "DATA" frame for stream ID 3 with length 13762 and flags "NONE".
2024-08-19 17:37:50.458 +05:30  DBG  No candidates found for the request path '/swagger/index.js'
2024-08-19 17:37:50.466 +05:30  DBG  Request did not match any endpoints
2024-08-19 17:37:50.467 +05:30  INF  Request finished HTTP/2 GET https://localhost:7113/_framework/aspnetcore-browser-refresh.js - 200 13762 application/javascript; charset=utf-8 38.9428ms
2024-08-19 17:37:50.467 +05:30  VRB  Connection id "0HN608U5MR93A" sending "DATA" frame for stream ID 3 with length 0 and flags "END_STREAM".
2024-08-19 17:37:50.469 +05:30  INF  Request finished HTTP/2 GET https://localhost:7113/swagger/index.js - 200 null application/javascript;charset=utf-8 34.9622ms
2024-08-19 17:37:50.481 +05:30  VRB  Connection id "0HN608U5MR93A" sending "HEADERS" frame for stream ID 5 with length 41 and flags "END_HEADERS".
2024-08-19 17:37:50.487 +05:30  VRB  Connection id "0HN608U5MR93A" sending "DATA" frame for stream ID 5 with length 3005 and flags "END_STREAM".
2024-08-19 17:37:50.494 +05:30  VRB  Connection id "0HN608U5MR93A" sending "HEADERS" frame for stream ID 7 with length 119 and flags "END_HEADERS".
2024-08-19 17:37:50.497 +05:30  VRB  Connection id "0HN608U5MR93A" sending "DATA" frame for stream ID 7 with length 9986 and flags "NONE".
2024-08-19 17:37:50.501 +05:30  VRB  Connection id "0HN608U5MR93A" sending "DATA" frame for stream ID 7 with length 10240 and flags "NONE".
2024-08-19 17:37:50.505 +05:30  VRB  Connection id "0HN608U5MR93A" sending "DATA" frame for stream ID 7 with length 10240 and flags "NONE".
2024-08-19 17:37:50.510 +05:30  VRB  Connection id "0HN608U5MR93A" sending "DATA" frame for stream ID 7 with length 10240 and flags "NONE".
2024-08-19 17:37:50.513 +05:30  VRB  Connection id "0HN608U5MR93A" sending "DATA" frame for stream ID 7 with length 10240 and flags "NONE".
2024-08-19 17:37:50.515 +05:30  VRB  Connection id "0HN608U5MR93A" sending "DATA" frame for stream ID 7 with length 10240 and flags "NONE".
2024-08-19 17:37:50.517 +05:30  VRB  Connection id "0HN608U5MR93A" sending "DATA" frame for stream ID 7 with length 10240 and flags "NONE".
2024-08-19 17:37:50.521 +05:30  VRB  Connection id "0HN608U5MR93A" sending "DATA" frame for stream ID 7 with length 10240 and flags "NONE".
2024-08-19 17:37:50.526 +05:30  VRB  Connection id "0HN608U5MR93A" sending "DATA" frame for stream ID 7 with length 10240 and flags "NONE".
2024-08-19 17:37:50.528 +05:30  VRB  Connection id "0HN608U5MR93A" sending "DATA" frame for stream ID 7 with length 10240 and flags "NONE".
2024-08-19 17:37:50.530 +05:30  VRB  Connection id "0HN608U5MR93A" sending "DATA" frame for stream ID 7 with length 10240 and flags "NONE".
2024-08-19 17:37:50.532 +05:30  VRB  Connection id "0HN608U5MR93A" sending "DATA" frame for stream ID 7 with length 10240 and flags "NONE".
2024-08-19 17:37:50.534 +05:30  VRB  Connection id "0HN608U5MR93A" sending "DATA" frame for stream ID 7 with length 10240 and flags "NONE".
2024-08-19 17:37:50.536 +05:30  VRB  Connection id "0HN608U5MR93A" sending "DATA" frame for stream ID 7 with length 10240 and flags "NONE".
2024-08-19 17:37:50.537 +05:30  VRB  Connection id "0HN608U5MR93A" sending "DATA" frame for stream ID 7 with length 10240 and flags "NONE".
2024-08-19 17:37:50.545 +05:30  VRB  Connection id "0HN608U5MR93A" sending "DATA" frame for stream ID 7 with length 160 and flags "NONE".
2024-08-19 17:37:50.546 +05:30  INF  Request finished HTTP/2 GET https://localhost:7113/_vs/browserLink - 200 null text/javascript; charset=UTF-8 105.6786ms
2024-08-19 17:37:50.546 +05:30  VRB  Connection id "0HN608U5MR93A" sending "DATA" frame for stream ID 7 with length 0 and flags "END_STREAM".
2024-08-19 17:37:50.646 +05:30  VRB  Connection id "0HN608U5MR93A" received "HEADERS" frame for stream ID 9 with length 76 and flags "END_STREAM, END_HEADERS, PRIORITY".
2024-08-19 17:37:50.649 +05:30  INF  Request starting HTTP/2 GET https://localhost:7113/swagger/v1/swagger.json - null null
2024-08-19 17:37:50.651 +05:30  VRB  All hosts are allowed.
2024-08-19 17:37:50.652 +05:30  DBG  No candidates found for the request path '/swagger/v1/swagger.json'
2024-08-19 17:37:50.653 +05:30  DBG  Request did not match any endpoints
2024-08-19 17:37:50.755 +05:30  VRB  Connection id "0HN608U5MR93A" sending "HEADERS" frame for stream ID 9 with length 35 and flags "END_HEADERS".
2024-08-19 17:37:50.759 +05:30  VRB  Connection id "0HN608U5MR93A" sending "DATA" frame for stream ID 9 with length 16384 and flags "NONE".
2024-08-19 17:37:50.761 +05:30  VRB  Connection id "0HN608U5MR93A" sending "DATA" frame for stream ID 9 with length 3566 and flags "NONE".
2024-08-19 17:37:50.763 +05:30  VRB  Connection id "0HN608U5MR93A" sending "DATA" frame for stream ID 9 with length 0 and flags "END_STREAM".
2024-08-19 17:37:50.763 +05:30  INF  Request finished HTTP/2 GET https://localhost:7113/swagger/v1/swagger.json - 200 null application/json;charset=utf-8 114.5337ms
2024-08-19 17:38:27.548 +05:30  VRB  Connection id "0HN608U5MR93A" received "HEADERS" frame for stream ID 11 with length 48 and flags "END_STREAM, END_HEADERS, PRIORITY".
2024-08-19 17:38:27.554 +05:30  VRB  Connection id "0HN608U5MR93A" received "PING" frame for stream ID 0 with length 8 and flags "NONE".
2024-08-19 17:38:27.559 +05:30  INF  Request starting HTTP/2 GET https://localhost:7113/swagger/index.html - null null
2024-08-19 17:38:27.560 +05:30  VRB  Connection id "0HN608U5MR93A" sending "PING" frame for stream ID 0 with length 8 and flags "ACK".
2024-08-19 17:38:27.570 +05:30  VRB  All hosts are allowed.
2024-08-19 17:38:27.571 +05:30  DBG  No candidates found for the request path '/swagger/index.html'
2024-08-19 17:38:27.571 +05:30  DBG  Request did not match any endpoints
2024-08-19 17:38:27.575 +05:30  DBG  Response markup is scheduled to include Browser Link script injection.
2024-08-19 17:38:27.577 +05:30  DBG  Response markup is scheduled to include browser refresh script injection.
2024-08-19 17:38:27.578 +05:30  VRB  Connection id "0HN608U5MR93A" sending "HEADERS" frame for stream ID 11 with length 34 and flags "END_HEADERS".
2024-08-19 17:38:27.578 +05:30  DBG  Response markup was updated to include Browser Link script injection.
2024-08-19 17:38:27.580 +05:30  VRB  Connection id "0HN608U5MR93A" sending "DATA" frame for stream ID 11 with length 1136 and flags "NONE".
2024-08-19 17:38:27.580 +05:30  DBG  Response markup was updated to include browser refresh script injection.
2024-08-19 17:38:27.583 +05:30  VRB  Connection id "0HN608U5MR93A" sending "DATA" frame for stream ID 11 with length 0 and flags "END_STREAM".
2024-08-19 17:38:27.583 +05:30  INF  Request finished HTTP/2 GET https://localhost:7113/swagger/index.html - 200 null text/html;charset=utf-8 24.454ms
2024-08-19 17:38:27.584 +05:30  VRB  Connection id "0HN608U5MR93A" received "WINDOW_UPDATE" frame for stream ID 0 with length 4 and flags 0x0.
2024-08-19 17:38:27.596 +05:30  VRB  Connection id "0HN608U5MR93A" received "HEADERS" frame for stream ID 13 with length 37 and flags "END_STREAM, END_HEADERS, PRIORITY".
2024-08-19 17:38:27.599 +05:30  VRB  Connection id "0HN608U5MR93A" received "HEADERS" frame for stream ID 15 with length 54 and flags "END_STREAM, END_HEADERS, PRIORITY".
2024-08-19 17:38:27.599 +05:30  INF  Request starting HTTP/2 GET https://localhost:7113/swagger/index.js - null null
2024-08-19 17:38:27.601 +05:30  VRB  Connection id "0HN608U5MR93A" received "HEADERS" frame for stream ID 17 with length 59 and flags "END_STREAM, END_HEADERS, PRIORITY".
2024-08-19 17:38:27.602 +05:30  INF  Request starting HTTP/2 GET https://localhost:7113/_framework/aspnetcore-browser-refresh.js - null null
2024-08-19 17:38:27.604 +05:30  VRB  All hosts are allowed.
2024-08-19 17:38:27.610 +05:30  INF  Request starting HTTP/2 GET https://localhost:7113/_vs/browserLink - null null
2024-08-19 17:38:27.612 +05:30  VRB  Connection id "0HN608U5MR93A" sending "HEADERS" frame for stream ID 15 with length 13 and flags "END_HEADERS".
2024-08-19 17:38:27.613 +05:30  DBG  No candidates found for the request path '/swagger/index.js'
2024-08-19 17:38:27.625 +05:30  VRB  Connection id "0HN608U5MR93A" sending "DATA" frame for stream ID 15 with length 13762 and flags "NONE".
2024-08-19 17:38:27.626 +05:30  DBG  Request did not match any endpoints
2024-08-19 17:38:27.630 +05:30  INF  Request finished HTTP/2 GET https://localhost:7113/_framework/aspnetcore-browser-refresh.js - 200 13762 application/javascript; charset=utf-8 28.662ms
2024-08-19 17:38:27.631 +05:30  VRB  Connection id "0HN608U5MR93A" sending "DATA" frame for stream ID 15 with length 0 and flags "END_STREAM".
2024-08-19 17:38:27.631 +05:30  INF  Request finished HTTP/2 GET https://localhost:7113/swagger/index.js - 200 null application/javascript;charset=utf-8 31.9423ms
2024-08-19 17:38:27.644 +05:30  VRB  Connection id "0HN608U5MR93A" sending "HEADERS" frame for stream ID 13 with length 4 and flags "END_HEADERS".
2024-08-19 17:38:27.649 +05:30  VRB  Connection id "0HN608U5MR93A" sending "DATA" frame for stream ID 13 with length 3005 and flags "END_STREAM".
2024-08-19 17:38:27.651 +05:30  VRB  Connection id "0HN608U5MR93A" sending "HEADERS" frame for stream ID 17 with length 66 and flags "END_HEADERS".
2024-08-19 17:38:27.653 +05:30  VRB  Connection id "0HN608U5MR93A" sending "DATA" frame for stream ID 17 with length 9986 and flags "NONE".
2024-08-19 17:38:27.656 +05:30  VRB  Connection id "0HN608U5MR93A" sending "DATA" frame for stream ID 17 with length 10240 and flags "NONE".
2024-08-19 17:38:27.663 +05:30  VRB  Connection id "0HN608U5MR93A" sending "DATA" frame for stream ID 17 with length 10240 and flags "NONE".
2024-08-19 17:38:27.665 +05:30  VRB  Connection id "0HN608U5MR93A" sending "DATA" frame for stream ID 17 with length 10240 and flags "NONE".
2024-08-19 17:38:27.668 +05:30  VRB  Connection id "0HN608U5MR93A" sending "DATA" frame for stream ID 17 with length 10240 and flags "NONE".
2024-08-19 17:38:27.669 +05:30  VRB  Connection id "0HN608U5MR93A" sending "DATA" frame for stream ID 17 with length 10240 and flags "NONE".
2024-08-19 17:38:27.671 +05:30  VRB  Connection id "0HN608U5MR93A" sending "DATA" frame for stream ID 17 with length 10240 and flags "NONE".
2024-08-19 17:38:27.673 +05:30  VRB  Connection id "0HN608U5MR93A" sending "DATA" frame for stream ID 17 with length 10240 and flags "NONE".
2024-08-19 17:38:27.677 +05:30  VRB  Connection id "0HN608U5MR93A" sending "DATA" frame for stream ID 17 with length 10240 and flags "NONE".
2024-08-19 17:38:27.678 +05:30  VRB  Connection id "0HN608U5MR93A" sending "DATA" frame for stream ID 17 with length 10240 and flags "NONE".
2024-08-19 17:38:27.680 +05:30  VRB  Connection id "0HN608U5MR93A" sending "DATA" frame for stream ID 17 with length 10240 and flags "NONE".
2024-08-19 17:38:27.682 +05:30  VRB  Connection id "0HN608U5MR93A" sending "DATA" frame for stream ID 17 with length 10240 and flags "NONE".
2024-08-19 17:38:27.683 +05:30  VRB  Connection id "0HN608U5MR93A" sending "DATA" frame for stream ID 17 with length 10240 and flags "NONE".
2024-08-19 17:38:27.685 +05:30  VRB  Connection id "0HN608U5MR93A" sending "DATA" frame for stream ID 17 with length 10240 and flags "NONE".
2024-08-19 17:38:27.686 +05:30  VRB  Connection id "0HN608U5MR93A" sending "DATA" frame for stream ID 17 with length 10240 and flags "NONE".
2024-08-19 17:38:27.688 +05:30  VRB  Connection id "0HN608U5MR93A" sending "DATA" frame for stream ID 17 with length 160 and flags "NONE".
2024-08-19 17:38:27.688 +05:30  INF  Request finished HTTP/2 GET https://localhost:7113/_vs/browserLink - 200 null text/javascript; charset=UTF-8 78.437ms
2024-08-19 17:38:27.692 +05:30  VRB  Connection id "0HN608U5MR93A" sending "DATA" frame for stream ID 17 with length 0 and flags "END_STREAM".
2024-08-19 17:38:27.720 +05:30  VRB  Connection id "0HN608U5MR93A" received "HEADERS" frame for stream ID 19 with length 42 and flags "END_STREAM, END_HEADERS, PRIORITY".
2024-08-19 17:38:27.725 +05:30  INF  Request starting HTTP/2 GET https://localhost:7113/swagger/v1/swagger.json - null null
2024-08-19 17:38:27.729 +05:30  VRB  All hosts are allowed.
2024-08-19 17:38:27.729 +05:30  DBG  No candidates found for the request path '/swagger/v1/swagger.json'
2024-08-19 17:38:27.730 +05:30  DBG  Request did not match any endpoints
2024-08-19 17:38:27.740 +05:30  VRB  Connection id "0HN608U5MR93A" sending "HEADERS" frame for stream ID 19 with length 4 and flags "END_HEADERS".
2024-08-19 17:38:27.743 +05:30  VRB  Connection id "0HN608U5MR93A" sending "DATA" frame for stream ID 19 with length 16384 and flags "NONE".
2024-08-19 17:38:27.745 +05:30  VRB  Connection id "0HN608U5MR93A" sending "DATA" frame for stream ID 19 with length 3566 and flags "NONE".
2024-08-19 17:38:27.747 +05:30  VRB  Connection id "0HN608U5MR93A" sending "DATA" frame for stream ID 19 with length 0 and flags "END_STREAM".
2024-08-19 17:38:27.747 +05:30  INF  Request finished HTTP/2 GET https://localhost:7113/swagger/v1/swagger.json - 200 null application/json;charset=utf-8 22.2141ms
2024-08-19 17:38:30.454 +05:30  DBG  Connection id "0HN608U5MR93A" received FIN.
2024-08-19 17:38:30.458 +05:30  DBG  Connection id "0HN608U5MR93A" is closed. The last processed stream ID was 19.
2024-08-19 17:38:30.460 +05:30  DBG  The connection queue processing loop for 0HN608U5MR93A completed.
2024-08-19 17:38:30.460 +05:30  DBG  Connection id "0HN608U5MR93A" sending FIN because: "The Socket transport's send loop completed gracefully."
2024-08-19 17:38:30.475 +05:30  DBG  Connection id "0HN608U5MR93A" stopped.
2024-08-19 17:38:42.771 +05:30  DBG  Connection id "0HN608U5MR93B" accepted.
2024-08-19 17:38:42.773 +05:30  DBG  Connection id "0HN608U5MR93B" started.
2024-08-19 17:38:42.783 +05:30  DBG  Connection 0HN608U5MR93B established using the following protocol: "Tls12"
2024-08-19 17:38:42.787 +05:30  VRB  Connection id "0HN608U5MR93B" sending "SETTINGS" frame for stream ID 0 with length 24 and flags "NONE".
2024-08-19 17:38:42.790 +05:30  VRB  Connection id "0HN608U5MR93B" sending "WINDOW_UPDATE" frame for stream ID 0 with length 4 and flags 0x0.
2024-08-19 17:38:42.794 +05:30  VRB  Connection id "0HN608U5MR93B" received "SETTINGS" frame for stream ID 0 with length 24 and flags "NONE".
2024-08-19 17:38:42.796 +05:30  VRB  Connection id "0HN608U5MR93B" sending "SETTINGS" frame for stream ID 0 with length 0 and flags "ACK".
2024-08-19 17:38:42.798 +05:30  VRB  Connection id "0HN608U5MR93B" received "WINDOW_UPDATE" frame for stream ID 0 with length 4 and flags 0x0.
2024-08-19 17:38:42.799 +05:30  VRB  Connection id "0HN608U5MR93B" received "HEADERS" frame for stream ID 1 with length 1106 and flags "END_STREAM, END_HEADERS, PRIORITY".
2024-08-19 17:38:42.801 +05:30  VRB  Connection id "0HN608U5MR93B" received "SETTINGS" frame for stream ID 0 with length 0 and flags "ACK".
2024-08-19 17:38:42.801 +05:30  INF  Request starting HTTP/2 GET https://localhost:7113/api/Product - null null
2024-08-19 17:38:42.805 +05:30  VRB  All hosts are allowed.
2024-08-19 17:38:42.814 +05:30  DBG  1 candidate(s) found for the request path '/api/Product'
2024-08-19 17:38:42.816 +05:30  DBG  Endpoint 'Web.Ecommerce.Controllers.Seller.ProductController.GetAllProducts (Web.Ecommerce)' with route pattern 'api/Product' is valid for the request path '/api/Product'
2024-08-19 17:38:42.818 +05:30  DBG  Request matched endpoint 'Web.Ecommerce.Controllers.Seller.ProductController.GetAllProducts (Web.Ecommerce)'
2024-08-19 17:38:42.819 +05:30  VRB  The endpoint does not specify the IRequestSizeLimitMetadata.
2024-08-19 17:38:42.820 +05:30  DBG  Static files was skipped as the request already matched an endpoint.
2024-08-19 17:38:42.864 +05:30  DBG  AuthenticationScheme: Bearer was not authenticated.
2024-08-19 17:38:42.867 +05:30  DBG  AuthenticationScheme: Bearer was not authenticated.
2024-08-19 17:38:42.869 +05:30  INF  Executing endpoint 'Web.Ecommerce.Controllers.Seller.ProductController.GetAllProducts (Web.Ecommerce)'
2024-08-19 17:38:42.878 +05:30  INF  Route matched with {action = "GetAllProducts", controller = "Product"}. Executing controller action with signature System.Threading.Tasks.Task`1[Microsoft.AspNetCore.Mvc.IActionResult] GetAllProducts() on controller Web.Ecommerce.Controllers.Seller.ProductController (Web.Ecommerce).
2024-08-19 17:38:42.882 +05:30  DBG  Execution plan of authorization filters (in the following order): ["None"]
2024-08-19 17:38:42.883 +05:30  DBG  Execution plan of resource filters (in the following order): ["None"]
2024-08-19 17:38:42.884 +05:30  DBG  Execution plan of action filters (in the following order): ["Microsoft.AspNetCore.Mvc.ModelBinding.UnsupportedContentTypeFilter (Order: -3000)","Microsoft.AspNetCore.Mvc.Infrastructure.ModelStateInvalidFilter (Order: -2000)"]
2024-08-19 17:38:42.886 +05:30  DBG  Execution plan of exception filters (in the following order): ["None"]
2024-08-19 17:38:42.887 +05:30  DBG  Execution plan of result filters (in the following order): ["Microsoft.AspNetCore.Mvc.Infrastructure.ClientErrorResultFilter (Order: -2000)"]
2024-08-19 17:38:42.892 +05:30  DBG  Executing controller factory for controller Web.Ecommerce.Controllers.Seller.ProductController (Web.Ecommerce)
2024-08-19 17:38:42.894 +05:30  DBG  Executed controller factory for controller Web.Ecommerce.Controllers.Seller.ProductController (Web.Ecommerce)
2024-08-19 17:38:42.895 +05:30  VRB  Action Filter: Before executing OnActionExecuting on filter Microsoft.AspNetCore.Mvc.ModelBinding.UnsupportedContentTypeFilter.
2024-08-19 17:38:42.896 +05:30  VRB  Action Filter: After executing OnActionExecuting on filter Microsoft.AspNetCore.Mvc.ModelBinding.UnsupportedContentTypeFilter.
2024-08-19 17:38:42.898 +05:30  VRB  Action Filter: Before executing OnActionExecuting on filter Microsoft.AspNetCore.Mvc.Infrastructure.ModelStateInvalidFilter.
2024-08-19 17:38:42.899 +05:30  VRB  Action Filter: After executing OnActionExecuting on filter Microsoft.AspNetCore.Mvc.Infrastructure.ModelStateInvalidFilter.
2024-08-19 17:38:42.903 +05:30  INF  Executing action method Web.Ecommerce.Controllers.Seller.ProductController.GetAllProducts (Web.Ecommerce) - Validation state: "Valid"
2024-08-19 17:38:42.950 +05:30  DBG  Entity Framework Core 8.0.7 initialized 'EcommerceDbContext' using provider 'Microsoft.EntityFrameworkCore.SqlServer:8.0.7' with options: None
2024-08-19 17:38:42.957 +05:30  DBG  Compiling query expression: 
'DbSet<Product>()
    .Select(p => new ProductDto{ 
        ProductId = p.ProductId, 
        Name = p.Name, 
        Description = p.Description, 
        Category = p.Category, 
        Price = p.Price, 
        Quantity = p.Quantity, 
        SellerId = p.SellerId 
    }
    )'
2024-08-19 17:38:42.969 +05:30  DBG  Generated query execution expression: 
'queryContext => new SingleQueryingEnumerable<ProductDto>(
    (RelationalQueryContext)queryContext, 
    RelationalCommandCache.QueryExpression(
        Projection Mapping:
            ProductId -> 0
            Name -> 1
            Description -> 2
            Category -> 3
            Price -> 4
            Quantity -> 5
            SellerId -> 6
        SELECT p.ProductId, p.Name, p.Description, p.Category, p.Price, p.Quantity, p.SellerId
        FROM Products AS p), 
    null, 
    Func<QueryContext, DbDataReader, ResultContext, SingleQueryResultCoordinator, ProductDto>, 
    Persistance.EcommerceDbContext, 
    False, 
    False, 
    True
)'
2024-08-19 17:38:42.977 +05:30  DBG  Creating DbConnection.
2024-08-19 17:38:42.978 +05:30  DBG  Created DbConnection. (1ms).
2024-08-19 17:38:42.978 +05:30  DBG  Opening connection to database 'Ecommerce' on server 'FGS-DSK-230\MSSQLSERVER2019'.
2024-08-19 17:38:42.981 +05:30  DBG  Opened connection to database 'Ecommerce' on server 'FGS-DSK-230\MSSQLSERVER2019'.
2024-08-19 17:38:42.982 +05:30  DBG  Creating DbCommand for 'ExecuteReader'.
2024-08-19 17:38:42.983 +05:30  DBG  Created DbCommand for 'ExecuteReader' (0ms).
2024-08-19 17:38:42.984 +05:30  DBG  Initialized DbCommand for 'ExecuteReader' (1ms).
2024-08-19 17:38:42.985 +05:30  DBG  Executing DbCommand [Parameters=[], CommandType='"Text"', CommandTimeout='30']
SELECT [p].[ProductId], [p].[Name], [p].[Description], [p].[Category], [p].[Price], [p].[Quantity], [p].[SellerId]
FROM [Products] AS [p]
2024-08-19 17:38:42.990 +05:30  INF  Executed DbCommand (5ms) [Parameters=[], CommandType='"Text"', CommandTimeout='30']
SELECT [p].[ProductId], [p].[Name], [p].[Description], [p].[Category], [p].[Price], [p].[Quantity], [p].[SellerId]
FROM [Products] AS [p]
2024-08-19 17:38:42.995 +05:30  DBG  Closing data reader to 'Ecommerce' on server 'FGS-DSK-230\MSSQLSERVER2019'.
2024-08-19 17:38:42.996 +05:30  DBG  A data reader for 'Ecommerce' on server 'FGS-DSK-230\MSSQLSERVER2019' is being disposed after spending 3ms reading results.
2024-08-19 17:38:42.998 +05:30  DBG  Closing connection to database 'Ecommerce' on server 'FGS-DSK-230\MSSQLSERVER2019'.
2024-08-19 17:38:42.999 +05:30  DBG  Closed connection to database 'Ecommerce' on server 'FGS-DSK-230\MSSQLSERVER2019' (1ms).
2024-08-19 17:38:43.004 +05:30  INF  Executed action method Web.Ecommerce.Controllers.Seller.ProductController.GetAllProducts (Web.Ecommerce), returned result Microsoft.AspNetCore.Mvc.OkObjectResult in 97.3492ms.
2024-08-19 17:38:43.009 +05:30  VRB  Action Filter: Before executing OnActionExecuted on filter Microsoft.AspNetCore.Mvc.Infrastructure.ModelStateInvalidFilter.
2024-08-19 17:38:43.010 +05:30  VRB  Action Filter: After executing OnActionExecuted on filter Microsoft.AspNetCore.Mvc.Infrastructure.ModelStateInvalidFilter.
2024-08-19 17:38:43.012 +05:30  VRB  Action Filter: Before executing OnActionExecuted on filter Microsoft.AspNetCore.Mvc.ModelBinding.UnsupportedContentTypeFilter.
2024-08-19 17:38:43.013 +05:30  VRB  Action Filter: After executing OnActionExecuted on filter Microsoft.AspNetCore.Mvc.ModelBinding.UnsupportedContentTypeFilter.
2024-08-19 17:38:43.015 +05:30  VRB  Result Filter: Before executing OnResultExecuting on filter Microsoft.AspNetCore.Mvc.Infrastructure.ClientErrorResultFilter.
2024-08-19 17:38:43.016 +05:30  VRB  Result Filter: After executing OnResultExecuting on filter Microsoft.AspNetCore.Mvc.Infrastructure.ClientErrorResultFilter.
2024-08-19 17:38:43.018 +05:30  VRB  Before executing action result Microsoft.AspNetCore.Mvc.OkObjectResult.
2024-08-19 17:38:43.020 +05:30  DBG  List of registered output formatters, in the following order: ["Microsoft.AspNetCore.Mvc.Formatters.HttpNoContentOutputFormatter","Microsoft.AspNetCore.Mvc.Formatters.StringOutputFormatter","Microsoft.AspNetCore.Mvc.Formatters.StreamOutputFormatter","Microsoft.AspNetCore.Mvc.Formatters.SystemTextJsonOutputFormatter"]
2024-08-19 17:38:43.025 +05:30  DBG  No information found on request to perform content negotiation.
2024-08-19 17:38:43.026 +05:30  DBG  Attempting to select an output formatter without using a content type as no explicit content types were specified for the response.
2024-08-19 17:38:43.027 +05:30  DBG  Attempting to select the first formatter in the output formatters list which can write the result.
2024-08-19 17:38:43.028 +05:30  DBG  Selected output formatter 'Microsoft.AspNetCore.Mvc.Formatters.SystemTextJsonOutputFormatter' and content type 'application/json' to write the response.
2024-08-19 17:38:43.029 +05:30  INF  Executing OkObjectResult, writing value of type 'System.Collections.Generic.List`1[[Application.Ecom.Dtos.ProductDto, Application.Ecom, Version=1.0.0.0, Culture=neutral, PublicKeyToken=null]]'.
2024-08-19 17:38:43.058 +05:30  VRB  Connection id "0HN608U5MR93B" sending "HEADERS" frame for stream ID 1 with length 74 and flags "END_HEADERS".
2024-08-19 17:38:43.058 +05:30  VRB  After executing action result Microsoft.AspNetCore.Mvc.OkObjectResult.
2024-08-19 17:38:43.060 +05:30  VRB  Connection id "0HN608U5MR93B" sending "DATA" frame for stream ID 1 with length 923 and flags "NONE".
2024-08-19 17:38:43.061 +05:30  VRB  Result Filter: Before executing OnResultExecuted on filter Microsoft.AspNetCore.Mvc.Infrastructure.ClientErrorResultFilter.
2024-08-19 17:38:43.064 +05:30  VRB  Result Filter: After executing OnResultExecuted on filter Microsoft.AspNetCore.Mvc.Infrastructure.ClientErrorResultFilter.
2024-08-19 17:38:43.069 +05:30  INF  Executed action Web.Ecommerce.Controllers.Seller.ProductController.GetAllProducts (Web.Ecommerce) in 175.8515ms
2024-08-19 17:38:43.071 +05:30  INF  Executed endpoint 'Web.Ecommerce.Controllers.Seller.ProductController.GetAllProducts (Web.Ecommerce)'
2024-08-19 17:38:43.073 +05:30  VRB  Connection id "0HN608U5MR93B" sending "DATA" frame for stream ID 1 with length 0 and flags "END_STREAM".
2024-08-19 17:38:43.073 +05:30  DBG  'EcommerceDbContext' disposed.
2024-08-19 17:38:43.080 +05:30  DBG  Disposing connection to database 'Ecommerce' on server 'FGS-DSK-230\MSSQLSERVER2019'.
2024-08-19 17:38:43.081 +05:30  DBG  Disposed connection to database '' on server '' (1ms).
2024-08-19 17:38:43.082 +05:30  INF  Request finished HTTP/2 GET https://localhost:7113/api/Product - 200 null application/json; charset=utf-8 280.5479ms
2024-08-19 17:38:50.476 +05:30  DBG  Connection id "0HN608U5MR93B" received FIN.
2024-08-19 17:38:50.480 +05:30  DBG  Connection id "0HN608U5MR93B" is closed. The last processed stream ID was 1.
2024-08-19 17:38:50.480 +05:30  DBG  The connection queue processing loop for 0HN608U5MR93B completed.
2024-08-19 17:38:50.482 +05:30  DBG  Connection id "0HN608U5MR93B" sending FIN because: "The Socket transport's send loop completed gracefully."
2024-08-19 17:38:50.489 +05:30  DBG  Connection id "0HN608U5MR93B" stopped.
2024-08-19 17:39:51.452 +05:30  DBG  Connection id "0HN608U5MR93C" accepted.
2024-08-19 17:39:51.454 +05:30  DBG  Connection id "0HN608U5MR93C" started.
2024-08-19 17:39:51.462 +05:30  DBG  Connection 0HN608U5MR93C established using the following protocol: "Tls12"
2024-08-19 17:39:51.464 +05:30  VRB  Connection id "0HN608U5MR93C" sending "SETTINGS" frame for stream ID 0 with length 24 and flags "NONE".
2024-08-19 17:39:51.468 +05:30  VRB  Connection id "0HN608U5MR93C" sending "WINDOW_UPDATE" frame for stream ID 0 with length 4 and flags 0x0.
2024-08-19 17:39:51.471 +05:30  VRB  Connection id "0HN608U5MR93C" received "SETTINGS" frame for stream ID 0 with length 24 and flags "NONE".
2024-08-19 17:39:51.472 +05:30  VRB  Connection id "0HN608U5MR93C" sending "SETTINGS" frame for stream ID 0 with length 0 and flags "ACK".
2024-08-19 17:39:51.476 +05:30  VRB  Connection id "0HN608U5MR93C" received "WINDOW_UPDATE" frame for stream ID 0 with length 4 and flags 0x0.
2024-08-19 17:39:51.478 +05:30  VRB  Connection id "0HN608U5MR93C" received "HEADERS" frame for stream ID 1 with length 1106 and flags "END_STREAM, END_HEADERS, PRIORITY".
2024-08-19 17:39:51.479 +05:30  VRB  Connection id "0HN608U5MR93C" received "SETTINGS" frame for stream ID 0 with length 0 and flags "ACK".
2024-08-19 17:39:51.479 +05:30  INF  Request starting HTTP/2 GET https://localhost:7113/api/Product - null null
2024-08-19 17:39:51.483 +05:30  VRB  All hosts are allowed.
2024-08-19 17:39:51.484 +05:30  DBG  1 candidate(s) found for the request path '/api/Product'
2024-08-19 17:39:51.485 +05:30  DBG  Endpoint 'Web.Ecommerce.Controllers.Seller.ProductController.GetAllProducts (Web.Ecommerce)' with route pattern 'api/Product' is valid for the request path '/api/Product'
2024-08-19 17:39:51.487 +05:30  DBG  Request matched endpoint 'Web.Ecommerce.Controllers.Seller.ProductController.GetAllProducts (Web.Ecommerce)'
2024-08-19 17:39:51.488 +05:30  VRB  The endpoint does not specify the IRequestSizeLimitMetadata.
2024-08-19 17:39:51.488 +05:30  DBG  Static files was skipped as the request already matched an endpoint.
2024-08-19 17:39:51.495 +05:30  DBG  AuthenticationScheme: Bearer was not authenticated.
2024-08-19 17:39:51.496 +05:30  DBG  AuthenticationScheme: Bearer was not authenticated.
2024-08-19 17:39:51.497 +05:30  INF  Executing endpoint 'Web.Ecommerce.Controllers.Seller.ProductController.GetAllProducts (Web.Ecommerce)'
2024-08-19 17:39:51.498 +05:30  INF  Route matched with {action = "GetAllProducts", controller = "Product"}. Executing controller action with signature System.Threading.Tasks.Task`1[Microsoft.AspNetCore.Mvc.IActionResult] GetAllProducts() on controller Web.Ecommerce.Controllers.Seller.ProductController (Web.Ecommerce).
2024-08-19 17:39:51.500 +05:30  DBG  Execution plan of authorization filters (in the following order): ["None"]
2024-08-19 17:39:51.501 +05:30  DBG  Execution plan of resource filters (in the following order): ["None"]
2024-08-19 17:39:51.502 +05:30  DBG  Execution plan of action filters (in the following order): ["Microsoft.AspNetCore.Mvc.ModelBinding.UnsupportedContentTypeFilter (Order: -3000)","Microsoft.AspNetCore.Mvc.Infrastructure.ModelStateInvalidFilter (Order: -2000)"]
2024-08-19 17:39:51.504 +05:30  DBG  Execution plan of exception filters (in the following order): ["None"]
2024-08-19 17:39:51.505 +05:30  DBG  Execution plan of result filters (in the following order): ["Microsoft.AspNetCore.Mvc.Infrastructure.ClientErrorResultFilter (Order: -2000)"]
2024-08-19 17:39:51.510 +05:30  DBG  Executing controller factory for controller Web.Ecommerce.Controllers.Seller.ProductController (Web.Ecommerce)
2024-08-19 17:39:51.512 +05:30  DBG  Executed controller factory for controller Web.Ecommerce.Controllers.Seller.ProductController (Web.Ecommerce)
2024-08-19 17:39:51.514 +05:30  VRB  Action Filter: Before executing OnActionExecuting on filter Microsoft.AspNetCore.Mvc.ModelBinding.UnsupportedContentTypeFilter.
2024-08-19 17:39:51.515 +05:30  VRB  Action Filter: After executing OnActionExecuting on filter Microsoft.AspNetCore.Mvc.ModelBinding.UnsupportedContentTypeFilter.
2024-08-19 17:39:51.517 +05:30  VRB  Action Filter: Before executing OnActionExecuting on filter Microsoft.AspNetCore.Mvc.Infrastructure.ModelStateInvalidFilter.
2024-08-19 17:39:51.518 +05:30  VRB  Action Filter: After executing OnActionExecuting on filter Microsoft.AspNetCore.Mvc.Infrastructure.ModelStateInvalidFilter.
2024-08-19 17:39:51.520 +05:30  INF  Executing action method Web.Ecommerce.Controllers.Seller.ProductController.GetAllProducts (Web.Ecommerce) - Validation state: "Valid"
2024-08-19 17:39:51.534 +05:30  DBG  Entity Framework Core 8.0.7 initialized 'EcommerceDbContext' using provider 'Microsoft.EntityFrameworkCore.SqlServer:8.0.7' with options: None
2024-08-19 17:39:51.537 +05:30  DBG  Creating DbConnection.
2024-08-19 17:39:51.538 +05:30  DBG  Created DbConnection. (0ms).
2024-08-19 17:39:51.540 +05:30  DBG  Opening connection to database 'Ecommerce' on server 'FGS-DSK-230\MSSQLSERVER2019'.
2024-08-19 17:39:51.542 +05:30  DBG  Opened connection to database 'Ecommerce' on server 'FGS-DSK-230\MSSQLSERVER2019'.
2024-08-19 17:39:51.543 +05:30  DBG  Creating DbCommand for 'ExecuteReader'.
2024-08-19 17:39:51.544 +05:30  DBG  Created DbCommand for 'ExecuteReader' (0ms).
2024-08-19 17:39:51.544 +05:30  DBG  Initialized DbCommand for 'ExecuteReader' (1ms).
2024-08-19 17:39:51.545 +05:30  DBG  Executing DbCommand [Parameters=[], CommandType='"Text"', CommandTimeout='30']
SELECT [p].[ProductId], [p].[Name], [p].[Description], [p].[Category], [p].[Price], [p].[Quantity], [p].[SellerId]
FROM [Products] AS [p]
2024-08-19 17:39:51.549 +05:30  INF  Executed DbCommand (4ms) [Parameters=[], CommandType='"Text"', CommandTimeout='30']
SELECT [p].[ProductId], [p].[Name], [p].[Description], [p].[Category], [p].[Price], [p].[Quantity], [p].[SellerId]
FROM [Products] AS [p]
2024-08-19 17:39:51.551 +05:30  DBG  Closing data reader to 'Ecommerce' on server 'FGS-DSK-230\MSSQLSERVER2019'.
2024-08-19 17:39:51.552 +05:30  DBG  A data reader for 'Ecommerce' on server 'FGS-DSK-230\MSSQLSERVER2019' is being disposed after spending 0ms reading results.
2024-08-19 17:39:51.553 +05:30  DBG  Closing connection to database 'Ecommerce' on server 'FGS-DSK-230\MSSQLSERVER2019'.
2024-08-19 17:39:51.554 +05:30  DBG  Closed connection to database 'Ecommerce' on server 'FGS-DSK-230\MSSQLSERVER2019' (0ms).
2024-08-19 17:39:51.560 +05:30  INF  Executed action method Web.Ecommerce.Controllers.Seller.ProductController.GetAllProducts (Web.Ecommerce), returned result Microsoft.AspNetCore.Mvc.OkObjectResult in 39.074ms.
2024-08-19 17:39:51.561 +05:30  VRB  Action Filter: Before executing OnActionExecuted on filter Microsoft.AspNetCore.Mvc.Infrastructure.ModelStateInvalidFilter.
2024-08-19 17:39:51.563 +05:30  VRB  Action Filter: After executing OnActionExecuted on filter Microsoft.AspNetCore.Mvc.Infrastructure.ModelStateInvalidFilter.
2024-08-19 17:39:51.564 +05:30  VRB  Action Filter: Before executing OnActionExecuted on filter Microsoft.AspNetCore.Mvc.ModelBinding.UnsupportedContentTypeFilter.
2024-08-19 17:39:51.566 +05:30  VRB  Action Filter: After executing OnActionExecuted on filter Microsoft.AspNetCore.Mvc.ModelBinding.UnsupportedContentTypeFilter.
2024-08-19 17:39:51.567 +05:30  VRB  Result Filter: Before executing OnResultExecuting on filter Microsoft.AspNetCore.Mvc.Infrastructure.ClientErrorResultFilter.
2024-08-19 17:39:51.568 +05:30  VRB  Result Filter: After executing OnResultExecuting on filter Microsoft.AspNetCore.Mvc.Infrastructure.ClientErrorResultFilter.
2024-08-19 17:39:51.570 +05:30  VRB  Before executing action result Microsoft.AspNetCore.Mvc.OkObjectResult.
2024-08-19 17:39:51.571 +05:30  DBG  List of registered output formatters, in the following order: ["Microsoft.AspNetCore.Mvc.Formatters.HttpNoContentOutputFormatter","Microsoft.AspNetCore.Mvc.Formatters.StringOutputFormatter","Microsoft.AspNetCore.Mvc.Formatters.StreamOutputFormatter","Microsoft.AspNetCore.Mvc.Formatters.SystemTextJsonOutputFormatter"]
2024-08-19 17:39:51.576 +05:30  DBG  No information found on request to perform content negotiation.
2024-08-19 17:39:51.576 +05:30  DBG  Attempting to select an output formatter without using a content type as no explicit content types were specified for the response.
2024-08-19 17:39:51.577 +05:30  DBG  Attempting to select the first formatter in the output formatters list which can write the result.
2024-08-19 17:39:51.578 +05:30  DBG  Selected output formatter 'Microsoft.AspNetCore.Mvc.Formatters.SystemTextJsonOutputFormatter' and content type 'application/json' to write the response.
2024-08-19 17:39:51.579 +05:30  INF  Executing OkObjectResult, writing value of type 'System.Collections.Generic.List`1[[Application.Ecom.Dtos.ProductDto, Application.Ecom, Version=1.0.0.0, Culture=neutral, PublicKeyToken=null]]'.
2024-08-19 17:39:51.581 +05:30  VRB  Connection id "0HN608U5MR93C" sending "HEADERS" frame for stream ID 1 with length 74 and flags "END_HEADERS".
2024-08-19 17:39:51.581 +05:30  VRB  After executing action result Microsoft.AspNetCore.Mvc.OkObjectResult.
2024-08-19 17:39:51.582 +05:30  VRB  Connection id "0HN608U5MR93C" sending "DATA" frame for stream ID 1 with length 923 and flags "NONE".
2024-08-19 17:39:51.583 +05:30  VRB  Result Filter: Before executing OnResultExecuted on filter Microsoft.AspNetCore.Mvc.Infrastructure.ClientErrorResultFilter.
2024-08-19 17:39:51.586 +05:30  VRB  Result Filter: After executing OnResultExecuted on filter Microsoft.AspNetCore.Mvc.Infrastructure.ClientErrorResultFilter.
2024-08-19 17:39:51.587 +05:30  INF  Executed action Web.Ecommerce.Controllers.Seller.ProductController.GetAllProducts (Web.Ecommerce) in 77.3374ms
2024-08-19 17:39:51.592 +05:30  INF  Executed endpoint 'Web.Ecommerce.Controllers.Seller.ProductController.GetAllProducts (Web.Ecommerce)'
2024-08-19 17:39:51.593 +05:30  DBG  'EcommerceDbContext' disposed.
2024-08-19 17:39:51.593 +05:30  VRB  Connection id "0HN608U5MR93C" sending "DATA" frame for stream ID 1 with length 0 and flags "END_STREAM".
2024-08-19 17:39:51.594 +05:30  DBG  Disposing connection to database 'Ecommerce' on server 'FGS-DSK-230\MSSQLSERVER2019'.
2024-08-19 17:39:51.596 +05:30  DBG  Disposed connection to database '' on server '' (2ms).
2024-08-19 17:39:51.597 +05:30  INF  Request finished HTTP/2 GET https://localhost:7113/api/Product - 200 null application/json; charset=utf-8 117.9ms
2024-08-19 17:40:00.567 +05:30  DBG  Connection id "0HN608U5MR93C" received FIN.
2024-08-19 17:40:00.570 +05:30  DBG  Connection id "0HN608U5MR93C" is closed. The last processed stream ID was 1.
2024-08-19 17:40:00.570 +05:30  DBG  The connection queue processing loop for 0HN608U5MR93C completed.
2024-08-19 17:40:00.571 +05:30  DBG  Connection id "0HN608U5MR93C" sending FIN because: "The Socket transport's send loop completed gracefully."
2024-08-19 17:40:00.581 +05:30  DBG  Connection id "0HN608U5MR93C" stopped.
2024-08-19 17:41:02.049 +05:30  DBG  Connection id "0HN608U5MR93D" accepted.
2024-08-19 17:41:02.051 +05:30  DBG  Connection id "0HN608U5MR93D" started.
2024-08-19 17:41:02.056 +05:30  DBG  Connection 0HN608U5MR93D established using the following protocol: "Tls12"
2024-08-19 17:41:02.063 +05:30  VRB  Connection id "0HN608U5MR93D" sending "SETTINGS" frame for stream ID 0 with length 24 and flags "NONE".
2024-08-19 17:41:02.065 +05:30  VRB  Connection id "0HN608U5MR93D" sending "WINDOW_UPDATE" frame for stream ID 0 with length 4 and flags 0x0.
2024-08-19 17:41:02.067 +05:30  VRB  Connection id "0HN608U5MR93D" received "SETTINGS" frame for stream ID 0 with length 24 and flags "NONE".
2024-08-19 17:41:02.068 +05:30  VRB  Connection id "0HN608U5MR93D" sending "SETTINGS" frame for stream ID 0 with length 0 and flags "ACK".
2024-08-19 17:41:02.070 +05:30  VRB  Connection id "0HN608U5MR93D" received "WINDOW_UPDATE" frame for stream ID 0 with length 4 and flags 0x0.
2024-08-19 17:41:02.072 +05:30  VRB  Connection id "0HN608U5MR93D" received "HEADERS" frame for stream ID 1 with length 1132 and flags "END_STREAM, END_HEADERS, PRIORITY".
2024-08-19 17:41:02.077 +05:30  VRB  Connection id "0HN608U5MR93D" received "SETTINGS" frame for stream ID 0 with length 0 and flags "ACK".
2024-08-19 17:41:02.077 +05:30  INF  Request starting HTTP/2 GET https://localhost:7113/api/Product/e2049003-75a6-4076-9e33-33e8d23950e6 - null null
2024-08-19 17:41:02.081 +05:30  VRB  All hosts are allowed.
2024-08-19 17:41:02.081 +05:30  DBG  1 candidate(s) found for the request path '/api/Product/e2049003-75a6-4076-9e33-33e8d23950e6'
2024-08-19 17:41:02.082 +05:30  DBG  Endpoint 'Web.Ecommerce.Controllers.Seller.ProductController.GetProductById (Web.Ecommerce)' with route pattern 'api/Product/{id}' is valid for the request path '/api/Product/e2049003-75a6-4076-9e33-33e8d23950e6'
2024-08-19 17:41:02.084 +05:30  DBG  Request matched endpoint 'Web.Ecommerce.Controllers.Seller.ProductController.GetProductById (Web.Ecommerce)'
2024-08-19 17:41:02.085 +05:30  VRB  The endpoint does not specify the IRequestSizeLimitMetadata.
2024-08-19 17:41:02.086 +05:30  DBG  Static files was skipped as the request already matched an endpoint.
2024-08-19 17:41:02.087 +05:30  DBG  AuthenticationScheme: Bearer was not authenticated.
2024-08-19 17:41:02.088 +05:30  DBG  AuthenticationScheme: Bearer was not authenticated.
2024-08-19 17:41:02.089 +05:30  INF  Executing endpoint 'Web.Ecommerce.Controllers.Seller.ProductController.GetProductById (Web.Ecommerce)'
2024-08-19 17:41:02.103 +05:30  INF  Route matched with {action = "GetProductById", controller = "Product"}. Executing controller action with signature System.Threading.Tasks.Task`1[Microsoft.AspNetCore.Mvc.IActionResult] GetProductById(System.Guid) on controller Web.Ecommerce.Controllers.Seller.ProductController (Web.Ecommerce).
2024-08-19 17:41:02.105 +05:30  DBG  Execution plan of authorization filters (in the following order): ["None"]
2024-08-19 17:41:02.109 +05:30  DBG  Execution plan of resource filters (in the following order): ["None"]
2024-08-19 17:41:02.110 +05:30  DBG  Execution plan of action filters (in the following order): ["Microsoft.AspNetCore.Mvc.ModelBinding.UnsupportedContentTypeFilter (Order: -3000)","Microsoft.AspNetCore.Mvc.Infrastructure.ModelStateInvalidFilter (Order: -2000)"]
2024-08-19 17:41:02.112 +05:30  DBG  Execution plan of exception filters (in the following order): ["None"]
2024-08-19 17:41:02.113 +05:30  DBG  Execution plan of result filters (in the following order): ["Microsoft.AspNetCore.Mvc.Infrastructure.ClientErrorResultFilter (Order: -2000)"]
2024-08-19 17:41:02.114 +05:30  DBG  Executing controller factory for controller Web.Ecommerce.Controllers.Seller.ProductController (Web.Ecommerce)
2024-08-19 17:41:02.116 +05:30  DBG  Executed controller factory for controller Web.Ecommerce.Controllers.Seller.ProductController (Web.Ecommerce)
2024-08-19 17:41:02.120 +05:30  DBG  Attempting to bind parameter 'id' of type 'System.Guid' ...
2024-08-19 17:41:02.124 +05:30  DBG  Attempting to bind parameter 'id' of type 'System.Guid' using the name 'id' in request data ...
2024-08-19 17:41:02.127 +05:30  DBG  Done attempting to bind parameter 'id' of type 'System.Guid'.
2024-08-19 17:41:02.128 +05:30  DBG  Done attempting to bind parameter 'id' of type 'System.Guid'.
2024-08-19 17:41:02.129 +05:30  DBG  Attempting to validate the bound parameter 'id' of type 'System.Guid' ...
2024-08-19 17:41:02.132 +05:30  DBG  Done attempting to validate the bound parameter 'id' of type 'System.Guid'.
2024-08-19 17:41:02.134 +05:30  VRB  Action Filter: Before executing OnActionExecuting on filter Microsoft.AspNetCore.Mvc.ModelBinding.UnsupportedContentTypeFilter.
2024-08-19 17:41:02.135 +05:30  VRB  Action Filter: After executing OnActionExecuting on filter Microsoft.AspNetCore.Mvc.ModelBinding.UnsupportedContentTypeFilter.
2024-08-19 17:41:02.137 +05:30  VRB  Action Filter: Before executing OnActionExecuting on filter Microsoft.AspNetCore.Mvc.Infrastructure.ModelStateInvalidFilter.
2024-08-19 17:41:02.141 +05:30  VRB  Action Filter: After executing OnActionExecuting on filter Microsoft.AspNetCore.Mvc.Infrastructure.ModelStateInvalidFilter.
2024-08-19 17:41:02.142 +05:30  INF  Executing action method Web.Ecommerce.Controllers.Seller.ProductController.GetProductById (Web.Ecommerce) - Validation state: "Valid"
2024-08-19 17:41:02.144 +05:30  VRB  Executing action method Web.Ecommerce.Controllers.Seller.ProductController.GetProductById (Web.Ecommerce) with arguments (["e2049003-75a6-4076-9e33-33e8d23950e6"])
2024-08-19 17:41:02.149 +05:30  DBG  Entity Framework Core 8.0.7 initialized 'EcommerceDbContext' using provider 'Microsoft.EntityFrameworkCore.SqlServer:8.0.7' with options: None
2024-08-19 17:41:02.152 +05:30  DBG  Compiling query expression: 
'DbSet<Product>()
    .Where(p => p.ProductId == __request_ProductId_0)
    .Select(p => new ProductDto{ 
        ProductId = p.ProductId, 
        Name = p.Name, 
        Description = p.Description, 
        Category = p.Category, 
        Price = p.Price, 
        Quantity = p.Quantity, 
        SellerId = p.SellerId 
    }
    )
    .FirstOrDefault()'
2024-08-19 17:41:02.160 +05:30  DBG  Generated query execution expression: 
'queryContext => ShapedQueryCompilingExpressionVisitor.SingleOrDefaultAsync<ProductDto>(
    asyncEnumerable: new SingleQueryingEnumerable<ProductDto>(
        (RelationalQueryContext)queryContext, 
        RelationalCommandCache.QueryExpression(
            Projection Mapping:
                ProductId -> 0
                Name -> 1
                Description -> 2
                Category -> 3
                Price -> 4
                Quantity -> 5
                SellerId -> 6
            SELECT TOP(1) p.ProductId, p.Name, p.Description, p.Category, p.Price, p.Quantity, p.SellerId
            FROM Products AS p
            WHERE p.ProductId == @__request_ProductId_0), 
        null, 
        Func<QueryContext, DbDataReader, ResultContext, SingleQueryResultCoordinator, ProductDto>, 
        Persistance.EcommerceDbContext, 
        False, 
        False, 
        True
    ), 
    cancellationToken: queryContext.CancellationToken)'
2024-08-19 17:41:02.166 +05:30  DBG  Creating DbConnection.
2024-08-19 17:41:02.167 +05:30  DBG  Created DbConnection. (0ms).
2024-08-19 17:41:02.167 +05:30  DBG  Opening connection to database 'Ecommerce' on server 'FGS-DSK-230\MSSQLSERVER2019'.
2024-08-19 17:41:02.168 +05:30  DBG  Opened connection to database 'Ecommerce' on server 'FGS-DSK-230\MSSQLSERVER2019'.
2024-08-19 17:41:02.169 +05:30  DBG  Creating DbCommand for 'ExecuteReader'.
2024-08-19 17:41:02.170 +05:30  DBG  Created DbCommand for 'ExecuteReader' (0ms).
2024-08-19 17:41:02.171 +05:30  DBG  Initialized DbCommand for 'ExecuteReader' (1ms).
2024-08-19 17:41:02.173 +05:30  DBG  Executing DbCommand [Parameters=[@__request_ProductId_0='?' (DbType = Guid)], CommandType='"Text"', CommandTimeout='30']
SELECT TOP(1) [p].[ProductId], [p].[Name], [p].[Description], [p].[Category], [p].[Price], [p].[Quantity], [p].[SellerId]
FROM [Products] AS [p]
WHERE [p].[ProductId] = @__request_ProductId_0
2024-08-19 17:41:02.179 +05:30  INF  Executed DbCommand (7ms) [Parameters=[@__request_ProductId_0='?' (DbType = Guid)], CommandType='"Text"', CommandTimeout='30']
SELECT TOP(1) [p].[ProductId], [p].[Name], [p].[Description], [p].[Category], [p].[Price], [p].[Quantity], [p].[SellerId]
FROM [Products] AS [p]
WHERE [p].[ProductId] = @__request_ProductId_0
2024-08-19 17:41:02.181 +05:30  DBG  Closing data reader to 'Ecommerce' on server 'FGS-DSK-230\MSSQLSERVER2019'.
2024-08-19 17:41:02.182 +05:30  DBG  A data reader for 'Ecommerce' on server 'FGS-DSK-230\MSSQLSERVER2019' is being disposed after spending 0ms reading results.
2024-08-19 17:41:02.184 +05:30  DBG  Closing connection to database 'Ecommerce' on server 'FGS-DSK-230\MSSQLSERVER2019'.
2024-08-19 17:41:02.185 +05:30  DBG  Closed connection to database 'Ecommerce' on server 'FGS-DSK-230\MSSQLSERVER2019' (1ms).
2024-08-19 17:41:02.186 +05:30  INF  Executed action method Web.Ecommerce.Controllers.Seller.ProductController.GetProductById (Web.Ecommerce), returned result Microsoft.AspNetCore.Mvc.OkObjectResult in 40.9992ms.
2024-08-19 17:41:02.187 +05:30  VRB  Action Filter: Before executing OnActionExecuted on filter Microsoft.AspNetCore.Mvc.Infrastructure.ModelStateInvalidFilter.
2024-08-19 17:41:02.191 +05:30  VRB  Action Filter: After executing OnActionExecuted on filter Microsoft.AspNetCore.Mvc.Infrastructure.ModelStateInvalidFilter.
2024-08-19 17:41:02.193 +05:30  VRB  Action Filter: Before executing OnActionExecuted on filter Microsoft.AspNetCore.Mvc.ModelBinding.UnsupportedContentTypeFilter.
2024-08-19 17:41:02.195 +05:30  VRB  Action Filter: After executing OnActionExecuted on filter Microsoft.AspNetCore.Mvc.ModelBinding.UnsupportedContentTypeFilter.
2024-08-19 17:41:02.196 +05:30  VRB  Result Filter: Before executing OnResultExecuting on filter Microsoft.AspNetCore.Mvc.Infrastructure.ClientErrorResultFilter.
2024-08-19 17:41:02.198 +05:30  VRB  Result Filter: After executing OnResultExecuting on filter Microsoft.AspNetCore.Mvc.Infrastructure.ClientErrorResultFilter.
2024-08-19 17:41:02.199 +05:30  VRB  Before executing action result Microsoft.AspNetCore.Mvc.OkObjectResult.
2024-08-19 17:41:02.200 +05:30  DBG  List of registered output formatters, in the following order: ["Microsoft.AspNetCore.Mvc.Formatters.HttpNoContentOutputFormatter","Microsoft.AspNetCore.Mvc.Formatters.StringOutputFormatter","Microsoft.AspNetCore.Mvc.Formatters.StreamOutputFormatter","Microsoft.AspNetCore.Mvc.Formatters.SystemTextJsonOutputFormatter"]
2024-08-19 17:41:02.202 +05:30  DBG  No information found on request to perform content negotiation.
2024-08-19 17:41:02.202 +05:30  DBG  Attempting to select an output formatter without using a content type as no explicit content types were specified for the response.
2024-08-19 17:41:02.203 +05:30  DBG  Attempting to select the first formatter in the output formatters list which can write the result.
2024-08-19 17:41:02.204 +05:30  DBG  Selected output formatter 'Microsoft.AspNetCore.Mvc.Formatters.SystemTextJsonOutputFormatter' and content type 'application/json' to write the response.
2024-08-19 17:41:02.208 +05:30  INF  Executing OkObjectResult, writing value of type 'Application.Ecom.Dtos.ProductDto'.
2024-08-19 17:41:02.210 +05:30  VRB  After executing action result Microsoft.AspNetCore.Mvc.OkObjectResult.
2024-08-19 17:41:02.210 +05:30  VRB  Connection id "0HN608U5MR93D" sending "HEADERS" frame for stream ID 1 with length 74 and flags "END_HEADERS".
2024-08-19 17:41:02.210 +05:30  VRB  Result Filter: Before executing OnResultExecuted on filter Microsoft.AspNetCore.Mvc.Infrastructure.ClientErrorResultFilter.
2024-08-19 17:41:02.212 +05:30  VRB  Connection id "0HN608U5MR93D" sending "DATA" frame for stream ID 1 with length 239 and flags "NONE".
2024-08-19 17:41:02.213 +05:30  VRB  Result Filter: After executing OnResultExecuted on filter Microsoft.AspNetCore.Mvc.Infrastructure.ClientErrorResultFilter.
2024-08-19 17:41:02.216 +05:30  INF  Executed action Web.Ecommerce.Controllers.Seller.ProductController.GetProductById (Web.Ecommerce) in 102.1488ms
2024-08-19 17:41:02.218 +05:30  INF  Executed endpoint 'Web.Ecommerce.Controllers.Seller.ProductController.GetProductById (Web.Ecommerce)'
2024-08-19 17:41:02.219 +05:30  DBG  'EcommerceDbContext' disposed.
2024-08-19 17:41:02.219 +05:30  VRB  Connection id "0HN608U5MR93D" sending "DATA" frame for stream ID 1 with length 0 and flags "END_STREAM".
2024-08-19 17:41:02.220 +05:30  DBG  Disposing connection to database 'Ecommerce' on server 'FGS-DSK-230\MSSQLSERVER2019'.
2024-08-19 17:41:02.225 +05:30  DBG  Disposed connection to database '' on server '' (5ms).
2024-08-19 17:41:02.227 +05:30  INF  Request finished HTTP/2 GET https://localhost:7113/api/Product/e2049003-75a6-4076-9e33-33e8d23950e6 - 200 null application/json; charset=utf-8 149.8821ms
2024-08-19 17:41:10.649 +05:30  DBG  Connection id "0HN608U5MR93D" received FIN.
2024-08-19 17:41:10.651 +05:30  DBG  Connection id "0HN608U5MR93D" is closed. The last processed stream ID was 1.
2024-08-19 17:41:10.651 +05:30  DBG  The connection queue processing loop for 0HN608U5MR93D completed.
2024-08-19 17:41:10.652 +05:30  DBG  Connection id "0HN608U5MR93D" sending FIN because: "The Socket transport's send loop completed gracefully."
2024-08-19 17:41:10.656 +05:30  DBG  Connection id "0HN608U5MR93D" stopped.
2024-08-19 17:41:46.890 +05:30  DBG  Registered model binder providers, in the following order: ["Microsoft.AspNetCore.Mvc.ModelBinding.Binders.BinderTypeModelBinderProvider","Microsoft.AspNetCore.Mvc.ModelBinding.Binders.ServicesModelBinderProvider","Microsoft.AspNetCore.Mvc.ModelBinding.Binders.BodyModelBinderProvider","Microsoft.AspNetCore.Mvc.ModelBinding.Binders.HeaderModelBinderProvider","Microsoft.AspNetCore.Mvc.ModelBinding.Binders.FloatingPointTypeModelBinderProvider","Microsoft.AspNetCore.Mvc.ModelBinding.Binders.EnumTypeModelBinderProvider","Microsoft.AspNetCore.Mvc.ModelBinding.Binders.DateTimeModelBinderProvider","Microsoft.AspNetCore.Mvc.ModelBinding.Binders.SimpleTypeModelBinderProvider","Microsoft.AspNetCore.Mvc.ModelBinding.Binders.TryParseModelBinderProvider","Microsoft.AspNetCore.Mvc.ModelBinding.Binders.CancellationTokenModelBinderProvider","Microsoft.AspNetCore.Mvc.ModelBinding.Binders.ByteArrayModelBinderProvider","Microsoft.AspNetCore.Mvc.ModelBinding.Binders.FormFileModelBinderProvider","Microsoft.AspNetCore.Mvc.ModelBinding.Binders.FormCollectionModelBinderProvider","Microsoft.AspNetCore.Mvc.ModelBinding.Binders.KeyValuePairModelBinderProvider","Microsoft.AspNetCore.Mvc.ModelBinding.Binders.DictionaryModelBinderProvider","Microsoft.AspNetCore.Mvc.ModelBinding.Binders.ArrayModelBinderProvider","Microsoft.AspNetCore.Mvc.ModelBinding.Binders.CollectionModelBinderProvider","Microsoft.AspNetCore.Mvc.ModelBinding.Binders.ComplexObjectModelBinderProvider"]
2024-08-19 17:41:47.068 +05:30  DBG  An 'IServiceProvider' was created for internal use by Entity Framework.
2024-08-19 17:41:47.140 +05:30  INF  User profile is available. Using 'C:\Users\arjun.hariprasad\AppData\Local\ASP.NET\DataProtection-Keys' as key repository and Windows DPAPI to encrypt keys at rest.
2024-08-19 17:41:47.435 +05:30  WRN  Navigations 'Order.Payments' and 'Payment.Order' were separated into two relationships since the [ForeignKey] attribute was specified on navigations on both sides.
2024-08-19 17:41:47.504 +05:30  WRN  Navigations 'Order.Payments' and 'Payment.Order' were separated into two relationships since the [ForeignKey] attribute was specified on navigations on both sides.
2024-08-19 17:41:47.507 +05:30  WRN  Navigations 'Order.Payments' and 'Payment.Order' were separated into two relationships since the [ForeignKey] attribute was specified on navigations on both sides.
2024-08-19 17:41:47.509 +05:30  WRN  Navigations 'Order.Payments' and 'Payment.Order' were separated into two relationships since the [ForeignKey] attribute was specified on navigations on both sides.
2024-08-19 17:41:47.511 +05:30  WRN  Navigations 'Payment.Order' and 'Order.Payments' were separated into two relationships since the [ForeignKey] attribute was specified on navigations on both sides.
2024-08-19 17:41:47.513 +05:30  WRN  Navigations 'Payment.Order' and 'Order.Payments' were separated into two relationships since the [ForeignKey] attribute was specified on navigations on both sides.
2024-08-19 17:41:47.514 +05:30  WRN  Navigations 'Payment.Order' and 'Order.Payments' were separated into two relationships since the [ForeignKey] attribute was specified on navigations on both sides.
2024-08-19 17:41:47.534 +05:30  DBG  The index {'UserId'} was not created on entity type 'IdentityUserRole<Guid>' as the properties are already covered by the index {'UserId', 'RoleId'}.
2024-08-19 17:41:47.536 +05:30  DBG  The index {'UserId'} was not created on entity type 'IdentityUserToken<Guid>' as the properties are already covered by the index {'UserId', 'LoginProvider', 'Name'}.
2024-08-19 17:41:47.681 +05:30  DBG  The property 'Product.UserId' was created in shadow state because there are no eligible CLR members with a matching name.
2024-08-19 17:41:47.807 +05:30  DBG  Entity Framework Core 8.0.7 initialized 'EcommerceDbContext' using provider 'Microsoft.EntityFrameworkCore.SqlServer:8.0.7' with options: None
2024-08-19 17:41:47.879 +05:30  DBG  Compiling query expression: 
'DbSet<IdentityRole<Guid>>()
    .FirstOrDefault(r => r.NormalizedName == __normalizedName_0)'
2024-08-19 17:41:48.006 +05:30  DBG  Generated query execution expression: 
'queryContext => ShapedQueryCompilingExpressionVisitor.SingleOrDefaultAsync<IdentityRole<Guid>>(
    asyncEnumerable: new SingleQueryingEnumerable<IdentityRole<Guid>>(
        (RelationalQueryContext)queryContext, 
        RelationalCommandCache.QueryExpression(
            Projection Mapping:
                EmptyProjectionMember -> Dictionary<IProperty, int> { [Property: IdentityRole<Guid>.Id (Guid) Required PK AfterSave:Throw ValueGenerated.OnAdd, 0], [Property: IdentityRole<Guid>.ConcurrencyStamp (string) Concurrency, 1], [Property: IdentityRole<Guid>.Name (string) MaxLength(256), 2], [Property: IdentityRole<Guid>.NormalizedName (string) Index MaxLength(256), 3] }
            SELECT TOP(1) a.Id, a.ConcurrencyStamp, a.Name, a.NormalizedName
            FROM AspNetRoles AS a
            WHERE a.NormalizedName == @__normalizedName_0), 
        null, 
        Func<QueryContext, DbDataReader, ResultContext, SingleQueryResultCoordinator, IdentityRole<Guid>>, 
        Persistance.EcommerceDbContext, 
        False, 
        False, 
        True
    ), 
    cancellationToken: queryContext.CancellationToken)'
2024-08-19 17:41:48.042 +05:30  DBG  Creating DbConnection.
2024-08-19 17:41:48.061 +05:30  DBG  Created DbConnection. (17ms).
2024-08-19 17:41:48.065 +05:30  DBG  Opening connection to database 'Ecommerce' on server 'FGS-DSK-230\MSSQLSERVER2019'.
2024-08-19 17:41:48.251 +05:30  DBG  Opened connection to database 'Ecommerce' on server 'FGS-DSK-230\MSSQLSERVER2019'.
2024-08-19 17:41:48.255 +05:30  DBG  Creating DbCommand for 'ExecuteReader'.
2024-08-19 17:41:48.263 +05:30  DBG  Created DbCommand for 'ExecuteReader' (4ms).
2024-08-19 17:41:48.272 +05:30  DBG  Initialized DbCommand for 'ExecuteReader' (16ms).
2024-08-19 17:41:48.286 +05:30  DBG  Executing DbCommand [Parameters=[@__normalizedName_0='?' (Size = 256)], CommandType='"Text"', CommandTimeout='30']
SELECT TOP(1) [a].[Id], [a].[ConcurrencyStamp], [a].[Name], [a].[NormalizedName]
FROM [AspNetRoles] AS [a]
WHERE [a].[NormalizedName] = @__normalizedName_0
2024-08-19 17:41:48.339 +05:30  INF  Executed DbCommand (58ms) [Parameters=[@__normalizedName_0='?' (Size = 256)], CommandType='"Text"', CommandTimeout='30']
SELECT TOP(1) [a].[Id], [a].[ConcurrencyStamp], [a].[Name], [a].[NormalizedName]
FROM [AspNetRoles] AS [a]
WHERE [a].[NormalizedName] = @__normalizedName_0
2024-08-19 17:41:48.375 +05:30  DBG  Context 'EcommerceDbContext' started tracking 'IdentityRole' entity. Consider using 'DbContextOptionsBuilder.EnableSensitiveDataLogging' to see key values.
2024-08-19 17:41:48.392 +05:30  DBG  Closing data reader to 'Ecommerce' on server 'FGS-DSK-230\MSSQLSERVER2019'.
2024-08-19 17:41:48.399 +05:30  DBG  A data reader for 'Ecommerce' on server 'FGS-DSK-230\MSSQLSERVER2019' is being disposed after spending 52ms reading results.
2024-08-19 17:41:48.405 +05:30  DBG  Closing connection to database 'Ecommerce' on server 'FGS-DSK-230\MSSQLSERVER2019'.
2024-08-19 17:41:48.410 +05:30  DBG  Closed connection to database 'Ecommerce' on server 'FGS-DSK-230\MSSQLSERVER2019' (5ms).
2024-08-19 17:41:48.414 +05:30  DBG  Opening connection to database 'Ecommerce' on server 'FGS-DSK-230\MSSQLSERVER2019'.
2024-08-19 17:41:48.416 +05:30  DBG  Opened connection to database 'Ecommerce' on server 'FGS-DSK-230\MSSQLSERVER2019'.
2024-08-19 17:41:48.418 +05:30  DBG  Creating DbCommand for 'ExecuteReader'.
2024-08-19 17:41:48.418 +05:30  DBG  Created DbCommand for 'ExecuteReader' (0ms).
2024-08-19 17:41:48.419 +05:30  DBG  Initialized DbCommand for 'ExecuteReader' (1ms).
2024-08-19 17:41:48.421 +05:30  DBG  Executing DbCommand [Parameters=[@__normalizedName_0='?' (Size = 256)], CommandType='"Text"', CommandTimeout='30']
SELECT TOP(1) [a].[Id], [a].[ConcurrencyStamp], [a].[Name], [a].[NormalizedName]
FROM [AspNetRoles] AS [a]
WHERE [a].[NormalizedName] = @__normalizedName_0
2024-08-19 17:41:48.429 +05:30  INF  Executed DbCommand (9ms) [Parameters=[@__normalizedName_0='?' (Size = 256)], CommandType='"Text"', CommandTimeout='30']
SELECT TOP(1) [a].[Id], [a].[ConcurrencyStamp], [a].[Name], [a].[NormalizedName]
FROM [AspNetRoles] AS [a]
WHERE [a].[NormalizedName] = @__normalizedName_0
2024-08-19 17:41:48.433 +05:30  DBG  Context 'EcommerceDbContext' started tracking 'IdentityRole' entity. Consider using 'DbContextOptionsBuilder.EnableSensitiveDataLogging' to see key values.
2024-08-19 17:41:48.435 +05:30  DBG  Closing data reader to 'Ecommerce' on server 'FGS-DSK-230\MSSQLSERVER2019'.
2024-08-19 17:41:48.436 +05:30  DBG  A data reader for 'Ecommerce' on server 'FGS-DSK-230\MSSQLSERVER2019' is being disposed after spending 3ms reading results.
2024-08-19 17:41:48.438 +05:30  DBG  Closing connection to database 'Ecommerce' on server 'FGS-DSK-230\MSSQLSERVER2019'.
2024-08-19 17:41:48.439 +05:30  DBG  Closed connection to database 'Ecommerce' on server 'FGS-DSK-230\MSSQLSERVER2019' (1ms).
2024-08-19 17:41:48.440 +05:30  DBG  Opening connection to database 'Ecommerce' on server 'FGS-DSK-230\MSSQLSERVER2019'.
2024-08-19 17:41:48.442 +05:30  DBG  Opened connection to database 'Ecommerce' on server 'FGS-DSK-230\MSSQLSERVER2019'.
2024-08-19 17:41:48.443 +05:30  DBG  Creating DbCommand for 'ExecuteReader'.
2024-08-19 17:41:48.444 +05:30  DBG  Created DbCommand for 'ExecuteReader' (0ms).
2024-08-19 17:41:48.445 +05:30  DBG  Initialized DbCommand for 'ExecuteReader' (1ms).
2024-08-19 17:41:48.449 +05:30  DBG  Executing DbCommand [Parameters=[@__normalizedName_0='?' (Size = 256)], CommandType='"Text"', CommandTimeout='30']
SELECT TOP(1) [a].[Id], [a].[ConcurrencyStamp], [a].[Name], [a].[NormalizedName]
FROM [AspNetRoles] AS [a]
WHERE [a].[NormalizedName] = @__normalizedName_0
2024-08-19 17:41:48.453 +05:30  INF  Executed DbCommand (5ms) [Parameters=[@__normalizedName_0='?' (Size = 256)], CommandType='"Text"', CommandTimeout='30']
SELECT TOP(1) [a].[Id], [a].[ConcurrencyStamp], [a].[Name], [a].[NormalizedName]
FROM [AspNetRoles] AS [a]
WHERE [a].[NormalizedName] = @__normalizedName_0
2024-08-19 17:41:48.455 +05:30  DBG  Context 'EcommerceDbContext' started tracking 'IdentityRole' entity. Consider using 'DbContextOptionsBuilder.EnableSensitiveDataLogging' to see key values.
2024-08-19 17:41:48.457 +05:30  DBG  Closing data reader to 'Ecommerce' on server 'FGS-DSK-230\MSSQLSERVER2019'.
2024-08-19 17:41:48.458 +05:30  DBG  A data reader for 'Ecommerce' on server 'FGS-DSK-230\MSSQLSERVER2019' is being disposed after spending 3ms reading results.
2024-08-19 17:41:48.461 +05:30  DBG  Closing connection to database 'Ecommerce' on server 'FGS-DSK-230\MSSQLSERVER2019'.
2024-08-19 17:41:48.463 +05:30  DBG  Closed connection to database 'Ecommerce' on server 'FGS-DSK-230\MSSQLSERVER2019' (2ms).
2024-08-19 17:41:48.469 +05:30  DBG  Compiling query expression: 
'DbSet<User>()
    .SingleOrDefault(u => u.NormalizedEmail == __normalizedEmail_0)'
2024-08-19 17:41:48.479 +05:30  DBG  Generated query execution expression: 
'queryContext => ShapedQueryCompilingExpressionVisitor.SingleOrDefaultAsync<User>(
    asyncEnumerable: new SingleQueryingEnumerable<User>(
        (RelationalQueryContext)queryContext, 
        RelationalCommandCache.QueryExpression(
            Projection Mapping:
                EmptyProjectionMember -> Dictionary<IProperty, int> { [Property: User.Id (Guid) Required PK AfterSave:Throw ValueGenerated.OnAdd, 0], [Property: User.AccessFailedCount (int) Required, 1], [Property: User.ConcurrencyStamp (string) Concurrency, 2], [Property: User.CreatedAt (DateTime) Required, 3], [Property: User.Email (string) MaxLength(256), 4], [Property: User.EmailConfirmed (bool) Required, 5], [Property: User.IsDeleted (bool) Required, 6], [Property: User.IsVerified (bool) Required, 7], [Property: User.LockoutEnabled (bool) Required, 8], [Property: User.LockoutEnd (DateTimeOffset?), 9], [Property: User.NormalizedEmail (string) Index MaxLength(256), 10], [Property: User.NormalizedUserName (string) Index MaxLength(256), 11], [Property: User.PasswordHash (string), 12], [Property: User.PhoneNumber (string), 13], [Property: User.PhoneNumberConfirmed (bool) Required, 14], [Property: User.SecurityStamp (string), 15], [Property: User.TwoFactorEnabled (bool) Required, 16], [Property: User.UpdatedAt (DateTime) Required, 17], [Property: User.UserName (string) MaxLength(256), 18] }
            SELECT TOP(2) a.Id, a.AccessFailedCount, a.ConcurrencyStamp, a.CreatedAt, a.Email, a.EmailConfirmed, a.IsDeleted, a.IsVerified, a.LockoutEnabled, a.LockoutEnd, a.NormalizedEmail, a.NormalizedUserName, a.PasswordHash, a.PhoneNumber, a.PhoneNumberConfirmed, a.SecurityStamp, a.TwoFactorEnabled, a.UpdatedAt, a.UserName
            FROM AspNetUsers AS a
            WHERE a.NormalizedEmail == @__normalizedEmail_0), 
        null, 
        Func<QueryContext, DbDataReader, ResultContext, SingleQueryResultCoordinator, User>, 
        Persistance.EcommerceDbContext, 
        False, 
        False, 
        True
    ), 
    cancellationToken: queryContext.CancellationToken)'
2024-08-19 17:41:48.486 +05:30  DBG  Opening connection to database 'Ecommerce' on server 'FGS-DSK-230\MSSQLSERVER2019'.
2024-08-19 17:41:48.487 +05:30  DBG  Opened connection to database 'Ecommerce' on server 'FGS-DSK-230\MSSQLSERVER2019'.
2024-08-19 17:41:48.488 +05:30  DBG  Creating DbCommand for 'ExecuteReader'.
2024-08-19 17:41:48.490 +05:30  DBG  Created DbCommand for 'ExecuteReader' (1ms).
2024-08-19 17:41:48.491 +05:30  DBG  Initialized DbCommand for 'ExecuteReader' (2ms).
2024-08-19 17:41:48.499 +05:30  DBG  Executing DbCommand [Parameters=[@__normalizedEmail_0='?' (Size = 256)], CommandType='"Text"', CommandTimeout='30']
SELECT TOP(2) [a].[Id], [a].[AccessFailedCount], [a].[ConcurrencyStamp], [a].[CreatedAt], [a].[Email], [a].[EmailConfirmed], [a].[IsDeleted], [a].[IsVerified], [a].[LockoutEnabled], [a].[LockoutEnd], [a].[NormalizedEmail], [a].[NormalizedUserName], [a].[PasswordHash], [a].[PhoneNumber], [a].[PhoneNumberConfirmed], [a].[SecurityStamp], [a].[TwoFactorEnabled], [a].[UpdatedAt], [a].[UserName]
FROM [AspNetUsers] AS [a]
WHERE [a].[NormalizedEmail] = @__normalizedEmail_0
2024-08-19 17:41:48.507 +05:30  INF  Executed DbCommand (8ms) [Parameters=[@__normalizedEmail_0='?' (Size = 256)], CommandType='"Text"', CommandTimeout='30']
SELECT TOP(2) [a].[Id], [a].[AccessFailedCount], [a].[ConcurrencyStamp], [a].[CreatedAt], [a].[Email], [a].[EmailConfirmed], [a].[IsDeleted], [a].[IsVerified], [a].[LockoutEnabled], [a].[LockoutEnd], [a].[NormalizedEmail], [a].[NormalizedUserName], [a].[PasswordHash], [a].[PhoneNumber], [a].[PhoneNumberConfirmed], [a].[SecurityStamp], [a].[TwoFactorEnabled], [a].[UpdatedAt], [a].[UserName]
FROM [AspNetUsers] AS [a]
WHERE [a].[NormalizedEmail] = @__normalizedEmail_0
2024-08-19 17:41:48.530 +05:30  DBG  Context 'EcommerceDbContext' started tracking 'User' entity. Consider using 'DbContextOptionsBuilder.EnableSensitiveDataLogging' to see key values.
2024-08-19 17:41:48.559 +05:30  DBG  Closing data reader to 'Ecommerce' on server 'FGS-DSK-230\MSSQLSERVER2019'.
2024-08-19 17:41:48.561 +05:30  DBG  A data reader for 'Ecommerce' on server 'FGS-DSK-230\MSSQLSERVER2019' is being disposed after spending 48ms reading results.
2024-08-19 17:41:48.563 +05:30  DBG  Closing connection to database 'Ecommerce' on server 'FGS-DSK-230\MSSQLSERVER2019'.
2024-08-19 17:41:48.564 +05:30  DBG  Closed connection to database 'Ecommerce' on server 'FGS-DSK-230\MSSQLSERVER2019' (1ms).
2024-08-19 17:41:48.567 +05:30  DBG  'EcommerceDbContext' disposed.
2024-08-19 17:41:48.569 +05:30  DBG  Disposing connection to database 'Ecommerce' on server 'FGS-DSK-230\MSSQLSERVER2019'.
2024-08-19 17:41:48.570 +05:30  DBG  Disposed connection to database '' on server '' (1ms).
2024-08-19 17:41:48.576 +05:30  DBG  Hosting starting
2024-08-19 17:41:48.582 +05:30  DBG  Reading data from file 'C:\Users\arjun.hariprasad\AppData\Local\ASP.NET\DataProtection-Keys\key-36f6fa2d-df91-4e24-9271-a530e4737995.xml'.
2024-08-19 17:41:48.589 +05:30  DBG  Found key {36f6fa2d-df91-4e24-9271-a530e4737995}.
2024-08-19 17:41:48.601 +05:30  DBG  Considering key {36f6fa2d-df91-4e24-9271-a530e4737995} with expiration date 2024-10-20 08:26:28Z as default key.
2024-08-19 17:41:48.609 +05:30  DBG  Forwarded activator type request from Microsoft.AspNetCore.DataProtection.XmlEncryption.DpapiXmlDecryptor, Microsoft.AspNetCore.DataProtection, Version=8.0.0.0, Culture=neutral, PublicKeyToken=adb9793829ddae60 to Microsoft.AspNetCore.DataProtection.XmlEncryption.DpapiXmlDecryptor, Microsoft.AspNetCore.DataProtection, Culture=neutral, PublicKeyToken=adb9793829ddae60
2024-08-19 17:41:48.612 +05:30  DBG  Decrypting secret element using Windows DPAPI.
2024-08-19 17:41:48.614 +05:30  DBG  Forwarded activator type request from Microsoft.AspNetCore.DataProtection.AuthenticatedEncryption.ConfigurationModel.AuthenticatedEncryptorDescriptorDeserializer, Microsoft.AspNetCore.DataProtection, Version=8.0.0.0, Culture=neutral, PublicKeyToken=adb9793829ddae60 to Microsoft.AspNetCore.DataProtection.AuthenticatedEncryption.ConfigurationModel.AuthenticatedEncryptorDescriptorDeserializer, Microsoft.AspNetCore.DataProtection, Culture=neutral, PublicKeyToken=adb9793829ddae60
2024-08-19 17:41:48.617 +05:30  DBG  Opening CNG algorithm 'AES' from provider 'null' with chaining mode CBC.
2024-08-19 17:41:48.622 +05:30  DBG  Opening CNG algorithm 'SHA256' from provider 'null' with HMAC.
2024-08-19 17:41:48.629 +05:30  DBG  Using key {36f6fa2d-df91-4e24-9271-a530e4737995} as the default key.
2024-08-19 17:41:48.631 +05:30  DBG  Key ring with default key {36f6fa2d-df91-4e24-9271-a530e4737995} was loaded during application startup.
2024-08-19 17:41:48.785 +05:30  INF  Now listening on: https://localhost:7113
2024-08-19 17:41:48.786 +05:30  INF  Now listening on: http://localhost:5081
2024-08-19 17:41:48.787 +05:30  DBG  Loaded hosting startup assembly Web.Ecommerce
2024-08-19 17:41:48.788 +05:30  DBG  Loaded hosting startup assembly Microsoft.AspNetCore.Watch.BrowserRefresh
2024-08-19 17:41:48.789 +05:30  DBG  Loaded hosting startup assembly Microsoft.WebTools.BrowserLink.Net
2024-08-19 17:41:48.790 +05:30  INF  Application started. Press Ctrl+C to shut down.
2024-08-19 17:41:48.791 +05:30  INF  Hosting environment: Development
2024-08-19 17:41:48.793 +05:30  INF  Content root path: C:\Users\arjun.hariprasad\source\.NET\Ecommerce\EcommerceSolution\CodeBase\Src\Presentation\Web.Ecommerce
2024-08-19 17:41:48.795 +05:30  DBG  Hosting started
2024-08-19 17:41:49.214 +05:30  DBG  Connection id "0HN6090D5MQ7U" accepted.
2024-08-19 17:41:49.216 +05:30  DBG  Connection id "0HN6090D5MQ7U" started.
2024-08-19 17:41:49.222 +05:30  DBG  Connection id "0HN6090D5MQ7V" accepted.
2024-08-19 17:41:49.225 +05:30  DBG  Connection id "0HN6090D5MQ7V" started.
2024-08-19 17:41:49.242 +05:30  DBG  Connection id "0HN6090D5MQ7U" received FIN.
2024-08-19 17:41:49.242 +05:30  DBG  Connection id "0HN6090D5MQ7V" received FIN.
2024-08-19 17:41:49.249 +05:30  DBG  Failed to authenticate HTTPS connection.System.IO.IOException: Received an unexpected EOF or 0 bytes from the transport stream.
   at System.Net.Security.SslStream.ReceiveHandshakeFrameAsync[TIOAdapter](CancellationToken cancellationToken)
   at System.Net.Security.SslStream.ForceAuthenticationAsync[TIOAdapter](Boolean receiveFirst, Byte[] reAuthenticationData, CancellationToken cancellationToken)
   at System.Net.Security.SslStream.ProcessAuthenticationWithTelemetryAsync(Boolean isAsync, CancellationToken cancellationToken)
   at Microsoft.AspNetCore.Server.Kestrel.Https.Internal.HttpsConnectionMiddleware.OnConnectionAsync(ConnectionContext context)

2024-08-19 17:41:49.249 +05:30  DBG  Failed to authenticate HTTPS connection.System.IO.IOException: Received an unexpected EOF or 0 bytes from the transport stream.
   at System.Net.Security.SslStream.ReceiveHandshakeFrameAsync[TIOAdapter](CancellationToken cancellationToken)
   at System.Net.Security.SslStream.ForceAuthenticationAsync[TIOAdapter](Boolean receiveFirst, Byte[] reAuthenticationData, CancellationToken cancellationToken)
   at System.Net.Security.SslStream.ProcessAuthenticationWithTelemetryAsync(Boolean isAsync, CancellationToken cancellationToken)
   at Microsoft.AspNetCore.Server.Kestrel.Https.Internal.HttpsConnectionMiddleware.OnConnectionAsync(ConnectionContext context)

2024-08-19 17:41:49.267 +05:30  DBG  Connection id "0HN6090D5MQ7U" stopped.
2024-08-19 17:41:49.267 +05:30  DBG  Connection id "0HN6090D5MQ7V" stopped.
2024-08-19 17:41:49.270 +05:30  DBG  Connection id "0HN6090D5MQ7U" sending FIN because: "The Socket transport's send loop completed gracefully."
2024-08-19 17:41:49.271 +05:30  DBG  Connection id "0HN6090D5MQ7V" sending FIN because: "The Socket transport's send loop completed gracefully."
2024-08-19 17:41:49.465 +05:30  DBG  Connection id "0HN6090D5MQ80" accepted.
2024-08-19 17:41:49.468 +05:30  DBG  Connection id "0HN6090D5MQ80" started.
2024-08-19 17:41:49.504 +05:30  DBG  Connection 0HN6090D5MQ80 established using the following protocol: "Tls12"
2024-08-19 17:41:49.530 +05:30  VRB  Connection id "0HN6090D5MQ80" sending "SETTINGS" frame for stream ID 0 with length 24 and flags "NONE".
2024-08-19 17:41:49.534 +05:30  VRB  Connection id "0HN6090D5MQ80" sending "WINDOW_UPDATE" frame for stream ID 0 with length 4 and flags 0x0.
2024-08-19 17:41:49.536 +05:30  VRB  Connection id "0HN6090D5MQ80" received "SETTINGS" frame for stream ID 0 with length 24 and flags "NONE".
2024-08-19 17:41:49.539 +05:30  VRB  Connection id "0HN6090D5MQ80" sending "SETTINGS" frame for stream ID 0 with length 0 and flags "ACK".
2024-08-19 17:41:49.542 +05:30  VRB  Connection id "0HN6090D5MQ80" received "WINDOW_UPDATE" frame for stream ID 0 with length 4 and flags 0x0.
2024-08-19 17:41:49.544 +05:30  VRB  Connection id "0HN6090D5MQ80" received "HEADERS" frame for stream ID 1 with length 1214 and flags "END_STREAM, END_HEADERS, PRIORITY".
2024-08-19 17:41:49.562 +05:30  VRB  Connection id "0HN6090D5MQ80" received "SETTINGS" frame for stream ID 0 with length 0 and flags "ACK".
2024-08-19 17:41:49.583 +05:30  INF  Request starting HTTP/2 GET https://localhost:7113/swagger/index.html - null null
2024-08-19 17:41:49.686 +05:30  DBG  Wildcard detected, all requests with hosts will be allowed.
2024-08-19 17:41:49.687 +05:30  VRB  All hosts are allowed.
2024-08-19 17:41:49.707 +05:30  DBG  No candidates found for the request path '/swagger/index.html'
2024-08-19 17:41:49.709 +05:30  DBG  Request did not match any endpoints
2024-08-19 17:41:49.806 +05:30  DBG  Response markup is scheduled to include Browser Link script injection.
2024-08-19 17:41:49.813 +05:30  DBG  Response markup is scheduled to include browser refresh script injection.
2024-08-19 17:41:49.817 +05:30  VRB  Connection id "0HN6090D5MQ80" sending "HEADERS" frame for stream ID 1 with length 66 and flags "END_HEADERS".
2024-08-19 17:41:49.819 +05:30  DBG  Response markup was updated to include Browser Link script injection.
2024-08-19 17:41:49.819 +05:30  VRB  Connection id "0HN6090D5MQ80" sending "DATA" frame for stream ID 1 with length 1136 and flags "NONE".
2024-08-19 17:41:49.821 +05:30  DBG  Response markup was updated to include browser refresh script injection.
2024-08-19 17:41:49.830 +05:30  VRB  Connection id "0HN6090D5MQ80" sending "DATA" frame for stream ID 1 with length 0 and flags "END_STREAM".
2024-08-19 17:41:49.832 +05:30  INF  Request finished HTTP/2 GET https://localhost:7113/swagger/index.html - 200 null text/html;charset=utf-8 259.0606ms
2024-08-19 17:41:49.843 +05:30  VRB  Connection id "0HN6090D5MQ80" received "HEADERS" frame for stream ID 3 with length 117 and flags "END_STREAM, END_HEADERS, PRIORITY".
2024-08-19 17:41:49.849 +05:30  VRB  Connection id "0HN6090D5MQ80" received "HEADERS" frame for stream ID 5 with length 37 and flags "END_STREAM, END_HEADERS, PRIORITY".
2024-08-19 17:41:49.850 +05:30  INF  Request starting HTTP/2 GET https://localhost:7113/_framework/aspnetcore-browser-refresh.js - null null
2024-08-19 17:41:49.852 +05:30  VRB  Connection id "0HN6090D5MQ80" received "HEADERS" frame for stream ID 7 with length 59 and flags "END_STREAM, END_HEADERS, PRIORITY".
2024-08-19 17:41:49.852 +05:30  INF  Request starting HTTP/2 GET https://localhost:7113/swagger/index.js - null null
2024-08-19 17:41:49.857 +05:30  INF  Request starting HTTP/2 GET https://localhost:7113/_vs/browserLink - null null
2024-08-19 17:41:49.864 +05:30  VRB  Connection id "0HN6090D5MQ80" sending "HEADERS" frame for stream ID 3 with length 60 and flags "END_HEADERS".
2024-08-19 17:41:49.866 +05:30  VRB  All hosts are allowed.
2024-08-19 17:41:49.868 +05:30  VRB  Connection id "0HN6090D5MQ80" sending "DATA" frame for stream ID 3 with length 13762 and flags "NONE".
2024-08-19 17:41:49.870 +05:30  DBG  No candidates found for the request path '/swagger/index.js'
2024-08-19 17:41:49.883 +05:30  INF  Request finished HTTP/2 GET https://localhost:7113/_framework/aspnetcore-browser-refresh.js - 200 13762 application/javascript; charset=utf-8 33.055ms
2024-08-19 17:41:49.883 +05:30  VRB  Connection id "0HN6090D5MQ80" sending "DATA" frame for stream ID 3 with length 0 and flags "END_STREAM".
2024-08-19 17:41:49.884 +05:30  DBG  Request did not match any endpoints
2024-08-19 17:41:49.899 +05:30  INF  Request finished HTTP/2 GET https://localhost:7113/swagger/index.js - 200 null application/javascript;charset=utf-8 47.2383ms
2024-08-19 17:41:49.899 +05:30  VRB  Connection id "0HN6090D5MQ80" sending "HEADERS" frame for stream ID 5 with length 41 and flags "END_HEADERS".
2024-08-19 17:41:49.904 +05:30  VRB  Connection id "0HN6090D5MQ80" sending "DATA" frame for stream ID 5 with length 3005 and flags "END_STREAM".
2024-08-19 17:41:49.913 +05:30  VRB  Connection id "0HN6090D5MQ80" sending "HEADERS" frame for stream ID 7 with length 119 and flags "END_HEADERS".
2024-08-19 17:41:49.915 +05:30  VRB  Connection id "0HN6090D5MQ80" sending "DATA" frame for stream ID 7 with length 9986 and flags "NONE".
2024-08-19 17:41:49.918 +05:30  VRB  Connection id "0HN6090D5MQ80" sending "DATA" frame for stream ID 7 with length 10240 and flags "NONE".
2024-08-19 17:41:49.921 +05:30  VRB  Connection id "0HN6090D5MQ80" sending "DATA" frame for stream ID 7 with length 10240 and flags "NONE".
2024-08-19 17:41:49.929 +05:30  VRB  Connection id "0HN6090D5MQ80" sending "DATA" frame for stream ID 7 with length 10240 and flags "NONE".
2024-08-19 17:41:49.932 +05:30  VRB  Connection id "0HN6090D5MQ80" sending "DATA" frame for stream ID 7 with length 10240 and flags "NONE".
2024-08-19 17:41:49.934 +05:30  VRB  Connection id "0HN6090D5MQ80" sending "DATA" frame for stream ID 7 with length 10240 and flags "NONE".
2024-08-19 17:41:49.936 +05:30  VRB  Connection id "0HN6090D5MQ80" sending "DATA" frame for stream ID 7 with length 10240 and flags "NONE".
2024-08-19 17:41:49.938 +05:30  VRB  Connection id "0HN6090D5MQ80" sending "DATA" frame for stream ID 7 with length 10240 and flags "NONE".
2024-08-19 17:41:49.943 +05:30  VRB  Connection id "0HN6090D5MQ80" sending "DATA" frame for stream ID 7 with length 10240 and flags "NONE".
2024-08-19 17:41:49.945 +05:30  VRB  Connection id "0HN6090D5MQ80" sending "DATA" frame for stream ID 7 with length 10240 and flags "NONE".
2024-08-19 17:41:49.947 +05:30  VRB  Connection id "0HN6090D5MQ80" sending "DATA" frame for stream ID 7 with length 10240 and flags "NONE".
2024-08-19 17:41:49.949 +05:30  VRB  Connection id "0HN6090D5MQ80" sending "DATA" frame for stream ID 7 with length 10240 and flags "NONE".
2024-08-19 17:41:49.951 +05:30  VRB  Connection id "0HN6090D5MQ80" sending "DATA" frame for stream ID 7 with length 10240 and flags "NONE".
2024-08-19 17:41:49.953 +05:30  VRB  Connection id "0HN6090D5MQ80" sending "DATA" frame for stream ID 7 with length 10240 and flags "NONE".
2024-08-19 17:41:49.955 +05:30  VRB  Connection id "0HN6090D5MQ80" sending "DATA" frame for stream ID 7 with length 10240 and flags "NONE".
2024-08-19 17:41:49.964 +05:30  VRB  Connection id "0HN6090D5MQ80" sending "DATA" frame for stream ID 7 with length 160 and flags "NONE".
2024-08-19 17:41:49.965 +05:30  INF  Request finished HTTP/2 GET https://localhost:7113/_vs/browserLink - 200 null text/javascript; charset=UTF-8 108.4219ms
2024-08-19 17:41:49.968 +05:30  VRB  Connection id "0HN6090D5MQ80" sending "DATA" frame for stream ID 7 with length 0 and flags "END_STREAM".
2024-08-19 17:41:50.086 +05:30  VRB  Connection id "0HN6090D5MQ80" received "HEADERS" frame for stream ID 9 with length 76 and flags "END_STREAM, END_HEADERS, PRIORITY".
2024-08-19 17:41:50.089 +05:30  INF  Request starting HTTP/2 GET https://localhost:7113/swagger/v1/swagger.json - null null
2024-08-19 17:41:50.092 +05:30  VRB  All hosts are allowed.
2024-08-19 17:41:50.093 +05:30  DBG  No candidates found for the request path '/swagger/v1/swagger.json'
2024-08-19 17:41:50.095 +05:30  DBG  Request did not match any endpoints
2024-08-19 17:41:50.234 +05:30  VRB  Connection id "0HN6090D5MQ80" sending "HEADERS" frame for stream ID 9 with length 35 and flags "END_HEADERS".
2024-08-19 17:41:50.236 +05:30  VRB  Connection id "0HN6090D5MQ80" sending "DATA" frame for stream ID 9 with length 16384 and flags "NONE".
2024-08-19 17:41:50.238 +05:30  VRB  Connection id "0HN6090D5MQ80" sending "DATA" frame for stream ID 9 with length 3566 and flags "NONE".
2024-08-19 17:41:50.244 +05:30  VRB  Connection id "0HN6090D5MQ80" sending "DATA" frame for stream ID 9 with length 0 and flags "END_STREAM".
2024-08-19 17:41:50.244 +05:30  INF  Request finished HTTP/2 GET https://localhost:7113/swagger/v1/swagger.json - 200 null application/json;charset=utf-8 155.4636ms
2024-08-19 17:41:50.709 +05:30  DBG  Connection id "0HN6090D5MQ80" received FIN.
2024-08-19 17:41:50.712 +05:30  DBG  Connection id "0HN6090D5MQ80" is closed. The last processed stream ID was 9.
2024-08-19 17:41:50.712 +05:30  DBG  The connection queue processing loop for 0HN6090D5MQ80 completed.
2024-08-19 17:41:50.713 +05:30  DBG  Connection id "0HN6090D5MQ80" sending FIN because: "The Socket transport's send loop completed gracefully."
2024-08-19 17:41:50.716 +05:30  DBG  Connection id "0HN6090D5MQ80" stopped.
2024-08-19 17:41:58.333 +05:30  DBG  Connection id "0HN6090D5MQ81" accepted.
2024-08-19 17:41:58.335 +05:30  DBG  Connection id "0HN6090D5MQ81" started.
2024-08-19 17:41:58.337 +05:30  DBG  Connection 0HN6090D5MQ81 established using the following protocol: "Tls12"
2024-08-19 17:41:58.339 +05:30  VRB  Connection id "0HN6090D5MQ81" sending "SETTINGS" frame for stream ID 0 with length 24 and flags "NONE".
2024-08-19 17:41:58.340 +05:30  VRB  Connection id "0HN6090D5MQ81" sending "WINDOW_UPDATE" frame for stream ID 0 with length 4 and flags 0x0.
2024-08-19 17:41:58.346 +05:30  VRB  Connection id "0HN6090D5MQ81" received "SETTINGS" frame for stream ID 0 with length 24 and flags "NONE".
2024-08-19 17:41:58.347 +05:30  VRB  Connection id "0HN6090D5MQ81" sending "SETTINGS" frame for stream ID 0 with length 0 and flags "ACK".
2024-08-19 17:41:58.349 +05:30  VRB  Connection id "0HN6090D5MQ81" received "WINDOW_UPDATE" frame for stream ID 0 with length 4 and flags 0x0.
2024-08-19 17:41:58.351 +05:30  VRB  Connection id "0HN6090D5MQ81" received "HEADERS" frame for stream ID 1 with length 1132 and flags "END_STREAM, END_HEADERS, PRIORITY".
2024-08-19 17:41:58.352 +05:30  VRB  Connection id "0HN6090D5MQ81" received "SETTINGS" frame for stream ID 0 with length 0 and flags "ACK".
2024-08-19 17:41:58.352 +05:30  INF  Request starting HTTP/2 GET https://localhost:7113/api/Product/e2049003-75a6-4076-9e33-33e8d23950e6 - null null
2024-08-19 17:41:58.356 +05:30  VRB  All hosts are allowed.
2024-08-19 17:41:58.363 +05:30  DBG  1 candidate(s) found for the request path '/api/Product/e2049003-75a6-4076-9e33-33e8d23950e6'
2024-08-19 17:41:58.365 +05:30  DBG  Endpoint 'Web.Ecommerce.Controllers.Seller.ProductController.GetProductById (Web.Ecommerce)' with route pattern 'api/Product/{id}' is valid for the request path '/api/Product/e2049003-75a6-4076-9e33-33e8d23950e6'
2024-08-19 17:41:58.367 +05:30  DBG  Request matched endpoint 'Web.Ecommerce.Controllers.Seller.ProductController.GetProductById (Web.Ecommerce)'
2024-08-19 17:41:58.368 +05:30  VRB  The endpoint does not specify the IRequestSizeLimitMetadata.
2024-08-19 17:41:58.370 +05:30  DBG  Static files was skipped as the request already matched an endpoint.
2024-08-19 17:41:58.420 +05:30  DBG  AuthenticationScheme: Bearer was not authenticated.
2024-08-19 17:41:58.423 +05:30  DBG  AuthenticationScheme: Bearer was not authenticated.
2024-08-19 17:41:58.426 +05:30  INF  Executing endpoint 'Web.Ecommerce.Controllers.Seller.ProductController.GetProductById (Web.Ecommerce)'
2024-08-19 17:41:58.442 +05:30  INF  Route matched with {action = "GetProductById", controller = "Product"}. Executing controller action with signature System.Threading.Tasks.Task`1[Microsoft.AspNetCore.Mvc.IActionResult] GetProductById(System.Guid) on controller Web.Ecommerce.Controllers.Seller.ProductController (Web.Ecommerce).
2024-08-19 17:41:58.446 +05:30  DBG  Execution plan of authorization filters (in the following order): ["None"]
2024-08-19 17:41:58.448 +05:30  DBG  Execution plan of resource filters (in the following order): ["None"]
2024-08-19 17:41:58.449 +05:30  DBG  Execution plan of action filters (in the following order): ["Microsoft.AspNetCore.Mvc.ModelBinding.UnsupportedContentTypeFilter (Order: -3000)","Microsoft.AspNetCore.Mvc.Infrastructure.ModelStateInvalidFilter (Order: -2000)"]
2024-08-19 17:41:58.451 +05:30  DBG  Execution plan of exception filters (in the following order): ["None"]
2024-08-19 17:41:58.452 +05:30  DBG  Execution plan of result filters (in the following order): ["Microsoft.AspNetCore.Mvc.Infrastructure.ClientErrorResultFilter (Order: -2000)"]
2024-08-19 17:41:58.455 +05:30  DBG  Executing controller factory for controller Web.Ecommerce.Controllers.Seller.ProductController (Web.Ecommerce)
2024-08-19 17:41:58.457 +05:30  DBG  Executed controller factory for controller Web.Ecommerce.Controllers.Seller.ProductController (Web.Ecommerce)
2024-08-19 17:41:58.469 +05:30  DBG  Attempting to bind parameter 'id' of type 'System.Guid' ...
2024-08-19 17:41:58.472 +05:30  DBG  Attempting to bind parameter 'id' of type 'System.Guid' using the name 'id' in request data ...
2024-08-19 17:41:58.474 +05:30  DBG  Done attempting to bind parameter 'id' of type 'System.Guid'.
2024-08-19 17:41:58.475 +05:30  DBG  Done attempting to bind parameter 'id' of type 'System.Guid'.
2024-08-19 17:41:58.478 +05:30  DBG  Attempting to validate the bound parameter 'id' of type 'System.Guid' ...
2024-08-19 17:41:58.481 +05:30  DBG  Done attempting to validate the bound parameter 'id' of type 'System.Guid'.
2024-08-19 17:41:58.483 +05:30  VRB  Action Filter: Before executing OnActionExecuting on filter Microsoft.AspNetCore.Mvc.ModelBinding.UnsupportedContentTypeFilter.
2024-08-19 17:41:58.484 +05:30  VRB  Action Filter: After executing OnActionExecuting on filter Microsoft.AspNetCore.Mvc.ModelBinding.UnsupportedContentTypeFilter.
2024-08-19 17:41:58.485 +05:30  VRB  Action Filter: Before executing OnActionExecuting on filter Microsoft.AspNetCore.Mvc.Infrastructure.ModelStateInvalidFilter.
2024-08-19 17:41:58.487 +05:30  VRB  Action Filter: After executing OnActionExecuting on filter Microsoft.AspNetCore.Mvc.Infrastructure.ModelStateInvalidFilter.
2024-08-19 17:41:58.491 +05:30  INF  Executing action method Web.Ecommerce.Controllers.Seller.ProductController.GetProductById (Web.Ecommerce) - Validation state: "Valid"
2024-08-19 17:41:58.496 +05:30  VRB  Executing action method Web.Ecommerce.Controllers.Seller.ProductController.GetProductById (Web.Ecommerce) with arguments (["e2049003-75a6-4076-9e33-33e8d23950e6"])
2024-08-19 17:41:58.553 +05:30  DBG  Entity Framework Core 8.0.7 initialized 'EcommerceDbContext' using provider 'Microsoft.EntityFrameworkCore.SqlServer:8.0.7' with options: None
2024-08-19 17:41:58.564 +05:30  DBG  Compiling query expression: 
'DbSet<Product>()
    .Include(s => s.Seller)
    .Where(p => p.ProductId == __request_ProductId_0 && p.SellerId == p.Seller.SellerId)
    .Select(p => new ProductDto{ 
        ProductId = p.ProductId, 
        Name = p.Name, 
        Description = p.Description, 
        Category = p.Category, 
        Price = p.Price, 
        Quantity = p.Quantity, 
        SellerId = p.SellerId, 
        SellerName = p.Seller.StoreName 
    }
    )
    .FirstOrDefault()'
2024-08-19 17:41:58.631 +05:30  DBG  Generated query execution expression: 
'queryContext => ShapedQueryCompilingExpressionVisitor.SingleOrDefaultAsync<ProductDto>(
    asyncEnumerable: new SingleQueryingEnumerable<ProductDto>(
        (RelationalQueryContext)queryContext, 
        RelationalCommandCache.QueryExpression(
            Projection Mapping:
                ProductId -> 0
                Name -> 1
                Description -> 2
                Category -> 3
                Price -> 4
                Quantity -> 5
                SellerId -> 6
                SellerName -> 7
            SELECT TOP(1) p.ProductId, p.Name, p.Description, p.Category, p.Price, p.Quantity, p.SellerId, s.StoreName AS SellerName
            FROM Products AS p
            INNER JOIN Sellers AS s ON p.SellerId == s.SellerId
            WHERE (p.ProductId == @__request_ProductId_0) && (p.SellerId == s.SellerId)), 
        null, 
        Func<QueryContext, DbDataReader, ResultContext, SingleQueryResultCoordinator, ProductDto>, 
        Persistance.EcommerceDbContext, 
        False, 
        False, 
        True
    ), 
    cancellationToken: queryContext.CancellationToken)'
2024-08-19 17:41:58.640 +05:30  DBG  Creating DbConnection.
2024-08-19 17:41:58.641 +05:30  DBG  Created DbConnection. (1ms).
2024-08-19 17:41:58.645 +05:30  DBG  Opening connection to database 'Ecommerce' on server 'FGS-DSK-230\MSSQLSERVER2019'.
2024-08-19 17:41:58.648 +05:30  DBG  Opened connection to database 'Ecommerce' on server 'FGS-DSK-230\MSSQLSERVER2019'.
2024-08-19 17:41:58.649 +05:30  DBG  Creating DbCommand for 'ExecuteReader'.
2024-08-19 17:41:58.650 +05:30  DBG  Created DbCommand for 'ExecuteReader' (0ms).
2024-08-19 17:41:58.651 +05:30  DBG  Initialized DbCommand for 'ExecuteReader' (1ms).
2024-08-19 17:41:58.652 +05:30  DBG  Executing DbCommand [Parameters=[@__request_ProductId_0='?' (DbType = Guid)], CommandType='"Text"', CommandTimeout='30']
SELECT TOP(1) [p].[ProductId], [p].[Name], [p].[Description], [p].[Category], [p].[Price], [p].[Quantity], [p].[SellerId], [s].[StoreName] AS [SellerName]
FROM [Products] AS [p]
INNER JOIN [Sellers] AS [s] ON [p].[SellerId] = [s].[SellerId]
WHERE [p].[ProductId] = @__request_ProductId_0 AND [p].[SellerId] = [s].[SellerId]
2024-08-19 17:41:58.669 +05:30  INF  Executed DbCommand (17ms) [Parameters=[@__request_ProductId_0='?' (DbType = Guid)], CommandType='"Text"', CommandTimeout='30']
SELECT TOP(1) [p].[ProductId], [p].[Name], [p].[Description], [p].[Category], [p].[Price], [p].[Quantity], [p].[SellerId], [s].[StoreName] AS [SellerName]
FROM [Products] AS [p]
INNER JOIN [Sellers] AS [s] ON [p].[SellerId] = [s].[SellerId]
WHERE [p].[ProductId] = @__request_ProductId_0 AND [p].[SellerId] = [s].[SellerId]
2024-08-19 17:41:58.676 +05:30  DBG  Closing data reader to 'Ecommerce' on server 'FGS-DSK-230\MSSQLSERVER2019'.
2024-08-19 17:41:58.678 +05:30  DBG  A data reader for 'Ecommerce' on server 'FGS-DSK-230\MSSQLSERVER2019' is being disposed after spending 4ms reading results.
2024-08-19 17:41:58.681 +05:30  DBG  Closing connection to database 'Ecommerce' on server 'FGS-DSK-230\MSSQLSERVER2019'.
2024-08-19 17:41:58.682 +05:30  DBG  Closed connection to database 'Ecommerce' on server 'FGS-DSK-230\MSSQLSERVER2019' (1ms).
2024-08-19 17:41:58.688 +05:30  INF  Executed action method Web.Ecommerce.Controllers.Seller.ProductController.GetProductById (Web.Ecommerce), returned result Microsoft.AspNetCore.Mvc.OkObjectResult in 187.3937ms.
2024-08-19 17:41:58.690 +05:30  VRB  Action Filter: Before executing OnActionExecuted on filter Microsoft.AspNetCore.Mvc.Infrastructure.ModelStateInvalidFilter.
2024-08-19 17:41:58.693 +05:30  VRB  Action Filter: After executing OnActionExecuted on filter Microsoft.AspNetCore.Mvc.Infrastructure.ModelStateInvalidFilter.
2024-08-19 17:41:58.698 +05:30  VRB  Action Filter: Before executing OnActionExecuted on filter Microsoft.AspNetCore.Mvc.ModelBinding.UnsupportedContentTypeFilter.
2024-08-19 17:41:58.700 +05:30  VRB  Action Filter: After executing OnActionExecuted on filter Microsoft.AspNetCore.Mvc.ModelBinding.UnsupportedContentTypeFilter.
2024-08-19 17:41:58.702 +05:30  VRB  Result Filter: Before executing OnResultExecuting on filter Microsoft.AspNetCore.Mvc.Infrastructure.ClientErrorResultFilter.
2024-08-19 17:41:58.703 +05:30  VRB  Result Filter: After executing OnResultExecuting on filter Microsoft.AspNetCore.Mvc.Infrastructure.ClientErrorResultFilter.
2024-08-19 17:41:58.705 +05:30  VRB  Before executing action result Microsoft.AspNetCore.Mvc.OkObjectResult.
2024-08-19 17:41:58.711 +05:30  DBG  List of registered output formatters, in the following order: ["Microsoft.AspNetCore.Mvc.Formatters.HttpNoContentOutputFormatter","Microsoft.AspNetCore.Mvc.Formatters.StringOutputFormatter","Microsoft.AspNetCore.Mvc.Formatters.StreamOutputFormatter","Microsoft.AspNetCore.Mvc.Formatters.SystemTextJsonOutputFormatter"]
2024-08-19 17:41:58.716 +05:30  DBG  No information found on request to perform content negotiation.
2024-08-19 17:41:58.717 +05:30  DBG  Attempting to select an output formatter without using a content type as no explicit content types were specified for the response.
2024-08-19 17:41:58.717 +05:30  DBG  Attempting to select the first formatter in the output formatters list which can write the result.
2024-08-19 17:41:58.719 +05:30  DBG  Selected output formatter 'Microsoft.AspNetCore.Mvc.Formatters.SystemTextJsonOutputFormatter' and content type 'application/json' to write the response.
2024-08-19 17:41:58.720 +05:30  INF  Executing OkObjectResult, writing value of type 'Application.Ecom.Dtos.ProductDto'.
2024-08-19 17:41:58.757 +05:30  VRB  Connection id "0HN6090D5MQ81" sending "HEADERS" frame for stream ID 1 with length 74 and flags "END_HEADERS".
2024-08-19 17:41:58.757 +05:30  VRB  After executing action result Microsoft.AspNetCore.Mvc.OkObjectResult.
2024-08-19 17:41:58.760 +05:30  VRB  Connection id "0HN6090D5MQ81" sending "DATA" frame for stream ID 1 with length 216 and flags "NONE".
2024-08-19 17:41:58.762 +05:30  VRB  Result Filter: Before executing OnResultExecuted on filter Microsoft.AspNetCore.Mvc.Infrastructure.ClientErrorResultFilter.
2024-08-19 17:41:58.766 +05:30  VRB  Result Filter: After executing OnResultExecuted on filter Microsoft.AspNetCore.Mvc.Infrastructure.ClientErrorResultFilter.
2024-08-19 17:41:58.770 +05:30  INF  Executed action Web.Ecommerce.Controllers.Seller.ProductController.GetProductById (Web.Ecommerce) in 314.4965ms
2024-08-19 17:41:58.772 +05:30  INF  Executed endpoint 'Web.Ecommerce.Controllers.Seller.ProductController.GetProductById (Web.Ecommerce)'
2024-08-19 17:41:58.774 +05:30  VRB  Connection id "0HN6090D5MQ81" sending "DATA" frame for stream ID 1 with length 0 and flags "END_STREAM".
2024-08-19 17:41:58.774 +05:30  DBG  'EcommerceDbContext' disposed.
2024-08-19 17:41:58.782 +05:30  DBG  Disposing connection to database 'Ecommerce' on server 'FGS-DSK-230\MSSQLSERVER2019'.
2024-08-19 17:41:58.784 +05:30  DBG  Disposed connection to database '' on server '' (1ms).
2024-08-19 17:41:58.785 +05:30  INF  Request finished HTTP/2 GET https://localhost:7113/api/Product/e2049003-75a6-4076-9e33-33e8d23950e6 - 200 null application/json; charset=utf-8 432.6509ms
2024-08-19 17:42:00.725 +05:30  DBG  Connection id "0HN6090D5MQ81" received FIN.
2024-08-19 17:42:00.729 +05:30  DBG  Connection id "0HN6090D5MQ81" is closed. The last processed stream ID was 1.
2024-08-19 17:42:00.729 +05:30  DBG  The connection queue processing loop for 0HN6090D5MQ81 completed.
2024-08-19 17:42:00.730 +05:30  DBG  Connection id "0HN6090D5MQ81" sending FIN because: "The Socket transport's send loop completed gracefully."
2024-08-19 17:42:00.743 +05:30  DBG  Connection id "0HN6090D5MQ81" stopped.
2024-08-19 17:52:20.872 +05:30  DBG  Connection id "0HN6090D5MQ82" accepted.
2024-08-19 17:52:20.874 +05:30  DBG  Connection id "0HN6090D5MQ82" started.
2024-08-19 17:52:20.880 +05:30  DBG  Connection 0HN6090D5MQ82 established using the following protocol: "Tls12"
2024-08-19 17:52:20.887 +05:30  VRB  Connection id "0HN6090D5MQ82" sending "SETTINGS" frame for stream ID 0 with length 24 and flags "NONE".
2024-08-19 17:52:20.889 +05:30  VRB  Connection id "0HN6090D5MQ82" sending "WINDOW_UPDATE" frame for stream ID 0 with length 4 and flags 0x0.
2024-08-19 17:52:20.891 +05:30  VRB  Connection id "0HN6090D5MQ82" received "SETTINGS" frame for stream ID 0 with length 24 and flags "NONE".
2024-08-19 17:52:20.897 +05:30  VRB  Connection id "0HN6090D5MQ82" sending "SETTINGS" frame for stream ID 0 with length 0 and flags "ACK".
2024-08-19 17:52:20.900 +05:30  VRB  Connection id "0HN6090D5MQ82" received "WINDOW_UPDATE" frame for stream ID 0 with length 4 and flags 0x0.
2024-08-19 17:52:20.902 +05:30  VRB  Connection id "0HN6090D5MQ82" received "HEADERS" frame for stream ID 1 with length 1245 and flags "END_STREAM, END_HEADERS, PRIORITY".
2024-08-19 17:52:20.904 +05:30  VRB  Connection id "0HN6090D5MQ82" received "SETTINGS" frame for stream ID 0 with length 0 and flags "ACK".
2024-08-19 17:52:20.904 +05:30  INF  Request starting HTTP/2 GET https://localhost:7113/swagger/index.html - null null
2024-08-19 17:52:20.922 +05:30  VRB  All hosts are allowed.
2024-08-19 17:52:20.922 +05:30  DBG  No candidates found for the request path '/swagger/index.html'
2024-08-19 17:52:20.924 +05:30  DBG  Request did not match any endpoints
2024-08-19 17:52:20.926 +05:30  DBG  Response markup is scheduled to include Browser Link script injection.
2024-08-19 17:52:20.927 +05:30  DBG  Response markup is scheduled to include browser refresh script injection.
2024-08-19 17:52:20.928 +05:30  VRB  Connection id "0HN6090D5MQ82" sending "HEADERS" frame for stream ID 1 with length 66 and flags "END_HEADERS".
2024-08-19 17:52:20.928 +05:30  DBG  Response markup was updated to include Browser Link script injection.
2024-08-19 17:52:20.929 +05:30  VRB  Connection id "0HN6090D5MQ82" sending "DATA" frame for stream ID 1 with length 1136 and flags "NONE".
2024-08-19 17:52:20.930 +05:30  DBG  Response markup was updated to include browser refresh script injection.
2024-08-19 17:52:20.933 +05:30  INF  Request finished HTTP/2 GET https://localhost:7113/swagger/index.html - 200 null text/html;charset=utf-8 28.993ms
2024-08-19 17:52:20.933 +05:30  VRB  Connection id "0HN6090D5MQ82" sending "DATA" frame for stream ID 1 with length 0 and flags "END_STREAM".
2024-08-19 17:52:20.948 +05:30  VRB  Connection id "0HN6090D5MQ82" received "HEADERS" frame for stream ID 3 with length 59 and flags "END_STREAM, END_HEADERS, PRIORITY".
2024-08-19 17:52:20.951 +05:30  INF  Request starting HTTP/2 GET https://localhost:7113/swagger/index.js - null null
2024-08-19 17:52:20.954 +05:30  VRB  All hosts are allowed.
2024-08-19 17:52:20.955 +05:30  DBG  No candidates found for the request path '/swagger/index.js'
2024-08-19 17:52:20.956 +05:30  DBG  Request did not match any endpoints
2024-08-19 17:52:20.957 +05:30  VRB  Connection id "0HN6090D5MQ82" received "HEADERS" frame for stream ID 5 with length 54 and flags "END_STREAM, END_HEADERS, PRIORITY".
2024-08-19 17:52:20.957 +05:30  VRB  Connection id "0HN6090D5MQ82" sending "HEADERS" frame for stream ID 3 with length 41 and flags "END_HEADERS".
2024-08-19 17:52:20.957 +05:30  INF  Request finished HTTP/2 GET https://localhost:7113/swagger/index.js - 200 null application/javascript;charset=utf-8 6.2565ms
2024-08-19 17:52:20.962 +05:30  INF  Request starting HTTP/2 GET https://localhost:7113/_framework/aspnetcore-browser-refresh.js - null null
2024-08-19 17:52:20.963 +05:30  VRB  Connection id "0HN6090D5MQ82" sending "DATA" frame for stream ID 3 with length 3005 and flags "NONE".
2024-08-19 17:52:20.967 +05:30  VRB  Connection id "0HN6090D5MQ82" received "HEADERS" frame for stream ID 7 with length 59 and flags "END_STREAM, END_HEADERS, PRIORITY".
2024-08-19 17:52:20.970 +05:30  VRB  Connection id "0HN6090D5MQ82" sending "DATA" frame for stream ID 3 with length 0 and flags "END_STREAM".
2024-08-19 17:52:20.972 +05:30  INF  Request starting HTTP/2 GET https://localhost:7113/_vs/browserLink - null null
2024-08-19 17:52:20.974 +05:30  VRB  Connection id "0HN6090D5MQ82" sending "HEADERS" frame for stream ID 5 with length 60 and flags "END_HEADERS".
2024-08-19 17:52:20.984 +05:30  VRB  Connection id "0HN6090D5MQ82" sending "DATA" frame for stream ID 5 with length 13762 and flags "NONE".
2024-08-19 17:52:20.987 +05:30  VRB  Connection id "0HN6090D5MQ82" sending "DATA" frame for stream ID 5 with length 0 and flags "END_STREAM".
2024-08-19 17:52:20.987 +05:30  INF  Request finished HTTP/2 GET https://localhost:7113/_framework/aspnetcore-browser-refresh.js - 200 13762 application/javascript; charset=utf-8 24.8909ms
2024-08-19 17:52:20.994 +05:30  VRB  Connection id "0HN6090D5MQ82" sending "HEADERS" frame for stream ID 7 with length 119 and flags "END_HEADERS".
2024-08-19 17:52:20.997 +05:30  VRB  Connection id "0HN6090D5MQ82" sending "DATA" frame for stream ID 7 with length 9986 and flags "NONE".
2024-08-19 17:52:21.000 +05:30  VRB  Connection id "0HN6090D5MQ82" sending "DATA" frame for stream ID 7 with length 10240 and flags "NONE".
2024-08-19 17:52:21.002 +05:30  VRB  Connection id "0HN6090D5MQ82" sending "DATA" frame for stream ID 7 with length 10240 and flags "NONE".
2024-08-19 17:52:21.004 +05:30  VRB  Connection id "0HN6090D5MQ82" sending "DATA" frame for stream ID 7 with length 10240 and flags "NONE".
2024-08-19 17:52:21.006 +05:30  VRB  Connection id "0HN6090D5MQ82" sending "DATA" frame for stream ID 7 with length 10240 and flags "NONE".
2024-08-19 17:52:21.007 +05:30  VRB  Connection id "0HN6090D5MQ82" sending "DATA" frame for stream ID 7 with length 10240 and flags "NONE".
2024-08-19 17:52:21.013 +05:30  VRB  Connection id "0HN6090D5MQ82" sending "DATA" frame for stream ID 7 with length 10240 and flags "NONE".
2024-08-19 17:52:21.015 +05:30  VRB  Connection id "0HN6090D5MQ82" sending "DATA" frame for stream ID 7 with length 10240 and flags "NONE".
2024-08-19 17:52:21.017 +05:30  VRB  Connection id "0HN6090D5MQ82" sending "DATA" frame for stream ID 7 with length 10240 and flags "NONE".
2024-08-19 17:52:21.018 +05:30  VRB  Connection id "0HN6090D5MQ82" sending "DATA" frame for stream ID 7 with length 10240 and flags "NONE".
2024-08-19 17:52:21.020 +05:30  VRB  Connection id "0HN6090D5MQ82" sending "DATA" frame for stream ID 7 with length 10240 and flags "NONE".
2024-08-19 17:52:21.021 +05:30  VRB  Connection id "0HN6090D5MQ82" sending "DATA" frame for stream ID 7 with length 10240 and flags "NONE".
2024-08-19 17:52:21.023 +05:30  VRB  Connection id "0HN6090D5MQ82" sending "DATA" frame for stream ID 7 with length 10240 and flags "NONE".
2024-08-19 17:52:21.024 +05:30  VRB  Connection id "0HN6090D5MQ82" sending "DATA" frame for stream ID 7 with length 10240 and flags "NONE".
2024-08-19 17:52:21.029 +05:30  VRB  Connection id "0HN6090D5MQ82" sending "DATA" frame for stream ID 7 with length 10240 and flags "NONE".
2024-08-19 17:52:21.031 +05:30  VRB  Connection id "0HN6090D5MQ82" sending "DATA" frame for stream ID 7 with length 160 and flags "NONE".
2024-08-19 17:52:21.031 +05:30  INF  Request finished HTTP/2 GET https://localhost:7113/_vs/browserLink - 200 null text/javascript; charset=UTF-8 58.698ms
2024-08-19 17:52:21.032 +05:30  VRB  Connection id "0HN6090D5MQ82" sending "DATA" frame for stream ID 7 with length 0 and flags "END_STREAM".
2024-08-19 17:52:21.147 +05:30  VRB  Connection id "0HN6090D5MQ82" received "HEADERS" frame for stream ID 9 with length 76 and flags "END_STREAM, END_HEADERS, PRIORITY".
2024-08-19 17:52:21.149 +05:30  INF  Request starting HTTP/2 GET https://localhost:7113/swagger/v1/swagger.json - null null
2024-08-19 17:52:21.151 +05:30  VRB  All hosts are allowed.
2024-08-19 17:52:21.152 +05:30  DBG  No candidates found for the request path '/swagger/v1/swagger.json'
2024-08-19 17:52:21.152 +05:30  DBG  Request did not match any endpoints
2024-08-19 17:52:21.162 +05:30  VRB  Connection id "0HN6090D5MQ82" sending "HEADERS" frame for stream ID 9 with length 35 and flags "END_HEADERS".
2024-08-19 17:52:21.164 +05:30  VRB  Connection id "0HN6090D5MQ82" sending "DATA" frame for stream ID 9 with length 16384 and flags "NONE".
2024-08-19 17:52:21.166 +05:30  VRB  Connection id "0HN6090D5MQ82" sending "DATA" frame for stream ID 9 with length 3566 and flags "NONE".
2024-08-19 17:52:21.168 +05:30  VRB  Connection id "0HN6090D5MQ82" sending "DATA" frame for stream ID 9 with length 0 and flags "END_STREAM".
2024-08-19 17:52:21.168 +05:30  INF  Request finished HTTP/2 GET https://localhost:7113/swagger/v1/swagger.json - 200 null application/json;charset=utf-8 19.1308ms
2024-08-19 17:53:40.671 +05:30  VRB  Connection id "0HN6090D5MQ82" received "HEADERS" frame for stream ID 11 with length 33 and flags "END_STREAM, END_HEADERS, PRIORITY".
2024-08-19 17:53:40.674 +05:30  VRB  Connection id "0HN6090D5MQ82" received "PING" frame for stream ID 0 with length 8 and flags "NONE".
2024-08-19 17:53:40.675 +05:30  INF  Request starting HTTP/2 GET https://localhost:7113/api/Product - null null
2024-08-19 17:53:40.680 +05:30  VRB  Connection id "0HN6090D5MQ82" sending "PING" frame for stream ID 0 with length 8 and flags "ACK".
2024-08-19 17:53:40.683 +05:30  VRB  All hosts are allowed.
2024-08-19 17:53:40.689 +05:30  DBG  1 candidate(s) found for the request path '/api/Product'
2024-08-19 17:53:40.690 +05:30  DBG  Endpoint 'Web.Ecommerce.Controllers.Seller.ProductController.GetAllProducts (Web.Ecommerce)' with route pattern 'api/Product' is valid for the request path '/api/Product'
2024-08-19 17:53:40.692 +05:30  DBG  Request matched endpoint 'Web.Ecommerce.Controllers.Seller.ProductController.GetAllProducts (Web.Ecommerce)'
2024-08-19 17:53:40.696 +05:30  VRB  The endpoint does not specify the IRequestSizeLimitMetadata.
2024-08-19 17:53:40.697 +05:30  DBG  Static files was skipped as the request already matched an endpoint.
2024-08-19 17:53:40.699 +05:30  DBG  AuthenticationScheme: Bearer was not authenticated.
2024-08-19 17:53:40.700 +05:30  DBG  AuthenticationScheme: Bearer was not authenticated.
2024-08-19 17:53:40.701 +05:30  INF  Executing endpoint 'Web.Ecommerce.Controllers.Seller.ProductController.GetAllProducts (Web.Ecommerce)'
2024-08-19 17:53:40.705 +05:30  INF  Route matched with {action = "GetAllProducts", controller = "Product"}. Executing controller action with signature System.Threading.Tasks.Task`1[Microsoft.AspNetCore.Mvc.IActionResult] GetAllProducts() on controller Web.Ecommerce.Controllers.Seller.ProductController (Web.Ecommerce).
2024-08-19 17:53:40.708 +05:30  DBG  Execution plan of authorization filters (in the following order): ["None"]
2024-08-19 17:53:40.712 +05:30  DBG  Execution plan of resource filters (in the following order): ["None"]
2024-08-19 17:53:40.713 +05:30  DBG  Execution plan of action filters (in the following order): ["Microsoft.AspNetCore.Mvc.ModelBinding.UnsupportedContentTypeFilter (Order: -3000)","Microsoft.AspNetCore.Mvc.Infrastructure.ModelStateInvalidFilter (Order: -2000)"]
2024-08-19 17:53:40.715 +05:30  DBG  Execution plan of exception filters (in the following order): ["None"]
2024-08-19 17:53:40.716 +05:30  DBG  Execution plan of result filters (in the following order): ["Microsoft.AspNetCore.Mvc.Infrastructure.ClientErrorResultFilter (Order: -2000)"]
2024-08-19 17:53:40.718 +05:30  DBG  Executing controller factory for controller Web.Ecommerce.Controllers.Seller.ProductController (Web.Ecommerce)
2024-08-19 17:53:40.719 +05:30  DBG  Executed controller factory for controller Web.Ecommerce.Controllers.Seller.ProductController (Web.Ecommerce)
2024-08-19 17:53:40.720 +05:30  VRB  Action Filter: Before executing OnActionExecuting on filter Microsoft.AspNetCore.Mvc.ModelBinding.UnsupportedContentTypeFilter.
2024-08-19 17:53:40.722 +05:30  VRB  Action Filter: After executing OnActionExecuting on filter Microsoft.AspNetCore.Mvc.ModelBinding.UnsupportedContentTypeFilter.
2024-08-19 17:53:40.724 +05:30  VRB  Action Filter: Before executing OnActionExecuting on filter Microsoft.AspNetCore.Mvc.Infrastructure.ModelStateInvalidFilter.
2024-08-19 17:53:40.729 +05:30  VRB  Action Filter: After executing OnActionExecuting on filter Microsoft.AspNetCore.Mvc.Infrastructure.ModelStateInvalidFilter.
2024-08-19 17:53:40.731 +05:30  INF  Executing action method Web.Ecommerce.Controllers.Seller.ProductController.GetAllProducts (Web.Ecommerce) - Validation state: "Valid"
2024-08-19 17:53:40.743 +05:30  DBG  Entity Framework Core 8.0.7 initialized 'EcommerceDbContext' using provider 'Microsoft.EntityFrameworkCore.SqlServer:8.0.7' with options: None
2024-08-19 17:53:40.750 +05:30  DBG  Compiling query expression: 
'DbSet<Product>()
    .Select(p => new ProductDto{ 
        ProductId = p.ProductId, 
        Name = p.Name, 
        Description = p.Description, 
        Category = p.Category, 
        Price = p.Price, 
        Quantity = p.Quantity, 
        SellerId = p.SellerId, 
        SellerName = p.Seller.StoreName 
    }
    )'
2024-08-19 17:53:40.756 +05:30  DBG  Generated query execution expression: 
'queryContext => new SingleQueryingEnumerable<ProductDto>(
    (RelationalQueryContext)queryContext, 
    RelationalCommandCache.QueryExpression(
        Projection Mapping:
            ProductId -> 0
            Name -> 1
            Description -> 2
            Category -> 3
            Price -> 4
            Quantity -> 5
            SellerId -> 6
            SellerName -> 7
        SELECT p.ProductId, p.Name, p.Description, p.Category, p.Price, p.Quantity, p.SellerId, s.StoreName AS SellerName
        FROM Products AS p
        INNER JOIN Sellers AS s ON p.SellerId == s.SellerId), 
    null, 
    Func<QueryContext, DbDataReader, ResultContext, SingleQueryResultCoordinator, ProductDto>, 
    Persistance.EcommerceDbContext, 
    False, 
    False, 
    True
)'
2024-08-19 17:53:40.764 +05:30  DBG  Creating DbConnection.
2024-08-19 17:53:40.765 +05:30  DBG  Created DbConnection. (0ms).
2024-08-19 17:53:40.766 +05:30  DBG  Opening connection to database 'Ecommerce' on server 'FGS-DSK-230\MSSQLSERVER2019'.
2024-08-19 17:53:40.773 +05:30  DBG  Opened connection to database 'Ecommerce' on server 'FGS-DSK-230\MSSQLSERVER2019'.
2024-08-19 17:53:40.775 +05:30  DBG  Creating DbCommand for 'ExecuteReader'.
2024-08-19 17:53:40.776 +05:30  DBG  Created DbCommand for 'ExecuteReader' (0ms).
2024-08-19 17:53:40.779 +05:30  DBG  Initialized DbCommand for 'ExecuteReader' (4ms).
2024-08-19 17:53:40.781 +05:30  DBG  Executing DbCommand [Parameters=[], CommandType='"Text"', CommandTimeout='30']
SELECT [p].[ProductId], [p].[Name], [p].[Description], [p].[Category], [p].[Price], [p].[Quantity], [p].[SellerId], [s].[StoreName] AS [SellerName]
FROM [Products] AS [p]
INNER JOIN [Sellers] AS [s] ON [p].[SellerId] = [s].[SellerId]
2024-08-19 17:53:40.794 +05:30  INF  Executed DbCommand (14ms) [Parameters=[], CommandType='"Text"', CommandTimeout='30']
SELECT [p].[ProductId], [p].[Name], [p].[Description], [p].[Category], [p].[Price], [p].[Quantity], [p].[SellerId], [s].[StoreName] AS [SellerName]
FROM [Products] AS [p]
INNER JOIN [Sellers] AS [s] ON [p].[SellerId] = [s].[SellerId]
2024-08-19 17:53:40.802 +05:30  DBG  Closing data reader to 'Ecommerce' on server 'FGS-DSK-230\MSSQLSERVER2019'.
2024-08-19 17:53:40.803 +05:30  DBG  A data reader for 'Ecommerce' on server 'FGS-DSK-230\MSSQLSERVER2019' is being disposed after spending 1ms reading results.
2024-08-19 17:53:40.805 +05:30  DBG  Closing connection to database 'Ecommerce' on server 'FGS-DSK-230\MSSQLSERVER2019'.
2024-08-19 17:53:40.806 +05:30  DBG  Closed connection to database 'Ecommerce' on server 'FGS-DSK-230\MSSQLSERVER2019' (1ms).
2024-08-19 17:53:40.808 +05:30  INF  Executed action method Web.Ecommerce.Controllers.Seller.ProductController.GetAllProducts (Web.Ecommerce), returned result Microsoft.AspNetCore.Mvc.OkObjectResult in 75.6031ms.
2024-08-19 17:53:40.810 +05:30  VRB  Action Filter: Before executing OnActionExecuted on filter Microsoft.AspNetCore.Mvc.Infrastructure.ModelStateInvalidFilter.
2024-08-19 17:53:40.814 +05:30  VRB  Action Filter: After executing OnActionExecuted on filter Microsoft.AspNetCore.Mvc.Infrastructure.ModelStateInvalidFilter.
2024-08-19 17:53:40.815 +05:30  VRB  Action Filter: Before executing OnActionExecuted on filter Microsoft.AspNetCore.Mvc.ModelBinding.UnsupportedContentTypeFilter.
2024-08-19 17:53:40.817 +05:30  VRB  Action Filter: After executing OnActionExecuted on filter Microsoft.AspNetCore.Mvc.ModelBinding.UnsupportedContentTypeFilter.
2024-08-19 17:53:40.818 +05:30  VRB  Result Filter: Before executing OnResultExecuting on filter Microsoft.AspNetCore.Mvc.Infrastructure.ClientErrorResultFilter.
2024-08-19 17:53:40.820 +05:30  VRB  Result Filter: After executing OnResultExecuting on filter Microsoft.AspNetCore.Mvc.Infrastructure.ClientErrorResultFilter.
2024-08-19 17:53:40.821 +05:30  VRB  Before executing action result Microsoft.AspNetCore.Mvc.OkObjectResult.
2024-08-19 17:53:40.822 +05:30  DBG  List of registered output formatters, in the following order: ["Microsoft.AspNetCore.Mvc.Formatters.HttpNoContentOutputFormatter","Microsoft.AspNetCore.Mvc.Formatters.StringOutputFormatter","Microsoft.AspNetCore.Mvc.Formatters.StreamOutputFormatter","Microsoft.AspNetCore.Mvc.Formatters.SystemTextJsonOutputFormatter"]
2024-08-19 17:53:40.824 +05:30  DBG  No information found on request to perform content negotiation.
2024-08-19 17:53:40.824 +05:30  DBG  Attempting to select an output formatter without using a content type as no explicit content types were specified for the response.
2024-08-19 17:53:40.828 +05:30  DBG  Attempting to select the first formatter in the output formatters list which can write the result.
2024-08-19 17:53:40.830 +05:30  DBG  Selected output formatter 'Microsoft.AspNetCore.Mvc.Formatters.SystemTextJsonOutputFormatter' and content type 'application/json' to write the response.
2024-08-19 17:53:40.831 +05:30  INF  Executing OkObjectResult, writing value of type 'System.Collections.Generic.List`1[[Application.Ecom.Dtos.ProductDto, Application.Ecom, Version=1.0.0.0, Culture=neutral, PublicKeyToken=null]]'.
2024-08-19 17:53:40.837 +05:30  VRB  After executing action result Microsoft.AspNetCore.Mvc.OkObjectResult.
2024-08-19 17:53:40.837 +05:30  VRB  Connection id "0HN6090D5MQ82" sending "HEADERS" frame for stream ID 11 with length 66 and flags "END_HEADERS".
2024-08-19 17:53:40.838 +05:30  VRB  Result Filter: Before executing OnResultExecuted on filter Microsoft.AspNetCore.Mvc.Infrastructure.ClientErrorResultFilter.
2024-08-19 17:53:40.840 +05:30  VRB  Connection id "0HN6090D5MQ82" sending "DATA" frame for stream ID 11 with length 831 and flags "NONE".
2024-08-19 17:53:40.841 +05:30  VRB  Result Filter: After executing OnResultExecuted on filter Microsoft.AspNetCore.Mvc.Infrastructure.ClientErrorResultFilter.
2024-08-19 17:53:40.849 +05:30  VRB  Connection id "0HN6090D5MQ82" received "WINDOW_UPDATE" frame for stream ID 0 with length 4 and flags 0x0.
2024-08-19 17:53:40.851 +05:30  INF  Executed action Web.Ecommerce.Controllers.Seller.ProductController.GetAllProducts (Web.Ecommerce) in 132.877ms
2024-08-19 17:53:40.853 +05:30  INF  Executed endpoint 'Web.Ecommerce.Controllers.Seller.ProductController.GetAllProducts (Web.Ecommerce)'
2024-08-19 17:53:40.854 +05:30  DBG  'EcommerceDbContext' disposed.
2024-08-19 17:53:40.854 +05:30  VRB  Connection id "0HN6090D5MQ82" sending "DATA" frame for stream ID 11 with length 0 and flags "END_STREAM".
2024-08-19 17:53:40.855 +05:30  DBG  Disposing connection to database 'Ecommerce' on server 'FGS-DSK-230\MSSQLSERVER2019'.
2024-08-19 17:53:40.859 +05:30  DBG  Disposed connection to database '' on server '' (3ms).
2024-08-19 17:53:40.863 +05:30  INF  Request finished HTTP/2 GET https://localhost:7113/api/Product - 200 null application/json; charset=utf-8 188.1744ms
