2024-08-29 11:12:36.307 +05:30  DBG  An 'IServiceProvider' was created for internal use by Entity Framework.
2024-08-29 11:12:36.660 +05:30  WRN  Navigations 'Order.Payments' and 'Payment.Order' were separated into two relationships since the [ForeignKey] attribute was specified on navigations on both sides.
2024-08-29 11:12:36.664 +05:30  WRN  Navigations 'Order.Return' and 'Return.Order' were separated into two relationships since the [ForeignKey] attribute was specified on navigations on both sides.
2024-08-29 11:12:36.667 +05:30  WRN  Navigations 'Payment.Return' and 'Return.Payment' were separated into two relationships since the [ForeignKey] attribute was specified on navigations on both sides.
2024-08-29 11:12:36.735 +05:30  WRN  Navigations 'Order.Payments' and 'Payment.Order' were separated into two relationships since the [ForeignKey] attribute was specified on navigations on both sides.
2024-08-29 11:12:36.736 +05:30  WRN  Navigations 'Payment.Order' and 'Order.Payments' were separated into two relationships since the [ForeignKey] attribute was specified on navigations on both sides.
2024-08-29 11:12:36.736 +05:30  WRN  Navigations 'Payment.Order' and 'Order.Payments' were separated into two relationships since the [ForeignKey] attribute was specified on navigations on both sides.
2024-08-29 11:12:36.737 +05:30  WRN  Navigations 'Payment.Order' and 'Order.Payments' were separated into two relationships since the [ForeignKey] attribute was specified on navigations on both sides.
2024-08-29 11:12:36.737 +05:30  WRN  Navigations 'Order.Return' and 'Return.Order' were separated into two relationships since the [ForeignKey] attribute was specified on navigations on both sides.
2024-08-29 11:12:36.738 +05:30  WRN  Navigations 'Return.Order' and 'Order.Return' were separated into two relationships since the [ForeignKey] attribute was specified on navigations on both sides.
2024-08-29 11:12:36.738 +05:30  WRN  Navigations 'Return.Order' and 'Order.Return' were separated into two relationships since the [ForeignKey] attribute was specified on navigations on both sides.
2024-08-29 11:12:36.738 +05:30  WRN  Navigations 'Return.Order' and 'Order.Return' were separated into two relationships since the [ForeignKey] attribute was specified on navigations on both sides.
2024-08-29 11:12:36.755 +05:30  DBG  The index {'UserId'} was not created on entity type 'IdentityUserRole<Guid>' as the properties are already covered by the index {'UserId', 'RoleId'}.
2024-08-29 11:12:36.755 +05:30  DBG  The index {'UserId'} was not created on entity type 'IdentityUserToken<Guid>' as the properties are already covered by the index {'UserId', 'LoginProvider', 'Name'}.
2024-08-29 11:12:36.869 +05:30  DBG  The property 'Product.UserId' was created in shadow state because there are no eligible CLR members with a matching name.
2024-08-29 11:12:37.001 +05:30  DBG  Entity Framework Core 8.0.7 initialized 'EcommerceDbContext' using provider 'Microsoft.EntityFrameworkCore.SqlServer:8.0.7' with options: None
2024-08-29 11:12:37.021 +05:30  DBG  'EcommerceDbContext' disposed.
2024-08-29 11:12:52.802 +05:30  DBG  An 'IServiceProvider' was created for internal use by Entity Framework.
2024-08-29 11:12:53.096 +05:30  WRN  Navigations 'Order.Payments' and 'Payment.Order' were separated into two relationships since the [ForeignKey] attribute was specified on navigations on both sides.
2024-08-29 11:12:53.101 +05:30  WRN  Navigations 'Order.Return' and 'Return.Order' were separated into two relationships since the [ForeignKey] attribute was specified on navigations on both sides.
2024-08-29 11:12:53.103 +05:30  WRN  Navigations 'Payment.Return' and 'Return.Payment' were separated into two relationships since the [ForeignKey] attribute was specified on navigations on both sides.
2024-08-29 11:12:53.168 +05:30  WRN  Navigations 'Order.Payments' and 'Payment.Order' were separated into two relationships since the [ForeignKey] attribute was specified on navigations on both sides.
2024-08-29 11:12:53.169 +05:30  WRN  Navigations 'Payment.Order' and 'Order.Payments' were separated into two relationships since the [ForeignKey] attribute was specified on navigations on both sides.
2024-08-29 11:12:53.169 +05:30  WRN  Navigations 'Payment.Order' and 'Order.Payments' were separated into two relationships since the [ForeignKey] attribute was specified on navigations on both sides.
2024-08-29 11:12:53.170 +05:30  WRN  Navigations 'Payment.Order' and 'Order.Payments' were separated into two relationships since the [ForeignKey] attribute was specified on navigations on both sides.
2024-08-29 11:12:53.171 +05:30  WRN  Navigations 'Order.Return' and 'Return.Order' were separated into two relationships since the [ForeignKey] attribute was specified on navigations on both sides.
2024-08-29 11:12:53.171 +05:30  WRN  Navigations 'Return.Order' and 'Order.Return' were separated into two relationships since the [ForeignKey] attribute was specified on navigations on both sides.
2024-08-29 11:12:53.171 +05:30  WRN  Navigations 'Return.Order' and 'Order.Return' were separated into two relationships since the [ForeignKey] attribute was specified on navigations on both sides.
2024-08-29 11:12:53.172 +05:30  WRN  Navigations 'Return.Order' and 'Order.Return' were separated into two relationships since the [ForeignKey] attribute was specified on navigations on both sides.
2024-08-29 11:12:53.187 +05:30  DBG  The index {'UserId'} was not created on entity type 'IdentityUserRole<Guid>' as the properties are already covered by the index {'UserId', 'RoleId'}.
2024-08-29 11:12:53.187 +05:30  DBG  The index {'UserId'} was not created on entity type 'IdentityUserToken<Guid>' as the properties are already covered by the index {'UserId', 'LoginProvider', 'Name'}.
2024-08-29 11:12:53.288 +05:30  DBG  The property 'Product.UserId' was created in shadow state because there are no eligible CLR members with a matching name.
2024-08-29 11:12:53.396 +05:30  DBG  Entity Framework Core 8.0.7 initialized 'EcommerceDbContext' using provider 'Microsoft.EntityFrameworkCore.SqlServer:8.0.7' with options: None
2024-08-29 11:12:53.429 +05:30  WRN  Navigations 'Order.Payments' and 'Payment.Order' were separated into two relationships since the [ForeignKey] attribute was specified on navigations on both sides.
2024-08-29 11:12:53.431 +05:30  WRN  Navigations 'Order.Return' and 'Return.Order' were separated into two relationships since the [ForeignKey] attribute was specified on navigations on both sides.
2024-08-29 11:12:53.434 +05:30  WRN  Navigations 'Payment.Return' and 'Return.Payment' were separated into two relationships since the [ForeignKey] attribute was specified on navigations on both sides.
2024-08-29 11:12:53.456 +05:30  WRN  Navigations 'Order.Payments' and 'Payment.Order' were separated into two relationships since the [ForeignKey] attribute was specified on navigations on both sides.
2024-08-29 11:12:53.456 +05:30  WRN  Navigations 'Payment.Order' and 'Order.Payments' were separated into two relationships since the [ForeignKey] attribute was specified on navigations on both sides.
2024-08-29 11:12:53.456 +05:30  WRN  Navigations 'Payment.Order' and 'Order.Payments' were separated into two relationships since the [ForeignKey] attribute was specified on navigations on both sides.
2024-08-29 11:12:53.457 +05:30  WRN  Navigations 'Payment.Order' and 'Order.Payments' were separated into two relationships since the [ForeignKey] attribute was specified on navigations on both sides.
2024-08-29 11:12:53.457 +05:30  WRN  Navigations 'Order.Return' and 'Return.Order' were separated into two relationships since the [ForeignKey] attribute was specified on navigations on both sides.
2024-08-29 11:12:53.458 +05:30  WRN  Navigations 'Return.Order' and 'Order.Return' were separated into two relationships since the [ForeignKey] attribute was specified on navigations on both sides.
2024-08-29 11:12:53.482 +05:30  WRN  Navigations 'Return.Order' and 'Order.Return' were separated into two relationships since the [ForeignKey] attribute was specified on navigations on both sides.
2024-08-29 11:12:53.482 +05:30  WRN  Navigations 'Return.Order' and 'Order.Return' were separated into two relationships since the [ForeignKey] attribute was specified on navigations on both sides.
2024-08-29 11:12:53.483 +05:30  DBG  The index {'UserId'} was not created on entity type 'IdentityUserRole<Guid>' as the properties are already covered by the index {'UserId', 'RoleId'}.
2024-08-29 11:12:53.483 +05:30  DBG  The index {'UserId'} was not created on entity type 'IdentityUserToken<Guid>' as the properties are already covered by the index {'UserId', 'LoginProvider', 'Name'}.
2024-08-29 11:12:53.495 +05:30  DBG  The property 'Product.UserId' was created in shadow state because there are no eligible CLR members with a matching name.
2024-08-29 11:12:54.130 +05:30  DBG  'EcommerceDbContext' disposed.
2024-08-29 11:13:07.911 +05:30  DBG  An 'IServiceProvider' was created for internal use by Entity Framework.
2024-08-29 11:13:08.196 +05:30  WRN  Navigations 'Order.Payments' and 'Payment.Order' were separated into two relationships since the [ForeignKey] attribute was specified on navigations on both sides.
2024-08-29 11:13:08.200 +05:30  WRN  Navigations 'Order.Return' and 'Return.Order' were separated into two relationships since the [ForeignKey] attribute was specified on navigations on both sides.
2024-08-29 11:13:08.203 +05:30  WRN  Navigations 'Payment.Return' and 'Return.Payment' were separated into two relationships since the [ForeignKey] attribute was specified on navigations on both sides.
2024-08-29 11:13:08.266 +05:30  WRN  Navigations 'Order.Payments' and 'Payment.Order' were separated into two relationships since the [ForeignKey] attribute was specified on navigations on both sides.
2024-08-29 11:13:08.267 +05:30  WRN  Navigations 'Payment.Order' and 'Order.Payments' were separated into two relationships since the [ForeignKey] attribute was specified on navigations on both sides.
2024-08-29 11:13:08.267 +05:30  WRN  Navigations 'Payment.Order' and 'Order.Payments' were separated into two relationships since the [ForeignKey] attribute was specified on navigations on both sides.
2024-08-29 11:13:08.268 +05:30  WRN  Navigations 'Payment.Order' and 'Order.Payments' were separated into two relationships since the [ForeignKey] attribute was specified on navigations on both sides.
2024-08-29 11:13:08.268 +05:30  WRN  Navigations 'Order.Return' and 'Return.Order' were separated into two relationships since the [ForeignKey] attribute was specified on navigations on both sides.
2024-08-29 11:13:08.269 +05:30  WRN  Navigations 'Return.Order' and 'Order.Return' were separated into two relationships since the [ForeignKey] attribute was specified on navigations on both sides.
2024-08-29 11:13:08.269 +05:30  WRN  Navigations 'Return.Order' and 'Order.Return' were separated into two relationships since the [ForeignKey] attribute was specified on navigations on both sides.
2024-08-29 11:13:08.269 +05:30  WRN  Navigations 'Return.Order' and 'Order.Return' were separated into two relationships since the [ForeignKey] attribute was specified on navigations on both sides.
2024-08-29 11:13:08.285 +05:30  DBG  The index {'UserId'} was not created on entity type 'IdentityUserRole<Guid>' as the properties are already covered by the index {'UserId', 'RoleId'}.
2024-08-29 11:13:08.285 +05:30  DBG  The index {'UserId'} was not created on entity type 'IdentityUserToken<Guid>' as the properties are already covered by the index {'UserId', 'LoginProvider', 'Name'}.
2024-08-29 11:13:08.418 +05:30  DBG  The property 'Product.UserId' was created in shadow state because there are no eligible CLR members with a matching name.
2024-08-29 11:13:08.534 +05:30  DBG  Entity Framework Core 8.0.7 initialized 'EcommerceDbContext' using provider 'Microsoft.EntityFrameworkCore.SqlServer:8.0.7' with options: None
2024-08-29 11:13:08.557 +05:30  DBG  Creating DbConnection.
2024-08-29 11:13:08.614 +05:30  DBG  Created DbConnection. (55ms).
2024-08-29 11:13:08.615 +05:30  DBG  Migrating using database 'Ecommerce' on server 'FGS-DSK-230\MSSQLSERVER2019'.
2024-08-29 11:13:08.623 +05:30  DBG  Opening connection to database 'Ecommerce' on server 'FGS-DSK-230\MSSQLSERVER2019'.
2024-08-29 11:13:08.820 +05:30  DBG  Opened connection to database 'Ecommerce' on server 'FGS-DSK-230\MSSQLSERVER2019'.
2024-08-29 11:13:08.824 +05:30  DBG  Creating DbCommand for 'ExecuteNonQuery'.
2024-08-29 11:13:08.829 +05:30  DBG  Created DbCommand for 'ExecuteNonQuery' (4ms).
2024-08-29 11:13:08.830 +05:30  DBG  Initialized DbCommand for 'ExecuteNonQuery' (8ms).
2024-08-29 11:13:08.835 +05:30  DBG  Executing DbCommand [Parameters=[], CommandType='"Text"', CommandTimeout='30']
SELECT 1
2024-08-29 11:13:08.857 +05:30  INF  Executed DbCommand (19ms) [Parameters=[], CommandType='"Text"', CommandTimeout='30']
SELECT 1
2024-08-29 11:13:08.859 +05:30  DBG  Closing connection to database 'Ecommerce' on server 'FGS-DSK-230\MSSQLSERVER2019'.
2024-08-29 11:13:08.864 +05:30  DBG  Closed connection to database 'Ecommerce' on server 'FGS-DSK-230\MSSQLSERVER2019' (3ms).
2024-08-29 11:13:08.866 +05:30  DBG  Creating DbCommand for 'ExecuteScalar'.
2024-08-29 11:13:08.866 +05:30  DBG  Created DbCommand for 'ExecuteScalar' (0ms).
2024-08-29 11:13:08.866 +05:30  DBG  Initialized DbCommand for 'ExecuteScalar' (0ms).
2024-08-29 11:13:08.866 +05:30  DBG  Opening connection to database 'Ecommerce' on server 'FGS-DSK-230\MSSQLSERVER2019'.
2024-08-29 11:13:08.867 +05:30  DBG  Opened connection to database 'Ecommerce' on server 'FGS-DSK-230\MSSQLSERVER2019'.
2024-08-29 11:13:08.867 +05:30  DBG  Executing DbCommand [Parameters=[], CommandType='"Text"', CommandTimeout='30']
SELECT OBJECT_ID(N'[__EFMigrationsHistory]');
2024-08-29 11:13:08.878 +05:30  INF  Executed DbCommand (11ms) [Parameters=[], CommandType='"Text"', CommandTimeout='30']
SELECT OBJECT_ID(N'[__EFMigrationsHistory]');
2024-08-29 11:13:08.878 +05:30  DBG  Closing connection to database 'Ecommerce' on server 'FGS-DSK-230\MSSQLSERVER2019'.
2024-08-29 11:13:08.878 +05:30  DBG  Closed connection to database 'Ecommerce' on server 'FGS-DSK-230\MSSQLSERVER2019' (0ms).
2024-08-29 11:13:08.879 +05:30  DBG  Opening connection to database 'Ecommerce' on server 'FGS-DSK-230\MSSQLSERVER2019'.
2024-08-29 11:13:08.879 +05:30  DBG  Opened connection to database 'Ecommerce' on server 'FGS-DSK-230\MSSQLSERVER2019'.
2024-08-29 11:13:08.879 +05:30  DBG  Creating DbCommand for 'ExecuteNonQuery'.
2024-08-29 11:13:08.879 +05:30  DBG  Created DbCommand for 'ExecuteNonQuery' (0ms).
2024-08-29 11:13:08.879 +05:30  DBG  Initialized DbCommand for 'ExecuteNonQuery' (0ms).
2024-08-29 11:13:08.879 +05:30  DBG  Executing DbCommand [Parameters=[], CommandType='"Text"', CommandTimeout='30']
SELECT 1
2024-08-29 11:13:08.880 +05:30  INF  Executed DbCommand (1ms) [Parameters=[], CommandType='"Text"', CommandTimeout='30']
SELECT 1
2024-08-29 11:13:08.880 +05:30  DBG  Closing connection to database 'Ecommerce' on server 'FGS-DSK-230\MSSQLSERVER2019'.
2024-08-29 11:13:08.880 +05:30  DBG  Closed connection to database 'Ecommerce' on server 'FGS-DSK-230\MSSQLSERVER2019' (0ms).
2024-08-29 11:13:08.880 +05:30  DBG  Creating DbCommand for 'ExecuteScalar'.
2024-08-29 11:13:08.880 +05:30  DBG  Created DbCommand for 'ExecuteScalar' (0ms).
2024-08-29 11:13:08.880 +05:30  DBG  Initialized DbCommand for 'ExecuteScalar' (0ms).
2024-08-29 11:13:08.880 +05:30  DBG  Opening connection to database 'Ecommerce' on server 'FGS-DSK-230\MSSQLSERVER2019'.
2024-08-29 11:13:08.880 +05:30  DBG  Opened connection to database 'Ecommerce' on server 'FGS-DSK-230\MSSQLSERVER2019'.
2024-08-29 11:13:08.880 +05:30  DBG  Executing DbCommand [Parameters=[], CommandType='"Text"', CommandTimeout='30']
SELECT OBJECT_ID(N'[__EFMigrationsHistory]');
2024-08-29 11:13:08.881 +05:30  INF  Executed DbCommand (0ms) [Parameters=[], CommandType='"Text"', CommandTimeout='30']
SELECT OBJECT_ID(N'[__EFMigrationsHistory]');
2024-08-29 11:13:08.881 +05:30  DBG  Closing connection to database 'Ecommerce' on server 'FGS-DSK-230\MSSQLSERVER2019'.
2024-08-29 11:13:08.881 +05:30  DBG  Closed connection to database 'Ecommerce' on server 'FGS-DSK-230\MSSQLSERVER2019' (0ms).
2024-08-29 11:13:08.889 +05:30  DBG  Opening connection to database 'Ecommerce' on server 'FGS-DSK-230\MSSQLSERVER2019'.
2024-08-29 11:13:08.890 +05:30  DBG  Opened connection to database 'Ecommerce' on server 'FGS-DSK-230\MSSQLSERVER2019'.
2024-08-29 11:13:08.890 +05:30  DBG  Creating DbCommand for 'ExecuteReader'.
2024-08-29 11:13:08.948 +05:30  DBG  Created DbCommand for 'ExecuteReader' (58ms).
2024-08-29 11:13:08.949 +05:30  DBG  Initialized DbCommand for 'ExecuteReader' (58ms).
2024-08-29 11:13:08.949 +05:30  DBG  Executing DbCommand [Parameters=[], CommandType='"Text"', CommandTimeout='30']
SELECT [MigrationId], [ProductVersion]
FROM [__EFMigrationsHistory]
ORDER BY [MigrationId];
2024-08-29 11:13:08.962 +05:30  INF  Executed DbCommand (13ms) [Parameters=[], CommandType='"Text"', CommandTimeout='30']
SELECT [MigrationId], [ProductVersion]
FROM [__EFMigrationsHistory]
ORDER BY [MigrationId];
2024-08-29 11:13:08.964 +05:30  DBG  Closing data reader to 'Ecommerce' on server 'FGS-DSK-230\MSSQLSERVER2019'.
2024-08-29 11:13:08.964 +05:30  DBG  A data reader for 'Ecommerce' on server 'FGS-DSK-230\MSSQLSERVER2019' is being disposed after spending 1ms reading results.
2024-08-29 11:13:08.965 +05:30  DBG  Closing connection to database 'Ecommerce' on server 'FGS-DSK-230\MSSQLSERVER2019'.
2024-08-29 11:13:08.965 +05:30  DBG  Closed connection to database 'Ecommerce' on server 'FGS-DSK-230\MSSQLSERVER2019' (0ms).
2024-08-29 11:13:08.972 +05:30  INF  Applying migration '20240829054254_procedure'.
2024-08-29 11:13:09.007 +05:30  DBG  Opening connection to database 'Ecommerce' on server 'FGS-DSK-230\MSSQLSERVER2019'.
2024-08-29 11:13:09.007 +05:30  DBG  Opened connection to database 'Ecommerce' on server 'FGS-DSK-230\MSSQLSERVER2019'.
2024-08-29 11:13:09.009 +05:30  DBG  Beginning transaction with isolation level 'Unspecified'.
2024-08-29 11:13:09.014 +05:30  DBG  Began transaction with isolation level 'ReadCommitted'.
2024-08-29 11:13:09.014 +05:30  DBG  Creating DbCommand for 'ExecuteNonQuery'.
2024-08-29 11:13:09.014 +05:30  DBG  Created DbCommand for 'ExecuteNonQuery' (0ms).
2024-08-29 11:13:09.015 +05:30  DBG  Initialized DbCommand for 'ExecuteNonQuery' (0ms).
2024-08-29 11:13:09.015 +05:30  DBG  Executing DbCommand [Parameters=[], CommandType='"Text"', CommandTimeout='30']
INSERT INTO [__EFMigrationsHistory] ([MigrationId], [ProductVersion])
VALUES (N'20240829054254_procedure', N'8.0.7');
2024-08-29 11:13:09.018 +05:30  INF  Executed DbCommand (3ms) [Parameters=[], CommandType='"Text"', CommandTimeout='30']
INSERT INTO [__EFMigrationsHistory] ([MigrationId], [ProductVersion])
VALUES (N'20240829054254_procedure', N'8.0.7');
2024-08-29 11:13:09.019 +05:30  DBG  Committing transaction.
2024-08-29 11:13:09.021 +05:30  DBG  Committed transaction.
2024-08-29 11:13:09.022 +05:30  DBG  Disposing transaction.
2024-08-29 11:13:09.022 +05:30  DBG  Closing connection to database 'Ecommerce' on server 'FGS-DSK-230\MSSQLSERVER2019'.
2024-08-29 11:13:09.022 +05:30  DBG  Closed connection to database 'Ecommerce' on server 'FGS-DSK-230\MSSQLSERVER2019' (0ms).
2024-08-29 11:13:09.023 +05:30  DBG  'EcommerceDbContext' disposed.
2024-08-29 11:13:09.024 +05:30  DBG  Disposing connection to database 'Ecommerce' on server 'FGS-DSK-230\MSSQLSERVER2019'.
2024-08-29 11:13:09.025 +05:30  DBG  Disposed connection to database '' on server '' (0ms).
2024-08-29 11:19:21.717 +05:30  DBG  An 'IServiceProvider' was created for internal use by Entity Framework.
2024-08-29 11:19:22.006 +05:30  WRN  Navigations 'Order.Payments' and 'Payment.Order' were separated into two relationships since the [ForeignKey] attribute was specified on navigations on both sides.
2024-08-29 11:19:22.010 +05:30  WRN  Navigations 'Order.Return' and 'Return.Order' were separated into two relationships since the [ForeignKey] attribute was specified on navigations on both sides.
2024-08-29 11:19:22.013 +05:30  WRN  Navigations 'Payment.Return' and 'Return.Payment' were separated into two relationships since the [ForeignKey] attribute was specified on navigations on both sides.
2024-08-29 11:19:22.077 +05:30  WRN  Navigations 'Order.Payments' and 'Payment.Order' were separated into two relationships since the [ForeignKey] attribute was specified on navigations on both sides.
2024-08-29 11:19:22.077 +05:30  WRN  Navigations 'Payment.Order' and 'Order.Payments' were separated into two relationships since the [ForeignKey] attribute was specified on navigations on both sides.
2024-08-29 11:19:22.078 +05:30  WRN  Navigations 'Payment.Order' and 'Order.Payments' were separated into two relationships since the [ForeignKey] attribute was specified on navigations on both sides.
2024-08-29 11:19:22.078 +05:30  WRN  Navigations 'Payment.Order' and 'Order.Payments' were separated into two relationships since the [ForeignKey] attribute was specified on navigations on both sides.
2024-08-29 11:19:22.078 +05:30  WRN  Navigations 'Order.Return' and 'Return.Order' were separated into two relationships since the [ForeignKey] attribute was specified on navigations on both sides.
2024-08-29 11:19:22.079 +05:30  WRN  Navigations 'Return.Order' and 'Order.Return' were separated into two relationships since the [ForeignKey] attribute was specified on navigations on both sides.
2024-08-29 11:19:22.079 +05:30  WRN  Navigations 'Return.Order' and 'Order.Return' were separated into two relationships since the [ForeignKey] attribute was specified on navigations on both sides.
2024-08-29 11:19:22.079 +05:30  WRN  Navigations 'Return.Order' and 'Order.Return' were separated into two relationships since the [ForeignKey] attribute was specified on navigations on both sides.
2024-08-29 11:19:22.095 +05:30  DBG  The index {'UserId'} was not created on entity type 'IdentityUserRole<Guid>' as the properties are already covered by the index {'UserId', 'RoleId'}.
2024-08-29 11:19:22.095 +05:30  DBG  The index {'UserId'} was not created on entity type 'IdentityUserToken<Guid>' as the properties are already covered by the index {'UserId', 'LoginProvider', 'Name'}.
2024-08-29 11:19:22.204 +05:30  DBG  The property 'Product.UserId' was created in shadow state because there are no eligible CLR members with a matching name.
2024-08-29 11:19:22.316 +05:30  DBG  Entity Framework Core 8.0.7 initialized 'EcommerceDbContext' using provider 'Microsoft.EntityFrameworkCore.SqlServer:8.0.7' with options: None
2024-08-29 11:19:22.344 +05:30  WRN  Navigations 'Order.Payments' and 'Payment.Order' were separated into two relationships since the [ForeignKey] attribute was specified on navigations on both sides.
2024-08-29 11:19:22.345 +05:30  WRN  Navigations 'Order.Return' and 'Return.Order' were separated into two relationships since the [ForeignKey] attribute was specified on navigations on both sides.
2024-08-29 11:19:22.348 +05:30  WRN  Navigations 'Payment.Return' and 'Return.Payment' were separated into two relationships since the [ForeignKey] attribute was specified on navigations on both sides.
2024-08-29 11:19:22.370 +05:30  WRN  Navigations 'Order.Payments' and 'Payment.Order' were separated into two relationships since the [ForeignKey] attribute was specified on navigations on both sides.
2024-08-29 11:19:22.370 +05:30  WRN  Navigations 'Payment.Order' and 'Order.Payments' were separated into two relationships since the [ForeignKey] attribute was specified on navigations on both sides.
2024-08-29 11:19:22.371 +05:30  WRN  Navigations 'Payment.Order' and 'Order.Payments' were separated into two relationships since the [ForeignKey] attribute was specified on navigations on both sides.
2024-08-29 11:19:22.371 +05:30  WRN  Navigations 'Payment.Order' and 'Order.Payments' were separated into two relationships since the [ForeignKey] attribute was specified on navigations on both sides.
2024-08-29 11:19:22.371 +05:30  WRN  Navigations 'Order.Return' and 'Return.Order' were separated into two relationships since the [ForeignKey] attribute was specified on navigations on both sides.
2024-08-29 11:19:22.372 +05:30  WRN  Navigations 'Return.Order' and 'Order.Return' were separated into two relationships since the [ForeignKey] attribute was specified on navigations on both sides.
2024-08-29 11:19:22.372 +05:30  WRN  Navigations 'Return.Order' and 'Order.Return' were separated into two relationships since the [ForeignKey] attribute was specified on navigations on both sides.
2024-08-29 11:19:22.372 +05:30  WRN  Navigations 'Return.Order' and 'Order.Return' were separated into two relationships since the [ForeignKey] attribute was specified on navigations on both sides.
2024-08-29 11:19:22.373 +05:30  DBG  The index {'UserId'} was not created on entity type 'IdentityUserRole<Guid>' as the properties are already covered by the index {'UserId', 'RoleId'}.
2024-08-29 11:19:22.458 +05:30  DBG  The index {'UserId'} was not created on entity type 'IdentityUserToken<Guid>' as the properties are already covered by the index {'UserId', 'LoginProvider', 'Name'}.
2024-08-29 11:19:22.468 +05:30  DBG  The property 'Product.UserId' was created in shadow state because there are no eligible CLR members with a matching name.
2024-08-29 11:19:22.859 +05:30  DBG  Creating DbConnection.
2024-08-29 11:19:22.885 +05:30  DBG  Created DbConnection. (24ms).
2024-08-29 11:19:22.887 +05:30  DBG  Opening connection to database 'Ecommerce' on server 'FGS-DSK-230\MSSQLSERVER2019'.
2024-08-29 11:19:22.994 +05:30  DBG  Opened connection to database 'Ecommerce' on server 'FGS-DSK-230\MSSQLSERVER2019'.
2024-08-29 11:19:22.998 +05:30  DBG  Creating DbCommand for 'ExecuteNonQuery'.
2024-08-29 11:19:23.002 +05:30  DBG  Created DbCommand for 'ExecuteNonQuery' (3ms).
2024-08-29 11:19:23.003 +05:30  DBG  Initialized DbCommand for 'ExecuteNonQuery' (6ms).
2024-08-29 11:19:23.008 +05:30  DBG  Executing DbCommand [Parameters=[], CommandType='"Text"', CommandTimeout='30']
SELECT 1
2024-08-29 11:19:23.026 +05:30  INF  Executed DbCommand (17ms) [Parameters=[], CommandType='"Text"', CommandTimeout='30']
SELECT 1
2024-08-29 11:19:23.028 +05:30  DBG  Closing connection to database 'Ecommerce' on server 'FGS-DSK-230\MSSQLSERVER2019'.
2024-08-29 11:19:23.034 +05:30  DBG  Closed connection to database 'Ecommerce' on server 'FGS-DSK-230\MSSQLSERVER2019' (3ms).
2024-08-29 11:19:23.036 +05:30  DBG  Creating DbCommand for 'ExecuteScalar'.
2024-08-29 11:19:23.036 +05:30  DBG  Created DbCommand for 'ExecuteScalar' (0ms).
2024-08-29 11:19:23.036 +05:30  DBG  Initialized DbCommand for 'ExecuteScalar' (0ms).
2024-08-29 11:19:23.036 +05:30  DBG  Opening connection to database 'Ecommerce' on server 'FGS-DSK-230\MSSQLSERVER2019'.
2024-08-29 11:19:23.037 +05:30  DBG  Opened connection to database 'Ecommerce' on server 'FGS-DSK-230\MSSQLSERVER2019'.
2024-08-29 11:19:23.037 +05:30  DBG  Executing DbCommand [Parameters=[], CommandType='"Text"', CommandTimeout='30']
SELECT OBJECT_ID(N'[__EFMigrationsHistory]');
2024-08-29 11:19:23.046 +05:30  INF  Executed DbCommand (10ms) [Parameters=[], CommandType='"Text"', CommandTimeout='30']
SELECT OBJECT_ID(N'[__EFMigrationsHistory]');
2024-08-29 11:19:23.047 +05:30  DBG  Closing connection to database 'Ecommerce' on server 'FGS-DSK-230\MSSQLSERVER2019'.
2024-08-29 11:19:23.047 +05:30  DBG  Closed connection to database 'Ecommerce' on server 'FGS-DSK-230\MSSQLSERVER2019' (0ms).
2024-08-29 11:19:23.051 +05:30  DBG  Opening connection to database 'Ecommerce' on server 'FGS-DSK-230\MSSQLSERVER2019'.
2024-08-29 11:19:23.051 +05:30  DBG  Opened connection to database 'Ecommerce' on server 'FGS-DSK-230\MSSQLSERVER2019'.
2024-08-29 11:19:23.052 +05:30  DBG  Creating DbCommand for 'ExecuteReader'.
2024-08-29 11:19:23.052 +05:30  DBG  Created DbCommand for 'ExecuteReader' (0ms).
2024-08-29 11:19:23.052 +05:30  DBG  Initialized DbCommand for 'ExecuteReader' (0ms).
2024-08-29 11:19:23.052 +05:30  DBG  Executing DbCommand [Parameters=[], CommandType='"Text"', CommandTimeout='30']
SELECT [MigrationId], [ProductVersion]
FROM [__EFMigrationsHistory]
ORDER BY [MigrationId];
2024-08-29 11:19:23.054 +05:30  INF  Executed DbCommand (2ms) [Parameters=[], CommandType='"Text"', CommandTimeout='30']
SELECT [MigrationId], [ProductVersion]
FROM [__EFMigrationsHistory]
ORDER BY [MigrationId];
2024-08-29 11:19:23.056 +05:30  DBG  Closing data reader to 'Ecommerce' on server 'FGS-DSK-230\MSSQLSERVER2019'.
2024-08-29 11:19:23.056 +05:30  DBG  A data reader for 'Ecommerce' on server 'FGS-DSK-230\MSSQLSERVER2019' is being disposed after spending 1ms reading results.
2024-08-29 11:19:23.147 +05:30  DBG  Closing connection to database 'Ecommerce' on server 'FGS-DSK-230\MSSQLSERVER2019'.
2024-08-29 11:19:23.148 +05:30  DBG  Closed connection to database 'Ecommerce' on server 'FGS-DSK-230\MSSQLSERVER2019' (0ms).
2024-08-29 11:19:23.150 +05:30  DBG  'EcommerceDbContext' disposed.
2024-08-29 11:19:23.153 +05:30  DBG  Disposing connection to database 'Ecommerce' on server 'FGS-DSK-230\MSSQLSERVER2019'.
2024-08-29 11:19:23.154 +05:30  DBG  Disposed connection to database '' on server '' (1ms).
2024-08-29 11:19:32.433 +05:30  DBG  An 'IServiceProvider' was created for internal use by Entity Framework.
2024-08-29 11:19:32.860 +05:30  WRN  Navigations 'Order.Payments' and 'Payment.Order' were separated into two relationships since the [ForeignKey] attribute was specified on navigations on both sides.
2024-08-29 11:19:32.867 +05:30  WRN  Navigations 'Order.Return' and 'Return.Order' were separated into two relationships since the [ForeignKey] attribute was specified on navigations on both sides.
2024-08-29 11:19:32.870 +05:30  WRN  Navigations 'Payment.Return' and 'Return.Payment' were separated into two relationships since the [ForeignKey] attribute was specified on navigations on both sides.
2024-08-29 11:19:32.944 +05:30  WRN  Navigations 'Order.Payments' and 'Payment.Order' were separated into two relationships since the [ForeignKey] attribute was specified on navigations on both sides.
2024-08-29 11:19:32.945 +05:30  WRN  Navigations 'Payment.Order' and 'Order.Payments' were separated into two relationships since the [ForeignKey] attribute was specified on navigations on both sides.
2024-08-29 11:19:32.945 +05:30  WRN  Navigations 'Payment.Order' and 'Order.Payments' were separated into two relationships since the [ForeignKey] attribute was specified on navigations on both sides.
2024-08-29 11:19:32.945 +05:30  WRN  Navigations 'Payment.Order' and 'Order.Payments' were separated into two relationships since the [ForeignKey] attribute was specified on navigations on both sides.
2024-08-29 11:19:32.946 +05:30  WRN  Navigations 'Order.Return' and 'Return.Order' were separated into two relationships since the [ForeignKey] attribute was specified on navigations on both sides.
2024-08-29 11:19:32.946 +05:30  WRN  Navigations 'Return.Order' and 'Order.Return' were separated into two relationships since the [ForeignKey] attribute was specified on navigations on both sides.
2024-08-29 11:19:32.947 +05:30  WRN  Navigations 'Return.Order' and 'Order.Return' were separated into two relationships since the [ForeignKey] attribute was specified on navigations on both sides.
2024-08-29 11:19:32.947 +05:30  WRN  Navigations 'Return.Order' and 'Order.Return' were separated into two relationships since the [ForeignKey] attribute was specified on navigations on both sides.
2024-08-29 11:19:32.964 +05:30  DBG  The index {'UserId'} was not created on entity type 'IdentityUserRole<Guid>' as the properties are already covered by the index {'UserId', 'RoleId'}.
2024-08-29 11:19:32.964 +05:30  DBG  The index {'UserId'} was not created on entity type 'IdentityUserToken<Guid>' as the properties are already covered by the index {'UserId', 'LoginProvider', 'Name'}.
2024-08-29 11:19:33.097 +05:30  DBG  The property 'Product.UserId' was created in shadow state because there are no eligible CLR members with a matching name.
2024-08-29 11:19:33.235 +05:30  DBG  Entity Framework Core 8.0.7 initialized 'EcommerceDbContext' using provider 'Microsoft.EntityFrameworkCore.SqlServer:8.0.7' with options: None
2024-08-29 11:19:33.265 +05:30  WRN  Navigations 'Order.Payments' and 'Payment.Order' were separated into two relationships since the [ForeignKey] attribute was specified on navigations on both sides.
2024-08-29 11:19:33.267 +05:30  WRN  Navigations 'Order.Return' and 'Return.Order' were separated into two relationships since the [ForeignKey] attribute was specified on navigations on both sides.
2024-08-29 11:19:33.270 +05:30  WRN  Navigations 'Payment.Return' and 'Return.Payment' were separated into two relationships since the [ForeignKey] attribute was specified on navigations on both sides.
2024-08-29 11:19:33.293 +05:30  WRN  Navigations 'Order.Payments' and 'Payment.Order' were separated into two relationships since the [ForeignKey] attribute was specified on navigations on both sides.
2024-08-29 11:19:33.294 +05:30  WRN  Navigations 'Payment.Order' and 'Order.Payments' were separated into two relationships since the [ForeignKey] attribute was specified on navigations on both sides.
2024-08-29 11:19:33.295 +05:30  WRN  Navigations 'Payment.Order' and 'Order.Payments' were separated into two relationships since the [ForeignKey] attribute was specified on navigations on both sides.
2024-08-29 11:19:33.295 +05:30  WRN  Navigations 'Payment.Order' and 'Order.Payments' were separated into two relationships since the [ForeignKey] attribute was specified on navigations on both sides.
2024-08-29 11:19:33.296 +05:30  WRN  Navigations 'Order.Return' and 'Return.Order' were separated into two relationships since the [ForeignKey] attribute was specified on navigations on both sides.
2024-08-29 11:19:33.296 +05:30  WRN  Navigations 'Return.Order' and 'Order.Return' were separated into two relationships since the [ForeignKey] attribute was specified on navigations on both sides.
2024-08-29 11:19:33.328 +05:30  WRN  Navigations 'Return.Order' and 'Order.Return' were separated into two relationships since the [ForeignKey] attribute was specified on navigations on both sides.
2024-08-29 11:19:33.328 +05:30  WRN  Navigations 'Return.Order' and 'Order.Return' were separated into two relationships since the [ForeignKey] attribute was specified on navigations on both sides.
2024-08-29 11:19:33.330 +05:30  DBG  The index {'UserId'} was not created on entity type 'IdentityUserRole<Guid>' as the properties are already covered by the index {'UserId', 'RoleId'}.
2024-08-29 11:19:33.330 +05:30  DBG  The index {'UserId'} was not created on entity type 'IdentityUserToken<Guid>' as the properties are already covered by the index {'UserId', 'LoginProvider', 'Name'}.
2024-08-29 11:19:33.341 +05:30  DBG  The property 'Product.UserId' was created in shadow state because there are no eligible CLR members with a matching name.
2024-08-29 11:19:33.785 +05:30  DBG  Creating DbConnection.
2024-08-29 11:19:33.812 +05:30  DBG  Created DbConnection. (23ms).
2024-08-29 11:19:33.815 +05:30  DBG  Opening connection to database 'Ecommerce' on server 'FGS-DSK-230\MSSQLSERVER2019'.
2024-08-29 11:19:33.922 +05:30  DBG  Opened connection to database 'Ecommerce' on server 'FGS-DSK-230\MSSQLSERVER2019'.
2024-08-29 11:19:33.926 +05:30  DBG  Creating DbCommand for 'ExecuteNonQuery'.
2024-08-29 11:19:33.931 +05:30  DBG  Created DbCommand for 'ExecuteNonQuery' (3ms).
2024-08-29 11:19:33.932 +05:30  DBG  Initialized DbCommand for 'ExecuteNonQuery' (7ms).
2024-08-29 11:19:33.937 +05:30  DBG  Executing DbCommand [Parameters=[], CommandType='"Text"', CommandTimeout='30']
SELECT 1
2024-08-29 11:19:33.956 +05:30  INF  Executed DbCommand (17ms) [Parameters=[], CommandType='"Text"', CommandTimeout='30']
SELECT 1
2024-08-29 11:19:33.958 +05:30  DBG  Closing connection to database 'Ecommerce' on server 'FGS-DSK-230\MSSQLSERVER2019'.
2024-08-29 11:19:33.964 +05:30  DBG  Closed connection to database 'Ecommerce' on server 'FGS-DSK-230\MSSQLSERVER2019' (3ms).
2024-08-29 11:19:33.966 +05:30  DBG  Creating DbCommand for 'ExecuteScalar'.
2024-08-29 11:19:33.966 +05:30  DBG  Created DbCommand for 'ExecuteScalar' (0ms).
2024-08-29 11:19:33.966 +05:30  DBG  Initialized DbCommand for 'ExecuteScalar' (0ms).
2024-08-29 11:19:33.966 +05:30  DBG  Opening connection to database 'Ecommerce' on server 'FGS-DSK-230\MSSQLSERVER2019'.
2024-08-29 11:19:33.967 +05:30  DBG  Opened connection to database 'Ecommerce' on server 'FGS-DSK-230\MSSQLSERVER2019'.
2024-08-29 11:19:33.967 +05:30  DBG  Executing DbCommand [Parameters=[], CommandType='"Text"', CommandTimeout='30']
SELECT OBJECT_ID(N'[__EFMigrationsHistory]');
2024-08-29 11:19:33.977 +05:30  INF  Executed DbCommand (10ms) [Parameters=[], CommandType='"Text"', CommandTimeout='30']
SELECT OBJECT_ID(N'[__EFMigrationsHistory]');
2024-08-29 11:19:33.977 +05:30  DBG  Closing connection to database 'Ecommerce' on server 'FGS-DSK-230\MSSQLSERVER2019'.
2024-08-29 11:19:33.978 +05:30  DBG  Closed connection to database 'Ecommerce' on server 'FGS-DSK-230\MSSQLSERVER2019' (0ms).
2024-08-29 11:19:33.982 +05:30  DBG  Opening connection to database 'Ecommerce' on server 'FGS-DSK-230\MSSQLSERVER2019'.
2024-08-29 11:19:33.982 +05:30  DBG  Opened connection to database 'Ecommerce' on server 'FGS-DSK-230\MSSQLSERVER2019'.
2024-08-29 11:19:33.982 +05:30  DBG  Creating DbCommand for 'ExecuteReader'.
2024-08-29 11:19:33.982 +05:30  DBG  Created DbCommand for 'ExecuteReader' (0ms).
2024-08-29 11:19:33.982 +05:30  DBG  Initialized DbCommand for 'ExecuteReader' (0ms).
2024-08-29 11:19:33.983 +05:30  DBG  Executing DbCommand [Parameters=[], CommandType='"Text"', CommandTimeout='30']
SELECT [MigrationId], [ProductVersion]
FROM [__EFMigrationsHistory]
ORDER BY [MigrationId];
2024-08-29 11:19:33.984 +05:30  INF  Executed DbCommand (2ms) [Parameters=[], CommandType='"Text"', CommandTimeout='30']
SELECT [MigrationId], [ProductVersion]
FROM [__EFMigrationsHistory]
ORDER BY [MigrationId];
2024-08-29 11:19:33.986 +05:30  DBG  Closing data reader to 'Ecommerce' on server 'FGS-DSK-230\MSSQLSERVER2019'.
2024-08-29 11:19:33.987 +05:30  DBG  A data reader for 'Ecommerce' on server 'FGS-DSK-230\MSSQLSERVER2019' is being disposed after spending 1ms reading results.
2024-08-29 11:19:33.988 +05:30  DBG  Closing connection to database 'Ecommerce' on server 'FGS-DSK-230\MSSQLSERVER2019'.
2024-08-29 11:19:33.988 +05:30  DBG  Closed connection to database 'Ecommerce' on server 'FGS-DSK-230\MSSQLSERVER2019' (0ms).
2024-08-29 11:19:33.989 +05:30  DBG  Migrating using database 'Ecommerce' on server 'FGS-DSK-230\MSSQLSERVER2019'.
2024-08-29 11:19:33.989 +05:30  DBG  Opening connection to database 'Ecommerce' on server 'FGS-DSK-230\MSSQLSERVER2019'.
2024-08-29 11:19:33.990 +05:30  DBG  Opened connection to database 'Ecommerce' on server 'FGS-DSK-230\MSSQLSERVER2019'.
2024-08-29 11:19:33.990 +05:30  DBG  Creating DbCommand for 'ExecuteNonQuery'.
2024-08-29 11:19:34.268 +05:30  DBG  Created DbCommand for 'ExecuteNonQuery' (278ms).
2024-08-29 11:19:34.268 +05:30  DBG  Initialized DbCommand for 'ExecuteNonQuery' (278ms).
2024-08-29 11:19:34.268 +05:30  DBG  Executing DbCommand [Parameters=[], CommandType='"Text"', CommandTimeout='30']
SELECT 1
2024-08-29 11:19:34.270 +05:30  INF  Executed DbCommand (1ms) [Parameters=[], CommandType='"Text"', CommandTimeout='30']
SELECT 1
2024-08-29 11:19:34.270 +05:30  DBG  Closing connection to database 'Ecommerce' on server 'FGS-DSK-230\MSSQLSERVER2019'.
2024-08-29 11:19:34.270 +05:30  DBG  Closed connection to database 'Ecommerce' on server 'FGS-DSK-230\MSSQLSERVER2019' (0ms).
2024-08-29 11:19:34.271 +05:30  DBG  Creating DbCommand for 'ExecuteScalar'.
2024-08-29 11:19:34.271 +05:30  DBG  Created DbCommand for 'ExecuteScalar' (0ms).
2024-08-29 11:19:34.271 +05:30  DBG  Initialized DbCommand for 'ExecuteScalar' (0ms).
2024-08-29 11:19:34.271 +05:30  DBG  Opening connection to database 'Ecommerce' on server 'FGS-DSK-230\MSSQLSERVER2019'.
2024-08-29 11:19:34.271 +05:30  DBG  Opened connection to database 'Ecommerce' on server 'FGS-DSK-230\MSSQLSERVER2019'.
2024-08-29 11:19:34.271 +05:30  DBG  Executing DbCommand [Parameters=[], CommandType='"Text"', CommandTimeout='30']
SELECT OBJECT_ID(N'[__EFMigrationsHistory]');
2024-08-29 11:19:34.274 +05:30  INF  Executed DbCommand (3ms) [Parameters=[], CommandType='"Text"', CommandTimeout='30']
SELECT OBJECT_ID(N'[__EFMigrationsHistory]');
2024-08-29 11:19:34.274 +05:30  DBG  Closing connection to database 'Ecommerce' on server 'FGS-DSK-230\MSSQLSERVER2019'.
2024-08-29 11:19:34.275 +05:30  DBG  Closed connection to database 'Ecommerce' on server 'FGS-DSK-230\MSSQLSERVER2019' (0ms).
2024-08-29 11:19:34.275 +05:30  DBG  Opening connection to database 'Ecommerce' on server 'FGS-DSK-230\MSSQLSERVER2019'.
2024-08-29 11:19:34.275 +05:30  DBG  Opened connection to database 'Ecommerce' on server 'FGS-DSK-230\MSSQLSERVER2019'.
2024-08-29 11:19:34.275 +05:30  DBG  Creating DbCommand for 'ExecuteNonQuery'.
2024-08-29 11:19:34.275 +05:30  DBG  Created DbCommand for 'ExecuteNonQuery' (0ms).
2024-08-29 11:19:34.275 +05:30  DBG  Initialized DbCommand for 'ExecuteNonQuery' (0ms).
2024-08-29 11:19:34.275 +05:30  DBG  Executing DbCommand [Parameters=[], CommandType='"Text"', CommandTimeout='30']
SELECT 1
2024-08-29 11:19:34.277 +05:30  INF  Executed DbCommand (1ms) [Parameters=[], CommandType='"Text"', CommandTimeout='30']
SELECT 1
2024-08-29 11:19:34.277 +05:30  DBG  Closing connection to database 'Ecommerce' on server 'FGS-DSK-230\MSSQLSERVER2019'.
2024-08-29 11:19:34.277 +05:30  DBG  Closed connection to database 'Ecommerce' on server 'FGS-DSK-230\MSSQLSERVER2019' (0ms).
2024-08-29 11:19:34.277 +05:30  DBG  Creating DbCommand for 'ExecuteScalar'.
2024-08-29 11:19:34.277 +05:30  DBG  Created DbCommand for 'ExecuteScalar' (0ms).
2024-08-29 11:19:34.277 +05:30  DBG  Initialized DbCommand for 'ExecuteScalar' (0ms).
2024-08-29 11:19:34.277 +05:30  DBG  Opening connection to database 'Ecommerce' on server 'FGS-DSK-230\MSSQLSERVER2019'.
2024-08-29 11:19:34.277 +05:30  DBG  Opened connection to database 'Ecommerce' on server 'FGS-DSK-230\MSSQLSERVER2019'.
2024-08-29 11:19:34.278 +05:30  DBG  Executing DbCommand [Parameters=[], CommandType='"Text"', CommandTimeout='30']
SELECT OBJECT_ID(N'[__EFMigrationsHistory]');
2024-08-29 11:19:34.278 +05:30  INF  Executed DbCommand (1ms) [Parameters=[], CommandType='"Text"', CommandTimeout='30']
SELECT OBJECT_ID(N'[__EFMigrationsHistory]');
2024-08-29 11:19:34.279 +05:30  DBG  Closing connection to database 'Ecommerce' on server 'FGS-DSK-230\MSSQLSERVER2019'.
2024-08-29 11:19:34.279 +05:30  DBG  Closed connection to database 'Ecommerce' on server 'FGS-DSK-230\MSSQLSERVER2019' (0ms).
2024-08-29 11:19:35.405 +05:30  DBG  Opening connection to database 'Ecommerce' on server 'FGS-DSK-230\MSSQLSERVER2019'.
2024-08-29 11:19:35.405 +05:30  DBG  Opened connection to database 'Ecommerce' on server 'FGS-DSK-230\MSSQLSERVER2019'.
2024-08-29 11:19:35.405 +05:30  DBG  Creating DbCommand for 'ExecuteReader'.
2024-08-29 11:19:35.405 +05:30  DBG  Created DbCommand for 'ExecuteReader' (0ms).
2024-08-29 11:19:35.405 +05:30  DBG  Initialized DbCommand for 'ExecuteReader' (0ms).
2024-08-29 11:19:35.405 +05:30  DBG  Executing DbCommand [Parameters=[], CommandType='"Text"', CommandTimeout='30']
SELECT [MigrationId], [ProductVersion]
FROM [__EFMigrationsHistory]
ORDER BY [MigrationId];
2024-08-29 11:19:35.407 +05:30  INF  Executed DbCommand (1ms) [Parameters=[], CommandType='"Text"', CommandTimeout='30']
SELECT [MigrationId], [ProductVersion]
FROM [__EFMigrationsHistory]
ORDER BY [MigrationId];
2024-08-29 11:19:35.407 +05:30  DBG  Closing data reader to 'Ecommerce' on server 'FGS-DSK-230\MSSQLSERVER2019'.
2024-08-29 11:19:35.407 +05:30  DBG  A data reader for 'Ecommerce' on server 'FGS-DSK-230\MSSQLSERVER2019' is being disposed after spending 0ms reading results.
2024-08-29 11:19:35.407 +05:30  DBG  Closing connection to database 'Ecommerce' on server 'FGS-DSK-230\MSSQLSERVER2019'.
2024-08-29 11:19:35.407 +05:30  DBG  Closed connection to database 'Ecommerce' on server 'FGS-DSK-230\MSSQLSERVER2019' (0ms).
2024-08-29 11:19:35.420 +05:30  INF  Reverting migration '20240829054254_procedure'.
2024-08-29 11:19:35.454 +05:30  DBG  Opening connection to database 'Ecommerce' on server 'FGS-DSK-230\MSSQLSERVER2019'.
2024-08-29 11:19:35.454 +05:30  DBG  Opened connection to database 'Ecommerce' on server 'FGS-DSK-230\MSSQLSERVER2019'.
2024-08-29 11:19:35.456 +05:30  DBG  Beginning transaction with isolation level 'Unspecified'.
2024-08-29 11:19:35.460 +05:30  DBG  Began transaction with isolation level 'ReadCommitted'.
2024-08-29 11:19:35.461 +05:30  DBG  Creating DbCommand for 'ExecuteNonQuery'.
2024-08-29 11:19:35.461 +05:30  DBG  Created DbCommand for 'ExecuteNonQuery' (0ms).
2024-08-29 11:19:35.462 +05:30  DBG  Initialized DbCommand for 'ExecuteNonQuery' (0ms).
2024-08-29 11:19:35.462 +05:30  DBG  Executing DbCommand [Parameters=[], CommandType='"Text"', CommandTimeout='30']
DELETE FROM [__EFMigrationsHistory]
WHERE [MigrationId] = N'20240829054254_procedure';
2024-08-29 11:19:35.468 +05:30  INF  Executed DbCommand (7ms) [Parameters=[], CommandType='"Text"', CommandTimeout='30']
DELETE FROM [__EFMigrationsHistory]
WHERE [MigrationId] = N'20240829054254_procedure';
2024-08-29 11:19:35.470 +05:30  DBG  Committing transaction.
2024-08-29 11:19:35.472 +05:30  DBG  Committed transaction.
2024-08-29 11:19:35.473 +05:30  DBG  Disposing transaction.
2024-08-29 11:19:35.473 +05:30  DBG  Closing connection to database 'Ecommerce' on server 'FGS-DSK-230\MSSQLSERVER2019'.
2024-08-29 11:19:35.473 +05:30  DBG  Closed connection to database 'Ecommerce' on server 'FGS-DSK-230\MSSQLSERVER2019' (0ms).
2024-08-29 11:19:35.533 +05:30  DBG  'EcommerceDbContext' disposed.
2024-08-29 11:19:35.534 +05:30  DBG  Disposing connection to database 'Ecommerce' on server 'FGS-DSK-230\MSSQLSERVER2019'.
2024-08-29 11:19:35.535 +05:30  DBG  Disposed connection to database '' on server '' (0ms).
2024-08-29 11:29:00.891 +05:30  DBG  Registered model binder providers, in the following order: ["Microsoft.AspNetCore.Mvc.ModelBinding.Binders.BinderTypeModelBinderProvider","Microsoft.AspNetCore.Mvc.ModelBinding.Binders.ServicesModelBinderProvider","Microsoft.AspNetCore.Mvc.ModelBinding.Binders.BodyModelBinderProvider","Microsoft.AspNetCore.Mvc.ModelBinding.Binders.HeaderModelBinderProvider","Microsoft.AspNetCore.Mvc.ModelBinding.Binders.FloatingPointTypeModelBinderProvider","Microsoft.AspNetCore.Mvc.ModelBinding.Binders.EnumTypeModelBinderProvider","Microsoft.AspNetCore.Mvc.ModelBinding.Binders.DateTimeModelBinderProvider","Microsoft.AspNetCore.Mvc.ModelBinding.Binders.SimpleTypeModelBinderProvider","Microsoft.AspNetCore.Mvc.ModelBinding.Binders.TryParseModelBinderProvider","Microsoft.AspNetCore.Mvc.ModelBinding.Binders.CancellationTokenModelBinderProvider","Microsoft.AspNetCore.Mvc.ModelBinding.Binders.ByteArrayModelBinderProvider","Microsoft.AspNetCore.Mvc.ModelBinding.Binders.FormFileModelBinderProvider","Microsoft.AspNetCore.Mvc.ModelBinding.Binders.FormCollectionModelBinderProvider","Microsoft.AspNetCore.Mvc.ModelBinding.Binders.KeyValuePairModelBinderProvider","Microsoft.AspNetCore.Mvc.ModelBinding.Binders.DictionaryModelBinderProvider","Microsoft.AspNetCore.Mvc.ModelBinding.Binders.ArrayModelBinderProvider","Microsoft.AspNetCore.Mvc.ModelBinding.Binders.CollectionModelBinderProvider","Microsoft.AspNetCore.Mvc.ModelBinding.Binders.ComplexObjectModelBinderProvider"]
2024-08-29 11:29:01.348 +05:30  DBG  An 'IServiceProvider' was created for internal use by Entity Framework.
2024-08-29 11:29:01.661 +05:30  INF  User profile is available. Using 'C:\Users\arjun.hariprasad\AppData\Local\ASP.NET\DataProtection-Keys' as key repository and Windows DPAPI to encrypt keys at rest.
2024-08-29 11:29:02.066 +05:30  WRN  Navigations 'Order.Payments' and 'Payment.Order' were separated into two relationships since the [ForeignKey] attribute was specified on navigations on both sides.
2024-08-29 11:29:02.072 +05:30  WRN  Navigations 'Order.Return' and 'Return.Order' were separated into two relationships since the [ForeignKey] attribute was specified on navigations on both sides.
2024-08-29 11:29:02.076 +05:30  WRN  Navigations 'Payment.Return' and 'Return.Payment' were separated into two relationships since the [ForeignKey] attribute was specified on navigations on both sides.
2024-08-29 11:29:02.184 +05:30  WRN  Navigations 'Order.Payments' and 'Payment.Order' were separated into two relationships since the [ForeignKey] attribute was specified on navigations on both sides.
2024-08-29 11:29:02.188 +05:30  WRN  Navigations 'Payment.Order' and 'Order.Payments' were separated into two relationships since the [ForeignKey] attribute was specified on navigations on both sides.
2024-08-29 11:29:02.189 +05:30  WRN  Navigations 'Payment.Order' and 'Order.Payments' were separated into two relationships since the [ForeignKey] attribute was specified on navigations on both sides.
2024-08-29 11:29:02.191 +05:30  WRN  Navigations 'Payment.Order' and 'Order.Payments' were separated into two relationships since the [ForeignKey] attribute was specified on navigations on both sides.
2024-08-29 11:29:02.193 +05:30  WRN  Navigations 'Order.Return' and 'Return.Order' were separated into two relationships since the [ForeignKey] attribute was specified on navigations on both sides.
2024-08-29 11:29:02.194 +05:30  WRN  Navigations 'Return.Order' and 'Order.Return' were separated into two relationships since the [ForeignKey] attribute was specified on navigations on both sides.
2024-08-29 11:29:02.196 +05:30  WRN  Navigations 'Return.Order' and 'Order.Return' were separated into two relationships since the [ForeignKey] attribute was specified on navigations on both sides.
2024-08-29 11:29:02.198 +05:30  WRN  Navigations 'Return.Order' and 'Order.Return' were separated into two relationships since the [ForeignKey] attribute was specified on navigations on both sides.
2024-08-29 11:29:02.214 +05:30  DBG  The index {'UserId'} was not created on entity type 'IdentityUserRole<Guid>' as the properties are already covered by the index {'UserId', 'RoleId'}.
2024-08-29 11:29:02.216 +05:30  DBG  The index {'UserId'} was not created on entity type 'IdentityUserToken<Guid>' as the properties are already covered by the index {'UserId', 'LoginProvider', 'Name'}.
2024-08-29 11:29:02.329 +05:30  DBG  The property 'Product.UserId' was created in shadow state because there are no eligible CLR members with a matching name.
2024-08-29 11:29:02.450 +05:30  DBG  Entity Framework Core 8.0.7 initialized 'EcommerceDbContext' using provider 'Microsoft.EntityFrameworkCore.SqlServer:8.0.7' with options: None
2024-08-29 11:29:02.561 +05:30  DBG  Compiling query expression: 
'DbSet<IdentityRole<Guid>>()
    .FirstOrDefault(r => r.NormalizedName == __normalizedName_0)'
2024-08-29 11:29:02.703 +05:30  DBG  Generated query execution expression: 
'queryContext => ShapedQueryCompilingExpressionVisitor.SingleOrDefaultAsync<IdentityRole<Guid>>(
    asyncEnumerable: new SingleQueryingEnumerable<IdentityRole<Guid>>(
        (RelationalQueryContext)queryContext, 
        RelationalCommandCache.QueryExpression(
            Projection Mapping:
                EmptyProjectionMember -> Dictionary<IProperty, int> { [Property: IdentityRole<Guid>.Id (Guid) Required PK AfterSave:Throw ValueGenerated.OnAdd, 0], [Property: IdentityRole<Guid>.ConcurrencyStamp (string) Concurrency, 1], [Property: IdentityRole<Guid>.Name (string) MaxLength(256), 2], [Property: IdentityRole<Guid>.NormalizedName (string) Index MaxLength(256), 3] }
            SELECT TOP(1) a.Id, a.ConcurrencyStamp, a.Name, a.NormalizedName
            FROM AspNetRoles AS a
            WHERE a.NormalizedName == @__normalizedName_0), 
        null, 
        Func<QueryContext, DbDataReader, ResultContext, SingleQueryResultCoordinator, IdentityRole<Guid>>, 
        Persistance.EcommerceDbContext, 
        False, 
        False, 
        True
    ), 
    cancellationToken: queryContext.CancellationToken)'
2024-08-29 11:29:02.741 +05:30  DBG  Creating DbConnection.
2024-08-29 11:29:02.758 +05:30  DBG  Created DbConnection. (17ms).
2024-08-29 11:29:02.762 +05:30  DBG  Opening connection to database 'Ecommerce' on server 'FGS-DSK-230\MSSQLSERVER2019'.
2024-08-29 11:29:03.229 +05:30  DBG  Opened connection to database 'Ecommerce' on server 'FGS-DSK-230\MSSQLSERVER2019'.
2024-08-29 11:29:03.232 +05:30  DBG  Creating DbCommand for 'ExecuteReader'.
2024-08-29 11:29:03.238 +05:30  DBG  Created DbCommand for 'ExecuteReader' (3ms).
2024-08-29 11:29:03.246 +05:30  DBG  Initialized DbCommand for 'ExecuteReader' (13ms).
2024-08-29 11:29:03.254 +05:30  DBG  Executing DbCommand [Parameters=[@__normalizedName_0='?' (Size = 256)], CommandType='"Text"', CommandTimeout='30']
SELECT TOP(1) [a].[Id], [a].[ConcurrencyStamp], [a].[Name], [a].[NormalizedName]
FROM [AspNetRoles] AS [a]
WHERE [a].[NormalizedName] = @__normalizedName_0
2024-08-29 11:29:03.316 +05:30  INF  Executed DbCommand (62ms) [Parameters=[@__normalizedName_0='?' (Size = 256)], CommandType='"Text"', CommandTimeout='30']
SELECT TOP(1) [a].[Id], [a].[ConcurrencyStamp], [a].[Name], [a].[NormalizedName]
FROM [AspNetRoles] AS [a]
WHERE [a].[NormalizedName] = @__normalizedName_0
2024-08-29 11:29:03.355 +05:30  DBG  Context 'EcommerceDbContext' started tracking 'IdentityRole' entity. Consider using 'DbContextOptionsBuilder.EnableSensitiveDataLogging' to see key values.
2024-08-29 11:29:03.372 +05:30  DBG  Closing data reader to 'Ecommerce' on server 'FGS-DSK-230\MSSQLSERVER2019'.
2024-08-29 11:29:03.380 +05:30  DBG  A data reader for 'Ecommerce' on server 'FGS-DSK-230\MSSQLSERVER2019' is being disposed after spending 56ms reading results.
2024-08-29 11:29:03.384 +05:30  DBG  Closing connection to database 'Ecommerce' on server 'FGS-DSK-230\MSSQLSERVER2019'.
2024-08-29 11:29:03.389 +05:30  DBG  Closed connection to database 'Ecommerce' on server 'FGS-DSK-230\MSSQLSERVER2019' (5ms).
2024-08-29 11:29:03.394 +05:30  DBG  Opening connection to database 'Ecommerce' on server 'FGS-DSK-230\MSSQLSERVER2019'.
2024-08-29 11:29:03.395 +05:30  DBG  Opened connection to database 'Ecommerce' on server 'FGS-DSK-230\MSSQLSERVER2019'.
2024-08-29 11:29:03.396 +05:30  DBG  Creating DbCommand for 'ExecuteReader'.
2024-08-29 11:29:03.397 +05:30  DBG  Created DbCommand for 'ExecuteReader' (0ms).
2024-08-29 11:29:03.398 +05:30  DBG  Initialized DbCommand for 'ExecuteReader' (1ms).
2024-08-29 11:29:03.399 +05:30  DBG  Executing DbCommand [Parameters=[@__normalizedName_0='?' (Size = 256)], CommandType='"Text"', CommandTimeout='30']
SELECT TOP(1) [a].[Id], [a].[ConcurrencyStamp], [a].[Name], [a].[NormalizedName]
FROM [AspNetRoles] AS [a]
WHERE [a].[NormalizedName] = @__normalizedName_0
2024-08-29 11:29:03.404 +05:30  INF  Executed DbCommand (5ms) [Parameters=[@__normalizedName_0='?' (Size = 256)], CommandType='"Text"', CommandTimeout='30']
SELECT TOP(1) [a].[Id], [a].[ConcurrencyStamp], [a].[Name], [a].[NormalizedName]
FROM [AspNetRoles] AS [a]
WHERE [a].[NormalizedName] = @__normalizedName_0
2024-08-29 11:29:03.407 +05:30  DBG  Context 'EcommerceDbContext' started tracking 'IdentityRole' entity. Consider using 'DbContextOptionsBuilder.EnableSensitiveDataLogging' to see key values.
2024-08-29 11:29:03.408 +05:30  DBG  Closing data reader to 'Ecommerce' on server 'FGS-DSK-230\MSSQLSERVER2019'.
2024-08-29 11:29:03.409 +05:30  DBG  A data reader for 'Ecommerce' on server 'FGS-DSK-230\MSSQLSERVER2019' is being disposed after spending 2ms reading results.
2024-08-29 11:29:03.410 +05:30  DBG  Closing connection to database 'Ecommerce' on server 'FGS-DSK-230\MSSQLSERVER2019'.
2024-08-29 11:29:03.411 +05:30  DBG  Closed connection to database 'Ecommerce' on server 'FGS-DSK-230\MSSQLSERVER2019' (0ms).
2024-08-29 11:29:03.413 +05:30  DBG  Opening connection to database 'Ecommerce' on server 'FGS-DSK-230\MSSQLSERVER2019'.
2024-08-29 11:29:03.414 +05:30  DBG  Opened connection to database 'Ecommerce' on server 'FGS-DSK-230\MSSQLSERVER2019'.
2024-08-29 11:29:03.415 +05:30  DBG  Creating DbCommand for 'ExecuteReader'.
2024-08-29 11:29:03.415 +05:30  DBG  Created DbCommand for 'ExecuteReader' (0ms).
2024-08-29 11:29:03.416 +05:30  DBG  Initialized DbCommand for 'ExecuteReader' (1ms).
2024-08-29 11:29:03.417 +05:30  DBG  Executing DbCommand [Parameters=[@__normalizedName_0='?' (Size = 256)], CommandType='"Text"', CommandTimeout='30']
SELECT TOP(1) [a].[Id], [a].[ConcurrencyStamp], [a].[Name], [a].[NormalizedName]
FROM [AspNetRoles] AS [a]
WHERE [a].[NormalizedName] = @__normalizedName_0
2024-08-29 11:29:03.420 +05:30  INF  Executed DbCommand (3ms) [Parameters=[@__normalizedName_0='?' (Size = 256)], CommandType='"Text"', CommandTimeout='30']
SELECT TOP(1) [a].[Id], [a].[ConcurrencyStamp], [a].[Name], [a].[NormalizedName]
FROM [AspNetRoles] AS [a]
WHERE [a].[NormalizedName] = @__normalizedName_0
2024-08-29 11:29:03.422 +05:30  DBG  Context 'EcommerceDbContext' started tracking 'IdentityRole' entity. Consider using 'DbContextOptionsBuilder.EnableSensitiveDataLogging' to see key values.
2024-08-29 11:29:03.424 +05:30  DBG  Closing data reader to 'Ecommerce' on server 'FGS-DSK-230\MSSQLSERVER2019'.
2024-08-29 11:29:03.425 +05:30  DBG  A data reader for 'Ecommerce' on server 'FGS-DSK-230\MSSQLSERVER2019' is being disposed after spending 3ms reading results.
2024-08-29 11:29:03.427 +05:30  DBG  Closing connection to database 'Ecommerce' on server 'FGS-DSK-230\MSSQLSERVER2019'.
2024-08-29 11:29:03.428 +05:30  DBG  Closed connection to database 'Ecommerce' on server 'FGS-DSK-230\MSSQLSERVER2019' (0ms).
2024-08-29 11:29:03.434 +05:30  DBG  Compiling query expression: 
'DbSet<User>()
    .SingleOrDefault(u => u.NormalizedEmail == __normalizedEmail_0)'
2024-08-29 11:29:03.441 +05:30  DBG  Generated query execution expression: 
'queryContext => ShapedQueryCompilingExpressionVisitor.SingleOrDefaultAsync<User>(
    asyncEnumerable: new SingleQueryingEnumerable<User>(
        (RelationalQueryContext)queryContext, 
        RelationalCommandCache.QueryExpression(
            Projection Mapping:
                EmptyProjectionMember -> Dictionary<IProperty, int> { [Property: User.Id (Guid) Required PK AfterSave:Throw ValueGenerated.OnAdd, 0], [Property: User.AccessFailedCount (int) Required, 1], [Property: User.ConcurrencyStamp (string) Concurrency, 2], [Property: User.CreatedAt (DateTime) Required, 3], [Property: User.Email (string) MaxLength(256), 4], [Property: User.EmailConfirmed (bool) Required, 5], [Property: User.IsDeleted (bool) Required, 6], [Property: User.IsVerified (bool) Required, 7], [Property: User.LockoutEnabled (bool) Required, 8], [Property: User.LockoutEnd (DateTimeOffset?), 9], [Property: User.NormalizedEmail (string) Index MaxLength(256), 10], [Property: User.NormalizedUserName (string) Index MaxLength(256), 11], [Property: User.PasswordHash (string), 12], [Property: User.PhoneNumber (string), 13], [Property: User.PhoneNumberConfirmed (bool) Required, 14], [Property: User.SecurityStamp (string), 15], [Property: User.TwoFactorEnabled (bool) Required, 16], [Property: User.UpdatedAt (DateTime) Required, 17], [Property: User.UserName (string) MaxLength(256), 18] }
            SELECT TOP(2) a.Id, a.AccessFailedCount, a.ConcurrencyStamp, a.CreatedAt, a.Email, a.EmailConfirmed, a.IsDeleted, a.IsVerified, a.LockoutEnabled, a.LockoutEnd, a.NormalizedEmail, a.NormalizedUserName, a.PasswordHash, a.PhoneNumber, a.PhoneNumberConfirmed, a.SecurityStamp, a.TwoFactorEnabled, a.UpdatedAt, a.UserName
            FROM AspNetUsers AS a
            WHERE a.NormalizedEmail == @__normalizedEmail_0), 
        null, 
        Func<QueryContext, DbDataReader, ResultContext, SingleQueryResultCoordinator, User>, 
        Persistance.EcommerceDbContext, 
        False, 
        False, 
        True
    ), 
    cancellationToken: queryContext.CancellationToken)'
2024-08-29 11:29:03.446 +05:30  DBG  Opening connection to database 'Ecommerce' on server 'FGS-DSK-230\MSSQLSERVER2019'.
2024-08-29 11:29:03.447 +05:30  DBG  Opened connection to database 'Ecommerce' on server 'FGS-DSK-230\MSSQLSERVER2019'.
2024-08-29 11:29:03.448 +05:30  DBG  Creating DbCommand for 'ExecuteReader'.
2024-08-29 11:29:03.449 +05:30  DBG  Created DbCommand for 'ExecuteReader' (0ms).
2024-08-29 11:29:03.450 +05:30  DBG  Initialized DbCommand for 'ExecuteReader' (1ms).
2024-08-29 11:29:03.450 +05:30  DBG  Executing DbCommand [Parameters=[@__normalizedEmail_0='?' (Size = 256)], CommandType='"Text"', CommandTimeout='30']
SELECT TOP(2) [a].[Id], [a].[AccessFailedCount], [a].[ConcurrencyStamp], [a].[CreatedAt], [a].[Email], [a].[EmailConfirmed], [a].[IsDeleted], [a].[IsVerified], [a].[LockoutEnabled], [a].[LockoutEnd], [a].[NormalizedEmail], [a].[NormalizedUserName], [a].[PasswordHash], [a].[PhoneNumber], [a].[PhoneNumberConfirmed], [a].[SecurityStamp], [a].[TwoFactorEnabled], [a].[UpdatedAt], [a].[UserName]
FROM [AspNetUsers] AS [a]
WHERE [a].[NormalizedEmail] = @__normalizedEmail_0
2024-08-29 11:29:03.458 +05:30  INF  Executed DbCommand (8ms) [Parameters=[@__normalizedEmail_0='?' (Size = 256)], CommandType='"Text"', CommandTimeout='30']
SELECT TOP(2) [a].[Id], [a].[AccessFailedCount], [a].[ConcurrencyStamp], [a].[CreatedAt], [a].[Email], [a].[EmailConfirmed], [a].[IsDeleted], [a].[IsVerified], [a].[LockoutEnabled], [a].[LockoutEnd], [a].[NormalizedEmail], [a].[NormalizedUserName], [a].[PasswordHash], [a].[PhoneNumber], [a].[PhoneNumberConfirmed], [a].[SecurityStamp], [a].[TwoFactorEnabled], [a].[UpdatedAt], [a].[UserName]
FROM [AspNetUsers] AS [a]
WHERE [a].[NormalizedEmail] = @__normalizedEmail_0
2024-08-29 11:29:03.477 +05:30  DBG  Context 'EcommerceDbContext' started tracking 'User' entity. Consider using 'DbContextOptionsBuilder.EnableSensitiveDataLogging' to see key values.
2024-08-29 11:29:03.507 +05:30  DBG  Closing data reader to 'Ecommerce' on server 'FGS-DSK-230\MSSQLSERVER2019'.
2024-08-29 11:29:03.509 +05:30  DBG  A data reader for 'Ecommerce' on server 'FGS-DSK-230\MSSQLSERVER2019' is being disposed after spending 48ms reading results.
2024-08-29 11:29:03.510 +05:30  DBG  Closing connection to database 'Ecommerce' on server 'FGS-DSK-230\MSSQLSERVER2019'.
2024-08-29 11:29:03.511 +05:30  DBG  Closed connection to database 'Ecommerce' on server 'FGS-DSK-230\MSSQLSERVER2019' (0ms).
2024-08-29 11:29:03.514 +05:30  DBG  'EcommerceDbContext' disposed.
2024-08-29 11:29:03.516 +05:30  DBG  Disposing connection to database 'Ecommerce' on server 'FGS-DSK-230\MSSQLSERVER2019'.
2024-08-29 11:29:03.517 +05:30  DBG  Disposed connection to database '' on server '' (1ms).
2024-08-29 11:29:03.521 +05:30  DBG  Hosting starting
2024-08-29 11:29:03.527 +05:30  DBG  Reading data from file 'C:\Users\arjun.hariprasad\AppData\Local\ASP.NET\DataProtection-Keys\key-36f6fa2d-df91-4e24-9271-a530e4737995.xml'.
2024-08-29 11:29:03.569 +05:30  DBG  Found key {36f6fa2d-df91-4e24-9271-a530e4737995}.
2024-08-29 11:29:03.584 +05:30  DBG  Considering key {36f6fa2d-df91-4e24-9271-a530e4737995} with expiration date 2024-10-20 08:26:28Z as default key.
2024-08-29 11:29:03.588 +05:30  DBG  Forwarded activator type request from Microsoft.AspNetCore.DataProtection.XmlEncryption.DpapiXmlDecryptor, Microsoft.AspNetCore.DataProtection, Version=8.0.0.0, Culture=neutral, PublicKeyToken=adb9793829ddae60 to Microsoft.AspNetCore.DataProtection.XmlEncryption.DpapiXmlDecryptor, Microsoft.AspNetCore.DataProtection, Culture=neutral, PublicKeyToken=adb9793829ddae60
2024-08-29 11:29:03.590 +05:30  DBG  Decrypting secret element using Windows DPAPI.
2024-08-29 11:29:03.592 +05:30  DBG  Forwarded activator type request from Microsoft.AspNetCore.DataProtection.AuthenticatedEncryption.ConfigurationModel.AuthenticatedEncryptorDescriptorDeserializer, Microsoft.AspNetCore.DataProtection, Version=8.0.0.0, Culture=neutral, PublicKeyToken=adb9793829ddae60 to Microsoft.AspNetCore.DataProtection.AuthenticatedEncryption.ConfigurationModel.AuthenticatedEncryptorDescriptorDeserializer, Microsoft.AspNetCore.DataProtection, Culture=neutral, PublicKeyToken=adb9793829ddae60
2024-08-29 11:29:03.594 +05:30  DBG  Opening CNG algorithm 'AES' from provider 'null' with chaining mode CBC.
2024-08-29 11:29:03.598 +05:30  DBG  Opening CNG algorithm 'SHA256' from provider 'null' with HMAC.
2024-08-29 11:29:03.602 +05:30  DBG  Using key {36f6fa2d-df91-4e24-9271-a530e4737995} as the default key.
2024-08-29 11:29:03.604 +05:30  DBG  Key ring with default key {36f6fa2d-df91-4e24-9271-a530e4737995} was loaded during application startup.
2024-08-29 11:29:04.086 +05:30  INF  Now listening on: https://localhost:7113
2024-08-29 11:29:04.087 +05:30  INF  Now listening on: http://localhost:5081
2024-08-29 11:29:04.088 +05:30  DBG  Loaded hosting startup assembly Web.Ecommerce
2024-08-29 11:29:04.089 +05:30  DBG  Loaded hosting startup assembly Microsoft.AspNetCore.Watch.BrowserRefresh
2024-08-29 11:29:04.090 +05:30  DBG  Loaded hosting startup assembly Microsoft.WebTools.BrowserLink.Net
2024-08-29 11:29:04.091 +05:30  INF  Application started. Press Ctrl+C to shut down.
2024-08-29 11:29:04.091 +05:30  INF  Hosting environment: Development
2024-08-29 11:29:04.092 +05:30  INF  Content root path: C:\Users\arjun.hariprasad\source\.NET\Ecommerce\EcommerceSolution\CodeBase\Src\Presentation\Web.Ecommerce
2024-08-29 11:29:04.094 +05:30  DBG  Hosting started
2024-08-29 11:29:04.439 +05:30  DBG  Connection id "0HN67TUO0LTIR" accepted.
2024-08-29 11:29:04.440 +05:30  DBG  Connection id "0HN67TUO0LTIR" started.
2024-08-29 11:29:04.482 +05:30  DBG  Connection id "0HN67TUO0LTIR" received FIN.
2024-08-29 11:29:04.503 +05:30  DBG  Failed to authenticate HTTPS connection.System.IO.IOException: Received an unexpected EOF or 0 bytes from the transport stream.
   at System.Net.Security.SslStream.ReceiveHandshakeFrameAsync[TIOAdapter](CancellationToken cancellationToken)
   at System.Net.Security.SslStream.ForceAuthenticationAsync[TIOAdapter](Boolean receiveFirst, Byte[] reAuthenticationData, CancellationToken cancellationToken)
   at System.Net.Security.SslStream.ProcessAuthenticationWithTelemetryAsync(Boolean isAsync, CancellationToken cancellationToken)
   at Microsoft.AspNetCore.Server.Kestrel.Https.Internal.HttpsConnectionMiddleware.OnConnectionAsync(ConnectionContext context)

2024-08-29 11:29:04.518 +05:30  DBG  Connection id "0HN67TUO0LTIR" stopped.
2024-08-29 11:29:04.521 +05:30  DBG  Connection id "0HN67TUO0LTIR" sending FIN because: "The Socket transport's send loop completed gracefully."
2024-08-29 11:29:05.142 +05:30  DBG  Connection id "0HN67TUO0LTIS" accepted.
2024-08-29 11:29:05.143 +05:30  DBG  Connection id "0HN67TUO0LTIS" started.
2024-08-29 11:29:05.145 +05:30  DBG  Connection id "0HN67TUO0LTIT" accepted.
2024-08-29 11:29:05.152 +05:30  DBG  Connection id "0HN67TUO0LTIT" started.
2024-08-29 11:29:05.186 +05:30  DBG  Connection id "0HN67TUO0LTIT" received FIN.
2024-08-29 11:29:05.193 +05:30  DBG  Connection 0HN67TUO0LTIT established using the following protocol: "Tls12"
2024-08-29 11:29:05.193 +05:30  DBG  Connection 0HN67TUO0LTIS established using the following protocol: "Tls12"
2024-08-29 11:29:05.237 +05:30  DBG  Connection id "0HN67TUO0LTIT" is closed. The last processed stream ID was 0.
2024-08-29 11:29:05.239 +05:30  DBG  Connection id "0HN67TUO0LTIT" sending FIN because: "The Socket transport's send loop completed gracefully."
2024-08-29 11:29:05.241 +05:30  VRB  Connection id "0HN67TUO0LTIS" sending "SETTINGS" frame for stream ID 0 with length 24 and flags "NONE".
2024-08-29 11:29:05.241 +05:30  DBG  The connection queue processing loop for 0HN67TUO0LTIT completed.
2024-08-29 11:29:05.244 +05:30  DBG  Connection id "0HN67TUO0LTIT" stopped.
2024-08-29 11:29:05.244 +05:30  VRB  Connection id "0HN67TUO0LTIS" sending "WINDOW_UPDATE" frame for stream ID 0 with length 4 and flags 0x0.
2024-08-29 11:29:05.247 +05:30  VRB  Connection id "0HN67TUO0LTIS" received "SETTINGS" frame for stream ID 0 with length 24 and flags "NONE".
2024-08-29 11:29:05.250 +05:30  VRB  Connection id "0HN67TUO0LTIS" sending "SETTINGS" frame for stream ID 0 with length 0 and flags "ACK".
2024-08-29 11:29:05.252 +05:30  VRB  Connection id "0HN67TUO0LTIS" received "WINDOW_UPDATE" frame for stream ID 0 with length 4 and flags 0x0.
2024-08-29 11:29:05.255 +05:30  VRB  Connection id "0HN67TUO0LTIS" received "HEADERS" frame for stream ID 1 with length 469 and flags "END_STREAM, END_HEADERS, PRIORITY".
2024-08-29 11:29:05.277 +05:30  VRB  Connection id "0HN67TUO0LTIS" received "SETTINGS" frame for stream ID 0 with length 0 and flags "ACK".
2024-08-29 11:29:05.327 +05:30  INF  Request starting HTTP/2 GET https://localhost:7113/swagger/index.html - null null
2024-08-29 11:29:05.504 +05:30  DBG  Wildcard detected, all requests with hosts will be allowed.
2024-08-29 11:29:05.506 +05:30  VRB  All hosts are allowed.
2024-08-29 11:29:05.524 +05:30  DBG  No candidates found for the request path '/swagger/index.html'
2024-08-29 11:29:05.525 +05:30  DBG  Request did not match any endpoints
2024-08-29 11:29:05.629 +05:30  DBG  Response markup is scheduled to include Browser Link script injection.
2024-08-29 11:29:05.633 +05:30  DBG  Response markup is scheduled to include browser refresh script injection.
2024-08-29 11:29:05.637 +05:30  VRB  Connection id "0HN67TUO0LTIS" sending "HEADERS" frame for stream ID 1 with length 66 and flags "END_HEADERS".
2024-08-29 11:29:05.639 +05:30  VRB  Connection id "0HN67TUO0LTIS" sending "DATA" frame for stream ID 1 with length 698 and flags "NONE".
2024-08-29 11:29:05.640 +05:30  DBG  Response markup was updated to include Browser Link script injection.
2024-08-29 11:29:05.642 +05:30  VRB  Connection id "0HN67TUO0LTIS" sending "DATA" frame for stream ID 1 with length 438 and flags "NONE".
2024-08-29 11:29:05.643 +05:30  DBG  Response markup was updated to include browser refresh script injection.
2024-08-29 11:29:05.647 +05:30  VRB  Connection id "0HN67TUO0LTIS" sending "DATA" frame for stream ID 1 with length 0 and flags "END_STREAM".
2024-08-29 11:29:05.651 +05:30  INF  Request finished HTTP/2 GET https://localhost:7113/swagger/index.html - 200 null text/html;charset=utf-8 328.1169ms
2024-08-29 11:29:05.659 +05:30  VRB  Connection id "0HN67TUO0LTIS" received "HEADERS" frame for stream ID 3 with length 148 and flags "END_STREAM, END_HEADERS, PRIORITY".
2024-08-29 11:29:05.663 +05:30  VRB  Connection id "0HN67TUO0LTIS" received "HEADERS" frame for stream ID 5 with length 50 and flags "END_STREAM, END_HEADERS, PRIORITY".
2024-08-29 11:29:05.663 +05:30  INF  Request starting HTTP/2 GET https://localhost:7113/swagger/index.css - null null
2024-08-29 11:29:05.668 +05:30  VRB  Connection id "0HN67TUO0LTIS" received "HEADERS" frame for stream ID 7 with length 57 and flags "END_STREAM, END_HEADERS, PRIORITY".
2024-08-29 11:29:05.668 +05:30  INF  Request starting HTTP/2 GET https://localhost:7113/swagger/index.js - null null
2024-08-29 11:29:05.670 +05:30  VRB  All hosts are allowed.
2024-08-29 11:29:05.673 +05:30  VRB  Connection id "0HN67TUO0LTIS" received "HEADERS" frame for stream ID 9 with length 52 and flags "END_STREAM, END_HEADERS, PRIORITY".
2024-08-29 11:29:05.674 +05:30  INF  Request starting HTTP/2 GET https://localhost:7113/_vs/browserLink - null null
2024-08-29 11:29:05.676 +05:30  VRB  All hosts are allowed.
2024-08-29 11:29:05.676 +05:30  DBG  No candidates found for the request path '/swagger/index.css'
2024-08-29 11:29:05.686 +05:30  INF  Request starting HTTP/2 GET https://localhost:7113/_framework/aspnetcore-browser-refresh.js - null null
2024-08-29 11:29:05.689 +05:30  DBG  No candidates found for the request path '/swagger/index.js'
2024-08-29 11:29:05.690 +05:30  DBG  Request did not match any endpoints
2024-08-29 11:29:05.694 +05:30  DBG  Request did not match any endpoints
2024-08-29 11:29:05.706 +05:30  INF  Request finished HTTP/2 GET https://localhost:7113/swagger/index.js - 200 null application/javascript;charset=utf-8 38.1518ms
2024-08-29 11:29:05.706 +05:30  VRB  Connection id "0HN67TUO0LTIS" sending "HEADERS" frame for stream ID 5 with length 41 and flags "END_HEADERS".
2024-08-29 11:29:05.709 +05:30  VRB  Range header's value is empty.
2024-08-29 11:29:05.712 +05:30  INF  The file /index.css was not modified
2024-08-29 11:29:05.714 +05:30  VRB  Connection id "0HN67TUO0LTIS" sending "DATA" frame for stream ID 5 with length 3005 and flags "END_STREAM".
2024-08-29 11:29:05.719 +05:30  VRB  Connection id "0HN67TUO0LTIS" sending "HEADERS" frame for stream ID 9 with length 60 and flags "END_HEADERS".
2024-08-29 11:29:05.720 +05:30  DBG  Handled. Status code: 304 File: /index.css
2024-08-29 11:29:05.721 +05:30  VRB  Connection id "0HN67TUO0LTIS" sending "DATA" frame for stream ID 9 with length 13762 and flags "NONE".
2024-08-29 11:29:05.723 +05:30  INF  Request finished HTTP/2 GET https://localhost:7113/swagger/index.css - 304 null text/css 60.7121ms
2024-08-29 11:29:05.726 +05:30  VRB  Connection id "0HN67TUO0LTIS" sending "HEADERS" frame for stream ID 3 with length 70 and flags "END_STREAM, END_HEADERS".
2024-08-29 11:29:05.728 +05:30  INF  Request finished HTTP/2 GET https://localhost:7113/_framework/aspnetcore-browser-refresh.js - 200 13762 application/javascript; charset=utf-8 43.3831ms
2024-08-29 11:29:05.733 +05:30  VRB  Connection id "0HN67TUO0LTIS" sending "DATA" frame for stream ID 9 with length 0 and flags "END_STREAM".
2024-08-29 11:29:05.751 +05:30  VRB  Connection id "0HN67TUO0LTIS" sending "HEADERS" frame for stream ID 7 with length 149 and flags "END_HEADERS".
2024-08-29 11:29:05.753 +05:30  VRB  Connection id "0HN67TUO0LTIS" sending "DATA" frame for stream ID 7 with length 9986 and flags "NONE".
2024-08-29 11:29:05.756 +05:30  VRB  Connection id "0HN67TUO0LTIS" sending "DATA" frame for stream ID 7 with length 10240 and flags "NONE".
2024-08-29 11:29:05.758 +05:30  VRB  Connection id "0HN67TUO0LTIS" sending "DATA" frame for stream ID 7 with length 10240 and flags "NONE".
2024-08-29 11:29:05.760 +05:30  VRB  Connection id "0HN67TUO0LTIS" sending "DATA" frame for stream ID 7 with length 10240 and flags "NONE".
2024-08-29 11:29:05.762 +05:30  VRB  Connection id "0HN67TUO0LTIS" sending "DATA" frame for stream ID 7 with length 10240 and flags "NONE".
2024-08-29 11:29:05.766 +05:30  VRB  Connection id "0HN67TUO0LTIS" sending "DATA" frame for stream ID 7 with length 10240 and flags "NONE".
2024-08-29 11:29:05.769 +05:30  VRB  Connection id "0HN67TUO0LTIS" sending "DATA" frame for stream ID 7 with length 10240 and flags "NONE".
2024-08-29 11:29:05.771 +05:30  VRB  Connection id "0HN67TUO0LTIS" sending "DATA" frame for stream ID 7 with length 10240 and flags "NONE".
2024-08-29 11:29:05.773 +05:30  VRB  Connection id "0HN67TUO0LTIS" sending "DATA" frame for stream ID 7 with length 10240 and flags "NONE".
2024-08-29 11:29:05.776 +05:30  VRB  Connection id "0HN67TUO0LTIS" sending "DATA" frame for stream ID 7 with length 10240 and flags "NONE".
2024-08-29 11:29:05.777 +05:30  VRB  Connection id "0HN67TUO0LTIS" sending "DATA" frame for stream ID 7 with length 10240 and flags "NONE".
2024-08-29 11:29:05.780 +05:30  VRB  Connection id "0HN67TUO0LTIS" sending "DATA" frame for stream ID 7 with length 10240 and flags "NONE".
2024-08-29 11:29:05.784 +05:30  VRB  Connection id "0HN67TUO0LTIS" sending "DATA" frame for stream ID 7 with length 10240 and flags "NONE".
2024-08-29 11:29:05.786 +05:30  VRB  Connection id "0HN67TUO0LTIS" sending "DATA" frame for stream ID 7 with length 10240 and flags "NONE".
2024-08-29 11:29:05.788 +05:30  VRB  Connection id "0HN67TUO0LTIS" sending "DATA" frame for stream ID 7 with length 10240 and flags "NONE".
2024-08-29 11:29:05.789 +05:30  VRB  Connection id "0HN67TUO0LTIS" sending "DATA" frame for stream ID 7 with length 160 and flags "NONE".
2024-08-29 11:29:05.790 +05:30  INF  Request finished HTTP/2 GET https://localhost:7113/_vs/browserLink - 200 null text/javascript; charset=UTF-8 115.8893ms
2024-08-29 11:29:05.791 +05:30  VRB  Connection id "0HN67TUO0LTIS" sending "DATA" frame for stream ID 7 with length 0 and flags "END_STREAM".
2024-08-29 11:29:05.894 +05:30  VRB  Connection id "0HN67TUO0LTIS" received "HEADERS" frame for stream ID 11 with length 74 and flags "END_STREAM, END_HEADERS, PRIORITY".
2024-08-29 11:29:05.896 +05:30  INF  Request starting HTTP/2 GET https://localhost:7113/swagger/v1/swagger.json - null null
2024-08-29 11:29:05.900 +05:30  VRB  All hosts are allowed.
2024-08-29 11:29:05.901 +05:30  DBG  No candidates found for the request path '/swagger/v1/swagger.json'
2024-08-29 11:29:05.901 +05:30  DBG  Request did not match any endpoints
2024-08-29 11:29:05.916 +05:30  VRB  Connection id "0HN67TUO0LTIS" received "HEADERS" frame for stream ID 13 with length 113 and flags "END_STREAM, END_HEADERS, PRIORITY".
2024-08-29 11:29:05.921 +05:30  INF  Request starting HTTP/2 GET https://localhost:7113/swagger/favicon-32x32.png - null null
2024-08-29 11:29:05.923 +05:30  VRB  All hosts are allowed.
2024-08-29 11:29:05.924 +05:30  DBG  No candidates found for the request path '/swagger/favicon-32x32.png'
2024-08-29 11:29:05.925 +05:30  DBG  Request did not match any endpoints
2024-08-29 11:29:05.927 +05:30  VRB  Range header's value is empty.
2024-08-29 11:29:05.928 +05:30  INF  The file /favicon-32x32.png was not modified
2024-08-29 11:29:05.929 +05:30  DBG  Handled. Status code: 304 File: /favicon-32x32.png
2024-08-29 11:29:05.930 +05:30  INF  Request finished HTTP/2 GET https://localhost:7113/swagger/favicon-32x32.png - 304 null image/png 8.9717ms
2024-08-29 11:29:05.930 +05:30  VRB  Connection id "0HN67TUO0LTIS" sending "HEADERS" frame for stream ID 13 with length 35 and flags "END_STREAM, END_HEADERS".
2024-08-29 11:29:06.025 +05:30  VRB  Connection id "0HN67TUO0LTIS" sending "HEADERS" frame for stream ID 11 with length 35 and flags "END_HEADERS".
2024-08-29 11:29:06.027 +05:30  VRB  Connection id "0HN67TUO0LTIS" sending "DATA" frame for stream ID 11 with length 16384 and flags "NONE".
2024-08-29 11:29:06.029 +05:30  VRB  Connection id "0HN67TUO0LTIS" sending "DATA" frame for stream ID 11 with length 6467 and flags "NONE".
2024-08-29 11:29:06.034 +05:30  VRB  Connection id "0HN67TUO0LTIS" sending "DATA" frame for stream ID 11 with length 0 and flags "END_STREAM".
2024-08-29 11:29:06.034 +05:30  INF  Request finished HTTP/2 GET https://localhost:7113/swagger/v1/swagger.json - 200 null application/json;charset=utf-8 138.4126ms
2024-08-29 11:29:11.147 +05:30  DBG  Connection id "0HN67TUO0LTIS" received FIN.
2024-08-29 11:29:11.149 +05:30  DBG  Connection id "0HN67TUO0LTIS" is closed. The last processed stream ID was 13.
2024-08-29 11:29:11.150 +05:30  DBG  The connection queue processing loop for 0HN67TUO0LTIS completed.
2024-08-29 11:29:11.151 +05:30  DBG  Connection id "0HN67TUO0LTIS" sending FIN because: "The Socket transport's send loop completed gracefully."
2024-08-29 11:29:11.164 +05:30  DBG  Connection id "0HN67TUO0LTIS" stopped.
2024-08-29 11:29:12.782 +05:30  DBG  Connection id "0HN67TUO0LTIU" accepted.
2024-08-29 11:29:12.784 +05:30  DBG  Connection id "0HN67TUO0LTIU" started.
2024-08-29 11:29:12.789 +05:30  DBG  Connection 0HN67TUO0LTIU established using the following protocol: "Tls12"
2024-08-29 11:29:12.790 +05:30  VRB  Connection id "0HN67TUO0LTIU" sending "SETTINGS" frame for stream ID 0 with length 24 and flags "NONE".
2024-08-29 11:29:12.794 +05:30  VRB  Connection id "0HN67TUO0LTIU" sending "WINDOW_UPDATE" frame for stream ID 0 with length 4 and flags 0x0.
2024-08-29 11:29:12.797 +05:30  VRB  Connection id "0HN67TUO0LTIU" received "SETTINGS" frame for stream ID 0 with length 24 and flags "NONE".
2024-08-29 11:29:12.802 +05:30  VRB  Connection id "0HN67TUO0LTIU" sending "SETTINGS" frame for stream ID 0 with length 0 and flags "ACK".
2024-08-29 11:29:12.804 +05:30  VRB  Connection id "0HN67TUO0LTIU" received "WINDOW_UPDATE" frame for stream ID 0 with length 4 and flags 0x0.
2024-08-29 11:29:12.806 +05:30  VRB  Connection id "0HN67TUO0LTIU" received "HEADERS" frame for stream ID 1 with length 361 and flags "END_STREAM, END_HEADERS, PRIORITY".
2024-08-29 11:29:12.808 +05:30  VRB  Connection id "0HN67TUO0LTIU" received "SETTINGS" frame for stream ID 0 with length 0 and flags "ACK".
2024-08-29 11:29:12.808 +05:30  INF  Request starting HTTP/2 GET https://localhost:7113/api/Product - null null
2024-08-29 11:29:12.811 +05:30  VRB  All hosts are allowed.
2024-08-29 11:29:12.813 +05:30  DBG  1 candidate(s) found for the request path '/api/Product'
2024-08-29 11:29:12.816 +05:30  DBG  Endpoint 'Web.Ecommerce.Controllers.Seller.ProductController.GetAllProducts (Web.Ecommerce)' with route pattern 'api/Product' is valid for the request path '/api/Product'
2024-08-29 11:29:12.819 +05:30  DBG  Request matched endpoint 'Web.Ecommerce.Controllers.Seller.ProductController.GetAllProducts (Web.Ecommerce)'
2024-08-29 11:29:12.820 +05:30  VRB  The endpoint does not specify the IRequestSizeLimitMetadata.
2024-08-29 11:29:12.822 +05:30  DBG  Static files was skipped as the request already matched an endpoint.
2024-08-29 11:29:12.894 +05:30  DBG  AuthenticationScheme: Bearer was not authenticated.
2024-08-29 11:29:12.899 +05:30  DBG  AuthenticationScheme: Bearer was not authenticated.
2024-08-29 11:29:12.901 +05:30  INF  Executing endpoint 'Web.Ecommerce.Controllers.Seller.ProductController.GetAllProducts (Web.Ecommerce)'
2024-08-29 11:29:12.916 +05:30  INF  Route matched with {action = "GetAllProducts", controller = "Product"}. Executing controller action with signature System.Threading.Tasks.Task`1[Microsoft.AspNetCore.Mvc.IActionResult] GetAllProducts() on controller Web.Ecommerce.Controllers.Seller.ProductController (Web.Ecommerce).
2024-08-29 11:29:12.920 +05:30  DBG  Execution plan of authorization filters (in the following order): ["None"]
2024-08-29 11:29:12.921 +05:30  DBG  Execution plan of resource filters (in the following order): ["None"]
2024-08-29 11:29:12.923 +05:30  DBG  Execution plan of action filters (in the following order): ["Microsoft.AspNetCore.Mvc.ModelBinding.UnsupportedContentTypeFilter (Order: -3000)","Microsoft.AspNetCore.Mvc.Infrastructure.ModelStateInvalidFilter (Order: -2000)"]
2024-08-29 11:29:12.925 +05:30  DBG  Execution plan of exception filters (in the following order): ["None"]
2024-08-29 11:29:12.926 +05:30  DBG  Execution plan of result filters (in the following order): ["Microsoft.AspNetCore.Mvc.Infrastructure.ClientErrorResultFilter (Order: -2000)"]
2024-08-29 11:29:12.929 +05:30  DBG  Executing controller factory for controller Web.Ecommerce.Controllers.Seller.ProductController (Web.Ecommerce)
2024-08-29 11:29:12.932 +05:30  DBG  Executed controller factory for controller Web.Ecommerce.Controllers.Seller.ProductController (Web.Ecommerce)
2024-08-29 11:29:12.934 +05:30  VRB  Action Filter: Before executing OnActionExecuting on filter Microsoft.AspNetCore.Mvc.ModelBinding.UnsupportedContentTypeFilter.
2024-08-29 11:29:12.936 +05:30  VRB  Action Filter: After executing OnActionExecuting on filter Microsoft.AspNetCore.Mvc.ModelBinding.UnsupportedContentTypeFilter.
2024-08-29 11:29:12.937 +05:30  VRB  Action Filter: Before executing OnActionExecuting on filter Microsoft.AspNetCore.Mvc.Infrastructure.ModelStateInvalidFilter.
2024-08-29 11:29:12.938 +05:30  VRB  Action Filter: After executing OnActionExecuting on filter Microsoft.AspNetCore.Mvc.Infrastructure.ModelStateInvalidFilter.
2024-08-29 11:29:12.943 +05:30  INF  Executing action method Web.Ecommerce.Controllers.Seller.ProductController.GetAllProducts (Web.Ecommerce) - Validation state: "Valid"
2024-08-29 11:29:12.995 +05:30  DBG  Entity Framework Core 8.0.7 initialized 'EcommerceDbContext' using provider 'Microsoft.EntityFrameworkCore.SqlServer:8.0.7' with options: None
2024-08-29 11:29:13.005 +05:30  DBG  Compiling query expression: 
'DbSet<Product>()
    .Select(p => new ProductDto{ 
        ProductId = p.ProductId, 
        Name = p.Name, 
        Description = p.Description, 
        Category = p.Category, 
        Price = p.Price, 
        Quantity = p.Quantity, 
        SellerId = p.SellerId, 
        SellerName = p.Seller.StoreName 
    }
    )'
2024-08-29 11:29:13.065 +05:30  DBG  Generated query execution expression: 
'queryContext => new SingleQueryingEnumerable<ProductDto>(
    (RelationalQueryContext)queryContext, 
    RelationalCommandCache.QueryExpression(
        Projection Mapping:
            ProductId -> 0
            Name -> 1
            Description -> 2
            Category -> 3
            Price -> 4
            Quantity -> 5
            SellerId -> 6
            SellerName -> 7
        SELECT p.ProductId, p.Name, p.Description, p.Category, p.Price, p.Quantity, p.SellerId, s.StoreName AS SellerName
        FROM Products AS p
        INNER JOIN Sellers AS s ON p.SellerId == s.SellerId), 
    null, 
    Func<QueryContext, DbDataReader, ResultContext, SingleQueryResultCoordinator, ProductDto>, 
    Persistance.EcommerceDbContext, 
    False, 
    False, 
    True
)'
2024-08-29 11:29:13.070 +05:30  DBG  Creating DbConnection.
2024-08-29 11:29:13.071 +05:30  DBG  Created DbConnection. (0ms).
2024-08-29 11:29:13.071 +05:30  DBG  Opening connection to database 'Ecommerce' on server 'FGS-DSK-230\MSSQLSERVER2019'.
2024-08-29 11:29:13.072 +05:30  DBG  Opened connection to database 'Ecommerce' on server 'FGS-DSK-230\MSSQLSERVER2019'.
2024-08-29 11:29:13.073 +05:30  DBG  Creating DbCommand for 'ExecuteReader'.
2024-08-29 11:29:13.074 +05:30  DBG  Created DbCommand for 'ExecuteReader' (0ms).
2024-08-29 11:29:13.074 +05:30  DBG  Initialized DbCommand for 'ExecuteReader' (1ms).
2024-08-29 11:29:13.075 +05:30  DBG  Executing DbCommand [Parameters=[], CommandType='"Text"', CommandTimeout='30']
SELECT [p].[ProductId], [p].[Name], [p].[Description], [p].[Category], [p].[Price], [p].[Quantity], [p].[SellerId], [s].[StoreName] AS [SellerName]
FROM [Products] AS [p]
INNER JOIN [Sellers] AS [s] ON [p].[SellerId] = [s].[SellerId]
2024-08-29 11:29:13.100 +05:30  INF  Executed DbCommand (25ms) [Parameters=[], CommandType='"Text"', CommandTimeout='30']
SELECT [p].[ProductId], [p].[Name], [p].[Description], [p].[Category], [p].[Price], [p].[Quantity], [p].[SellerId], [s].[StoreName] AS [SellerName]
FROM [Products] AS [p]
INNER JOIN [Sellers] AS [s] ON [p].[SellerId] = [s].[SellerId]
2024-08-29 11:29:13.105 +05:30  DBG  Closing data reader to 'Ecommerce' on server 'FGS-DSK-230\MSSQLSERVER2019'.
2024-08-29 11:29:13.106 +05:30  DBG  A data reader for 'Ecommerce' on server 'FGS-DSK-230\MSSQLSERVER2019' is being disposed after spending 3ms reading results.
2024-08-29 11:29:13.107 +05:30  DBG  Closing connection to database 'Ecommerce' on server 'FGS-DSK-230\MSSQLSERVER2019'.
2024-08-29 11:29:13.108 +05:30  DBG  Closed connection to database 'Ecommerce' on server 'FGS-DSK-230\MSSQLSERVER2019' (0ms).
2024-08-29 11:29:13.115 +05:30  INF  Executed action method Web.Ecommerce.Controllers.Seller.ProductController.GetAllProducts (Web.Ecommerce), returned result Microsoft.AspNetCore.Mvc.OkObjectResult in 166.3038ms.
2024-08-29 11:29:13.117 +05:30  VRB  Action Filter: Before executing OnActionExecuted on filter Microsoft.AspNetCore.Mvc.Infrastructure.ModelStateInvalidFilter.
2024-08-29 11:29:13.119 +05:30  VRB  Action Filter: After executing OnActionExecuted on filter Microsoft.AspNetCore.Mvc.Infrastructure.ModelStateInvalidFilter.
2024-08-29 11:29:13.120 +05:30  VRB  Action Filter: Before executing OnActionExecuted on filter Microsoft.AspNetCore.Mvc.ModelBinding.UnsupportedContentTypeFilter.
2024-08-29 11:29:13.121 +05:30  VRB  Action Filter: After executing OnActionExecuted on filter Microsoft.AspNetCore.Mvc.ModelBinding.UnsupportedContentTypeFilter.
2024-08-29 11:29:13.123 +05:30  VRB  Result Filter: Before executing OnResultExecuting on filter Microsoft.AspNetCore.Mvc.Infrastructure.ClientErrorResultFilter.
2024-08-29 11:29:13.124 +05:30  VRB  Result Filter: After executing OnResultExecuting on filter Microsoft.AspNetCore.Mvc.Infrastructure.ClientErrorResultFilter.
2024-08-29 11:29:13.126 +05:30  VRB  Before executing action result Microsoft.AspNetCore.Mvc.OkObjectResult.
2024-08-29 11:29:13.127 +05:30  DBG  List of registered output formatters, in the following order: ["Microsoft.AspNetCore.Mvc.Formatters.HttpNoContentOutputFormatter","Microsoft.AspNetCore.Mvc.Formatters.StringOutputFormatter","Microsoft.AspNetCore.Mvc.Formatters.StreamOutputFormatter","Microsoft.AspNetCore.Mvc.Formatters.SystemTextJsonOutputFormatter"]
2024-08-29 11:29:13.131 +05:30  DBG  No information found on request to perform content negotiation.
2024-08-29 11:29:13.132 +05:30  DBG  Attempting to select an output formatter without using a content type as no explicit content types were specified for the response.
2024-08-29 11:29:13.133 +05:30  DBG  Attempting to select the first formatter in the output formatters list which can write the result.
2024-08-29 11:29:13.134 +05:30  DBG  Selected output formatter 'Microsoft.AspNetCore.Mvc.Formatters.SystemTextJsonOutputFormatter' and content type 'application/json' to write the response.
2024-08-29 11:29:13.135 +05:30  INF  Executing OkObjectResult, writing value of type 'System.Collections.Generic.List`1[[Application.Ecom.Dtos.ProductDto, Application.Ecom, Version=1.0.0.0, Culture=neutral, PublicKeyToken=null]]'.
2024-08-29 11:29:13.170 +05:30  VRB  Connection id "0HN67TUO0LTIU" sending "HEADERS" frame for stream ID 1 with length 74 and flags "END_HEADERS".
2024-08-29 11:29:13.170 +05:30  VRB  After executing action result Microsoft.AspNetCore.Mvc.OkObjectResult.
2024-08-29 11:29:13.172 +05:30  VRB  Connection id "0HN67TUO0LTIU" sending "DATA" frame for stream ID 1 with length 771 and flags "NONE".
2024-08-29 11:29:13.173 +05:30  VRB  Result Filter: Before executing OnResultExecuted on filter Microsoft.AspNetCore.Mvc.Infrastructure.ClientErrorResultFilter.
2024-08-29 11:29:13.175 +05:30  VRB  Result Filter: After executing OnResultExecuted on filter Microsoft.AspNetCore.Mvc.Infrastructure.ClientErrorResultFilter.
2024-08-29 11:29:13.179 +05:30  INF  Executed action Web.Ecommerce.Controllers.Seller.ProductController.GetAllProducts (Web.Ecommerce) in 249.479ms
2024-08-29 11:29:13.182 +05:30  INF  Executed endpoint 'Web.Ecommerce.Controllers.Seller.ProductController.GetAllProducts (Web.Ecommerce)'
2024-08-29 11:29:13.184 +05:30  VRB  Connection id "0HN67TUO0LTIU" sending "DATA" frame for stream ID 1 with length 0 and flags "END_STREAM".
2024-08-29 11:29:13.184 +05:30  DBG  'EcommerceDbContext' disposed.
2024-08-29 11:29:13.188 +05:30  DBG  Disposing connection to database 'Ecommerce' on server 'FGS-DSK-230\MSSQLSERVER2019'.
2024-08-29 11:29:13.190 +05:30  DBG  Disposed connection to database '' on server '' (1ms).
2024-08-29 11:29:13.192 +05:30  INF  Request finished HTTP/2 GET https://localhost:7113/api/Product - 200 null application/json; charset=utf-8 384.377ms
2024-08-29 11:29:21.160 +05:30  DBG  Connection id "0HN67TUO0LTIU" received FIN.
2024-08-29 11:29:21.162 +05:30  DBG  Connection id "0HN67TUO0LTIU" is closed. The last processed stream ID was 1.
2024-08-29 11:29:21.162 +05:30  DBG  The connection queue processing loop for 0HN67TUO0LTIU completed.
2024-08-29 11:29:21.163 +05:30  DBG  Connection id "0HN67TUO0LTIU" sending FIN because: "The Socket transport's send loop completed gracefully."
2024-08-29 11:29:21.175 +05:30  DBG  Connection id "0HN67TUO0LTIU" stopped.
2024-08-29 11:29:34.071 +05:30  DBG  Connection id "0HN67TUO0LTIV" accepted.
2024-08-29 11:29:34.074 +05:30  DBG  Connection id "0HN67TUO0LTIV" started.
2024-08-29 11:29:34.076 +05:30  DBG  Connection 0HN67TUO0LTIV established using the following protocol: "Tls12"
2024-08-29 11:29:34.078 +05:30  VRB  Connection id "0HN67TUO0LTIV" sending "SETTINGS" frame for stream ID 0 with length 24 and flags "NONE".
2024-08-29 11:29:34.079 +05:30  VRB  Connection id "0HN67TUO0LTIV" sending "WINDOW_UPDATE" frame for stream ID 0 with length 4 and flags 0x0.
2024-08-29 11:29:34.082 +05:30  VRB  Connection id "0HN67TUO0LTIV" received "SETTINGS" frame for stream ID 0 with length 24 and flags "NONE".
2024-08-29 11:29:34.084 +05:30  VRB  Connection id "0HN67TUO0LTIV" sending "SETTINGS" frame for stream ID 0 with length 0 and flags "ACK".
2024-08-29 11:29:34.086 +05:30  VRB  Connection id "0HN67TUO0LTIV" received "WINDOW_UPDATE" frame for stream ID 0 with length 4 and flags 0x0.
2024-08-29 11:29:34.087 +05:30  VRB  Connection id "0HN67TUO0LTIV" received "HEADERS" frame for stream ID 1 with length 387 and flags "END_STREAM, END_HEADERS, PRIORITY".
2024-08-29 11:29:34.089 +05:30  VRB  Connection id "0HN67TUO0LTIV" received "SETTINGS" frame for stream ID 0 with length 0 and flags "ACK".
2024-08-29 11:29:34.089 +05:30  INF  Request starting HTTP/2 GET https://localhost:7113/api/Product/e2049003-75a6-4076-9e33-33e8d23950e6 - null null
2024-08-29 11:29:34.093 +05:30  VRB  All hosts are allowed.
2024-08-29 11:29:34.094 +05:30  DBG  1 candidate(s) found for the request path '/api/Product/e2049003-75a6-4076-9e33-33e8d23950e6'
2024-08-29 11:29:34.095 +05:30  DBG  Endpoint 'Web.Ecommerce.Controllers.Seller.ProductController.GetProductById (Web.Ecommerce)' with route pattern 'api/Product/{id}' is valid for the request path '/api/Product/e2049003-75a6-4076-9e33-33e8d23950e6'
2024-08-29 11:29:34.097 +05:30  DBG  Request matched endpoint 'Web.Ecommerce.Controllers.Seller.ProductController.GetProductById (Web.Ecommerce)'
2024-08-29 11:29:34.099 +05:30  VRB  The endpoint does not specify the IRequestSizeLimitMetadata.
2024-08-29 11:29:34.100 +05:30  DBG  Static files was skipped as the request already matched an endpoint.
2024-08-29 11:29:34.102 +05:30  DBG  AuthenticationScheme: Bearer was not authenticated.
2024-08-29 11:29:34.104 +05:30  DBG  AuthenticationScheme: Bearer was not authenticated.
2024-08-29 11:29:34.104 +05:30  INF  Executing endpoint 'Web.Ecommerce.Controllers.Seller.ProductController.GetProductById (Web.Ecommerce)'
2024-08-29 11:29:34.113 +05:30  INF  Route matched with {action = "GetProductById", controller = "Product"}. Executing controller action with signature System.Threading.Tasks.Task`1[Microsoft.AspNetCore.Mvc.IActionResult] GetProductById(System.Guid) on controller Web.Ecommerce.Controllers.Seller.ProductController (Web.Ecommerce).
2024-08-29 11:29:34.117 +05:30  DBG  Execution plan of authorization filters (in the following order): ["None"]
2024-08-29 11:29:34.118 +05:30  DBG  Execution plan of resource filters (in the following order): ["None"]
2024-08-29 11:29:34.119 +05:30  DBG  Execution plan of action filters (in the following order): ["Microsoft.AspNetCore.Mvc.ModelBinding.UnsupportedContentTypeFilter (Order: -3000)","Microsoft.AspNetCore.Mvc.Infrastructure.ModelStateInvalidFilter (Order: -2000)"]
2024-08-29 11:29:34.120 +05:30  DBG  Execution plan of exception filters (in the following order): ["None"]
2024-08-29 11:29:34.121 +05:30  DBG  Execution plan of result filters (in the following order): ["Microsoft.AspNetCore.Mvc.Infrastructure.ClientErrorResultFilter (Order: -2000)"]
2024-08-29 11:29:34.122 +05:30  DBG  Executing controller factory for controller Web.Ecommerce.Controllers.Seller.ProductController (Web.Ecommerce)
2024-08-29 11:29:34.123 +05:30  DBG  Executed controller factory for controller Web.Ecommerce.Controllers.Seller.ProductController (Web.Ecommerce)
2024-08-29 11:29:34.168 +05:30  DBG  Attempting to bind parameter 'id' of type 'System.Guid' ...
2024-08-29 11:29:34.171 +05:30  DBG  Attempting to bind parameter 'id' of type 'System.Guid' using the name 'id' in request data ...
2024-08-29 11:29:34.172 +05:30  DBG  Done attempting to bind parameter 'id' of type 'System.Guid'.
2024-08-29 11:29:34.173 +05:30  DBG  Done attempting to bind parameter 'id' of type 'System.Guid'.
2024-08-29 11:29:34.174 +05:30  DBG  Attempting to validate the bound parameter 'id' of type 'System.Guid' ...
2024-08-29 11:29:34.176 +05:30  DBG  Done attempting to validate the bound parameter 'id' of type 'System.Guid'.
2024-08-29 11:29:34.178 +05:30  VRB  Action Filter: Before executing OnActionExecuting on filter Microsoft.AspNetCore.Mvc.ModelBinding.UnsupportedContentTypeFilter.
2024-08-29 11:29:34.179 +05:30  VRB  Action Filter: After executing OnActionExecuting on filter Microsoft.AspNetCore.Mvc.ModelBinding.UnsupportedContentTypeFilter.
2024-08-29 11:29:34.180 +05:30  VRB  Action Filter: Before executing OnActionExecuting on filter Microsoft.AspNetCore.Mvc.Infrastructure.ModelStateInvalidFilter.
2024-08-29 11:29:34.182 +05:30  VRB  Action Filter: After executing OnActionExecuting on filter Microsoft.AspNetCore.Mvc.Infrastructure.ModelStateInvalidFilter.
2024-08-29 11:29:34.183 +05:30  INF  Executing action method Web.Ecommerce.Controllers.Seller.ProductController.GetProductById (Web.Ecommerce) - Validation state: "Valid"
2024-08-29 11:29:34.184 +05:30  VRB  Executing action method Web.Ecommerce.Controllers.Seller.ProductController.GetProductById (Web.Ecommerce) with arguments (["e2049003-75a6-4076-9e33-33e8d23950e6"])
2024-08-29 11:29:34.195 +05:30  DBG  Entity Framework Core 8.0.7 initialized 'EcommerceDbContext' using provider 'Microsoft.EntityFrameworkCore.SqlServer:8.0.7' with options: None
2024-08-29 11:29:34.200 +05:30  DBG  Compiling query expression: 
'DbSet<Product>().FromSql(EXEC GetProductById @ProductId, __p_0)
    .Select(p => new ProductDto{ 
        ProductId = p.ProductId, 
        Name = p.Name, 
        Description = p.Description, 
        Category = p.Category, 
        Price = p.Price, 
        Quantity = p.Quantity, 
        SellerId = p.SellerId, 
        SellerName = p.Seller.StoreName 
    }
    )
    .FirstOrDefault()'
2024-08-29 11:29:34.206 +05:30  WRN  The query uses the 'First'/'FirstOrDefault' operator without 'OrderBy' and filter operators. This may lead to unpredictable results.
2024-08-29 11:29:34.209 +05:30  DBG  Generated query execution expression: 
'queryContext => ShapedQueryCompilingExpressionVisitor.SingleOrDefaultAsync<ProductDto>(
    asyncEnumerable: new SingleQueryingEnumerable<ProductDto>(
        (RelationalQueryContext)queryContext, 
        RelationalCommandCache.QueryExpression(
            Projection Mapping:
                ProductId -> 0
                Name -> 1
                Description -> 2
                Category -> 3
                Price -> 4
                Quantity -> 5
                SellerId -> 6
                SellerName -> 7
            SELECT TOP(1) d.ProductId, d.Name, d.Description, d.Category, d.Price, d.Quantity, d.SellerId, s.StoreName AS SellerName
            FROM EXEC GetProductById @ProductId
            INNER JOIN Sellers AS s ON d.SellerId == s.SellerId), 
        null, 
        Func<QueryContext, DbDataReader, ResultContext, SingleQueryResultCoordinator, ProductDto>, 
        Persistance.EcommerceDbContext, 
        False, 
        False, 
        True
    ), 
    cancellationToken: queryContext.CancellationToken)'
2024-08-29 11:29:34.224 +05:30  ERR  An exception occurred while iterating over the results of a query for context type 'Persistance.EcommerceDbContext'.
System.InvalidOperationException: 'FromSql' or 'SqlQuery' was called with non-composable SQL and with a query composing over it. Consider calling 'AsEnumerable' after the method to perform the composition on the client side.
   at Microsoft.EntityFrameworkCore.Query.QuerySqlGenerator.CheckComposableSqlTrimmed(ReadOnlySpan`1 sql)
   at Microsoft.EntityFrameworkCore.SqlServer.Query.Internal.SqlServerQuerySqlGenerator.CheckComposableSqlTrimmed(ReadOnlySpan`1 sql)
   at Microsoft.EntityFrameworkCore.Query.QuerySqlGenerator.CheckComposableSql(String sql)
   at Microsoft.EntityFrameworkCore.Query.QuerySqlGenerator.VisitFromSql(FromSqlExpression fromSqlExpression)
   at Microsoft.EntityFrameworkCore.Query.SqlExpressionVisitor.VisitExtension(Expression extensionExpression)
   at Microsoft.EntityFrameworkCore.SqlServer.Query.Internal.SqlServerQuerySqlGenerator.VisitExtension(Expression extensionExpression)
   at Microsoft.EntityFrameworkCore.Query.QuerySqlGenerator.<VisitSelect>b__21_1(TableExpressionBase e)
   at Microsoft.EntityFrameworkCore.Query.QuerySqlGenerator.GenerateList[T](IReadOnlyList`1 items, Action`1 generationAction, Action`1 joinAction)
   at Microsoft.EntityFrameworkCore.Query.QuerySqlGenerator.VisitSelect(SelectExpression selectExpression)
   at Microsoft.EntityFrameworkCore.Query.QuerySqlGenerator.GenerateRootCommand(Expression queryExpression)
   at Microsoft.EntityFrameworkCore.Query.QuerySqlGenerator.GetCommand(Expression queryExpression)
   at Microsoft.EntityFrameworkCore.Query.Internal.RelationalCommandCache.GetRelationalCommandTemplate(IReadOnlyDictionary`2 parameters)
   at Microsoft.EntityFrameworkCore.Internal.RelationCommandCacheExtensions.RentAndPopulateRelationalCommand(RelationalCommandCache relationalCommandCache, RelationalQueryContext queryContext)
   at Microsoft.EntityFrameworkCore.Query.Internal.SingleQueryingEnumerable`1.AsyncEnumerator.InitializeReaderAsync(AsyncEnumerator enumerator, CancellationToken cancellationToken)
   at Microsoft.EntityFrameworkCore.SqlServer.Storage.Internal.SqlServerExecutionStrategy.ExecuteAsync[TState,TResult](TState state, Func`4 operation, Func`4 verifySucceeded, CancellationToken cancellationToken)
   at Microsoft.EntityFrameworkCore.Query.Internal.SingleQueryingEnumerable`1.AsyncEnumerator.MoveNextAsync()System.InvalidOperationException: 'FromSql' or 'SqlQuery' was called with non-composable SQL and with a query composing over it. Consider calling 'AsEnumerable' after the method to perform the composition on the client side.
   at Microsoft.EntityFrameworkCore.Query.QuerySqlGenerator.CheckComposableSqlTrimmed(ReadOnlySpan`1 sql)
   at Microsoft.EntityFrameworkCore.SqlServer.Query.Internal.SqlServerQuerySqlGenerator.CheckComposableSqlTrimmed(ReadOnlySpan`1 sql)
   at Microsoft.EntityFrameworkCore.Query.QuerySqlGenerator.CheckComposableSql(String sql)
   at Microsoft.EntityFrameworkCore.Query.QuerySqlGenerator.VisitFromSql(FromSqlExpression fromSqlExpression)
   at Microsoft.EntityFrameworkCore.Query.SqlExpressionVisitor.VisitExtension(Expression extensionExpression)
   at Microsoft.EntityFrameworkCore.SqlServer.Query.Internal.SqlServerQuerySqlGenerator.VisitExtension(Expression extensionExpression)
   at Microsoft.EntityFrameworkCore.Query.QuerySqlGenerator.<VisitSelect>b__21_1(TableExpressionBase e)
   at Microsoft.EntityFrameworkCore.Query.QuerySqlGenerator.GenerateList[T](IReadOnlyList`1 items, Action`1 generationAction, Action`1 joinAction)
   at Microsoft.EntityFrameworkCore.Query.QuerySqlGenerator.VisitSelect(SelectExpression selectExpression)
   at Microsoft.EntityFrameworkCore.Query.QuerySqlGenerator.GenerateRootCommand(Expression queryExpression)
   at Microsoft.EntityFrameworkCore.Query.QuerySqlGenerator.GetCommand(Expression queryExpression)
   at Microsoft.EntityFrameworkCore.Query.Internal.RelationalCommandCache.GetRelationalCommandTemplate(IReadOnlyDictionary`2 parameters)
   at Microsoft.EntityFrameworkCore.Internal.RelationCommandCacheExtensions.RentAndPopulateRelationalCommand(RelationalCommandCache relationalCommandCache, RelationalQueryContext queryContext)
   at Microsoft.EntityFrameworkCore.Query.Internal.SingleQueryingEnumerable`1.AsyncEnumerator.InitializeReaderAsync(AsyncEnumerator enumerator, CancellationToken cancellationToken)
   at Microsoft.EntityFrameworkCore.SqlServer.Storage.Internal.SqlServerExecutionStrategy.ExecuteAsync[TState,TResult](TState state, Func`4 operation, Func`4 verifySucceeded, CancellationToken cancellationToken)
   at Microsoft.EntityFrameworkCore.Query.Internal.SingleQueryingEnumerable`1.AsyncEnumerator.MoveNextAsync()

2024-08-29 11:29:34.360 +05:30  VRB  Action Filter: Before executing OnActionExecuted on filter Microsoft.AspNetCore.Mvc.Infrastructure.ModelStateInvalidFilter.
2024-08-29 11:29:34.362 +05:30  VRB  Action Filter: After executing OnActionExecuted on filter Microsoft.AspNetCore.Mvc.Infrastructure.ModelStateInvalidFilter.
2024-08-29 11:29:34.364 +05:30  VRB  Action Filter: Before executing OnActionExecuted on filter Microsoft.AspNetCore.Mvc.ModelBinding.UnsupportedContentTypeFilter.
2024-08-29 11:29:34.365 +05:30  VRB  Action Filter: After executing OnActionExecuted on filter Microsoft.AspNetCore.Mvc.ModelBinding.UnsupportedContentTypeFilter.
2024-08-29 11:29:34.369 +05:30  INF  Executed action Web.Ecommerce.Controllers.Seller.ProductController.GetProductById (Web.Ecommerce) in 246.7592ms
2024-08-29 11:29:34.371 +05:30  INF  Executed endpoint 'Web.Ecommerce.Controllers.Seller.ProductController.GetProductById (Web.Ecommerce)'
2024-08-29 11:29:34.373 +05:30  ERR  An unhandled exception has occurred while executing the request.System.InvalidOperationException: 'FromSql' or 'SqlQuery' was called with non-composable SQL and with a query composing over it. Consider calling 'AsEnumerable' after the method to perform the composition on the client side.
   at Microsoft.EntityFrameworkCore.Query.QuerySqlGenerator.CheckComposableSqlTrimmed(ReadOnlySpan`1 sql)
   at Microsoft.EntityFrameworkCore.SqlServer.Query.Internal.SqlServerQuerySqlGenerator.CheckComposableSqlTrimmed(ReadOnlySpan`1 sql)
   at Microsoft.EntityFrameworkCore.Query.QuerySqlGenerator.CheckComposableSql(String sql)
   at Microsoft.EntityFrameworkCore.Query.QuerySqlGenerator.VisitFromSql(FromSqlExpression fromSqlExpression)
   at Microsoft.EntityFrameworkCore.Query.SqlExpressionVisitor.VisitExtension(Expression extensionExpression)
   at Microsoft.EntityFrameworkCore.SqlServer.Query.Internal.SqlServerQuerySqlGenerator.VisitExtension(Expression extensionExpression)
   at Microsoft.EntityFrameworkCore.Query.QuerySqlGenerator.<VisitSelect>b__21_1(TableExpressionBase e)
   at Microsoft.EntityFrameworkCore.Query.QuerySqlGenerator.GenerateList[T](IReadOnlyList`1 items, Action`1 generationAction, Action`1 joinAction)
   at Microsoft.EntityFrameworkCore.Query.QuerySqlGenerator.VisitSelect(SelectExpression selectExpression)
   at Microsoft.EntityFrameworkCore.Query.QuerySqlGenerator.GenerateRootCommand(Expression queryExpression)
   at Microsoft.EntityFrameworkCore.Query.QuerySqlGenerator.GetCommand(Expression queryExpression)
   at Microsoft.EntityFrameworkCore.Query.Internal.RelationalCommandCache.GetRelationalCommandTemplate(IReadOnlyDictionary`2 parameters)
   at Microsoft.EntityFrameworkCore.Internal.RelationCommandCacheExtensions.RentAndPopulateRelationalCommand(RelationalCommandCache relationalCommandCache, RelationalQueryContext queryContext)
   at Microsoft.EntityFrameworkCore.Query.Internal.SingleQueryingEnumerable`1.AsyncEnumerator.InitializeReaderAsync(AsyncEnumerator enumerator, CancellationToken cancellationToken)
   at Microsoft.EntityFrameworkCore.SqlServer.Storage.Internal.SqlServerExecutionStrategy.ExecuteAsync[TState,TResult](TState state, Func`4 operation, Func`4 verifySucceeded, CancellationToken cancellationToken)
   at Microsoft.EntityFrameworkCore.Query.Internal.SingleQueryingEnumerable`1.AsyncEnumerator.MoveNextAsync()
   at Microsoft.EntityFrameworkCore.Query.ShapedQueryCompilingExpressionVisitor.SingleOrDefaultAsync[TSource](IAsyncEnumerable`1 asyncEnumerable, CancellationToken cancellationToken)
   at Microsoft.EntityFrameworkCore.Query.ShapedQueryCompilingExpressionVisitor.SingleOrDefaultAsync[TSource](IAsyncEnumerable`1 asyncEnumerable, CancellationToken cancellationToken)
   at Application.Ecom.ProductOperations.Queries.GetProductById.GetProductByIdQueryHandler.Handle(GetProductByIdQuery request, CancellationToken cancellationToken) in C:\Users\arjun.hariprasad\source\.NET\Ecommerce\EcommerceSolution\CodeBase\Src\Core\Application.Ecom\ProductOperations\Queries\GetProductById\GetProductByIdQueryHandler.cs:line 24
   at Web.Ecommerce.Controllers.Seller.ProductController.GetProductById(Guid id) in C:\Users\arjun.hariprasad\source\.NET\Ecommerce\EcommerceSolution\CodeBase\Src\Presentation\Web.Ecommerce\Controllers\Seller\ProductController.cs:line 116
   at Microsoft.AspNetCore.Mvc.Infrastructure.ActionMethodExecutor.TaskOfIActionResultExecutor.Execute(ActionContext actionContext, IActionResultTypeMapper mapper, ObjectMethodExecutor executor, Object controller, Object[] arguments)
   at Microsoft.AspNetCore.Mvc.Infrastructure.ControllerActionInvoker.<InvokeActionMethodAsync>g__Logged|12_1(ControllerActionInvoker invoker)
   at Microsoft.AspNetCore.Mvc.Infrastructure.ControllerActionInvoker.<InvokeNextActionFilterAsync>g__Awaited|10_0(ControllerActionInvoker invoker, Task lastTask, State next, Scope scope, Object state, Boolean isCompleted)
   at Microsoft.AspNetCore.Mvc.Infrastructure.ControllerActionInvoker.Rethrow(ActionExecutedContextSealed context)
   at Microsoft.AspNetCore.Mvc.Infrastructure.ControllerActionInvoker.Next(State& next, Scope& scope, Object& state, Boolean& isCompleted)
   at Microsoft.AspNetCore.Mvc.Infrastructure.ControllerActionInvoker.InvokeInnerFilterAsync()
--- End of stack trace from previous location ---
   at Microsoft.AspNetCore.Mvc.Infrastructure.ResourceInvoker.<InvokeFilterPipelineAsync>g__Awaited|20_0(ResourceInvoker invoker, Task lastTask, State next, Scope scope, Object state, Boolean isCompleted)
   at Microsoft.AspNetCore.Mvc.Infrastructure.ResourceInvoker.<InvokeAsync>g__Logged|17_1(ResourceInvoker invoker)
   at Microsoft.AspNetCore.Mvc.Infrastructure.ResourceInvoker.<InvokeAsync>g__Logged|17_1(ResourceInvoker invoker)
   at Microsoft.AspNetCore.Routing.EndpointMiddleware.<Invoke>g__AwaitRequestTask|7_0(Endpoint endpoint, Task requestTask, ILogger logger)
   at Microsoft.AspNetCore.Authorization.AuthorizationMiddleware.Invoke(HttpContext context)
   at Microsoft.AspNetCore.Authentication.AuthenticationMiddleware.Invoke(HttpContext context)
   at Swashbuckle.AspNetCore.SwaggerUI.SwaggerUIMiddleware.Invoke(HttpContext httpContext)
   at Swashbuckle.AspNetCore.Swagger.SwaggerMiddleware.Invoke(HttpContext httpContext, ISwaggerProvider swaggerProvider)
   at Microsoft.AspNetCore.Diagnostics.DeveloperExceptionPageMiddlewareImpl.Invoke(HttpContext context)

2024-08-29 11:29:34.408 +05:30  VRB  Connection id "0HN67TUO0LTIV" sending "HEADERS" frame for stream ID 1 with length 68 and flags "END_HEADERS".
2024-08-29 11:29:34.410 +05:30  VRB  Connection id "0HN67TUO0LTIV" sending "DATA" frame for stream ID 1 with length 5905 and flags "NONE".
2024-08-29 11:29:34.411 +05:30  VRB  Connection id "0HN67TUO0LTIV" sending "DATA" frame for stream ID 1 with length 0 and flags "END_STREAM".
2024-08-29 11:29:34.411 +05:30  DBG  'EcommerceDbContext' disposed.
2024-08-29 11:29:34.415 +05:30  INF  Request finished HTTP/2 GET https://localhost:7113/api/Product/e2049003-75a6-4076-9e33-33e8d23950e6 - 500 null text/plain; charset=utf-8 326.214ms
2024-08-29 11:29:41.180 +05:30  DBG  Connection id "0HN67TUO0LTIV" received FIN.
2024-08-29 11:29:41.182 +05:30  DBG  Connection id "0HN67TUO0LTIV" is closed. The last processed stream ID was 1.
2024-08-29 11:29:41.183 +05:30  DBG  The connection queue processing loop for 0HN67TUO0LTIV completed.
2024-08-29 11:29:41.184 +05:30  DBG  Connection id "0HN67TUO0LTIV" sending FIN because: "The Socket transport's send loop completed gracefully."
2024-08-29 11:29:41.201 +05:30  DBG  Connection id "0HN67TUO0LTIV" stopped.
2024-08-29 11:35:13.066 +05:30  DBG  Connection id "0HN67TUO0LTJ0" accepted.
2024-08-29 11:35:13.068 +05:30  DBG  Connection id "0HN67TUO0LTJ0" started.
2024-08-29 11:35:13.070 +05:30  DBG  Connection 0HN67TUO0LTJ0 established using the following protocol: "Tls12"
2024-08-29 11:35:13.071 +05:30  VRB  Connection id "0HN67TUO0LTJ0" sending "SETTINGS" frame for stream ID 0 with length 24 and flags "NONE".
2024-08-29 11:35:13.073 +05:30  VRB  Connection id "0HN67TUO0LTJ0" sending "WINDOW_UPDATE" frame for stream ID 0 with length 4 and flags 0x0.
2024-08-29 11:35:13.075 +05:30  VRB  Connection id "0HN67TUO0LTJ0" received "SETTINGS" frame for stream ID 0 with length 24 and flags "NONE".
2024-08-29 11:35:13.076 +05:30  VRB  Connection id "0HN67TUO0LTJ0" sending "SETTINGS" frame for stream ID 0 with length 0 and flags "ACK".
2024-08-29 11:35:13.078 +05:30  VRB  Connection id "0HN67TUO0LTJ0" received "WINDOW_UPDATE" frame for stream ID 0 with length 4 and flags 0x0.
2024-08-29 11:35:13.079 +05:30  VRB  Connection id "0HN67TUO0LTJ0" received "HEADERS" frame for stream ID 1 with length 500 and flags "END_STREAM, END_HEADERS, PRIORITY".
2024-08-29 11:35:13.080 +05:30  VRB  Connection id "0HN67TUO0LTJ0" received "SETTINGS" frame for stream ID 0 with length 0 and flags "ACK".
2024-08-29 11:35:13.080 +05:30  INF  Request starting HTTP/2 GET https://localhost:7113/swagger/index.html - null null
2024-08-29 11:35:13.092 +05:30  VRB  All hosts are allowed.
2024-08-29 11:35:13.092 +05:30  DBG  No candidates found for the request path '/swagger/index.html'
2024-08-29 11:35:13.093 +05:30  DBG  Request did not match any endpoints
2024-08-29 11:35:13.094 +05:30  DBG  Response markup is scheduled to include Browser Link script injection.
2024-08-29 11:35:13.094 +05:30  DBG  Response markup is scheduled to include browser refresh script injection.
2024-08-29 11:35:13.095 +05:30  DBG  Response markup was updated to include Browser Link script injection.
2024-08-29 11:35:13.095 +05:30  VRB  Connection id "0HN67TUO0LTJ0" sending "HEADERS" frame for stream ID 1 with length 66 and flags "END_HEADERS".
2024-08-29 11:35:13.095 +05:30  DBG  Response markup was updated to include browser refresh script injection.
2024-08-29 11:35:13.097 +05:30  VRB  Connection id "0HN67TUO0LTJ0" sending "DATA" frame for stream ID 1 with length 1136 and flags "NONE".
2024-08-29 11:35:13.098 +05:30  INF  Request finished HTTP/2 GET https://localhost:7113/swagger/index.html - 200 null text/html;charset=utf-8 17.2223ms
2024-08-29 11:35:13.099 +05:30  VRB  Connection id "0HN67TUO0LTJ0" sending "DATA" frame for stream ID 1 with length 0 and flags "END_STREAM".
2024-08-29 11:35:13.112 +05:30  VRB  Connection id "0HN67TUO0LTJ0" received "HEADERS" frame for stream ID 3 with length 57 and flags "END_STREAM, END_HEADERS, PRIORITY".
2024-08-29 11:35:13.116 +05:30  VRB  Connection id "0HN67TUO0LTJ0" received "HEADERS" frame for stream ID 5 with length 52 and flags "END_STREAM, END_HEADERS, PRIORITY".
2024-08-29 11:35:13.116 +05:30  INF  Request starting HTTP/2 GET https://localhost:7113/swagger/index.js - null null
2024-08-29 11:35:13.120 +05:30  VRB  Connection id "0HN67TUO0LTJ0" received "HEADERS" frame for stream ID 7 with length 57 and flags "END_STREAM, END_HEADERS, PRIORITY".
2024-08-29 11:35:13.120 +05:30  INF  Request starting HTTP/2 GET https://localhost:7113/_framework/aspnetcore-browser-refresh.js - null null
2024-08-29 11:35:13.122 +05:30  VRB  All hosts are allowed.
2024-08-29 11:35:13.124 +05:30  INF  Request starting HTTP/2 GET https://localhost:7113/_vs/browserLink - null null
2024-08-29 11:35:13.126 +05:30  VRB  Connection id "0HN67TUO0LTJ0" sending "HEADERS" frame for stream ID 5 with length 60 and flags "END_HEADERS".
2024-08-29 11:35:13.127 +05:30  DBG  No candidates found for the request path '/swagger/index.js'
2024-08-29 11:35:13.128 +05:30  VRB  Connection id "0HN67TUO0LTJ0" sending "DATA" frame for stream ID 5 with length 13762 and flags "NONE".
2024-08-29 11:35:13.131 +05:30  DBG  Request did not match any endpoints
2024-08-29 11:35:13.140 +05:30  INF  Request finished HTTP/2 GET https://localhost:7113/_framework/aspnetcore-browser-refresh.js - 200 13762 application/javascript; charset=utf-8 20.6803ms
2024-08-29 11:35:13.141 +05:30  INF  Request finished HTTP/2 GET https://localhost:7113/swagger/index.js - 200 null application/javascript;charset=utf-8 24.6374ms
2024-08-29 11:35:13.142 +05:30  VRB  Connection id "0HN67TUO0LTJ0" sending "DATA" frame for stream ID 5 with length 0 and flags "END_STREAM".
2024-08-29 11:35:13.147 +05:30  VRB  Connection id "0HN67TUO0LTJ0" sending "HEADERS" frame for stream ID 3 with length 41 and flags "END_HEADERS".
2024-08-29 11:35:13.151 +05:30  VRB  Connection id "0HN67TUO0LTJ0" sending "DATA" frame for stream ID 3 with length 3005 and flags "END_STREAM".
2024-08-29 11:35:13.153 +05:30  VRB  Connection id "0HN67TUO0LTJ0" sending "HEADERS" frame for stream ID 7 with length 149 and flags "END_HEADERS".
2024-08-29 11:35:13.154 +05:30  VRB  Connection id "0HN67TUO0LTJ0" sending "DATA" frame for stream ID 7 with length 9986 and flags "NONE".
2024-08-29 11:35:13.158 +05:30  VRB  Connection id "0HN67TUO0LTJ0" sending "DATA" frame for stream ID 7 with length 10240 and flags "NONE".
2024-08-29 11:35:13.161 +05:30  VRB  Connection id "0HN67TUO0LTJ0" sending "DATA" frame for stream ID 7 with length 10240 and flags "NONE".
2024-08-29 11:35:13.164 +05:30  VRB  Connection id "0HN67TUO0LTJ0" sending "DATA" frame for stream ID 7 with length 10240 and flags "NONE".
2024-08-29 11:35:13.167 +05:30  VRB  Connection id "0HN67TUO0LTJ0" sending "DATA" frame for stream ID 7 with length 10240 and flags "NONE".
2024-08-29 11:35:13.171 +05:30  VRB  Connection id "0HN67TUO0LTJ0" sending "DATA" frame for stream ID 7 with length 10240 and flags "NONE".
2024-08-29 11:35:13.179 +05:30  VRB  Connection id "0HN67TUO0LTJ0" sending "DATA" frame for stream ID 7 with length 10240 and flags "NONE".
2024-08-29 11:35:13.182 +05:30  VRB  Connection id "0HN67TUO0LTJ0" sending "DATA" frame for stream ID 7 with length 10240 and flags "NONE".
2024-08-29 11:35:13.185 +05:30  VRB  Connection id "0HN67TUO0LTJ0" sending "DATA" frame for stream ID 7 with length 10240 and flags "NONE".
2024-08-29 11:35:13.188 +05:30  VRB  Connection id "0HN67TUO0LTJ0" sending "DATA" frame for stream ID 7 with length 10240 and flags "NONE".
2024-08-29 11:35:13.193 +05:30  VRB  Connection id "0HN67TUO0LTJ0" sending "DATA" frame for stream ID 7 with length 10240 and flags "NONE".
2024-08-29 11:35:13.196 +05:30  VRB  Connection id "0HN67TUO0LTJ0" sending "DATA" frame for stream ID 7 with length 10240 and flags "NONE".
2024-08-29 11:35:13.200 +05:30  VRB  Connection id "0HN67TUO0LTJ0" sending "DATA" frame for stream ID 7 with length 10240 and flags "NONE".
2024-08-29 11:35:13.202 +05:30  VRB  Connection id "0HN67TUO0LTJ0" sending "DATA" frame for stream ID 7 with length 10240 and flags "NONE".
2024-08-29 11:35:13.207 +05:30  VRB  Connection id "0HN67TUO0LTJ0" sending "DATA" frame for stream ID 7 with length 10240 and flags "NONE".
2024-08-29 11:35:13.210 +05:30  VRB  Connection id "0HN67TUO0LTJ0" sending "DATA" frame for stream ID 7 with length 160 and flags "NONE".
2024-08-29 11:35:13.210 +05:30  INF  Request finished HTTP/2 GET https://localhost:7113/_vs/browserLink - 200 null text/javascript; charset=UTF-8 85.6718ms
2024-08-29 11:35:13.211 +05:30  VRB  Connection id "0HN67TUO0LTJ0" sending "DATA" frame for stream ID 7 with length 0 and flags "END_STREAM".
2024-08-29 11:35:13.247 +05:30  VRB  Connection id "0HN67TUO0LTJ0" received "HEADERS" frame for stream ID 9 with length 74 and flags "END_STREAM, END_HEADERS, PRIORITY".
2024-08-29 11:35:13.249 +05:30  INF  Request starting HTTP/2 GET https://localhost:7113/swagger/v1/swagger.json - null null
2024-08-29 11:35:13.251 +05:30  VRB  All hosts are allowed.
2024-08-29 11:35:13.252 +05:30  DBG  No candidates found for the request path '/swagger/v1/swagger.json'
2024-08-29 11:35:13.253 +05:30  DBG  Request did not match any endpoints
2024-08-29 11:35:13.268 +05:30  VRB  Connection id "0HN67TUO0LTJ0" sending "HEADERS" frame for stream ID 9 with length 35 and flags "END_HEADERS".
2024-08-29 11:35:13.269 +05:30  VRB  Connection id "0HN67TUO0LTJ0" sending "DATA" frame for stream ID 9 with length 16384 and flags "NONE".
2024-08-29 11:35:13.271 +05:30  VRB  Connection id "0HN67TUO0LTJ0" sending "DATA" frame for stream ID 9 with length 6467 and flags "NONE".
2024-08-29 11:35:13.275 +05:30  INF  Request finished HTTP/2 GET https://localhost:7113/swagger/v1/swagger.json - 200 null application/json;charset=utf-8 26.1447ms
2024-08-29 11:35:13.276 +05:30  VRB  Connection id "0HN67TUO0LTJ0" sending "DATA" frame for stream ID 9 with length 0 and flags "END_STREAM".
2024-08-29 11:35:21.653 +05:30  DBG  Connection id "0HN67TUO0LTJ0" received FIN.
2024-08-29 11:35:21.657 +05:30  DBG  Connection id "0HN67TUO0LTJ0" is closed. The last processed stream ID was 9.
2024-08-29 11:35:21.659 +05:30  DBG  The connection queue processing loop for 0HN67TUO0LTJ0 completed.
2024-08-29 11:35:21.661 +05:30  DBG  Connection id "0HN67TUO0LTJ0" sending FIN because: "The Socket transport's send loop completed gracefully."
2024-08-29 11:35:21.667 +05:30  DBG  Connection id "0HN67TUO0LTJ0" stopped.
2024-08-29 11:35:37.128 +05:30  DBG  Connection id "0HN67TUO0LTJ1" accepted.
2024-08-29 11:35:37.129 +05:30  DBG  Connection id "0HN67TUO0LTJ1" started.
2024-08-29 11:35:37.131 +05:30  DBG  Connection 0HN67TUO0LTJ1 established using the following protocol: "Tls12"
2024-08-29 11:35:37.133 +05:30  VRB  Connection id "0HN67TUO0LTJ1" sending "SETTINGS" frame for stream ID 0 with length 24 and flags "NONE".
2024-08-29 11:35:37.134 +05:30  VRB  Connection id "0HN67TUO0LTJ1" sending "WINDOW_UPDATE" frame for stream ID 0 with length 4 and flags 0x0.
2024-08-29 11:35:37.136 +05:30  VRB  Connection id "0HN67TUO0LTJ1" received "SETTINGS" frame for stream ID 0 with length 24 and flags "NONE".
2024-08-29 11:35:37.137 +05:30  VRB  Connection id "0HN67TUO0LTJ1" sending "SETTINGS" frame for stream ID 0 with length 0 and flags "ACK".
2024-08-29 11:35:37.138 +05:30  VRB  Connection id "0HN67TUO0LTJ1" received "WINDOW_UPDATE" frame for stream ID 0 with length 4 and flags 0x0.
2024-08-29 11:35:37.141 +05:30  VRB  Connection id "0HN67TUO0LTJ1" received "HEADERS" frame for stream ID 1 with length 388 and flags "END_STREAM, END_HEADERS, PRIORITY".
2024-08-29 11:35:37.143 +05:30  VRB  Connection id "0HN67TUO0LTJ1" received "SETTINGS" frame for stream ID 0 with length 0 and flags "ACK".
2024-08-29 11:35:37.143 +05:30  INF  Request starting HTTP/2 GET https://localhost:7113/api/Product/E2049003-75A6-4076-9E33-33E8D23950E6 - null null
2024-08-29 11:35:37.147 +05:30  VRB  All hosts are allowed.
2024-08-29 11:35:37.147 +05:30  DBG  1 candidate(s) found for the request path '/api/Product/E2049003-75A6-4076-9E33-33E8D23950E6'
2024-08-29 11:35:37.149 +05:30  DBG  Endpoint 'Web.Ecommerce.Controllers.Seller.ProductController.GetProductById (Web.Ecommerce)' with route pattern 'api/Product/{id}' is valid for the request path '/api/Product/E2049003-75A6-4076-9E33-33E8D23950E6'
2024-08-29 11:35:37.150 +05:30  DBG  Request matched endpoint 'Web.Ecommerce.Controllers.Seller.ProductController.GetProductById (Web.Ecommerce)'
2024-08-29 11:35:37.151 +05:30  VRB  The endpoint does not specify the IRequestSizeLimitMetadata.
2024-08-29 11:35:37.151 +05:30  DBG  Static files was skipped as the request already matched an endpoint.
2024-08-29 11:35:37.152 +05:30  DBG  AuthenticationScheme: Bearer was not authenticated.
2024-08-29 11:35:37.153 +05:30  DBG  AuthenticationScheme: Bearer was not authenticated.
2024-08-29 11:35:37.154 +05:30  INF  Executing endpoint 'Web.Ecommerce.Controllers.Seller.ProductController.GetProductById (Web.Ecommerce)'
2024-08-29 11:35:37.159 +05:30  INF  Route matched with {action = "GetProductById", controller = "Product"}. Executing controller action with signature System.Threading.Tasks.Task`1[Microsoft.AspNetCore.Mvc.IActionResult] GetProductById(System.Guid) on controller Web.Ecommerce.Controllers.Seller.ProductController (Web.Ecommerce).
2024-08-29 11:35:37.161 +05:30  DBG  Execution plan of authorization filters (in the following order): ["None"]
2024-08-29 11:35:37.162 +05:30  DBG  Execution plan of resource filters (in the following order): ["None"]
2024-08-29 11:35:37.163 +05:30  DBG  Execution plan of action filters (in the following order): ["Microsoft.AspNetCore.Mvc.ModelBinding.UnsupportedContentTypeFilter (Order: -3000)","Microsoft.AspNetCore.Mvc.Infrastructure.ModelStateInvalidFilter (Order: -2000)"]
2024-08-29 11:35:37.164 +05:30  DBG  Execution plan of exception filters (in the following order): ["None"]
2024-08-29 11:35:37.165 +05:30  DBG  Execution plan of result filters (in the following order): ["Microsoft.AspNetCore.Mvc.Infrastructure.ClientErrorResultFilter (Order: -2000)"]
2024-08-29 11:35:37.166 +05:30  DBG  Executing controller factory for controller Web.Ecommerce.Controllers.Seller.ProductController (Web.Ecommerce)
2024-08-29 11:35:37.168 +05:30  DBG  Executed controller factory for controller Web.Ecommerce.Controllers.Seller.ProductController (Web.Ecommerce)
2024-08-29 11:35:37.169 +05:30  DBG  Attempting to bind parameter 'id' of type 'System.Guid' ...
2024-08-29 11:35:37.170 +05:30  DBG  Attempting to bind parameter 'id' of type 'System.Guid' using the name 'id' in request data ...
2024-08-29 11:35:37.171 +05:30  DBG  Done attempting to bind parameter 'id' of type 'System.Guid'.
2024-08-29 11:35:37.171 +05:30  DBG  Done attempting to bind parameter 'id' of type 'System.Guid'.
2024-08-29 11:35:37.173 +05:30  DBG  Attempting to validate the bound parameter 'id' of type 'System.Guid' ...
2024-08-29 11:35:37.175 +05:30  DBG  Done attempting to validate the bound parameter 'id' of type 'System.Guid'.
2024-08-29 11:35:37.176 +05:30  VRB  Action Filter: Before executing OnActionExecuting on filter Microsoft.AspNetCore.Mvc.ModelBinding.UnsupportedContentTypeFilter.
2024-08-29 11:35:37.178 +05:30  VRB  Action Filter: After executing OnActionExecuting on filter Microsoft.AspNetCore.Mvc.ModelBinding.UnsupportedContentTypeFilter.
2024-08-29 11:35:37.179 +05:30  VRB  Action Filter: Before executing OnActionExecuting on filter Microsoft.AspNetCore.Mvc.Infrastructure.ModelStateInvalidFilter.
2024-08-29 11:35:37.180 +05:30  VRB  Action Filter: After executing OnActionExecuting on filter Microsoft.AspNetCore.Mvc.Infrastructure.ModelStateInvalidFilter.
2024-08-29 11:35:37.182 +05:30  INF  Executing action method Web.Ecommerce.Controllers.Seller.ProductController.GetProductById (Web.Ecommerce) - Validation state: "Valid"
2024-08-29 11:35:37.183 +05:30  VRB  Executing action method Web.Ecommerce.Controllers.Seller.ProductController.GetProductById (Web.Ecommerce) with arguments (["e2049003-75a6-4076-9e33-33e8d23950e6"])
2024-08-29 11:35:37.187 +05:30  DBG  Entity Framework Core 8.0.7 initialized 'EcommerceDbContext' using provider 'Microsoft.EntityFrameworkCore.SqlServer:8.0.7' with options: None
2024-08-29 11:35:37.191 +05:30  DBG  Compiling query expression: 
'DbSet<Product>().FromSql(EXEC GetProductById @ProductId = @ProductId, __p_0)
'
2024-08-29 11:35:37.197 +05:30  DBG  Generated query execution expression: 
'queryContext => new FromSqlQueryingEnumerable<Product>(
    (RelationalQueryContext)queryContext, 
    RelationalCommandCache.QueryExpression(
        Projection Mapping:
            EmptyProjectionMember -> Dictionary<IProperty, int> { [Property: Product.ProductId (Guid) Required PK AfterSave:Throw ValueGenerated.OnAdd, 0], [Property: Product.Category (string) Required MaxLength(20), 1], [Property: Product.CreatedAt (DateTime) Required, 2], [Property: Product.Description (string) Required MaxLength(500), 3], [Property: Product.IsDeleted (bool) Required, 4], [Property: Product.Name (string) Required MaxLength(100), 5], [Property: Product.Price (decimal) Required, 6], [Property: Product.Quantity (int) Required, 7], [Property: Product.SellerId (Guid) Required FK Index, 8], [Property: Product.UpdatedAt (DateTime) Required, 9], [Property: Product.UserId (no field, Guid?) Shadow FK Index, 10] }
        SELECT d.ProductId, d.Category, d.CreatedAt, d.Description, d.IsDeleted, d.Name, d.Price, d.Quantity, d.SellerId, d.UpdatedAt, d.UserId
        FROM EXEC GetProductById @ProductId = @ProductId), 
    null, 
    List<string> { "ProductId", "Category", "CreatedAt", "Description", "IsDeleted", "Name", "Price", "Quantity", "SellerId", "UpdatedAt", "UserId" }, 
    Func<QueryContext, DbDataReader, int[], Product>, 
    Persistance.EcommerceDbContext, 
    False, 
    False, 
    True
)'
2024-08-29 11:35:37.204 +05:30  DBG  Creating DbConnection.
2024-08-29 11:35:37.206 +05:30  DBG  Created DbConnection. (1ms).
2024-08-29 11:35:37.207 +05:30  DBG  Opening connection to database 'Ecommerce' on server 'FGS-DSK-230\MSSQLSERVER2019'.
2024-08-29 11:35:37.211 +05:30  DBG  Opened connection to database 'Ecommerce' on server 'FGS-DSK-230\MSSQLSERVER2019'.
2024-08-29 11:35:37.212 +05:30  DBG  Creating DbCommand for 'ExecuteReader'.
2024-08-29 11:35:37.212 +05:30  DBG  Created DbCommand for 'ExecuteReader' (0ms).
2024-08-29 11:35:37.213 +05:30  DBG  Initialized DbCommand for 'ExecuteReader' (1ms).
2024-08-29 11:35:37.214 +05:30  DBG  Executing DbCommand [Parameters=[], CommandType='"Text"', CommandTimeout='30']
EXEC GetProductById @ProductId = @ProductId
2024-08-29 11:35:37.223 +05:30  ERR  Failed executing DbCommand (8ms) [Parameters=[], CommandType='"Text"', CommandTimeout='30']
EXEC GetProductById @ProductId = @ProductId
2024-08-29 11:35:37.226 +05:30  DBG  Closing connection to database 'Ecommerce' on server 'FGS-DSK-230\MSSQLSERVER2019'.
2024-08-29 11:35:37.227 +05:30  DBG  Closed connection to database 'Ecommerce' on server 'FGS-DSK-230\MSSQLSERVER2019' (1ms).
2024-08-29 11:35:37.231 +05:30  ERR  An exception occurred while iterating over the results of a query for context type 'Persistance.EcommerceDbContext'.
Microsoft.Data.SqlClient.SqlException (0x80131904): Must declare the scalar variable "@ProductId".
   at Microsoft.Data.SqlClient.SqlConnection.OnError(SqlException exception, Boolean breakConnection, Action`1 wrapCloseInAction)
   at Microsoft.Data.SqlClient.SqlInternalConnection.OnError(SqlException exception, Boolean breakConnection, Action`1 wrapCloseInAction)
   at Microsoft.Data.SqlClient.TdsParser.ThrowExceptionAndWarning(TdsParserStateObject stateObj, Boolean callerHasConnectionLock, Boolean asyncClose)
   at Microsoft.Data.SqlClient.TdsParser.TryRun(RunBehavior runBehavior, SqlCommand cmdHandler, SqlDataReader dataStream, BulkCopySimpleResultSet bulkCopyHandler, TdsParserStateObject stateObj, Boolean& dataReady)
   at Microsoft.Data.SqlClient.SqlDataReader.TryConsumeMetaData()
   at Microsoft.Data.SqlClient.SqlDataReader.get_MetaData()
   at Microsoft.Data.SqlClient.SqlCommand.FinishExecuteReader(SqlDataReader ds, RunBehavior runBehavior, String resetOptionsString, Boolean isInternal, Boolean forDescribeParameterEncryption, Boolean shouldCacheForAlwaysEncrypted)
   at Microsoft.Data.SqlClient.SqlCommand.RunExecuteReaderTds(CommandBehavior cmdBehavior, RunBehavior runBehavior, Boolean returnStream, Boolean isAsync, Int32 timeout, Task& task, Boolean asyncWrite, Boolean inRetry, SqlDataReader ds, Boolean describeParameterEncryptionRequest)
   at Microsoft.Data.SqlClient.SqlCommand.RunExecuteReader(CommandBehavior cmdBehavior, RunBehavior runBehavior, Boolean returnStream, TaskCompletionSource`1 completion, Int32 timeout, Task& task, Boolean& usedCache, Boolean asyncWrite, Boolean inRetry, String method)
   at Microsoft.Data.SqlClient.SqlCommand.RunExecuteReader(CommandBehavior cmdBehavior, RunBehavior runBehavior, Boolean returnStream, String method)
   at Microsoft.Data.SqlClient.SqlCommand.ExecuteReader(CommandBehavior behavior)
   at Microsoft.Data.SqlClient.SqlCommand.ExecuteDbDataReader(CommandBehavior behavior)
   at Microsoft.EntityFrameworkCore.Storage.RelationalCommand.ExecuteReader(RelationalCommandParameterObject parameterObject)
   at Microsoft.EntityFrameworkCore.Query.Internal.FromSqlQueryingEnumerable`1.Enumerator.InitializeReader(Enumerator enumerator)
   at Microsoft.EntityFrameworkCore.Query.Internal.FromSqlQueryingEnumerable`1.Enumerator.<>c.<MoveNext>b__21_0(DbContext _, Enumerator enumerator)
   at Microsoft.EntityFrameworkCore.SqlServer.Storage.Internal.SqlServerExecutionStrategy.Execute[TState,TResult](TState state, Func`3 operation, Func`3 verifySucceeded)
   at Microsoft.EntityFrameworkCore.Query.Internal.FromSqlQueryingEnumerable`1.Enumerator.MoveNext()
ClientConnectionId:70bda511-f44d-4791-9b31-c075969b6e8f
Error Number:137,State:2,Class:15Microsoft.Data.SqlClient.SqlException (0x80131904): Must declare the scalar variable "@ProductId".
   at Microsoft.Data.SqlClient.SqlConnection.OnError(SqlException exception, Boolean breakConnection, Action`1 wrapCloseInAction)
   at Microsoft.Data.SqlClient.SqlInternalConnection.OnError(SqlException exception, Boolean breakConnection, Action`1 wrapCloseInAction)
   at Microsoft.Data.SqlClient.TdsParser.ThrowExceptionAndWarning(TdsParserStateObject stateObj, Boolean callerHasConnectionLock, Boolean asyncClose)
   at Microsoft.Data.SqlClient.TdsParser.TryRun(RunBehavior runBehavior, SqlCommand cmdHandler, SqlDataReader dataStream, BulkCopySimpleResultSet bulkCopyHandler, TdsParserStateObject stateObj, Boolean& dataReady)
   at Microsoft.Data.SqlClient.SqlDataReader.TryConsumeMetaData()
   at Microsoft.Data.SqlClient.SqlDataReader.get_MetaData()
   at Microsoft.Data.SqlClient.SqlCommand.FinishExecuteReader(SqlDataReader ds, RunBehavior runBehavior, String resetOptionsString, Boolean isInternal, Boolean forDescribeParameterEncryption, Boolean shouldCacheForAlwaysEncrypted)
   at Microsoft.Data.SqlClient.SqlCommand.RunExecuteReaderTds(CommandBehavior cmdBehavior, RunBehavior runBehavior, Boolean returnStream, Boolean isAsync, Int32 timeout, Task& task, Boolean asyncWrite, Boolean inRetry, SqlDataReader ds, Boolean describeParameterEncryptionRequest)
   at Microsoft.Data.SqlClient.SqlCommand.RunExecuteReader(CommandBehavior cmdBehavior, RunBehavior runBehavior, Boolean returnStream, TaskCompletionSource`1 completion, Int32 timeout, Task& task, Boolean& usedCache, Boolean asyncWrite, Boolean inRetry, String method)
   at Microsoft.Data.SqlClient.SqlCommand.RunExecuteReader(CommandBehavior cmdBehavior, RunBehavior runBehavior, Boolean returnStream, String method)
   at Microsoft.Data.SqlClient.SqlCommand.ExecuteReader(CommandBehavior behavior)
   at Microsoft.Data.SqlClient.SqlCommand.ExecuteDbDataReader(CommandBehavior behavior)
   at Microsoft.EntityFrameworkCore.Storage.RelationalCommand.ExecuteReader(RelationalCommandParameterObject parameterObject)
   at Microsoft.EntityFrameworkCore.Query.Internal.FromSqlQueryingEnumerable`1.Enumerator.InitializeReader(Enumerator enumerator)
   at Microsoft.EntityFrameworkCore.Query.Internal.FromSqlQueryingEnumerable`1.Enumerator.<>c.<MoveNext>b__21_0(DbContext _, Enumerator enumerator)
   at Microsoft.EntityFrameworkCore.SqlServer.Storage.Internal.SqlServerExecutionStrategy.Execute[TState,TResult](TState state, Func`3 operation, Func`3 verifySucceeded)
   at Microsoft.EntityFrameworkCore.Query.Internal.FromSqlQueryingEnumerable`1.Enumerator.MoveNext()
ClientConnectionId:70bda511-f44d-4791-9b31-c075969b6e8f
Error Number:137,State:2,Class:15

2024-08-29 11:35:37.330 +05:30  VRB  Action Filter: Before executing OnActionExecuted on filter Microsoft.AspNetCore.Mvc.Infrastructure.ModelStateInvalidFilter.
2024-08-29 11:35:37.331 +05:30  VRB  Action Filter: After executing OnActionExecuted on filter Microsoft.AspNetCore.Mvc.Infrastructure.ModelStateInvalidFilter.
2024-08-29 11:35:37.332 +05:30  VRB  Action Filter: Before executing OnActionExecuted on filter Microsoft.AspNetCore.Mvc.ModelBinding.UnsupportedContentTypeFilter.
2024-08-29 11:35:37.333 +05:30  VRB  Action Filter: After executing OnActionExecuted on filter Microsoft.AspNetCore.Mvc.ModelBinding.UnsupportedContentTypeFilter.
2024-08-29 11:35:37.335 +05:30  INF  Executed action Web.Ecommerce.Controllers.Seller.ProductController.GetProductById (Web.Ecommerce) in 168.4929ms
2024-08-29 11:35:37.336 +05:30  INF  Executed endpoint 'Web.Ecommerce.Controllers.Seller.ProductController.GetProductById (Web.Ecommerce)'
2024-08-29 11:35:37.338 +05:30  ERR  An unhandled exception has occurred while executing the request.Microsoft.Data.SqlClient.SqlException (0x80131904): Must declare the scalar variable "@ProductId".
   at Microsoft.Data.SqlClient.SqlConnection.OnError(SqlException exception, Boolean breakConnection, Action`1 wrapCloseInAction)
   at Microsoft.Data.SqlClient.SqlInternalConnection.OnError(SqlException exception, Boolean breakConnection, Action`1 wrapCloseInAction)
   at Microsoft.Data.SqlClient.TdsParser.ThrowExceptionAndWarning(TdsParserStateObject stateObj, Boolean callerHasConnectionLock, Boolean asyncClose)
   at Microsoft.Data.SqlClient.TdsParser.TryRun(RunBehavior runBehavior, SqlCommand cmdHandler, SqlDataReader dataStream, BulkCopySimpleResultSet bulkCopyHandler, TdsParserStateObject stateObj, Boolean& dataReady)
   at Microsoft.Data.SqlClient.SqlDataReader.TryConsumeMetaData()
   at Microsoft.Data.SqlClient.SqlDataReader.get_MetaData()
   at Microsoft.Data.SqlClient.SqlCommand.FinishExecuteReader(SqlDataReader ds, RunBehavior runBehavior, String resetOptionsString, Boolean isInternal, Boolean forDescribeParameterEncryption, Boolean shouldCacheForAlwaysEncrypted)
   at Microsoft.Data.SqlClient.SqlCommand.RunExecuteReaderTds(CommandBehavior cmdBehavior, RunBehavior runBehavior, Boolean returnStream, Boolean isAsync, Int32 timeout, Task& task, Boolean asyncWrite, Boolean inRetry, SqlDataReader ds, Boolean describeParameterEncryptionRequest)
   at Microsoft.Data.SqlClient.SqlCommand.RunExecuteReader(CommandBehavior cmdBehavior, RunBehavior runBehavior, Boolean returnStream, TaskCompletionSource`1 completion, Int32 timeout, Task& task, Boolean& usedCache, Boolean asyncWrite, Boolean inRetry, String method)
   at Microsoft.Data.SqlClient.SqlCommand.RunExecuteReader(CommandBehavior cmdBehavior, RunBehavior runBehavior, Boolean returnStream, String method)
   at Microsoft.Data.SqlClient.SqlCommand.ExecuteReader(CommandBehavior behavior)
   at Microsoft.Data.SqlClient.SqlCommand.ExecuteDbDataReader(CommandBehavior behavior)
   at Microsoft.EntityFrameworkCore.Storage.RelationalCommand.ExecuteReader(RelationalCommandParameterObject parameterObject)
   at Microsoft.EntityFrameworkCore.Query.Internal.FromSqlQueryingEnumerable`1.Enumerator.InitializeReader(Enumerator enumerator)
   at Microsoft.EntityFrameworkCore.Query.Internal.FromSqlQueryingEnumerable`1.Enumerator.<>c.<MoveNext>b__21_0(DbContext _, Enumerator enumerator)
   at Microsoft.EntityFrameworkCore.SqlServer.Storage.Internal.SqlServerExecutionStrategy.Execute[TState,TResult](TState state, Func`3 operation, Func`3 verifySucceeded)
   at Microsoft.EntityFrameworkCore.Query.Internal.FromSqlQueryingEnumerable`1.Enumerator.MoveNext()
   at System.Linq.Enumerable.SelectEnumerableIterator`2.MoveNext()
   at System.Linq.Enumerable.TryGetFirst[TSource](IEnumerable`1 source, Boolean& found)
   at System.Linq.Enumerable.FirstOrDefault[TSource](IEnumerable`1 source)
   at Application.Ecom.ProductOperations.Queries.GetProductById.GetProductByIdQueryHandler.Handle(GetProductByIdQuery request, CancellationToken cancellationToken)
   at Web.Ecommerce.Controllers.Seller.ProductController.GetProductById(Guid id) in C:\Users\arjun.hariprasad\source\.NET\Ecommerce\EcommerceSolution\CodeBase\Src\Presentation\Web.Ecommerce\Controllers\Seller\ProductController.cs:line 116
   at Microsoft.AspNetCore.Mvc.Infrastructure.ActionMethodExecutor.TaskOfIActionResultExecutor.Execute(ActionContext actionContext, IActionResultTypeMapper mapper, ObjectMethodExecutor executor, Object controller, Object[] arguments)
   at Microsoft.AspNetCore.Mvc.Infrastructure.ControllerActionInvoker.<InvokeActionMethodAsync>g__Logged|12_1(ControllerActionInvoker invoker)
   at Microsoft.AspNetCore.Mvc.Infrastructure.ControllerActionInvoker.<InvokeNextActionFilterAsync>g__Awaited|10_0(ControllerActionInvoker invoker, Task lastTask, State next, Scope scope, Object state, Boolean isCompleted)
   at Microsoft.AspNetCore.Mvc.Infrastructure.ControllerActionInvoker.Rethrow(ActionExecutedContextSealed context)
   at Microsoft.AspNetCore.Mvc.Infrastructure.ControllerActionInvoker.Next(State& next, Scope& scope, Object& state, Boolean& isCompleted)
   at Microsoft.AspNetCore.Mvc.Infrastructure.ControllerActionInvoker.InvokeInnerFilterAsync()
--- End of stack trace from previous location ---
   at Microsoft.AspNetCore.Mvc.Infrastructure.ResourceInvoker.<InvokeFilterPipelineAsync>g__Awaited|20_0(ResourceInvoker invoker, Task lastTask, State next, Scope scope, Object state, Boolean isCompleted)
   at Microsoft.AspNetCore.Mvc.Infrastructure.ResourceInvoker.<InvokeAsync>g__Logged|17_1(ResourceInvoker invoker)
   at Microsoft.AspNetCore.Mvc.Infrastructure.ResourceInvoker.<InvokeAsync>g__Logged|17_1(ResourceInvoker invoker)
   at Microsoft.AspNetCore.Routing.EndpointMiddleware.<Invoke>g__AwaitRequestTask|7_0(Endpoint endpoint, Task requestTask, ILogger logger)
   at Microsoft.AspNetCore.Authorization.AuthorizationMiddleware.Invoke(HttpContext context)
   at Microsoft.AspNetCore.Authentication.AuthenticationMiddleware.Invoke(HttpContext context)
   at Swashbuckle.AspNetCore.SwaggerUI.SwaggerUIMiddleware.Invoke(HttpContext httpContext)
   at Swashbuckle.AspNetCore.Swagger.SwaggerMiddleware.Invoke(HttpContext httpContext, ISwaggerProvider swaggerProvider)
   at Microsoft.AspNetCore.Diagnostics.DeveloperExceptionPageMiddlewareImpl.Invoke(HttpContext context)
ClientConnectionId:70bda511-f44d-4791-9b31-c075969b6e8f
Error Number:137,State:2,Class:15

2024-08-29 11:35:37.353 +05:30  VRB  Connection id "0HN67TUO0LTJ1" sending "HEADERS" frame for stream ID 1 with length 68 and flags "END_HEADERS".
2024-08-29 11:35:37.355 +05:30  VRB  Connection id "0HN67TUO0LTJ1" sending "DATA" frame for stream ID 1 with length 6004 and flags "NONE".
2024-08-29 11:35:37.358 +05:30  DBG  'EcommerceDbContext' disposed.
2024-08-29 11:35:37.358 +05:30  VRB  Connection id "0HN67TUO0LTJ1" sending "DATA" frame for stream ID 1 with length 0 and flags "END_STREAM".
2024-08-29 11:35:37.362 +05:30  DBG  Disposing connection to database 'Ecommerce' on server 'FGS-DSK-230\MSSQLSERVER2019'.
2024-08-29 11:35:37.363 +05:30  DBG  Disposed connection to database '' on server '' (1ms).
2024-08-29 11:35:37.364 +05:30  INF  Request finished HTTP/2 GET https://localhost:7113/api/Product/E2049003-75A6-4076-9E33-33E8D23950E6 - 500 null text/plain; charset=utf-8 221.2176ms
2024-08-29 11:35:41.673 +05:30  DBG  Connection id "0HN67TUO0LTJ1" received FIN.
2024-08-29 11:35:41.675 +05:30  DBG  Connection id "0HN67TUO0LTJ1" is closed. The last processed stream ID was 1.
2024-08-29 11:35:41.675 +05:30  DBG  The connection queue processing loop for 0HN67TUO0LTJ1 completed.
2024-08-29 11:35:41.677 +05:30  DBG  Connection id "0HN67TUO0LTJ1" sending FIN because: "The Socket transport's send loop completed gracefully."
2024-08-29 11:35:41.679 +05:30  DBG  Connection id "0HN67TUO0LTJ1" stopped.
2024-08-29 11:50:05.186 +05:30  DBG  Connection id "0HN67TUO0LTJ2" accepted.
2024-08-29 11:50:05.190 +05:30  DBG  Connection id "0HN67TUO0LTJ2" started.
2024-08-29 11:50:05.193 +05:30  DBG  Connection 0HN67TUO0LTJ2 established using the following protocol: "Tls12"
2024-08-29 11:50:05.197 +05:30  VRB  Connection id "0HN67TUO0LTJ2" sending "SETTINGS" frame for stream ID 0 with length 24 and flags "NONE".
2024-08-29 11:50:05.200 +05:30  VRB  Connection id "0HN67TUO0LTJ2" sending "WINDOW_UPDATE" frame for stream ID 0 with length 4 and flags 0x0.
2024-08-29 11:50:05.202 +05:30  VRB  Connection id "0HN67TUO0LTJ2" received "SETTINGS" frame for stream ID 0 with length 24 and flags "NONE".
2024-08-29 11:50:05.204 +05:30  VRB  Connection id "0HN67TUO0LTJ2" sending "SETTINGS" frame for stream ID 0 with length 0 and flags "ACK".
2024-08-29 11:50:05.206 +05:30  VRB  Connection id "0HN67TUO0LTJ2" received "WINDOW_UPDATE" frame for stream ID 0 with length 4 and flags 0x0.
2024-08-29 11:50:05.208 +05:30  VRB  Connection id "0HN67TUO0LTJ2" received "HEADERS" frame for stream ID 1 with length 388 and flags "END_STREAM, END_HEADERS, PRIORITY".
2024-08-29 11:50:05.209 +05:30  VRB  Connection id "0HN67TUO0LTJ2" received "SETTINGS" frame for stream ID 0 with length 0 and flags "ACK".
2024-08-29 11:50:05.209 +05:30  INF  Request starting HTTP/2 GET https://localhost:7113/api/Product/E2049003-75A6-4076-9E33-33E8D23950E6 - null null
2024-08-29 11:50:05.212 +05:30  VRB  All hosts are allowed.
2024-08-29 11:50:05.213 +05:30  DBG  1 candidate(s) found for the request path '/api/Product/E2049003-75A6-4076-9E33-33E8D23950E6'
2024-08-29 11:50:05.214 +05:30  DBG  Endpoint 'Web.Ecommerce.Controllers.Seller.ProductController.GetProductById (Web.Ecommerce)' with route pattern 'api/Product/{id}' is valid for the request path '/api/Product/E2049003-75A6-4076-9E33-33E8D23950E6'
2024-08-29 11:50:05.216 +05:30  DBG  Request matched endpoint 'Web.Ecommerce.Controllers.Seller.ProductController.GetProductById (Web.Ecommerce)'
2024-08-29 11:50:05.217 +05:30  VRB  The endpoint does not specify the IRequestSizeLimitMetadata.
2024-08-29 11:50:05.218 +05:30  DBG  Static files was skipped as the request already matched an endpoint.
2024-08-29 11:50:05.219 +05:30  DBG  AuthenticationScheme: Bearer was not authenticated.
2024-08-29 11:50:05.220 +05:30  DBG  AuthenticationScheme: Bearer was not authenticated.
2024-08-29 11:50:05.220 +05:30  INF  Executing endpoint 'Web.Ecommerce.Controllers.Seller.ProductController.GetProductById (Web.Ecommerce)'
2024-08-29 11:50:05.221 +05:30  INF  Route matched with {action = "GetProductById", controller = "Product"}. Executing controller action with signature System.Threading.Tasks.Task`1[Microsoft.AspNetCore.Mvc.IActionResult] GetProductById(System.Guid) on controller Web.Ecommerce.Controllers.Seller.ProductController (Web.Ecommerce).
2024-08-29 11:50:05.223 +05:30  DBG  Execution plan of authorization filters (in the following order): ["None"]
2024-08-29 11:50:05.223 +05:30  DBG  Execution plan of resource filters (in the following order): ["None"]
2024-08-29 11:50:05.224 +05:30  DBG  Execution plan of action filters (in the following order): ["Microsoft.AspNetCore.Mvc.ModelBinding.UnsupportedContentTypeFilter (Order: -3000)","Microsoft.AspNetCore.Mvc.Infrastructure.ModelStateInvalidFilter (Order: -2000)"]
2024-08-29 11:50:05.226 +05:30  DBG  Execution plan of exception filters (in the following order): ["None"]
2024-08-29 11:50:05.227 +05:30  DBG  Execution plan of result filters (in the following order): ["Microsoft.AspNetCore.Mvc.Infrastructure.ClientErrorResultFilter (Order: -2000)"]
2024-08-29 11:50:05.228 +05:30  DBG  Executing controller factory for controller Web.Ecommerce.Controllers.Seller.ProductController (Web.Ecommerce)
2024-08-29 11:50:05.229 +05:30  DBG  Executed controller factory for controller Web.Ecommerce.Controllers.Seller.ProductController (Web.Ecommerce)
2024-08-29 11:50:05.230 +05:30  DBG  Attempting to bind parameter 'id' of type 'System.Guid' ...
2024-08-29 11:50:05.231 +05:30  DBG  Attempting to bind parameter 'id' of type 'System.Guid' using the name 'id' in request data ...
2024-08-29 11:50:05.232 +05:30  DBG  Done attempting to bind parameter 'id' of type 'System.Guid'.
2024-08-29 11:50:05.233 +05:30  DBG  Done attempting to bind parameter 'id' of type 'System.Guid'.
2024-08-29 11:50:05.234 +05:30  DBG  Attempting to validate the bound parameter 'id' of type 'System.Guid' ...
2024-08-29 11:50:05.236 +05:30  DBG  Done attempting to validate the bound parameter 'id' of type 'System.Guid'.
2024-08-29 11:50:05.236 +05:30  VRB  Action Filter: Before executing OnActionExecuting on filter Microsoft.AspNetCore.Mvc.ModelBinding.UnsupportedContentTypeFilter.
2024-08-29 11:50:05.238 +05:30  VRB  Action Filter: After executing OnActionExecuting on filter Microsoft.AspNetCore.Mvc.ModelBinding.UnsupportedContentTypeFilter.
2024-08-29 11:50:05.239 +05:30  VRB  Action Filter: Before executing OnActionExecuting on filter Microsoft.AspNetCore.Mvc.Infrastructure.ModelStateInvalidFilter.
2024-08-29 11:50:05.240 +05:30  VRB  Action Filter: After executing OnActionExecuting on filter Microsoft.AspNetCore.Mvc.Infrastructure.ModelStateInvalidFilter.
2024-08-29 11:50:05.241 +05:30  INF  Executing action method Web.Ecommerce.Controllers.Seller.ProductController.GetProductById (Web.Ecommerce) - Validation state: "Valid"
2024-08-29 11:50:05.242 +05:30  VRB  Executing action method Web.Ecommerce.Controllers.Seller.ProductController.GetProductById (Web.Ecommerce) with arguments (["e2049003-75a6-4076-9e33-33e8d23950e6"])
2024-08-29 11:50:05.244 +05:30  DBG  Entity Framework Core 8.0.7 initialized 'EcommerceDbContext' using provider 'Microsoft.EntityFrameworkCore.SqlServer:8.0.7' with options: None
2024-08-29 11:50:05.246 +05:30  DBG  Creating DbConnection.
2024-08-29 11:50:05.247 +05:30  DBG  Created DbConnection. (0ms).
2024-08-29 11:50:05.247 +05:30  DBG  Opening connection to database 'Ecommerce' on server 'FGS-DSK-230\MSSQLSERVER2019'.
2024-08-29 11:50:05.252 +05:30  DBG  Opened connection to database 'Ecommerce' on server 'FGS-DSK-230\MSSQLSERVER2019'.
2024-08-29 11:50:05.253 +05:30  DBG  Creating DbCommand for 'ExecuteReader'.
2024-08-29 11:50:05.254 +05:30  DBG  Created DbCommand for 'ExecuteReader' (0ms).
2024-08-29 11:50:05.255 +05:30  DBG  Initialized DbCommand for 'ExecuteReader' (2ms).
2024-08-29 11:50:05.256 +05:30  DBG  Executing DbCommand [Parameters=[], CommandType='"Text"', CommandTimeout='30']
EXEC GetProductById @ProductId = @ProductId
2024-08-29 11:50:05.258 +05:30  ERR  Failed executing DbCommand (2ms) [Parameters=[], CommandType='"Text"', CommandTimeout='30']
EXEC GetProductById @ProductId = @ProductId
2024-08-29 11:50:05.259 +05:30  DBG  Closing connection to database 'Ecommerce' on server 'FGS-DSK-230\MSSQLSERVER2019'.
2024-08-29 11:50:05.260 +05:30  DBG  Closed connection to database 'Ecommerce' on server 'FGS-DSK-230\MSSQLSERVER2019' (0ms).
2024-08-29 11:50:05.261 +05:30  ERR  An exception occurred while iterating over the results of a query for context type 'Persistance.EcommerceDbContext'.
Microsoft.Data.SqlClient.SqlException (0x80131904): Must declare the scalar variable "@ProductId".
   at Microsoft.Data.SqlClient.SqlConnection.OnError(SqlException exception, Boolean breakConnection, Action`1 wrapCloseInAction)
   at Microsoft.Data.SqlClient.SqlInternalConnection.OnError(SqlException exception, Boolean breakConnection, Action`1 wrapCloseInAction)
   at Microsoft.Data.SqlClient.TdsParser.ThrowExceptionAndWarning(TdsParserStateObject stateObj, Boolean callerHasConnectionLock, Boolean asyncClose)
   at Microsoft.Data.SqlClient.TdsParser.TryRun(RunBehavior runBehavior, SqlCommand cmdHandler, SqlDataReader dataStream, BulkCopySimpleResultSet bulkCopyHandler, TdsParserStateObject stateObj, Boolean& dataReady)
   at Microsoft.Data.SqlClient.SqlDataReader.TryConsumeMetaData()
   at Microsoft.Data.SqlClient.SqlDataReader.get_MetaData()
   at Microsoft.Data.SqlClient.SqlCommand.FinishExecuteReader(SqlDataReader ds, RunBehavior runBehavior, String resetOptionsString, Boolean isInternal, Boolean forDescribeParameterEncryption, Boolean shouldCacheForAlwaysEncrypted)
   at Microsoft.Data.SqlClient.SqlCommand.RunExecuteReaderTds(CommandBehavior cmdBehavior, RunBehavior runBehavior, Boolean returnStream, Boolean isAsync, Int32 timeout, Task& task, Boolean asyncWrite, Boolean inRetry, SqlDataReader ds, Boolean describeParameterEncryptionRequest)
   at Microsoft.Data.SqlClient.SqlCommand.RunExecuteReader(CommandBehavior cmdBehavior, RunBehavior runBehavior, Boolean returnStream, TaskCompletionSource`1 completion, Int32 timeout, Task& task, Boolean& usedCache, Boolean asyncWrite, Boolean inRetry, String method)
   at Microsoft.Data.SqlClient.SqlCommand.RunExecuteReader(CommandBehavior cmdBehavior, RunBehavior runBehavior, Boolean returnStream, String method)
   at Microsoft.Data.SqlClient.SqlCommand.ExecuteReader(CommandBehavior behavior)
   at Microsoft.Data.SqlClient.SqlCommand.ExecuteDbDataReader(CommandBehavior behavior)
   at Microsoft.EntityFrameworkCore.Storage.RelationalCommand.ExecuteReader(RelationalCommandParameterObject parameterObject)
   at Microsoft.EntityFrameworkCore.Query.Internal.FromSqlQueryingEnumerable`1.Enumerator.InitializeReader(Enumerator enumerator)
   at Microsoft.EntityFrameworkCore.Query.Internal.FromSqlQueryingEnumerable`1.Enumerator.<>c.<MoveNext>b__21_0(DbContext _, Enumerator enumerator)
   at Microsoft.EntityFrameworkCore.SqlServer.Storage.Internal.SqlServerExecutionStrategy.Execute[TState,TResult](TState state, Func`3 operation, Func`3 verifySucceeded)
   at Microsoft.EntityFrameworkCore.Query.Internal.FromSqlQueryingEnumerable`1.Enumerator.MoveNext()
ClientConnectionId:e0929655-0e81-4228-a9bd-7944b12c0b7b
Error Number:137,State:2,Class:15Microsoft.Data.SqlClient.SqlException (0x80131904): Must declare the scalar variable "@ProductId".
   at Microsoft.Data.SqlClient.SqlConnection.OnError(SqlException exception, Boolean breakConnection, Action`1 wrapCloseInAction)
   at Microsoft.Data.SqlClient.SqlInternalConnection.OnError(SqlException exception, Boolean breakConnection, Action`1 wrapCloseInAction)
   at Microsoft.Data.SqlClient.TdsParser.ThrowExceptionAndWarning(TdsParserStateObject stateObj, Boolean callerHasConnectionLock, Boolean asyncClose)
   at Microsoft.Data.SqlClient.TdsParser.TryRun(RunBehavior runBehavior, SqlCommand cmdHandler, SqlDataReader dataStream, BulkCopySimpleResultSet bulkCopyHandler, TdsParserStateObject stateObj, Boolean& dataReady)
   at Microsoft.Data.SqlClient.SqlDataReader.TryConsumeMetaData()
   at Microsoft.Data.SqlClient.SqlDataReader.get_MetaData()
   at Microsoft.Data.SqlClient.SqlCommand.FinishExecuteReader(SqlDataReader ds, RunBehavior runBehavior, String resetOptionsString, Boolean isInternal, Boolean forDescribeParameterEncryption, Boolean shouldCacheForAlwaysEncrypted)
   at Microsoft.Data.SqlClient.SqlCommand.RunExecuteReaderTds(CommandBehavior cmdBehavior, RunBehavior runBehavior, Boolean returnStream, Boolean isAsync, Int32 timeout, Task& task, Boolean asyncWrite, Boolean inRetry, SqlDataReader ds, Boolean describeParameterEncryptionRequest)
   at Microsoft.Data.SqlClient.SqlCommand.RunExecuteReader(CommandBehavior cmdBehavior, RunBehavior runBehavior, Boolean returnStream, TaskCompletionSource`1 completion, Int32 timeout, Task& task, Boolean& usedCache, Boolean asyncWrite, Boolean inRetry, String method)
   at Microsoft.Data.SqlClient.SqlCommand.RunExecuteReader(CommandBehavior cmdBehavior, RunBehavior runBehavior, Boolean returnStream, String method)
   at Microsoft.Data.SqlClient.SqlCommand.ExecuteReader(CommandBehavior behavior)
   at Microsoft.Data.SqlClient.SqlCommand.ExecuteDbDataReader(CommandBehavior behavior)
   at Microsoft.EntityFrameworkCore.Storage.RelationalCommand.ExecuteReader(RelationalCommandParameterObject parameterObject)
   at Microsoft.EntityFrameworkCore.Query.Internal.FromSqlQueryingEnumerable`1.Enumerator.InitializeReader(Enumerator enumerator)
   at Microsoft.EntityFrameworkCore.Query.Internal.FromSqlQueryingEnumerable`1.Enumerator.<>c.<MoveNext>b__21_0(DbContext _, Enumerator enumerator)
   at Microsoft.EntityFrameworkCore.SqlServer.Storage.Internal.SqlServerExecutionStrategy.Execute[TState,TResult](TState state, Func`3 operation, Func`3 verifySucceeded)
   at Microsoft.EntityFrameworkCore.Query.Internal.FromSqlQueryingEnumerable`1.Enumerator.MoveNext()
ClientConnectionId:e0929655-0e81-4228-a9bd-7944b12c0b7b
Error Number:137,State:2,Class:15

2024-08-29 11:50:05.336 +05:30  VRB  Action Filter: Before executing OnActionExecuted on filter Microsoft.AspNetCore.Mvc.Infrastructure.ModelStateInvalidFilter.
2024-08-29 11:50:05.338 +05:30  VRB  Action Filter: After executing OnActionExecuted on filter Microsoft.AspNetCore.Mvc.Infrastructure.ModelStateInvalidFilter.
2024-08-29 11:50:05.339 +05:30  VRB  Action Filter: Before executing OnActionExecuted on filter Microsoft.AspNetCore.Mvc.ModelBinding.UnsupportedContentTypeFilter.
2024-08-29 11:50:05.341 +05:30  VRB  Action Filter: After executing OnActionExecuted on filter Microsoft.AspNetCore.Mvc.ModelBinding.UnsupportedContentTypeFilter.
2024-08-29 11:50:05.342 +05:30  INF  Executed action Web.Ecommerce.Controllers.Seller.ProductController.GetProductById (Web.Ecommerce) in 114.1207ms
2024-08-29 11:50:05.343 +05:30  INF  Executed endpoint 'Web.Ecommerce.Controllers.Seller.ProductController.GetProductById (Web.Ecommerce)'
2024-08-29 11:50:05.344 +05:30  ERR  An unhandled exception has occurred while executing the request.Microsoft.Data.SqlClient.SqlException (0x80131904): Must declare the scalar variable "@ProductId".
   at Microsoft.Data.SqlClient.SqlConnection.OnError(SqlException exception, Boolean breakConnection, Action`1 wrapCloseInAction)
   at Microsoft.Data.SqlClient.SqlInternalConnection.OnError(SqlException exception, Boolean breakConnection, Action`1 wrapCloseInAction)
   at Microsoft.Data.SqlClient.TdsParser.ThrowExceptionAndWarning(TdsParserStateObject stateObj, Boolean callerHasConnectionLock, Boolean asyncClose)
   at Microsoft.Data.SqlClient.TdsParser.TryRun(RunBehavior runBehavior, SqlCommand cmdHandler, SqlDataReader dataStream, BulkCopySimpleResultSet bulkCopyHandler, TdsParserStateObject stateObj, Boolean& dataReady)
   at Microsoft.Data.SqlClient.SqlDataReader.TryConsumeMetaData()
   at Microsoft.Data.SqlClient.SqlDataReader.get_MetaData()
   at Microsoft.Data.SqlClient.SqlCommand.FinishExecuteReader(SqlDataReader ds, RunBehavior runBehavior, String resetOptionsString, Boolean isInternal, Boolean forDescribeParameterEncryption, Boolean shouldCacheForAlwaysEncrypted)
   at Microsoft.Data.SqlClient.SqlCommand.RunExecuteReaderTds(CommandBehavior cmdBehavior, RunBehavior runBehavior, Boolean returnStream, Boolean isAsync, Int32 timeout, Task& task, Boolean asyncWrite, Boolean inRetry, SqlDataReader ds, Boolean describeParameterEncryptionRequest)
   at Microsoft.Data.SqlClient.SqlCommand.RunExecuteReader(CommandBehavior cmdBehavior, RunBehavior runBehavior, Boolean returnStream, TaskCompletionSource`1 completion, Int32 timeout, Task& task, Boolean& usedCache, Boolean asyncWrite, Boolean inRetry, String method)
   at Microsoft.Data.SqlClient.SqlCommand.RunExecuteReader(CommandBehavior cmdBehavior, RunBehavior runBehavior, Boolean returnStream, String method)
   at Microsoft.Data.SqlClient.SqlCommand.ExecuteReader(CommandBehavior behavior)
   at Microsoft.Data.SqlClient.SqlCommand.ExecuteDbDataReader(CommandBehavior behavior)
   at Microsoft.EntityFrameworkCore.Storage.RelationalCommand.ExecuteReader(RelationalCommandParameterObject parameterObject)
   at Microsoft.EntityFrameworkCore.Query.Internal.FromSqlQueryingEnumerable`1.Enumerator.InitializeReader(Enumerator enumerator)
   at Microsoft.EntityFrameworkCore.Query.Internal.FromSqlQueryingEnumerable`1.Enumerator.<>c.<MoveNext>b__21_0(DbContext _, Enumerator enumerator)
   at Microsoft.EntityFrameworkCore.SqlServer.Storage.Internal.SqlServerExecutionStrategy.Execute[TState,TResult](TState state, Func`3 operation, Func`3 verifySucceeded)
   at Microsoft.EntityFrameworkCore.Query.Internal.FromSqlQueryingEnumerable`1.Enumerator.MoveNext()
   at System.Linq.Enumerable.SelectEnumerableIterator`2.MoveNext()
   at System.Linq.Enumerable.TryGetFirst[TSource](IEnumerable`1 source, Boolean& found)
   at System.Linq.Enumerable.FirstOrDefault[TSource](IEnumerable`1 source)
   at Application.Ecom.ProductOperations.Queries.GetProductById.GetProductByIdQueryHandler.Handle(GetProductByIdQuery request, CancellationToken cancellationToken)
   at Web.Ecommerce.Controllers.Seller.ProductController.GetProductById(Guid id) in C:\Users\arjun.hariprasad\source\.NET\Ecommerce\EcommerceSolution\CodeBase\Src\Presentation\Web.Ecommerce\Controllers\Seller\ProductController.cs:line 116
   at Microsoft.AspNetCore.Mvc.Infrastructure.ActionMethodExecutor.TaskOfIActionResultExecutor.Execute(ActionContext actionContext, IActionResultTypeMapper mapper, ObjectMethodExecutor executor, Object controller, Object[] arguments)
   at Microsoft.AspNetCore.Mvc.Infrastructure.ControllerActionInvoker.<InvokeActionMethodAsync>g__Logged|12_1(ControllerActionInvoker invoker)
   at Microsoft.AspNetCore.Mvc.Infrastructure.ControllerActionInvoker.<InvokeNextActionFilterAsync>g__Awaited|10_0(ControllerActionInvoker invoker, Task lastTask, State next, Scope scope, Object state, Boolean isCompleted)
   at Microsoft.AspNetCore.Mvc.Infrastructure.ControllerActionInvoker.Rethrow(ActionExecutedContextSealed context)
   at Microsoft.AspNetCore.Mvc.Infrastructure.ControllerActionInvoker.Next(State& next, Scope& scope, Object& state, Boolean& isCompleted)
   at Microsoft.AspNetCore.Mvc.Infrastructure.ControllerActionInvoker.InvokeInnerFilterAsync()
--- End of stack trace from previous location ---
   at Microsoft.AspNetCore.Mvc.Infrastructure.ResourceInvoker.<InvokeFilterPipelineAsync>g__Awaited|20_0(ResourceInvoker invoker, Task lastTask, State next, Scope scope, Object state, Boolean isCompleted)
   at Microsoft.AspNetCore.Mvc.Infrastructure.ResourceInvoker.<InvokeAsync>g__Logged|17_1(ResourceInvoker invoker)
   at Microsoft.AspNetCore.Mvc.Infrastructure.ResourceInvoker.<InvokeAsync>g__Logged|17_1(ResourceInvoker invoker)
   at Microsoft.AspNetCore.Routing.EndpointMiddleware.<Invoke>g__AwaitRequestTask|7_0(Endpoint endpoint, Task requestTask, ILogger logger)
   at Microsoft.AspNetCore.Authorization.AuthorizationMiddleware.Invoke(HttpContext context)
   at Microsoft.AspNetCore.Authentication.AuthenticationMiddleware.Invoke(HttpContext context)
   at Swashbuckle.AspNetCore.SwaggerUI.SwaggerUIMiddleware.Invoke(HttpContext httpContext)
   at Swashbuckle.AspNetCore.Swagger.SwaggerMiddleware.Invoke(HttpContext httpContext, ISwaggerProvider swaggerProvider)
   at Microsoft.AspNetCore.Diagnostics.DeveloperExceptionPageMiddlewareImpl.Invoke(HttpContext context)
ClientConnectionId:e0929655-0e81-4228-a9bd-7944b12c0b7b
Error Number:137,State:2,Class:15

2024-08-29 11:50:05.362 +05:30  VRB  Connection id "0HN67TUO0LTJ2" sending "HEADERS" frame for stream ID 1 with length 68 and flags "END_HEADERS".
2024-08-29 11:50:05.365 +05:30  VRB  Connection id "0HN67TUO0LTJ2" sending "DATA" frame for stream ID 1 with length 6004 and flags "NONE".
2024-08-29 11:50:05.367 +05:30  DBG  'EcommerceDbContext' disposed.
2024-08-29 11:50:05.368 +05:30  VRB  Connection id "0HN67TUO0LTJ2" sending "DATA" frame for stream ID 1 with length 0 and flags "END_STREAM".
2024-08-29 11:50:05.371 +05:30  DBG  Disposing connection to database 'Ecommerce' on server 'FGS-DSK-230\MSSQLSERVER2019'.
2024-08-29 11:50:05.374 +05:30  DBG  Disposed connection to database '' on server '' (2ms).
2024-08-29 11:50:05.375 +05:30  INF  Request finished HTTP/2 GET https://localhost:7113/api/Product/E2049003-75A6-4076-9E33-33E8D23950E6 - 500 null text/plain; charset=utf-8 165.7211ms
2024-08-29 11:57:33.777 +05:30  DBG  Connection id "0HN67TUO0LTJ2" received FIN.
2024-08-29 11:57:33.794 +05:30  DBG  Connection id "0HN67TUO0LTJ2" is closed. The last processed stream ID was 1.
2024-08-29 11:57:33.797 +05:30  DBG  The connection queue processing loop for 0HN67TUO0LTJ2 completed.
2024-08-29 11:57:33.811 +05:30  DBG  Connection id "0HN67TUO0LTJ2" sending FIN because: "The Socket transport's send loop completed gracefully."
2024-08-29 11:57:33.816 +05:30  DBG  Connection id "0HN67TUO0LTJ2" stopped.
2024-08-29 12:07:29.153 +05:30  DBG  Registered model binder providers, in the following order: ["Microsoft.AspNetCore.Mvc.ModelBinding.Binders.BinderTypeModelBinderProvider","Microsoft.AspNetCore.Mvc.ModelBinding.Binders.ServicesModelBinderProvider","Microsoft.AspNetCore.Mvc.ModelBinding.Binders.BodyModelBinderProvider","Microsoft.AspNetCore.Mvc.ModelBinding.Binders.HeaderModelBinderProvider","Microsoft.AspNetCore.Mvc.ModelBinding.Binders.FloatingPointTypeModelBinderProvider","Microsoft.AspNetCore.Mvc.ModelBinding.Binders.EnumTypeModelBinderProvider","Microsoft.AspNetCore.Mvc.ModelBinding.Binders.DateTimeModelBinderProvider","Microsoft.AspNetCore.Mvc.ModelBinding.Binders.SimpleTypeModelBinderProvider","Microsoft.AspNetCore.Mvc.ModelBinding.Binders.TryParseModelBinderProvider","Microsoft.AspNetCore.Mvc.ModelBinding.Binders.CancellationTokenModelBinderProvider","Microsoft.AspNetCore.Mvc.ModelBinding.Binders.ByteArrayModelBinderProvider","Microsoft.AspNetCore.Mvc.ModelBinding.Binders.FormFileModelBinderProvider","Microsoft.AspNetCore.Mvc.ModelBinding.Binders.FormCollectionModelBinderProvider","Microsoft.AspNetCore.Mvc.ModelBinding.Binders.KeyValuePairModelBinderProvider","Microsoft.AspNetCore.Mvc.ModelBinding.Binders.DictionaryModelBinderProvider","Microsoft.AspNetCore.Mvc.ModelBinding.Binders.ArrayModelBinderProvider","Microsoft.AspNetCore.Mvc.ModelBinding.Binders.CollectionModelBinderProvider","Microsoft.AspNetCore.Mvc.ModelBinding.Binders.ComplexObjectModelBinderProvider"]
2024-08-29 12:07:29.333 +05:30  DBG  An 'IServiceProvider' was created for internal use by Entity Framework.
2024-08-29 12:07:29.464 +05:30  INF  User profile is available. Using 'C:\Users\arjun.hariprasad\AppData\Local\ASP.NET\DataProtection-Keys' as key repository and Windows DPAPI to encrypt keys at rest.
2024-08-29 12:07:29.768 +05:30  WRN  Navigations 'Order.Payments' and 'Payment.Order' were separated into two relationships since the [ForeignKey] attribute was specified on navigations on both sides.
2024-08-29 12:07:29.773 +05:30  WRN  Navigations 'Order.Return' and 'Return.Order' were separated into two relationships since the [ForeignKey] attribute was specified on navigations on both sides.
2024-08-29 12:07:29.778 +05:30  WRN  Navigations 'Payment.Return' and 'Return.Payment' were separated into two relationships since the [ForeignKey] attribute was specified on navigations on both sides.
2024-08-29 12:07:29.853 +05:30  WRN  Navigations 'Order.Payments' and 'Payment.Order' were separated into two relationships since the [ForeignKey] attribute was specified on navigations on both sides.
2024-08-29 12:07:29.856 +05:30  WRN  Navigations 'Payment.Order' and 'Order.Payments' were separated into two relationships since the [ForeignKey] attribute was specified on navigations on both sides.
2024-08-29 12:07:29.858 +05:30  WRN  Navigations 'Payment.Order' and 'Order.Payments' were separated into two relationships since the [ForeignKey] attribute was specified on navigations on both sides.
2024-08-29 12:07:29.859 +05:30  WRN  Navigations 'Payment.Order' and 'Order.Payments' were separated into two relationships since the [ForeignKey] attribute was specified on navigations on both sides.
2024-08-29 12:07:29.861 +05:30  WRN  Navigations 'Order.Return' and 'Return.Order' were separated into two relationships since the [ForeignKey] attribute was specified on navigations on both sides.
2024-08-29 12:07:29.864 +05:30  WRN  Navigations 'Return.Order' and 'Order.Return' were separated into two relationships since the [ForeignKey] attribute was specified on navigations on both sides.
2024-08-29 12:07:29.866 +05:30  WRN  Navigations 'Return.Order' and 'Order.Return' were separated into two relationships since the [ForeignKey] attribute was specified on navigations on both sides.
2024-08-29 12:07:29.868 +05:30  WRN  Navigations 'Return.Order' and 'Order.Return' were separated into two relationships since the [ForeignKey] attribute was specified on navigations on both sides.
2024-08-29 12:07:29.886 +05:30  DBG  The index {'UserId'} was not created on entity type 'IdentityUserRole<Guid>' as the properties are already covered by the index {'UserId', 'RoleId'}.
2024-08-29 12:07:29.889 +05:30  DBG  The index {'UserId'} was not created on entity type 'IdentityUserToken<Guid>' as the properties are already covered by the index {'UserId', 'LoginProvider', 'Name'}.
2024-08-29 12:07:30.004 +05:30  DBG  The property 'Product.UserId' was created in shadow state because there are no eligible CLR members with a matching name.
2024-08-29 12:07:30.135 +05:30  DBG  Entity Framework Core 8.0.7 initialized 'EcommerceDbContext' using provider 'Microsoft.EntityFrameworkCore.SqlServer:8.0.7' with options: None
2024-08-29 12:07:30.215 +05:30  DBG  Compiling query expression: 
'DbSet<IdentityRole<Guid>>()
    .FirstOrDefault(r => r.NormalizedName == __normalizedName_0)'
2024-08-29 12:07:30.347 +05:30  DBG  Generated query execution expression: 
'queryContext => ShapedQueryCompilingExpressionVisitor.SingleOrDefaultAsync<IdentityRole<Guid>>(
    asyncEnumerable: new SingleQueryingEnumerable<IdentityRole<Guid>>(
        (RelationalQueryContext)queryContext, 
        RelationalCommandCache.QueryExpression(
            Projection Mapping:
                EmptyProjectionMember -> Dictionary<IProperty, int> { [Property: IdentityRole<Guid>.Id (Guid) Required PK AfterSave:Throw ValueGenerated.OnAdd, 0], [Property: IdentityRole<Guid>.ConcurrencyStamp (string) Concurrency, 1], [Property: IdentityRole<Guid>.Name (string) MaxLength(256), 2], [Property: IdentityRole<Guid>.NormalizedName (string) Index MaxLength(256), 3] }
            SELECT TOP(1) a.Id, a.ConcurrencyStamp, a.Name, a.NormalizedName
            FROM AspNetRoles AS a
            WHERE a.NormalizedName == @__normalizedName_0), 
        null, 
        Func<QueryContext, DbDataReader, ResultContext, SingleQueryResultCoordinator, IdentityRole<Guid>>, 
        Persistance.EcommerceDbContext, 
        False, 
        False, 
        True
    ), 
    cancellationToken: queryContext.CancellationToken)'
2024-08-29 12:07:30.379 +05:30  DBG  Creating DbConnection.
2024-08-29 12:07:30.394 +05:30  DBG  Created DbConnection. (13ms).
2024-08-29 12:07:30.398 +05:30  DBG  Opening connection to database 'Ecommerce' on server 'FGS-DSK-230\MSSQLSERVER2019'.
2024-08-29 12:07:30.595 +05:30  DBG  Opened connection to database 'Ecommerce' on server 'FGS-DSK-230\MSSQLSERVER2019'.
2024-08-29 12:07:30.599 +05:30  DBG  Creating DbCommand for 'ExecuteReader'.
2024-08-29 12:07:30.605 +05:30  DBG  Created DbCommand for 'ExecuteReader' (3ms).
2024-08-29 12:07:30.612 +05:30  DBG  Initialized DbCommand for 'ExecuteReader' (13ms).
2024-08-29 12:07:30.620 +05:30  DBG  Executing DbCommand [Parameters=[@__normalizedName_0='?' (Size = 256)], CommandType='"Text"', CommandTimeout='30']
SELECT TOP(1) [a].[Id], [a].[ConcurrencyStamp], [a].[Name], [a].[NormalizedName]
FROM [AspNetRoles] AS [a]
WHERE [a].[NormalizedName] = @__normalizedName_0
2024-08-29 12:07:30.677 +05:30  INF  Executed DbCommand (55ms) [Parameters=[@__normalizedName_0='?' (Size = 256)], CommandType='"Text"', CommandTimeout='30']
SELECT TOP(1) [a].[Id], [a].[ConcurrencyStamp], [a].[Name], [a].[NormalizedName]
FROM [AspNetRoles] AS [a]
WHERE [a].[NormalizedName] = @__normalizedName_0
2024-08-29 12:07:30.718 +05:30  DBG  Context 'EcommerceDbContext' started tracking 'IdentityRole' entity. Consider using 'DbContextOptionsBuilder.EnableSensitiveDataLogging' to see key values.
2024-08-29 12:07:30.734 +05:30  DBG  Closing data reader to 'Ecommerce' on server 'FGS-DSK-230\MSSQLSERVER2019'.
2024-08-29 12:07:30.742 +05:30  DBG  A data reader for 'Ecommerce' on server 'FGS-DSK-230\MSSQLSERVER2019' is being disposed after spending 55ms reading results.
2024-08-29 12:07:30.746 +05:30  DBG  Closing connection to database 'Ecommerce' on server 'FGS-DSK-230\MSSQLSERVER2019'.
2024-08-29 12:07:30.752 +05:30  DBG  Closed connection to database 'Ecommerce' on server 'FGS-DSK-230\MSSQLSERVER2019' (6ms).
2024-08-29 12:07:30.756 +05:30  DBG  Opening connection to database 'Ecommerce' on server 'FGS-DSK-230\MSSQLSERVER2019'.
2024-08-29 12:07:30.757 +05:30  DBG  Opened connection to database 'Ecommerce' on server 'FGS-DSK-230\MSSQLSERVER2019'.
2024-08-29 12:07:30.758 +05:30  DBG  Creating DbCommand for 'ExecuteReader'.
2024-08-29 12:07:30.759 +05:30  DBG  Created DbCommand for 'ExecuteReader' (1ms).
2024-08-29 12:07:30.760 +05:30  DBG  Initialized DbCommand for 'ExecuteReader' (1ms).
2024-08-29 12:07:30.761 +05:30  DBG  Executing DbCommand [Parameters=[@__normalizedName_0='?' (Size = 256)], CommandType='"Text"', CommandTimeout='30']
SELECT TOP(1) [a].[Id], [a].[ConcurrencyStamp], [a].[Name], [a].[NormalizedName]
FROM [AspNetRoles] AS [a]
WHERE [a].[NormalizedName] = @__normalizedName_0
2024-08-29 12:07:30.771 +05:30  INF  Executed DbCommand (10ms) [Parameters=[@__normalizedName_0='?' (Size = 256)], CommandType='"Text"', CommandTimeout='30']
SELECT TOP(1) [a].[Id], [a].[ConcurrencyStamp], [a].[Name], [a].[NormalizedName]
FROM [AspNetRoles] AS [a]
WHERE [a].[NormalizedName] = @__normalizedName_0
2024-08-29 12:07:30.773 +05:30  DBG  Context 'EcommerceDbContext' started tracking 'IdentityRole' entity. Consider using 'DbContextOptionsBuilder.EnableSensitiveDataLogging' to see key values.
2024-08-29 12:07:30.775 +05:30  DBG  Closing data reader to 'Ecommerce' on server 'FGS-DSK-230\MSSQLSERVER2019'.
2024-08-29 12:07:30.776 +05:30  DBG  A data reader for 'Ecommerce' on server 'FGS-DSK-230\MSSQLSERVER2019' is being disposed after spending 2ms reading results.
2024-08-29 12:07:30.777 +05:30  DBG  Closing connection to database 'Ecommerce' on server 'FGS-DSK-230\MSSQLSERVER2019'.
2024-08-29 12:07:30.778 +05:30  DBG  Closed connection to database 'Ecommerce' on server 'FGS-DSK-230\MSSQLSERVER2019' (1ms).
2024-08-29 12:07:30.779 +05:30  DBG  Opening connection to database 'Ecommerce' on server 'FGS-DSK-230\MSSQLSERVER2019'.
2024-08-29 12:07:30.782 +05:30  DBG  Opened connection to database 'Ecommerce' on server 'FGS-DSK-230\MSSQLSERVER2019'.
2024-08-29 12:07:30.783 +05:30  DBG  Creating DbCommand for 'ExecuteReader'.
2024-08-29 12:07:30.783 +05:30  DBG  Created DbCommand for 'ExecuteReader' (0ms).
2024-08-29 12:07:30.784 +05:30  DBG  Initialized DbCommand for 'ExecuteReader' (1ms).
2024-08-29 12:07:30.785 +05:30  DBG  Executing DbCommand [Parameters=[@__normalizedName_0='?' (Size = 256)], CommandType='"Text"', CommandTimeout='30']
SELECT TOP(1) [a].[Id], [a].[ConcurrencyStamp], [a].[Name], [a].[NormalizedName]
FROM [AspNetRoles] AS [a]
WHERE [a].[NormalizedName] = @__normalizedName_0
2024-08-29 12:07:30.788 +05:30  INF  Executed DbCommand (3ms) [Parameters=[@__normalizedName_0='?' (Size = 256)], CommandType='"Text"', CommandTimeout='30']
SELECT TOP(1) [a].[Id], [a].[ConcurrencyStamp], [a].[Name], [a].[NormalizedName]
FROM [AspNetRoles] AS [a]
WHERE [a].[NormalizedName] = @__normalizedName_0
2024-08-29 12:07:30.790 +05:30  DBG  Context 'EcommerceDbContext' started tracking 'IdentityRole' entity. Consider using 'DbContextOptionsBuilder.EnableSensitiveDataLogging' to see key values.
2024-08-29 12:07:30.791 +05:30  DBG  Closing data reader to 'Ecommerce' on server 'FGS-DSK-230\MSSQLSERVER2019'.
2024-08-29 12:07:30.792 +05:30  DBG  A data reader for 'Ecommerce' on server 'FGS-DSK-230\MSSQLSERVER2019' is being disposed after spending 1ms reading results.
2024-08-29 12:07:30.793 +05:30  DBG  Closing connection to database 'Ecommerce' on server 'FGS-DSK-230\MSSQLSERVER2019'.
2024-08-29 12:07:30.794 +05:30  DBG  Closed connection to database 'Ecommerce' on server 'FGS-DSK-230\MSSQLSERVER2019' (0ms).
2024-08-29 12:07:30.800 +05:30  DBG  Compiling query expression: 
'DbSet<User>()
    .SingleOrDefault(u => u.NormalizedEmail == __normalizedEmail_0)'
2024-08-29 12:07:30.807 +05:30  DBG  Generated query execution expression: 
'queryContext => ShapedQueryCompilingExpressionVisitor.SingleOrDefaultAsync<User>(
    asyncEnumerable: new SingleQueryingEnumerable<User>(
        (RelationalQueryContext)queryContext, 
        RelationalCommandCache.QueryExpression(
            Projection Mapping:
                EmptyProjectionMember -> Dictionary<IProperty, int> { [Property: User.Id (Guid) Required PK AfterSave:Throw ValueGenerated.OnAdd, 0], [Property: User.AccessFailedCount (int) Required, 1], [Property: User.ConcurrencyStamp (string) Concurrency, 2], [Property: User.CreatedAt (DateTime) Required, 3], [Property: User.Email (string) MaxLength(256), 4], [Property: User.EmailConfirmed (bool) Required, 5], [Property: User.IsDeleted (bool) Required, 6], [Property: User.IsVerified (bool) Required, 7], [Property: User.LockoutEnabled (bool) Required, 8], [Property: User.LockoutEnd (DateTimeOffset?), 9], [Property: User.NormalizedEmail (string) Index MaxLength(256), 10], [Property: User.NormalizedUserName (string) Index MaxLength(256), 11], [Property: User.PasswordHash (string), 12], [Property: User.PhoneNumber (string), 13], [Property: User.PhoneNumberConfirmed (bool) Required, 14], [Property: User.SecurityStamp (string), 15], [Property: User.TwoFactorEnabled (bool) Required, 16], [Property: User.UpdatedAt (DateTime) Required, 17], [Property: User.UserName (string) MaxLength(256), 18] }
            SELECT TOP(2) a.Id, a.AccessFailedCount, a.ConcurrencyStamp, a.CreatedAt, a.Email, a.EmailConfirmed, a.IsDeleted, a.IsVerified, a.LockoutEnabled, a.LockoutEnd, a.NormalizedEmail, a.NormalizedUserName, a.PasswordHash, a.PhoneNumber, a.PhoneNumberConfirmed, a.SecurityStamp, a.TwoFactorEnabled, a.UpdatedAt, a.UserName
            FROM AspNetUsers AS a
            WHERE a.NormalizedEmail == @__normalizedEmail_0), 
        null, 
        Func<QueryContext, DbDataReader, ResultContext, SingleQueryResultCoordinator, User>, 
        Persistance.EcommerceDbContext, 
        False, 
        False, 
        True
    ), 
    cancellationToken: queryContext.CancellationToken)'
2024-08-29 12:07:30.811 +05:30  DBG  Opening connection to database 'Ecommerce' on server 'FGS-DSK-230\MSSQLSERVER2019'.
2024-08-29 12:07:30.812 +05:30  DBG  Opened connection to database 'Ecommerce' on server 'FGS-DSK-230\MSSQLSERVER2019'.
2024-08-29 12:07:30.813 +05:30  DBG  Creating DbCommand for 'ExecuteReader'.
2024-08-29 12:07:30.815 +05:30  DBG  Created DbCommand for 'ExecuteReader' (1ms).
2024-08-29 12:07:30.816 +05:30  DBG  Initialized DbCommand for 'ExecuteReader' (2ms).
2024-08-29 12:07:30.816 +05:30  DBG  Executing DbCommand [Parameters=[@__normalizedEmail_0='?' (Size = 256)], CommandType='"Text"', CommandTimeout='30']
SELECT TOP(2) [a].[Id], [a].[AccessFailedCount], [a].[ConcurrencyStamp], [a].[CreatedAt], [a].[Email], [a].[EmailConfirmed], [a].[IsDeleted], [a].[IsVerified], [a].[LockoutEnabled], [a].[LockoutEnd], [a].[NormalizedEmail], [a].[NormalizedUserName], [a].[PasswordHash], [a].[PhoneNumber], [a].[PhoneNumberConfirmed], [a].[SecurityStamp], [a].[TwoFactorEnabled], [a].[UpdatedAt], [a].[UserName]
FROM [AspNetUsers] AS [a]
WHERE [a].[NormalizedEmail] = @__normalizedEmail_0
2024-08-29 12:07:30.826 +05:30  INF  Executed DbCommand (10ms) [Parameters=[@__normalizedEmail_0='?' (Size = 256)], CommandType='"Text"', CommandTimeout='30']
SELECT TOP(2) [a].[Id], [a].[AccessFailedCount], [a].[ConcurrencyStamp], [a].[CreatedAt], [a].[Email], [a].[EmailConfirmed], [a].[IsDeleted], [a].[IsVerified], [a].[LockoutEnabled], [a].[LockoutEnd], [a].[NormalizedEmail], [a].[NormalizedUserName], [a].[PasswordHash], [a].[PhoneNumber], [a].[PhoneNumberConfirmed], [a].[SecurityStamp], [a].[TwoFactorEnabled], [a].[UpdatedAt], [a].[UserName]
FROM [AspNetUsers] AS [a]
WHERE [a].[NormalizedEmail] = @__normalizedEmail_0
2024-08-29 12:07:30.845 +05:30  DBG  Context 'EcommerceDbContext' started tracking 'User' entity. Consider using 'DbContextOptionsBuilder.EnableSensitiveDataLogging' to see key values.
2024-08-29 12:07:30.873 +05:30  DBG  Closing data reader to 'Ecommerce' on server 'FGS-DSK-230\MSSQLSERVER2019'.
2024-08-29 12:07:30.875 +05:30  DBG  A data reader for 'Ecommerce' on server 'FGS-DSK-230\MSSQLSERVER2019' is being disposed after spending 45ms reading results.
2024-08-29 12:07:30.877 +05:30  DBG  Closing connection to database 'Ecommerce' on server 'FGS-DSK-230\MSSQLSERVER2019'.
2024-08-29 12:07:30.879 +05:30  DBG  Closed connection to database 'Ecommerce' on server 'FGS-DSK-230\MSSQLSERVER2019' (1ms).
2024-08-29 12:07:30.882 +05:30  DBG  'EcommerceDbContext' disposed.
2024-08-29 12:07:30.884 +05:30  DBG  Disposing connection to database 'Ecommerce' on server 'FGS-DSK-230\MSSQLSERVER2019'.
2024-08-29 12:07:30.886 +05:30  DBG  Disposed connection to database '' on server '' (2ms).
2024-08-29 12:07:30.891 +05:30  DBG  Hosting starting
2024-08-29 12:07:30.896 +05:30  DBG  Reading data from file 'C:\Users\arjun.hariprasad\AppData\Local\ASP.NET\DataProtection-Keys\key-36f6fa2d-df91-4e24-9271-a530e4737995.xml'.
2024-08-29 12:07:30.904 +05:30  DBG  Found key {36f6fa2d-df91-4e24-9271-a530e4737995}.
2024-08-29 12:07:30.912 +05:30  DBG  Considering key {36f6fa2d-df91-4e24-9271-a530e4737995} with expiration date 2024-10-20 08:26:28Z as default key.
2024-08-29 12:07:30.918 +05:30  DBG  Forwarded activator type request from Microsoft.AspNetCore.DataProtection.XmlEncryption.DpapiXmlDecryptor, Microsoft.AspNetCore.DataProtection, Version=8.0.0.0, Culture=neutral, PublicKeyToken=adb9793829ddae60 to Microsoft.AspNetCore.DataProtection.XmlEncryption.DpapiXmlDecryptor, Microsoft.AspNetCore.DataProtection, Culture=neutral, PublicKeyToken=adb9793829ddae60
2024-08-29 12:07:30.920 +05:30  DBG  Decrypting secret element using Windows DPAPI.
2024-08-29 12:07:30.921 +05:30  DBG  Forwarded activator type request from Microsoft.AspNetCore.DataProtection.AuthenticatedEncryption.ConfigurationModel.AuthenticatedEncryptorDescriptorDeserializer, Microsoft.AspNetCore.DataProtection, Version=8.0.0.0, Culture=neutral, PublicKeyToken=adb9793829ddae60 to Microsoft.AspNetCore.DataProtection.AuthenticatedEncryption.ConfigurationModel.AuthenticatedEncryptorDescriptorDeserializer, Microsoft.AspNetCore.DataProtection, Culture=neutral, PublicKeyToken=adb9793829ddae60
2024-08-29 12:07:30.923 +05:30  DBG  Opening CNG algorithm 'AES' from provider 'null' with chaining mode CBC.
2024-08-29 12:07:30.926 +05:30  DBG  Opening CNG algorithm 'SHA256' from provider 'null' with HMAC.
2024-08-29 12:07:30.929 +05:30  DBG  Using key {36f6fa2d-df91-4e24-9271-a530e4737995} as the default key.
2024-08-29 12:07:30.931 +05:30  DBG  Key ring with default key {36f6fa2d-df91-4e24-9271-a530e4737995} was loaded during application startup.
2024-08-29 12:07:31.088 +05:30  INF  Now listening on: https://localhost:7113
2024-08-29 12:07:31.089 +05:30  INF  Now listening on: http://localhost:5081
2024-08-29 12:07:31.091 +05:30  DBG  Loaded hosting startup assembly Web.Ecommerce
2024-08-29 12:07:31.092 +05:30  DBG  Loaded hosting startup assembly Microsoft.AspNetCore.Watch.BrowserRefresh
2024-08-29 12:07:31.092 +05:30  DBG  Loaded hosting startup assembly Microsoft.WebTools.BrowserLink.Net
2024-08-29 12:07:31.094 +05:30  INF  Application started. Press Ctrl+C to shut down.
2024-08-29 12:07:31.095 +05:30  INF  Hosting environment: Development
2024-08-29 12:07:31.096 +05:30  INF  Content root path: C:\Users\arjun.hariprasad\source\.NET\Ecommerce\EcommerceSolution\CodeBase\Src\Presentation\Web.Ecommerce
2024-08-29 12:07:31.099 +05:30  DBG  Hosting started
2024-08-29 12:07:31.104 +05:30  DBG  Connection id "0HN67UK7EO97F" accepted.
2024-08-29 12:07:31.106 +05:30  DBG  Connection id "0HN67UK7EO97F" started.
2024-08-29 12:07:31.110 +05:30  DBG  Connection id "0HN67UK7EO97G" accepted.
2024-08-29 12:07:31.111 +05:30  DBG  Connection id "0HN67UK7EO97G" started.
2024-08-29 12:07:31.149 +05:30  DBG  Connection id "0HN67UK7EO97F" received FIN.
2024-08-29 12:07:31.149 +05:30  DBG  Connection id "0HN67UK7EO97G" received FIN.
2024-08-29 12:07:31.155 +05:30  DBG  Failed to authenticate HTTPS connection.System.IO.IOException: Received an unexpected EOF or 0 bytes from the transport stream.
   at System.Net.Security.SslStream.ReceiveHandshakeFrameAsync[TIOAdapter](CancellationToken cancellationToken)
   at System.Net.Security.SslStream.ForceAuthenticationAsync[TIOAdapter](Boolean receiveFirst, Byte[] reAuthenticationData, CancellationToken cancellationToken)
   at System.Net.Security.SslStream.ProcessAuthenticationWithTelemetryAsync(Boolean isAsync, CancellationToken cancellationToken)
   at Microsoft.AspNetCore.Server.Kestrel.Https.Internal.HttpsConnectionMiddleware.OnConnectionAsync(ConnectionContext context)

2024-08-29 12:07:31.155 +05:30  DBG  Failed to authenticate HTTPS connection.System.IO.IOException: Received an unexpected EOF or 0 bytes from the transport stream.
   at System.Net.Security.SslStream.ReceiveHandshakeFrameAsync[TIOAdapter](CancellationToken cancellationToken)
   at System.Net.Security.SslStream.ForceAuthenticationAsync[TIOAdapter](Boolean receiveFirst, Byte[] reAuthenticationData, CancellationToken cancellationToken)
   at System.Net.Security.SslStream.ProcessAuthenticationWithTelemetryAsync(Boolean isAsync, CancellationToken cancellationToken)
   at Microsoft.AspNetCore.Server.Kestrel.Https.Internal.HttpsConnectionMiddleware.OnConnectionAsync(ConnectionContext context)

2024-08-29 12:07:31.170 +05:30  DBG  Connection id "0HN67UK7EO97G" stopped.
2024-08-29 12:07:31.170 +05:30  DBG  Connection id "0HN67UK7EO97F" stopped.
2024-08-29 12:07:31.172 +05:30  DBG  Connection id "0HN67UK7EO97G" sending FIN because: "The Socket transport's send loop completed gracefully."
2024-08-29 12:07:31.172 +05:30  DBG  Connection id "0HN67UK7EO97F" sending FIN because: "The Socket transport's send loop completed gracefully."
2024-08-29 12:07:31.455 +05:30  DBG  Connection id "0HN67UK7EO97H" accepted.
2024-08-29 12:07:31.461 +05:30  DBG  Connection id "0HN67UK7EO97H" started.
2024-08-29 12:07:31.494 +05:30  DBG  Connection 0HN67UK7EO97H established using the following protocol: "Tls12"
2024-08-29 12:07:31.517 +05:30  VRB  Connection id "0HN67UK7EO97H" sending "SETTINGS" frame for stream ID 0 with length 24 and flags "NONE".
2024-08-29 12:07:31.521 +05:30  VRB  Connection id "0HN67UK7EO97H" sending "WINDOW_UPDATE" frame for stream ID 0 with length 4 and flags 0x0.
2024-08-29 12:07:31.524 +05:30  VRB  Connection id "0HN67UK7EO97H" received "SETTINGS" frame for stream ID 0 with length 24 and flags "NONE".
2024-08-29 12:07:31.526 +05:30  VRB  Connection id "0HN67UK7EO97H" sending "SETTINGS" frame for stream ID 0 with length 0 and flags "ACK".
2024-08-29 12:07:31.527 +05:30  VRB  Connection id "0HN67UK7EO97H" received "WINDOW_UPDATE" frame for stream ID 0 with length 4 and flags 0x0.
2024-08-29 12:07:31.529 +05:30  VRB  Connection id "0HN67UK7EO97H" received "HEADERS" frame for stream ID 1 with length 469 and flags "END_STREAM, END_HEADERS, PRIORITY".
2024-08-29 12:07:31.545 +05:30  VRB  Connection id "0HN67UK7EO97H" received "SETTINGS" frame for stream ID 0 with length 0 and flags "ACK".
2024-08-29 12:07:31.568 +05:30  INF  Request starting HTTP/2 GET https://localhost:7113/swagger/index.html - null null
2024-08-29 12:07:31.694 +05:30  DBG  Wildcard detected, all requests with hosts will be allowed.
2024-08-29 12:07:31.695 +05:30  VRB  All hosts are allowed.
2024-08-29 12:07:31.723 +05:30  DBG  No candidates found for the request path '/swagger/index.html'
2024-08-29 12:07:31.725 +05:30  DBG  Request did not match any endpoints
2024-08-29 12:07:31.833 +05:30  DBG  Response markup is scheduled to include Browser Link script injection.
2024-08-29 12:07:31.836 +05:30  DBG  Response markup is scheduled to include browser refresh script injection.
2024-08-29 12:07:31.839 +05:30  VRB  Connection id "0HN67UK7EO97H" sending "HEADERS" frame for stream ID 1 with length 66 and flags "END_HEADERS".
2024-08-29 12:07:31.842 +05:30  VRB  Connection id "0HN67UK7EO97H" sending "DATA" frame for stream ID 1 with length 698 and flags "NONE".
2024-08-29 12:07:31.844 +05:30  VRB  Connection id "0HN67UK7EO97H" sending "DATA" frame for stream ID 1 with length 357 and flags "NONE".
2024-08-29 12:07:31.850 +05:30  VRB  Connection id "0HN67UK7EO97H" sending "DATA" frame for stream ID 1 with length 81 and flags "NONE".
2024-08-29 12:07:31.850 +05:30  DBG  Response markup was updated to include Browser Link script injection.
2024-08-29 12:07:31.858 +05:30  DBG  Response markup was updated to include browser refresh script injection.
2024-08-29 12:07:31.861 +05:30  VRB  Connection id "0HN67UK7EO97H" sending "DATA" frame for stream ID 1 with length 0 and flags "END_STREAM".
2024-08-29 12:07:31.862 +05:30  INF  Request finished HTTP/2 GET https://localhost:7113/swagger/index.html - 200 null text/html;charset=utf-8 300.5258ms
2024-08-29 12:07:31.875 +05:30  VRB  Connection id "0HN67UK7EO97H" received "HEADERS" frame for stream ID 3 with length 98 and flags "END_STREAM, END_HEADERS, PRIORITY".
2024-08-29 12:07:31.883 +05:30  VRB  Connection id "0HN67UK7EO97H" received "HEADERS" frame for stream ID 5 with length 52 and flags "END_STREAM, END_HEADERS, PRIORITY".
2024-08-29 12:07:31.884 +05:30  INF  Request starting HTTP/2 GET https://localhost:7113/swagger/index.js - null null
2024-08-29 12:07:31.885 +05:30  INF  Request starting HTTP/2 GET https://localhost:7113/_framework/aspnetcore-browser-refresh.js - null null
2024-08-29 12:07:31.886 +05:30  VRB  Connection id "0HN67UK7EO97H" received "HEADERS" frame for stream ID 7 with length 57 and flags "END_STREAM, END_HEADERS, PRIORITY".
2024-08-29 12:07:31.888 +05:30  VRB  All hosts are allowed.
2024-08-29 12:07:31.893 +05:30  DBG  No candidates found for the request path '/swagger/index.js'
2024-08-29 12:07:31.893 +05:30  INF  Request starting HTTP/2 GET https://localhost:7113/_vs/browserLink - null null
2024-08-29 12:07:31.893 +05:30  DBG  Request did not match any endpoints
2024-08-29 12:07:31.896 +05:30  VRB  Connection id "0HN67UK7EO97H" sending "HEADERS" frame for stream ID 5 with length 60 and flags "END_HEADERS".
2024-08-29 12:07:31.905 +05:30  INF  Request finished HTTP/2 GET https://localhost:7113/swagger/index.js - 200 null application/javascript;charset=utf-8 20.7952ms
2024-08-29 12:07:31.907 +05:30  VRB  Connection id "0HN67UK7EO97H" sending "DATA" frame for stream ID 5 with length 13762 and flags "NONE".
2024-08-29 12:07:31.923 +05:30  VRB  Connection id "0HN67UK7EO97H" sending "HEADERS" frame for stream ID 3 with length 41 and flags "END_HEADERS".
2024-08-29 12:07:31.926 +05:30  INF  Request finished HTTP/2 GET https://localhost:7113/_framework/aspnetcore-browser-refresh.js - 200 13762 application/javascript; charset=utf-8 40.3575ms
2024-08-29 12:07:31.926 +05:30  VRB  Connection id "0HN67UK7EO97H" sending "DATA" frame for stream ID 3 with length 3005 and flags "END_STREAM".
2024-08-29 12:07:31.931 +05:30  VRB  Connection id "0HN67UK7EO97H" sending "DATA" frame for stream ID 5 with length 0 and flags "END_STREAM".
2024-08-29 12:07:31.940 +05:30  VRB  Connection id "0HN67UK7EO97H" sending "HEADERS" frame for stream ID 7 with length 119 and flags "END_HEADERS".
2024-08-29 12:07:31.943 +05:30  VRB  Connection id "0HN67UK7EO97H" sending "DATA" frame for stream ID 7 with length 9986 and flags "NONE".
2024-08-29 12:07:31.946 +05:30  VRB  Connection id "0HN67UK7EO97H" sending "DATA" frame for stream ID 7 with length 10240 and flags "NONE".
2024-08-29 12:07:31.948 +05:30  VRB  Connection id "0HN67UK7EO97H" sending "DATA" frame for stream ID 7 with length 10240 and flags "NONE".
2024-08-29 12:07:31.951 +05:30  VRB  Connection id "0HN67UK7EO97H" sending "DATA" frame for stream ID 7 with length 10240 and flags "NONE".
2024-08-29 12:07:31.953 +05:30  VRB  Connection id "0HN67UK7EO97H" sending "DATA" frame for stream ID 7 with length 10240 and flags "NONE".
2024-08-29 12:07:31.954 +05:30  VRB  Connection id "0HN67UK7EO97H" sending "DATA" frame for stream ID 7 with length 10240 and flags "NONE".
2024-08-29 12:07:31.956 +05:30  VRB  Connection id "0HN67UK7EO97H" sending "DATA" frame for stream ID 7 with length 10240 and flags "NONE".
2024-08-29 12:07:31.957 +05:30  VRB  Connection id "0HN67UK7EO97H" sending "DATA" frame for stream ID 7 with length 10240 and flags "NONE".
2024-08-29 12:07:31.960 +05:30  VRB  Connection id "0HN67UK7EO97H" sending "DATA" frame for stream ID 7 with length 10240 and flags "NONE".
2024-08-29 12:07:31.961 +05:30  VRB  Connection id "0HN67UK7EO97H" sending "DATA" frame for stream ID 7 with length 10240 and flags "NONE".
2024-08-29 12:07:31.963 +05:30  VRB  Connection id "0HN67UK7EO97H" sending "DATA" frame for stream ID 7 with length 10240 and flags "NONE".
2024-08-29 12:07:31.966 +05:30  VRB  Connection id "0HN67UK7EO97H" sending "DATA" frame for stream ID 7 with length 10240 and flags "NONE".
2024-08-29 12:07:31.968 +05:30  VRB  Connection id "0HN67UK7EO97H" sending "DATA" frame for stream ID 7 with length 10240 and flags "NONE".
2024-08-29 12:07:31.971 +05:30  VRB  Connection id "0HN67UK7EO97H" sending "DATA" frame for stream ID 7 with length 10240 and flags "NONE".
2024-08-29 12:07:31.972 +05:30  VRB  Connection id "0HN67UK7EO97H" sending "DATA" frame for stream ID 7 with length 10240 and flags "NONE".
2024-08-29 12:07:31.974 +05:30  VRB  Connection id "0HN67UK7EO97H" sending "DATA" frame for stream ID 7 with length 160 and flags "NONE".
2024-08-29 12:07:31.974 +05:30  INF  Request finished HTTP/2 GET https://localhost:7113/_vs/browserLink - 200 null text/javascript; charset=UTF-8 81.4698ms
2024-08-29 12:07:31.975 +05:30  VRB  Connection id "0HN67UK7EO97H" sending "DATA" frame for stream ID 7 with length 0 and flags "END_STREAM".
2024-08-29 12:07:32.015 +05:30  VRB  Connection id "0HN67UK7EO97H" received "HEADERS" frame for stream ID 9 with length 74 and flags "END_STREAM, END_HEADERS, PRIORITY".
2024-08-29 12:07:32.018 +05:30  INF  Request starting HTTP/2 GET https://localhost:7113/swagger/v1/swagger.json - null null
2024-08-29 12:07:32.020 +05:30  VRB  All hosts are allowed.
2024-08-29 12:07:32.020 +05:30  DBG  No candidates found for the request path '/swagger/v1/swagger.json'
2024-08-29 12:07:32.021 +05:30  DBG  Request did not match any endpoints
2024-08-29 12:07:32.139 +05:30  VRB  Connection id "0HN67UK7EO97H" sending "HEADERS" frame for stream ID 9 with length 65 and flags "END_HEADERS".
2024-08-29 12:07:32.142 +05:30  VRB  Connection id "0HN67UK7EO97H" sending "DATA" frame for stream ID 9 with length 16384 and flags "NONE".
2024-08-29 12:07:32.143 +05:30  VRB  Connection id "0HN67UK7EO97H" sending "DATA" frame for stream ID 9 with length 6467 and flags "NONE".
2024-08-29 12:07:32.146 +05:30  INF  Request finished HTTP/2 GET https://localhost:7113/swagger/v1/swagger.json - 200 null application/json;charset=utf-8 128.43ms
2024-08-29 12:07:32.146 +05:30  VRB  Connection id "0HN67UK7EO97H" sending "DATA" frame for stream ID 9 with length 0 and flags "END_STREAM".
2024-08-29 12:07:39.692 +05:30  DBG  Connection id "0HN67UK7EO97H" received FIN.
2024-08-29 12:07:39.694 +05:30  DBG  Connection id "0HN67UK7EO97H" is closed. The last processed stream ID was 9.
2024-08-29 12:07:39.695 +05:30  DBG  The connection queue processing loop for 0HN67UK7EO97H completed.
2024-08-29 12:07:39.695 +05:30  DBG  Connection id "0HN67UK7EO97H" sending FIN because: "The Socket transport's send loop completed gracefully."
2024-08-29 12:07:39.708 +05:30  DBG  Connection id "0HN67UK7EO97H" stopped.
2024-08-29 12:09:22.928 +05:30  DBG  Connection id "0HN67UK7EO97I" accepted.
2024-08-29 12:09:22.932 +05:30  DBG  Connection id "0HN67UK7EO97I" started.
2024-08-29 12:09:22.938 +05:30  DBG  Connection 0HN67UK7EO97I established using the following protocol: "Tls12"
2024-08-29 12:09:22.943 +05:30  VRB  Connection id "0HN67UK7EO97I" sending "SETTINGS" frame for stream ID 0 with length 24 and flags "NONE".
2024-08-29 12:09:22.945 +05:30  VRB  Connection id "0HN67UK7EO97I" sending "WINDOW_UPDATE" frame for stream ID 0 with length 4 and flags 0x0.
2024-08-29 12:09:22.947 +05:30  VRB  Connection id "0HN67UK7EO97I" received "SETTINGS" frame for stream ID 0 with length 24 and flags "NONE".
2024-08-29 12:09:22.949 +05:30  VRB  Connection id "0HN67UK7EO97I" sending "SETTINGS" frame for stream ID 0 with length 0 and flags "ACK".
2024-08-29 12:09:22.953 +05:30  VRB  Connection id "0HN67UK7EO97I" received "WINDOW_UPDATE" frame for stream ID 0 with length 4 and flags 0x0.
2024-08-29 12:09:22.955 +05:30  VRB  Connection id "0HN67UK7EO97I" received "HEADERS" frame for stream ID 1 with length 361 and flags "END_STREAM, END_HEADERS, PRIORITY".
2024-08-29 12:09:22.958 +05:30  VRB  Connection id "0HN67UK7EO97I" received "SETTINGS" frame for stream ID 0 with length 0 and flags "ACK".
2024-08-29 12:09:22.958 +05:30  INF  Request starting HTTP/2 GET https://localhost:7113/api/Product - null null
2024-08-29 12:09:22.962 +05:30  VRB  All hosts are allowed.
2024-08-29 12:09:22.967 +05:30  DBG  1 candidate(s) found for the request path '/api/Product'
2024-08-29 12:09:22.971 +05:30  DBG  Endpoint 'Web.Ecommerce.Controllers.Seller.ProductController.GetAllProducts (Web.Ecommerce)' with route pattern 'api/Product' is valid for the request path '/api/Product'
2024-08-29 12:09:22.973 +05:30  DBG  Request matched endpoint 'Web.Ecommerce.Controllers.Seller.ProductController.GetAllProducts (Web.Ecommerce)'
2024-08-29 12:09:22.974 +05:30  VRB  The endpoint does not specify the IRequestSizeLimitMetadata.
2024-08-29 12:09:22.975 +05:30  DBG  Static files was skipped as the request already matched an endpoint.
2024-08-29 12:09:23.034 +05:30  DBG  AuthenticationScheme: Bearer was not authenticated.
2024-08-29 12:09:23.038 +05:30  DBG  AuthenticationScheme: Bearer was not authenticated.
2024-08-29 12:09:23.040 +05:30  INF  Executing endpoint 'Web.Ecommerce.Controllers.Seller.ProductController.GetAllProducts (Web.Ecommerce)'
2024-08-29 12:09:23.050 +05:30  INF  Route matched with {action = "GetAllProducts", controller = "Product"}. Executing controller action with signature System.Threading.Tasks.Task`1[Microsoft.AspNetCore.Mvc.IActionResult] GetAllProducts() on controller Web.Ecommerce.Controllers.Seller.ProductController (Web.Ecommerce).
2024-08-29 12:09:23.055 +05:30  DBG  Execution plan of authorization filters (in the following order): ["None"]
2024-08-29 12:09:23.056 +05:30  DBG  Execution plan of resource filters (in the following order): ["None"]
2024-08-29 12:09:23.057 +05:30  DBG  Execution plan of action filters (in the following order): ["Microsoft.AspNetCore.Mvc.ModelBinding.UnsupportedContentTypeFilter (Order: -3000)","Microsoft.AspNetCore.Mvc.Infrastructure.ModelStateInvalidFilter (Order: -2000)"]
2024-08-29 12:09:23.059 +05:30  DBG  Execution plan of exception filters (in the following order): ["None"]
2024-08-29 12:09:23.060 +05:30  DBG  Execution plan of result filters (in the following order): ["Microsoft.AspNetCore.Mvc.Infrastructure.ClientErrorResultFilter (Order: -2000)"]
2024-08-29 12:09:23.062 +05:30  DBG  Executing controller factory for controller Web.Ecommerce.Controllers.Seller.ProductController (Web.Ecommerce)
2024-08-29 12:09:23.063 +05:30  DBG  Executed controller factory for controller Web.Ecommerce.Controllers.Seller.ProductController (Web.Ecommerce)
2024-08-29 12:09:23.065 +05:30  VRB  Action Filter: Before executing OnActionExecuting on filter Microsoft.AspNetCore.Mvc.ModelBinding.UnsupportedContentTypeFilter.
2024-08-29 12:09:23.066 +05:30  VRB  Action Filter: After executing OnActionExecuting on filter Microsoft.AspNetCore.Mvc.ModelBinding.UnsupportedContentTypeFilter.
2024-08-29 12:09:23.068 +05:30  VRB  Action Filter: Before executing OnActionExecuting on filter Microsoft.AspNetCore.Mvc.Infrastructure.ModelStateInvalidFilter.
2024-08-29 12:09:23.070 +05:30  VRB  Action Filter: After executing OnActionExecuting on filter Microsoft.AspNetCore.Mvc.Infrastructure.ModelStateInvalidFilter.
2024-08-29 12:09:23.074 +05:30  INF  Executing action method Web.Ecommerce.Controllers.Seller.ProductController.GetAllProducts (Web.Ecommerce) - Validation state: "Valid"
2024-08-29 12:09:23.122 +05:30  DBG  Entity Framework Core 8.0.7 initialized 'EcommerceDbContext' using provider 'Microsoft.EntityFrameworkCore.SqlServer:8.0.7' with options: None
2024-08-29 12:09:23.128 +05:30  DBG  Compiling query expression: 
'DbSet<Product>()
    .Select(p => new ProductDto{ 
        ProductId = p.ProductId, 
        Name = p.Name, 
        Description = p.Description, 
        Category = p.Category, 
        Price = p.Price, 
        Quantity = p.Quantity, 
        SellerId = p.SellerId, 
        SellerName = p.Seller.StoreName 
    }
    )'
2024-08-29 12:09:23.179 +05:30  DBG  Generated query execution expression: 
'queryContext => new SingleQueryingEnumerable<ProductDto>(
    (RelationalQueryContext)queryContext, 
    RelationalCommandCache.QueryExpression(
        Projection Mapping:
            ProductId -> 0
            Name -> 1
            Description -> 2
            Category -> 3
            Price -> 4
            Quantity -> 5
            SellerId -> 6
            SellerName -> 7
        SELECT p.ProductId, p.Name, p.Description, p.Category, p.Price, p.Quantity, p.SellerId, s.StoreName AS SellerName
        FROM Products AS p
        INNER JOIN Sellers AS s ON p.SellerId == s.SellerId), 
    null, 
    Func<QueryContext, DbDataReader, ResultContext, SingleQueryResultCoordinator, ProductDto>, 
    Persistance.EcommerceDbContext, 
    False, 
    False, 
    True
)'
2024-08-29 12:09:23.184 +05:30  DBG  Creating DbConnection.
2024-08-29 12:09:23.185 +05:30  DBG  Created DbConnection. (0ms).
2024-08-29 12:09:23.186 +05:30  DBG  Opening connection to database 'Ecommerce' on server 'FGS-DSK-230\MSSQLSERVER2019'.
2024-08-29 12:09:23.187 +05:30  DBG  Opened connection to database 'Ecommerce' on server 'FGS-DSK-230\MSSQLSERVER2019'.
2024-08-29 12:09:23.188 +05:30  DBG  Creating DbCommand for 'ExecuteReader'.
2024-08-29 12:09:23.189 +05:30  DBG  Created DbCommand for 'ExecuteReader' (1ms).
2024-08-29 12:09:23.190 +05:30  DBG  Initialized DbCommand for 'ExecuteReader' (1ms).
2024-08-29 12:09:23.191 +05:30  DBG  Executing DbCommand [Parameters=[], CommandType='"Text"', CommandTimeout='30']
SELECT [p].[ProductId], [p].[Name], [p].[Description], [p].[Category], [p].[Price], [p].[Quantity], [p].[SellerId], [s].[StoreName] AS [SellerName]
FROM [Products] AS [p]
INNER JOIN [Sellers] AS [s] ON [p].[SellerId] = [s].[SellerId]
2024-08-29 12:09:23.195 +05:30  INF  Executed DbCommand (4ms) [Parameters=[], CommandType='"Text"', CommandTimeout='30']
SELECT [p].[ProductId], [p].[Name], [p].[Description], [p].[Category], [p].[Price], [p].[Quantity], [p].[SellerId], [s].[StoreName] AS [SellerName]
FROM [Products] AS [p]
INNER JOIN [Sellers] AS [s] ON [p].[SellerId] = [s].[SellerId]
2024-08-29 12:09:23.199 +05:30  DBG  Closing data reader to 'Ecommerce' on server 'FGS-DSK-230\MSSQLSERVER2019'.
2024-08-29 12:09:23.201 +05:30  DBG  A data reader for 'Ecommerce' on server 'FGS-DSK-230\MSSQLSERVER2019' is being disposed after spending 4ms reading results.
2024-08-29 12:09:23.203 +05:30  DBG  Closing connection to database 'Ecommerce' on server 'FGS-DSK-230\MSSQLSERVER2019'.
2024-08-29 12:09:23.204 +05:30  DBG  Closed connection to database 'Ecommerce' on server 'FGS-DSK-230\MSSQLSERVER2019' (0ms).
2024-08-29 12:09:23.210 +05:30  INF  Executed action method Web.Ecommerce.Controllers.Seller.ProductController.GetAllProducts (Web.Ecommerce), returned result Microsoft.AspNetCore.Mvc.OkObjectResult in 131.6944ms.
2024-08-29 12:09:23.212 +05:30  VRB  Action Filter: Before executing OnActionExecuted on filter Microsoft.AspNetCore.Mvc.Infrastructure.ModelStateInvalidFilter.
2024-08-29 12:09:23.213 +05:30  VRB  Action Filter: After executing OnActionExecuted on filter Microsoft.AspNetCore.Mvc.Infrastructure.ModelStateInvalidFilter.
2024-08-29 12:09:23.214 +05:30  VRB  Action Filter: Before executing OnActionExecuted on filter Microsoft.AspNetCore.Mvc.ModelBinding.UnsupportedContentTypeFilter.
2024-08-29 12:09:23.216 +05:30  VRB  Action Filter: After executing OnActionExecuted on filter Microsoft.AspNetCore.Mvc.ModelBinding.UnsupportedContentTypeFilter.
2024-08-29 12:09:23.219 +05:30  VRB  Result Filter: Before executing OnResultExecuting on filter Microsoft.AspNetCore.Mvc.Infrastructure.ClientErrorResultFilter.
2024-08-29 12:09:23.220 +05:30  VRB  Result Filter: After executing OnResultExecuting on filter Microsoft.AspNetCore.Mvc.Infrastructure.ClientErrorResultFilter.
2024-08-29 12:09:23.222 +05:30  VRB  Before executing action result Microsoft.AspNetCore.Mvc.OkObjectResult.
2024-08-29 12:09:23.224 +05:30  DBG  List of registered output formatters, in the following order: ["Microsoft.AspNetCore.Mvc.Formatters.HttpNoContentOutputFormatter","Microsoft.AspNetCore.Mvc.Formatters.StringOutputFormatter","Microsoft.AspNetCore.Mvc.Formatters.StreamOutputFormatter","Microsoft.AspNetCore.Mvc.Formatters.SystemTextJsonOutputFormatter"]
2024-08-29 12:09:23.227 +05:30  DBG  No information found on request to perform content negotiation.
2024-08-29 12:09:23.227 +05:30  DBG  Attempting to select an output formatter without using a content type as no explicit content types were specified for the response.
2024-08-29 12:09:23.228 +05:30  DBG  Attempting to select the first formatter in the output formatters list which can write the result.
2024-08-29 12:09:23.229 +05:30  DBG  Selected output formatter 'Microsoft.AspNetCore.Mvc.Formatters.SystemTextJsonOutputFormatter' and content type 'application/json' to write the response.
2024-08-29 12:09:23.230 +05:30  INF  Executing OkObjectResult, writing value of type 'System.Collections.Generic.List`1[[Application.Ecom.Dtos.ProductDto, Application.Ecom, Version=1.0.0.0, Culture=neutral, PublicKeyToken=null]]'.
2024-08-29 12:09:23.264 +05:30  VRB  Connection id "0HN67UK7EO97I" sending "HEADERS" frame for stream ID 1 with length 74 and flags "END_HEADERS".
2024-08-29 12:09:23.264 +05:30  VRB  After executing action result Microsoft.AspNetCore.Mvc.OkObjectResult.
2024-08-29 12:09:23.266 +05:30  VRB  Connection id "0HN67UK7EO97I" sending "DATA" frame for stream ID 1 with length 771 and flags "NONE".
2024-08-29 12:09:23.268 +05:30  VRB  Result Filter: Before executing OnResultExecuted on filter Microsoft.AspNetCore.Mvc.Infrastructure.ClientErrorResultFilter.
2024-08-29 12:09:23.275 +05:30  VRB  Result Filter: After executing OnResultExecuted on filter Microsoft.AspNetCore.Mvc.Infrastructure.ClientErrorResultFilter.
2024-08-29 12:09:23.280 +05:30  INF  Executed action Web.Ecommerce.Controllers.Seller.ProductController.GetAllProducts (Web.Ecommerce) in 216.4777ms
2024-08-29 12:09:23.282 +05:30  INF  Executed endpoint 'Web.Ecommerce.Controllers.Seller.ProductController.GetAllProducts (Web.Ecommerce)'
2024-08-29 12:09:23.283 +05:30  VRB  Connection id "0HN67UK7EO97I" sending "DATA" frame for stream ID 1 with length 0 and flags "END_STREAM".
2024-08-29 12:09:23.284 +05:30  DBG  'EcommerceDbContext' disposed.
2024-08-29 12:09:23.289 +05:30  DBG  Disposing connection to database 'Ecommerce' on server 'FGS-DSK-230\MSSQLSERVER2019'.
2024-08-29 12:09:23.291 +05:30  DBG  Disposed connection to database '' on server '' (1ms).
2024-08-29 12:09:23.292 +05:30  INF  Request finished HTTP/2 GET https://localhost:7113/api/Product - 200 null application/json; charset=utf-8 334.2748ms
2024-08-29 12:09:29.852 +05:30  DBG  Connection id "0HN67UK7EO97I" received FIN.
2024-08-29 12:09:29.854 +05:30  DBG  Connection id "0HN67UK7EO97I" is closed. The last processed stream ID was 1.
2024-08-29 12:09:29.854 +05:30  DBG  The connection queue processing loop for 0HN67UK7EO97I completed.
2024-08-29 12:09:29.855 +05:30  DBG  Connection id "0HN67UK7EO97I" sending FIN because: "The Socket transport's send loop completed gracefully."
2024-08-29 12:09:29.858 +05:30  DBG  Connection id "0HN67UK7EO97I" stopped.
2024-08-29 12:10:51.265 +05:30  DBG  Connection id "0HN67UK7EO97J" accepted.
2024-08-29 12:10:51.267 +05:30  DBG  Connection id "0HN67UK7EO97J" started.
2024-08-29 12:10:51.271 +05:30  DBG  Connection 0HN67UK7EO97J established using the following protocol: "Tls12"
2024-08-29 12:10:51.276 +05:30  VRB  Connection id "0HN67UK7EO97J" sending "SETTINGS" frame for stream ID 0 with length 24 and flags "NONE".
2024-08-29 12:10:51.278 +05:30  VRB  Connection id "0HN67UK7EO97J" sending "WINDOW_UPDATE" frame for stream ID 0 with length 4 and flags 0x0.
2024-08-29 12:10:51.281 +05:30  VRB  Connection id "0HN67UK7EO97J" received "SETTINGS" frame for stream ID 0 with length 24 and flags "NONE".
2024-08-29 12:10:51.282 +05:30  VRB  Connection id "0HN67UK7EO97J" sending "SETTINGS" frame for stream ID 0 with length 0 and flags "ACK".
2024-08-29 12:10:51.283 +05:30  VRB  Connection id "0HN67UK7EO97J" received "WINDOW_UPDATE" frame for stream ID 0 with length 4 and flags 0x0.
2024-08-29 12:10:51.287 +05:30  VRB  Connection id "0HN67UK7EO97J" received "HEADERS" frame for stream ID 1 with length 411 and flags "END_HEADERS, PRIORITY".
2024-08-29 12:10:51.290 +05:30  VRB  Connection id "0HN67UK7EO97J" received "DATA" frame for stream ID 1 with length 203 and flags "END_STREAM".
2024-08-29 12:10:51.290 +05:30  INF  Request starting HTTP/2 POST https://localhost:7113/api/Order/Place Order - application/json 203
2024-08-29 12:10:51.291 +05:30  VRB  Connection id "0HN67UK7EO97J" received "SETTINGS" frame for stream ID 0 with length 0 and flags "ACK".
2024-08-29 12:10:51.293 +05:30  VRB  All hosts are allowed.
2024-08-29 12:10:51.296 +05:30  DBG  1 candidate(s) found for the request path '/api/Order/Place Order'
2024-08-29 12:10:51.297 +05:30  DBG  Endpoint 'Web.Ecommerce.Controllers.Customer.OrderController.PlaceOrder (Web.Ecommerce)' with route pattern 'api/Order/Place Order' is valid for the request path '/api/Order/Place Order'
2024-08-29 12:10:51.298 +05:30  DBG  Request matched endpoint 'Web.Ecommerce.Controllers.Customer.OrderController.PlaceOrder (Web.Ecommerce)'
2024-08-29 12:10:51.299 +05:30  VRB  The endpoint does not specify the IRequestSizeLimitMetadata.
2024-08-29 12:10:51.299 +05:30  DBG  Static files was skipped as the request already matched an endpoint.
2024-08-29 12:10:51.301 +05:30  DBG  AuthenticationScheme: Bearer was not authenticated.
2024-08-29 12:10:51.305 +05:30  DBG  AuthenticationScheme: Bearer was not authenticated.
2024-08-29 12:10:51.305 +05:30  INF  Executing endpoint 'Web.Ecommerce.Controllers.Customer.OrderController.PlaceOrder (Web.Ecommerce)'
2024-08-29 12:10:51.313 +05:30  INF  Route matched with {action = "PlaceOrder", controller = "Order"}. Executing controller action with signature System.Threading.Tasks.Task`1[Microsoft.AspNetCore.Mvc.IActionResult] PlaceOrder(Application.Ecom.OrderOperations.Commands.PlaceOrder.PlaceOrderCommand) on controller Web.Ecommerce.Controllers.Customer.OrderController (Web.Ecommerce).
2024-08-29 12:10:51.315 +05:30  DBG  Execution plan of authorization filters (in the following order): ["None"]
2024-08-29 12:10:51.316 +05:30  DBG  Execution plan of resource filters (in the following order): ["None"]
2024-08-29 12:10:51.317 +05:30  DBG  Execution plan of action filters (in the following order): ["Microsoft.AspNetCore.Mvc.ModelBinding.UnsupportedContentTypeFilter (Order: -3000)","Microsoft.AspNetCore.Mvc.Infrastructure.ModelStateInvalidFilter (Order: -2000)"]
2024-08-29 12:10:51.319 +05:30  DBG  Execution plan of exception filters (in the following order): ["None"]
2024-08-29 12:10:51.320 +05:30  DBG  Execution plan of result filters (in the following order): ["Microsoft.AspNetCore.Mvc.Infrastructure.ClientErrorResultFilter (Order: -2000)"]
2024-08-29 12:10:51.321 +05:30  DBG  Executing controller factory for controller Web.Ecommerce.Controllers.Customer.OrderController (Web.Ecommerce)
2024-08-29 12:10:51.322 +05:30  DBG  Executed controller factory for controller Web.Ecommerce.Controllers.Customer.OrderController (Web.Ecommerce)
2024-08-29 12:10:51.338 +05:30  DBG  Attempting to bind parameter 'command' of type 'Application.Ecom.OrderOperations.Commands.PlaceOrder.PlaceOrderCommand' ...
2024-08-29 12:10:51.341 +05:30  DBG  Attempting to bind parameter 'command' of type 'Application.Ecom.OrderOperations.Commands.PlaceOrder.PlaceOrderCommand' using the name '' in request data ...
2024-08-29 12:10:51.343 +05:30  DBG  Selected input formatter 'Microsoft.AspNetCore.Mvc.Formatters.SystemTextJsonInputFormatter' for content type 'application/json'.
2024-08-29 12:10:51.354 +05:30  DBG  Connection id "0HN67UK7EO97J", Request id "0HN67UK7EO97J:00000001": started reading request body.
2024-08-29 12:10:51.355 +05:30  DBG  Connection id "0HN67UK7EO97J", Request id "0HN67UK7EO97J:00000001": done reading request body.
2024-08-29 12:10:51.369 +05:30  DBG  JSON input formatter succeeded, deserializing to type 'Application.Ecom.OrderOperations.Commands.PlaceOrder.PlaceOrderCommand'
2024-08-29 12:10:51.372 +05:30  DBG  Done attempting to bind parameter 'command' of type 'Application.Ecom.OrderOperations.Commands.PlaceOrder.PlaceOrderCommand'.
2024-08-29 12:10:51.373 +05:30  DBG  Done attempting to bind parameter 'command' of type 'Application.Ecom.OrderOperations.Commands.PlaceOrder.PlaceOrderCommand'.
2024-08-29 12:10:51.374 +05:30  DBG  Attempting to validate the bound parameter 'command' of type 'Application.Ecom.OrderOperations.Commands.PlaceOrder.PlaceOrderCommand' ...
2024-08-29 12:10:51.389 +05:30  DBG  Done attempting to validate the bound parameter 'command' of type 'Application.Ecom.OrderOperations.Commands.PlaceOrder.PlaceOrderCommand'.
2024-08-29 12:10:51.391 +05:30  VRB  Action Filter: Before executing OnActionExecuting on filter Microsoft.AspNetCore.Mvc.ModelBinding.UnsupportedContentTypeFilter.
2024-08-29 12:10:51.392 +05:30  VRB  Action Filter: After executing OnActionExecuting on filter Microsoft.AspNetCore.Mvc.ModelBinding.UnsupportedContentTypeFilter.
2024-08-29 12:10:51.393 +05:30  VRB  Action Filter: Before executing OnActionExecuting on filter Microsoft.AspNetCore.Mvc.Infrastructure.ModelStateInvalidFilter.
2024-08-29 12:10:51.394 +05:30  VRB  Action Filter: After executing OnActionExecuting on filter Microsoft.AspNetCore.Mvc.Infrastructure.ModelStateInvalidFilter.
2024-08-29 12:10:51.396 +05:30  INF  Executing action method Web.Ecommerce.Controllers.Customer.OrderController.PlaceOrder (Web.Ecommerce) - Validation state: "Valid"
2024-08-29 12:10:51.396 +05:30  VRB  Executing action method Web.Ecommerce.Controllers.Customer.OrderController.PlaceOrder (Web.Ecommerce) with arguments (["Application.Ecom.OrderOperations.Commands.PlaceOrder.PlaceOrderCommand"])
2024-08-29 12:10:51.411 +05:30  DBG  Entity Framework Core 8.0.7 initialized 'EcommerceDbContext' using provider 'Microsoft.EntityFrameworkCore.SqlServer:8.0.7' with options: None
2024-08-29 12:10:51.427 +05:30  DBG  Compiling query expression: 
'DbSet<Product>()
    .FirstOrDefault(e => object.Equals(
        objA: EF.Property<object>(e, "ProductId"), 
        objB: __get_Item_0))'
2024-08-29 12:10:51.434 +05:30  DBG  Generated query execution expression: 
'queryContext => ShapedQueryCompilingExpressionVisitor.SingleOrDefaultAsync<Product>(
    asyncEnumerable: new SingleQueryingEnumerable<Product>(
        (RelationalQueryContext)queryContext, 
        RelationalCommandCache.QueryExpression(
            Projection Mapping:
                EmptyProjectionMember -> Dictionary<IProperty, int> { [Property: Product.ProductId (Guid) Required PK AfterSave:Throw ValueGenerated.OnAdd, 0], [Property: Product.Category (string) Required MaxLength(20), 1], [Property: Product.CreatedAt (DateTime) Required, 2], [Property: Product.Description (string) Required MaxLength(500), 3], [Property: Product.IsDeleted (bool) Required, 4], [Property: Product.Name (string) Required MaxLength(100), 5], [Property: Product.Price (decimal) Required, 6], [Property: Product.Quantity (int) Required, 7], [Property: Product.SellerId (Guid) Required FK Index, 8], [Property: Product.UpdatedAt (DateTime) Required, 9], [Property: Product.UserId (no field, Guid?) Shadow FK Index, 10] }
            SELECT TOP(1) p.ProductId, p.Category, p.CreatedAt, p.Description, p.IsDeleted, p.Name, p.Price, p.Quantity, p.SellerId, p.UpdatedAt, p.UserId
            FROM Products AS p
            WHERE p.ProductId == @__get_Item_0), 
        null, 
        Func<QueryContext, DbDataReader, ResultContext, SingleQueryResultCoordinator, Product>, 
        Persistance.EcommerceDbContext, 
        False, 
        False, 
        True
    ), 
    cancellationToken: queryContext.CancellationToken)'
2024-08-29 12:10:51.442 +05:30  DBG  Creating DbConnection.
2024-08-29 12:10:51.443 +05:30  DBG  Created DbConnection. (0ms).
2024-08-29 12:10:51.444 +05:30  DBG  Opening connection to database 'Ecommerce' on server 'FGS-DSK-230\MSSQLSERVER2019'.
2024-08-29 12:10:51.445 +05:30  DBG  Opened connection to database 'Ecommerce' on server 'FGS-DSK-230\MSSQLSERVER2019'.
2024-08-29 12:10:51.446 +05:30  DBG  Creating DbCommand for 'ExecuteReader'.
2024-08-29 12:10:51.447 +05:30  DBG  Created DbCommand for 'ExecuteReader' (0ms).
2024-08-29 12:10:51.448 +05:30  DBG  Initialized DbCommand for 'ExecuteReader' (1ms).
2024-08-29 12:10:51.449 +05:30  DBG  Executing DbCommand [Parameters=[@__get_Item_0='?' (DbType = Guid)], CommandType='"Text"', CommandTimeout='30']
SELECT TOP(1) [p].[ProductId], [p].[Category], [p].[CreatedAt], [p].[Description], [p].[IsDeleted], [p].[Name], [p].[Price], [p].[Quantity], [p].[SellerId], [p].[UpdatedAt], [p].[UserId]
FROM [Products] AS [p]
WHERE [p].[ProductId] = @__get_Item_0
2024-08-29 12:10:51.456 +05:30  INF  Executed DbCommand (7ms) [Parameters=[@__get_Item_0='?' (DbType = Guid)], CommandType='"Text"', CommandTimeout='30']
SELECT TOP(1) [p].[ProductId], [p].[Category], [p].[CreatedAt], [p].[Description], [p].[IsDeleted], [p].[Name], [p].[Price], [p].[Quantity], [p].[SellerId], [p].[UpdatedAt], [p].[UserId]
FROM [Products] AS [p]
WHERE [p].[ProductId] = @__get_Item_0
2024-08-29 12:10:51.467 +05:30  DBG  Context 'EcommerceDbContext' started tracking 'Product' entity. Consider using 'DbContextOptionsBuilder.EnableSensitiveDataLogging' to see key values.
2024-08-29 12:10:51.485 +05:30  DBG  Closing data reader to 'Ecommerce' on server 'FGS-DSK-230\MSSQLSERVER2019'.
2024-08-29 12:10:51.488 +05:30  DBG  A data reader for 'Ecommerce' on server 'FGS-DSK-230\MSSQLSERVER2019' is being disposed after spending 27ms reading results.
2024-08-29 12:10:51.490 +05:30  DBG  Closing connection to database 'Ecommerce' on server 'FGS-DSK-230\MSSQLSERVER2019'.
2024-08-29 12:10:51.490 +05:30  DBG  Closed connection to database 'Ecommerce' on server 'FGS-DSK-230\MSSQLSERVER2019' (0ms).
2024-08-29 12:10:51.530 +05:30  DBG  Context 'EcommerceDbContext' started tracking 'Order' entity. Consider using 'DbContextOptionsBuilder.EnableSensitiveDataLogging' to see key values.
2024-08-29 12:10:51.546 +05:30  DBG  The navigation 'OrderItem.Order' was detected as changed. Consider using 'DbContextOptionsBuilder.EnableSensitiveDataLogging' to see key values.
2024-08-29 12:10:51.557 +05:30  DBG  The navigation 'OrderItem.Product' was detected as changed. Consider using 'DbContextOptionsBuilder.EnableSensitiveDataLogging' to see key values.
2024-08-29 12:10:51.561 +05:30  DBG  Context 'EcommerceDbContext' started tracking 'OrderItem' entity. Consider using 'DbContextOptionsBuilder.EnableSensitiveDataLogging' to see key values.
2024-08-29 12:10:51.577 +05:30  DBG  Creating DbCommand for 'ExecuteNonQuery'.
2024-08-29 12:10:51.578 +05:30  DBG  Created DbCommand for 'ExecuteNonQuery' (1ms).
2024-08-29 12:10:51.580 +05:30  DBG  Initialized DbCommand for 'ExecuteNonQuery' (3ms).
2024-08-29 12:10:51.581 +05:30  DBG  Opening connection to database 'Ecommerce' on server 'FGS-DSK-230\MSSQLSERVER2019'.
2024-08-29 12:10:51.582 +05:30  DBG  Opened connection to database 'Ecommerce' on server 'FGS-DSK-230\MSSQLSERVER2019'.
2024-08-29 12:10:51.583 +05:30  DBG  Executing DbCommand [Parameters=[@ProductId='?' (DbType = Guid), @Quantity='?' (DbType = Int32)], CommandType='"Text"', CommandTimeout='30']
EXEC ReduceProductQuantity @ProductId, @Quantity
2024-08-29 12:10:51.598 +05:30  INF  Executed DbCommand (16ms) [Parameters=[@ProductId='?' (DbType = Guid), @Quantity='?' (DbType = Int32)], CommandType='"Text"', CommandTimeout='30']
EXEC ReduceProductQuantity @ProductId, @Quantity
2024-08-29 12:10:51.602 +05:30  DBG  Closing connection to database 'Ecommerce' on server 'FGS-DSK-230\MSSQLSERVER2019'.
2024-08-29 12:10:51.603 +05:30  DBG  Closed connection to database 'Ecommerce' on server 'FGS-DSK-230\MSSQLSERVER2019' (1ms).
2024-08-29 12:10:51.608 +05:30  DBG  SaveChanges starting for 'EcommerceDbContext'.
2024-08-29 12:10:51.610 +05:30  DBG  DetectChanges starting for 'EcommerceDbContext'.
2024-08-29 12:10:51.641 +05:30  DBG  DetectChanges completed for 'EcommerceDbContext'.
2024-08-29 12:10:51.702 +05:30  DBG  Executing 2 update commands as a batch.
2024-08-29 12:10:51.706 +05:30  DBG  Opening connection to database 'Ecommerce' on server 'FGS-DSK-230\MSSQLSERVER2019'.
2024-08-29 12:10:51.707 +05:30  DBG  Opened connection to database 'Ecommerce' on server 'FGS-DSK-230\MSSQLSERVER2019'.
2024-08-29 12:10:51.709 +05:30  DBG  Beginning transaction with isolation level 'Unspecified'.
2024-08-29 12:10:51.714 +05:30  DBG  Began transaction with isolation level 'ReadCommitted'.
2024-08-29 12:10:51.718 +05:30  DBG  Creating DbCommand for 'ExecuteReader'.
2024-08-29 12:10:51.719 +05:30  DBG  Created DbCommand for 'ExecuteReader' (0ms).
2024-08-29 12:10:51.722 +05:30  DBG  Initialized DbCommand for 'ExecuteReader' (4ms).
2024-08-29 12:10:51.723 +05:30  DBG  Executing DbCommand [Parameters=[@p0='?' (DbType = Guid), @p1='?' (DbType = DateTime2), @p2='?' (DbType = Guid), @p3='?' (DbType = Date), @p4='?' (DbType = Boolean), @p5='?' (DbType = Boolean), @p6='?' (DbType = Boolean), @p7='?' (DbType = DateTime2), @p8='?' (Size = 50), @p9='?' (DbType = Guid), @p10='?' (DbType = Guid), @p11='?' (Size = 4000), @p12='?' (Precision = 18) (Scale = 2) (DbType = Decimal), @p13='?' (DbType = DateTime2), @p14='?' (DbType = Guid), @p15='?' (DbType = DateTime2), @p16='?' (DbType = Guid), @p17='?' (DbType = Guid), @p18='?' (DbType = Int32), @p19='?' (Precision = 8) (Scale = 2) (DbType = Decimal), @p20='?' (DbType = DateTime2)], CommandType='"Text"', CommandTimeout='30']
SET NOCOUNT ON;
INSERT INTO [Orders] ([OrderId], [CreatedAt], [CustomerId], [DeliveryDate], [IsCancelled], [IsDelivered], [IsPaid], [OrderDate], [OrderStatus], [PaymentId], [ReturnId], [ShippingAddress], [TotalAmount], [UpdatedAt])
VALUES (@p0, @p1, @p2, @p3, @p4, @p5, @p6, @p7, @p8, @p9, @p10, @p11, @p12, @p13);
INSERT INTO [OrderItems] ([OrderItemId], [CreatedAt], [OrderId], [ProductId], [Quantity], [UnitPrice], [UpdatedAt])
VALUES (@p14, @p15, @p16, @p17, @p18, @p19, @p20);
2024-08-29 12:10:51.744 +05:30  INF  Executed DbCommand (21ms) [Parameters=[@p0='?' (DbType = Guid), @p1='?' (DbType = DateTime2), @p2='?' (DbType = Guid), @p3='?' (DbType = Date), @p4='?' (DbType = Boolean), @p5='?' (DbType = Boolean), @p6='?' (DbType = Boolean), @p7='?' (DbType = DateTime2), @p8='?' (Size = 50), @p9='?' (DbType = Guid), @p10='?' (DbType = Guid), @p11='?' (Size = 4000), @p12='?' (Precision = 18) (Scale = 2) (DbType = Decimal), @p13='?' (DbType = DateTime2), @p14='?' (DbType = Guid), @p15='?' (DbType = DateTime2), @p16='?' (DbType = Guid), @p17='?' (DbType = Guid), @p18='?' (DbType = Int32), @p19='?' (Precision = 8) (Scale = 2) (DbType = Decimal), @p20='?' (DbType = DateTime2)], CommandType='"Text"', CommandTimeout='30']
SET NOCOUNT ON;
INSERT INTO [Orders] ([OrderId], [CreatedAt], [CustomerId], [DeliveryDate], [IsCancelled], [IsDelivered], [IsPaid], [OrderDate], [OrderStatus], [PaymentId], [ReturnId], [ShippingAddress], [TotalAmount], [UpdatedAt])
VALUES (@p0, @p1, @p2, @p3, @p4, @p5, @p6, @p7, @p8, @p9, @p10, @p11, @p12, @p13);
INSERT INTO [OrderItems] ([OrderItemId], [CreatedAt], [OrderId], [ProductId], [Quantity], [UnitPrice], [UpdatedAt])
VALUES (@p14, @p15, @p16, @p17, @p18, @p19, @p20);
2024-08-29 12:10:51.749 +05:30  DBG  Closing data reader to 'Ecommerce' on server 'FGS-DSK-230\MSSQLSERVER2019'.
2024-08-29 12:10:51.750 +05:30  DBG  A data reader for 'Ecommerce' on server 'FGS-DSK-230\MSSQLSERVER2019' is being disposed after spending 3ms reading results.
2024-08-29 12:10:51.755 +05:30  DBG  Committing transaction.
2024-08-29 12:10:51.758 +05:30  DBG  Committed transaction.
2024-08-29 12:10:51.760 +05:30  DBG  Closing connection to database 'Ecommerce' on server 'FGS-DSK-230\MSSQLSERVER2019'.
2024-08-29 12:10:51.761 +05:30  DBG  Closed connection to database 'Ecommerce' on server 'FGS-DSK-230\MSSQLSERVER2019' (1ms).
2024-08-29 12:10:51.763 +05:30  DBG  Disposing transaction.
2024-08-29 12:10:51.771 +05:30  DBG  An entity of type 'Order' tracked by 'EcommerceDbContext' changed state from '"Added"' to '"Unchanged"'. Consider using 'DbContextOptionsBuilder.EnableSensitiveDataLogging' to see key values.
2024-08-29 12:10:51.773 +05:30  DBG  An entity of type 'OrderItem' tracked by 'EcommerceDbContext' changed state from '"Added"' to '"Unchanged"'. Consider using 'DbContextOptionsBuilder.EnableSensitiveDataLogging' to see key values.
2024-08-29 12:10:51.775 +05:30  DBG  SaveChanges completed for 'EcommerceDbContext' with 2 entities written to the database.
2024-08-29 12:10:51.777 +05:30  INF  Executed action method Web.Ecommerce.Controllers.Customer.OrderController.PlaceOrder (Web.Ecommerce), returned result Microsoft.AspNetCore.Mvc.OkObjectResult in 379.5247ms.
2024-08-29 12:10:51.778 +05:30  VRB  Action Filter: Before executing OnActionExecuted on filter Microsoft.AspNetCore.Mvc.Infrastructure.ModelStateInvalidFilter.
2024-08-29 12:10:51.779 +05:30  VRB  Action Filter: After executing OnActionExecuted on filter Microsoft.AspNetCore.Mvc.Infrastructure.ModelStateInvalidFilter.
2024-08-29 12:10:51.780 +05:30  VRB  Action Filter: Before executing OnActionExecuted on filter Microsoft.AspNetCore.Mvc.ModelBinding.UnsupportedContentTypeFilter.
2024-08-29 12:10:51.781 +05:30  VRB  Action Filter: After executing OnActionExecuted on filter Microsoft.AspNetCore.Mvc.ModelBinding.UnsupportedContentTypeFilter.
2024-08-29 12:10:51.782 +05:30  VRB  Result Filter: Before executing OnResultExecuting on filter Microsoft.AspNetCore.Mvc.Infrastructure.ClientErrorResultFilter.
2024-08-29 12:10:51.784 +05:30  VRB  Result Filter: After executing OnResultExecuting on filter Microsoft.AspNetCore.Mvc.Infrastructure.ClientErrorResultFilter.
2024-08-29 12:10:51.786 +05:30  VRB  Before executing action result Microsoft.AspNetCore.Mvc.OkObjectResult.
2024-08-29 12:10:51.787 +05:30  DBG  List of registered output formatters, in the following order: ["Microsoft.AspNetCore.Mvc.Formatters.HttpNoContentOutputFormatter","Microsoft.AspNetCore.Mvc.Formatters.StringOutputFormatter","Microsoft.AspNetCore.Mvc.Formatters.StreamOutputFormatter","Microsoft.AspNetCore.Mvc.Formatters.SystemTextJsonOutputFormatter"]
2024-08-29 12:10:51.789 +05:30  DBG  No information found on request to perform content negotiation.
2024-08-29 12:10:51.789 +05:30  DBG  Attempting to select an output formatter without using a content type as no explicit content types were specified for the response.
2024-08-29 12:10:51.790 +05:30  DBG  Attempting to select the first formatter in the output formatters list which can write the result.
2024-08-29 12:10:51.791 +05:30  DBG  Selected output formatter 'Microsoft.AspNetCore.Mvc.Formatters.SystemTextJsonOutputFormatter' and content type 'application/json' to write the response.
2024-08-29 12:10:51.792 +05:30  INF  Executing OkObjectResult, writing value of type 'Application.Ecom.OrderOperations.Commands.PlaceOrder.PlaceOrderCommandResponse'.
2024-08-29 12:10:51.797 +05:30  VRB  After executing action result Microsoft.AspNetCore.Mvc.OkObjectResult.
2024-08-29 12:10:51.797 +05:30  VRB  Connection id "0HN67UK7EO97J" sending "HEADERS" frame for stream ID 1 with length 74 and flags "END_HEADERS".
2024-08-29 12:10:51.798 +05:30  VRB  Result Filter: Before executing OnResultExecuted on filter Microsoft.AspNetCore.Mvc.Infrastructure.ClientErrorResultFilter.
2024-08-29 12:10:51.800 +05:30  VRB  Result Filter: After executing OnResultExecuted on filter Microsoft.AspNetCore.Mvc.Infrastructure.ClientErrorResultFilter.
2024-08-29 12:10:51.802 +05:30  VRB  Connection id "0HN67UK7EO97J" sending "DATA" frame for stream ID 1 with length 139 and flags "NONE".
2024-08-29 12:10:51.804 +05:30  INF  Executed action Web.Ecommerce.Controllers.Customer.OrderController.PlaceOrder (Web.Ecommerce) in 482.3647ms
2024-08-29 12:10:51.806 +05:30  INF  Executed endpoint 'Web.Ecommerce.Controllers.Customer.OrderController.PlaceOrder (Web.Ecommerce)'
2024-08-29 12:10:51.807 +05:30  DBG  'EcommerceDbContext' disposed.
2024-08-29 12:10:51.807 +05:30  VRB  Connection id "0HN67UK7EO97J" sending "DATA" frame for stream ID 1 with length 0 and flags "END_STREAM".
2024-08-29 12:10:51.808 +05:30  DBG  Disposing connection to database 'Ecommerce' on server 'FGS-DSK-230\MSSQLSERVER2019'.
2024-08-29 12:10:51.810 +05:30  DBG  Disposed connection to database '' on server '' (2ms).
2024-08-29 12:10:51.811 +05:30  INF  Request finished HTTP/2 POST https://localhost:7113/api/Order/Place Order - 200 null application/json; charset=utf-8 521.2034ms
2024-08-29 12:11:00.000 +05:30  DBG  Connection id "0HN67UK7EO97J" received FIN.
2024-08-29 12:11:00.003 +05:30  DBG  Connection id "0HN67UK7EO97J" is closed. The last processed stream ID was 1.
2024-08-29 12:11:00.003 +05:30  DBG  The connection queue processing loop for 0HN67UK7EO97J completed.
2024-08-29 12:11:00.005 +05:30  DBG  Connection id "0HN67UK7EO97J" sending FIN because: "The Socket transport's send loop completed gracefully."
2024-08-29 12:11:00.018 +05:30  DBG  Connection id "0HN67UK7EO97J" stopped.
2024-08-29 12:11:51.474 +05:30  DBG  Connection id "0HN67UK7EO97K" accepted.
2024-08-29 12:11:51.480 +05:30  DBG  Connection id "0HN67UK7EO97K" started.
2024-08-29 12:11:51.482 +05:30  DBG  Connection 0HN67UK7EO97K established using the following protocol: "Tls12"
2024-08-29 12:11:51.483 +05:30  VRB  Connection id "0HN67UK7EO97K" sending "SETTINGS" frame for stream ID 0 with length 24 and flags "NONE".
2024-08-29 12:11:51.484 +05:30  VRB  Connection id "0HN67UK7EO97K" sending "WINDOW_UPDATE" frame for stream ID 0 with length 4 and flags 0x0.
2024-08-29 12:11:51.491 +05:30  VRB  Connection id "0HN67UK7EO97K" received "SETTINGS" frame for stream ID 0 with length 24 and flags "NONE".
2024-08-29 12:11:51.492 +05:30  VRB  Connection id "0HN67UK7EO97K" sending "SETTINGS" frame for stream ID 0 with length 0 and flags "ACK".
2024-08-29 12:11:51.493 +05:30  VRB  Connection id "0HN67UK7EO97K" received "WINDOW_UPDATE" frame for stream ID 0 with length 4 and flags 0x0.
2024-08-29 12:11:51.495 +05:30  VRB  Connection id "0HN67UK7EO97K" received "HEADERS" frame for stream ID 1 with length 373 and flags "END_STREAM, END_HEADERS, PRIORITY".
2024-08-29 12:11:51.496 +05:30  VRB  Connection id "0HN67UK7EO97K" received "SETTINGS" frame for stream ID 0 with length 0 and flags "ACK".
2024-08-29 12:11:51.496 +05:30  INF  Request starting HTTP/2 GET https://localhost:7113/api/Order/Get All Orders - null null
2024-08-29 12:11:51.499 +05:30  VRB  All hosts are allowed.
2024-08-29 12:11:51.501 +05:30  DBG  1 candidate(s) found for the request path '/api/Order/Get All Orders'
2024-08-29 12:11:51.501 +05:30  DBG  Endpoint 'Web.Ecommerce.Controllers.Customer.OrderController.GetAllOrdersQuery (Web.Ecommerce)' with route pattern 'api/Order/Get All Orders' is valid for the request path '/api/Order/Get All Orders'
2024-08-29 12:11:51.505 +05:30  DBG  Request matched endpoint 'Web.Ecommerce.Controllers.Customer.OrderController.GetAllOrdersQuery (Web.Ecommerce)'
2024-08-29 12:11:51.506 +05:30  VRB  The endpoint does not specify the IRequestSizeLimitMetadata.
2024-08-29 12:11:51.507 +05:30  DBG  Static files was skipped as the request already matched an endpoint.
2024-08-29 12:11:51.507 +05:30  DBG  AuthenticationScheme: Bearer was not authenticated.
2024-08-29 12:11:51.509 +05:30  DBG  AuthenticationScheme: Bearer was not authenticated.
2024-08-29 12:11:51.509 +05:30  INF  Executing endpoint 'Web.Ecommerce.Controllers.Customer.OrderController.GetAllOrdersQuery (Web.Ecommerce)'
2024-08-29 12:11:51.512 +05:30  INF  Route matched with {action = "GetAllOrdersQuery", controller = "Order"}. Executing controller action with signature System.Threading.Tasks.Task`1[Microsoft.AspNetCore.Mvc.IActionResult] GetAllOrdersQuery() on controller Web.Ecommerce.Controllers.Customer.OrderController (Web.Ecommerce).
2024-08-29 12:11:51.514 +05:30  DBG  Execution plan of authorization filters (in the following order): ["None"]
2024-08-29 12:11:51.515 +05:30  DBG  Execution plan of resource filters (in the following order): ["None"]
2024-08-29 12:11:51.516 +05:30  DBG  Execution plan of action filters (in the following order): ["Microsoft.AspNetCore.Mvc.ModelBinding.UnsupportedContentTypeFilter (Order: -3000)","Microsoft.AspNetCore.Mvc.Infrastructure.ModelStateInvalidFilter (Order: -2000)"]
2024-08-29 12:11:51.518 +05:30  DBG  Execution plan of exception filters (in the following order): ["None"]
2024-08-29 12:11:51.519 +05:30  DBG  Execution plan of result filters (in the following order): ["Microsoft.AspNetCore.Mvc.Infrastructure.ClientErrorResultFilter (Order: -2000)"]
2024-08-29 12:11:51.520 +05:30  DBG  Executing controller factory for controller Web.Ecommerce.Controllers.Customer.OrderController (Web.Ecommerce)
2024-08-29 12:11:51.522 +05:30  DBG  Executed controller factory for controller Web.Ecommerce.Controllers.Customer.OrderController (Web.Ecommerce)
2024-08-29 12:11:51.523 +05:30  VRB  Action Filter: Before executing OnActionExecuting on filter Microsoft.AspNetCore.Mvc.ModelBinding.UnsupportedContentTypeFilter.
2024-08-29 12:11:51.524 +05:30  VRB  Action Filter: After executing OnActionExecuting on filter Microsoft.AspNetCore.Mvc.ModelBinding.UnsupportedContentTypeFilter.
2024-08-29 12:11:51.525 +05:30  VRB  Action Filter: Before executing OnActionExecuting on filter Microsoft.AspNetCore.Mvc.Infrastructure.ModelStateInvalidFilter.
2024-08-29 12:11:51.526 +05:30  VRB  Action Filter: After executing OnActionExecuting on filter Microsoft.AspNetCore.Mvc.Infrastructure.ModelStateInvalidFilter.
2024-08-29 12:11:51.527 +05:30  INF  Executing action method Web.Ecommerce.Controllers.Customer.OrderController.GetAllOrdersQuery (Web.Ecommerce) - Validation state: "Valid"
2024-08-29 12:11:51.533 +05:30  DBG  Entity Framework Core 8.0.7 initialized 'EcommerceDbContext' using provider 'Microsoft.EntityFrameworkCore.SqlServer:8.0.7' with options: None
2024-08-29 12:11:51.540 +05:30  DBG  Compiling query expression: 
'DbSet<Order>()
    .Where(o => !(o.IsCancelled))
    .Include(o => o.Customer)
    .Include(o => o.OrderItems)
    .ThenInclude(oi => oi.Product)
    .Select(o => new OrderDto{ 
        OrderId = o.OrderId, 
        CustomerName = o.Customer.UserName, 
        OrderDate = o.OrderDate, 
        TotalAmount = o.TotalAmount, 
        IsPaid = o.IsPaid, 
        OrderStatus = o.OrderStatus, 
        IsDelivered = o.IsDelivered, 
        ShippingAddress = o.ShippingAddress, 
        OrderItems = o.OrderItems
            .Select(oi => new OrderItemDto{ 
                ProductId = oi.ProductId, 
                ProductName = oi.Product.Name, 
                Quantity = oi.Quantity 
            }
            )
            .ToList() 
    }
    )'
2024-08-29 12:11:51.588 +05:30  DBG  Generated query execution expression: 
'queryContext => new SingleQueryingEnumerable<OrderDto>(
    (RelationalQueryContext)queryContext, 
    RelationalCommandCache.QueryExpression(
        Client Projections:
            0 -> 0
            1 -> 1
            2 -> 2
            3 -> 3
            4 -> 4
            5 -> 5
            6 -> 6
            7 -> 7
            8 -> 8
            9 -> 9
            10 -> 10
            11 -> 11
            12 -> 12
            13 -> 13
        SELECT o.OrderId, a.UserName, o.OrderDate, o.TotalAmount, o.IsPaid, o.OrderStatus, o.IsDelivered, o.ShippingAddress, a.Id, t.ProductId, t.ProductName, t.Quantity, t.OrderItemId, t.ProductId0
        FROM Orders AS o
        INNER JOIN AspNetUsers AS a ON o.CustomerId == a.Id
        LEFT JOIN 
        (
            SELECT o0.ProductId, p.Name AS ProductName, o0.Quantity, o0.OrderItemId, p.ProductId AS ProductId0, o0.OrderId
            FROM OrderItems AS o0
            INNER JOIN Products AS p ON o0.ProductId == p.ProductId
        ) AS t ON o.OrderId == t.OrderId
        WHERE Not(o.IsCancelled)
        ORDER BY o.OrderId ASC, a.Id ASC, t.OrderItemId ASC), 
    null, 
    Func<QueryContext, DbDataReader, ResultContext, SingleQueryResultCoordinator, OrderDto>, 
    Persistance.EcommerceDbContext, 
    False, 
    False, 
    True
)'
2024-08-29 12:11:51.596 +05:30  DBG  Creating DbConnection.
2024-08-29 12:11:51.596 +05:30  DBG  Created DbConnection. (0ms).
2024-08-29 12:11:51.597 +05:30  DBG  Opening connection to database 'Ecommerce' on server 'FGS-DSK-230\MSSQLSERVER2019'.
2024-08-29 12:11:51.598 +05:30  DBG  Opened connection to database 'Ecommerce' on server 'FGS-DSK-230\MSSQLSERVER2019'.
2024-08-29 12:11:51.599 +05:30  DBG  Creating DbCommand for 'ExecuteReader'.
2024-08-29 12:11:51.599 +05:30  DBG  Created DbCommand for 'ExecuteReader' (0ms).
2024-08-29 12:11:51.600 +05:30  DBG  Initialized DbCommand for 'ExecuteReader' (1ms).
2024-08-29 12:11:51.601 +05:30  DBG  Executing DbCommand [Parameters=[], CommandType='"Text"', CommandTimeout='30']
SELECT [o].[OrderId], [a].[UserName], [o].[OrderDate], [o].[TotalAmount], [o].[IsPaid], [o].[OrderStatus], [o].[IsDelivered], [o].[ShippingAddress], [a].[Id], [t].[ProductId], [t].[ProductName], [t].[Quantity], [t].[OrderItemId], [t].[ProductId0]
FROM [Orders] AS [o]
INNER JOIN [AspNetUsers] AS [a] ON [o].[CustomerId] = [a].[Id]
LEFT JOIN (
    SELECT [o0].[ProductId], [p].[Name] AS [ProductName], [o0].[Quantity], [o0].[OrderItemId], [p].[ProductId] AS [ProductId0], [o0].[OrderId]
    FROM [OrderItems] AS [o0]
    INNER JOIN [Products] AS [p] ON [o0].[ProductId] = [p].[ProductId]
) AS [t] ON [o].[OrderId] = [t].[OrderId]
WHERE [o].[IsCancelled] = CAST(0 AS bit)
ORDER BY [o].[OrderId], [a].[Id], [t].[OrderItemId]
2024-08-29 12:11:51.611 +05:30  INF  Executed DbCommand (10ms) [Parameters=[], CommandType='"Text"', CommandTimeout='30']
SELECT [o].[OrderId], [a].[UserName], [o].[OrderDate], [o].[TotalAmount], [o].[IsPaid], [o].[OrderStatus], [o].[IsDelivered], [o].[ShippingAddress], [a].[Id], [t].[ProductId], [t].[ProductName], [t].[Quantity], [t].[OrderItemId], [t].[ProductId0]
FROM [Orders] AS [o]
INNER JOIN [AspNetUsers] AS [a] ON [o].[CustomerId] = [a].[Id]
LEFT JOIN (
    SELECT [o0].[ProductId], [p].[Name] AS [ProductName], [o0].[Quantity], [o0].[OrderItemId], [p].[ProductId] AS [ProductId0], [o0].[OrderId]
    FROM [OrderItems] AS [o0]
    INNER JOIN [Products] AS [p] ON [o0].[ProductId] = [p].[ProductId]
) AS [t] ON [o].[OrderId] = [t].[OrderId]
WHERE [o].[IsCancelled] = CAST(0 AS bit)
ORDER BY [o].[OrderId], [a].[Id], [t].[OrderItemId]
2024-08-29 12:11:51.617 +05:30  DBG  Closing data reader to 'Ecommerce' on server 'FGS-DSK-230\MSSQLSERVER2019'.
2024-08-29 12:11:51.619 +05:30  DBG  A data reader for 'Ecommerce' on server 'FGS-DSK-230\MSSQLSERVER2019' is being disposed after spending 4ms reading results.
2024-08-29 12:11:51.621 +05:30  DBG  Closing connection to database 'Ecommerce' on server 'FGS-DSK-230\MSSQLSERVER2019'.
2024-08-29 12:11:51.622 +05:30  DBG  Closed connection to database 'Ecommerce' on server 'FGS-DSK-230\MSSQLSERVER2019' (0ms).
2024-08-29 12:11:51.623 +05:30  INF  Executed action method Web.Ecommerce.Controllers.Customer.OrderController.GetAllOrdersQuery (Web.Ecommerce), returned result Microsoft.AspNetCore.Mvc.OkObjectResult in 95.0471ms.
2024-08-29 12:11:51.624 +05:30  VRB  Action Filter: Before executing OnActionExecuted on filter Microsoft.AspNetCore.Mvc.Infrastructure.ModelStateInvalidFilter.
2024-08-29 12:11:51.625 +05:30  VRB  Action Filter: After executing OnActionExecuted on filter Microsoft.AspNetCore.Mvc.Infrastructure.ModelStateInvalidFilter.
2024-08-29 12:11:51.626 +05:30  VRB  Action Filter: Before executing OnActionExecuted on filter Microsoft.AspNetCore.Mvc.ModelBinding.UnsupportedContentTypeFilter.
2024-08-29 12:11:51.627 +05:30  VRB  Action Filter: After executing OnActionExecuted on filter Microsoft.AspNetCore.Mvc.ModelBinding.UnsupportedContentTypeFilter.
2024-08-29 12:11:51.628 +05:30  VRB  Result Filter: Before executing OnResultExecuting on filter Microsoft.AspNetCore.Mvc.Infrastructure.ClientErrorResultFilter.
2024-08-29 12:11:51.629 +05:30  VRB  Result Filter: After executing OnResultExecuting on filter Microsoft.AspNetCore.Mvc.Infrastructure.ClientErrorResultFilter.
2024-08-29 12:11:51.630 +05:30  VRB  Before executing action result Microsoft.AspNetCore.Mvc.OkObjectResult.
2024-08-29 12:11:51.631 +05:30  DBG  List of registered output formatters, in the following order: ["Microsoft.AspNetCore.Mvc.Formatters.HttpNoContentOutputFormatter","Microsoft.AspNetCore.Mvc.Formatters.StringOutputFormatter","Microsoft.AspNetCore.Mvc.Formatters.StreamOutputFormatter","Microsoft.AspNetCore.Mvc.Formatters.SystemTextJsonOutputFormatter"]
2024-08-29 12:11:51.632 +05:30  DBG  No information found on request to perform content negotiation.
2024-08-29 12:11:51.633 +05:30  DBG  Attempting to select an output formatter without using a content type as no explicit content types were specified for the response.
2024-08-29 12:11:51.634 +05:30  DBG  Attempting to select the first formatter in the output formatters list which can write the result.
2024-08-29 12:11:51.635 +05:30  DBG  Selected output formatter 'Microsoft.AspNetCore.Mvc.Formatters.SystemTextJsonOutputFormatter' and content type 'application/json' to write the response.
2024-08-29 12:11:51.637 +05:30  INF  Executing OkObjectResult, writing value of type 'System.Collections.Generic.List`1[[Application.Ecom.Dtos.OrderDto, Application.Ecom, Version=1.0.0.0, Culture=neutral, PublicKeyToken=null]]'.
2024-08-29 12:11:51.650 +05:30  VRB  After executing action result Microsoft.AspNetCore.Mvc.OkObjectResult.
2024-08-29 12:11:51.650 +05:30  VRB  Connection id "0HN67UK7EO97K" sending "HEADERS" frame for stream ID 1 with length 74 and flags "END_HEADERS".
2024-08-29 12:11:51.651 +05:30  VRB  Result Filter: Before executing OnResultExecuted on filter Microsoft.AspNetCore.Mvc.Infrastructure.ClientErrorResultFilter.
2024-08-29 12:11:51.654 +05:30  VRB  Connection id "0HN67UK7EO97K" sending "DATA" frame for stream ID 1 with length 1014 and flags "NONE".
2024-08-29 12:11:51.655 +05:30  VRB  Result Filter: After executing OnResultExecuted on filter Microsoft.AspNetCore.Mvc.Infrastructure.ClientErrorResultFilter.
2024-08-29 12:11:51.661 +05:30  INF  Executed action Web.Ecommerce.Controllers.Customer.OrderController.GetAllOrdersQuery (Web.Ecommerce) in 140.715ms
2024-08-29 12:11:51.662 +05:30  INF  Executed endpoint 'Web.Ecommerce.Controllers.Customer.OrderController.GetAllOrdersQuery (Web.Ecommerce)'
2024-08-29 12:11:51.663 +05:30  DBG  'EcommerceDbContext' disposed.
2024-08-29 12:11:51.663 +05:30  VRB  Connection id "0HN67UK7EO97K" sending "DATA" frame for stream ID 1 with length 0 and flags "END_STREAM".
2024-08-29 12:11:51.663 +05:30  DBG  Disposing connection to database 'Ecommerce' on server 'FGS-DSK-230\MSSQLSERVER2019'.
2024-08-29 12:11:51.666 +05:30  DBG  Disposed connection to database '' on server '' (2ms).
2024-08-29 12:11:51.667 +05:30  INF  Request finished HTTP/2 GET https://localhost:7113/api/Order/Get All Orders - 200 null application/json; charset=utf-8 170.9538ms
2024-08-29 12:12:00.077 +05:30  DBG  Connection id "0HN67UK7EO97K" received FIN.
2024-08-29 12:12:00.079 +05:30  DBG  Connection id "0HN67UK7EO97K" is closed. The last processed stream ID was 1.
2024-08-29 12:12:00.080 +05:30  DBG  The connection queue processing loop for 0HN67UK7EO97K completed.
2024-08-29 12:12:00.081 +05:30  DBG  Connection id "0HN67UK7EO97K" sending FIN because: "The Socket transport's send loop completed gracefully."
2024-08-29 12:12:00.093 +05:30  DBG  Connection id "0HN67UK7EO97K" stopped.
2024-08-29 12:12:44.891 +05:30  DBG  Connection id "0HN67UK7EO97L" accepted.
2024-08-29 12:12:44.896 +05:30  DBG  Connection id "0HN67UK7EO97L" started.
2024-08-29 12:12:44.899 +05:30  DBG  Connection 0HN67UK7EO97L established using the following protocol: "Tls12"
2024-08-29 12:12:44.907 +05:30  VRB  Connection id "0HN67UK7EO97L" sending "SETTINGS" frame for stream ID 0 with length 24 and flags "NONE".
2024-08-29 12:12:44.909 +05:30  VRB  Connection id "0HN67UK7EO97L" sending "WINDOW_UPDATE" frame for stream ID 0 with length 4 and flags 0x0.
2024-08-29 12:12:44.911 +05:30  VRB  Connection id "0HN67UK7EO97L" received "SETTINGS" frame for stream ID 0 with length 24 and flags "NONE".
2024-08-29 12:12:44.912 +05:30  VRB  Connection id "0HN67UK7EO97L" sending "SETTINGS" frame for stream ID 0 with length 0 and flags "ACK".
2024-08-29 12:12:44.913 +05:30  VRB  Connection id "0HN67UK7EO97L" received "WINDOW_UPDATE" frame for stream ID 0 with length 4 and flags 0x0.
2024-08-29 12:12:44.915 +05:30  VRB  Connection id "0HN67UK7EO97L" received "HEADERS" frame for stream ID 1 with length 437 and flags "END_STREAM, END_HEADERS, PRIORITY".
2024-08-29 12:12:44.916 +05:30  VRB  Connection id "0HN67UK7EO97L" received "SETTINGS" frame for stream ID 0 with length 0 and flags "ACK".
2024-08-29 12:12:44.916 +05:30  INF  Request starting HTTP/2 PUT https://localhost:7113/api/Order/Cancel Order?orderId=2D1D1C3E-E0CB-4FD5-AC13-1E8B54DD35C1 - null 0
2024-08-29 12:12:44.920 +05:30  VRB  All hosts are allowed.
2024-08-29 12:12:44.921 +05:30  DBG  1 candidate(s) found for the request path '/api/Order/Cancel Order'
2024-08-29 12:12:44.922 +05:30  DBG  Endpoint 'Web.Ecommerce.Controllers.Customer.OrderController.CancelOrder (Web.Ecommerce)' with route pattern 'api/Order/Cancel Order' is valid for the request path '/api/Order/Cancel Order'
2024-08-29 12:12:44.923 +05:30  DBG  Request matched endpoint 'Web.Ecommerce.Controllers.Customer.OrderController.CancelOrder (Web.Ecommerce)'
2024-08-29 12:12:44.924 +05:30  VRB  The endpoint does not specify the IRequestSizeLimitMetadata.
2024-08-29 12:12:44.924 +05:30  DBG  Static files was skipped as the request already matched an endpoint.
2024-08-29 12:12:44.925 +05:30  DBG  AuthenticationScheme: Bearer was not authenticated.
2024-08-29 12:12:44.925 +05:30  DBG  AuthenticationScheme: Bearer was not authenticated.
2024-08-29 12:12:44.926 +05:30  INF  Executing endpoint 'Web.Ecommerce.Controllers.Customer.OrderController.CancelOrder (Web.Ecommerce)'
2024-08-29 12:12:44.930 +05:30  INF  Route matched with {action = "CancelOrder", controller = "Order"}. Executing controller action with signature System.Threading.Tasks.Task`1[Microsoft.AspNetCore.Mvc.IActionResult] CancelOrder(System.Guid) on controller Web.Ecommerce.Controllers.Customer.OrderController (Web.Ecommerce).
2024-08-29 12:12:44.932 +05:30  DBG  Execution plan of authorization filters (in the following order): ["None"]
2024-08-29 12:12:44.933 +05:30  DBG  Execution plan of resource filters (in the following order): ["None"]
2024-08-29 12:12:44.934 +05:30  DBG  Execution plan of action filters (in the following order): ["Microsoft.AspNetCore.Mvc.ModelBinding.UnsupportedContentTypeFilter (Order: -3000)","Microsoft.AspNetCore.Mvc.Infrastructure.ModelStateInvalidFilter (Order: -2000)"]
2024-08-29 12:12:44.936 +05:30  DBG  Execution plan of exception filters (in the following order): ["None"]
2024-08-29 12:12:44.938 +05:30  DBG  Execution plan of result filters (in the following order): ["Microsoft.AspNetCore.Mvc.Infrastructure.ClientErrorResultFilter (Order: -2000)"]
2024-08-29 12:12:44.939 +05:30  DBG  Executing controller factory for controller Web.Ecommerce.Controllers.Customer.OrderController (Web.Ecommerce)
2024-08-29 12:12:44.940 +05:30  DBG  Executed controller factory for controller Web.Ecommerce.Controllers.Customer.OrderController (Web.Ecommerce)
2024-08-29 12:12:44.950 +05:30  DBG  Attempting to bind parameter 'orderId' of type 'System.Guid' ...
2024-08-29 12:12:44.952 +05:30  DBG  Attempting to bind parameter 'orderId' of type 'System.Guid' using the name 'orderId' in request data ...
2024-08-29 12:12:44.956 +05:30  DBG  Done attempting to bind parameter 'orderId' of type 'System.Guid'.
2024-08-29 12:12:44.957 +05:30  DBG  Done attempting to bind parameter 'orderId' of type 'System.Guid'.
2024-08-29 12:12:44.958 +05:30  DBG  Attempting to validate the bound parameter 'orderId' of type 'System.Guid' ...
2024-08-29 12:12:44.959 +05:30  DBG  Done attempting to validate the bound parameter 'orderId' of type 'System.Guid'.
2024-08-29 12:12:44.960 +05:30  VRB  Action Filter: Before executing OnActionExecuting on filter Microsoft.AspNetCore.Mvc.ModelBinding.UnsupportedContentTypeFilter.
2024-08-29 12:12:44.961 +05:30  VRB  Action Filter: After executing OnActionExecuting on filter Microsoft.AspNetCore.Mvc.ModelBinding.UnsupportedContentTypeFilter.
2024-08-29 12:12:44.963 +05:30  VRB  Action Filter: Before executing OnActionExecuting on filter Microsoft.AspNetCore.Mvc.Infrastructure.ModelStateInvalidFilter.
2024-08-29 12:12:44.964 +05:30  VRB  Action Filter: After executing OnActionExecuting on filter Microsoft.AspNetCore.Mvc.Infrastructure.ModelStateInvalidFilter.
2024-08-29 12:12:44.965 +05:30  INF  Executing action method Web.Ecommerce.Controllers.Customer.OrderController.CancelOrder (Web.Ecommerce) - Validation state: "Valid"
2024-08-29 12:12:44.966 +05:30  VRB  Executing action method Web.Ecommerce.Controllers.Customer.OrderController.CancelOrder (Web.Ecommerce) with arguments (["2d1d1c3e-e0cb-4fd5-ac13-1e8b54dd35c1"])
2024-08-29 12:12:44.971 +05:30  DBG  Entity Framework Core 8.0.7 initialized 'EcommerceDbContext' using provider 'Microsoft.EntityFrameworkCore.SqlServer:8.0.7' with options: None
2024-08-29 12:12:44.974 +05:30  DBG  Compiling query expression: 
'DbSet<Order>()
    .Include(c => c.Customer)
    .Include(o => o.OrderItems)
    .ThenInclude(oi => oi.Product)
    .FirstOrDefault(o => o.OrderId == __request_OrderId_0)'
2024-08-29 12:12:44.977 +05:30  DBG  Including navigation: 'Order.Customer'.
2024-08-29 12:12:44.978 +05:30  DBG  Including navigation: 'Order.OrderItems'.
2024-08-29 12:12:44.979 +05:30  DBG  Including navigation: 'OrderItem.Product'.
2024-08-29 12:12:44.996 +05:30  DBG  Generated query execution expression: 
'queryContext => ShapedQueryCompilingExpressionVisitor.SingleOrDefaultAsync<Order>(
    asyncEnumerable: new SingleQueryingEnumerable<Order>(
        (RelationalQueryContext)queryContext, 
        RelationalCommandCache.QueryExpression(
            Client Projections:
                0 -> Dictionary<IProperty, int> { [Property: Order.OrderId (Guid) Required PK AfterSave:Throw ValueGenerated.OnAdd, 0], [Property: Order.CreatedAt (DateTime) Required, 1], [Property: Order.CustomerId (Guid) Required FK Index, 2], [Property: Order.DeliveryDate (DateOnly) Required, 3], [Property: Order.IsCancelled (bool) Required, 4], [Property: Order.IsDelivered (bool) Required, 5], [Property: Order.IsPaid (bool) Required, 6], [Property: Order.OrderDate (DateTime) Required, 7], [Property: Order.OrderStatus (string) Required MaxLength(50), 8], [Property: Order.PaymentId (Guid?), 9], [Property: Order.ReturnId (Guid?), 10], [Property: Order.ShippingAddress (string) Required, 11], [Property: Order.TotalAmount (decimal) Required, 12], [Property: Order.UpdatedAt (DateTime) Required, 13] }
                1 -> Dictionary<IProperty, int> { [Property: User.Id (Guid) Required PK AfterSave:Throw ValueGenerated.OnAdd, 14], [Property: User.AccessFailedCount (int) Required, 15], [Property: User.ConcurrencyStamp (string) Concurrency, 16], [Property: User.CreatedAt (DateTime) Required, 17], [Property: User.Email (string) MaxLength(256), 18], [Property: User.EmailConfirmed (bool) Required, 19], [Property: User.IsDeleted (bool) Required, 20], [Property: User.IsVerified (bool) Required, 21], [Property: User.LockoutEnabled (bool) Required, 22], [Property: User.LockoutEnd (DateTimeOffset?), 23], [Property: User.NormalizedEmail (string) Index MaxLength(256), 24], [Property: User.NormalizedUserName (string) Index MaxLength(256), 25], [Property: User.PasswordHash (string), 26], [Property: User.PhoneNumber (string), 27], [Property: User.PhoneNumberConfirmed (bool) Required, 28], [Property: User.SecurityStamp (string), 29], [Property: User.TwoFactorEnabled (bool) Required, 30], [Property: User.UpdatedAt (DateTime) Required, 31], [Property: User.UserName (string) MaxLength(256), 32] }
                2 -> 0
                3 -> 14
                4 -> Dictionary<IProperty, int> { [Property: OrderItem.OrderItemId (Guid) Required PK AfterSave:Throw ValueGenerated.OnAdd, 33], [Property: OrderItem.CreatedAt (DateTime) Required, 34], [Property: OrderItem.OrderId (Guid) Required FK Index, 35], [Property: OrderItem.ProductId (Guid) Required FK Index, 36], [Property: OrderItem.Quantity (int) Required, 37], [Property: OrderItem.UnitPrice (decimal) Required, 38], [Property: OrderItem.UpdatedAt (DateTime) Required, 39] }
                5 -> Dictionary<IProperty, int> { [Property: Product.ProductId (Guid) Required PK AfterSave:Throw ValueGenerated.OnAdd, 40], [Property: Product.Category (string) Required MaxLength(20), 41], [Property: Product.CreatedAt (DateTime) Required, 42], [Property: Product.Description (string) Required MaxLength(500), 43], [Property: Product.IsDeleted (bool) Required, 44], [Property: Product.Name (string) Required MaxLength(100), 45], [Property: Product.Price (decimal) Required, 46], [Property: Product.Quantity (int) Required, 47], [Property: Product.SellerId (Guid) Required FK Index, 48], [Property: Product.UpdatedAt (DateTime) Required, 49], [Property: Product.UserId (no field, Guid?) Shadow FK Index, 50] }
                6 -> 33
                7 -> 40
            SELECT t.OrderId, t.CreatedAt, t.CustomerId, t.DeliveryDate, t.IsCancelled, t.IsDelivered, t.IsPaid, t.OrderDate, t.OrderStatus, t.PaymentId, t.ReturnId, t.ShippingAddress, t.TotalAmount, t.UpdatedAt, t.Id, t.AccessFailedCount, t.ConcurrencyStamp, t.CreatedAt0, t.Email, t.EmailConfirmed, t.IsDeleted, t.IsVerified, t.LockoutEnabled, t.LockoutEnd, t.NormalizedEmail, t.NormalizedUserName, t.PasswordHash, t.PhoneNumber, t.PhoneNumberConfirmed, t.SecurityStamp, t.TwoFactorEnabled, t.UpdatedAt0, t.UserName, t0.OrderItemId, t0.CreatedAt, t0.OrderId, t0.ProductId, t0.Quantity, t0.UnitPrice, t0.UpdatedAt, t0.ProductId0, t0.Category, t0.CreatedAt0, t0.Description, t0.IsDeleted, t0.Name, t0.Price, t0.Quantity0, t0.SellerId, t0.UpdatedAt0, t0.UserId
            FROM 
            (
                SELECT TOP(1) o.OrderId, o.CreatedAt, o.CustomerId, o.DeliveryDate, o.IsCancelled, o.IsDelivered, o.IsPaid, o.OrderDate, o.OrderStatus, o.PaymentId, o.ReturnId, o.ShippingAddress, o.TotalAmount, o.UpdatedAt, a.Id, a.AccessFailedCount, a.ConcurrencyStamp, a.CreatedAt AS CreatedAt0, a.Email, a.EmailConfirmed, a.IsDeleted, a.IsVerified, a.LockoutEnabled, a.LockoutEnd, a.NormalizedEmail, a.NormalizedUserName, a.PasswordHash, a.PhoneNumber, a.PhoneNumberConfirmed, a.SecurityStamp, a.TwoFactorEnabled, a.UpdatedAt AS UpdatedAt0, a.UserName
                FROM Orders AS o
                INNER JOIN AspNetUsers AS a ON o.CustomerId == a.Id
                WHERE o.OrderId == @__request_OrderId_0
            ) AS t
            LEFT JOIN 
            (
                SELECT o0.OrderItemId, o0.CreatedAt, o0.OrderId, o0.ProductId, o0.Quantity, o0.UnitPrice, o0.UpdatedAt, p.ProductId AS ProductId0, p.Category, p.CreatedAt AS CreatedAt0, p.Description, p.IsDeleted, p.Name, p.Price, p.Quantity AS Quantity0, p.SellerId, p.UpdatedAt AS UpdatedAt0, p.UserId
                FROM OrderItems AS o0
                INNER JOIN Products AS p ON o0.ProductId == p.ProductId
            ) AS t0 ON t.OrderId == t0.OrderId
            ORDER BY t.OrderId ASC, t.Id ASC, t0.OrderItemId ASC), 
        null, 
        Func<QueryContext, DbDataReader, ResultContext, SingleQueryResultCoordinator, Order>, 
        Persistance.EcommerceDbContext, 
        False, 
        False, 
        True
    ), 
    cancellationToken: queryContext.CancellationToken)'
2024-08-29 12:12:45.006 +05:30  DBG  Creating DbConnection.
2024-08-29 12:12:45.006 +05:30  DBG  Created DbConnection. (0ms).
2024-08-29 12:12:45.007 +05:30  DBG  Opening connection to database 'Ecommerce' on server 'FGS-DSK-230\MSSQLSERVER2019'.
2024-08-29 12:12:45.008 +05:30  DBG  Opened connection to database 'Ecommerce' on server 'FGS-DSK-230\MSSQLSERVER2019'.
2024-08-29 12:12:45.009 +05:30  DBG  Creating DbCommand for 'ExecuteReader'.
2024-08-29 12:12:45.009 +05:30  DBG  Created DbCommand for 'ExecuteReader' (0ms).
2024-08-29 12:12:45.010 +05:30  DBG  Initialized DbCommand for 'ExecuteReader' (1ms).
2024-08-29 12:12:45.011 +05:30  DBG  Executing DbCommand [Parameters=[@__request_OrderId_0='?' (DbType = Guid)], CommandType='"Text"', CommandTimeout='30']
SELECT [t].[OrderId], [t].[CreatedAt], [t].[CustomerId], [t].[DeliveryDate], [t].[IsCancelled], [t].[IsDelivered], [t].[IsPaid], [t].[OrderDate], [t].[OrderStatus], [t].[PaymentId], [t].[ReturnId], [t].[ShippingAddress], [t].[TotalAmount], [t].[UpdatedAt], [t].[Id], [t].[AccessFailedCount], [t].[ConcurrencyStamp], [t].[CreatedAt0], [t].[Email], [t].[EmailConfirmed], [t].[IsDeleted], [t].[IsVerified], [t].[LockoutEnabled], [t].[LockoutEnd], [t].[NormalizedEmail], [t].[NormalizedUserName], [t].[PasswordHash], [t].[PhoneNumber], [t].[PhoneNumberConfirmed], [t].[SecurityStamp], [t].[TwoFactorEnabled], [t].[UpdatedAt0], [t].[UserName], [t0].[OrderItemId], [t0].[CreatedAt], [t0].[OrderId], [t0].[ProductId], [t0].[Quantity], [t0].[UnitPrice], [t0].[UpdatedAt], [t0].[ProductId0], [t0].[Category], [t0].[CreatedAt0], [t0].[Description], [t0].[IsDeleted], [t0].[Name], [t0].[Price], [t0].[Quantity0], [t0].[SellerId], [t0].[UpdatedAt0], [t0].[UserId]
FROM (
    SELECT TOP(1) [o].[OrderId], [o].[CreatedAt], [o].[CustomerId], [o].[DeliveryDate], [o].[IsCancelled], [o].[IsDelivered], [o].[IsPaid], [o].[OrderDate], [o].[OrderStatus], [o].[PaymentId], [o].[ReturnId], [o].[ShippingAddress], [o].[TotalAmount], [o].[UpdatedAt], [a].[Id], [a].[AccessFailedCount], [a].[ConcurrencyStamp], [a].[CreatedAt] AS [CreatedAt0], [a].[Email], [a].[EmailConfirmed], [a].[IsDeleted], [a].[IsVerified], [a].[LockoutEnabled], [a].[LockoutEnd], [a].[NormalizedEmail], [a].[NormalizedUserName], [a].[PasswordHash], [a].[PhoneNumber], [a].[PhoneNumberConfirmed], [a].[SecurityStamp], [a].[TwoFactorEnabled], [a].[UpdatedAt] AS [UpdatedAt0], [a].[UserName]
    FROM [Orders] AS [o]
    INNER JOIN [AspNetUsers] AS [a] ON [o].[CustomerId] = [a].[Id]
    WHERE [o].[OrderId] = @__request_OrderId_0
) AS [t]
LEFT JOIN (
    SELECT [o0].[OrderItemId], [o0].[CreatedAt], [o0].[OrderId], [o0].[ProductId], [o0].[Quantity], [o0].[UnitPrice], [o0].[UpdatedAt], [p].[ProductId] AS [ProductId0], [p].[Category], [p].[CreatedAt] AS [CreatedAt0], [p].[Description], [p].[IsDeleted], [p].[Name], [p].[Price], [p].[Quantity] AS [Quantity0], [p].[SellerId], [p].[UpdatedAt] AS [UpdatedAt0], [p].[UserId]
    FROM [OrderItems] AS [o0]
    INNER JOIN [Products] AS [p] ON [o0].[ProductId] = [p].[ProductId]
) AS [t0] ON [t].[OrderId] = [t0].[OrderId]
ORDER BY [t].[OrderId], [t].[Id], [t0].[OrderItemId]
2024-08-29 12:12:45.022 +05:30  INF  Executed DbCommand (11ms) [Parameters=[@__request_OrderId_0='?' (DbType = Guid)], CommandType='"Text"', CommandTimeout='30']
SELECT [t].[OrderId], [t].[CreatedAt], [t].[CustomerId], [t].[DeliveryDate], [t].[IsCancelled], [t].[IsDelivered], [t].[IsPaid], [t].[OrderDate], [t].[OrderStatus], [t].[PaymentId], [t].[ReturnId], [t].[ShippingAddress], [t].[TotalAmount], [t].[UpdatedAt], [t].[Id], [t].[AccessFailedCount], [t].[ConcurrencyStamp], [t].[CreatedAt0], [t].[Email], [t].[EmailConfirmed], [t].[IsDeleted], [t].[IsVerified], [t].[LockoutEnabled], [t].[LockoutEnd], [t].[NormalizedEmail], [t].[NormalizedUserName], [t].[PasswordHash], [t].[PhoneNumber], [t].[PhoneNumberConfirmed], [t].[SecurityStamp], [t].[TwoFactorEnabled], [t].[UpdatedAt0], [t].[UserName], [t0].[OrderItemId], [t0].[CreatedAt], [t0].[OrderId], [t0].[ProductId], [t0].[Quantity], [t0].[UnitPrice], [t0].[UpdatedAt], [t0].[ProductId0], [t0].[Category], [t0].[CreatedAt0], [t0].[Description], [t0].[IsDeleted], [t0].[Name], [t0].[Price], [t0].[Quantity0], [t0].[SellerId], [t0].[UpdatedAt0], [t0].[UserId]
FROM (
    SELECT TOP(1) [o].[OrderId], [o].[CreatedAt], [o].[CustomerId], [o].[DeliveryDate], [o].[IsCancelled], [o].[IsDelivered], [o].[IsPaid], [o].[OrderDate], [o].[OrderStatus], [o].[PaymentId], [o].[ReturnId], [o].[ShippingAddress], [o].[TotalAmount], [o].[UpdatedAt], [a].[Id], [a].[AccessFailedCount], [a].[ConcurrencyStamp], [a].[CreatedAt] AS [CreatedAt0], [a].[Email], [a].[EmailConfirmed], [a].[IsDeleted], [a].[IsVerified], [a].[LockoutEnabled], [a].[LockoutEnd], [a].[NormalizedEmail], [a].[NormalizedUserName], [a].[PasswordHash], [a].[PhoneNumber], [a].[PhoneNumberConfirmed], [a].[SecurityStamp], [a].[TwoFactorEnabled], [a].[UpdatedAt] AS [UpdatedAt0], [a].[UserName]
    FROM [Orders] AS [o]
    INNER JOIN [AspNetUsers] AS [a] ON [o].[CustomerId] = [a].[Id]
    WHERE [o].[OrderId] = @__request_OrderId_0
) AS [t]
LEFT JOIN (
    SELECT [o0].[OrderItemId], [o0].[CreatedAt], [o0].[OrderId], [o0].[ProductId], [o0].[Quantity], [o0].[UnitPrice], [o0].[UpdatedAt], [p].[ProductId] AS [ProductId0], [p].[Category], [p].[CreatedAt] AS [CreatedAt0], [p].[Description], [p].[IsDeleted], [p].[Name], [p].[Price], [p].[Quantity] AS [Quantity0], [p].[SellerId], [p].[UpdatedAt] AS [UpdatedAt0], [p].[UserId]
    FROM [OrderItems] AS [o0]
    INNER JOIN [Products] AS [p] ON [o0].[ProductId] = [p].[ProductId]
) AS [t0] ON [t].[OrderId] = [t0].[OrderId]
ORDER BY [t].[OrderId], [t].[Id], [t0].[OrderItemId]
2024-08-29 12:12:45.028 +05:30  DBG  Context 'EcommerceDbContext' started tracking 'Order' entity. Consider using 'DbContextOptionsBuilder.EnableSensitiveDataLogging' to see key values.
2024-08-29 12:12:45.031 +05:30  DBG  The navigation 'Order.Customer' was detected as changed. Consider using 'DbContextOptionsBuilder.EnableSensitiveDataLogging' to see key values.
2024-08-29 12:12:45.032 +05:30  DBG  Context 'EcommerceDbContext' started tracking 'User' entity. Consider using 'DbContextOptionsBuilder.EnableSensitiveDataLogging' to see key values.
2024-08-29 12:12:45.035 +05:30  DBG  Context 'EcommerceDbContext' started tracking 'OrderItem' entity. Consider using 'DbContextOptionsBuilder.EnableSensitiveDataLogging' to see key values.
2024-08-29 12:12:45.037 +05:30  DBG  The navigation 'OrderItem.Product' was detected as changed. Consider using 'DbContextOptionsBuilder.EnableSensitiveDataLogging' to see key values.
2024-08-29 12:12:45.038 +05:30  DBG  Context 'EcommerceDbContext' started tracking 'Product' entity. Consider using 'DbContextOptionsBuilder.EnableSensitiveDataLogging' to see key values.
2024-08-29 12:12:45.040 +05:30  DBG  Closing data reader to 'Ecommerce' on server 'FGS-DSK-230\MSSQLSERVER2019'.
2024-08-29 12:12:45.040 +05:30  DBG  A data reader for 'Ecommerce' on server 'FGS-DSK-230\MSSQLSERVER2019' is being disposed after spending 13ms reading results.
2024-08-29 12:12:45.042 +05:30  DBG  Closing connection to database 'Ecommerce' on server 'FGS-DSK-230\MSSQLSERVER2019'.
2024-08-29 12:12:45.042 +05:30  DBG  Closed connection to database 'Ecommerce' on server 'FGS-DSK-230\MSSQLSERVER2019' (0ms).
2024-08-29 12:12:45.044 +05:30  DBG  An entity of type 'Product' tracked by 'EcommerceDbContext' changed state from '"Unchanged"' to '"Modified"'. Consider using 'DbContextOptionsBuilder.EnableSensitiveDataLogging' to see key values.
2024-08-29 12:12:45.045 +05:30  DBG  SaveChanges starting for 'EcommerceDbContext'.
2024-08-29 12:12:45.046 +05:30  DBG  DetectChanges starting for 'EcommerceDbContext'.
2024-08-29 12:12:45.047 +05:30  DBG  The unchanged property 'Order.IsCancelled' was detected as changed and will be marked as modified. Consider using 'DbContextOptionsBuilder.EnableSensitiveDataLogging' to see property values.
2024-08-29 12:12:45.048 +05:30  DBG  An entity of type 'Order' tracked by 'EcommerceDbContext' changed state from '"Unchanged"' to '"Modified"'. Consider using 'DbContextOptionsBuilder.EnableSensitiveDataLogging' to see key values.
2024-08-29 12:12:45.050 +05:30  DBG  The unchanged property 'Order.OrderStatus' was detected as changed and will be marked as modified. Consider using 'DbContextOptionsBuilder.EnableSensitiveDataLogging' to see property values.
2024-08-29 12:12:45.060 +05:30  DBG  DetectChanges completed for 'EcommerceDbContext'.
2024-08-29 12:12:45.067 +05:30  DBG  Executing 2 update commands as a batch.
2024-08-29 12:12:45.069 +05:30  DBG  Opening connection to database 'Ecommerce' on server 'FGS-DSK-230\MSSQLSERVER2019'.
2024-08-29 12:12:45.071 +05:30  DBG  Opened connection to database 'Ecommerce' on server 'FGS-DSK-230\MSSQLSERVER2019'.
2024-08-29 12:12:45.073 +05:30  DBG  Beginning transaction with isolation level 'Unspecified'.
2024-08-29 12:12:45.074 +05:30  DBG  Began transaction with isolation level 'ReadCommitted'.
2024-08-29 12:12:45.075 +05:30  DBG  Creating DbCommand for 'ExecuteReader'.
2024-08-29 12:12:45.076 +05:30  DBG  Created DbCommand for 'ExecuteReader' (0ms).
2024-08-29 12:12:45.077 +05:30  DBG  Initialized DbCommand for 'ExecuteReader' (1ms).
2024-08-29 12:12:45.078 +05:30  DBG  Executing DbCommand [Parameters=[@p2='?' (DbType = Guid), @p0='?' (DbType = Boolean), @p1='?' (Size = 50), @p13='?' (DbType = Guid), @p3='?' (Size = 20), @p4='?' (DbType = DateTime2), @p5='?' (Size = 500), @p6='?' (DbType = Boolean), @p7='?' (Size = 100), @p8='?' (Precision = 8) (Scale = 2) (DbType = Decimal), @p9='?' (DbType = Int32), @p10='?' (DbType = Guid), @p11='?' (DbType = DateTime2), @p12='?' (DbType = Guid)], CommandType='"Text"', CommandTimeout='30']
SET NOCOUNT ON;
UPDATE [Orders] SET [IsCancelled] = @p0, [OrderStatus] = @p1
OUTPUT 1
WHERE [OrderId] = @p2;
UPDATE [Products] SET [Category] = @p3, [CreatedAt] = @p4, [Description] = @p5, [IsDeleted] = @p6, [Name] = @p7, [Price] = @p8, [Quantity] = @p9, [SellerId] = @p10, [UpdatedAt] = @p11, [UserId] = @p12
OUTPUT 1
WHERE [ProductId] = @p13;
2024-08-29 12:12:45.097 +05:30  INF  Executed DbCommand (19ms) [Parameters=[@p2='?' (DbType = Guid), @p0='?' (DbType = Boolean), @p1='?' (Size = 50), @p13='?' (DbType = Guid), @p3='?' (Size = 20), @p4='?' (DbType = DateTime2), @p5='?' (Size = 500), @p6='?' (DbType = Boolean), @p7='?' (Size = 100), @p8='?' (Precision = 8) (Scale = 2) (DbType = Decimal), @p9='?' (DbType = Int32), @p10='?' (DbType = Guid), @p11='?' (DbType = DateTime2), @p12='?' (DbType = Guid)], CommandType='"Text"', CommandTimeout='30']
SET NOCOUNT ON;
UPDATE [Orders] SET [IsCancelled] = @p0, [OrderStatus] = @p1
OUTPUT 1
WHERE [OrderId] = @p2;
UPDATE [Products] SET [Category] = @p3, [CreatedAt] = @p4, [Description] = @p5, [IsDeleted] = @p6, [Name] = @p7, [Price] = @p8, [Quantity] = @p9, [SellerId] = @p10, [UpdatedAt] = @p11, [UserId] = @p12
OUTPUT 1
WHERE [ProductId] = @p13;
2024-08-29 12:12:45.103 +05:30  DBG  Closing data reader to 'Ecommerce' on server 'FGS-DSK-230\MSSQLSERVER2019'.
2024-08-29 12:12:45.104 +05:30  DBG  A data reader for 'Ecommerce' on server 'FGS-DSK-230\MSSQLSERVER2019' is being disposed after spending 4ms reading results.
2024-08-29 12:12:45.106 +05:30  DBG  Committing transaction.
2024-08-29 12:12:45.107 +05:30  DBG  Committed transaction.
2024-08-29 12:12:45.108 +05:30  DBG  Closing connection to database 'Ecommerce' on server 'FGS-DSK-230\MSSQLSERVER2019'.
2024-08-29 12:12:45.109 +05:30  DBG  Closed connection to database 'Ecommerce' on server 'FGS-DSK-230\MSSQLSERVER2019' (0ms).
2024-08-29 12:12:45.110 +05:30  DBG  Disposing transaction.
2024-08-29 12:12:45.111 +05:30  DBG  An entity of type 'Product' tracked by 'EcommerceDbContext' changed state from '"Modified"' to '"Unchanged"'. Consider using 'DbContextOptionsBuilder.EnableSensitiveDataLogging' to see key values.
2024-08-29 12:12:45.112 +05:30  DBG  An entity of type 'Order' tracked by 'EcommerceDbContext' changed state from '"Modified"' to '"Unchanged"'. Consider using 'DbContextOptionsBuilder.EnableSensitiveDataLogging' to see key values.
2024-08-29 12:12:45.113 +05:30  DBG  SaveChanges completed for 'EcommerceDbContext' with 2 entities written to the database.
2024-08-29 12:12:45.114 +05:30  INF  Executed action method Web.Ecommerce.Controllers.Customer.OrderController.CancelOrder (Web.Ecommerce), returned result Microsoft.AspNetCore.Mvc.OkObjectResult in 146.8968ms.
2024-08-29 12:12:45.115 +05:30  VRB  Action Filter: Before executing OnActionExecuted on filter Microsoft.AspNetCore.Mvc.Infrastructure.ModelStateInvalidFilter.
2024-08-29 12:12:45.116 +05:30  VRB  Action Filter: After executing OnActionExecuted on filter Microsoft.AspNetCore.Mvc.Infrastructure.ModelStateInvalidFilter.
2024-08-29 12:12:45.117 +05:30  VRB  Action Filter: Before executing OnActionExecuted on filter Microsoft.AspNetCore.Mvc.ModelBinding.UnsupportedContentTypeFilter.
2024-08-29 12:12:45.118 +05:30  VRB  Action Filter: After executing OnActionExecuted on filter Microsoft.AspNetCore.Mvc.ModelBinding.UnsupportedContentTypeFilter.
2024-08-29 12:12:45.121 +05:30  VRB  Result Filter: Before executing OnResultExecuting on filter Microsoft.AspNetCore.Mvc.Infrastructure.ClientErrorResultFilter.
2024-08-29 12:12:45.123 +05:30  VRB  Result Filter: After executing OnResultExecuting on filter Microsoft.AspNetCore.Mvc.Infrastructure.ClientErrorResultFilter.
2024-08-29 12:12:45.124 +05:30  VRB  Before executing action result Microsoft.AspNetCore.Mvc.OkObjectResult.
2024-08-29 12:12:45.125 +05:30  DBG  List of registered output formatters, in the following order: ["Microsoft.AspNetCore.Mvc.Formatters.HttpNoContentOutputFormatter","Microsoft.AspNetCore.Mvc.Formatters.StringOutputFormatter","Microsoft.AspNetCore.Mvc.Formatters.StreamOutputFormatter","Microsoft.AspNetCore.Mvc.Formatters.SystemTextJsonOutputFormatter"]
2024-08-29 12:12:45.126 +05:30  DBG  No information found on request to perform content negotiation.
2024-08-29 12:12:45.127 +05:30  DBG  Attempting to select an output formatter without using a content type as no explicit content types were specified for the response.
2024-08-29 12:12:45.127 +05:30  DBG  Attempting to select the first formatter in the output formatters list which can write the result.
2024-08-29 12:12:45.128 +05:30  DBG  Selected output formatter 'Microsoft.AspNetCore.Mvc.Formatters.SystemTextJsonOutputFormatter' and content type 'application/json' to write the response.
2024-08-29 12:12:45.129 +05:30  INF  Executing OkObjectResult, writing value of type 'Application.Ecom.OrderOperations.Commands.CancelOrder.CancelOrderResponse'.
2024-08-29 12:12:45.131 +05:30  VRB  After executing action result Microsoft.AspNetCore.Mvc.OkObjectResult.
2024-08-29 12:12:45.131 +05:30  VRB  Connection id "0HN67UK7EO97L" sending "HEADERS" frame for stream ID 1 with length 74 and flags "END_HEADERS".
2024-08-29 12:12:45.131 +05:30  VRB  Result Filter: Before executing OnResultExecuted on filter Microsoft.AspNetCore.Mvc.Infrastructure.ClientErrorResultFilter.
2024-08-29 12:12:45.132 +05:30  VRB  Result Filter: After executing OnResultExecuted on filter Microsoft.AspNetCore.Mvc.Infrastructure.ClientErrorResultFilter.
2024-08-29 12:12:45.133 +05:30  INF  Executed action Web.Ecommerce.Controllers.Customer.OrderController.CancelOrder (Web.Ecommerce) in 194.7475ms
2024-08-29 12:12:45.135 +05:30  VRB  Connection id "0HN67UK7EO97L" sending "DATA" frame for stream ID 1 with length 106 and flags "NONE".
2024-08-29 12:12:45.137 +05:30  INF  Executed endpoint 'Web.Ecommerce.Controllers.Customer.OrderController.CancelOrder (Web.Ecommerce)'
2024-08-29 12:12:45.139 +05:30  VRB  Connection id "0HN67UK7EO97L" sending "DATA" frame for stream ID 1 with length 0 and flags "END_STREAM".
2024-08-29 12:12:45.139 +05:30  DBG  'EcommerceDbContext' disposed.
2024-08-29 12:12:45.141 +05:30  DBG  Disposing connection to database 'Ecommerce' on server 'FGS-DSK-230\MSSQLSERVER2019'.
2024-08-29 12:12:45.142 +05:30  DBG  Disposed connection to database '' on server '' (1ms).
2024-08-29 12:12:45.143 +05:30  INF  Request finished HTTP/2 PUT https://localhost:7113/api/Order/Cancel Order?orderId=2D1D1C3E-E0CB-4FD5-AC13-1E8B54DD35C1 - 200 null application/json; charset=utf-8 226.9364ms
2024-08-29 12:12:50.137 +05:30  DBG  Connection id "0HN67UK7EO97L" received FIN.
2024-08-29 12:12:50.138 +05:30  DBG  Connection id "0HN67UK7EO97L" is closed. The last processed stream ID was 1.
2024-08-29 12:12:50.138 +05:30  DBG  The connection queue processing loop for 0HN67UK7EO97L completed.
2024-08-29 12:12:50.139 +05:30  DBG  Connection id "0HN67UK7EO97L" sending FIN because: "The Socket transport's send loop completed gracefully."
2024-08-29 12:12:50.141 +05:30  DBG  Connection id "0HN67UK7EO97L" stopped.
2024-08-29 12:32:11.292 +05:30  DBG  Registered model binder providers, in the following order: ["Microsoft.AspNetCore.Mvc.ModelBinding.Binders.BinderTypeModelBinderProvider","Microsoft.AspNetCore.Mvc.ModelBinding.Binders.ServicesModelBinderProvider","Microsoft.AspNetCore.Mvc.ModelBinding.Binders.BodyModelBinderProvider","Microsoft.AspNetCore.Mvc.ModelBinding.Binders.HeaderModelBinderProvider","Microsoft.AspNetCore.Mvc.ModelBinding.Binders.FloatingPointTypeModelBinderProvider","Microsoft.AspNetCore.Mvc.ModelBinding.Binders.EnumTypeModelBinderProvider","Microsoft.AspNetCore.Mvc.ModelBinding.Binders.DateTimeModelBinderProvider","Microsoft.AspNetCore.Mvc.ModelBinding.Binders.SimpleTypeModelBinderProvider","Microsoft.AspNetCore.Mvc.ModelBinding.Binders.TryParseModelBinderProvider","Microsoft.AspNetCore.Mvc.ModelBinding.Binders.CancellationTokenModelBinderProvider","Microsoft.AspNetCore.Mvc.ModelBinding.Binders.ByteArrayModelBinderProvider","Microsoft.AspNetCore.Mvc.ModelBinding.Binders.FormFileModelBinderProvider","Microsoft.AspNetCore.Mvc.ModelBinding.Binders.FormCollectionModelBinderProvider","Microsoft.AspNetCore.Mvc.ModelBinding.Binders.KeyValuePairModelBinderProvider","Microsoft.AspNetCore.Mvc.ModelBinding.Binders.DictionaryModelBinderProvider","Microsoft.AspNetCore.Mvc.ModelBinding.Binders.ArrayModelBinderProvider","Microsoft.AspNetCore.Mvc.ModelBinding.Binders.CollectionModelBinderProvider","Microsoft.AspNetCore.Mvc.ModelBinding.Binders.ComplexObjectModelBinderProvider"]
2024-08-29 12:32:11.582 +05:30  DBG  An 'IServiceProvider' was created for internal use by Entity Framework.
2024-08-29 12:32:11.726 +05:30  INF  User profile is available. Using 'C:\Users\arjun.hariprasad\AppData\Local\ASP.NET\DataProtection-Keys' as key repository and Windows DPAPI to encrypt keys at rest.
2024-08-29 12:32:12.064 +05:30  WRN  Navigations 'Order.Payments' and 'Payment.Order' were separated into two relationships since the [ForeignKey] attribute was specified on navigations on both sides.
2024-08-29 12:32:12.069 +05:30  WRN  Navigations 'Order.Return' and 'Return.Order' were separated into two relationships since the [ForeignKey] attribute was specified on navigations on both sides.
2024-08-29 12:32:12.074 +05:30  WRN  Navigations 'Payment.Return' and 'Return.Payment' were separated into two relationships since the [ForeignKey] attribute was specified on navigations on both sides.
2024-08-29 12:32:12.155 +05:30  WRN  Navigations 'Order.Payments' and 'Payment.Order' were separated into two relationships since the [ForeignKey] attribute was specified on navigations on both sides.
2024-08-29 12:32:12.158 +05:30  WRN  Navigations 'Payment.Order' and 'Order.Payments' were separated into two relationships since the [ForeignKey] attribute was specified on navigations on both sides.
2024-08-29 12:32:12.160 +05:30  WRN  Navigations 'Payment.Order' and 'Order.Payments' were separated into two relationships since the [ForeignKey] attribute was specified on navigations on both sides.
2024-08-29 12:32:12.162 +05:30  WRN  Navigations 'Payment.Order' and 'Order.Payments' were separated into two relationships since the [ForeignKey] attribute was specified on navigations on both sides.
2024-08-29 12:32:12.164 +05:30  WRN  Navigations 'Order.Return' and 'Return.Order' were separated into two relationships since the [ForeignKey] attribute was specified on navigations on both sides.
2024-08-29 12:32:12.166 +05:30  WRN  Navigations 'Return.Order' and 'Order.Return' were separated into two relationships since the [ForeignKey] attribute was specified on navigations on both sides.
2024-08-29 12:32:12.168 +05:30  WRN  Navigations 'Return.Order' and 'Order.Return' were separated into two relationships since the [ForeignKey] attribute was specified on navigations on both sides.
2024-08-29 12:32:12.170 +05:30  WRN  Navigations 'Return.Order' and 'Order.Return' were separated into two relationships since the [ForeignKey] attribute was specified on navigations on both sides.
2024-08-29 12:32:12.188 +05:30  DBG  The index {'UserId'} was not created on entity type 'IdentityUserRole<Guid>' as the properties are already covered by the index {'UserId', 'RoleId'}.
2024-08-29 12:32:12.190 +05:30  DBG  The index {'UserId'} was not created on entity type 'IdentityUserToken<Guid>' as the properties are already covered by the index {'UserId', 'LoginProvider', 'Name'}.
2024-08-29 12:32:12.311 +05:30  DBG  The property 'Product.UserId' was created in shadow state because there are no eligible CLR members with a matching name.
2024-08-29 12:32:12.443 +05:30  DBG  Entity Framework Core 8.0.8 initialized 'EcommerceDbContext' using provider 'Microsoft.EntityFrameworkCore.SqlServer:8.0.8' with options: None
2024-08-29 12:32:12.563 +05:30  DBG  Compiling query expression: 
'DbSet<IdentityRole<Guid>>()
    .FirstOrDefault(r => r.NormalizedName == __normalizedName_0)'
2024-08-29 12:32:12.705 +05:30  DBG  Generated query execution expression: 
'queryContext => ShapedQueryCompilingExpressionVisitor.SingleOrDefaultAsync<IdentityRole<Guid>>(
    asyncEnumerable: new SingleQueryingEnumerable<IdentityRole<Guid>>(
        (RelationalQueryContext)queryContext, 
        RelationalCommandCache.QueryExpression(
            Projection Mapping:
                EmptyProjectionMember -> Dictionary<IProperty, int> { [Property: IdentityRole<Guid>.Id (Guid) Required PK AfterSave:Throw ValueGenerated.OnAdd, 0], [Property: IdentityRole<Guid>.ConcurrencyStamp (string) Concurrency, 1], [Property: IdentityRole<Guid>.Name (string) MaxLength(256), 2], [Property: IdentityRole<Guid>.NormalizedName (string) Index MaxLength(256), 3] }
            SELECT TOP(1) a.Id, a.ConcurrencyStamp, a.Name, a.NormalizedName
            FROM AspNetRoles AS a
            WHERE a.NormalizedName == @__normalizedName_0), 
        null, 
        Func<QueryContext, DbDataReader, ResultContext, SingleQueryResultCoordinator, IdentityRole<Guid>>, 
        Persistance.EcommerceDbContext, 
        False, 
        False, 
        True
    ), 
    cancellationToken: queryContext.CancellationToken)'
2024-08-29 12:32:12.739 +05:30  DBG  Creating DbConnection.
2024-08-29 12:32:12.760 +05:30  DBG  Created DbConnection. (19ms).
2024-08-29 12:32:12.764 +05:30  DBG  Opening connection to database 'Ecommerce' on server 'FGS-DSK-230\MSSQLSERVER2019'.
2024-08-29 12:32:13.050 +05:30  DBG  Opened connection to database 'Ecommerce' on server 'FGS-DSK-230\MSSQLSERVER2019'.
2024-08-29 12:32:13.054 +05:30  DBG  Creating DbCommand for 'ExecuteReader'.
2024-08-29 12:32:13.060 +05:30  DBG  Created DbCommand for 'ExecuteReader' (4ms).
2024-08-29 12:32:13.069 +05:30  DBG  Initialized DbCommand for 'ExecuteReader' (15ms).
2024-08-29 12:32:13.076 +05:30  DBG  Executing DbCommand [Parameters=[@__normalizedName_0='?' (Size = 256)], CommandType='"Text"', CommandTimeout='30']
SELECT TOP(1) [a].[Id], [a].[ConcurrencyStamp], [a].[Name], [a].[NormalizedName]
FROM [AspNetRoles] AS [a]
WHERE [a].[NormalizedName] = @__normalizedName_0
2024-08-29 12:32:13.147 +05:30  INF  Executed DbCommand (70ms) [Parameters=[@__normalizedName_0='?' (Size = 256)], CommandType='"Text"', CommandTimeout='30']
SELECT TOP(1) [a].[Id], [a].[ConcurrencyStamp], [a].[Name], [a].[NormalizedName]
FROM [AspNetRoles] AS [a]
WHERE [a].[NormalizedName] = @__normalizedName_0
2024-08-29 12:32:13.184 +05:30  DBG  Context 'EcommerceDbContext' started tracking 'IdentityRole' entity. Consider using 'DbContextOptionsBuilder.EnableSensitiveDataLogging' to see key values.
2024-08-29 12:32:13.201 +05:30  DBG  Closing data reader to 'Ecommerce' on server 'FGS-DSK-230\MSSQLSERVER2019'.
2024-08-29 12:32:13.208 +05:30  DBG  A data reader for 'Ecommerce' on server 'FGS-DSK-230\MSSQLSERVER2019' is being disposed after spending 54ms reading results.
2024-08-29 12:32:13.212 +05:30  DBG  Closing connection to database 'Ecommerce' on server 'FGS-DSK-230\MSSQLSERVER2019'.
2024-08-29 12:32:13.218 +05:30  DBG  Closed connection to database 'Ecommerce' on server 'FGS-DSK-230\MSSQLSERVER2019' (5ms).
2024-08-29 12:32:13.221 +05:30  DBG  Opening connection to database 'Ecommerce' on server 'FGS-DSK-230\MSSQLSERVER2019'.
2024-08-29 12:32:13.223 +05:30  DBG  Opened connection to database 'Ecommerce' on server 'FGS-DSK-230\MSSQLSERVER2019'.
2024-08-29 12:32:13.224 +05:30  DBG  Creating DbCommand for 'ExecuteReader'.
2024-08-29 12:32:13.225 +05:30  DBG  Created DbCommand for 'ExecuteReader' (1ms).
2024-08-29 12:32:13.227 +05:30  DBG  Initialized DbCommand for 'ExecuteReader' (3ms).
2024-08-29 12:32:13.229 +05:30  DBG  Executing DbCommand [Parameters=[@__normalizedName_0='?' (Size = 256)], CommandType='"Text"', CommandTimeout='30']
SELECT TOP(1) [a].[Id], [a].[ConcurrencyStamp], [a].[Name], [a].[NormalizedName]
FROM [AspNetRoles] AS [a]
WHERE [a].[NormalizedName] = @__normalizedName_0
2024-08-29 12:32:13.235 +05:30  INF  Executed DbCommand (6ms) [Parameters=[@__normalizedName_0='?' (Size = 256)], CommandType='"Text"', CommandTimeout='30']
SELECT TOP(1) [a].[Id], [a].[ConcurrencyStamp], [a].[Name], [a].[NormalizedName]
FROM [AspNetRoles] AS [a]
WHERE [a].[NormalizedName] = @__normalizedName_0
2024-08-29 12:32:13.237 +05:30  DBG  Context 'EcommerceDbContext' started tracking 'IdentityRole' entity. Consider using 'DbContextOptionsBuilder.EnableSensitiveDataLogging' to see key values.
2024-08-29 12:32:13.238 +05:30  DBG  Closing data reader to 'Ecommerce' on server 'FGS-DSK-230\MSSQLSERVER2019'.
2024-08-29 12:32:13.239 +05:30  DBG  A data reader for 'Ecommerce' on server 'FGS-DSK-230\MSSQLSERVER2019' is being disposed after spending 2ms reading results.
2024-08-29 12:32:13.240 +05:30  DBG  Closing connection to database 'Ecommerce' on server 'FGS-DSK-230\MSSQLSERVER2019'.
2024-08-29 12:32:13.241 +05:30  DBG  Closed connection to database 'Ecommerce' on server 'FGS-DSK-230\MSSQLSERVER2019' (0ms).
2024-08-29 12:32:13.243 +05:30  DBG  Opening connection to database 'Ecommerce' on server 'FGS-DSK-230\MSSQLSERVER2019'.
2024-08-29 12:32:13.244 +05:30  DBG  Opened connection to database 'Ecommerce' on server 'FGS-DSK-230\MSSQLSERVER2019'.
2024-08-29 12:32:13.244 +05:30  DBG  Creating DbCommand for 'ExecuteReader'.
2024-08-29 12:32:13.245 +05:30  DBG  Created DbCommand for 'ExecuteReader' (0ms).
2024-08-29 12:32:13.246 +05:30  DBG  Initialized DbCommand for 'ExecuteReader' (1ms).
2024-08-29 12:32:13.247 +05:30  DBG  Executing DbCommand [Parameters=[@__normalizedName_0='?' (Size = 256)], CommandType='"Text"', CommandTimeout='30']
SELECT TOP(1) [a].[Id], [a].[ConcurrencyStamp], [a].[Name], [a].[NormalizedName]
FROM [AspNetRoles] AS [a]
WHERE [a].[NormalizedName] = @__normalizedName_0
2024-08-29 12:32:13.251 +05:30  INF  Executed DbCommand (3ms) [Parameters=[@__normalizedName_0='?' (Size = 256)], CommandType='"Text"', CommandTimeout='30']
SELECT TOP(1) [a].[Id], [a].[ConcurrencyStamp], [a].[Name], [a].[NormalizedName]
FROM [AspNetRoles] AS [a]
WHERE [a].[NormalizedName] = @__normalizedName_0
2024-08-29 12:32:13.253 +05:30  DBG  Context 'EcommerceDbContext' started tracking 'IdentityRole' entity. Consider using 'DbContextOptionsBuilder.EnableSensitiveDataLogging' to see key values.
2024-08-29 12:32:13.254 +05:30  DBG  Closing data reader to 'Ecommerce' on server 'FGS-DSK-230\MSSQLSERVER2019'.
2024-08-29 12:32:13.255 +05:30  DBG  A data reader for 'Ecommerce' on server 'FGS-DSK-230\MSSQLSERVER2019' is being disposed after spending 2ms reading results.
2024-08-29 12:32:13.257 +05:30  DBG  Closing connection to database 'Ecommerce' on server 'FGS-DSK-230\MSSQLSERVER2019'.
2024-08-29 12:32:13.258 +05:30  DBG  Closed connection to database 'Ecommerce' on server 'FGS-DSK-230\MSSQLSERVER2019' (0ms).
2024-08-29 12:32:13.263 +05:30  DBG  Compiling query expression: 
'DbSet<User>()
    .SingleOrDefault(u => u.NormalizedEmail == __normalizedEmail_0)'
2024-08-29 12:32:13.270 +05:30  DBG  Generated query execution expression: 
'queryContext => ShapedQueryCompilingExpressionVisitor.SingleOrDefaultAsync<User>(
    asyncEnumerable: new SingleQueryingEnumerable<User>(
        (RelationalQueryContext)queryContext, 
        RelationalCommandCache.QueryExpression(
            Projection Mapping:
                EmptyProjectionMember -> Dictionary<IProperty, int> { [Property: User.Id (Guid) Required PK AfterSave:Throw ValueGenerated.OnAdd, 0], [Property: User.AccessFailedCount (int) Required, 1], [Property: User.ConcurrencyStamp (string) Concurrency, 2], [Property: User.CreatedAt (DateTime) Required, 3], [Property: User.Email (string) MaxLength(256), 4], [Property: User.EmailConfirmed (bool) Required, 5], [Property: User.IsDeleted (bool) Required, 6], [Property: User.IsVerified (bool) Required, 7], [Property: User.LockoutEnabled (bool) Required, 8], [Property: User.LockoutEnd (DateTimeOffset?), 9], [Property: User.NormalizedEmail (string) Index MaxLength(256), 10], [Property: User.NormalizedUserName (string) Index MaxLength(256), 11], [Property: User.PasswordHash (string), 12], [Property: User.PhoneNumber (string), 13], [Property: User.PhoneNumberConfirmed (bool) Required, 14], [Property: User.SecurityStamp (string), 15], [Property: User.TwoFactorEnabled (bool) Required, 16], [Property: User.UpdatedAt (DateTime) Required, 17], [Property: User.UserName (string) MaxLength(256), 18] }
            SELECT TOP(2) a.Id, a.AccessFailedCount, a.ConcurrencyStamp, a.CreatedAt, a.Email, a.EmailConfirmed, a.IsDeleted, a.IsVerified, a.LockoutEnabled, a.LockoutEnd, a.NormalizedEmail, a.NormalizedUserName, a.PasswordHash, a.PhoneNumber, a.PhoneNumberConfirmed, a.SecurityStamp, a.TwoFactorEnabled, a.UpdatedAt, a.UserName
            FROM AspNetUsers AS a
            WHERE a.NormalizedEmail == @__normalizedEmail_0), 
        null, 
        Func<QueryContext, DbDataReader, ResultContext, SingleQueryResultCoordinator, User>, 
        Persistance.EcommerceDbContext, 
        False, 
        False, 
        True
    ), 
    cancellationToken: queryContext.CancellationToken)'
2024-08-29 12:32:13.274 +05:30  DBG  Opening connection to database 'Ecommerce' on server 'FGS-DSK-230\MSSQLSERVER2019'.
2024-08-29 12:32:13.275 +05:30  DBG  Opened connection to database 'Ecommerce' on server 'FGS-DSK-230\MSSQLSERVER2019'.
2024-08-29 12:32:13.276 +05:30  DBG  Creating DbCommand for 'ExecuteReader'.
2024-08-29 12:32:13.277 +05:30  DBG  Created DbCommand for 'ExecuteReader' (0ms).
2024-08-29 12:32:13.278 +05:30  DBG  Initialized DbCommand for 'ExecuteReader' (2ms).
2024-08-29 12:32:13.279 +05:30  DBG  Executing DbCommand [Parameters=[@__normalizedEmail_0='?' (Size = 256)], CommandType='"Text"', CommandTimeout='30']
SELECT TOP(2) [a].[Id], [a].[AccessFailedCount], [a].[ConcurrencyStamp], [a].[CreatedAt], [a].[Email], [a].[EmailConfirmed], [a].[IsDeleted], [a].[IsVerified], [a].[LockoutEnabled], [a].[LockoutEnd], [a].[NormalizedEmail], [a].[NormalizedUserName], [a].[PasswordHash], [a].[PhoneNumber], [a].[PhoneNumberConfirmed], [a].[SecurityStamp], [a].[TwoFactorEnabled], [a].[UpdatedAt], [a].[UserName]
FROM [AspNetUsers] AS [a]
WHERE [a].[NormalizedEmail] = @__normalizedEmail_0
2024-08-29 12:32:13.287 +05:30  INF  Executed DbCommand (8ms) [Parameters=[@__normalizedEmail_0='?' (Size = 256)], CommandType='"Text"', CommandTimeout='30']
SELECT TOP(2) [a].[Id], [a].[AccessFailedCount], [a].[ConcurrencyStamp], [a].[CreatedAt], [a].[Email], [a].[EmailConfirmed], [a].[IsDeleted], [a].[IsVerified], [a].[LockoutEnabled], [a].[LockoutEnd], [a].[NormalizedEmail], [a].[NormalizedUserName], [a].[PasswordHash], [a].[PhoneNumber], [a].[PhoneNumberConfirmed], [a].[SecurityStamp], [a].[TwoFactorEnabled], [a].[UpdatedAt], [a].[UserName]
FROM [AspNetUsers] AS [a]
WHERE [a].[NormalizedEmail] = @__normalizedEmail_0
2024-08-29 12:32:13.306 +05:30  DBG  Context 'EcommerceDbContext' started tracking 'User' entity. Consider using 'DbContextOptionsBuilder.EnableSensitiveDataLogging' to see key values.
2024-08-29 12:32:13.337 +05:30  DBG  Closing data reader to 'Ecommerce' on server 'FGS-DSK-230\MSSQLSERVER2019'.
2024-08-29 12:32:13.338 +05:30  DBG  A data reader for 'Ecommerce' on server 'FGS-DSK-230\MSSQLSERVER2019' is being disposed after spending 48ms reading results.
2024-08-29 12:32:13.339 +05:30  DBG  Closing connection to database 'Ecommerce' on server 'FGS-DSK-230\MSSQLSERVER2019'.
2024-08-29 12:32:13.340 +05:30  DBG  Closed connection to database 'Ecommerce' on server 'FGS-DSK-230\MSSQLSERVER2019' (0ms).
2024-08-29 12:32:13.343 +05:30  DBG  'EcommerceDbContext' disposed.
2024-08-29 12:32:13.345 +05:30  DBG  Disposing connection to database 'Ecommerce' on server 'FGS-DSK-230\MSSQLSERVER2019'.
2024-08-29 12:32:13.346 +05:30  DBG  Disposed connection to database '' on server '' (1ms).
2024-08-29 12:32:13.349 +05:30  DBG  Hosting starting
2024-08-29 12:32:13.356 +05:30  DBG  Reading data from file 'C:\Users\arjun.hariprasad\AppData\Local\ASP.NET\DataProtection-Keys\key-36f6fa2d-df91-4e24-9271-a530e4737995.xml'.
2024-08-29 12:32:13.372 +05:30  DBG  Found key {36f6fa2d-df91-4e24-9271-a530e4737995}.
2024-08-29 12:32:13.386 +05:30  DBG  Considering key {36f6fa2d-df91-4e24-9271-a530e4737995} with expiration date 2024-10-20 08:26:28Z as default key.
2024-08-29 12:32:13.391 +05:30  DBG  Forwarded activator type request from Microsoft.AspNetCore.DataProtection.XmlEncryption.DpapiXmlDecryptor, Microsoft.AspNetCore.DataProtection, Version=8.0.0.0, Culture=neutral, PublicKeyToken=adb9793829ddae60 to Microsoft.AspNetCore.DataProtection.XmlEncryption.DpapiXmlDecryptor, Microsoft.AspNetCore.DataProtection, Culture=neutral, PublicKeyToken=adb9793829ddae60
2024-08-29 12:32:13.393 +05:30  DBG  Decrypting secret element using Windows DPAPI.
2024-08-29 12:32:13.395 +05:30  DBG  Forwarded activator type request from Microsoft.AspNetCore.DataProtection.AuthenticatedEncryption.ConfigurationModel.AuthenticatedEncryptorDescriptorDeserializer, Microsoft.AspNetCore.DataProtection, Version=8.0.0.0, Culture=neutral, PublicKeyToken=adb9793829ddae60 to Microsoft.AspNetCore.DataProtection.AuthenticatedEncryption.ConfigurationModel.AuthenticatedEncryptorDescriptorDeserializer, Microsoft.AspNetCore.DataProtection, Culture=neutral, PublicKeyToken=adb9793829ddae60
2024-08-29 12:32:13.397 +05:30  DBG  Opening CNG algorithm 'AES' from provider 'null' with chaining mode CBC.
2024-08-29 12:32:13.400 +05:30  DBG  Opening CNG algorithm 'SHA256' from provider 'null' with HMAC.
2024-08-29 12:32:13.403 +05:30  DBG  Using key {36f6fa2d-df91-4e24-9271-a530e4737995} as the default key.
2024-08-29 12:32:13.404 +05:30  DBG  Key ring with default key {36f6fa2d-df91-4e24-9271-a530e4737995} was loaded during application startup.
2024-08-29 12:32:13.656 +05:30  INF  Now listening on: https://localhost:7113
2024-08-29 12:32:13.656 +05:30  INF  Now listening on: http://localhost:5081
2024-08-29 12:32:13.657 +05:30  DBG  Loaded hosting startup assembly Web.Ecommerce
2024-08-29 12:32:13.658 +05:30  DBG  Loaded hosting startup assembly Microsoft.AspNetCore.Watch.BrowserRefresh
2024-08-29 12:32:13.658 +05:30  DBG  Loaded hosting startup assembly Microsoft.WebTools.BrowserLink.Net
2024-08-29 12:32:13.659 +05:30  INF  Application started. Press Ctrl+C to shut down.
2024-08-29 12:32:13.660 +05:30  INF  Hosting environment: Development
2024-08-29 12:32:13.661 +05:30  INF  Content root path: C:\Users\arjun.hariprasad\source\.NET\Ecommerce\EcommerceSolution\CodeBase\Src\Presentation\Web.Ecommerce
2024-08-29 12:32:13.662 +05:30  DBG  Hosting started
2024-08-29 12:32:13.978 +05:30  DBG  Connection id "0HN67V21CHJBQ" received FIN.
2024-08-29 12:32:13.978 +05:30  DBG  Connection id "0HN67V21CHJBP" accepted.
2024-08-29 12:32:13.978 +05:30  DBG  Connection id "0HN67V21CHJBP" received FIN.
2024-08-29 12:32:13.978 +05:30  DBG  Connection id "0HN67V21CHJBQ" accepted.
2024-08-29 12:32:13.980 +05:30  DBG  Connection id "0HN67V21CHJBP" started.
2024-08-29 12:32:13.981 +05:30  DBG  Connection id "0HN67V21CHJBQ" started.
2024-08-29 12:32:13.999 +05:30  DBG  Failed to authenticate HTTPS connection.System.IO.IOException: Received an unexpected EOF or 0 bytes from the transport stream.
   at System.Net.Security.SslStream.ReceiveHandshakeFrameAsync[TIOAdapter](CancellationToken cancellationToken)
   at System.Net.Security.SslStream.ForceAuthenticationAsync[TIOAdapter](Boolean receiveFirst, Byte[] reAuthenticationData, CancellationToken cancellationToken)
   at System.Net.Security.SslStream.ProcessAuthenticationWithTelemetryAsync(Boolean isAsync, CancellationToken cancellationToken)
   at Microsoft.AspNetCore.Server.Kestrel.Https.Internal.HttpsConnectionMiddleware.OnConnectionAsync(ConnectionContext context)

2024-08-29 12:32:13.999 +05:30  DBG  Failed to authenticate HTTPS connection.System.IO.IOException: Received an unexpected EOF or 0 bytes from the transport stream.
   at System.Net.Security.SslStream.ReceiveHandshakeFrameAsync[TIOAdapter](CancellationToken cancellationToken)
   at System.Net.Security.SslStream.ForceAuthenticationAsync[TIOAdapter](Boolean receiveFirst, Byte[] reAuthenticationData, CancellationToken cancellationToken)
   at System.Net.Security.SslStream.ProcessAuthenticationWithTelemetryAsync(Boolean isAsync, CancellationToken cancellationToken)
   at Microsoft.AspNetCore.Server.Kestrel.Https.Internal.HttpsConnectionMiddleware.OnConnectionAsync(ConnectionContext context)

2024-08-29 12:32:14.014 +05:30  DBG  Connection id "0HN67V21CHJBQ" stopped.
2024-08-29 12:32:14.014 +05:30  DBG  Connection id "0HN67V21CHJBP" stopped.
2024-08-29 12:32:14.017 +05:30  DBG  Connection id "0HN67V21CHJBP" sending FIN because: "The Socket transport's send loop completed gracefully."
2024-08-29 12:32:14.017 +05:30  DBG  Connection id "0HN67V21CHJBQ" sending FIN because: "The Socket transport's send loop completed gracefully."
2024-08-29 12:32:14.796 +05:30  DBG  Connection id "0HN67V21CHJBR" accepted.
2024-08-29 12:32:14.800 +05:30  DBG  Connection id "0HN67V21CHJBR" started.
2024-08-29 12:32:14.851 +05:30  DBG  Connection 0HN67V21CHJBR established using the following protocol: "Tls12"
2024-08-29 12:32:14.944 +05:30  VRB  Connection id "0HN67V21CHJBR" sending "SETTINGS" frame for stream ID 0 with length 24 and flags "NONE".
2024-08-29 12:32:14.957 +05:30  VRB  Connection id "0HN67V21CHJBR" sending "WINDOW_UPDATE" frame for stream ID 0 with length 4 and flags 0x0.
2024-08-29 12:32:14.977 +05:30  VRB  Connection id "0HN67V21CHJBR" received "SETTINGS" frame for stream ID 0 with length 24 and flags "NONE".
2024-08-29 12:32:14.981 +05:30  VRB  Connection id "0HN67V21CHJBR" sending "SETTINGS" frame for stream ID 0 with length 0 and flags "ACK".
2024-08-29 12:32:14.985 +05:30  VRB  Connection id "0HN67V21CHJBR" received "WINDOW_UPDATE" frame for stream ID 0 with length 4 and flags 0x0.
2024-08-29 12:32:14.995 +05:30  VRB  Connection id "0HN67V21CHJBR" received "HEADERS" frame for stream ID 1 with length 469 and flags "END_STREAM, END_HEADERS, PRIORITY".
2024-08-29 12:32:15.028 +05:30  VRB  Connection id "0HN67V21CHJBR" received "SETTINGS" frame for stream ID 0 with length 0 and flags "ACK".
2024-08-29 12:32:15.057 +05:30  INF  Request starting HTTP/2 GET https://localhost:7113/swagger/index.html - null null
2024-08-29 12:32:15.211 +05:30  DBG  Wildcard detected, all requests with hosts will be allowed.
2024-08-29 12:32:15.212 +05:30  VRB  All hosts are allowed.
2024-08-29 12:32:15.240 +05:30  DBG  No candidates found for the request path '/swagger/index.html'
2024-08-29 12:32:15.242 +05:30  DBG  Request did not match any endpoints
2024-08-29 12:32:15.429 +05:30  DBG  Response markup is scheduled to include Browser Link script injection.
2024-08-29 12:32:15.431 +05:30  DBG  Response markup is scheduled to include browser refresh script injection.
2024-08-29 12:32:15.436 +05:30  VRB  Connection id "0HN67V21CHJBR" sending "HEADERS" frame for stream ID 1 with length 66 and flags "END_HEADERS".
2024-08-29 12:32:15.439 +05:30  VRB  Connection id "0HN67V21CHJBR" sending "DATA" frame for stream ID 1 with length 1055 and flags "NONE".
2024-08-29 12:32:15.439 +05:30  DBG  Response markup was updated to include Browser Link script injection.
2024-08-29 12:32:15.441 +05:30  VRB  Connection id "0HN67V21CHJBR" sending "DATA" frame for stream ID 1 with length 81 and flags "NONE".
2024-08-29 12:32:15.442 +05:30  DBG  Response markup was updated to include browser refresh script injection.
2024-08-29 12:32:15.449 +05:30  VRB  Connection id "0HN67V21CHJBR" sending "DATA" frame for stream ID 1 with length 0 and flags "END_STREAM".
2024-08-29 12:32:15.450 +05:30  INF  Request finished HTTP/2 GET https://localhost:7113/swagger/index.html - 200 null text/html;charset=utf-8 404.3779ms
2024-08-29 12:32:15.704 +05:30  VRB  Connection id "0HN67V21CHJBR" received "HEADERS" frame for stream ID 3 with length 115 and flags "END_STREAM, END_HEADERS, PRIORITY".
2024-08-29 12:32:15.715 +05:30  VRB  Connection id "0HN67V21CHJBR" received "HEADERS" frame for stream ID 5 with length 35 and flags "END_STREAM, END_HEADERS, PRIORITY".
2024-08-29 12:32:15.716 +05:30  INF  Request starting HTTP/2 GET https://localhost:7113/_framework/aspnetcore-browser-refresh.js - null null
2024-08-29 12:32:15.720 +05:30  VRB  Connection id "0HN67V21CHJBR" received "HEADERS" frame for stream ID 7 with length 57 and flags "END_STREAM, END_HEADERS, PRIORITY".
2024-08-29 12:32:15.720 +05:30  INF  Request starting HTTP/2 GET https://localhost:7113/swagger/index.js - null null
2024-08-29 12:32:15.725 +05:30  INF  Request starting HTTP/2 GET https://localhost:7113/_vs/browserLink - null null
2024-08-29 12:32:15.727 +05:30  VRB  All hosts are allowed.
2024-08-29 12:32:15.730 +05:30  DBG  No candidates found for the request path '/swagger/index.js'
2024-08-29 12:32:15.731 +05:30  DBG  Request did not match any endpoints
2024-08-29 12:32:15.732 +05:30  VRB  Connection id "0HN67V21CHJBR" sending "HEADERS" frame for stream ID 3 with length 90 and flags "END_HEADERS".
2024-08-29 12:32:15.741 +05:30  INF  Request finished HTTP/2 GET https://localhost:7113/swagger/index.js - 200 null application/javascript;charset=utf-8 20.8843ms
2024-08-29 12:32:15.741 +05:30  VRB  Connection id "0HN67V21CHJBR" sending "DATA" frame for stream ID 3 with length 13762 and flags "NONE".
2024-08-29 12:32:15.755 +05:30  VRB  Connection id "0HN67V21CHJBR" sending "HEADERS" frame for stream ID 5 with length 41 and flags "END_HEADERS".
2024-08-29 12:32:15.759 +05:30  VRB  Connection id "0HN67V21CHJBR" sending "DATA" frame for stream ID 5 with length 3005 and flags "END_STREAM".
2024-08-29 12:32:15.761 +05:30  INF  Request finished HTTP/2 GET https://localhost:7113/_framework/aspnetcore-browser-refresh.js - 200 13762 application/javascript; charset=utf-8 45.8121ms
2024-08-29 12:32:15.763 +05:30  VRB  Connection id "0HN67V21CHJBR" sending "DATA" frame for stream ID 3 with length 0 and flags "END_STREAM".
2024-08-29 12:32:15.924 +05:30  VRB  Connection id "0HN67V21CHJBR" sending "HEADERS" frame for stream ID 7 with length 119 and flags "END_HEADERS".
2024-08-29 12:32:15.929 +05:30  VRB  Connection id "0HN67V21CHJBR" sending "DATA" frame for stream ID 7 with length 9986 and flags "NONE".
2024-08-29 12:32:15.932 +05:30  VRB  Connection id "0HN67V21CHJBR" sending "DATA" frame for stream ID 7 with length 10240 and flags "NONE".
2024-08-29 12:32:15.935 +05:30  VRB  Connection id "0HN67V21CHJBR" sending "DATA" frame for stream ID 7 with length 10240 and flags "NONE".
2024-08-29 12:32:15.937 +05:30  VRB  Connection id "0HN67V21CHJBR" sending "DATA" frame for stream ID 7 with length 10240 and flags "NONE".
2024-08-29 12:32:15.939 +05:30  VRB  Connection id "0HN67V21CHJBR" sending "DATA" frame for stream ID 7 with length 10240 and flags "NONE".
2024-08-29 12:32:15.940 +05:30  VRB  Connection id "0HN67V21CHJBR" sending "DATA" frame for stream ID 7 with length 10240 and flags "NONE".
2024-08-29 12:32:15.942 +05:30  VRB  Connection id "0HN67V21CHJBR" sending "DATA" frame for stream ID 7 with length 10240 and flags "NONE".
2024-08-29 12:32:15.943 +05:30  VRB  Connection id "0HN67V21CHJBR" sending "DATA" frame for stream ID 7 with length 10240 and flags "NONE".
2024-08-29 12:32:15.945 +05:30  VRB  Connection id "0HN67V21CHJBR" sending "DATA" frame for stream ID 7 with length 10240 and flags "NONE".
2024-08-29 12:32:15.947 +05:30  VRB  Connection id "0HN67V21CHJBR" sending "DATA" frame for stream ID 7 with length 10240 and flags "NONE".
2024-08-29 12:32:15.952 +05:30  VRB  Connection id "0HN67V21CHJBR" sending "DATA" frame for stream ID 7 with length 10240 and flags "NONE".
2024-08-29 12:32:15.958 +05:30  VRB  Connection id "0HN67V21CHJBR" sending "DATA" frame for stream ID 7 with length 10240 and flags "NONE".
2024-08-29 12:32:15.961 +05:30  VRB  Connection id "0HN67V21CHJBR" sending "DATA" frame for stream ID 7 with length 10240 and flags "NONE".
2024-08-29 12:32:15.964 +05:30  VRB  Connection id "0HN67V21CHJBR" sending "DATA" frame for stream ID 7 with length 10240 and flags "NONE".
2024-08-29 12:32:15.967 +05:30  VRB  Connection id "0HN67V21CHJBR" sending "DATA" frame for stream ID 7 with length 10240 and flags "NONE".
2024-08-29 12:32:15.971 +05:30  VRB  Connection id "0HN67V21CHJBR" sending "DATA" frame for stream ID 7 with length 160 and flags "NONE".
2024-08-29 12:32:15.972 +05:30  INF  Request finished HTTP/2 GET https://localhost:7113/_vs/browserLink - 200 null text/javascript; charset=UTF-8 247.193ms
2024-08-29 12:32:15.973 +05:30  VRB  Connection id "0HN67V21CHJBR" sending "DATA" frame for stream ID 7 with length 0 and flags "END_STREAM".
2024-08-29 12:32:16.007 +05:30  VRB  Connection id "0HN67V21CHJBR" received "HEADERS" frame for stream ID 9 with length 74 and flags "END_STREAM, END_HEADERS, PRIORITY".
2024-08-29 12:32:16.012 +05:30  INF  Request starting HTTP/2 GET https://localhost:7113/swagger/v1/swagger.json - null null
2024-08-29 12:32:16.015 +05:30  VRB  All hosts are allowed.
2024-08-29 12:32:16.015 +05:30  DBG  No candidates found for the request path '/swagger/v1/swagger.json'
2024-08-29 12:32:16.016 +05:30  DBG  Request did not match any endpoints
2024-08-29 12:32:16.137 +05:30  VRB  Connection id "0HN67V21CHJBR" sending "HEADERS" frame for stream ID 9 with length 35 and flags "END_HEADERS".
2024-08-29 12:32:16.143 +05:30  VRB  Connection id "0HN67V21CHJBR" sending "DATA" frame for stream ID 9 with length 16384 and flags "NONE".
2024-08-29 12:32:16.145 +05:30  VRB  Connection id "0HN67V21CHJBR" sending "DATA" frame for stream ID 9 with length 6467 and flags "NONE".
2024-08-29 12:32:16.150 +05:30  VRB  Connection id "0HN67V21CHJBR" sending "DATA" frame for stream ID 9 with length 0 and flags "END_STREAM".
2024-08-29 12:32:16.150 +05:30  INF  Request finished HTTP/2 GET https://localhost:7113/swagger/v1/swagger.json - 200 null application/json;charset=utf-8 137.2848ms
2024-08-29 12:32:21.863 +05:30  DBG  Connection id "0HN67V21CHJBR" received FIN.
2024-08-29 12:32:21.865 +05:30  DBG  Connection id "0HN67V21CHJBR" is closed. The last processed stream ID was 9.
2024-08-29 12:32:21.865 +05:30  DBG  The connection queue processing loop for 0HN67V21CHJBR completed.
2024-08-29 12:32:21.866 +05:30  DBG  Connection id "0HN67V21CHJBR" sending FIN because: "The Socket transport's send loop completed gracefully."
2024-08-29 12:32:21.878 +05:30  DBG  Connection id "0HN67V21CHJBR" stopped.
2024-08-29 12:33:19.447 +05:30  DBG  Connection id "0HN67V21CHJBS" accepted.
2024-08-29 12:33:19.454 +05:30  DBG  Connection id "0HN67V21CHJBS" started.
2024-08-29 12:33:19.460 +05:30  DBG  Connection 0HN67V21CHJBS established using the following protocol: "Tls12"
2024-08-29 12:33:19.465 +05:30  VRB  Connection id "0HN67V21CHJBS" sending "SETTINGS" frame for stream ID 0 with length 24 and flags "NONE".
2024-08-29 12:33:19.466 +05:30  VRB  Connection id "0HN67V21CHJBS" sending "WINDOW_UPDATE" frame for stream ID 0 with length 4 and flags 0x0.
2024-08-29 12:33:19.468 +05:30  VRB  Connection id "0HN67V21CHJBS" received "SETTINGS" frame for stream ID 0 with length 24 and flags "NONE".
2024-08-29 12:33:19.470 +05:30  VRB  Connection id "0HN67V21CHJBS" sending "SETTINGS" frame for stream ID 0 with length 0 and flags "ACK".
2024-08-29 12:33:19.472 +05:30  VRB  Connection id "0HN67V21CHJBS" received "WINDOW_UPDATE" frame for stream ID 0 with length 4 and flags 0x0.
2024-08-29 12:33:19.473 +05:30  VRB  Connection id "0HN67V21CHJBS" received "HEADERS" frame for stream ID 1 with length 411 and flags "END_HEADERS, PRIORITY".
2024-08-29 12:33:19.475 +05:30  VRB  Connection id "0HN67V21CHJBS" received "DATA" frame for stream ID 1 with length 204 and flags "END_STREAM".
2024-08-29 12:33:19.475 +05:30  INF  Request starting HTTP/2 POST https://localhost:7113/api/Order/Place Order - application/json 204
2024-08-29 12:33:19.476 +05:30  VRB  Connection id "0HN67V21CHJBS" received "SETTINGS" frame for stream ID 0 with length 0 and flags "ACK".
2024-08-29 12:33:19.478 +05:30  VRB  All hosts are allowed.
2024-08-29 12:33:19.485 +05:30  DBG  1 candidate(s) found for the request path '/api/Order/Place Order'
2024-08-29 12:33:19.487 +05:30  DBG  Endpoint 'Web.Ecommerce.Controllers.Customer.OrderController.PlaceOrder (Web.Ecommerce)' with route pattern 'api/Order/Place Order' is valid for the request path '/api/Order/Place Order'
2024-08-29 12:33:19.489 +05:30  DBG  Request matched endpoint 'Web.Ecommerce.Controllers.Customer.OrderController.PlaceOrder (Web.Ecommerce)'
2024-08-29 12:33:19.490 +05:30  VRB  The endpoint does not specify the IRequestSizeLimitMetadata.
2024-08-29 12:33:19.491 +05:30  DBG  Static files was skipped as the request already matched an endpoint.
2024-08-29 12:33:19.590 +05:30  DBG  AuthenticationScheme: Bearer was not authenticated.
2024-08-29 12:33:19.594 +05:30  DBG  AuthenticationScheme: Bearer was not authenticated.
2024-08-29 12:33:19.596 +05:30  INF  Executing endpoint 'Web.Ecommerce.Controllers.Customer.OrderController.PlaceOrder (Web.Ecommerce)'
2024-08-29 12:33:19.614 +05:30  INF  Route matched with {action = "PlaceOrder", controller = "Order"}. Executing controller action with signature System.Threading.Tasks.Task`1[Microsoft.AspNetCore.Mvc.IActionResult] PlaceOrder(Application.Ecom.OrderOperations.Commands.PlaceOrder.PlaceOrderCommand) on controller Web.Ecommerce.Controllers.Customer.OrderController (Web.Ecommerce).
2024-08-29 12:33:19.619 +05:30  DBG  Execution plan of authorization filters (in the following order): ["None"]
2024-08-29 12:33:19.620 +05:30  DBG  Execution plan of resource filters (in the following order): ["None"]
2024-08-29 12:33:19.621 +05:30  DBG  Execution plan of action filters (in the following order): ["Microsoft.AspNetCore.Mvc.ModelBinding.UnsupportedContentTypeFilter (Order: -3000)","Microsoft.AspNetCore.Mvc.Infrastructure.ModelStateInvalidFilter (Order: -2000)"]
2024-08-29 12:33:19.623 +05:30  DBG  Execution plan of exception filters (in the following order): ["None"]
2024-08-29 12:33:19.623 +05:30  DBG  Execution plan of result filters (in the following order): ["Microsoft.AspNetCore.Mvc.Infrastructure.ClientErrorResultFilter (Order: -2000)"]
2024-08-29 12:33:19.626 +05:30  DBG  Executing controller factory for controller Web.Ecommerce.Controllers.Customer.OrderController (Web.Ecommerce)
2024-08-29 12:33:19.627 +05:30  DBG  Executed controller factory for controller Web.Ecommerce.Controllers.Customer.OrderController (Web.Ecommerce)
2024-08-29 12:33:19.643 +05:30  DBG  Attempting to bind parameter 'command' of type 'Application.Ecom.OrderOperations.Commands.PlaceOrder.PlaceOrderCommand' ...
2024-08-29 12:33:19.646 +05:30  DBG  Attempting to bind parameter 'command' of type 'Application.Ecom.OrderOperations.Commands.PlaceOrder.PlaceOrderCommand' using the name '' in request data ...
2024-08-29 12:33:19.649 +05:30  DBG  Selected input formatter 'Microsoft.AspNetCore.Mvc.Formatters.SystemTextJsonInputFormatter' for content type 'application/json'.
2024-08-29 12:33:19.680 +05:30  DBG  Connection id "0HN67V21CHJBS", Request id "0HN67V21CHJBS:00000001": started reading request body.
2024-08-29 12:33:19.682 +05:30  DBG  Connection id "0HN67V21CHJBS", Request id "0HN67V21CHJBS:00000001": done reading request body.
2024-08-29 12:33:19.696 +05:30  DBG  JSON input formatter succeeded, deserializing to type 'Application.Ecom.OrderOperations.Commands.PlaceOrder.PlaceOrderCommand'
2024-08-29 12:33:19.698 +05:30  DBG  Done attempting to bind parameter 'command' of type 'Application.Ecom.OrderOperations.Commands.PlaceOrder.PlaceOrderCommand'.
2024-08-29 12:33:19.699 +05:30  DBG  Done attempting to bind parameter 'command' of type 'Application.Ecom.OrderOperations.Commands.PlaceOrder.PlaceOrderCommand'.
2024-08-29 12:33:19.700 +05:30  DBG  Attempting to validate the bound parameter 'command' of type 'Application.Ecom.OrderOperations.Commands.PlaceOrder.PlaceOrderCommand' ...
2024-08-29 12:33:19.711 +05:30  DBG  Done attempting to validate the bound parameter 'command' of type 'Application.Ecom.OrderOperations.Commands.PlaceOrder.PlaceOrderCommand'.
2024-08-29 12:33:19.714 +05:30  VRB  Action Filter: Before executing OnActionExecuting on filter Microsoft.AspNetCore.Mvc.ModelBinding.UnsupportedContentTypeFilter.
2024-08-29 12:33:19.715 +05:30  VRB  Action Filter: After executing OnActionExecuting on filter Microsoft.AspNetCore.Mvc.ModelBinding.UnsupportedContentTypeFilter.
2024-08-29 12:33:19.717 +05:30  VRB  Action Filter: Before executing OnActionExecuting on filter Microsoft.AspNetCore.Mvc.Infrastructure.ModelStateInvalidFilter.
2024-08-29 12:33:19.719 +05:30  VRB  Action Filter: After executing OnActionExecuting on filter Microsoft.AspNetCore.Mvc.Infrastructure.ModelStateInvalidFilter.
2024-08-29 12:33:19.724 +05:30  INF  Executing action method Web.Ecommerce.Controllers.Customer.OrderController.PlaceOrder (Web.Ecommerce) - Validation state: "Valid"
2024-08-29 12:33:19.725 +05:30  VRB  Executing action method Web.Ecommerce.Controllers.Customer.OrderController.PlaceOrder (Web.Ecommerce) with arguments (["Application.Ecom.OrderOperations.Commands.PlaceOrder.PlaceOrderCommand"])
2024-08-29 12:33:19.778 +05:30  DBG  Entity Framework Core 8.0.8 initialized 'EcommerceDbContext' using provider 'Microsoft.EntityFrameworkCore.SqlServer:8.0.8' with options: None
2024-08-29 12:33:19.791 +05:30  DBG  Compiling query expression: 
'DbSet<Product>()
    .FirstOrDefault(e => object.Equals(
        objA: EF.Property<object>(e, "ProductId"), 
        objB: __get_Item_0))'
2024-08-29 12:33:19.822 +05:30  DBG  Generated query execution expression: 
'queryContext => ShapedQueryCompilingExpressionVisitor.SingleOrDefaultAsync<Product>(
    asyncEnumerable: new SingleQueryingEnumerable<Product>(
        (RelationalQueryContext)queryContext, 
        RelationalCommandCache.QueryExpression(
            Projection Mapping:
                EmptyProjectionMember -> Dictionary<IProperty, int> { [Property: Product.ProductId (Guid) Required PK AfterSave:Throw ValueGenerated.OnAdd, 0], [Property: Product.Category (string) Required MaxLength(20), 1], [Property: Product.CreatedAt (DateTime) Required, 2], [Property: Product.Description (string) Required MaxLength(500), 3], [Property: Product.IsDeleted (bool) Required, 4], [Property: Product.Name (string) Required MaxLength(100), 5], [Property: Product.Price (decimal) Required, 6], [Property: Product.Quantity (int) Required, 7], [Property: Product.SellerId (Guid) Required FK Index, 8], [Property: Product.UpdatedAt (DateTime) Required, 9], [Property: Product.UserId (no field, Guid?) Shadow FK Index, 10] }
            SELECT TOP(1) p.ProductId, p.Category, p.CreatedAt, p.Description, p.IsDeleted, p.Name, p.Price, p.Quantity, p.SellerId, p.UpdatedAt, p.UserId
            FROM Products AS p
            WHERE p.ProductId == @__get_Item_0), 
        null, 
        Func<QueryContext, DbDataReader, ResultContext, SingleQueryResultCoordinator, Product>, 
        Persistance.EcommerceDbContext, 
        False, 
        False, 
        True
    ), 
    cancellationToken: queryContext.CancellationToken)'
2024-08-29 12:33:19.828 +05:30  DBG  Creating DbConnection.
2024-08-29 12:33:19.828 +05:30  DBG  Created DbConnection. (0ms).
2024-08-29 12:33:19.829 +05:30  DBG  Opening connection to database 'Ecommerce' on server 'FGS-DSK-230\MSSQLSERVER2019'.
2024-08-29 12:33:19.830 +05:30  DBG  Opened connection to database 'Ecommerce' on server 'FGS-DSK-230\MSSQLSERVER2019'.
2024-08-29 12:33:19.831 +05:30  DBG  Creating DbCommand for 'ExecuteReader'.
2024-08-29 12:33:19.832 +05:30  DBG  Created DbCommand for 'ExecuteReader' (0ms).
2024-08-29 12:33:19.833 +05:30  DBG  Initialized DbCommand for 'ExecuteReader' (1ms).
2024-08-29 12:33:19.834 +05:30  DBG  Executing DbCommand [Parameters=[@__get_Item_0='?' (DbType = Guid)], CommandType='"Text"', CommandTimeout='30']
SELECT TOP(1) [p].[ProductId], [p].[Category], [p].[CreatedAt], [p].[Description], [p].[IsDeleted], [p].[Name], [p].[Price], [p].[Quantity], [p].[SellerId], [p].[UpdatedAt], [p].[UserId]
FROM [Products] AS [p]
WHERE [p].[ProductId] = @__get_Item_0
2024-08-29 12:33:19.842 +05:30  INF  Executed DbCommand (8ms) [Parameters=[@__get_Item_0='?' (DbType = Guid)], CommandType='"Text"', CommandTimeout='30']
SELECT TOP(1) [p].[ProductId], [p].[Category], [p].[CreatedAt], [p].[Description], [p].[IsDeleted], [p].[Name], [p].[Price], [p].[Quantity], [p].[SellerId], [p].[UpdatedAt], [p].[UserId]
FROM [Products] AS [p]
WHERE [p].[ProductId] = @__get_Item_0
2024-08-29 12:33:19.852 +05:30  DBG  Context 'EcommerceDbContext' started tracking 'Product' entity. Consider using 'DbContextOptionsBuilder.EnableSensitiveDataLogging' to see key values.
2024-08-29 12:33:19.870 +05:30  DBG  Closing data reader to 'Ecommerce' on server 'FGS-DSK-230\MSSQLSERVER2019'.
2024-08-29 12:33:19.871 +05:30  DBG  A data reader for 'Ecommerce' on server 'FGS-DSK-230\MSSQLSERVER2019' is being disposed after spending 27ms reading results.
2024-08-29 12:33:19.873 +05:30  DBG  Closing connection to database 'Ecommerce' on server 'FGS-DSK-230\MSSQLSERVER2019'.
2024-08-29 12:33:19.874 +05:30  DBG  Closed connection to database 'Ecommerce' on server 'FGS-DSK-230\MSSQLSERVER2019' (0ms).
2024-08-29 12:33:19.912 +05:30  DBG  Context 'EcommerceDbContext' started tracking 'Order' entity. Consider using 'DbContextOptionsBuilder.EnableSensitiveDataLogging' to see key values.
2024-08-29 12:33:19.930 +05:30  DBG  The navigation 'OrderItem.Order' was detected as changed. Consider using 'DbContextOptionsBuilder.EnableSensitiveDataLogging' to see key values.
2024-08-29 12:33:19.940 +05:30  DBG  The navigation 'OrderItem.Product' was detected as changed. Consider using 'DbContextOptionsBuilder.EnableSensitiveDataLogging' to see key values.
2024-08-29 12:33:19.943 +05:30  DBG  Context 'EcommerceDbContext' started tracking 'OrderItem' entity. Consider using 'DbContextOptionsBuilder.EnableSensitiveDataLogging' to see key values.
2024-08-29 12:33:19.951 +05:30  DBG  Creating DbCommand for 'ExecuteNonQuery'.
2024-08-29 12:33:19.952 +05:30  DBG  Created DbCommand for 'ExecuteNonQuery' (1ms).
2024-08-29 12:33:19.954 +05:30  DBG  Initialized DbCommand for 'ExecuteNonQuery' (3ms).
2024-08-29 12:33:19.955 +05:30  DBG  Opening connection to database 'Ecommerce' on server 'FGS-DSK-230\MSSQLSERVER2019'.
2024-08-29 12:33:19.957 +05:30  DBG  Opened connection to database 'Ecommerce' on server 'FGS-DSK-230\MSSQLSERVER2019'.
2024-08-29 12:33:19.959 +05:30  DBG  Executing DbCommand [Parameters=[@ProductId='?' (DbType = Guid), @Quantity='?' (DbType = Int32)], CommandType='"Text"', CommandTimeout='30']
EXEC ReduceProductQuantity @ProductId, @Quantity
2024-08-29 12:33:19.988 +05:30  INF  Executed DbCommand (30ms) [Parameters=[@ProductId='?' (DbType = Guid), @Quantity='?' (DbType = Int32)], CommandType='"Text"', CommandTimeout='30']
EXEC ReduceProductQuantity @ProductId, @Quantity
2024-08-29 12:33:19.992 +05:30  DBG  Closing connection to database 'Ecommerce' on server 'FGS-DSK-230\MSSQLSERVER2019'.
2024-08-29 12:33:19.993 +05:30  DBG  Closed connection to database 'Ecommerce' on server 'FGS-DSK-230\MSSQLSERVER2019' (2ms).
2024-08-29 12:33:19.998 +05:30  DBG  SaveChanges starting for 'EcommerceDbContext'.
2024-08-29 12:33:20.000 +05:30  DBG  DetectChanges starting for 'EcommerceDbContext'.
2024-08-29 12:33:20.032 +05:30  DBG  DetectChanges completed for 'EcommerceDbContext'.
2024-08-29 12:33:20.092 +05:30  DBG  Executing 2 update commands as a batch.
2024-08-29 12:33:20.095 +05:30  DBG  Opening connection to database 'Ecommerce' on server 'FGS-DSK-230\MSSQLSERVER2019'.
2024-08-29 12:33:20.096 +05:30  DBG  Opened connection to database 'Ecommerce' on server 'FGS-DSK-230\MSSQLSERVER2019'.
2024-08-29 12:33:20.098 +05:30  DBG  Beginning transaction with isolation level 'Unspecified'.
2024-08-29 12:33:20.104 +05:30  DBG  Began transaction with isolation level 'ReadCommitted'.
2024-08-29 12:33:20.107 +05:30  DBG  Creating DbCommand for 'ExecuteReader'.
2024-08-29 12:33:20.108 +05:30  DBG  Created DbCommand for 'ExecuteReader' (0ms).
2024-08-29 12:33:20.110 +05:30  DBG  Initialized DbCommand for 'ExecuteReader' (3ms).
2024-08-29 12:33:20.111 +05:30  DBG  Executing DbCommand [Parameters=[@p0='?' (DbType = Guid), @p1='?' (DbType = DateTime2), @p2='?' (DbType = Guid), @p3='?' (DbType = Date), @p4='?' (DbType = Boolean), @p5='?' (DbType = Boolean), @p6='?' (DbType = Boolean), @p7='?' (DbType = DateTime2), @p8='?' (Size = 50), @p9='?' (DbType = Guid), @p10='?' (DbType = Guid), @p11='?' (Size = 4000), @p12='?' (Precision = 18) (Scale = 2) (DbType = Decimal), @p13='?' (DbType = DateTime2), @p14='?' (DbType = Guid), @p15='?' (DbType = DateTime2), @p16='?' (DbType = Guid), @p17='?' (DbType = Guid), @p18='?' (DbType = Int32), @p19='?' (Precision = 8) (Scale = 2) (DbType = Decimal), @p20='?' (DbType = DateTime2)], CommandType='"Text"', CommandTimeout='30']
SET NOCOUNT ON;
INSERT INTO [Orders] ([OrderId], [CreatedAt], [CustomerId], [DeliveryDate], [IsCancelled], [IsDelivered], [IsPaid], [OrderDate], [OrderStatus], [PaymentId], [ReturnId], [ShippingAddress], [TotalAmount], [UpdatedAt])
VALUES (@p0, @p1, @p2, @p3, @p4, @p5, @p6, @p7, @p8, @p9, @p10, @p11, @p12, @p13);
INSERT INTO [OrderItems] ([OrderItemId], [CreatedAt], [OrderId], [ProductId], [Quantity], [UnitPrice], [UpdatedAt])
VALUES (@p14, @p15, @p16, @p17, @p18, @p19, @p20);
2024-08-29 12:33:20.125 +05:30  INF  Executed DbCommand (14ms) [Parameters=[@p0='?' (DbType = Guid), @p1='?' (DbType = DateTime2), @p2='?' (DbType = Guid), @p3='?' (DbType = Date), @p4='?' (DbType = Boolean), @p5='?' (DbType = Boolean), @p6='?' (DbType = Boolean), @p7='?' (DbType = DateTime2), @p8='?' (Size = 50), @p9='?' (DbType = Guid), @p10='?' (DbType = Guid), @p11='?' (Size = 4000), @p12='?' (Precision = 18) (Scale = 2) (DbType = Decimal), @p13='?' (DbType = DateTime2), @p14='?' (DbType = Guid), @p15='?' (DbType = DateTime2), @p16='?' (DbType = Guid), @p17='?' (DbType = Guid), @p18='?' (DbType = Int32), @p19='?' (Precision = 8) (Scale = 2) (DbType = Decimal), @p20='?' (DbType = DateTime2)], CommandType='"Text"', CommandTimeout='30']
SET NOCOUNT ON;
INSERT INTO [Orders] ([OrderId], [CreatedAt], [CustomerId], [DeliveryDate], [IsCancelled], [IsDelivered], [IsPaid], [OrderDate], [OrderStatus], [PaymentId], [ReturnId], [ShippingAddress], [TotalAmount], [UpdatedAt])
VALUES (@p0, @p1, @p2, @p3, @p4, @p5, @p6, @p7, @p8, @p9, @p10, @p11, @p12, @p13);
INSERT INTO [OrderItems] ([OrderItemId], [CreatedAt], [OrderId], [ProductId], [Quantity], [UnitPrice], [UpdatedAt])
VALUES (@p14, @p15, @p16, @p17, @p18, @p19, @p20);
2024-08-29 12:33:20.130 +05:30  DBG  Closing data reader to 'Ecommerce' on server 'FGS-DSK-230\MSSQLSERVER2019'.
2024-08-29 12:33:20.131 +05:30  DBG  A data reader for 'Ecommerce' on server 'FGS-DSK-230\MSSQLSERVER2019' is being disposed after spending 2ms reading results.
2024-08-29 12:33:20.135 +05:30  DBG  Committing transaction.
2024-08-29 12:33:20.139 +05:30  DBG  Committed transaction.
2024-08-29 12:33:20.141 +05:30  DBG  Closing connection to database 'Ecommerce' on server 'FGS-DSK-230\MSSQLSERVER2019'.
2024-08-29 12:33:20.142 +05:30  DBG  Closed connection to database 'Ecommerce' on server 'FGS-DSK-230\MSSQLSERVER2019' (1ms).
2024-08-29 12:33:20.144 +05:30  DBG  Disposing transaction.
2024-08-29 12:33:20.151 +05:30  DBG  An entity of type 'Order' tracked by 'EcommerceDbContext' changed state from '"Added"' to '"Unchanged"'. Consider using 'DbContextOptionsBuilder.EnableSensitiveDataLogging' to see key values.
2024-08-29 12:33:20.153 +05:30  DBG  An entity of type 'OrderItem' tracked by 'EcommerceDbContext' changed state from '"Added"' to '"Unchanged"'. Consider using 'DbContextOptionsBuilder.EnableSensitiveDataLogging' to see key values.
2024-08-29 12:33:20.156 +05:30  DBG  SaveChanges completed for 'EcommerceDbContext' with 2 entities written to the database.
2024-08-29 12:33:20.161 +05:30  INF  Executed action method Web.Ecommerce.Controllers.Customer.OrderController.PlaceOrder (Web.Ecommerce), returned result Microsoft.AspNetCore.Mvc.OkObjectResult in 432.3356ms.
2024-08-29 12:33:20.165 +05:30  VRB  Action Filter: Before executing OnActionExecuted on filter Microsoft.AspNetCore.Mvc.Infrastructure.ModelStateInvalidFilter.
2024-08-29 12:33:20.167 +05:30  VRB  Action Filter: After executing OnActionExecuted on filter Microsoft.AspNetCore.Mvc.Infrastructure.ModelStateInvalidFilter.
2024-08-29 12:33:20.169 +05:30  VRB  Action Filter: Before executing OnActionExecuted on filter Microsoft.AspNetCore.Mvc.ModelBinding.UnsupportedContentTypeFilter.
2024-08-29 12:33:20.170 +05:30  VRB  Action Filter: After executing OnActionExecuted on filter Microsoft.AspNetCore.Mvc.ModelBinding.UnsupportedContentTypeFilter.
2024-08-29 12:33:20.172 +05:30  VRB  Result Filter: Before executing OnResultExecuting on filter Microsoft.AspNetCore.Mvc.Infrastructure.ClientErrorResultFilter.
2024-08-29 12:33:20.173 +05:30  VRB  Result Filter: After executing OnResultExecuting on filter Microsoft.AspNetCore.Mvc.Infrastructure.ClientErrorResultFilter.
2024-08-29 12:33:20.176 +05:30  VRB  Before executing action result Microsoft.AspNetCore.Mvc.OkObjectResult.
2024-08-29 12:33:20.178 +05:30  DBG  List of registered output formatters, in the following order: ["Microsoft.AspNetCore.Mvc.Formatters.HttpNoContentOutputFormatter","Microsoft.AspNetCore.Mvc.Formatters.StringOutputFormatter","Microsoft.AspNetCore.Mvc.Formatters.StreamOutputFormatter","Microsoft.AspNetCore.Mvc.Formatters.SystemTextJsonOutputFormatter"]
2024-08-29 12:33:20.181 +05:30  DBG  No information found on request to perform content negotiation.
2024-08-29 12:33:20.181 +05:30  DBG  Attempting to select an output formatter without using a content type as no explicit content types were specified for the response.
2024-08-29 12:33:20.182 +05:30  DBG  Attempting to select the first formatter in the output formatters list which can write the result.
2024-08-29 12:33:20.183 +05:30  DBG  Selected output formatter 'Microsoft.AspNetCore.Mvc.Formatters.SystemTextJsonOutputFormatter' and content type 'application/json' to write the response.
2024-08-29 12:33:20.185 +05:30  INF  Executing OkObjectResult, writing value of type 'Application.Ecom.OrderOperations.Commands.PlaceOrder.PlaceOrderCommandResponse'.
2024-08-29 12:33:20.197 +05:30  VRB  Connection id "0HN67V21CHJBS" sending "HEADERS" frame for stream ID 1 with length 74 and flags "END_HEADERS".
2024-08-29 12:33:20.197 +05:30  VRB  After executing action result Microsoft.AspNetCore.Mvc.OkObjectResult.
2024-08-29 12:33:20.200 +05:30  VRB  Connection id "0HN67V21CHJBS" sending "DATA" frame for stream ID 1 with length 139 and flags "NONE".
2024-08-29 12:33:20.201 +05:30  VRB  Result Filter: Before executing OnResultExecuted on filter Microsoft.AspNetCore.Mvc.Infrastructure.ClientErrorResultFilter.
2024-08-29 12:33:20.205 +05:30  VRB  Result Filter: After executing OnResultExecuted on filter Microsoft.AspNetCore.Mvc.Infrastructure.ClientErrorResultFilter.
2024-08-29 12:33:20.210 +05:30  INF  Executed action Web.Ecommerce.Controllers.Customer.OrderController.PlaceOrder (Web.Ecommerce) in 583.0647ms
2024-08-29 12:33:20.213 +05:30  INF  Executed endpoint 'Web.Ecommerce.Controllers.Customer.OrderController.PlaceOrder (Web.Ecommerce)'
2024-08-29 12:33:20.215 +05:30  VRB  Connection id "0HN67V21CHJBS" sending "DATA" frame for stream ID 1 with length 0 and flags "END_STREAM".
2024-08-29 12:33:20.215 +05:30  DBG  'EcommerceDbContext' disposed.
2024-08-29 12:33:20.220 +05:30  DBG  Disposing connection to database 'Ecommerce' on server 'FGS-DSK-230\MSSQLSERVER2019'.
2024-08-29 12:33:20.222 +05:30  DBG  Disposed connection to database '' on server '' (2ms).
2024-08-29 12:33:20.224 +05:30  INF  Request finished HTTP/2 POST https://localhost:7113/api/Order/Place Order - 200 null application/json; charset=utf-8 749.4081ms
2024-08-29 12:33:21.929 +05:30  DBG  Connection id "0HN67V21CHJBS" received FIN.
2024-08-29 12:33:21.931 +05:30  DBG  Connection id "0HN67V21CHJBS" is closed. The last processed stream ID was 1.
2024-08-29 12:33:21.931 +05:30  DBG  The connection queue processing loop for 0HN67V21CHJBS completed.
2024-08-29 12:33:21.933 +05:30  DBG  Connection id "0HN67V21CHJBS" sending FIN because: "The Socket transport's send loop completed gracefully."
2024-08-29 12:33:21.944 +05:30  DBG  Connection id "0HN67V21CHJBS" stopped.
2024-08-29 12:33:58.413 +05:30  DBG  Connection id "0HN67V21CHJBT" accepted.
2024-08-29 12:33:58.415 +05:30  DBG  Connection id "0HN67V21CHJBT" started.
2024-08-29 12:33:58.420 +05:30  DBG  Connection 0HN67V21CHJBT established using the following protocol: "Tls12"
2024-08-29 12:33:58.422 +05:30  VRB  Connection id "0HN67V21CHJBT" sending "SETTINGS" frame for stream ID 0 with length 24 and flags "NONE".
2024-08-29 12:33:58.424 +05:30  VRB  Connection id "0HN67V21CHJBT" sending "WINDOW_UPDATE" frame for stream ID 0 with length 4 and flags 0x0.
2024-08-29 12:33:58.425 +05:30  VRB  Connection id "0HN67V21CHJBT" received "SETTINGS" frame for stream ID 0 with length 24 and flags "NONE".
2024-08-29 12:33:58.428 +05:30  VRB  Connection id "0HN67V21CHJBT" sending "SETTINGS" frame for stream ID 0 with length 0 and flags "ACK".
2024-08-29 12:33:58.430 +05:30  VRB  Connection id "0HN67V21CHJBT" received "WINDOW_UPDATE" frame for stream ID 0 with length 4 and flags 0x0.
2024-08-29 12:33:58.432 +05:30  VRB  Connection id "0HN67V21CHJBT" received "HEADERS" frame for stream ID 1 with length 500 and flags "END_STREAM, END_HEADERS, PRIORITY".
2024-08-29 12:33:58.433 +05:30  VRB  Connection id "0HN67V21CHJBT" received "SETTINGS" frame for stream ID 0 with length 0 and flags "ACK".
2024-08-29 12:33:58.433 +05:30  INF  Request starting HTTP/2 GET https://localhost:7113/swagger/index.html - null null
2024-08-29 12:33:58.448 +05:30  VRB  All hosts are allowed.
2024-08-29 12:33:58.449 +05:30  DBG  No candidates found for the request path '/swagger/index.html'
2024-08-29 12:33:58.450 +05:30  DBG  Request did not match any endpoints
2024-08-29 12:33:58.452 +05:30  DBG  Response markup is scheduled to include Browser Link script injection.
2024-08-29 12:33:58.453 +05:30  DBG  Response markup is scheduled to include browser refresh script injection.
2024-08-29 12:33:58.454 +05:30  DBG  Response markup was updated to include Browser Link script injection.
2024-08-29 12:33:58.454 +05:30  VRB  Connection id "0HN67V21CHJBT" sending "HEADERS" frame for stream ID 1 with length 66 and flags "END_HEADERS".
2024-08-29 12:33:58.454 +05:30  DBG  Response markup was updated to include browser refresh script injection.
2024-08-29 12:33:58.457 +05:30  VRB  Connection id "0HN67V21CHJBT" sending "DATA" frame for stream ID 1 with length 1136 and flags "NONE".
2024-08-29 12:33:58.458 +05:30  INF  Request finished HTTP/2 GET https://localhost:7113/swagger/index.html - 200 null text/html;charset=utf-8 24.4552ms
2024-08-29 12:33:58.459 +05:30  VRB  Connection id "0HN67V21CHJBT" sending "DATA" frame for stream ID 1 with length 0 and flags "END_STREAM".
2024-08-29 12:33:58.471 +05:30  VRB  Connection id "0HN67V21CHJBT" received "HEADERS" frame for stream ID 3 with length 57 and flags "END_STREAM, END_HEADERS, PRIORITY".
2024-08-29 12:33:58.479 +05:30  INF  Request starting HTTP/2 GET https://localhost:7113/swagger/index.js - null null
2024-08-29 12:33:58.479 +05:30  VRB  Connection id "0HN67V21CHJBT" received "HEADERS" frame for stream ID 5 with length 52 and flags "END_STREAM, END_HEADERS, PRIORITY".
2024-08-29 12:33:58.481 +05:30  VRB  Connection id "0HN67V21CHJBT" received "HEADERS" frame for stream ID 7 with length 57 and flags "END_STREAM, END_HEADERS, PRIORITY".
2024-08-29 12:33:58.482 +05:30  INF  Request starting HTTP/2 GET https://localhost:7113/_framework/aspnetcore-browser-refresh.js - null null
2024-08-29 12:33:58.485 +05:30  VRB  All hosts are allowed.
2024-08-29 12:33:58.493 +05:30  INF  Request starting HTTP/2 GET https://localhost:7113/_vs/browserLink - null null
2024-08-29 12:33:58.496 +05:30  VRB  Connection id "0HN67V21CHJBT" sending "HEADERS" frame for stream ID 5 with length 60 and flags "END_HEADERS".
2024-08-29 12:33:58.499 +05:30  DBG  No candidates found for the request path '/swagger/index.js'
2024-08-29 12:33:58.504 +05:30  VRB  Connection id "0HN67V21CHJBT" sending "DATA" frame for stream ID 5 with length 13762 and flags "NONE".
2024-08-29 12:33:58.509 +05:30  DBG  Request did not match any endpoints
2024-08-29 12:33:58.510 +05:30  VRB  Connection id "0HN67V21CHJBT" sending "HEADERS" frame for stream ID 7 with length 149 and flags "END_HEADERS".
2024-08-29 12:33:58.511 +05:30  INF  Request finished HTTP/2 GET https://localhost:7113/_framework/aspnetcore-browser-refresh.js - 200 13762 application/javascript; charset=utf-8 29.042ms
2024-08-29 12:33:58.511 +05:30  INF  Request finished HTTP/2 GET https://localhost:7113/swagger/index.js - 200 null application/javascript;charset=utf-8 32.7866ms
2024-08-29 12:33:58.512 +05:30  VRB  Connection id "0HN67V21CHJBT" sending "DATA" frame for stream ID 7 with length 9986 and flags "NONE".
2024-08-29 12:33:58.521 +05:30  VRB  Connection id "0HN67V21CHJBT" sending "DATA" frame for stream ID 5 with length 0 and flags "END_STREAM".
2024-08-29 12:33:58.523 +05:30  VRB  Connection id "0HN67V21CHJBT" sending "HEADERS" frame for stream ID 3 with length 41 and flags "END_HEADERS".
2024-08-29 12:33:58.525 +05:30  VRB  Connection id "0HN67V21CHJBT" sending "DATA" frame for stream ID 3 with length 3005 and flags "END_STREAM".
2024-08-29 12:33:58.526 +05:30  VRB  Connection id "0HN67V21CHJBT" sending "DATA" frame for stream ID 7 with length 10240 and flags "NONE".
2024-08-29 12:33:58.528 +05:30  VRB  Connection id "0HN67V21CHJBT" sending "DATA" frame for stream ID 7 with length 10240 and flags "NONE".
2024-08-29 12:33:58.531 +05:30  VRB  Connection id "0HN67V21CHJBT" sending "DATA" frame for stream ID 7 with length 10240 and flags "NONE".
2024-08-29 12:33:58.535 +05:30  VRB  Connection id "0HN67V21CHJBT" sending "DATA" frame for stream ID 7 with length 10240 and flags "NONE".
2024-08-29 12:33:58.538 +05:30  VRB  Connection id "0HN67V21CHJBT" sending "DATA" frame for stream ID 7 with length 10240 and flags "NONE".
2024-08-29 12:33:58.541 +05:30  VRB  Connection id "0HN67V21CHJBT" sending "DATA" frame for stream ID 7 with length 10240 and flags "NONE".
2024-08-29 12:33:58.543 +05:30  VRB  Connection id "0HN67V21CHJBT" sending "DATA" frame for stream ID 7 with length 10240 and flags "NONE".
2024-08-29 12:33:58.545 +05:30  VRB  Connection id "0HN67V21CHJBT" sending "DATA" frame for stream ID 7 with length 10240 and flags "NONE".
2024-08-29 12:33:58.547 +05:30  VRB  Connection id "0HN67V21CHJBT" sending "DATA" frame for stream ID 7 with length 10240 and flags "NONE".
2024-08-29 12:33:58.549 +05:30  VRB  Connection id "0HN67V21CHJBT" sending "DATA" frame for stream ID 7 with length 10240 and flags "NONE".
2024-08-29 12:33:58.550 +05:30  VRB  Connection id "0HN67V21CHJBT" sending "DATA" frame for stream ID 7 with length 10240 and flags "NONE".
2024-08-29 12:33:58.554 +05:30  VRB  Connection id "0HN67V21CHJBT" sending "DATA" frame for stream ID 7 with length 10240 and flags "NONE".
2024-08-29 12:33:58.556 +05:30  VRB  Connection id "0HN67V21CHJBT" sending "DATA" frame for stream ID 7 with length 10240 and flags "NONE".
2024-08-29 12:33:58.558 +05:30  VRB  Connection id "0HN67V21CHJBT" sending "DATA" frame for stream ID 7 with length 10240 and flags "NONE".
2024-08-29 12:33:58.560 +05:30  VRB  Connection id "0HN67V21CHJBT" sending "DATA" frame for stream ID 7 with length 160 and flags "NONE".
2024-08-29 12:33:58.560 +05:30  INF  Request finished HTTP/2 GET https://localhost:7113/_vs/browserLink - 200 null text/javascript; charset=UTF-8 69.6001ms
2024-08-29 12:33:58.561 +05:30  VRB  Connection id "0HN67V21CHJBT" sending "DATA" frame for stream ID 7 with length 0 and flags "END_STREAM".
2024-08-29 12:33:58.590 +05:30  VRB  Connection id "0HN67V21CHJBT" received "HEADERS" frame for stream ID 9 with length 74 and flags "END_STREAM, END_HEADERS, PRIORITY".
2024-08-29 12:33:58.591 +05:30  INF  Request starting HTTP/2 GET https://localhost:7113/swagger/v1/swagger.json - null null
2024-08-29 12:33:58.594 +05:30  VRB  All hosts are allowed.
2024-08-29 12:33:58.595 +05:30  DBG  No candidates found for the request path '/swagger/v1/swagger.json'
2024-08-29 12:33:58.595 +05:30  DBG  Request did not match any endpoints
2024-08-29 12:33:58.606 +05:30  VRB  Connection id "0HN67V21CHJBT" sending "HEADERS" frame for stream ID 9 with length 35 and flags "END_HEADERS".
2024-08-29 12:33:58.608 +05:30  VRB  Connection id "0HN67V21CHJBT" sending "DATA" frame for stream ID 9 with length 16384 and flags "NONE".
2024-08-29 12:33:58.609 +05:30  VRB  Connection id "0HN67V21CHJBT" sending "DATA" frame for stream ID 9 with length 6467 and flags "NONE".
2024-08-29 12:33:58.611 +05:30  INF  Request finished HTTP/2 GET https://localhost:7113/swagger/v1/swagger.json - 200 null application/json;charset=utf-8 20.1311ms
2024-08-29 12:33:58.611 +05:30  VRB  Connection id "0HN67V21CHJBT" sending "DATA" frame for stream ID 9 with length 0 and flags "END_STREAM".
2024-08-29 12:34:14.789 +05:30  VRB  Connection id "0HN67V21CHJBT" received "HEADERS" frame for stream ID 11 with length 81 and flags "END_HEADERS, PRIORITY".
2024-08-29 12:34:14.792 +05:30  VRB  Connection id "0HN67V21CHJBT" received "PING" frame for stream ID 0 with length 8 and flags "NONE".
2024-08-29 12:34:14.792 +05:30  INF  Request starting HTTP/2 POST https://localhost:7113/api/Order/Place Order - application/json 205
2024-08-29 12:34:14.794 +05:30  VRB  Connection id "0HN67V21CHJBT" sending "PING" frame for stream ID 0 with length 8 and flags "ACK".
2024-08-29 12:34:14.796 +05:30  VRB  All hosts are allowed.
2024-08-29 12:34:14.798 +05:30  VRB  Connection id "0HN67V21CHJBT" received "DATA" frame for stream ID 11 with length 205 and flags "END_STREAM".
2024-08-29 12:34:14.799 +05:30  DBG  1 candidate(s) found for the request path '/api/Order/Place Order'
2024-08-29 12:34:14.803 +05:30  DBG  Endpoint 'Web.Ecommerce.Controllers.Customer.OrderController.PlaceOrder (Web.Ecommerce)' with route pattern 'api/Order/Place Order' is valid for the request path '/api/Order/Place Order'
2024-08-29 12:34:14.808 +05:30  DBG  Request matched endpoint 'Web.Ecommerce.Controllers.Customer.OrderController.PlaceOrder (Web.Ecommerce)'
2024-08-29 12:34:14.810 +05:30  VRB  The endpoint does not specify the IRequestSizeLimitMetadata.
2024-08-29 12:34:14.810 +05:30  DBG  Static files was skipped as the request already matched an endpoint.
2024-08-29 12:34:14.814 +05:30  DBG  AuthenticationScheme: Bearer was not authenticated.
2024-08-29 12:34:14.817 +05:30  DBG  AuthenticationScheme: Bearer was not authenticated.
2024-08-29 12:34:14.818 +05:30  INF  Executing endpoint 'Web.Ecommerce.Controllers.Customer.OrderController.PlaceOrder (Web.Ecommerce)'
2024-08-29 12:34:14.824 +05:30  INF  Route matched with {action = "PlaceOrder", controller = "Order"}. Executing controller action with signature System.Threading.Tasks.Task`1[Microsoft.AspNetCore.Mvc.IActionResult] PlaceOrder(Application.Ecom.OrderOperations.Commands.PlaceOrder.PlaceOrderCommand) on controller Web.Ecommerce.Controllers.Customer.OrderController (Web.Ecommerce).
2024-08-29 12:34:14.828 +05:30  DBG  Execution plan of authorization filters (in the following order): ["None"]
2024-08-29 12:34:14.830 +05:30  DBG  Execution plan of resource filters (in the following order): ["None"]
2024-08-29 12:34:14.831 +05:30  DBG  Execution plan of action filters (in the following order): ["Microsoft.AspNetCore.Mvc.ModelBinding.UnsupportedContentTypeFilter (Order: -3000)","Microsoft.AspNetCore.Mvc.Infrastructure.ModelStateInvalidFilter (Order: -2000)"]
2024-08-29 12:34:14.833 +05:30  DBG  Execution plan of exception filters (in the following order): ["None"]
2024-08-29 12:34:14.837 +05:30  DBG  Execution plan of result filters (in the following order): ["Microsoft.AspNetCore.Mvc.Infrastructure.ClientErrorResultFilter (Order: -2000)"]
2024-08-29 12:34:14.839 +05:30  DBG  Executing controller factory for controller Web.Ecommerce.Controllers.Customer.OrderController (Web.Ecommerce)
2024-08-29 12:34:14.841 +05:30  DBG  Executed controller factory for controller Web.Ecommerce.Controllers.Customer.OrderController (Web.Ecommerce)
2024-08-29 12:34:14.844 +05:30  DBG  Attempting to bind parameter 'command' of type 'Application.Ecom.OrderOperations.Commands.PlaceOrder.PlaceOrderCommand' ...
2024-08-29 12:34:14.845 +05:30  DBG  Attempting to bind parameter 'command' of type 'Application.Ecom.OrderOperations.Commands.PlaceOrder.PlaceOrderCommand' using the name '' in request data ...
2024-08-29 12:34:14.854 +05:30  DBG  Selected input formatter 'Microsoft.AspNetCore.Mvc.Formatters.SystemTextJsonInputFormatter' for content type 'application/json'.
2024-08-29 12:34:14.856 +05:30  DBG  Connection id "0HN67V21CHJBT", Request id "0HN67V21CHJBT:0000000B": started reading request body.
2024-08-29 12:34:14.857 +05:30  DBG  Connection id "0HN67V21CHJBT", Request id "0HN67V21CHJBT:0000000B": done reading request body.
2024-08-29 12:34:14.859 +05:30  DBG  JSON input formatter succeeded, deserializing to type 'Application.Ecom.OrderOperations.Commands.PlaceOrder.PlaceOrderCommand'
2024-08-29 12:34:14.860 +05:30  DBG  Done attempting to bind parameter 'command' of type 'Application.Ecom.OrderOperations.Commands.PlaceOrder.PlaceOrderCommand'.
2024-08-29 12:34:14.862 +05:30  DBG  Done attempting to bind parameter 'command' of type 'Application.Ecom.OrderOperations.Commands.PlaceOrder.PlaceOrderCommand'.
2024-08-29 12:34:14.863 +05:30  DBG  Attempting to validate the bound parameter 'command' of type 'Application.Ecom.OrderOperations.Commands.PlaceOrder.PlaceOrderCommand' ...
2024-08-29 12:34:14.866 +05:30  DBG  Done attempting to validate the bound parameter 'command' of type 'Application.Ecom.OrderOperations.Commands.PlaceOrder.PlaceOrderCommand'.
2024-08-29 12:34:14.867 +05:30  VRB  Action Filter: Before executing OnActionExecuting on filter Microsoft.AspNetCore.Mvc.ModelBinding.UnsupportedContentTypeFilter.
2024-08-29 12:34:14.868 +05:30  VRB  Action Filter: After executing OnActionExecuting on filter Microsoft.AspNetCore.Mvc.ModelBinding.UnsupportedContentTypeFilter.
2024-08-29 12:34:14.870 +05:30  VRB  Action Filter: Before executing OnActionExecuting on filter Microsoft.AspNetCore.Mvc.Infrastructure.ModelStateInvalidFilter.
2024-08-29 12:34:14.871 +05:30  VRB  Action Filter: After executing OnActionExecuting on filter Microsoft.AspNetCore.Mvc.Infrastructure.ModelStateInvalidFilter.
2024-08-29 12:34:14.872 +05:30  INF  Executing action method Web.Ecommerce.Controllers.Customer.OrderController.PlaceOrder (Web.Ecommerce) - Validation state: "Valid"
2024-08-29 12:34:14.873 +05:30  VRB  Executing action method Web.Ecommerce.Controllers.Customer.OrderController.PlaceOrder (Web.Ecommerce) with arguments (["Application.Ecom.OrderOperations.Commands.PlaceOrder.PlaceOrderCommand"])
2024-08-29 12:34:14.882 +05:30  DBG  Entity Framework Core 8.0.8 initialized 'EcommerceDbContext' using provider 'Microsoft.EntityFrameworkCore.SqlServer:8.0.8' with options: None
2024-08-29 12:34:14.886 +05:30  DBG  Creating DbConnection.
2024-08-29 12:34:14.887 +05:30  DBG  Created DbConnection. (0ms).
2024-08-29 12:34:14.888 +05:30  DBG  Opening connection to database 'Ecommerce' on server 'FGS-DSK-230\MSSQLSERVER2019'.
2024-08-29 12:34:14.889 +05:30  DBG  Opened connection to database 'Ecommerce' on server 'FGS-DSK-230\MSSQLSERVER2019'.
2024-08-29 12:34:14.889 +05:30  DBG  Creating DbCommand for 'ExecuteReader'.
2024-08-29 12:34:14.890 +05:30  DBG  Created DbCommand for 'ExecuteReader' (0ms).
2024-08-29 12:34:14.891 +05:30  DBG  Initialized DbCommand for 'ExecuteReader' (1ms).
2024-08-29 12:34:14.892 +05:30  DBG  Executing DbCommand [Parameters=[@__get_Item_0='?' (DbType = Guid)], CommandType='"Text"', CommandTimeout='30']
SELECT TOP(1) [p].[ProductId], [p].[Category], [p].[CreatedAt], [p].[Description], [p].[IsDeleted], [p].[Name], [p].[Price], [p].[Quantity], [p].[SellerId], [p].[UpdatedAt], [p].[UserId]
FROM [Products] AS [p]
WHERE [p].[ProductId] = @__get_Item_0
2024-08-29 12:34:14.895 +05:30  INF  Executed DbCommand (4ms) [Parameters=[@__get_Item_0='?' (DbType = Guid)], CommandType='"Text"', CommandTimeout='30']
SELECT TOP(1) [p].[ProductId], [p].[Category], [p].[CreatedAt], [p].[Description], [p].[IsDeleted], [p].[Name], [p].[Price], [p].[Quantity], [p].[SellerId], [p].[UpdatedAt], [p].[UserId]
FROM [Products] AS [p]
WHERE [p].[ProductId] = @__get_Item_0
2024-08-29 12:34:14.897 +05:30  DBG  Context 'EcommerceDbContext' started tracking 'Product' entity. Consider using 'DbContextOptionsBuilder.EnableSensitiveDataLogging' to see key values.
2024-08-29 12:34:14.898 +05:30  DBG  Closing data reader to 'Ecommerce' on server 'FGS-DSK-230\MSSQLSERVER2019'.
2024-08-29 12:34:14.899 +05:30  DBG  A data reader for 'Ecommerce' on server 'FGS-DSK-230\MSSQLSERVER2019' is being disposed after spending 1ms reading results.
2024-08-29 12:34:14.900 +05:30  DBG  Closing connection to database 'Ecommerce' on server 'FGS-DSK-230\MSSQLSERVER2019'.
2024-08-29 12:34:14.902 +05:30  DBG  Closed connection to database 'Ecommerce' on server 'FGS-DSK-230\MSSQLSERVER2019' (1ms).
2024-08-29 12:34:14.904 +05:30  DBG  Context 'EcommerceDbContext' started tracking 'Order' entity. Consider using 'DbContextOptionsBuilder.EnableSensitiveDataLogging' to see key values.
2024-08-29 12:34:14.905 +05:30  DBG  The navigation 'OrderItem.Order' was detected as changed. Consider using 'DbContextOptionsBuilder.EnableSensitiveDataLogging' to see key values.
2024-08-29 12:34:14.907 +05:30  DBG  The navigation 'OrderItem.Product' was detected as changed. Consider using 'DbContextOptionsBuilder.EnableSensitiveDataLogging' to see key values.
2024-08-29 12:34:14.908 +05:30  DBG  Context 'EcommerceDbContext' started tracking 'OrderItem' entity. Consider using 'DbContextOptionsBuilder.EnableSensitiveDataLogging' to see key values.
2024-08-29 12:34:14.912 +05:30  DBG  Creating DbCommand for 'ExecuteNonQuery'.
2024-08-29 12:34:14.913 +05:30  DBG  Created DbCommand for 'ExecuteNonQuery' (1ms).
2024-08-29 12:34:14.914 +05:30  DBG  Initialized DbCommand for 'ExecuteNonQuery' (1ms).
2024-08-29 12:34:14.915 +05:30  DBG  Opening connection to database 'Ecommerce' on server 'FGS-DSK-230\MSSQLSERVER2019'.
2024-08-29 12:34:14.916 +05:30  DBG  Opened connection to database 'Ecommerce' on server 'FGS-DSK-230\MSSQLSERVER2019'.
2024-08-29 12:34:14.917 +05:30  DBG  Executing DbCommand [Parameters=[@ProductId='?' (DbType = Guid), @Quantity='?' (DbType = Int32)], CommandType='"Text"', CommandTimeout='30']
EXEC ReduceProductQuantity @ProductId, @Quantity
2024-08-29 12:34:14.931 +05:30  INF  Executed DbCommand (15ms) [Parameters=[@ProductId='?' (DbType = Guid), @Quantity='?' (DbType = Int32)], CommandType='"Text"', CommandTimeout='30']
EXEC ReduceProductQuantity @ProductId, @Quantity
2024-08-29 12:34:14.940 +05:30  DBG  Closing connection to database 'Ecommerce' on server 'FGS-DSK-230\MSSQLSERVER2019'.
2024-08-29 12:34:14.942 +05:30  DBG  Closed connection to database 'Ecommerce' on server 'FGS-DSK-230\MSSQLSERVER2019' (1ms).
2024-08-29 12:34:14.943 +05:30  DBG  SaveChanges starting for 'EcommerceDbContext'.
2024-08-29 12:34:14.944 +05:30  DBG  DetectChanges starting for 'EcommerceDbContext'.
2024-08-29 12:34:14.945 +05:30  DBG  DetectChanges completed for 'EcommerceDbContext'.
2024-08-29 12:34:14.946 +05:30  DBG  Executing 2 update commands as a batch.
2024-08-29 12:34:14.947 +05:30  DBG  Opening connection to database 'Ecommerce' on server 'FGS-DSK-230\MSSQLSERVER2019'.
2024-08-29 12:34:14.950 +05:30  DBG  Opened connection to database 'Ecommerce' on server 'FGS-DSK-230\MSSQLSERVER2019'.
2024-08-29 12:34:14.952 +05:30  DBG  Beginning transaction with isolation level 'Unspecified'.
2024-08-29 12:34:14.954 +05:30  DBG  Began transaction with isolation level 'ReadCommitted'.
2024-08-29 12:34:14.955 +05:30  DBG  Creating DbCommand for 'ExecuteReader'.
2024-08-29 12:34:14.956 +05:30  DBG  Created DbCommand for 'ExecuteReader' (1ms).
2024-08-29 12:34:14.957 +05:30  DBG  Initialized DbCommand for 'ExecuteReader' (2ms).
2024-08-29 12:34:14.958 +05:30  DBG  Executing DbCommand [Parameters=[@p0='?' (DbType = Guid), @p1='?' (DbType = DateTime2), @p2='?' (DbType = Guid), @p3='?' (DbType = Date), @p4='?' (DbType = Boolean), @p5='?' (DbType = Boolean), @p6='?' (DbType = Boolean), @p7='?' (DbType = DateTime2), @p8='?' (Size = 50), @p9='?' (DbType = Guid), @p10='?' (DbType = Guid), @p11='?' (Size = 4000), @p12='?' (Precision = 18) (Scale = 2) (DbType = Decimal), @p13='?' (DbType = DateTime2), @p14='?' (DbType = Guid), @p15='?' (DbType = DateTime2), @p16='?' (DbType = Guid), @p17='?' (DbType = Guid), @p18='?' (DbType = Int32), @p19='?' (Precision = 8) (Scale = 2) (DbType = Decimal), @p20='?' (DbType = DateTime2)], CommandType='"Text"', CommandTimeout='30']
SET NOCOUNT ON;
INSERT INTO [Orders] ([OrderId], [CreatedAt], [CustomerId], [DeliveryDate], [IsCancelled], [IsDelivered], [IsPaid], [OrderDate], [OrderStatus], [PaymentId], [ReturnId], [ShippingAddress], [TotalAmount], [UpdatedAt])
VALUES (@p0, @p1, @p2, @p3, @p4, @p5, @p6, @p7, @p8, @p9, @p10, @p11, @p12, @p13);
INSERT INTO [OrderItems] ([OrderItemId], [CreatedAt], [OrderId], [ProductId], [Quantity], [UnitPrice], [UpdatedAt])
VALUES (@p14, @p15, @p16, @p17, @p18, @p19, @p20);
2024-08-29 12:34:14.965 +05:30  INF  Executed DbCommand (7ms) [Parameters=[@p0='?' (DbType = Guid), @p1='?' (DbType = DateTime2), @p2='?' (DbType = Guid), @p3='?' (DbType = Date), @p4='?' (DbType = Boolean), @p5='?' (DbType = Boolean), @p6='?' (DbType = Boolean), @p7='?' (DbType = DateTime2), @p8='?' (Size = 50), @p9='?' (DbType = Guid), @p10='?' (DbType = Guid), @p11='?' (Size = 4000), @p12='?' (Precision = 18) (Scale = 2) (DbType = Decimal), @p13='?' (DbType = DateTime2), @p14='?' (DbType = Guid), @p15='?' (DbType = DateTime2), @p16='?' (DbType = Guid), @p17='?' (DbType = Guid), @p18='?' (DbType = Int32), @p19='?' (Precision = 8) (Scale = 2) (DbType = Decimal), @p20='?' (DbType = DateTime2)], CommandType='"Text"', CommandTimeout='30']
SET NOCOUNT ON;
INSERT INTO [Orders] ([OrderId], [CreatedAt], [CustomerId], [DeliveryDate], [IsCancelled], [IsDelivered], [IsPaid], [OrderDate], [OrderStatus], [PaymentId], [ReturnId], [ShippingAddress], [TotalAmount], [UpdatedAt])
VALUES (@p0, @p1, @p2, @p3, @p4, @p5, @p6, @p7, @p8, @p9, @p10, @p11, @p12, @p13);
INSERT INTO [OrderItems] ([OrderItemId], [CreatedAt], [OrderId], [ProductId], [Quantity], [UnitPrice], [UpdatedAt])
VALUES (@p14, @p15, @p16, @p17, @p18, @p19, @p20);
2024-08-29 12:34:14.969 +05:30  DBG  Closing data reader to 'Ecommerce' on server 'FGS-DSK-230\MSSQLSERVER2019'.
2024-08-29 12:34:14.970 +05:30  DBG  A data reader for 'Ecommerce' on server 'FGS-DSK-230\MSSQLSERVER2019' is being disposed after spending 1ms reading results.
2024-08-29 12:34:14.972 +05:30  DBG  Committing transaction.
2024-08-29 12:34:14.973 +05:30  DBG  Committed transaction.
2024-08-29 12:34:14.973 +05:30  DBG  Closing connection to database 'Ecommerce' on server 'FGS-DSK-230\MSSQLSERVER2019'.
2024-08-29 12:34:14.974 +05:30  DBG  Closed connection to database 'Ecommerce' on server 'FGS-DSK-230\MSSQLSERVER2019' (0ms).
2024-08-29 12:34:14.975 +05:30  DBG  Disposing transaction.
2024-08-29 12:34:14.976 +05:30  DBG  An entity of type 'Order' tracked by 'EcommerceDbContext' changed state from '"Added"' to '"Unchanged"'. Consider using 'DbContextOptionsBuilder.EnableSensitiveDataLogging' to see key values.
2024-08-29 12:34:14.977 +05:30  DBG  An entity of type 'OrderItem' tracked by 'EcommerceDbContext' changed state from '"Added"' to '"Unchanged"'. Consider using 'DbContextOptionsBuilder.EnableSensitiveDataLogging' to see key values.
2024-08-29 12:34:14.978 +05:30  DBG  SaveChanges completed for 'EcommerceDbContext' with 2 entities written to the database.
2024-08-29 12:34:14.979 +05:30  INF  Executed action method Web.Ecommerce.Controllers.Customer.OrderController.PlaceOrder (Web.Ecommerce), returned result Microsoft.AspNetCore.Mvc.OkObjectResult in 105.3108ms.
2024-08-29 12:34:14.980 +05:30  VRB  Action Filter: Before executing OnActionExecuted on filter Microsoft.AspNetCore.Mvc.Infrastructure.ModelStateInvalidFilter.
2024-08-29 12:34:14.981 +05:30  VRB  Action Filter: After executing OnActionExecuted on filter Microsoft.AspNetCore.Mvc.Infrastructure.ModelStateInvalidFilter.
2024-08-29 12:34:14.982 +05:30  VRB  Action Filter: Before executing OnActionExecuted on filter Microsoft.AspNetCore.Mvc.ModelBinding.UnsupportedContentTypeFilter.
2024-08-29 12:34:14.983 +05:30  VRB  Action Filter: After executing OnActionExecuted on filter Microsoft.AspNetCore.Mvc.ModelBinding.UnsupportedContentTypeFilter.
2024-08-29 12:34:14.984 +05:30  VRB  Result Filter: Before executing OnResultExecuting on filter Microsoft.AspNetCore.Mvc.Infrastructure.ClientErrorResultFilter.
2024-08-29 12:34:14.987 +05:30  VRB  Result Filter: After executing OnResultExecuting on filter Microsoft.AspNetCore.Mvc.Infrastructure.ClientErrorResultFilter.
2024-08-29 12:34:14.988 +05:30  VRB  Before executing action result Microsoft.AspNetCore.Mvc.OkObjectResult.
2024-08-29 12:34:14.989 +05:30  DBG  List of registered output formatters, in the following order: ["Microsoft.AspNetCore.Mvc.Formatters.HttpNoContentOutputFormatter","Microsoft.AspNetCore.Mvc.Formatters.StringOutputFormatter","Microsoft.AspNetCore.Mvc.Formatters.StreamOutputFormatter","Microsoft.AspNetCore.Mvc.Formatters.SystemTextJsonOutputFormatter"]
2024-08-29 12:34:14.991 +05:30  DBG  No information found on request to perform content negotiation.
2024-08-29 12:34:14.992 +05:30  DBG  Attempting to select an output formatter without using a content type as no explicit content types were specified for the response.
2024-08-29 12:34:14.993 +05:30  DBG  Attempting to select the first formatter in the output formatters list which can write the result.
2024-08-29 12:34:14.994 +05:30  DBG  Selected output formatter 'Microsoft.AspNetCore.Mvc.Formatters.SystemTextJsonOutputFormatter' and content type 'application/json' to write the response.
2024-08-29 12:34:14.995 +05:30  INF  Executing OkObjectResult, writing value of type 'Application.Ecom.OrderOperations.Commands.PlaceOrder.PlaceOrderCommandResponse'.
2024-08-29 12:34:14.997 +05:30  VRB  Connection id "0HN67V21CHJBT" sending "HEADERS" frame for stream ID 11 with length 66 and flags "END_HEADERS".
2024-08-29 12:34:14.997 +05:30  VRB  After executing action result Microsoft.AspNetCore.Mvc.OkObjectResult.
2024-08-29 12:34:14.999 +05:30  VRB  Connection id "0HN67V21CHJBT" sending "DATA" frame for stream ID 11 with length 139 and flags "NONE".
2024-08-29 12:34:15.000 +05:30  VRB  Result Filter: Before executing OnResultExecuted on filter Microsoft.AspNetCore.Mvc.Infrastructure.ClientErrorResultFilter.
2024-08-29 12:34:15.004 +05:30  VRB  Result Filter: After executing OnResultExecuted on filter Microsoft.AspNetCore.Mvc.Infrastructure.ClientErrorResultFilter.
2024-08-29 12:34:15.006 +05:30  INF  Executed action Web.Ecommerce.Controllers.Customer.OrderController.PlaceOrder (Web.Ecommerce) in 167.0359ms
2024-08-29 12:34:15.007 +05:30  INF  Executed endpoint 'Web.Ecommerce.Controllers.Customer.OrderController.PlaceOrder (Web.Ecommerce)'
2024-08-29 12:34:15.009 +05:30  DBG  'EcommerceDbContext' disposed.
2024-08-29 12:34:15.009 +05:30  VRB  Connection id "0HN67V21CHJBT" sending "DATA" frame for stream ID 11 with length 0 and flags "END_STREAM".
2024-08-29 12:34:15.009 +05:30  DBG  Disposing connection to database 'Ecommerce' on server 'FGS-DSK-230\MSSQLSERVER2019'.
2024-08-29 12:34:15.011 +05:30  VRB  Connection id "0HN67V21CHJBT" received "WINDOW_UPDATE" frame for stream ID 0 with length 4 and flags 0x0.
2024-08-29 12:34:15.012 +05:30  DBG  Disposed connection to database '' on server '' (2ms).
2024-08-29 12:34:15.016 +05:30  INF  Request finished HTTP/2 POST https://localhost:7113/api/Order/Place Order - 200 null application/json; charset=utf-8 223.8999ms
2024-08-29 12:34:26.990 +05:30  DBG  Connection id "0HN67V21CHJBT" received FIN.
2024-08-29 12:34:26.994 +05:30  DBG  Connection id "0HN67V21CHJBT" is closed. The last processed stream ID was 11.
2024-08-29 12:34:26.994 +05:30  DBG  The connection queue processing loop for 0HN67V21CHJBT completed.
2024-08-29 12:34:26.996 +05:30  DBG  Connection id "0HN67V21CHJBT" sending FIN because: "The Socket transport's send loop completed gracefully."
2024-08-29 12:34:26.998 +05:30  DBG  Connection id "0HN67V21CHJBT" stopped.
2024-08-29 12:34:52.783 +05:30  DBG  Registered model binder providers, in the following order: ["Microsoft.AspNetCore.Mvc.ModelBinding.Binders.BinderTypeModelBinderProvider","Microsoft.AspNetCore.Mvc.ModelBinding.Binders.ServicesModelBinderProvider","Microsoft.AspNetCore.Mvc.ModelBinding.Binders.BodyModelBinderProvider","Microsoft.AspNetCore.Mvc.ModelBinding.Binders.HeaderModelBinderProvider","Microsoft.AspNetCore.Mvc.ModelBinding.Binders.FloatingPointTypeModelBinderProvider","Microsoft.AspNetCore.Mvc.ModelBinding.Binders.EnumTypeModelBinderProvider","Microsoft.AspNetCore.Mvc.ModelBinding.Binders.DateTimeModelBinderProvider","Microsoft.AspNetCore.Mvc.ModelBinding.Binders.SimpleTypeModelBinderProvider","Microsoft.AspNetCore.Mvc.ModelBinding.Binders.TryParseModelBinderProvider","Microsoft.AspNetCore.Mvc.ModelBinding.Binders.CancellationTokenModelBinderProvider","Microsoft.AspNetCore.Mvc.ModelBinding.Binders.ByteArrayModelBinderProvider","Microsoft.AspNetCore.Mvc.ModelBinding.Binders.FormFileModelBinderProvider","Microsoft.AspNetCore.Mvc.ModelBinding.Binders.FormCollectionModelBinderProvider","Microsoft.AspNetCore.Mvc.ModelBinding.Binders.KeyValuePairModelBinderProvider","Microsoft.AspNetCore.Mvc.ModelBinding.Binders.DictionaryModelBinderProvider","Microsoft.AspNetCore.Mvc.ModelBinding.Binders.ArrayModelBinderProvider","Microsoft.AspNetCore.Mvc.ModelBinding.Binders.CollectionModelBinderProvider","Microsoft.AspNetCore.Mvc.ModelBinding.Binders.ComplexObjectModelBinderProvider"]
2024-08-29 12:34:52.985 +05:30  DBG  An 'IServiceProvider' was created for internal use by Entity Framework.
2024-08-29 12:34:53.060 +05:30  INF  User profile is available. Using 'C:\Users\arjun.hariprasad\AppData\Local\ASP.NET\DataProtection-Keys' as key repository and Windows DPAPI to encrypt keys at rest.
2024-08-29 12:34:53.376 +05:30  WRN  Navigations 'Order.Payments' and 'Payment.Order' were separated into two relationships since the [ForeignKey] attribute was specified on navigations on both sides.
2024-08-29 12:34:53.382 +05:30  WRN  Navigations 'Order.Return' and 'Return.Order' were separated into two relationships since the [ForeignKey] attribute was specified on navigations on both sides.
2024-08-29 12:34:53.387 +05:30  WRN  Navigations 'Payment.Return' and 'Return.Payment' were separated into two relationships since the [ForeignKey] attribute was specified on navigations on both sides.
2024-08-29 12:34:53.473 +05:30  WRN  Navigations 'Order.Payments' and 'Payment.Order' were separated into two relationships since the [ForeignKey] attribute was specified on navigations on both sides.
2024-08-29 12:34:53.476 +05:30  WRN  Navigations 'Payment.Order' and 'Order.Payments' were separated into two relationships since the [ForeignKey] attribute was specified on navigations on both sides.
2024-08-29 12:34:53.478 +05:30  WRN  Navigations 'Payment.Order' and 'Order.Payments' were separated into two relationships since the [ForeignKey] attribute was specified on navigations on both sides.
2024-08-29 12:34:53.479 +05:30  WRN  Navigations 'Payment.Order' and 'Order.Payments' were separated into two relationships since the [ForeignKey] attribute was specified on navigations on both sides.
2024-08-29 12:34:53.481 +05:30  WRN  Navigations 'Order.Return' and 'Return.Order' were separated into two relationships since the [ForeignKey] attribute was specified on navigations on both sides.
2024-08-29 12:34:53.483 +05:30  WRN  Navigations 'Return.Order' and 'Order.Return' were separated into two relationships since the [ForeignKey] attribute was specified on navigations on both sides.
2024-08-29 12:34:53.486 +05:30  WRN  Navigations 'Return.Order' and 'Order.Return' were separated into two relationships since the [ForeignKey] attribute was specified on navigations on both sides.
2024-08-29 12:34:53.488 +05:30  WRN  Navigations 'Return.Order' and 'Order.Return' were separated into two relationships since the [ForeignKey] attribute was specified on navigations on both sides.
2024-08-29 12:34:53.510 +05:30  DBG  The index {'UserId'} was not created on entity type 'IdentityUserRole<Guid>' as the properties are already covered by the index {'UserId', 'RoleId'}.
2024-08-29 12:34:53.513 +05:30  DBG  The index {'UserId'} was not created on entity type 'IdentityUserToken<Guid>' as the properties are already covered by the index {'UserId', 'LoginProvider', 'Name'}.
2024-08-29 12:34:53.640 +05:30  DBG  The property 'Product.UserId' was created in shadow state because there are no eligible CLR members with a matching name.
2024-08-29 12:34:53.770 +05:30  DBG  Entity Framework Core 8.0.8 initialized 'EcommerceDbContext' using provider 'Microsoft.EntityFrameworkCore.SqlServer:8.0.8' with options: None
2024-08-29 12:34:53.874 +05:30  DBG  Compiling query expression: 
'DbSet<IdentityRole<Guid>>()
    .FirstOrDefault(r => r.NormalizedName == __normalizedName_0)'
2024-08-29 12:34:54.037 +05:30  DBG  Generated query execution expression: 
'queryContext => ShapedQueryCompilingExpressionVisitor.SingleOrDefaultAsync<IdentityRole<Guid>>(
    asyncEnumerable: new SingleQueryingEnumerable<IdentityRole<Guid>>(
        (RelationalQueryContext)queryContext, 
        RelationalCommandCache.QueryExpression(
            Projection Mapping:
                EmptyProjectionMember -> Dictionary<IProperty, int> { [Property: IdentityRole<Guid>.Id (Guid) Required PK AfterSave:Throw ValueGenerated.OnAdd, 0], [Property: IdentityRole<Guid>.ConcurrencyStamp (string) Concurrency, 1], [Property: IdentityRole<Guid>.Name (string) MaxLength(256), 2], [Property: IdentityRole<Guid>.NormalizedName (string) Index MaxLength(256), 3] }
            SELECT TOP(1) a.Id, a.ConcurrencyStamp, a.Name, a.NormalizedName
            FROM AspNetRoles AS a
            WHERE a.NormalizedName == @__normalizedName_0), 
        null, 
        Func<QueryContext, DbDataReader, ResultContext, SingleQueryResultCoordinator, IdentityRole<Guid>>, 
        Persistance.EcommerceDbContext, 
        False, 
        False, 
        True
    ), 
    cancellationToken: queryContext.CancellationToken)'
2024-08-29 12:34:54.070 +05:30  DBG  Creating DbConnection.
2024-08-29 12:34:54.089 +05:30  DBG  Created DbConnection. (17ms).
2024-08-29 12:34:54.092 +05:30  DBG  Opening connection to database 'Ecommerce' on server 'FGS-DSK-230\MSSQLSERVER2019'.
2024-08-29 12:34:54.388 +05:30  DBG  Opened connection to database 'Ecommerce' on server 'FGS-DSK-230\MSSQLSERVER2019'.
2024-08-29 12:34:54.393 +05:30  DBG  Creating DbCommand for 'ExecuteReader'.
2024-08-29 12:34:54.400 +05:30  DBG  Created DbCommand for 'ExecuteReader' (4ms).
2024-08-29 12:34:54.409 +05:30  DBG  Initialized DbCommand for 'ExecuteReader' (15ms).
2024-08-29 12:34:54.416 +05:30  DBG  Executing DbCommand [Parameters=[@__normalizedName_0='?' (Size = 256)], CommandType='"Text"', CommandTimeout='30']
SELECT TOP(1) [a].[Id], [a].[ConcurrencyStamp], [a].[Name], [a].[NormalizedName]
FROM [AspNetRoles] AS [a]
WHERE [a].[NormalizedName] = @__normalizedName_0
2024-08-29 12:34:54.466 +05:30  INF  Executed DbCommand (51ms) [Parameters=[@__normalizedName_0='?' (Size = 256)], CommandType='"Text"', CommandTimeout='30']
SELECT TOP(1) [a].[Id], [a].[ConcurrencyStamp], [a].[Name], [a].[NormalizedName]
FROM [AspNetRoles] AS [a]
WHERE [a].[NormalizedName] = @__normalizedName_0
2024-08-29 12:34:54.502 +05:30  DBG  Context 'EcommerceDbContext' started tracking 'IdentityRole' entity. Consider using 'DbContextOptionsBuilder.EnableSensitiveDataLogging' to see key values.
2024-08-29 12:34:54.519 +05:30  DBG  Closing data reader to 'Ecommerce' on server 'FGS-DSK-230\MSSQLSERVER2019'.
2024-08-29 12:34:54.527 +05:30  DBG  A data reader for 'Ecommerce' on server 'FGS-DSK-230\MSSQLSERVER2019' is being disposed after spending 53ms reading results.
2024-08-29 12:34:54.530 +05:30  DBG  Closing connection to database 'Ecommerce' on server 'FGS-DSK-230\MSSQLSERVER2019'.
2024-08-29 12:34:54.535 +05:30  DBG  Closed connection to database 'Ecommerce' on server 'FGS-DSK-230\MSSQLSERVER2019' (4ms).
2024-08-29 12:34:54.540 +05:30  DBG  Opening connection to database 'Ecommerce' on server 'FGS-DSK-230\MSSQLSERVER2019'.
2024-08-29 12:34:54.542 +05:30  DBG  Opened connection to database 'Ecommerce' on server 'FGS-DSK-230\MSSQLSERVER2019'.
2024-08-29 12:34:54.543 +05:30  DBG  Creating DbCommand for 'ExecuteReader'.
2024-08-29 12:34:54.543 +05:30  DBG  Created DbCommand for 'ExecuteReader' (0ms).
2024-08-29 12:34:54.544 +05:30  DBG  Initialized DbCommand for 'ExecuteReader' (1ms).
2024-08-29 12:34:54.545 +05:30  DBG  Executing DbCommand [Parameters=[@__normalizedName_0='?' (Size = 256)], CommandType='"Text"', CommandTimeout='30']
SELECT TOP(1) [a].[Id], [a].[ConcurrencyStamp], [a].[Name], [a].[NormalizedName]
FROM [AspNetRoles] AS [a]
WHERE [a].[NormalizedName] = @__normalizedName_0
2024-08-29 12:34:54.550 +05:30  INF  Executed DbCommand (5ms) [Parameters=[@__normalizedName_0='?' (Size = 256)], CommandType='"Text"', CommandTimeout='30']
SELECT TOP(1) [a].[Id], [a].[ConcurrencyStamp], [a].[Name], [a].[NormalizedName]
FROM [AspNetRoles] AS [a]
WHERE [a].[NormalizedName] = @__normalizedName_0
2024-08-29 12:34:54.554 +05:30  DBG  Context 'EcommerceDbContext' started tracking 'IdentityRole' entity. Consider using 'DbContextOptionsBuilder.EnableSensitiveDataLogging' to see key values.
2024-08-29 12:34:54.555 +05:30  DBG  Closing data reader to 'Ecommerce' on server 'FGS-DSK-230\MSSQLSERVER2019'.
2024-08-29 12:34:54.556 +05:30  DBG  A data reader for 'Ecommerce' on server 'FGS-DSK-230\MSSQLSERVER2019' is being disposed after spending 2ms reading results.
2024-08-29 12:34:54.558 +05:30  DBG  Closing connection to database 'Ecommerce' on server 'FGS-DSK-230\MSSQLSERVER2019'.
2024-08-29 12:34:54.559 +05:30  DBG  Closed connection to database 'Ecommerce' on server 'FGS-DSK-230\MSSQLSERVER2019' (1ms).
2024-08-29 12:34:54.560 +05:30  DBG  Opening connection to database 'Ecommerce' on server 'FGS-DSK-230\MSSQLSERVER2019'.
2024-08-29 12:34:54.561 +05:30  DBG  Opened connection to database 'Ecommerce' on server 'FGS-DSK-230\MSSQLSERVER2019'.
2024-08-29 12:34:54.562 +05:30  DBG  Creating DbCommand for 'ExecuteReader'.
2024-08-29 12:34:54.563 +05:30  DBG  Created DbCommand for 'ExecuteReader' (0ms).
2024-08-29 12:34:54.564 +05:30  DBG  Initialized DbCommand for 'ExecuteReader' (2ms).
2024-08-29 12:34:54.565 +05:30  DBG  Executing DbCommand [Parameters=[@__normalizedName_0='?' (Size = 256)], CommandType='"Text"', CommandTimeout='30']
SELECT TOP(1) [a].[Id], [a].[ConcurrencyStamp], [a].[Name], [a].[NormalizedName]
FROM [AspNetRoles] AS [a]
WHERE [a].[NormalizedName] = @__normalizedName_0
2024-08-29 12:34:54.567 +05:30  INF  Executed DbCommand (2ms) [Parameters=[@__normalizedName_0='?' (Size = 256)], CommandType='"Text"', CommandTimeout='30']
SELECT TOP(1) [a].[Id], [a].[ConcurrencyStamp], [a].[Name], [a].[NormalizedName]
FROM [AspNetRoles] AS [a]
WHERE [a].[NormalizedName] = @__normalizedName_0
2024-08-29 12:34:54.569 +05:30  DBG  Context 'EcommerceDbContext' started tracking 'IdentityRole' entity. Consider using 'DbContextOptionsBuilder.EnableSensitiveDataLogging' to see key values.
2024-08-29 12:34:54.571 +05:30  DBG  Closing data reader to 'Ecommerce' on server 'FGS-DSK-230\MSSQLSERVER2019'.
2024-08-29 12:34:54.571 +05:30  DBG  A data reader for 'Ecommerce' on server 'FGS-DSK-230\MSSQLSERVER2019' is being disposed after spending 2ms reading results.
2024-08-29 12:34:54.573 +05:30  DBG  Closing connection to database 'Ecommerce' on server 'FGS-DSK-230\MSSQLSERVER2019'.
2024-08-29 12:34:54.574 +05:30  DBG  Closed connection to database 'Ecommerce' on server 'FGS-DSK-230\MSSQLSERVER2019' (0ms).
2024-08-29 12:34:54.579 +05:30  DBG  Compiling query expression: 
'DbSet<User>()
    .SingleOrDefault(u => u.NormalizedEmail == __normalizedEmail_0)'
2024-08-29 12:34:54.587 +05:30  DBG  Generated query execution expression: 
'queryContext => ShapedQueryCompilingExpressionVisitor.SingleOrDefaultAsync<User>(
    asyncEnumerable: new SingleQueryingEnumerable<User>(
        (RelationalQueryContext)queryContext, 
        RelationalCommandCache.QueryExpression(
            Projection Mapping:
                EmptyProjectionMember -> Dictionary<IProperty, int> { [Property: User.Id (Guid) Required PK AfterSave:Throw ValueGenerated.OnAdd, 0], [Property: User.AccessFailedCount (int) Required, 1], [Property: User.ConcurrencyStamp (string) Concurrency, 2], [Property: User.CreatedAt (DateTime) Required, 3], [Property: User.Email (string) MaxLength(256), 4], [Property: User.EmailConfirmed (bool) Required, 5], [Property: User.IsDeleted (bool) Required, 6], [Property: User.IsVerified (bool) Required, 7], [Property: User.LockoutEnabled (bool) Required, 8], [Property: User.LockoutEnd (DateTimeOffset?), 9], [Property: User.NormalizedEmail (string) Index MaxLength(256), 10], [Property: User.NormalizedUserName (string) Index MaxLength(256), 11], [Property: User.PasswordHash (string), 12], [Property: User.PhoneNumber (string), 13], [Property: User.PhoneNumberConfirmed (bool) Required, 14], [Property: User.SecurityStamp (string), 15], [Property: User.TwoFactorEnabled (bool) Required, 16], [Property: User.UpdatedAt (DateTime) Required, 17], [Property: User.UserName (string) MaxLength(256), 18] }
            SELECT TOP(2) a.Id, a.AccessFailedCount, a.ConcurrencyStamp, a.CreatedAt, a.Email, a.EmailConfirmed, a.IsDeleted, a.IsVerified, a.LockoutEnabled, a.LockoutEnd, a.NormalizedEmail, a.NormalizedUserName, a.PasswordHash, a.PhoneNumber, a.PhoneNumberConfirmed, a.SecurityStamp, a.TwoFactorEnabled, a.UpdatedAt, a.UserName
            FROM AspNetUsers AS a
            WHERE a.NormalizedEmail == @__normalizedEmail_0), 
        null, 
        Func<QueryContext, DbDataReader, ResultContext, SingleQueryResultCoordinator, User>, 
        Persistance.EcommerceDbContext, 
        False, 
        False, 
        True
    ), 
    cancellationToken: queryContext.CancellationToken)'
2024-08-29 12:34:54.591 +05:30  DBG  Opening connection to database 'Ecommerce' on server 'FGS-DSK-230\MSSQLSERVER2019'.
2024-08-29 12:34:54.592 +05:30  DBG  Opened connection to database 'Ecommerce' on server 'FGS-DSK-230\MSSQLSERVER2019'.
2024-08-29 12:34:54.593 +05:30  DBG  Creating DbCommand for 'ExecuteReader'.
2024-08-29 12:34:54.594 +05:30  DBG  Created DbCommand for 'ExecuteReader' (1ms).
2024-08-29 12:34:54.596 +05:30  DBG  Initialized DbCommand for 'ExecuteReader' (2ms).
2024-08-29 12:34:54.596 +05:30  DBG  Executing DbCommand [Parameters=[@__normalizedEmail_0='?' (Size = 256)], CommandType='"Text"', CommandTimeout='30']
SELECT TOP(2) [a].[Id], [a].[AccessFailedCount], [a].[ConcurrencyStamp], [a].[CreatedAt], [a].[Email], [a].[EmailConfirmed], [a].[IsDeleted], [a].[IsVerified], [a].[LockoutEnabled], [a].[LockoutEnd], [a].[NormalizedEmail], [a].[NormalizedUserName], [a].[PasswordHash], [a].[PhoneNumber], [a].[PhoneNumberConfirmed], [a].[SecurityStamp], [a].[TwoFactorEnabled], [a].[UpdatedAt], [a].[UserName]
FROM [AspNetUsers] AS [a]
WHERE [a].[NormalizedEmail] = @__normalizedEmail_0
2024-08-29 12:34:54.600 +05:30  INF  Executed DbCommand (4ms) [Parameters=[@__normalizedEmail_0='?' (Size = 256)], CommandType='"Text"', CommandTimeout='30']
SELECT TOP(2) [a].[Id], [a].[AccessFailedCount], [a].[ConcurrencyStamp], [a].[CreatedAt], [a].[Email], [a].[EmailConfirmed], [a].[IsDeleted], [a].[IsVerified], [a].[LockoutEnabled], [a].[LockoutEnd], [a].[NormalizedEmail], [a].[NormalizedUserName], [a].[PasswordHash], [a].[PhoneNumber], [a].[PhoneNumberConfirmed], [a].[SecurityStamp], [a].[TwoFactorEnabled], [a].[UpdatedAt], [a].[UserName]
FROM [AspNetUsers] AS [a]
WHERE [a].[NormalizedEmail] = @__normalizedEmail_0
2024-08-29 12:34:54.619 +05:30  DBG  Context 'EcommerceDbContext' started tracking 'User' entity. Consider using 'DbContextOptionsBuilder.EnableSensitiveDataLogging' to see key values.
2024-08-29 12:34:54.646 +05:30  DBG  Closing data reader to 'Ecommerce' on server 'FGS-DSK-230\MSSQLSERVER2019'.
2024-08-29 12:34:54.648 +05:30  DBG  A data reader for 'Ecommerce' on server 'FGS-DSK-230\MSSQLSERVER2019' is being disposed after spending 44ms reading results.
2024-08-29 12:34:54.649 +05:30  DBG  Closing connection to database 'Ecommerce' on server 'FGS-DSK-230\MSSQLSERVER2019'.
2024-08-29 12:34:54.650 +05:30  DBG  Closed connection to database 'Ecommerce' on server 'FGS-DSK-230\MSSQLSERVER2019' (1ms).
2024-08-29 12:34:54.653 +05:30  DBG  'EcommerceDbContext' disposed.
2024-08-29 12:34:54.656 +05:30  DBG  Disposing connection to database 'Ecommerce' on server 'FGS-DSK-230\MSSQLSERVER2019'.
2024-08-29 12:34:54.659 +05:30  DBG  Disposed connection to database '' on server '' (3ms).
2024-08-29 12:34:54.663 +05:30  DBG  Hosting starting
2024-08-29 12:34:54.669 +05:30  DBG  Reading data from file 'C:\Users\arjun.hariprasad\AppData\Local\ASP.NET\DataProtection-Keys\key-36f6fa2d-df91-4e24-9271-a530e4737995.xml'.
2024-08-29 12:34:54.684 +05:30  DBG  Found key {36f6fa2d-df91-4e24-9271-a530e4737995}.
2024-08-29 12:34:54.692 +05:30  DBG  Considering key {36f6fa2d-df91-4e24-9271-a530e4737995} with expiration date 2024-10-20 08:26:28Z as default key.
2024-08-29 12:34:54.696 +05:30  DBG  Forwarded activator type request from Microsoft.AspNetCore.DataProtection.XmlEncryption.DpapiXmlDecryptor, Microsoft.AspNetCore.DataProtection, Version=8.0.0.0, Culture=neutral, PublicKeyToken=adb9793829ddae60 to Microsoft.AspNetCore.DataProtection.XmlEncryption.DpapiXmlDecryptor, Microsoft.AspNetCore.DataProtection, Culture=neutral, PublicKeyToken=adb9793829ddae60
2024-08-29 12:34:54.698 +05:30  DBG  Decrypting secret element using Windows DPAPI.
2024-08-29 12:34:54.699 +05:30  DBG  Forwarded activator type request from Microsoft.AspNetCore.DataProtection.AuthenticatedEncryption.ConfigurationModel.AuthenticatedEncryptorDescriptorDeserializer, Microsoft.AspNetCore.DataProtection, Version=8.0.0.0, Culture=neutral, PublicKeyToken=adb9793829ddae60 to Microsoft.AspNetCore.DataProtection.AuthenticatedEncryption.ConfigurationModel.AuthenticatedEncryptorDescriptorDeserializer, Microsoft.AspNetCore.DataProtection, Culture=neutral, PublicKeyToken=adb9793829ddae60
2024-08-29 12:34:54.701 +05:30  DBG  Opening CNG algorithm 'AES' from provider 'null' with chaining mode CBC.
2024-08-29 12:34:54.705 +05:30  DBG  Opening CNG algorithm 'SHA256' from provider 'null' with HMAC.
2024-08-29 12:34:54.709 +05:30  DBG  Using key {36f6fa2d-df91-4e24-9271-a530e4737995} as the default key.
2024-08-29 12:34:54.710 +05:30  DBG  Key ring with default key {36f6fa2d-df91-4e24-9271-a530e4737995} was loaded during application startup.
2024-08-29 12:34:54.855 +05:30  INF  Now listening on: https://localhost:7113
2024-08-29 12:34:54.857 +05:30  INF  Now listening on: http://localhost:5081
2024-08-29 12:34:54.857 +05:30  DBG  Loaded hosting startup assembly Web.Ecommerce
2024-08-29 12:34:54.858 +05:30  DBG  Loaded hosting startup assembly Microsoft.AspNetCore.Watch.BrowserRefresh
2024-08-29 12:34:54.859 +05:30  DBG  Loaded hosting startup assembly Microsoft.WebTools.BrowserLink.Net
2024-08-29 12:34:54.860 +05:30  INF  Application started. Press Ctrl+C to shut down.
2024-08-29 12:34:54.861 +05:30  INF  Hosting environment: Development
2024-08-29 12:34:54.861 +05:30  INF  Content root path: C:\Users\arjun.hariprasad\source\.NET\Ecommerce\EcommerceSolution\CodeBase\Src\Presentation\Web.Ecommerce
2024-08-29 12:34:54.863 +05:30  DBG  Hosting started
2024-08-29 12:34:55.324 +05:30  DBG  Connection id "0HN67V3HF8CE0" accepted.
2024-08-29 12:34:55.326 +05:30  DBG  Connection id "0HN67V3HF8CE0" started.
2024-08-29 12:34:55.330 +05:30  DBG  Connection id "0HN67V3HF8CE0" received FIN.
2024-08-29 12:34:55.338 +05:30  DBG  Failed to authenticate HTTPS connection.System.IO.IOException: Received an unexpected EOF or 0 bytes from the transport stream.
   at System.Net.Security.SslStream.ReceiveHandshakeFrameAsync[TIOAdapter](CancellationToken cancellationToken)
   at System.Net.Security.SslStream.ForceAuthenticationAsync[TIOAdapter](Boolean receiveFirst, Byte[] reAuthenticationData, CancellationToken cancellationToken)
   at System.Net.Security.SslStream.ProcessAuthenticationWithTelemetryAsync(Boolean isAsync, CancellationToken cancellationToken)
   at Microsoft.AspNetCore.Server.Kestrel.Https.Internal.HttpsConnectionMiddleware.OnConnectionAsync(ConnectionContext context)

2024-08-29 12:34:55.351 +05:30  DBG  Connection id "0HN67V3HF8CE0" stopped.
2024-08-29 12:34:55.355 +05:30  DBG  Connection id "0HN67V3HF8CE0" sending FIN because: "The Socket transport's send loop completed gracefully."
2024-08-29 12:34:55.889 +05:30  DBG  Connection id "0HN67V3HF8CE1" accepted.
2024-08-29 12:34:55.890 +05:30  DBG  Connection id "0HN67V3HF8CE1" started.
2024-08-29 12:34:55.930 +05:30  DBG  Connection 0HN67V3HF8CE1 established using the following protocol: "Tls12"
2024-08-29 12:34:55.956 +05:30  VRB  Connection id "0HN67V3HF8CE1" sending "SETTINGS" frame for stream ID 0 with length 24 and flags "NONE".
2024-08-29 12:34:55.961 +05:30  VRB  Connection id "0HN67V3HF8CE1" sending "WINDOW_UPDATE" frame for stream ID 0 with length 4 and flags 0x0.
2024-08-29 12:34:55.963 +05:30  VRB  Connection id "0HN67V3HF8CE1" received "SETTINGS" frame for stream ID 0 with length 24 and flags "NONE".
2024-08-29 12:34:55.965 +05:30  VRB  Connection id "0HN67V3HF8CE1" sending "SETTINGS" frame for stream ID 0 with length 0 and flags "ACK".
2024-08-29 12:34:55.967 +05:30  VRB  Connection id "0HN67V3HF8CE1" received "WINDOW_UPDATE" frame for stream ID 0 with length 4 and flags 0x0.
2024-08-29 12:34:55.969 +05:30  VRB  Connection id "0HN67V3HF8CE1" received "HEADERS" frame for stream ID 1 with length 469 and flags "END_STREAM, END_HEADERS, PRIORITY".
2024-08-29 12:34:55.986 +05:30  VRB  Connection id "0HN67V3HF8CE1" received "SETTINGS" frame for stream ID 0 with length 0 and flags "ACK".
2024-08-29 12:34:56.001 +05:30  INF  Request starting HTTP/2 GET https://localhost:7113/swagger/index.html - null null
2024-08-29 12:34:56.094 +05:30  DBG  Wildcard detected, all requests with hosts will be allowed.
2024-08-29 12:34:56.095 +05:30  VRB  All hosts are allowed.
2024-08-29 12:34:56.112 +05:30  DBG  No candidates found for the request path '/swagger/index.html'
2024-08-29 12:34:56.113 +05:30  DBG  Request did not match any endpoints
2024-08-29 12:34:56.254 +05:30  DBG  Response markup is scheduled to include Browser Link script injection.
2024-08-29 12:34:56.257 +05:30  DBG  Response markup is scheduled to include browser refresh script injection.
2024-08-29 12:34:56.260 +05:30  VRB  Connection id "0HN67V3HF8CE1" sending "HEADERS" frame for stream ID 1 with length 66 and flags "END_HEADERS".
2024-08-29 12:34:56.263 +05:30  VRB  Connection id "0HN67V3HF8CE1" sending "DATA" frame for stream ID 1 with length 1055 and flags "NONE".
2024-08-29 12:34:56.263 +05:30  DBG  Response markup was updated to include Browser Link script injection.
2024-08-29 12:34:56.266 +05:30  VRB  Connection id "0HN67V3HF8CE1" sending "DATA" frame for stream ID 1 with length 81 and flags "NONE".
2024-08-29 12:34:56.268 +05:30  DBG  Response markup was updated to include browser refresh script injection.
2024-08-29 12:34:56.272 +05:30  VRB  Connection id "0HN67V3HF8CE1" sending "DATA" frame for stream ID 1 with length 0 and flags "END_STREAM".
2024-08-29 12:34:56.278 +05:30  INF  Request finished HTTP/2 GET https://localhost:7113/swagger/index.html - 200 null text/html;charset=utf-8 276.721ms
2024-08-29 12:34:56.288 +05:30  VRB  Connection id "0HN67V3HF8CE1" received "HEADERS" frame for stream ID 3 with length 115 and flags "END_STREAM, END_HEADERS, PRIORITY".
2024-08-29 12:34:56.298 +05:30  VRB  Connection id "0HN67V3HF8CE1" received "HEADERS" frame for stream ID 5 with length 35 and flags "END_STREAM, END_HEADERS, PRIORITY".
2024-08-29 12:34:56.298 +05:30  INF  Request starting HTTP/2 GET https://localhost:7113/_framework/aspnetcore-browser-refresh.js - null null
2024-08-29 12:34:56.300 +05:30  VRB  Connection id "0HN67V3HF8CE1" received "HEADERS" frame for stream ID 7 with length 57 and flags "END_STREAM, END_HEADERS, PRIORITY".
2024-08-29 12:34:56.300 +05:30  INF  Request starting HTTP/2 GET https://localhost:7113/swagger/index.js - null null
2024-08-29 12:34:56.306 +05:30  INF  Request starting HTTP/2 GET https://localhost:7113/_vs/browserLink - null null
2024-08-29 12:34:56.307 +05:30  VRB  All hosts are allowed.
2024-08-29 12:34:56.309 +05:30  VRB  Connection id "0HN67V3HF8CE1" sending "HEADERS" frame for stream ID 3 with length 60 and flags "END_HEADERS".
2024-08-29 12:34:56.310 +05:30  DBG  No candidates found for the request path '/swagger/index.js'
2024-08-29 12:34:56.312 +05:30  VRB  Connection id "0HN67V3HF8CE1" sending "DATA" frame for stream ID 3 with length 13762 and flags "NONE".
2024-08-29 12:34:56.313 +05:30  DBG  Request did not match any endpoints
2024-08-29 12:34:56.327 +05:30  INF  Request finished HTTP/2 GET https://localhost:7113/swagger/index.js - 200 null application/javascript;charset=utf-8 27.0673ms
2024-08-29 12:34:56.327 +05:30  VRB  Connection id "0HN67V3HF8CE1" sending "HEADERS" frame for stream ID 5 with length 41 and flags "END_HEADERS".
2024-08-29 12:34:56.332 +05:30  INF  Request finished HTTP/2 GET https://localhost:7113/_framework/aspnetcore-browser-refresh.js - 200 13762 application/javascript; charset=utf-8 34.0605ms
2024-08-29 12:34:56.340 +05:30  VRB  Connection id "0HN67V3HF8CE1" sending "DATA" frame for stream ID 5 with length 3005 and flags "NONE".
2024-08-29 12:34:56.345 +05:30  VRB  Connection id "0HN67V3HF8CE1" sending "DATA" frame for stream ID 5 with length 0 and flags "END_STREAM".
2024-08-29 12:34:56.348 +05:30  VRB  Connection id "0HN67V3HF8CE1" sending "DATA" frame for stream ID 3 with length 0 and flags "END_STREAM".
2024-08-29 12:34:56.351 +05:30  VRB  Connection id "0HN67V3HF8CE1" sending "HEADERS" frame for stream ID 7 with length 149 and flags "END_HEADERS".
2024-08-29 12:34:56.357 +05:30  VRB  Connection id "0HN67V3HF8CE1" sending "DATA" frame for stream ID 7 with length 9986 and flags "NONE".
2024-08-29 12:34:56.361 +05:30  VRB  Connection id "0HN67V3HF8CE1" sending "DATA" frame for stream ID 7 with length 10240 and flags "NONE".
2024-08-29 12:34:56.363 +05:30  VRB  Connection id "0HN67V3HF8CE1" sending "DATA" frame for stream ID 7 with length 10240 and flags "NONE".
2024-08-29 12:34:56.365 +05:30  VRB  Connection id "0HN67V3HF8CE1" sending "DATA" frame for stream ID 7 with length 10240 and flags "NONE".
2024-08-29 12:34:56.367 +05:30  VRB  Connection id "0HN67V3HF8CE1" sending "DATA" frame for stream ID 7 with length 10240 and flags "NONE".
2024-08-29 12:34:56.370 +05:30  VRB  Connection id "0HN67V3HF8CE1" sending "DATA" frame for stream ID 7 with length 10240 and flags "NONE".
2024-08-29 12:34:56.373 +05:30  VRB  Connection id "0HN67V3HF8CE1" sending "DATA" frame for stream ID 7 with length 10240 and flags "NONE".
2024-08-29 12:34:56.374 +05:30  VRB  Connection id "0HN67V3HF8CE1" sending "DATA" frame for stream ID 7 with length 10240 and flags "NONE".
2024-08-29 12:34:56.376 +05:30  VRB  Connection id "0HN67V3HF8CE1" sending "DATA" frame for stream ID 7 with length 10240 and flags "NONE".
2024-08-29 12:34:56.379 +05:30  VRB  Connection id "0HN67V3HF8CE1" sending "DATA" frame for stream ID 7 with length 10240 and flags "NONE".
2024-08-29 12:34:56.381 +05:30  VRB  Connection id "0HN67V3HF8CE1" sending "DATA" frame for stream ID 7 with length 10240 and flags "NONE".
2024-08-29 12:34:56.383 +05:30  VRB  Connection id "0HN67V3HF8CE1" sending "DATA" frame for stream ID 7 with length 10240 and flags "NONE".
2024-08-29 12:34:56.385 +05:30  VRB  Connection id "0HN67V3HF8CE1" sending "DATA" frame for stream ID 7 with length 10240 and flags "NONE".
2024-08-29 12:34:56.388 +05:30  VRB  Connection id "0HN67V3HF8CE1" sending "DATA" frame for stream ID 7 with length 10240 and flags "NONE".
2024-08-29 12:34:56.389 +05:30  VRB  Connection id "0HN67V3HF8CE1" sending "DATA" frame for stream ID 7 with length 10240 and flags "NONE".
2024-08-29 12:34:56.391 +05:30  VRB  Connection id "0HN67V3HF8CE1" sending "DATA" frame for stream ID 7 with length 160 and flags "NONE".
2024-08-29 12:34:56.391 +05:30  INF  Request finished HTTP/2 GET https://localhost:7113/_vs/browserLink - 200 null text/javascript; charset=UTF-8 85.7818ms
2024-08-29 12:34:56.392 +05:30  VRB  Connection id "0HN67V3HF8CE1" sending "DATA" frame for stream ID 7 with length 0 and flags "END_STREAM".
2024-08-29 12:34:56.429 +05:30  VRB  Connection id "0HN67V3HF8CE1" received "HEADERS" frame for stream ID 9 with length 74 and flags "END_STREAM, END_HEADERS, PRIORITY".
2024-08-29 12:34:56.431 +05:30  INF  Request starting HTTP/2 GET https://localhost:7113/swagger/v1/swagger.json - null null
2024-08-29 12:34:56.433 +05:30  VRB  All hosts are allowed.
2024-08-29 12:34:56.433 +05:30  DBG  No candidates found for the request path '/swagger/v1/swagger.json'
2024-08-29 12:34:56.434 +05:30  DBG  Request did not match any endpoints
2024-08-29 12:34:56.559 +05:30  VRB  Connection id "0HN67V3HF8CE1" sending "HEADERS" frame for stream ID 9 with length 35 and flags "END_HEADERS".
2024-08-29 12:34:56.561 +05:30  VRB  Connection id "0HN67V3HF8CE1" sending "DATA" frame for stream ID 9 with length 16384 and flags "NONE".
2024-08-29 12:34:56.563 +05:30  VRB  Connection id "0HN67V3HF8CE1" sending "DATA" frame for stream ID 9 with length 6467 and flags "NONE".
2024-08-29 12:34:56.566 +05:30  VRB  Connection id "0HN67V3HF8CE1" sending "DATA" frame for stream ID 9 with length 0 and flags "END_STREAM".
2024-08-29 12:34:56.566 +05:30  INF  Request finished HTTP/2 GET https://localhost:7113/swagger/v1/swagger.json - 200 null application/json;charset=utf-8 135.3312ms
2024-08-29 12:34:57.021 +05:30  DBG  Connection id "0HN67V3HF8CE1" received FIN.
2024-08-29 12:34:57.028 +05:30  DBG  Connection id "0HN67V3HF8CE1" is closed. The last processed stream ID was 9.
2024-08-29 12:34:57.028 +05:30  DBG  Connection id "0HN67V3HF8CE1" sending FIN because: "The Socket transport's send loop completed gracefully."
2024-08-29 12:34:57.031 +05:30  DBG  The connection queue processing loop for 0HN67V3HF8CE1 completed.
2024-08-29 12:34:57.032 +05:30  DBG  Connection id "0HN67V3HF8CE1" stopped.
2024-08-29 12:35:06.501 +05:30  DBG  Connection id "0HN67V3HF8CE2" accepted.
2024-08-29 12:35:06.505 +05:30  DBG  Connection id "0HN67V3HF8CE2" started.
2024-08-29 12:35:06.508 +05:30  DBG  Connection 0HN67V3HF8CE2 established using the following protocol: "Tls12"
2024-08-29 12:35:06.510 +05:30  VRB  Connection id "0HN67V3HF8CE2" sending "SETTINGS" frame for stream ID 0 with length 24 and flags "NONE".
2024-08-29 12:35:06.512 +05:30  VRB  Connection id "0HN67V3HF8CE2" sending "WINDOW_UPDATE" frame for stream ID 0 with length 4 and flags 0x0.
2024-08-29 12:35:06.515 +05:30  VRB  Connection id "0HN67V3HF8CE2" received "SETTINGS" frame for stream ID 0 with length 24 and flags "NONE".
2024-08-29 12:35:06.518 +05:30  VRB  Connection id "0HN67V3HF8CE2" sending "SETTINGS" frame for stream ID 0 with length 0 and flags "ACK".
2024-08-29 12:35:06.522 +05:30  VRB  Connection id "0HN67V3HF8CE2" received "WINDOW_UPDATE" frame for stream ID 0 with length 4 and flags 0x0.
2024-08-29 12:35:06.524 +05:30  VRB  Connection id "0HN67V3HF8CE2" received "HEADERS" frame for stream ID 1 with length 411 and flags "END_HEADERS, PRIORITY".
2024-08-29 12:35:06.527 +05:30  VRB  Connection id "0HN67V3HF8CE2" received "DATA" frame for stream ID 1 with length 205 and flags "END_STREAM".
2024-08-29 12:35:06.527 +05:30  INF  Request starting HTTP/2 POST https://localhost:7113/api/Order/Place Order - application/json 205
2024-08-29 12:35:06.528 +05:30  VRB  Connection id "0HN67V3HF8CE2" received "SETTINGS" frame for stream ID 0 with length 0 and flags "ACK".
2024-08-29 12:35:06.530 +05:30  VRB  All hosts are allowed.
2024-08-29 12:35:06.540 +05:30  DBG  1 candidate(s) found for the request path '/api/Order/Place Order'
2024-08-29 12:35:06.542 +05:30  DBG  Endpoint 'Web.Ecommerce.Controllers.Customer.OrderController.PlaceOrder (Web.Ecommerce)' with route pattern 'api/Order/Place Order' is valid for the request path '/api/Order/Place Order'
2024-08-29 12:35:06.545 +05:30  DBG  Request matched endpoint 'Web.Ecommerce.Controllers.Customer.OrderController.PlaceOrder (Web.Ecommerce)'
2024-08-29 12:35:06.547 +05:30  VRB  The endpoint does not specify the IRequestSizeLimitMetadata.
2024-08-29 12:35:06.548 +05:30  DBG  Static files was skipped as the request already matched an endpoint.
2024-08-29 12:35:06.616 +05:30  DBG  AuthenticationScheme: Bearer was not authenticated.
2024-08-29 12:35:06.620 +05:30  DBG  AuthenticationScheme: Bearer was not authenticated.
2024-08-29 12:35:06.622 +05:30  INF  Executing endpoint 'Web.Ecommerce.Controllers.Customer.OrderController.PlaceOrder (Web.Ecommerce)'
2024-08-29 12:35:06.647 +05:30  INF  Route matched with {action = "PlaceOrder", controller = "Order"}. Executing controller action with signature System.Threading.Tasks.Task`1[Microsoft.AspNetCore.Mvc.IActionResult] PlaceOrder(Application.Ecom.OrderOperations.Commands.PlaceOrder.PlaceOrderCommand) on controller Web.Ecommerce.Controllers.Customer.OrderController (Web.Ecommerce).
2024-08-29 12:35:06.651 +05:30  DBG  Execution plan of authorization filters (in the following order): ["None"]
2024-08-29 12:35:06.653 +05:30  DBG  Execution plan of resource filters (in the following order): ["None"]
2024-08-29 12:35:06.655 +05:30  DBG  Execution plan of action filters (in the following order): ["Microsoft.AspNetCore.Mvc.ModelBinding.UnsupportedContentTypeFilter (Order: -3000)","Microsoft.AspNetCore.Mvc.Infrastructure.ModelStateInvalidFilter (Order: -2000)"]
2024-08-29 12:35:06.656 +05:30  DBG  Execution plan of exception filters (in the following order): ["None"]
2024-08-29 12:35:06.657 +05:30  DBG  Execution plan of result filters (in the following order): ["Microsoft.AspNetCore.Mvc.Infrastructure.ClientErrorResultFilter (Order: -2000)"]
2024-08-29 12:35:06.660 +05:30  DBG  Executing controller factory for controller Web.Ecommerce.Controllers.Customer.OrderController (Web.Ecommerce)
2024-08-29 12:35:06.661 +05:30  DBG  Executed controller factory for controller Web.Ecommerce.Controllers.Customer.OrderController (Web.Ecommerce)
2024-08-29 12:35:06.674 +05:30  DBG  Attempting to bind parameter 'command' of type 'Application.Ecom.OrderOperations.Commands.PlaceOrder.PlaceOrderCommand' ...
2024-08-29 12:35:06.677 +05:30  DBG  Attempting to bind parameter 'command' of type 'Application.Ecom.OrderOperations.Commands.PlaceOrder.PlaceOrderCommand' using the name '' in request data ...
2024-08-29 12:35:06.680 +05:30  DBG  Selected input formatter 'Microsoft.AspNetCore.Mvc.Formatters.SystemTextJsonInputFormatter' for content type 'application/json'.
2024-08-29 12:35:06.710 +05:30  DBG  Connection id "0HN67V3HF8CE2", Request id "0HN67V3HF8CE2:00000001": started reading request body.
2024-08-29 12:35:06.711 +05:30  DBG  Connection id "0HN67V3HF8CE2", Request id "0HN67V3HF8CE2:00000001": done reading request body.
2024-08-29 12:35:06.734 +05:30  DBG  JSON input formatter succeeded, deserializing to type 'Application.Ecom.OrderOperations.Commands.PlaceOrder.PlaceOrderCommand'
2024-08-29 12:35:06.736 +05:30  DBG  Done attempting to bind parameter 'command' of type 'Application.Ecom.OrderOperations.Commands.PlaceOrder.PlaceOrderCommand'.
2024-08-29 12:35:06.738 +05:30  DBG  Done attempting to bind parameter 'command' of type 'Application.Ecom.OrderOperations.Commands.PlaceOrder.PlaceOrderCommand'.
2024-08-29 12:35:06.740 +05:30  DBG  Attempting to validate the bound parameter 'command' of type 'Application.Ecom.OrderOperations.Commands.PlaceOrder.PlaceOrderCommand' ...
2024-08-29 12:35:06.866 +05:30  DBG  Done attempting to validate the bound parameter 'command' of type 'Application.Ecom.OrderOperations.Commands.PlaceOrder.PlaceOrderCommand'.
2024-08-29 12:35:06.870 +05:30  VRB  Action Filter: Before executing OnActionExecuting on filter Microsoft.AspNetCore.Mvc.ModelBinding.UnsupportedContentTypeFilter.
2024-08-29 12:35:06.872 +05:30  VRB  Action Filter: After executing OnActionExecuting on filter Microsoft.AspNetCore.Mvc.ModelBinding.UnsupportedContentTypeFilter.
2024-08-29 12:35:06.874 +05:30  VRB  Action Filter: Before executing OnActionExecuting on filter Microsoft.AspNetCore.Mvc.Infrastructure.ModelStateInvalidFilter.
2024-08-29 12:35:06.875 +05:30  VRB  Action Filter: After executing OnActionExecuting on filter Microsoft.AspNetCore.Mvc.Infrastructure.ModelStateInvalidFilter.
2024-08-29 12:35:06.880 +05:30  INF  Executing action method Web.Ecommerce.Controllers.Customer.OrderController.PlaceOrder (Web.Ecommerce) - Validation state: "Valid"
2024-08-29 12:35:06.881 +05:30  VRB  Executing action method Web.Ecommerce.Controllers.Customer.OrderController.PlaceOrder (Web.Ecommerce) with arguments (["Application.Ecom.OrderOperations.Commands.PlaceOrder.PlaceOrderCommand"])
2024-08-29 12:35:06.953 +05:30  DBG  Entity Framework Core 8.0.8 initialized 'EcommerceDbContext' using provider 'Microsoft.EntityFrameworkCore.SqlServer:8.0.8' with options: None
2024-08-29 12:35:06.966 +05:30  DBG  Compiling query expression: 
'DbSet<Product>()
    .FirstOrDefault(e => object.Equals(
        objA: EF.Property<object>(e, "ProductId"), 
        objB: __get_Item_0))'
2024-08-29 12:35:07.007 +05:30  DBG  Generated query execution expression: 
'queryContext => ShapedQueryCompilingExpressionVisitor.SingleOrDefaultAsync<Product>(
    asyncEnumerable: new SingleQueryingEnumerable<Product>(
        (RelationalQueryContext)queryContext, 
        RelationalCommandCache.QueryExpression(
            Projection Mapping:
                EmptyProjectionMember -> Dictionary<IProperty, int> { [Property: Product.ProductId (Guid) Required PK AfterSave:Throw ValueGenerated.OnAdd, 0], [Property: Product.Category (string) Required MaxLength(20), 1], [Property: Product.CreatedAt (DateTime) Required, 2], [Property: Product.Description (string) Required MaxLength(500), 3], [Property: Product.IsDeleted (bool) Required, 4], [Property: Product.Name (string) Required MaxLength(100), 5], [Property: Product.Price (decimal) Required, 6], [Property: Product.Quantity (int) Required, 7], [Property: Product.SellerId (Guid) Required FK Index, 8], [Property: Product.UpdatedAt (DateTime) Required, 9], [Property: Product.UserId (no field, Guid?) Shadow FK Index, 10] }
            SELECT TOP(1) p.ProductId, p.Category, p.CreatedAt, p.Description, p.IsDeleted, p.Name, p.Price, p.Quantity, p.SellerId, p.UpdatedAt, p.UserId
            FROM Products AS p
            WHERE p.ProductId == @__get_Item_0), 
        null, 
        Func<QueryContext, DbDataReader, ResultContext, SingleQueryResultCoordinator, Product>, 
        Persistance.EcommerceDbContext, 
        False, 
        False, 
        True
    ), 
    cancellationToken: queryContext.CancellationToken)'
2024-08-29 12:35:07.011 +05:30  DBG  Creating DbConnection.
2024-08-29 12:35:07.012 +05:30  DBG  Created DbConnection. (0ms).
2024-08-29 12:35:07.012 +05:30  DBG  Opening connection to database 'Ecommerce' on server 'FGS-DSK-230\MSSQLSERVER2019'.
2024-08-29 12:35:07.013 +05:30  DBG  Opened connection to database 'Ecommerce' on server 'FGS-DSK-230\MSSQLSERVER2019'.
2024-08-29 12:35:07.014 +05:30  DBG  Creating DbCommand for 'ExecuteReader'.
2024-08-29 12:35:07.014 +05:30  DBG  Created DbCommand for 'ExecuteReader' (0ms).
2024-08-29 12:35:07.015 +05:30  DBG  Initialized DbCommand for 'ExecuteReader' (1ms).
2024-08-29 12:35:07.016 +05:30  DBG  Executing DbCommand [Parameters=[@__get_Item_0='?' (DbType = Guid)], CommandType='"Text"', CommandTimeout='30']
SELECT TOP(1) [p].[ProductId], [p].[Category], [p].[CreatedAt], [p].[Description], [p].[IsDeleted], [p].[Name], [p].[Price], [p].[Quantity], [p].[SellerId], [p].[UpdatedAt], [p].[UserId]
FROM [Products] AS [p]
WHERE [p].[ProductId] = @__get_Item_0
2024-08-29 12:35:07.022 +05:30  INF  Executed DbCommand (6ms) [Parameters=[@__get_Item_0='?' (DbType = Guid)], CommandType='"Text"', CommandTimeout='30']
SELECT TOP(1) [p].[ProductId], [p].[Category], [p].[CreatedAt], [p].[Description], [p].[IsDeleted], [p].[Name], [p].[Price], [p].[Quantity], [p].[SellerId], [p].[UpdatedAt], [p].[UserId]
FROM [Products] AS [p]
WHERE [p].[ProductId] = @__get_Item_0
2024-08-29 12:35:07.033 +05:30  DBG  Context 'EcommerceDbContext' started tracking 'Product' entity. Consider using 'DbContextOptionsBuilder.EnableSensitiveDataLogging' to see key values.
2024-08-29 12:35:07.049 +05:30  DBG  Closing data reader to 'Ecommerce' on server 'FGS-DSK-230\MSSQLSERVER2019'.
2024-08-29 12:35:07.050 +05:30  DBG  A data reader for 'Ecommerce' on server 'FGS-DSK-230\MSSQLSERVER2019' is being disposed after spending 25ms reading results.
2024-08-29 12:35:07.051 +05:30  DBG  Closing connection to database 'Ecommerce' on server 'FGS-DSK-230\MSSQLSERVER2019'.
2024-08-29 12:35:07.052 +05:30  DBG  Closed connection to database 'Ecommerce' on server 'FGS-DSK-230\MSSQLSERVER2019' (1ms).
2024-08-29 12:35:07.091 +05:30  DBG  Context 'EcommerceDbContext' started tracking 'Order' entity. Consider using 'DbContextOptionsBuilder.EnableSensitiveDataLogging' to see key values.
2024-08-29 12:35:07.109 +05:30  DBG  The navigation 'OrderItem.Order' was detected as changed. Consider using 'DbContextOptionsBuilder.EnableSensitiveDataLogging' to see key values.
2024-08-29 12:35:07.118 +05:30  DBG  The navigation 'OrderItem.Product' was detected as changed. Consider using 'DbContextOptionsBuilder.EnableSensitiveDataLogging' to see key values.
2024-08-29 12:35:07.123 +05:30  DBG  Context 'EcommerceDbContext' started tracking 'OrderItem' entity. Consider using 'DbContextOptionsBuilder.EnableSensitiveDataLogging' to see key values.
2024-08-29 12:35:07.131 +05:30  DBG  Creating DbCommand for 'ExecuteNonQuery'.
2024-08-29 12:35:07.132 +05:30  DBG  Created DbCommand for 'ExecuteNonQuery' (1ms).
2024-08-29 12:35:07.134 +05:30  DBG  Initialized DbCommand for 'ExecuteNonQuery' (3ms).
2024-08-29 12:35:07.135 +05:30  DBG  Opening connection to database 'Ecommerce' on server 'FGS-DSK-230\MSSQLSERVER2019'.
2024-08-29 12:35:07.138 +05:30  DBG  Opened connection to database 'Ecommerce' on server 'FGS-DSK-230\MSSQLSERVER2019'.
2024-08-29 12:35:07.141 +05:30  DBG  Executing DbCommand [Parameters=[@ProductId='?' (DbType = Guid), @Quantity='?' (DbType = Int32)], CommandType='"Text"', CommandTimeout='30']
EXEC ReduceProductQuantity @ProductId, @Quantity
2024-08-29 12:35:07.283 +05:30  INF  Executed DbCommand (143ms) [Parameters=[@ProductId='?' (DbType = Guid), @Quantity='?' (DbType = Int32)], CommandType='"Text"', CommandTimeout='30']
EXEC ReduceProductQuantity @ProductId, @Quantity
2024-08-29 12:35:07.289 +05:30  DBG  Closing connection to database 'Ecommerce' on server 'FGS-DSK-230\MSSQLSERVER2019'.
2024-08-29 12:35:07.294 +05:30  DBG  Closed connection to database 'Ecommerce' on server 'FGS-DSK-230\MSSQLSERVER2019' (4ms).
2024-08-29 12:35:07.299 +05:30  DBG  SaveChanges starting for 'EcommerceDbContext'.
2024-08-29 12:35:07.302 +05:30  DBG  DetectChanges starting for 'EcommerceDbContext'.
2024-08-29 12:35:07.338 +05:30  DBG  DetectChanges completed for 'EcommerceDbContext'.
2024-08-29 12:35:07.405 +05:30  DBG  Executing 2 update commands as a batch.
2024-08-29 12:35:07.408 +05:30  DBG  Opening connection to database 'Ecommerce' on server 'FGS-DSK-230\MSSQLSERVER2019'.
2024-08-29 12:35:07.408 +05:30  DBG  Opened connection to database 'Ecommerce' on server 'FGS-DSK-230\MSSQLSERVER2019'.
2024-08-29 12:35:07.410 +05:30  DBG  Beginning transaction with isolation level 'Unspecified'.
2024-08-29 12:35:07.416 +05:30  DBG  Began transaction with isolation level 'ReadCommitted'.
2024-08-29 12:35:07.419 +05:30  DBG  Creating DbCommand for 'ExecuteReader'.
2024-08-29 12:35:07.420 +05:30  DBG  Created DbCommand for 'ExecuteReader' (0ms).
2024-08-29 12:35:07.422 +05:30  DBG  Initialized DbCommand for 'ExecuteReader' (3ms).
2024-08-29 12:35:07.423 +05:30  DBG  Executing DbCommand [Parameters=[@p0='?' (DbType = Guid), @p1='?' (DbType = DateTime2), @p2='?' (DbType = Guid), @p3='?' (DbType = Date), @p4='?' (DbType = Boolean), @p5='?' (DbType = Boolean), @p6='?' (DbType = Boolean), @p7='?' (DbType = DateTime2), @p8='?' (Size = 50), @p9='?' (DbType = Guid), @p10='?' (DbType = Guid), @p11='?' (Size = 4000), @p12='?' (Precision = 18) (Scale = 2) (DbType = Decimal), @p13='?' (DbType = DateTime2), @p14='?' (DbType = Guid), @p15='?' (DbType = DateTime2), @p16='?' (DbType = Guid), @p17='?' (DbType = Guid), @p18='?' (DbType = Int32), @p19='?' (Precision = 8) (Scale = 2) (DbType = Decimal), @p20='?' (DbType = DateTime2)], CommandType='"Text"', CommandTimeout='30']
SET NOCOUNT ON;
INSERT INTO [Orders] ([OrderId], [CreatedAt], [CustomerId], [DeliveryDate], [IsCancelled], [IsDelivered], [IsPaid], [OrderDate], [OrderStatus], [PaymentId], [ReturnId], [ShippingAddress], [TotalAmount], [UpdatedAt])
VALUES (@p0, @p1, @p2, @p3, @p4, @p5, @p6, @p7, @p8, @p9, @p10, @p11, @p12, @p13);
INSERT INTO [OrderItems] ([OrderItemId], [CreatedAt], [OrderId], [ProductId], [Quantity], [UnitPrice], [UpdatedAt])
VALUES (@p14, @p15, @p16, @p17, @p18, @p19, @p20);
2024-08-29 12:35:07.437 +05:30  INF  Executed DbCommand (13ms) [Parameters=[@p0='?' (DbType = Guid), @p1='?' (DbType = DateTime2), @p2='?' (DbType = Guid), @p3='?' (DbType = Date), @p4='?' (DbType = Boolean), @p5='?' (DbType = Boolean), @p6='?' (DbType = Boolean), @p7='?' (DbType = DateTime2), @p8='?' (Size = 50), @p9='?' (DbType = Guid), @p10='?' (DbType = Guid), @p11='?' (Size = 4000), @p12='?' (Precision = 18) (Scale = 2) (DbType = Decimal), @p13='?' (DbType = DateTime2), @p14='?' (DbType = Guid), @p15='?' (DbType = DateTime2), @p16='?' (DbType = Guid), @p17='?' (DbType = Guid), @p18='?' (DbType = Int32), @p19='?' (Precision = 8) (Scale = 2) (DbType = Decimal), @p20='?' (DbType = DateTime2)], CommandType='"Text"', CommandTimeout='30']
SET NOCOUNT ON;
INSERT INTO [Orders] ([OrderId], [CreatedAt], [CustomerId], [DeliveryDate], [IsCancelled], [IsDelivered], [IsPaid], [OrderDate], [OrderStatus], [PaymentId], [ReturnId], [ShippingAddress], [TotalAmount], [UpdatedAt])
VALUES (@p0, @p1, @p2, @p3, @p4, @p5, @p6, @p7, @p8, @p9, @p10, @p11, @p12, @p13);
INSERT INTO [OrderItems] ([OrderItemId], [CreatedAt], [OrderId], [ProductId], [Quantity], [UnitPrice], [UpdatedAt])
VALUES (@p14, @p15, @p16, @p17, @p18, @p19, @p20);
2024-08-29 12:35:07.441 +05:30  DBG  Closing data reader to 'Ecommerce' on server 'FGS-DSK-230\MSSQLSERVER2019'.
2024-08-29 12:35:07.442 +05:30  DBG  A data reader for 'Ecommerce' on server 'FGS-DSK-230\MSSQLSERVER2019' is being disposed after spending 2ms reading results.
2024-08-29 12:35:07.445 +05:30  DBG  Committing transaction.
2024-08-29 12:35:07.449 +05:30  DBG  Committed transaction.
2024-08-29 12:35:07.451 +05:30  DBG  Closing connection to database 'Ecommerce' on server 'FGS-DSK-230\MSSQLSERVER2019'.
2024-08-29 12:35:07.452 +05:30  DBG  Closed connection to database 'Ecommerce' on server 'FGS-DSK-230\MSSQLSERVER2019' (1ms).
2024-08-29 12:35:07.454 +05:30  DBG  Disposing transaction.
2024-08-29 12:35:07.461 +05:30  DBG  An entity of type 'Order' tracked by 'EcommerceDbContext' changed state from '"Added"' to '"Unchanged"'. Consider using 'DbContextOptionsBuilder.EnableSensitiveDataLogging' to see key values.
2024-08-29 12:35:07.463 +05:30  DBG  An entity of type 'OrderItem' tracked by 'EcommerceDbContext' changed state from '"Added"' to '"Unchanged"'. Consider using 'DbContextOptionsBuilder.EnableSensitiveDataLogging' to see key values.
2024-08-29 12:35:07.466 +05:30  DBG  SaveChanges completed for 'EcommerceDbContext' with 2 entities written to the database.
2024-08-29 12:35:07.471 +05:30  INF  Executed action method Web.Ecommerce.Controllers.Customer.OrderController.PlaceOrder (Web.Ecommerce), returned result Microsoft.AspNetCore.Mvc.OkObjectResult in 586.6868ms.
2024-08-29 12:35:07.473 +05:30  VRB  Action Filter: Before executing OnActionExecuted on filter Microsoft.AspNetCore.Mvc.Infrastructure.ModelStateInvalidFilter.
2024-08-29 12:35:07.474 +05:30  VRB  Action Filter: After executing OnActionExecuted on filter Microsoft.AspNetCore.Mvc.Infrastructure.ModelStateInvalidFilter.
2024-08-29 12:35:07.475 +05:30  VRB  Action Filter: Before executing OnActionExecuted on filter Microsoft.AspNetCore.Mvc.ModelBinding.UnsupportedContentTypeFilter.
2024-08-29 12:35:07.476 +05:30  VRB  Action Filter: After executing OnActionExecuted on filter Microsoft.AspNetCore.Mvc.ModelBinding.UnsupportedContentTypeFilter.
2024-08-29 12:35:07.478 +05:30  VRB  Result Filter: Before executing OnResultExecuting on filter Microsoft.AspNetCore.Mvc.Infrastructure.ClientErrorResultFilter.
2024-08-29 12:35:07.479 +05:30  VRB  Result Filter: After executing OnResultExecuting on filter Microsoft.AspNetCore.Mvc.Infrastructure.ClientErrorResultFilter.
2024-08-29 12:35:07.481 +05:30  VRB  Before executing action result Microsoft.AspNetCore.Mvc.OkObjectResult.
2024-08-29 12:35:07.483 +05:30  DBG  List of registered output formatters, in the following order: ["Microsoft.AspNetCore.Mvc.Formatters.HttpNoContentOutputFormatter","Microsoft.AspNetCore.Mvc.Formatters.StringOutputFormatter","Microsoft.AspNetCore.Mvc.Formatters.StreamOutputFormatter","Microsoft.AspNetCore.Mvc.Formatters.SystemTextJsonOutputFormatter"]
2024-08-29 12:35:07.486 +05:30  DBG  No information found on request to perform content negotiation.
2024-08-29 12:35:07.487 +05:30  DBG  Attempting to select an output formatter without using a content type as no explicit content types were specified for the response.
2024-08-29 12:35:07.488 +05:30  DBG  Attempting to select the first formatter in the output formatters list which can write the result.
2024-08-29 12:35:07.489 +05:30  DBG  Selected output formatter 'Microsoft.AspNetCore.Mvc.Formatters.SystemTextJsonOutputFormatter' and content type 'application/json' to write the response.
2024-08-29 12:35:07.491 +05:30  INF  Executing OkObjectResult, writing value of type 'Application.Ecom.OrderOperations.Commands.PlaceOrder.PlaceOrderCommandResponse'.
2024-08-29 12:35:07.502 +05:30  VRB  Connection id "0HN67V3HF8CE2" sending "HEADERS" frame for stream ID 1 with length 74 and flags "END_HEADERS".
2024-08-29 12:35:07.502 +05:30  VRB  After executing action result Microsoft.AspNetCore.Mvc.OkObjectResult.
2024-08-29 12:35:07.504 +05:30  VRB  Connection id "0HN67V3HF8CE2" sending "DATA" frame for stream ID 1 with length 139 and flags "NONE".
2024-08-29 12:35:07.505 +05:30  VRB  Result Filter: Before executing OnResultExecuted on filter Microsoft.AspNetCore.Mvc.Infrastructure.ClientErrorResultFilter.
2024-08-29 12:35:07.508 +05:30  VRB  Result Filter: After executing OnResultExecuted on filter Microsoft.AspNetCore.Mvc.Infrastructure.ClientErrorResultFilter.
2024-08-29 12:35:07.513 +05:30  INF  Executed action Web.Ecommerce.Controllers.Customer.OrderController.PlaceOrder (Web.Ecommerce) in 851.7993ms
2024-08-29 12:35:07.514 +05:30  INF  Executed endpoint 'Web.Ecommerce.Controllers.Customer.OrderController.PlaceOrder (Web.Ecommerce)'
2024-08-29 12:35:07.516 +05:30  VRB  Connection id "0HN67V3HF8CE2" sending "DATA" frame for stream ID 1 with length 0 and flags "END_STREAM".
2024-08-29 12:35:07.517 +05:30  DBG  'EcommerceDbContext' disposed.
2024-08-29 12:35:07.521 +05:30  DBG  Disposing connection to database 'Ecommerce' on server 'FGS-DSK-230\MSSQLSERVER2019'.
2024-08-29 12:35:07.523 +05:30  DBG  Disposed connection to database '' on server '' (1ms).
2024-08-29 12:35:07.525 +05:30  INF  Request finished HTTP/2 POST https://localhost:7113/api/Order/Place Order - 200 null application/json; charset=utf-8 998.1376ms
2024-08-29 12:35:17.041 +05:30  DBG  Connection id "0HN67V3HF8CE2" received FIN.
2024-08-29 12:35:17.043 +05:30  DBG  Connection id "0HN67V3HF8CE2" is closed. The last processed stream ID was 1.
2024-08-29 12:35:17.043 +05:30  DBG  The connection queue processing loop for 0HN67V3HF8CE2 completed.
2024-08-29 12:35:17.044 +05:30  DBG  Connection id "0HN67V3HF8CE2" sending FIN because: "The Socket transport's send loop completed gracefully."
2024-08-29 12:35:17.056 +05:30  DBG  Connection id "0HN67V3HF8CE2" stopped.
2024-08-29 12:39:58.404 +05:30  DBG  Connection id "0HN67V3HF8CE3" accepted.
2024-08-29 12:39:58.405 +05:30  DBG  Connection id "0HN67V3HF8CE3" started.
2024-08-29 12:39:58.413 +05:30  DBG  Connection 0HN67V3HF8CE3 established using the following protocol: "Tls12"
2024-08-29 12:39:58.414 +05:30  VRB  Connection id "0HN67V3HF8CE3" sending "SETTINGS" frame for stream ID 0 with length 24 and flags "NONE".
2024-08-29 12:39:58.416 +05:30  VRB  Connection id "0HN67V3HF8CE3" sending "WINDOW_UPDATE" frame for stream ID 0 with length 4 and flags 0x0.
2024-08-29 12:39:58.417 +05:30  VRB  Connection id "0HN67V3HF8CE3" received "SETTINGS" frame for stream ID 0 with length 24 and flags "NONE".
2024-08-29 12:39:58.419 +05:30  VRB  Connection id "0HN67V3HF8CE3" sending "SETTINGS" frame for stream ID 0 with length 0 and flags "ACK".
2024-08-29 12:39:58.420 +05:30  VRB  Connection id "0HN67V3HF8CE3" received "WINDOW_UPDATE" frame for stream ID 0 with length 4 and flags 0x0.
2024-08-29 12:39:58.421 +05:30  VRB  Connection id "0HN67V3HF8CE3" received "HEADERS" frame for stream ID 1 with length 500 and flags "END_STREAM, END_HEADERS, PRIORITY".
2024-08-29 12:39:58.424 +05:30  VRB  Connection id "0HN67V3HF8CE3" received "SETTINGS" frame for stream ID 0 with length 0 and flags "ACK".
2024-08-29 12:39:58.424 +05:30  INF  Request starting HTTP/2 GET https://localhost:7113/swagger/index.html - null null
2024-08-29 12:39:58.490 +05:30  VRB  All hosts are allowed.
2024-08-29 12:39:58.491 +05:30  DBG  No candidates found for the request path '/swagger/index.html'
2024-08-29 12:39:58.492 +05:30  DBG  Request did not match any endpoints
2024-08-29 12:39:58.492 +05:30  DBG  Response markup is scheduled to include Browser Link script injection.
2024-08-29 12:39:58.493 +05:30  DBG  Response markup is scheduled to include browser refresh script injection.
2024-08-29 12:39:58.493 +05:30  VRB  Connection id "0HN67V3HF8CE3" sending "HEADERS" frame for stream ID 1 with length 66 and flags "END_HEADERS".
2024-08-29 12:39:58.493 +05:30  DBG  Response markup was updated to include Browser Link script injection.
2024-08-29 12:39:58.495 +05:30  VRB  Connection id "0HN67V3HF8CE3" sending "DATA" frame for stream ID 1 with length 1136 and flags "NONE".
2024-08-29 12:39:58.495 +05:30  DBG  Response markup was updated to include browser refresh script injection.
2024-08-29 12:39:58.498 +05:30  INF  Request finished HTTP/2 GET https://localhost:7113/swagger/index.html - 200 null text/html;charset=utf-8 73.2099ms
2024-08-29 12:39:58.498 +05:30  VRB  Connection id "0HN67V3HF8CE3" sending "DATA" frame for stream ID 1 with length 0 and flags "END_STREAM".
2024-08-29 12:39:58.513 +05:30  VRB  Connection id "0HN67V3HF8CE3" received "HEADERS" frame for stream ID 3 with length 57 and flags "END_STREAM, END_HEADERS, PRIORITY".
2024-08-29 12:39:58.514 +05:30  VRB  Connection id "0HN67V3HF8CE3" received "HEADERS" frame for stream ID 5 with length 52 and flags "END_STREAM, END_HEADERS, PRIORITY".
2024-08-29 12:39:58.515 +05:30  INF  Request starting HTTP/2 GET https://localhost:7113/swagger/index.js - null null
2024-08-29 12:39:58.516 +05:30  VRB  Connection id "0HN67V3HF8CE3" received "HEADERS" frame for stream ID 7 with length 57 and flags "END_STREAM, END_HEADERS, PRIORITY".
2024-08-29 12:39:58.516 +05:30  INF  Request starting HTTP/2 GET https://localhost:7113/_framework/aspnetcore-browser-refresh.js - null null
2024-08-29 12:39:58.518 +05:30  VRB  All hosts are allowed.
2024-08-29 12:39:58.543 +05:30  INF  Request starting HTTP/2 GET https://localhost:7113/_vs/browserLink - null null
2024-08-29 12:39:58.746 +05:30  VRB  Connection id "0HN67V3HF8CE3" sending "HEADERS" frame for stream ID 5 with length 60 and flags "END_HEADERS".
2024-08-29 12:39:58.747 +05:30  DBG  No candidates found for the request path '/swagger/index.js'
2024-08-29 12:39:58.878 +05:30  VRB  Connection id "0HN67V3HF8CE3" sending "DATA" frame for stream ID 5 with length 13762 and flags "NONE".
2024-08-29 12:39:59.026 +05:30  DBG  Request did not match any endpoints
2024-08-29 12:39:59.028 +05:30  VRB  Connection id "0HN67V3HF8CE3" sending "DATA" frame for stream ID 5 with length 0 and flags "END_STREAM".
2024-08-29 12:39:59.028 +05:30  INF  Request finished HTTP/2 GET https://localhost:7113/_framework/aspnetcore-browser-refresh.js - 200 13762 application/javascript; charset=utf-8 511.3194ms
2024-08-29 12:39:59.028 +05:30  INF  Request finished HTTP/2 GET https://localhost:7113/swagger/index.js - 200 null application/javascript;charset=utf-8 513.866ms
2024-08-29 12:39:59.030 +05:30  VRB  Connection id "0HN67V3HF8CE3" sending "HEADERS" frame for stream ID 3 with length 41 and flags "END_HEADERS".
2024-08-29 12:39:59.038 +05:30  VRB  Connection id "0HN67V3HF8CE3" sending "DATA" frame for stream ID 3 with length 3005 and flags "END_STREAM".
2024-08-29 12:39:59.040 +05:30  VRB  Connection id "0HN67V3HF8CE3" sending "HEADERS" frame for stream ID 7 with length 119 and flags "END_HEADERS".
2024-08-29 12:39:59.041 +05:30  VRB  Connection id "0HN67V3HF8CE3" sending "DATA" frame for stream ID 7 with length 9986 and flags "NONE".
2024-08-29 12:39:59.043 +05:30  VRB  Connection id "0HN67V3HF8CE3" sending "DATA" frame for stream ID 7 with length 10240 and flags "NONE".
2024-08-29 12:39:59.045 +05:30  VRB  Connection id "0HN67V3HF8CE3" sending "DATA" frame for stream ID 7 with length 10240 and flags "NONE".
2024-08-29 12:39:59.046 +05:30  VRB  Connection id "0HN67V3HF8CE3" sending "DATA" frame for stream ID 7 with length 10240 and flags "NONE".
2024-08-29 12:39:59.048 +05:30  VRB  Connection id "0HN67V3HF8CE3" sending "DATA" frame for stream ID 7 with length 10240 and flags "NONE".
2024-08-29 12:39:59.050 +05:30  VRB  Connection id "0HN67V3HF8CE3" sending "DATA" frame for stream ID 7 with length 10240 and flags "NONE".
2024-08-29 12:39:59.051 +05:30  VRB  Connection id "0HN67V3HF8CE3" sending "DATA" frame for stream ID 7 with length 10240 and flags "NONE".
2024-08-29 12:39:59.053 +05:30  VRB  Connection id "0HN67V3HF8CE3" sending "DATA" frame for stream ID 7 with length 10240 and flags "NONE".
2024-08-29 12:39:59.054 +05:30  VRB  Connection id "0HN67V3HF8CE3" sending "DATA" frame for stream ID 7 with length 10240 and flags "NONE".
2024-08-29 12:39:59.056 +05:30  VRB  Connection id "0HN67V3HF8CE3" sending "DATA" frame for stream ID 7 with length 10240 and flags "NONE".
2024-08-29 12:39:59.058 +05:30  VRB  Connection id "0HN67V3HF8CE3" sending "DATA" frame for stream ID 7 with length 10240 and flags "NONE".
2024-08-29 12:39:59.059 +05:30  VRB  Connection id "0HN67V3HF8CE3" sending "DATA" frame for stream ID 7 with length 10240 and flags "NONE".
2024-08-29 12:39:59.061 +05:30  VRB  Connection id "0HN67V3HF8CE3" sending "DATA" frame for stream ID 7 with length 10240 and flags "NONE".
2024-08-29 12:39:59.062 +05:30  VRB  Connection id "0HN67V3HF8CE3" sending "DATA" frame for stream ID 7 with length 10240 and flags "NONE".
2024-08-29 12:39:59.064 +05:30  VRB  Connection id "0HN67V3HF8CE3" sending "DATA" frame for stream ID 7 with length 10240 and flags "NONE".
2024-08-29 12:39:59.066 +05:30  VRB  Connection id "0HN67V3HF8CE3" sending "DATA" frame for stream ID 7 with length 160 and flags "NONE".
2024-08-29 12:39:59.066 +05:30  INF  Request finished HTTP/2 GET https://localhost:7113/_vs/browserLink - 200 null text/javascript; charset=UTF-8 545.7402ms
2024-08-29 12:39:59.067 +05:30  VRB  Connection id "0HN67V3HF8CE3" sending "DATA" frame for stream ID 7 with length 0 and flags "END_STREAM".
2024-08-29 12:39:59.092 +05:30  VRB  Connection id "0HN67V3HF8CE3" received "HEADERS" frame for stream ID 9 with length 74 and flags "END_STREAM, END_HEADERS, PRIORITY".
2024-08-29 12:39:59.095 +05:30  INF  Request starting HTTP/2 GET https://localhost:7113/swagger/v1/swagger.json - null null
2024-08-29 12:39:59.099 +05:30  VRB  All hosts are allowed.
2024-08-29 12:39:59.099 +05:30  DBG  No candidates found for the request path '/swagger/v1/swagger.json'
2024-08-29 12:39:59.100 +05:30  DBG  Request did not match any endpoints
2024-08-29 12:39:59.111 +05:30  VRB  Connection id "0HN67V3HF8CE3" sending "HEADERS" frame for stream ID 9 with length 35 and flags "END_HEADERS".
2024-08-29 12:39:59.113 +05:30  VRB  Connection id "0HN67V3HF8CE3" sending "DATA" frame for stream ID 9 with length 16384 and flags "NONE".
2024-08-29 12:39:59.114 +05:30  VRB  Connection id "0HN67V3HF8CE3" sending "DATA" frame for stream ID 9 with length 6467 and flags "NONE".
2024-08-29 12:39:59.116 +05:30  VRB  Connection id "0HN67V3HF8CE3" sending "DATA" frame for stream ID 9 with length 0 and flags "END_STREAM".
2024-08-29 12:39:59.116 +05:30  INF  Request finished HTTP/2 GET https://localhost:7113/swagger/v1/swagger.json - 200 null application/json;charset=utf-8 21.8464ms
2024-08-29 12:40:02.489 +05:30  DBG  Connection id "0HN67V3HF8CE3" received FIN.
2024-08-29 12:40:02.490 +05:30  DBG  Connection id "0HN67V3HF8CE3" is closed. The last processed stream ID was 9.
2024-08-29 12:40:02.491 +05:30  DBG  The connection queue processing loop for 0HN67V3HF8CE3 completed.
2024-08-29 12:40:02.492 +05:30  DBG  Connection id "0HN67V3HF8CE3" sending FIN because: "The Socket transport's send loop completed gracefully."
2024-08-29 12:40:02.500 +05:30  DBG  Connection id "0HN67V3HF8CE3" stopped.
2024-08-29 12:40:15.133 +05:30  DBG  Connection id "0HN67V3HF8CE4" accepted.
2024-08-29 12:40:15.134 +05:30  DBG  Connection id "0HN67V3HF8CE4" started.
2024-08-29 12:40:15.142 +05:30  DBG  Connection 0HN67V3HF8CE4 established using the following protocol: "Tls12"
2024-08-29 12:40:15.146 +05:30  VRB  Connection id "0HN67V3HF8CE4" sending "SETTINGS" frame for stream ID 0 with length 24 and flags "NONE".
2024-08-29 12:40:15.148 +05:30  VRB  Connection id "0HN67V3HF8CE4" sending "WINDOW_UPDATE" frame for stream ID 0 with length 4 and flags 0x0.
2024-08-29 12:40:15.149 +05:30  VRB  Connection id "0HN67V3HF8CE4" received "SETTINGS" frame for stream ID 0 with length 24 and flags "NONE".
2024-08-29 12:40:15.151 +05:30  VRB  Connection id "0HN67V3HF8CE4" sending "SETTINGS" frame for stream ID 0 with length 0 and flags "ACK".
2024-08-29 12:40:15.153 +05:30  VRB  Connection id "0HN67V3HF8CE4" received "WINDOW_UPDATE" frame for stream ID 0 with length 4 and flags 0x0.
2024-08-29 12:40:15.154 +05:30  VRB  Connection id "0HN67V3HF8CE4" received "HEADERS" frame for stream ID 1 with length 411 and flags "END_HEADERS, PRIORITY".
2024-08-29 12:40:15.157 +05:30  VRB  Connection id "0HN67V3HF8CE4" received "DATA" frame for stream ID 1 with length 204 and flags "END_STREAM".
2024-08-29 12:40:15.158 +05:30  INF  Request starting HTTP/2 POST https://localhost:7113/api/Order/Place Order - application/json 204
2024-08-29 12:40:15.159 +05:30  VRB  Connection id "0HN67V3HF8CE4" received "SETTINGS" frame for stream ID 0 with length 0 and flags "ACK".
2024-08-29 12:40:15.162 +05:30  VRB  All hosts are allowed.
2024-08-29 12:40:15.164 +05:30  DBG  1 candidate(s) found for the request path '/api/Order/Place Order'
2024-08-29 12:40:15.164 +05:30  DBG  Endpoint 'Web.Ecommerce.Controllers.Customer.OrderController.PlaceOrder (Web.Ecommerce)' with route pattern 'api/Order/Place Order' is valid for the request path '/api/Order/Place Order'
2024-08-29 12:40:15.166 +05:30  DBG  Request matched endpoint 'Web.Ecommerce.Controllers.Customer.OrderController.PlaceOrder (Web.Ecommerce)'
2024-08-29 12:40:15.167 +05:30  VRB  The endpoint does not specify the IRequestSizeLimitMetadata.
2024-08-29 12:40:15.167 +05:30  DBG  Static files was skipped as the request already matched an endpoint.
2024-08-29 12:40:15.171 +05:30  DBG  AuthenticationScheme: Bearer was not authenticated.
2024-08-29 12:40:15.177 +05:30  DBG  AuthenticationScheme: Bearer was not authenticated.
2024-08-29 12:40:15.178 +05:30  INF  Executing endpoint 'Web.Ecommerce.Controllers.Customer.OrderController.PlaceOrder (Web.Ecommerce)'
2024-08-29 12:40:15.184 +05:30  INF  Route matched with {action = "PlaceOrder", controller = "Order"}. Executing controller action with signature System.Threading.Tasks.Task`1[Microsoft.AspNetCore.Mvc.IActionResult] PlaceOrder(Application.Ecom.OrderOperations.Commands.PlaceOrder.PlaceOrderCommand) on controller Web.Ecommerce.Controllers.Customer.OrderController (Web.Ecommerce).
2024-08-29 12:40:15.186 +05:30  DBG  Execution plan of authorization filters (in the following order): ["None"]
2024-08-29 12:40:15.187 +05:30  DBG  Execution plan of resource filters (in the following order): ["None"]
2024-08-29 12:40:15.188 +05:30  DBG  Execution plan of action filters (in the following order): ["Microsoft.AspNetCore.Mvc.ModelBinding.UnsupportedContentTypeFilter (Order: -3000)","Microsoft.AspNetCore.Mvc.Infrastructure.ModelStateInvalidFilter (Order: -2000)"]
2024-08-29 12:40:15.189 +05:30  DBG  Execution plan of exception filters (in the following order): ["None"]
2024-08-29 12:40:15.190 +05:30  DBG  Execution plan of result filters (in the following order): ["Microsoft.AspNetCore.Mvc.Infrastructure.ClientErrorResultFilter (Order: -2000)"]
2024-08-29 12:40:15.191 +05:30  DBG  Executing controller factory for controller Web.Ecommerce.Controllers.Customer.OrderController (Web.Ecommerce)
2024-08-29 12:40:15.193 +05:30  DBG  Executed controller factory for controller Web.Ecommerce.Controllers.Customer.OrderController (Web.Ecommerce)
2024-08-29 12:40:15.194 +05:30  DBG  Attempting to bind parameter 'command' of type 'Application.Ecom.OrderOperations.Commands.PlaceOrder.PlaceOrderCommand' ...
2024-08-29 12:40:15.195 +05:30  DBG  Attempting to bind parameter 'command' of type 'Application.Ecom.OrderOperations.Commands.PlaceOrder.PlaceOrderCommand' using the name '' in request data ...
2024-08-29 12:40:15.197 +05:30  DBG  Selected input formatter 'Microsoft.AspNetCore.Mvc.Formatters.SystemTextJsonInputFormatter' for content type 'application/json'.
2024-08-29 12:40:15.199 +05:30  DBG  Connection id "0HN67V3HF8CE4", Request id "0HN67V3HF8CE4:00000001": started reading request body.
2024-08-29 12:40:15.200 +05:30  DBG  Connection id "0HN67V3HF8CE4", Request id "0HN67V3HF8CE4:00000001": done reading request body.
2024-08-29 12:40:15.202 +05:30  DBG  JSON input formatter succeeded, deserializing to type 'Application.Ecom.OrderOperations.Commands.PlaceOrder.PlaceOrderCommand'
2024-08-29 12:40:15.203 +05:30  DBG  Done attempting to bind parameter 'command' of type 'Application.Ecom.OrderOperations.Commands.PlaceOrder.PlaceOrderCommand'.
2024-08-29 12:40:15.204 +05:30  DBG  Done attempting to bind parameter 'command' of type 'Application.Ecom.OrderOperations.Commands.PlaceOrder.PlaceOrderCommand'.
2024-08-29 12:40:15.205 +05:30  DBG  Attempting to validate the bound parameter 'command' of type 'Application.Ecom.OrderOperations.Commands.PlaceOrder.PlaceOrderCommand' ...
2024-08-29 12:40:15.211 +05:30  DBG  Done attempting to validate the bound parameter 'command' of type 'Application.Ecom.OrderOperations.Commands.PlaceOrder.PlaceOrderCommand'.
2024-08-29 12:40:15.213 +05:30  VRB  Action Filter: Before executing OnActionExecuting on filter Microsoft.AspNetCore.Mvc.ModelBinding.UnsupportedContentTypeFilter.
2024-08-29 12:40:15.214 +05:30  VRB  Action Filter: After executing OnActionExecuting on filter Microsoft.AspNetCore.Mvc.ModelBinding.UnsupportedContentTypeFilter.
2024-08-29 12:40:15.215 +05:30  VRB  Action Filter: Before executing OnActionExecuting on filter Microsoft.AspNetCore.Mvc.Infrastructure.ModelStateInvalidFilter.
2024-08-29 12:40:15.216 +05:30  VRB  Action Filter: After executing OnActionExecuting on filter Microsoft.AspNetCore.Mvc.Infrastructure.ModelStateInvalidFilter.
2024-08-29 12:40:15.218 +05:30  INF  Executing action method Web.Ecommerce.Controllers.Customer.OrderController.PlaceOrder (Web.Ecommerce) - Validation state: "Valid"
2024-08-29 12:40:15.220 +05:30  VRB  Executing action method Web.Ecommerce.Controllers.Customer.OrderController.PlaceOrder (Web.Ecommerce) with arguments (["Application.Ecom.OrderOperations.Commands.PlaceOrder.PlaceOrderCommand"])
2024-08-29 12:40:15.232 +05:30  DBG  Entity Framework Core 8.0.8 initialized 'EcommerceDbContext' using provider 'Microsoft.EntityFrameworkCore.SqlServer:8.0.8' with options: None
2024-08-29 12:40:15.235 +05:30  DBG  Creating DbConnection.
2024-08-29 12:40:15.235 +05:30  DBG  Created DbConnection. (0ms).
2024-08-29 12:40:15.236 +05:30  DBG  Opening connection to database 'Ecommerce' on server 'FGS-DSK-230\MSSQLSERVER2019'.
2024-08-29 12:40:15.236 +05:30  DBG  Opened connection to database 'Ecommerce' on server 'FGS-DSK-230\MSSQLSERVER2019'.
2024-08-29 12:40:15.237 +05:30  DBG  Creating DbCommand for 'ExecuteReader'.
2024-08-29 12:40:15.238 +05:30  DBG  Created DbCommand for 'ExecuteReader' (0ms).
2024-08-29 12:40:15.239 +05:30  DBG  Initialized DbCommand for 'ExecuteReader' (1ms).
2024-08-29 12:40:15.240 +05:30  DBG  Executing DbCommand [Parameters=[@__get_Item_0='?' (DbType = Guid)], CommandType='"Text"', CommandTimeout='30']
SELECT TOP(1) [p].[ProductId], [p].[Category], [p].[CreatedAt], [p].[Description], [p].[IsDeleted], [p].[Name], [p].[Price], [p].[Quantity], [p].[SellerId], [p].[UpdatedAt], [p].[UserId]
FROM [Products] AS [p]
WHERE [p].[ProductId] = @__get_Item_0
2024-08-29 12:40:15.246 +05:30  INF  Executed DbCommand (5ms) [Parameters=[@__get_Item_0='?' (DbType = Guid)], CommandType='"Text"', CommandTimeout='30']
SELECT TOP(1) [p].[ProductId], [p].[Category], [p].[CreatedAt], [p].[Description], [p].[IsDeleted], [p].[Name], [p].[Price], [p].[Quantity], [p].[SellerId], [p].[UpdatedAt], [p].[UserId]
FROM [Products] AS [p]
WHERE [p].[ProductId] = @__get_Item_0
2024-08-29 12:40:15.248 +05:30  DBG  Context 'EcommerceDbContext' started tracking 'Product' entity. Consider using 'DbContextOptionsBuilder.EnableSensitiveDataLogging' to see key values.
2024-08-29 12:40:15.249 +05:30  DBG  Closing data reader to 'Ecommerce' on server 'FGS-DSK-230\MSSQLSERVER2019'.
2024-08-29 12:40:15.250 +05:30  DBG  A data reader for 'Ecommerce' on server 'FGS-DSK-230\MSSQLSERVER2019' is being disposed after spending 2ms reading results.
2024-08-29 12:40:15.251 +05:30  DBG  Closing connection to database 'Ecommerce' on server 'FGS-DSK-230\MSSQLSERVER2019'.
2024-08-29 12:40:15.252 +05:30  DBG  Closed connection to database 'Ecommerce' on server 'FGS-DSK-230\MSSQLSERVER2019' (0ms).
2024-08-29 12:40:15.254 +05:30  DBG  Context 'EcommerceDbContext' started tracking 'Order' entity. Consider using 'DbContextOptionsBuilder.EnableSensitiveDataLogging' to see key values.
2024-08-29 12:40:15.255 +05:30  DBG  The navigation 'OrderItem.Order' was detected as changed. Consider using 'DbContextOptionsBuilder.EnableSensitiveDataLogging' to see key values.
2024-08-29 12:40:15.256 +05:30  DBG  The navigation 'OrderItem.Product' was detected as changed. Consider using 'DbContextOptionsBuilder.EnableSensitiveDataLogging' to see key values.
2024-08-29 12:40:15.257 +05:30  DBG  Context 'EcommerceDbContext' started tracking 'OrderItem' entity. Consider using 'DbContextOptionsBuilder.EnableSensitiveDataLogging' to see key values.
2024-08-29 12:40:15.260 +05:30  DBG  Creating DbCommand for 'ExecuteNonQuery'.
2024-08-29 12:40:15.260 +05:30  DBG  Created DbCommand for 'ExecuteNonQuery' (0ms).
2024-08-29 12:40:15.261 +05:30  DBG  Initialized DbCommand for 'ExecuteNonQuery' (1ms).
2024-08-29 12:40:15.262 +05:30  DBG  Opening connection to database 'Ecommerce' on server 'FGS-DSK-230\MSSQLSERVER2019'.
2024-08-29 12:40:15.263 +05:30  DBG  Opened connection to database 'Ecommerce' on server 'FGS-DSK-230\MSSQLSERVER2019'.
2024-08-29 12:40:15.264 +05:30  DBG  Executing DbCommand [Parameters=[@ProductId='?' (DbType = Guid), @Quantity='?' (DbType = Int32)], CommandType='"Text"', CommandTimeout='30']
EXEC ReduceProductQuantity @ProductId, @Quantity
2024-08-29 12:40:15.355 +05:30  INF  Executed DbCommand (91ms) [Parameters=[@ProductId='?' (DbType = Guid), @Quantity='?' (DbType = Int32)], CommandType='"Text"', CommandTimeout='30']
EXEC ReduceProductQuantity @ProductId, @Quantity
2024-08-29 12:40:15.358 +05:30  DBG  Closing connection to database 'Ecommerce' on server 'FGS-DSK-230\MSSQLSERVER2019'.
2024-08-29 12:40:15.359 +05:30  DBG  Closed connection to database 'Ecommerce' on server 'FGS-DSK-230\MSSQLSERVER2019' (1ms).
2024-08-29 12:40:15.361 +05:30  DBG  SaveChanges starting for 'EcommerceDbContext'.
2024-08-29 12:40:15.362 +05:30  DBG  DetectChanges starting for 'EcommerceDbContext'.
2024-08-29 12:40:15.363 +05:30  DBG  DetectChanges completed for 'EcommerceDbContext'.
2024-08-29 12:40:15.364 +05:30  DBG  Executing 2 update commands as a batch.
2024-08-29 12:40:15.365 +05:30  DBG  Opening connection to database 'Ecommerce' on server 'FGS-DSK-230\MSSQLSERVER2019'.
2024-08-29 12:40:15.372 +05:30  DBG  Opened connection to database 'Ecommerce' on server 'FGS-DSK-230\MSSQLSERVER2019'.
2024-08-29 12:40:15.374 +05:30  DBG  Beginning transaction with isolation level 'Unspecified'.
2024-08-29 12:40:15.375 +05:30  DBG  Began transaction with isolation level 'ReadCommitted'.
2024-08-29 12:40:15.376 +05:30  DBG  Creating DbCommand for 'ExecuteReader'.
2024-08-29 12:40:15.376 +05:30  DBG  Created DbCommand for 'ExecuteReader' (0ms).
2024-08-29 12:40:15.377 +05:30  DBG  Initialized DbCommand for 'ExecuteReader' (1ms).
2024-08-29 12:40:15.378 +05:30  DBG  Executing DbCommand [Parameters=[@p0='?' (DbType = Guid), @p1='?' (DbType = DateTime2), @p2='?' (DbType = Guid), @p3='?' (DbType = Date), @p4='?' (DbType = Boolean), @p5='?' (DbType = Boolean), @p6='?' (DbType = Boolean), @p7='?' (DbType = DateTime2), @p8='?' (Size = 50), @p9='?' (DbType = Guid), @p10='?' (DbType = Guid), @p11='?' (Size = 4000), @p12='?' (Precision = 18) (Scale = 2) (DbType = Decimal), @p13='?' (DbType = DateTime2), @p14='?' (DbType = Guid), @p15='?' (DbType = DateTime2), @p16='?' (DbType = Guid), @p17='?' (DbType = Guid), @p18='?' (DbType = Int32), @p19='?' (Precision = 8) (Scale = 2) (DbType = Decimal), @p20='?' (DbType = DateTime2)], CommandType='"Text"', CommandTimeout='30']
SET NOCOUNT ON;
INSERT INTO [Orders] ([OrderId], [CreatedAt], [CustomerId], [DeliveryDate], [IsCancelled], [IsDelivered], [IsPaid], [OrderDate], [OrderStatus], [PaymentId], [ReturnId], [ShippingAddress], [TotalAmount], [UpdatedAt])
VALUES (@p0, @p1, @p2, @p3, @p4, @p5, @p6, @p7, @p8, @p9, @p10, @p11, @p12, @p13);
INSERT INTO [OrderItems] ([OrderItemId], [CreatedAt], [OrderId], [ProductId], [Quantity], [UnitPrice], [UpdatedAt])
VALUES (@p14, @p15, @p16, @p17, @p18, @p19, @p20);
2024-08-29 12:40:15.385 +05:30  INF  Executed DbCommand (7ms) [Parameters=[@p0='?' (DbType = Guid), @p1='?' (DbType = DateTime2), @p2='?' (DbType = Guid), @p3='?' (DbType = Date), @p4='?' (DbType = Boolean), @p5='?' (DbType = Boolean), @p6='?' (DbType = Boolean), @p7='?' (DbType = DateTime2), @p8='?' (Size = 50), @p9='?' (DbType = Guid), @p10='?' (DbType = Guid), @p11='?' (Size = 4000), @p12='?' (Precision = 18) (Scale = 2) (DbType = Decimal), @p13='?' (DbType = DateTime2), @p14='?' (DbType = Guid), @p15='?' (DbType = DateTime2), @p16='?' (DbType = Guid), @p17='?' (DbType = Guid), @p18='?' (DbType = Int32), @p19='?' (Precision = 8) (Scale = 2) (DbType = Decimal), @p20='?' (DbType = DateTime2)], CommandType='"Text"', CommandTimeout='30']
SET NOCOUNT ON;
INSERT INTO [Orders] ([OrderId], [CreatedAt], [CustomerId], [DeliveryDate], [IsCancelled], [IsDelivered], [IsPaid], [OrderDate], [OrderStatus], [PaymentId], [ReturnId], [ShippingAddress], [TotalAmount], [UpdatedAt])
VALUES (@p0, @p1, @p2, @p3, @p4, @p5, @p6, @p7, @p8, @p9, @p10, @p11, @p12, @p13);
INSERT INTO [OrderItems] ([OrderItemId], [CreatedAt], [OrderId], [ProductId], [Quantity], [UnitPrice], [UpdatedAt])
VALUES (@p14, @p15, @p16, @p17, @p18, @p19, @p20);
2024-08-29 12:40:15.390 +05:30  DBG  Closing data reader to 'Ecommerce' on server 'FGS-DSK-230\MSSQLSERVER2019'.
2024-08-29 12:40:15.391 +05:30  DBG  A data reader for 'Ecommerce' on server 'FGS-DSK-230\MSSQLSERVER2019' is being disposed after spending 1ms reading results.
2024-08-29 12:40:15.393 +05:30  DBG  Committing transaction.
2024-08-29 12:40:15.393 +05:30  DBG  Committed transaction.
2024-08-29 12:40:15.394 +05:30  DBG  Closing connection to database 'Ecommerce' on server 'FGS-DSK-230\MSSQLSERVER2019'.
2024-08-29 12:40:15.395 +05:30  DBG  Closed connection to database 'Ecommerce' on server 'FGS-DSK-230\MSSQLSERVER2019' (0ms).
2024-08-29 12:40:15.396 +05:30  DBG  Disposing transaction.
2024-08-29 12:40:15.397 +05:30  DBG  An entity of type 'Order' tracked by 'EcommerceDbContext' changed state from '"Added"' to '"Unchanged"'. Consider using 'DbContextOptionsBuilder.EnableSensitiveDataLogging' to see key values.
2024-08-29 12:40:15.400 +05:30  DBG  An entity of type 'OrderItem' tracked by 'EcommerceDbContext' changed state from '"Added"' to '"Unchanged"'. Consider using 'DbContextOptionsBuilder.EnableSensitiveDataLogging' to see key values.
2024-08-29 12:40:15.402 +05:30  DBG  SaveChanges completed for 'EcommerceDbContext' with 2 entities written to the database.
2024-08-29 12:40:15.403 +05:30  INF  Executed action method Web.Ecommerce.Controllers.Customer.OrderController.PlaceOrder (Web.Ecommerce), returned result Microsoft.AspNetCore.Mvc.OkObjectResult in 181.8628ms.
2024-08-29 12:40:15.404 +05:30  VRB  Action Filter: Before executing OnActionExecuted on filter Microsoft.AspNetCore.Mvc.Infrastructure.ModelStateInvalidFilter.
2024-08-29 12:40:15.406 +05:30  VRB  Action Filter: After executing OnActionExecuted on filter Microsoft.AspNetCore.Mvc.Infrastructure.ModelStateInvalidFilter.
2024-08-29 12:40:15.407 +05:30  VRB  Action Filter: Before executing OnActionExecuted on filter Microsoft.AspNetCore.Mvc.ModelBinding.UnsupportedContentTypeFilter.
2024-08-29 12:40:15.408 +05:30  VRB  Action Filter: After executing OnActionExecuted on filter Microsoft.AspNetCore.Mvc.ModelBinding.UnsupportedContentTypeFilter.
2024-08-29 12:40:15.410 +05:30  VRB  Result Filter: Before executing OnResultExecuting on filter Microsoft.AspNetCore.Mvc.Infrastructure.ClientErrorResultFilter.
2024-08-29 12:40:15.411 +05:30  VRB  Result Filter: After executing OnResultExecuting on filter Microsoft.AspNetCore.Mvc.Infrastructure.ClientErrorResultFilter.
2024-08-29 12:40:15.412 +05:30  VRB  Before executing action result Microsoft.AspNetCore.Mvc.OkObjectResult.
2024-08-29 12:40:15.413 +05:30  DBG  List of registered output formatters, in the following order: ["Microsoft.AspNetCore.Mvc.Formatters.HttpNoContentOutputFormatter","Microsoft.AspNetCore.Mvc.Formatters.StringOutputFormatter","Microsoft.AspNetCore.Mvc.Formatters.StreamOutputFormatter","Microsoft.AspNetCore.Mvc.Formatters.SystemTextJsonOutputFormatter"]
2024-08-29 12:40:15.415 +05:30  DBG  No information found on request to perform content negotiation.
2024-08-29 12:40:15.415 +05:30  DBG  Attempting to select an output formatter without using a content type as no explicit content types were specified for the response.
2024-08-29 12:40:15.416 +05:30  DBG  Attempting to select the first formatter in the output formatters list which can write the result.
2024-08-29 12:40:15.417 +05:30  DBG  Selected output formatter 'Microsoft.AspNetCore.Mvc.Formatters.SystemTextJsonOutputFormatter' and content type 'application/json' to write the response.
2024-08-29 12:40:15.418 +05:30  INF  Executing OkObjectResult, writing value of type 'Application.Ecom.OrderOperations.Commands.PlaceOrder.PlaceOrderCommandResponse'.
2024-08-29 12:40:15.420 +05:30  VRB  Connection id "0HN67V3HF8CE4" sending "HEADERS" frame for stream ID 1 with length 74 and flags "END_HEADERS".
2024-08-29 12:40:15.420 +05:30  VRB  After executing action result Microsoft.AspNetCore.Mvc.OkObjectResult.
2024-08-29 12:40:15.421 +05:30  VRB  Connection id "0HN67V3HF8CE4" sending "DATA" frame for stream ID 1 with length 139 and flags "NONE".
2024-08-29 12:40:15.422 +05:30  VRB  Result Filter: Before executing OnResultExecuted on filter Microsoft.AspNetCore.Mvc.Infrastructure.ClientErrorResultFilter.
2024-08-29 12:40:15.425 +05:30  VRB  Result Filter: After executing OnResultExecuted on filter Microsoft.AspNetCore.Mvc.Infrastructure.ClientErrorResultFilter.
2024-08-29 12:40:15.426 +05:30  INF  Executed action Web.Ecommerce.Controllers.Customer.OrderController.PlaceOrder (Web.Ecommerce) in 234.9023ms
2024-08-29 12:40:15.429 +05:30  INF  Executed endpoint 'Web.Ecommerce.Controllers.Customer.OrderController.PlaceOrder (Web.Ecommerce)'
2024-08-29 12:40:15.430 +05:30  VRB  Connection id "0HN67V3HF8CE4" sending "DATA" frame for stream ID 1 with length 0 and flags "END_STREAM".
2024-08-29 12:40:15.430 +05:30  DBG  'EcommerceDbContext' disposed.
2024-08-29 12:40:15.432 +05:30  DBG  Disposing connection to database 'Ecommerce' on server 'FGS-DSK-230\MSSQLSERVER2019'.
2024-08-29 12:40:15.433 +05:30  DBG  Disposed connection to database '' on server '' (1ms).
2024-08-29 12:40:15.434 +05:30  INF  Request finished HTTP/2 POST https://localhost:7113/api/Order/Place Order - 200 null application/json; charset=utf-8 276.9784ms
2024-08-29 12:40:17.529 +05:30  DBG  Connection id "0HN67V3HF8CE4" received FIN.
2024-08-29 12:40:17.533 +05:30  DBG  Connection id "0HN67V3HF8CE4" is closed. The last processed stream ID was 1.
2024-08-29 12:40:17.533 +05:30  DBG  The connection queue processing loop for 0HN67V3HF8CE4 completed.
2024-08-29 12:40:17.534 +05:30  DBG  Connection id "0HN67V3HF8CE4" sending FIN because: "The Socket transport's send loop completed gracefully."
2024-08-29 12:40:17.536 +05:30  DBG  Connection id "0HN67V3HF8CE4" stopped.
2024-08-29 12:40:24.012 +05:30  DBG  Connection id "0HN67V3HF8CE5" accepted.
2024-08-29 12:40:24.014 +05:30  DBG  Connection id "0HN67V3HF8CE5" started.
2024-08-29 12:40:24.019 +05:30  DBG  Connection 0HN67V3HF8CE5 established using the following protocol: "Tls12"
2024-08-29 12:40:24.020 +05:30  VRB  Connection id "0HN67V3HF8CE5" sending "SETTINGS" frame for stream ID 0 with length 24 and flags "NONE".
2024-08-29 12:40:24.022 +05:30  VRB  Connection id "0HN67V3HF8CE5" sending "WINDOW_UPDATE" frame for stream ID 0 with length 4 and flags 0x0.
2024-08-29 12:40:24.028 +05:30  VRB  Connection id "0HN67V3HF8CE5" received "SETTINGS" frame for stream ID 0 with length 24 and flags "NONE".
2024-08-29 12:40:24.030 +05:30  VRB  Connection id "0HN67V3HF8CE5" sending "SETTINGS" frame for stream ID 0 with length 0 and flags "ACK".
2024-08-29 12:40:24.032 +05:30  VRB  Connection id "0HN67V3HF8CE5" received "WINDOW_UPDATE" frame for stream ID 0 with length 4 and flags 0x0.
2024-08-29 12:40:24.035 +05:30  VRB  Connection id "0HN67V3HF8CE5" received "HEADERS" frame for stream ID 1 with length 411 and flags "END_HEADERS, PRIORITY".
2024-08-29 12:40:24.038 +05:30  VRB  Connection id "0HN67V3HF8CE5" received "DATA" frame for stream ID 1 with length 206 and flags "END_STREAM".
2024-08-29 12:40:24.038 +05:30  INF  Request starting HTTP/2 POST https://localhost:7113/api/Order/Place Order - application/json 206
2024-08-29 12:40:24.041 +05:30  VRB  Connection id "0HN67V3HF8CE5" received "SETTINGS" frame for stream ID 0 with length 0 and flags "ACK".
2024-08-29 12:40:24.044 +05:30  VRB  All hosts are allowed.
2024-08-29 12:40:24.047 +05:30  DBG  1 candidate(s) found for the request path '/api/Order/Place Order'
2024-08-29 12:40:24.048 +05:30  DBG  Endpoint 'Web.Ecommerce.Controllers.Customer.OrderController.PlaceOrder (Web.Ecommerce)' with route pattern 'api/Order/Place Order' is valid for the request path '/api/Order/Place Order'
2024-08-29 12:40:24.049 +05:30  DBG  Request matched endpoint 'Web.Ecommerce.Controllers.Customer.OrderController.PlaceOrder (Web.Ecommerce)'
2024-08-29 12:40:24.050 +05:30  VRB  The endpoint does not specify the IRequestSizeLimitMetadata.
2024-08-29 12:40:24.051 +05:30  DBG  Static files was skipped as the request already matched an endpoint.
2024-08-29 12:40:24.052 +05:30  DBG  AuthenticationScheme: Bearer was not authenticated.
2024-08-29 12:40:24.053 +05:30  DBG  AuthenticationScheme: Bearer was not authenticated.
2024-08-29 12:40:24.054 +05:30  INF  Executing endpoint 'Web.Ecommerce.Controllers.Customer.OrderController.PlaceOrder (Web.Ecommerce)'
2024-08-29 12:40:24.055 +05:30  INF  Route matched with {action = "PlaceOrder", controller = "Order"}. Executing controller action with signature System.Threading.Tasks.Task`1[Microsoft.AspNetCore.Mvc.IActionResult] PlaceOrder(Application.Ecom.OrderOperations.Commands.PlaceOrder.PlaceOrderCommand) on controller Web.Ecommerce.Controllers.Customer.OrderController (Web.Ecommerce).
2024-08-29 12:40:24.058 +05:30  DBG  Execution plan of authorization filters (in the following order): ["None"]
2024-08-29 12:40:24.059 +05:30  DBG  Execution plan of resource filters (in the following order): ["None"]
2024-08-29 12:40:24.060 +05:30  DBG  Execution plan of action filters (in the following order): ["Microsoft.AspNetCore.Mvc.ModelBinding.UnsupportedContentTypeFilter (Order: -3000)","Microsoft.AspNetCore.Mvc.Infrastructure.ModelStateInvalidFilter (Order: -2000)"]
2024-08-29 12:40:24.062 +05:30  DBG  Execution plan of exception filters (in the following order): ["None"]
2024-08-29 12:40:24.063 +05:30  DBG  Execution plan of result filters (in the following order): ["Microsoft.AspNetCore.Mvc.Infrastructure.ClientErrorResultFilter (Order: -2000)"]
2024-08-29 12:40:24.064 +05:30  DBG  Executing controller factory for controller Web.Ecommerce.Controllers.Customer.OrderController (Web.Ecommerce)
2024-08-29 12:40:24.065 +05:30  DBG  Executed controller factory for controller Web.Ecommerce.Controllers.Customer.OrderController (Web.Ecommerce)
2024-08-29 12:40:24.066 +05:30  DBG  Attempting to bind parameter 'command' of type 'Application.Ecom.OrderOperations.Commands.PlaceOrder.PlaceOrderCommand' ...
2024-08-29 12:40:24.067 +05:30  DBG  Attempting to bind parameter 'command' of type 'Application.Ecom.OrderOperations.Commands.PlaceOrder.PlaceOrderCommand' using the name '' in request data ...
2024-08-29 12:40:24.068 +05:30  DBG  Selected input formatter 'Microsoft.AspNetCore.Mvc.Formatters.SystemTextJsonInputFormatter' for content type 'application/json'.
2024-08-29 12:40:24.069 +05:30  DBG  Connection id "0HN67V3HF8CE5", Request id "0HN67V3HF8CE5:00000001": started reading request body.
2024-08-29 12:40:24.070 +05:30  DBG  Connection id "0HN67V3HF8CE5", Request id "0HN67V3HF8CE5:00000001": done reading request body.
2024-08-29 12:40:24.071 +05:30  DBG  JSON input formatter succeeded, deserializing to type 'Application.Ecom.OrderOperations.Commands.PlaceOrder.PlaceOrderCommand'
2024-08-29 12:40:24.072 +05:30  DBG  Done attempting to bind parameter 'command' of type 'Application.Ecom.OrderOperations.Commands.PlaceOrder.PlaceOrderCommand'.
2024-08-29 12:40:24.073 +05:30  DBG  Done attempting to bind parameter 'command' of type 'Application.Ecom.OrderOperations.Commands.PlaceOrder.PlaceOrderCommand'.
2024-08-29 12:40:24.075 +05:30  DBG  Attempting to validate the bound parameter 'command' of type 'Application.Ecom.OrderOperations.Commands.PlaceOrder.PlaceOrderCommand' ...
2024-08-29 12:40:24.077 +05:30  DBG  Done attempting to validate the bound parameter 'command' of type 'Application.Ecom.OrderOperations.Commands.PlaceOrder.PlaceOrderCommand'.
2024-08-29 12:40:24.078 +05:30  VRB  Action Filter: Before executing OnActionExecuting on filter Microsoft.AspNetCore.Mvc.ModelBinding.UnsupportedContentTypeFilter.
2024-08-29 12:40:24.079 +05:30  VRB  Action Filter: After executing OnActionExecuting on filter Microsoft.AspNetCore.Mvc.ModelBinding.UnsupportedContentTypeFilter.
2024-08-29 12:40:24.080 +05:30  VRB  Action Filter: Before executing OnActionExecuting on filter Microsoft.AspNetCore.Mvc.Infrastructure.ModelStateInvalidFilter.
2024-08-29 12:40:24.081 +05:30  VRB  Action Filter: After executing OnActionExecuting on filter Microsoft.AspNetCore.Mvc.Infrastructure.ModelStateInvalidFilter.
2024-08-29 12:40:24.083 +05:30  INF  Executing action method Web.Ecommerce.Controllers.Customer.OrderController.PlaceOrder (Web.Ecommerce) - Validation state: "Valid"
2024-08-29 12:40:24.084 +05:30  VRB  Executing action method Web.Ecommerce.Controllers.Customer.OrderController.PlaceOrder (Web.Ecommerce) with arguments (["Application.Ecom.OrderOperations.Commands.PlaceOrder.PlaceOrderCommand"])
2024-08-29 12:40:24.087 +05:30  DBG  Entity Framework Core 8.0.8 initialized 'EcommerceDbContext' using provider 'Microsoft.EntityFrameworkCore.SqlServer:8.0.8' with options: None
2024-08-29 12:40:24.090 +05:30  DBG  Creating DbConnection.
2024-08-29 12:40:24.090 +05:30  DBG  Created DbConnection. (0ms).
2024-08-29 12:40:24.091 +05:30  DBG  Opening connection to database 'Ecommerce' on server 'FGS-DSK-230\MSSQLSERVER2019'.
2024-08-29 12:40:24.092 +05:30  DBG  Opened connection to database 'Ecommerce' on server 'FGS-DSK-230\MSSQLSERVER2019'.
2024-08-29 12:40:24.093 +05:30  DBG  Creating DbCommand for 'ExecuteReader'.
2024-08-29 12:40:24.094 +05:30  DBG  Created DbCommand for 'ExecuteReader' (0ms).
2024-08-29 12:40:24.094 +05:30  DBG  Initialized DbCommand for 'ExecuteReader' (1ms).
2024-08-29 12:40:24.095 +05:30  DBG  Executing DbCommand [Parameters=[@__get_Item_0='?' (DbType = Guid)], CommandType='"Text"', CommandTimeout='30']
SELECT TOP(1) [p].[ProductId], [p].[Category], [p].[CreatedAt], [p].[Description], [p].[IsDeleted], [p].[Name], [p].[Price], [p].[Quantity], [p].[SellerId], [p].[UpdatedAt], [p].[UserId]
FROM [Products] AS [p]
WHERE [p].[ProductId] = @__get_Item_0
2024-08-29 12:40:24.099 +05:30  INF  Executed DbCommand (3ms) [Parameters=[@__get_Item_0='?' (DbType = Guid)], CommandType='"Text"', CommandTimeout='30']
SELECT TOP(1) [p].[ProductId], [p].[Category], [p].[CreatedAt], [p].[Description], [p].[IsDeleted], [p].[Name], [p].[Price], [p].[Quantity], [p].[SellerId], [p].[UpdatedAt], [p].[UserId]
FROM [Products] AS [p]
WHERE [p].[ProductId] = @__get_Item_0
2024-08-29 12:40:24.101 +05:30  DBG  Context 'EcommerceDbContext' started tracking 'Product' entity. Consider using 'DbContextOptionsBuilder.EnableSensitiveDataLogging' to see key values.
2024-08-29 12:40:24.101 +05:30  DBG  Closing data reader to 'Ecommerce' on server 'FGS-DSK-230\MSSQLSERVER2019'.
2024-08-29 12:40:24.102 +05:30  DBG  A data reader for 'Ecommerce' on server 'FGS-DSK-230\MSSQLSERVER2019' is being disposed after spending 1ms reading results.
2024-08-29 12:40:24.104 +05:30  DBG  Closing connection to database 'Ecommerce' on server 'FGS-DSK-230\MSSQLSERVER2019'.
2024-08-29 12:40:24.104 +05:30  DBG  Closed connection to database 'Ecommerce' on server 'FGS-DSK-230\MSSQLSERVER2019' (0ms).
2024-08-29 12:40:24.106 +05:30  DBG  Context 'EcommerceDbContext' started tracking 'Order' entity. Consider using 'DbContextOptionsBuilder.EnableSensitiveDataLogging' to see key values.
2024-08-29 12:40:24.107 +05:30  DBG  The navigation 'OrderItem.Order' was detected as changed. Consider using 'DbContextOptionsBuilder.EnableSensitiveDataLogging' to see key values.
2024-08-29 12:40:24.108 +05:30  DBG  The navigation 'OrderItem.Product' was detected as changed. Consider using 'DbContextOptionsBuilder.EnableSensitiveDataLogging' to see key values.
2024-08-29 12:40:24.109 +05:30  DBG  Context 'EcommerceDbContext' started tracking 'OrderItem' entity. Consider using 'DbContextOptionsBuilder.EnableSensitiveDataLogging' to see key values.
2024-08-29 12:40:24.116 +05:30  DBG  Creating DbCommand for 'ExecuteNonQuery'.
2024-08-29 12:40:24.117 +05:30  DBG  Created DbCommand for 'ExecuteNonQuery' (1ms).
2024-08-29 12:40:24.118 +05:30  DBG  Initialized DbCommand for 'ExecuteNonQuery' (2ms).
2024-08-29 12:40:24.118 +05:30  DBG  Opening connection to database 'Ecommerce' on server 'FGS-DSK-230\MSSQLSERVER2019'.
2024-08-29 12:40:24.119 +05:30  DBG  Opened connection to database 'Ecommerce' on server 'FGS-DSK-230\MSSQLSERVER2019'.
2024-08-29 12:40:24.120 +05:30  DBG  Executing DbCommand [Parameters=[@ProductId='?' (DbType = Guid), @Quantity='?' (DbType = Int32)], CommandType='"Text"', CommandTimeout='30']
EXEC ReduceProductQuantity @ProductId, @Quantity
2024-08-29 12:40:24.130 +05:30  INF  Executed DbCommand (10ms) [Parameters=[@ProductId='?' (DbType = Guid), @Quantity='?' (DbType = Int32)], CommandType='"Text"', CommandTimeout='30']
EXEC ReduceProductQuantity @ProductId, @Quantity
2024-08-29 12:40:24.131 +05:30  DBG  Closing connection to database 'Ecommerce' on server 'FGS-DSK-230\MSSQLSERVER2019'.
2024-08-29 12:40:24.132 +05:30  DBG  Closed connection to database 'Ecommerce' on server 'FGS-DSK-230\MSSQLSERVER2019' (0ms).
2024-08-29 12:40:24.133 +05:30  DBG  SaveChanges starting for 'EcommerceDbContext'.
2024-08-29 12:40:24.134 +05:30  DBG  DetectChanges starting for 'EcommerceDbContext'.
2024-08-29 12:40:24.135 +05:30  DBG  DetectChanges completed for 'EcommerceDbContext'.
2024-08-29 12:40:24.136 +05:30  DBG  Executing 2 update commands as a batch.
2024-08-29 12:40:24.136 +05:30  DBG  Opening connection to database 'Ecommerce' on server 'FGS-DSK-230\MSSQLSERVER2019'.
2024-08-29 12:40:24.137 +05:30  DBG  Opened connection to database 'Ecommerce' on server 'FGS-DSK-230\MSSQLSERVER2019'.
2024-08-29 12:40:24.138 +05:30  DBG  Beginning transaction with isolation level 'Unspecified'.
2024-08-29 12:40:24.139 +05:30  DBG  Began transaction with isolation level 'ReadCommitted'.
2024-08-29 12:40:24.140 +05:30  DBG  Creating DbCommand for 'ExecuteReader'.
2024-08-29 12:40:24.141 +05:30  DBG  Created DbCommand for 'ExecuteReader' (0ms).
2024-08-29 12:40:24.142 +05:30  DBG  Initialized DbCommand for 'ExecuteReader' (1ms).
2024-08-29 12:40:24.143 +05:30  DBG  Executing DbCommand [Parameters=[@p0='?' (DbType = Guid), @p1='?' (DbType = DateTime2), @p2='?' (DbType = Guid), @p3='?' (DbType = Date), @p4='?' (DbType = Boolean), @p5='?' (DbType = Boolean), @p6='?' (DbType = Boolean), @p7='?' (DbType = DateTime2), @p8='?' (Size = 50), @p9='?' (DbType = Guid), @p10='?' (DbType = Guid), @p11='?' (Size = 4000), @p12='?' (Precision = 18) (Scale = 2) (DbType = Decimal), @p13='?' (DbType = DateTime2), @p14='?' (DbType = Guid), @p15='?' (DbType = DateTime2), @p16='?' (DbType = Guid), @p17='?' (DbType = Guid), @p18='?' (DbType = Int32), @p19='?' (Precision = 8) (Scale = 2) (DbType = Decimal), @p20='?' (DbType = DateTime2)], CommandType='"Text"', CommandTimeout='30']
SET NOCOUNT ON;
INSERT INTO [Orders] ([OrderId], [CreatedAt], [CustomerId], [DeliveryDate], [IsCancelled], [IsDelivered], [IsPaid], [OrderDate], [OrderStatus], [PaymentId], [ReturnId], [ShippingAddress], [TotalAmount], [UpdatedAt])
VALUES (@p0, @p1, @p2, @p3, @p4, @p5, @p6, @p7, @p8, @p9, @p10, @p11, @p12, @p13);
INSERT INTO [OrderItems] ([OrderItemId], [CreatedAt], [OrderId], [ProductId], [Quantity], [UnitPrice], [UpdatedAt])
VALUES (@p14, @p15, @p16, @p17, @p18, @p19, @p20);
2024-08-29 12:40:24.150 +05:30  INF  Executed DbCommand (8ms) [Parameters=[@p0='?' (DbType = Guid), @p1='?' (DbType = DateTime2), @p2='?' (DbType = Guid), @p3='?' (DbType = Date), @p4='?' (DbType = Boolean), @p5='?' (DbType = Boolean), @p6='?' (DbType = Boolean), @p7='?' (DbType = DateTime2), @p8='?' (Size = 50), @p9='?' (DbType = Guid), @p10='?' (DbType = Guid), @p11='?' (Size = 4000), @p12='?' (Precision = 18) (Scale = 2) (DbType = Decimal), @p13='?' (DbType = DateTime2), @p14='?' (DbType = Guid), @p15='?' (DbType = DateTime2), @p16='?' (DbType = Guid), @p17='?' (DbType = Guid), @p18='?' (DbType = Int32), @p19='?' (Precision = 8) (Scale = 2) (DbType = Decimal), @p20='?' (DbType = DateTime2)], CommandType='"Text"', CommandTimeout='30']
SET NOCOUNT ON;
INSERT INTO [Orders] ([OrderId], [CreatedAt], [CustomerId], [DeliveryDate], [IsCancelled], [IsDelivered], [IsPaid], [OrderDate], [OrderStatus], [PaymentId], [ReturnId], [ShippingAddress], [TotalAmount], [UpdatedAt])
VALUES (@p0, @p1, @p2, @p3, @p4, @p5, @p6, @p7, @p8, @p9, @p10, @p11, @p12, @p13);
INSERT INTO [OrderItems] ([OrderItemId], [CreatedAt], [OrderId], [ProductId], [Quantity], [UnitPrice], [UpdatedAt])
VALUES (@p14, @p15, @p16, @p17, @p18, @p19, @p20);
2024-08-29 12:40:24.154 +05:30  DBG  Closing data reader to 'Ecommerce' on server 'FGS-DSK-230\MSSQLSERVER2019'.
2024-08-29 12:40:24.155 +05:30  DBG  A data reader for 'Ecommerce' on server 'FGS-DSK-230\MSSQLSERVER2019' is being disposed after spending 1ms reading results.
2024-08-29 12:40:24.157 +05:30  DBG  Committing transaction.
2024-08-29 12:40:24.158 +05:30  DBG  Committed transaction.
2024-08-29 12:40:24.159 +05:30  DBG  Closing connection to database 'Ecommerce' on server 'FGS-DSK-230\MSSQLSERVER2019'.
2024-08-29 12:40:24.160 +05:30  DBG  Closed connection to database 'Ecommerce' on server 'FGS-DSK-230\MSSQLSERVER2019' (0ms).
2024-08-29 12:40:24.161 +05:30  DBG  Disposing transaction.
2024-08-29 12:40:24.161 +05:30  DBG  An entity of type 'Order' tracked by 'EcommerceDbContext' changed state from '"Added"' to '"Unchanged"'. Consider using 'DbContextOptionsBuilder.EnableSensitiveDataLogging' to see key values.
2024-08-29 12:40:24.163 +05:30  DBG  An entity of type 'OrderItem' tracked by 'EcommerceDbContext' changed state from '"Added"' to '"Unchanged"'. Consider using 'DbContextOptionsBuilder.EnableSensitiveDataLogging' to see key values.
2024-08-29 12:40:24.164 +05:30  DBG  SaveChanges completed for 'EcommerceDbContext' with 2 entities written to the database.
2024-08-29 12:40:24.165 +05:30  INF  Executed action method Web.Ecommerce.Controllers.Customer.OrderController.PlaceOrder (Web.Ecommerce), returned result Microsoft.AspNetCore.Mvc.OkObjectResult in 79.2154ms.
2024-08-29 12:40:24.166 +05:30  VRB  Action Filter: Before executing OnActionExecuted on filter Microsoft.AspNetCore.Mvc.Infrastructure.ModelStateInvalidFilter.
2024-08-29 12:40:24.167 +05:30  VRB  Action Filter: After executing OnActionExecuted on filter Microsoft.AspNetCore.Mvc.Infrastructure.ModelStateInvalidFilter.
2024-08-29 12:40:24.168 +05:30  VRB  Action Filter: Before executing OnActionExecuted on filter Microsoft.AspNetCore.Mvc.ModelBinding.UnsupportedContentTypeFilter.
2024-08-29 12:40:24.169 +05:30  VRB  Action Filter: After executing OnActionExecuted on filter Microsoft.AspNetCore.Mvc.ModelBinding.UnsupportedContentTypeFilter.
2024-08-29 12:40:24.170 +05:30  VRB  Result Filter: Before executing OnResultExecuting on filter Microsoft.AspNetCore.Mvc.Infrastructure.ClientErrorResultFilter.
2024-08-29 12:40:24.171 +05:30  VRB  Result Filter: After executing OnResultExecuting on filter Microsoft.AspNetCore.Mvc.Infrastructure.ClientErrorResultFilter.
2024-08-29 12:40:24.172 +05:30  VRB  Before executing action result Microsoft.AspNetCore.Mvc.OkObjectResult.
2024-08-29 12:40:24.172 +05:30  DBG  List of registered output formatters, in the following order: ["Microsoft.AspNetCore.Mvc.Formatters.HttpNoContentOutputFormatter","Microsoft.AspNetCore.Mvc.Formatters.StringOutputFormatter","Microsoft.AspNetCore.Mvc.Formatters.StreamOutputFormatter","Microsoft.AspNetCore.Mvc.Formatters.SystemTextJsonOutputFormatter"]
2024-08-29 12:40:24.175 +05:30  DBG  No information found on request to perform content negotiation.
2024-08-29 12:40:24.176 +05:30  DBG  Attempting to select an output formatter without using a content type as no explicit content types were specified for the response.
2024-08-29 12:40:24.177 +05:30  DBG  Attempting to select the first formatter in the output formatters list which can write the result.
2024-08-29 12:40:24.178 +05:30  DBG  Selected output formatter 'Microsoft.AspNetCore.Mvc.Formatters.SystemTextJsonOutputFormatter' and content type 'application/json' to write the response.
2024-08-29 12:40:24.179 +05:30  INF  Executing OkObjectResult, writing value of type 'Application.Ecom.OrderOperations.Commands.PlaceOrder.PlaceOrderCommandResponse'.
2024-08-29 12:40:24.180 +05:30  VRB  After executing action result Microsoft.AspNetCore.Mvc.OkObjectResult.
2024-08-29 12:40:24.180 +05:30  VRB  Connection id "0HN67V3HF8CE5" sending "HEADERS" frame for stream ID 1 with length 74 and flags "END_HEADERS".
2024-08-29 12:40:24.180 +05:30  VRB  Result Filter: Before executing OnResultExecuted on filter Microsoft.AspNetCore.Mvc.Infrastructure.ClientErrorResultFilter.
2024-08-29 12:40:24.182 +05:30  VRB  Connection id "0HN67V3HF8CE5" sending "DATA" frame for stream ID 1 with length 139 and flags "NONE".
2024-08-29 12:40:24.183 +05:30  VRB  Result Filter: After executing OnResultExecuted on filter Microsoft.AspNetCore.Mvc.Infrastructure.ClientErrorResultFilter.
2024-08-29 12:40:24.186 +05:30  INF  Executed action Web.Ecommerce.Controllers.Customer.OrderController.PlaceOrder (Web.Ecommerce) in 121.9322ms
2024-08-29 12:40:24.187 +05:30  INF  Executed endpoint 'Web.Ecommerce.Controllers.Customer.OrderController.PlaceOrder (Web.Ecommerce)'
2024-08-29 12:40:24.187 +05:30  DBG  'EcommerceDbContext' disposed.
2024-08-29 12:40:24.187 +05:30  VRB  Connection id "0HN67V3HF8CE5" sending "DATA" frame for stream ID 1 with length 0 and flags "END_STREAM".
2024-08-29 12:40:24.188 +05:30  DBG  Disposing connection to database 'Ecommerce' on server 'FGS-DSK-230\MSSQLSERVER2019'.
2024-08-29 12:40:24.191 +05:30  DBG  Disposed connection to database '' on server '' (3ms).
2024-08-29 12:40:24.193 +05:30  INF  Request finished HTTP/2 POST https://localhost:7113/api/Order/Place Order - 200 null application/json; charset=utf-8 154.2632ms
2024-08-29 12:40:27.544 +05:30  DBG  Connection id "0HN67V3HF8CE5" received FIN.
2024-08-29 12:40:27.545 +05:30  DBG  Connection id "0HN67V3HF8CE5" is closed. The last processed stream ID was 1.
2024-08-29 12:40:27.545 +05:30  DBG  The connection queue processing loop for 0HN67V3HF8CE5 completed.
2024-08-29 12:40:27.546 +05:30  DBG  Connection id "0HN67V3HF8CE5" sending FIN because: "The Socket transport's send loop completed gracefully."
2024-08-29 12:40:27.559 +05:30  DBG  Connection id "0HN67V3HF8CE5" stopped.
2024-08-29 12:47:49.824 +05:30  DBG  Registered model binder providers, in the following order: ["Microsoft.AspNetCore.Mvc.ModelBinding.Binders.BinderTypeModelBinderProvider","Microsoft.AspNetCore.Mvc.ModelBinding.Binders.ServicesModelBinderProvider","Microsoft.AspNetCore.Mvc.ModelBinding.Binders.BodyModelBinderProvider","Microsoft.AspNetCore.Mvc.ModelBinding.Binders.HeaderModelBinderProvider","Microsoft.AspNetCore.Mvc.ModelBinding.Binders.FloatingPointTypeModelBinderProvider","Microsoft.AspNetCore.Mvc.ModelBinding.Binders.EnumTypeModelBinderProvider","Microsoft.AspNetCore.Mvc.ModelBinding.Binders.DateTimeModelBinderProvider","Microsoft.AspNetCore.Mvc.ModelBinding.Binders.SimpleTypeModelBinderProvider","Microsoft.AspNetCore.Mvc.ModelBinding.Binders.TryParseModelBinderProvider","Microsoft.AspNetCore.Mvc.ModelBinding.Binders.CancellationTokenModelBinderProvider","Microsoft.AspNetCore.Mvc.ModelBinding.Binders.ByteArrayModelBinderProvider","Microsoft.AspNetCore.Mvc.ModelBinding.Binders.FormFileModelBinderProvider","Microsoft.AspNetCore.Mvc.ModelBinding.Binders.FormCollectionModelBinderProvider","Microsoft.AspNetCore.Mvc.ModelBinding.Binders.KeyValuePairModelBinderProvider","Microsoft.AspNetCore.Mvc.ModelBinding.Binders.DictionaryModelBinderProvider","Microsoft.AspNetCore.Mvc.ModelBinding.Binders.ArrayModelBinderProvider","Microsoft.AspNetCore.Mvc.ModelBinding.Binders.CollectionModelBinderProvider","Microsoft.AspNetCore.Mvc.ModelBinding.Binders.ComplexObjectModelBinderProvider"]
2024-08-29 12:47:50.103 +05:30  DBG  An 'IServiceProvider' was created for internal use by Entity Framework.
2024-08-29 12:47:50.234 +05:30  INF  User profile is available. Using 'C:\Users\arjun.hariprasad\AppData\Local\ASP.NET\DataProtection-Keys' as key repository and Windows DPAPI to encrypt keys at rest.
2024-08-29 12:47:50.604 +05:30  WRN  Navigations 'Order.Payments' and 'Payment.Order' were separated into two relationships since the [ForeignKey] attribute was specified on navigations on both sides.
2024-08-29 12:47:50.610 +05:30  WRN  Navigations 'Order.Return' and 'Return.Order' were separated into two relationships since the [ForeignKey] attribute was specified on navigations on both sides.
2024-08-29 12:47:50.615 +05:30  WRN  Navigations 'Payment.Return' and 'Return.Payment' were separated into two relationships since the [ForeignKey] attribute was specified on navigations on both sides.
2024-08-29 12:47:50.694 +05:30  WRN  Navigations 'Order.Payments' and 'Payment.Order' were separated into two relationships since the [ForeignKey] attribute was specified on navigations on both sides.
2024-08-29 12:47:50.697 +05:30  WRN  Navigations 'Payment.Order' and 'Order.Payments' were separated into two relationships since the [ForeignKey] attribute was specified on navigations on both sides.
2024-08-29 12:47:50.699 +05:30  WRN  Navigations 'Payment.Order' and 'Order.Payments' were separated into two relationships since the [ForeignKey] attribute was specified on navigations on both sides.
2024-08-29 12:47:50.700 +05:30  WRN  Navigations 'Payment.Order' and 'Order.Payments' were separated into two relationships since the [ForeignKey] attribute was specified on navigations on both sides.
2024-08-29 12:47:50.702 +05:30  WRN  Navigations 'Order.Return' and 'Return.Order' were separated into two relationships since the [ForeignKey] attribute was specified on navigations on both sides.
2024-08-29 12:47:50.705 +05:30  WRN  Navigations 'Return.Order' and 'Order.Return' were separated into two relationships since the [ForeignKey] attribute was specified on navigations on both sides.
2024-08-29 12:47:50.707 +05:30  WRN  Navigations 'Return.Order' and 'Order.Return' were separated into two relationships since the [ForeignKey] attribute was specified on navigations on both sides.
2024-08-29 12:47:50.709 +05:30  WRN  Navigations 'Return.Order' and 'Order.Return' were separated into two relationships since the [ForeignKey] attribute was specified on navigations on both sides.
2024-08-29 12:47:50.728 +05:30  DBG  The index {'UserId'} was not created on entity type 'IdentityUserRole<Guid>' as the properties are already covered by the index {'UserId', 'RoleId'}.
2024-08-29 12:47:50.730 +05:30  DBG  The index {'UserId'} was not created on entity type 'IdentityUserToken<Guid>' as the properties are already covered by the index {'UserId', 'LoginProvider', 'Name'}.
2024-08-29 12:47:50.854 +05:30  DBG  The property 'Product.UserId' was created in shadow state because there are no eligible CLR members with a matching name.
2024-08-29 12:47:50.992 +05:30  DBG  Entity Framework Core 8.0.8 initialized 'EcommerceDbContext' using provider 'Microsoft.EntityFrameworkCore.SqlServer:8.0.8' with options: None
2024-08-29 12:47:51.104 +05:30  DBG  Compiling query expression: 
'DbSet<IdentityRole<Guid>>()
    .FirstOrDefault(r => r.NormalizedName == __normalizedName_0)'
2024-08-29 12:47:51.258 +05:30  DBG  Generated query execution expression: 
'queryContext => ShapedQueryCompilingExpressionVisitor.SingleOrDefaultAsync<IdentityRole<Guid>>(
    asyncEnumerable: new SingleQueryingEnumerable<IdentityRole<Guid>>(
        (RelationalQueryContext)queryContext, 
        RelationalCommandCache.QueryExpression(
            Projection Mapping:
                EmptyProjectionMember -> Dictionary<IProperty, int> { [Property: IdentityRole<Guid>.Id (Guid) Required PK AfterSave:Throw ValueGenerated.OnAdd, 0], [Property: IdentityRole<Guid>.ConcurrencyStamp (string) Concurrency, 1], [Property: IdentityRole<Guid>.Name (string) MaxLength(256), 2], [Property: IdentityRole<Guid>.NormalizedName (string) Index MaxLength(256), 3] }
            SELECT TOP(1) a.Id, a.ConcurrencyStamp, a.Name, a.NormalizedName
            FROM AspNetRoles AS a
            WHERE a.NormalizedName == @__normalizedName_0), 
        null, 
        Func<QueryContext, DbDataReader, ResultContext, SingleQueryResultCoordinator, IdentityRole<Guid>>, 
        Persistance.EcommerceDbContext, 
        False, 
        False, 
        True
    ), 
    cancellationToken: queryContext.CancellationToken)'
2024-08-29 12:47:51.297 +05:30  DBG  Creating DbConnection.
2024-08-29 12:47:51.325 +05:30  DBG  Created DbConnection. (30ms).
2024-08-29 12:47:51.332 +05:30  DBG  Opening connection to database 'Ecommerce' on server 'FGS-DSK-230\MSSQLSERVER2019'.
2024-08-29 12:47:51.621 +05:30  DBG  Opened connection to database 'Ecommerce' on server 'FGS-DSK-230\MSSQLSERVER2019'.
2024-08-29 12:47:51.625 +05:30  DBG  Creating DbCommand for 'ExecuteReader'.
2024-08-29 12:47:51.633 +05:30  DBG  Created DbCommand for 'ExecuteReader' (5ms).
2024-08-29 12:47:51.642 +05:30  DBG  Initialized DbCommand for 'ExecuteReader' (18ms).
2024-08-29 12:47:51.651 +05:30  DBG  Executing DbCommand [Parameters=[@__normalizedName_0='?' (Size = 256)], CommandType='"Text"', CommandTimeout='30']
SELECT TOP(1) [a].[Id], [a].[ConcurrencyStamp], [a].[Name], [a].[NormalizedName]
FROM [AspNetRoles] AS [a]
WHERE [a].[NormalizedName] = @__normalizedName_0
2024-08-29 12:47:51.705 +05:30  INF  Executed DbCommand (54ms) [Parameters=[@__normalizedName_0='?' (Size = 256)], CommandType='"Text"', CommandTimeout='30']
SELECT TOP(1) [a].[Id], [a].[ConcurrencyStamp], [a].[Name], [a].[NormalizedName]
FROM [AspNetRoles] AS [a]
WHERE [a].[NormalizedName] = @__normalizedName_0
2024-08-29 12:47:51.745 +05:30  DBG  Context 'EcommerceDbContext' started tracking 'IdentityRole' entity. Consider using 'DbContextOptionsBuilder.EnableSensitiveDataLogging' to see key values.
2024-08-29 12:47:51.762 +05:30  DBG  Closing data reader to 'Ecommerce' on server 'FGS-DSK-230\MSSQLSERVER2019'.
2024-08-29 12:47:51.771 +05:30  DBG  A data reader for 'Ecommerce' on server 'FGS-DSK-230\MSSQLSERVER2019' is being disposed after spending 59ms reading results.
2024-08-29 12:47:51.774 +05:30  DBG  Closing connection to database 'Ecommerce' on server 'FGS-DSK-230\MSSQLSERVER2019'.
2024-08-29 12:47:51.780 +05:30  DBG  Closed connection to database 'Ecommerce' on server 'FGS-DSK-230\MSSQLSERVER2019' (5ms).
2024-08-29 12:47:51.785 +05:30  DBG  Opening connection to database 'Ecommerce' on server 'FGS-DSK-230\MSSQLSERVER2019'.
2024-08-29 12:47:51.786 +05:30  DBG  Opened connection to database 'Ecommerce' on server 'FGS-DSK-230\MSSQLSERVER2019'.
2024-08-29 12:47:51.787 +05:30  DBG  Creating DbCommand for 'ExecuteReader'.
2024-08-29 12:47:51.788 +05:30  DBG  Created DbCommand for 'ExecuteReader' (0ms).
2024-08-29 12:47:51.789 +05:30  DBG  Initialized DbCommand for 'ExecuteReader' (1ms).
2024-08-29 12:47:51.790 +05:30  DBG  Executing DbCommand [Parameters=[@__normalizedName_0='?' (Size = 256)], CommandType='"Text"', CommandTimeout='30']
SELECT TOP(1) [a].[Id], [a].[ConcurrencyStamp], [a].[Name], [a].[NormalizedName]
FROM [AspNetRoles] AS [a]
WHERE [a].[NormalizedName] = @__normalizedName_0
2024-08-29 12:47:51.799 +05:30  INF  Executed DbCommand (9ms) [Parameters=[@__normalizedName_0='?' (Size = 256)], CommandType='"Text"', CommandTimeout='30']
SELECT TOP(1) [a].[Id], [a].[ConcurrencyStamp], [a].[Name], [a].[NormalizedName]
FROM [AspNetRoles] AS [a]
WHERE [a].[NormalizedName] = @__normalizedName_0
2024-08-29 12:47:51.802 +05:30  DBG  Context 'EcommerceDbContext' started tracking 'IdentityRole' entity. Consider using 'DbContextOptionsBuilder.EnableSensitiveDataLogging' to see key values.
2024-08-29 12:47:51.803 +05:30  DBG  Closing data reader to 'Ecommerce' on server 'FGS-DSK-230\MSSQLSERVER2019'.
2024-08-29 12:47:51.804 +05:30  DBG  A data reader for 'Ecommerce' on server 'FGS-DSK-230\MSSQLSERVER2019' is being disposed after spending 2ms reading results.
2024-08-29 12:47:51.805 +05:30  DBG  Closing connection to database 'Ecommerce' on server 'FGS-DSK-230\MSSQLSERVER2019'.
2024-08-29 12:47:51.806 +05:30  DBG  Closed connection to database 'Ecommerce' on server 'FGS-DSK-230\MSSQLSERVER2019' (0ms).
2024-08-29 12:47:51.807 +05:30  DBG  Opening connection to database 'Ecommerce' on server 'FGS-DSK-230\MSSQLSERVER2019'.
2024-08-29 12:47:51.808 +05:30  DBG  Opened connection to database 'Ecommerce' on server 'FGS-DSK-230\MSSQLSERVER2019'.
2024-08-29 12:47:51.809 +05:30  DBG  Creating DbCommand for 'ExecuteReader'.
2024-08-29 12:47:51.810 +05:30  DBG  Created DbCommand for 'ExecuteReader' (0ms).
2024-08-29 12:47:51.812 +05:30  DBG  Initialized DbCommand for 'ExecuteReader' (2ms).
2024-08-29 12:47:51.813 +05:30  DBG  Executing DbCommand [Parameters=[@__normalizedName_0='?' (Size = 256)], CommandType='"Text"', CommandTimeout='30']
SELECT TOP(1) [a].[Id], [a].[ConcurrencyStamp], [a].[Name], [a].[NormalizedName]
FROM [AspNetRoles] AS [a]
WHERE [a].[NormalizedName] = @__normalizedName_0
2024-08-29 12:47:51.816 +05:30  INF  Executed DbCommand (3ms) [Parameters=[@__normalizedName_0='?' (Size = 256)], CommandType='"Text"', CommandTimeout='30']
SELECT TOP(1) [a].[Id], [a].[ConcurrencyStamp], [a].[Name], [a].[NormalizedName]
FROM [AspNetRoles] AS [a]
WHERE [a].[NormalizedName] = @__normalizedName_0
2024-08-29 12:47:51.819 +05:30  DBG  Context 'EcommerceDbContext' started tracking 'IdentityRole' entity. Consider using 'DbContextOptionsBuilder.EnableSensitiveDataLogging' to see key values.
2024-08-29 12:47:51.820 +05:30  DBG  Closing data reader to 'Ecommerce' on server 'FGS-DSK-230\MSSQLSERVER2019'.
2024-08-29 12:47:51.821 +05:30  DBG  A data reader for 'Ecommerce' on server 'FGS-DSK-230\MSSQLSERVER2019' is being disposed after spending 2ms reading results.
2024-08-29 12:47:51.822 +05:30  DBG  Closing connection to database 'Ecommerce' on server 'FGS-DSK-230\MSSQLSERVER2019'.
2024-08-29 12:47:51.824 +05:30  DBG  Closed connection to database 'Ecommerce' on server 'FGS-DSK-230\MSSQLSERVER2019' (1ms).
2024-08-29 12:47:51.830 +05:30  DBG  Compiling query expression: 
'DbSet<User>()
    .SingleOrDefault(u => u.NormalizedEmail == __normalizedEmail_0)'
2024-08-29 12:47:51.838 +05:30  DBG  Generated query execution expression: 
'queryContext => ShapedQueryCompilingExpressionVisitor.SingleOrDefaultAsync<User>(
    asyncEnumerable: new SingleQueryingEnumerable<User>(
        (RelationalQueryContext)queryContext, 
        RelationalCommandCache.QueryExpression(
            Projection Mapping:
                EmptyProjectionMember -> Dictionary<IProperty, int> { [Property: User.Id (Guid) Required PK AfterSave:Throw ValueGenerated.OnAdd, 0], [Property: User.AccessFailedCount (int) Required, 1], [Property: User.ConcurrencyStamp (string) Concurrency, 2], [Property: User.CreatedAt (DateTime) Required, 3], [Property: User.Email (string) MaxLength(256), 4], [Property: User.EmailConfirmed (bool) Required, 5], [Property: User.IsDeleted (bool) Required, 6], [Property: User.IsVerified (bool) Required, 7], [Property: User.LockoutEnabled (bool) Required, 8], [Property: User.LockoutEnd (DateTimeOffset?), 9], [Property: User.NormalizedEmail (string) Index MaxLength(256), 10], [Property: User.NormalizedUserName (string) Index MaxLength(256), 11], [Property: User.PasswordHash (string), 12], [Property: User.PhoneNumber (string), 13], [Property: User.PhoneNumberConfirmed (bool) Required, 14], [Property: User.SecurityStamp (string), 15], [Property: User.TwoFactorEnabled (bool) Required, 16], [Property: User.UpdatedAt (DateTime) Required, 17], [Property: User.UserName (string) MaxLength(256), 18] }
            SELECT TOP(2) a.Id, a.AccessFailedCount, a.ConcurrencyStamp, a.CreatedAt, a.Email, a.EmailConfirmed, a.IsDeleted, a.IsVerified, a.LockoutEnabled, a.LockoutEnd, a.NormalizedEmail, a.NormalizedUserName, a.PasswordHash, a.PhoneNumber, a.PhoneNumberConfirmed, a.SecurityStamp, a.TwoFactorEnabled, a.UpdatedAt, a.UserName
            FROM AspNetUsers AS a
            WHERE a.NormalizedEmail == @__normalizedEmail_0), 
        null, 
        Func<QueryContext, DbDataReader, ResultContext, SingleQueryResultCoordinator, User>, 
        Persistance.EcommerceDbContext, 
        False, 
        False, 
        True
    ), 
    cancellationToken: queryContext.CancellationToken)'
2024-08-29 12:47:51.844 +05:30  DBG  Opening connection to database 'Ecommerce' on server 'FGS-DSK-230\MSSQLSERVER2019'.
2024-08-29 12:47:51.845 +05:30  DBG  Opened connection to database 'Ecommerce' on server 'FGS-DSK-230\MSSQLSERVER2019'.
2024-08-29 12:47:51.846 +05:30  DBG  Creating DbCommand for 'ExecuteReader'.
2024-08-29 12:47:51.847 +05:30  DBG  Created DbCommand for 'ExecuteReader' (1ms).
2024-08-29 12:47:51.848 +05:30  DBG  Initialized DbCommand for 'ExecuteReader' (2ms).
2024-08-29 12:47:51.849 +05:30  DBG  Executing DbCommand [Parameters=[@__normalizedEmail_0='?' (Size = 256)], CommandType='"Text"', CommandTimeout='30']
SELECT TOP(2) [a].[Id], [a].[AccessFailedCount], [a].[ConcurrencyStamp], [a].[CreatedAt], [a].[Email], [a].[EmailConfirmed], [a].[IsDeleted], [a].[IsVerified], [a].[LockoutEnabled], [a].[LockoutEnd], [a].[NormalizedEmail], [a].[NormalizedUserName], [a].[PasswordHash], [a].[PhoneNumber], [a].[PhoneNumberConfirmed], [a].[SecurityStamp], [a].[TwoFactorEnabled], [a].[UpdatedAt], [a].[UserName]
FROM [AspNetUsers] AS [a]
WHERE [a].[NormalizedEmail] = @__normalizedEmail_0
2024-08-29 12:47:51.854 +05:30  INF  Executed DbCommand (5ms) [Parameters=[@__normalizedEmail_0='?' (Size = 256)], CommandType='"Text"', CommandTimeout='30']
SELECT TOP(2) [a].[Id], [a].[AccessFailedCount], [a].[ConcurrencyStamp], [a].[CreatedAt], [a].[Email], [a].[EmailConfirmed], [a].[IsDeleted], [a].[IsVerified], [a].[LockoutEnabled], [a].[LockoutEnd], [a].[NormalizedEmail], [a].[NormalizedUserName], [a].[PasswordHash], [a].[PhoneNumber], [a].[PhoneNumberConfirmed], [a].[SecurityStamp], [a].[TwoFactorEnabled], [a].[UpdatedAt], [a].[UserName]
FROM [AspNetUsers] AS [a]
WHERE [a].[NormalizedEmail] = @__normalizedEmail_0
2024-08-29 12:47:51.874 +05:30  DBG  Context 'EcommerceDbContext' started tracking 'User' entity. Consider using 'DbContextOptionsBuilder.EnableSensitiveDataLogging' to see key values.
2024-08-29 12:47:51.904 +05:30  DBG  Closing data reader to 'Ecommerce' on server 'FGS-DSK-230\MSSQLSERVER2019'.
2024-08-29 12:47:51.906 +05:30  DBG  A data reader for 'Ecommerce' on server 'FGS-DSK-230\MSSQLSERVER2019' is being disposed after spending 49ms reading results.
2024-08-29 12:47:51.907 +05:30  DBG  Closing connection to database 'Ecommerce' on server 'FGS-DSK-230\MSSQLSERVER2019'.
2024-08-29 12:47:51.908 +05:30  DBG  Closed connection to database 'Ecommerce' on server 'FGS-DSK-230\MSSQLSERVER2019' (0ms).
2024-08-29 12:47:51.911 +05:30  DBG  'EcommerceDbContext' disposed.
2024-08-29 12:47:51.913 +05:30  DBG  Disposing connection to database 'Ecommerce' on server 'FGS-DSK-230\MSSQLSERVER2019'.
2024-08-29 12:47:51.915 +05:30  DBG  Disposed connection to database '' on server '' (1ms).
2024-08-29 12:47:51.918 +05:30  DBG  Hosting starting
2024-08-29 12:47:51.927 +05:30  DBG  Reading data from file 'C:\Users\arjun.hariprasad\AppData\Local\ASP.NET\DataProtection-Keys\key-36f6fa2d-df91-4e24-9271-a530e4737995.xml'.
2024-08-29 12:47:51.943 +05:30  DBG  Found key {36f6fa2d-df91-4e24-9271-a530e4737995}.
2024-08-29 12:47:51.972 +05:30  DBG  Considering key {36f6fa2d-df91-4e24-9271-a530e4737995} with expiration date 2024-10-20 08:26:28Z as default key.
2024-08-29 12:47:51.977 +05:30  DBG  Forwarded activator type request from Microsoft.AspNetCore.DataProtection.XmlEncryption.DpapiXmlDecryptor, Microsoft.AspNetCore.DataProtection, Version=8.0.0.0, Culture=neutral, PublicKeyToken=adb9793829ddae60 to Microsoft.AspNetCore.DataProtection.XmlEncryption.DpapiXmlDecryptor, Microsoft.AspNetCore.DataProtection, Culture=neutral, PublicKeyToken=adb9793829ddae60
2024-08-29 12:47:51.979 +05:30  DBG  Decrypting secret element using Windows DPAPI.
2024-08-29 12:47:51.981 +05:30  DBG  Forwarded activator type request from Microsoft.AspNetCore.DataProtection.AuthenticatedEncryption.ConfigurationModel.AuthenticatedEncryptorDescriptorDeserializer, Microsoft.AspNetCore.DataProtection, Version=8.0.0.0, Culture=neutral, PublicKeyToken=adb9793829ddae60 to Microsoft.AspNetCore.DataProtection.AuthenticatedEncryption.ConfigurationModel.AuthenticatedEncryptorDescriptorDeserializer, Microsoft.AspNetCore.DataProtection, Culture=neutral, PublicKeyToken=adb9793829ddae60
2024-08-29 12:47:51.985 +05:30  DBG  Opening CNG algorithm 'AES' from provider 'null' with chaining mode CBC.
2024-08-29 12:47:51.989 +05:30  DBG  Opening CNG algorithm 'SHA256' from provider 'null' with HMAC.
2024-08-29 12:47:51.993 +05:30  DBG  Using key {36f6fa2d-df91-4e24-9271-a530e4737995} as the default key.
2024-08-29 12:47:51.994 +05:30  DBG  Key ring with default key {36f6fa2d-df91-4e24-9271-a530e4737995} was loaded during application startup.
2024-08-29 12:47:52.195 +05:30  INF  Now listening on: https://localhost:7113
2024-08-29 12:47:52.197 +05:30  INF  Now listening on: http://localhost:5081
2024-08-29 12:47:52.198 +05:30  DBG  Loaded hosting startup assembly Web.Ecommerce
2024-08-29 12:47:52.199 +05:30  DBG  Loaded hosting startup assembly Microsoft.AspNetCore.Watch.BrowserRefresh
2024-08-29 12:47:52.200 +05:30  DBG  Loaded hosting startup assembly Microsoft.WebTools.BrowserLink.Net
2024-08-29 12:47:52.202 +05:30  INF  Application started. Press Ctrl+C to shut down.
2024-08-29 12:47:52.202 +05:30  INF  Hosting environment: Development
2024-08-29 12:47:52.203 +05:30  INF  Content root path: C:\Users\arjun.hariprasad\source\.NET\Ecommerce\EcommerceSolution\CodeBase\Src\Presentation\Web.Ecommerce
2024-08-29 12:47:52.205 +05:30  DBG  Hosting started
2024-08-29 12:47:52.335 +05:30  DBG  Connection id "0HN67VAP1DDK0" accepted.
2024-08-29 12:47:52.337 +05:30  DBG  Connection id "0HN67VAP1DDK0" started.
2024-08-29 12:47:52.341 +05:30  DBG  Connection id "0HN67VAP1DDK1" accepted.
2024-08-29 12:47:52.343 +05:30  DBG  Connection id "0HN67VAP1DDK1" started.
2024-08-29 12:47:52.356 +05:30  DBG  Connection id "0HN67VAP1DDK0" received FIN.
2024-08-29 12:47:52.356 +05:30  DBG  Connection id "0HN67VAP1DDK1" received FIN.
2024-08-29 12:47:52.372 +05:30  DBG  Failed to authenticate HTTPS connection.System.IO.IOException: Received an unexpected EOF or 0 bytes from the transport stream.
   at System.Net.Security.SslStream.ReceiveHandshakeFrameAsync[TIOAdapter](CancellationToken cancellationToken)
   at System.Net.Security.SslStream.ForceAuthenticationAsync[TIOAdapter](Boolean receiveFirst, Byte[] reAuthenticationData, CancellationToken cancellationToken)
   at System.Net.Security.SslStream.ProcessAuthenticationWithTelemetryAsync(Boolean isAsync, CancellationToken cancellationToken)
   at Microsoft.AspNetCore.Server.Kestrel.Https.Internal.HttpsConnectionMiddleware.OnConnectionAsync(ConnectionContext context)

2024-08-29 12:47:52.372 +05:30  DBG  Failed to authenticate HTTPS connection.System.IO.IOException: Received an unexpected EOF or 0 bytes from the transport stream.
   at System.Net.Security.SslStream.ReceiveHandshakeFrameAsync[TIOAdapter](CancellationToken cancellationToken)
   at System.Net.Security.SslStream.ForceAuthenticationAsync[TIOAdapter](Boolean receiveFirst, Byte[] reAuthenticationData, CancellationToken cancellationToken)
   at System.Net.Security.SslStream.ProcessAuthenticationWithTelemetryAsync(Boolean isAsync, CancellationToken cancellationToken)
   at Microsoft.AspNetCore.Server.Kestrel.Https.Internal.HttpsConnectionMiddleware.OnConnectionAsync(ConnectionContext context)

2024-08-29 12:47:52.386 +05:30  DBG  Connection id "0HN67VAP1DDK1" stopped.
2024-08-29 12:47:52.386 +05:30  DBG  Connection id "0HN67VAP1DDK0" stopped.
2024-08-29 12:47:52.389 +05:30  DBG  Connection id "0HN67VAP1DDK1" sending FIN because: "The Socket transport's send loop completed gracefully."
2024-08-29 12:47:52.389 +05:30  DBG  Connection id "0HN67VAP1DDK0" sending FIN because: "The Socket transport's send loop completed gracefully."
2024-08-29 12:47:53.068 +05:30  DBG  Connection id "0HN67VAP1DDK2" accepted.
2024-08-29 12:47:53.069 +05:30  DBG  Connection id "0HN67VAP1DDK2" started.
2024-08-29 12:47:53.116 +05:30  DBG  Connection 0HN67VAP1DDK2 established using the following protocol: "Tls12"
2024-08-29 12:47:53.148 +05:30  VRB  Connection id "0HN67VAP1DDK2" sending "SETTINGS" frame for stream ID 0 with length 24 and flags "NONE".
2024-08-29 12:47:53.153 +05:30  VRB  Connection id "0HN67VAP1DDK2" sending "WINDOW_UPDATE" frame for stream ID 0 with length 4 and flags 0x0.
2024-08-29 12:47:53.156 +05:30  VRB  Connection id "0HN67VAP1DDK2" received "SETTINGS" frame for stream ID 0 with length 24 and flags "NONE".
2024-08-29 12:47:53.160 +05:30  VRB  Connection id "0HN67VAP1DDK2" sending "SETTINGS" frame for stream ID 0 with length 0 and flags "ACK".
2024-08-29 12:47:53.162 +05:30  VRB  Connection id "0HN67VAP1DDK2" received "WINDOW_UPDATE" frame for stream ID 0 with length 4 and flags 0x0.
2024-08-29 12:47:53.164 +05:30  VRB  Connection id "0HN67VAP1DDK2" received "HEADERS" frame for stream ID 1 with length 469 and flags "END_STREAM, END_HEADERS, PRIORITY".
2024-08-29 12:47:53.193 +05:30  VRB  Connection id "0HN67VAP1DDK2" received "SETTINGS" frame for stream ID 0 with length 0 and flags "ACK".
2024-08-29 12:47:53.243 +05:30  INF  Request starting HTTP/2 GET https://localhost:7113/swagger/index.html - null null
2024-08-29 12:47:53.426 +05:30  DBG  Wildcard detected, all requests with hosts will be allowed.
2024-08-29 12:47:53.426 +05:30  VRB  All hosts are allowed.
2024-08-29 12:47:53.449 +05:30  DBG  No candidates found for the request path '/swagger/index.html'
2024-08-29 12:47:53.450 +05:30  DBG  Request did not match any endpoints
2024-08-29 12:47:53.569 +05:30  DBG  Response markup is scheduled to include Browser Link script injection.
2024-08-29 12:47:53.570 +05:30  DBG  Response markup is scheduled to include browser refresh script injection.
2024-08-29 12:47:53.574 +05:30  VRB  Connection id "0HN67VAP1DDK2" sending "HEADERS" frame for stream ID 1 with length 66 and flags "END_HEADERS".
2024-08-29 12:47:53.577 +05:30  VRB  Connection id "0HN67VAP1DDK2" sending "DATA" frame for stream ID 1 with length 1055 and flags "NONE".
2024-08-29 12:47:53.577 +05:30  DBG  Response markup was updated to include Browser Link script injection.
2024-08-29 12:47:53.578 +05:30  VRB  Connection id "0HN67VAP1DDK2" sending "DATA" frame for stream ID 1 with length 81 and flags "NONE".
2024-08-29 12:47:53.580 +05:30  DBG  Response markup was updated to include browser refresh script injection.
2024-08-29 12:47:53.592 +05:30  VRB  Connection id "0HN67VAP1DDK2" sending "DATA" frame for stream ID 1 with length 0 and flags "END_STREAM".
2024-08-29 12:47:53.594 +05:30  INF  Request finished HTTP/2 GET https://localhost:7113/swagger/index.html - 200 null text/html;charset=utf-8 355.7706ms
2024-08-29 12:47:53.600 +05:30  VRB  Connection id "0HN67VAP1DDK2" received "HEADERS" frame for stream ID 3 with length 115 and flags "END_STREAM, END_HEADERS, PRIORITY".
2024-08-29 12:47:53.620 +05:30  VRB  Connection id "0HN67VAP1DDK2" received "HEADERS" frame for stream ID 5 with length 35 and flags "END_STREAM, END_HEADERS, PRIORITY".
2024-08-29 12:47:53.620 +05:30  INF  Request starting HTTP/2 GET https://localhost:7113/_framework/aspnetcore-browser-refresh.js - null null
2024-08-29 12:47:53.622 +05:30  VRB  Connection id "0HN67VAP1DDK2" received "HEADERS" frame for stream ID 7 with length 57 and flags "END_STREAM, END_HEADERS, PRIORITY".
2024-08-29 12:47:53.622 +05:30  INF  Request starting HTTP/2 GET https://localhost:7113/swagger/index.js - null null
2024-08-29 12:47:53.626 +05:30  INF  Request starting HTTP/2 GET https://localhost:7113/_vs/browserLink - null null
2024-08-29 12:47:53.628 +05:30  VRB  All hosts are allowed.
2024-08-29 12:47:53.630 +05:30  VRB  Connection id "0HN67VAP1DDK2" sending "HEADERS" frame for stream ID 3 with length 60 and flags "END_HEADERS".
2024-08-29 12:47:53.633 +05:30  DBG  No candidates found for the request path '/swagger/index.js'
2024-08-29 12:47:53.634 +05:30  DBG  Request did not match any endpoints
2024-08-29 12:47:53.635 +05:30  VRB  Connection id "0HN67VAP1DDK2" sending "DATA" frame for stream ID 3 with length 13762 and flags "NONE".
2024-08-29 12:47:53.640 +05:30  INF  Request finished HTTP/2 GET https://localhost:7113/swagger/index.js - 200 null application/javascript;charset=utf-8 17.2819ms
2024-08-29 12:47:53.642 +05:30  VRB  Connection id "0HN67VAP1DDK2" sending "HEADERS" frame for stream ID 5 with length 41 and flags "END_HEADERS".
2024-08-29 12:47:53.646 +05:30  INF  Request finished HTTP/2 GET https://localhost:7113/_framework/aspnetcore-browser-refresh.js - 200 13762 application/javascript; charset=utf-8 25.8811ms
2024-08-29 12:47:53.651 +05:30  VRB  Connection id "0HN67VAP1DDK2" sending "DATA" frame for stream ID 5 with length 3005 and flags "END_STREAM".
2024-08-29 12:47:53.658 +05:30  VRB  Connection id "0HN67VAP1DDK2" sending "DATA" frame for stream ID 3 with length 0 and flags "END_STREAM".
2024-08-29 12:47:53.675 +05:30  VRB  Connection id "0HN67VAP1DDK2" sending "HEADERS" frame for stream ID 7 with length 119 and flags "END_HEADERS".
2024-08-29 12:47:53.677 +05:30  VRB  Connection id "0HN67VAP1DDK2" sending "DATA" frame for stream ID 7 with length 9986 and flags "NONE".
2024-08-29 12:47:53.686 +05:30  VRB  Connection id "0HN67VAP1DDK2" sending "DATA" frame for stream ID 7 with length 10240 and flags "NONE".
2024-08-29 12:47:53.688 +05:30  VRB  Connection id "0HN67VAP1DDK2" sending "DATA" frame for stream ID 7 with length 10240 and flags "NONE".
2024-08-29 12:47:53.690 +05:30  VRB  Connection id "0HN67VAP1DDK2" sending "DATA" frame for stream ID 7 with length 10240 and flags "NONE".
2024-08-29 12:47:53.693 +05:30  VRB  Connection id "0HN67VAP1DDK2" sending "DATA" frame for stream ID 7 with length 10240 and flags "NONE".
2024-08-29 12:47:53.696 +05:30  VRB  Connection id "0HN67VAP1DDK2" sending "DATA" frame for stream ID 7 with length 10240 and flags "NONE".
2024-08-29 12:47:53.706 +05:30  VRB  Connection id "0HN67VAP1DDK2" sending "DATA" frame for stream ID 7 with length 10240 and flags "NONE".
2024-08-29 12:47:53.709 +05:30  VRB  Connection id "0HN67VAP1DDK2" sending "DATA" frame for stream ID 7 with length 10240 and flags "NONE".
2024-08-29 12:47:53.718 +05:30  VRB  Connection id "0HN67VAP1DDK2" sending "DATA" frame for stream ID 7 with length 10240 and flags "NONE".
2024-08-29 12:47:53.721 +05:30  VRB  Connection id "0HN67VAP1DDK2" sending "DATA" frame for stream ID 7 with length 10240 and flags "NONE".
2024-08-29 12:47:53.723 +05:30  VRB  Connection id "0HN67VAP1DDK2" sending "DATA" frame for stream ID 7 with length 10240 and flags "NONE".
2024-08-29 12:47:53.725 +05:30  VRB  Connection id "0HN67VAP1DDK2" sending "DATA" frame for stream ID 7 with length 10240 and flags "NONE".
2024-08-29 12:47:53.728 +05:30  VRB  Connection id "0HN67VAP1DDK2" sending "DATA" frame for stream ID 7 with length 10240 and flags "NONE".
2024-08-29 12:47:53.734 +05:30  VRB  Connection id "0HN67VAP1DDK2" sending "DATA" frame for stream ID 7 with length 10240 and flags "NONE".
2024-08-29 12:47:53.737 +05:30  VRB  Connection id "0HN67VAP1DDK2" sending "DATA" frame for stream ID 7 with length 10240 and flags "NONE".
2024-08-29 12:47:53.739 +05:30  VRB  Connection id "0HN67VAP1DDK2" sending "DATA" frame for stream ID 7 with length 160 and flags "NONE".
2024-08-29 12:47:53.741 +05:30  INF  Request finished HTTP/2 GET https://localhost:7113/_vs/browserLink - 200 null text/javascript; charset=UTF-8 115.1499ms
2024-08-29 12:47:53.741 +05:30  VRB  Connection id "0HN67VAP1DDK2" sending "DATA" frame for stream ID 7 with length 0 and flags "END_STREAM".
2024-08-29 12:47:53.778 +05:30  VRB  Connection id "0HN67VAP1DDK2" received "HEADERS" frame for stream ID 9 with length 74 and flags "END_STREAM, END_HEADERS, PRIORITY".
2024-08-29 12:47:53.783 +05:30  INF  Request starting HTTP/2 GET https://localhost:7113/swagger/v1/swagger.json - null null
2024-08-29 12:47:53.786 +05:30  VRB  All hosts are allowed.
2024-08-29 12:47:53.787 +05:30  DBG  No candidates found for the request path '/swagger/v1/swagger.json'
2024-08-29 12:47:53.789 +05:30  DBG  Request did not match any endpoints
2024-08-29 12:47:53.937 +05:30  VRB  Connection id "0HN67VAP1DDK2" sending "HEADERS" frame for stream ID 9 with length 35 and flags "END_HEADERS".
2024-08-29 12:47:53.939 +05:30  VRB  Connection id "0HN67VAP1DDK2" sending "DATA" frame for stream ID 9 with length 16384 and flags "NONE".
2024-08-29 12:47:53.940 +05:30  VRB  Connection id "0HN67VAP1DDK2" sending "DATA" frame for stream ID 9 with length 6467 and flags "NONE".
2024-08-29 12:47:53.944 +05:30  VRB  Connection id "0HN67VAP1DDK2" sending "DATA" frame for stream ID 9 with length 0 and flags "END_STREAM".
2024-08-29 12:47:53.944 +05:30  INF  Request finished HTTP/2 GET https://localhost:7113/swagger/v1/swagger.json - 200 null application/json;charset=utf-8 160.5051ms
2024-08-29 12:47:58.303 +05:30  DBG  Connection id "0HN67VAP1DDK2" received FIN.
2024-08-29 12:47:58.305 +05:30  DBG  Connection id "0HN67VAP1DDK2" is closed. The last processed stream ID was 9.
2024-08-29 12:47:58.307 +05:30  DBG  Connection id "0HN67VAP1DDK2" sending FIN because: "The Socket transport's send loop completed gracefully."
2024-08-29 12:47:58.307 +05:30  DBG  The connection queue processing loop for 0HN67VAP1DDK2 completed.
2024-08-29 12:47:58.309 +05:30  DBG  Connection id "0HN67VAP1DDK2" stopped.
2024-08-29 12:49:04.889 +05:30  DBG  Connection id "0HN67VAP1DDK3" accepted.
2024-08-29 12:49:04.900 +05:30  DBG  Connection id "0HN67VAP1DDK3" started.
2024-08-29 12:49:04.909 +05:30  DBG  Connection 0HN67VAP1DDK3 established using the following protocol: "Tls12"
2024-08-29 12:49:04.910 +05:30  VRB  Connection id "0HN67VAP1DDK3" sending "SETTINGS" frame for stream ID 0 with length 24 and flags "NONE".
2024-08-29 12:49:04.912 +05:30  VRB  Connection id "0HN67VAP1DDK3" sending "WINDOW_UPDATE" frame for stream ID 0 with length 4 and flags 0x0.
2024-08-29 12:49:04.913 +05:30  VRB  Connection id "0HN67VAP1DDK3" received "SETTINGS" frame for stream ID 0 with length 24 and flags "NONE".
2024-08-29 12:49:04.917 +05:30  VRB  Connection id "0HN67VAP1DDK3" sending "SETTINGS" frame for stream ID 0 with length 0 and flags "ACK".
2024-08-29 12:49:04.918 +05:30  VRB  Connection id "0HN67VAP1DDK3" received "WINDOW_UPDATE" frame for stream ID 0 with length 4 and flags 0x0.
2024-08-29 12:49:04.920 +05:30  VRB  Connection id "0HN67VAP1DDK3" received "HEADERS" frame for stream ID 1 with length 411 and flags "END_HEADERS, PRIORITY".
2024-08-29 12:49:04.922 +05:30  VRB  Connection id "0HN67VAP1DDK3" received "DATA" frame for stream ID 1 with length 205 and flags "END_STREAM".
2024-08-29 12:49:04.923 +05:30  INF  Request starting HTTP/2 POST https://localhost:7113/api/Order/Place Order - application/json 205
2024-08-29 12:49:04.923 +05:30  VRB  Connection id "0HN67VAP1DDK3" received "SETTINGS" frame for stream ID 0 with length 0 and flags "ACK".
2024-08-29 12:49:04.926 +05:30  VRB  All hosts are allowed.
2024-08-29 12:49:04.939 +05:30  DBG  1 candidate(s) found for the request path '/api/Order/Place Order'
2024-08-29 12:49:04.940 +05:30  DBG  Endpoint 'Web.Ecommerce.Controllers.Customer.OrderController.PlaceOrder (Web.Ecommerce)' with route pattern 'api/Order/Place Order' is valid for the request path '/api/Order/Place Order'
2024-08-29 12:49:04.942 +05:30  DBG  Request matched endpoint 'Web.Ecommerce.Controllers.Customer.OrderController.PlaceOrder (Web.Ecommerce)'
2024-08-29 12:49:04.943 +05:30  VRB  The endpoint does not specify the IRequestSizeLimitMetadata.
2024-08-29 12:49:04.945 +05:30  DBG  Static files was skipped as the request already matched an endpoint.
2024-08-29 12:49:05.012 +05:30  DBG  AuthenticationScheme: Bearer was not authenticated.
2024-08-29 12:49:05.017 +05:30  DBG  AuthenticationScheme: Bearer was not authenticated.
2024-08-29 12:49:05.020 +05:30  INF  Executing endpoint 'Web.Ecommerce.Controllers.Customer.OrderController.PlaceOrder (Web.Ecommerce)'
2024-08-29 12:49:05.040 +05:30  INF  Route matched with {action = "PlaceOrder", controller = "Order"}. Executing controller action with signature System.Threading.Tasks.Task`1[Microsoft.AspNetCore.Mvc.IActionResult] PlaceOrder(Application.Ecom.OrderOperations.Commands.PlaceOrder.PlaceOrderCommand) on controller Web.Ecommerce.Controllers.Customer.OrderController (Web.Ecommerce).
2024-08-29 12:49:05.044 +05:30  DBG  Execution plan of authorization filters (in the following order): ["None"]
2024-08-29 12:49:05.045 +05:30  DBG  Execution plan of resource filters (in the following order): ["None"]
2024-08-29 12:49:05.047 +05:30  DBG  Execution plan of action filters (in the following order): ["Microsoft.AspNetCore.Mvc.ModelBinding.UnsupportedContentTypeFilter (Order: -3000)","Microsoft.AspNetCore.Mvc.Infrastructure.ModelStateInvalidFilter (Order: -2000)"]
2024-08-29 12:49:05.049 +05:30  DBG  Execution plan of exception filters (in the following order): ["None"]
2024-08-29 12:49:05.050 +05:30  DBG  Execution plan of result filters (in the following order): ["Microsoft.AspNetCore.Mvc.Infrastructure.ClientErrorResultFilter (Order: -2000)"]
2024-08-29 12:49:05.053 +05:30  DBG  Executing controller factory for controller Web.Ecommerce.Controllers.Customer.OrderController (Web.Ecommerce)
2024-08-29 12:49:05.055 +05:30  DBG  Executed controller factory for controller Web.Ecommerce.Controllers.Customer.OrderController (Web.Ecommerce)
2024-08-29 12:49:05.072 +05:30  DBG  Attempting to bind parameter 'command' of type 'Application.Ecom.OrderOperations.Commands.PlaceOrder.PlaceOrderCommand' ...
2024-08-29 12:49:05.076 +05:30  DBG  Attempting to bind parameter 'command' of type 'Application.Ecom.OrderOperations.Commands.PlaceOrder.PlaceOrderCommand' using the name '' in request data ...
2024-08-29 12:49:05.078 +05:30  DBG  Selected input formatter 'Microsoft.AspNetCore.Mvc.Formatters.SystemTextJsonInputFormatter' for content type 'application/json'.
2024-08-29 12:49:05.109 +05:30  DBG  Connection id "0HN67VAP1DDK3", Request id "0HN67VAP1DDK3:00000001": started reading request body.
2024-08-29 12:49:05.111 +05:30  DBG  Connection id "0HN67VAP1DDK3", Request id "0HN67VAP1DDK3:00000001": done reading request body.
2024-08-29 12:49:05.124 +05:30  DBG  JSON input formatter succeeded, deserializing to type 'Application.Ecom.OrderOperations.Commands.PlaceOrder.PlaceOrderCommand'
2024-08-29 12:49:05.126 +05:30  DBG  Done attempting to bind parameter 'command' of type 'Application.Ecom.OrderOperations.Commands.PlaceOrder.PlaceOrderCommand'.
2024-08-29 12:49:05.127 +05:30  DBG  Done attempting to bind parameter 'command' of type 'Application.Ecom.OrderOperations.Commands.PlaceOrder.PlaceOrderCommand'.
2024-08-29 12:49:05.128 +05:30  DBG  Attempting to validate the bound parameter 'command' of type 'Application.Ecom.OrderOperations.Commands.PlaceOrder.PlaceOrderCommand' ...
2024-08-29 12:49:05.188 +05:30  DBG  Done attempting to validate the bound parameter 'command' of type 'Application.Ecom.OrderOperations.Commands.PlaceOrder.PlaceOrderCommand'.
2024-08-29 12:49:05.192 +05:30  VRB  Action Filter: Before executing OnActionExecuting on filter Microsoft.AspNetCore.Mvc.ModelBinding.UnsupportedContentTypeFilter.
2024-08-29 12:49:05.193 +05:30  VRB  Action Filter: After executing OnActionExecuting on filter Microsoft.AspNetCore.Mvc.ModelBinding.UnsupportedContentTypeFilter.
2024-08-29 12:49:05.195 +05:30  VRB  Action Filter: Before executing OnActionExecuting on filter Microsoft.AspNetCore.Mvc.Infrastructure.ModelStateInvalidFilter.
2024-08-29 12:49:05.196 +05:30  VRB  Action Filter: After executing OnActionExecuting on filter Microsoft.AspNetCore.Mvc.Infrastructure.ModelStateInvalidFilter.
2024-08-29 12:49:05.201 +05:30  INF  Executing action method Web.Ecommerce.Controllers.Customer.OrderController.PlaceOrder (Web.Ecommerce) - Validation state: "Valid"
2024-08-29 12:49:05.203 +05:30  VRB  Executing action method Web.Ecommerce.Controllers.Customer.OrderController.PlaceOrder (Web.Ecommerce) with arguments (["Application.Ecom.OrderOperations.Commands.PlaceOrder.PlaceOrderCommand"])
2024-08-29 12:49:05.253 +05:30  DBG  Entity Framework Core 8.0.8 initialized 'EcommerceDbContext' using provider 'Microsoft.EntityFrameworkCore.SqlServer:8.0.8' with options: None
2024-08-29 12:49:05.267 +05:30  DBG  Compiling query expression: 
'DbSet<Product>()
    .FirstOrDefault(e => object.Equals(
        objA: EF.Property<object>(e, "ProductId"), 
        objB: __get_Item_0))'
2024-08-29 12:49:05.304 +05:30  DBG  Generated query execution expression: 
'queryContext => ShapedQueryCompilingExpressionVisitor.SingleOrDefaultAsync<Product>(
    asyncEnumerable: new SingleQueryingEnumerable<Product>(
        (RelationalQueryContext)queryContext, 
        RelationalCommandCache.QueryExpression(
            Projection Mapping:
                EmptyProjectionMember -> Dictionary<IProperty, int> { [Property: Product.ProductId (Guid) Required PK AfterSave:Throw ValueGenerated.OnAdd, 0], [Property: Product.Category (string) Required MaxLength(20), 1], [Property: Product.CreatedAt (DateTime) Required, 2], [Property: Product.Description (string) Required MaxLength(500), 3], [Property: Product.IsDeleted (bool) Required, 4], [Property: Product.Name (string) Required MaxLength(100), 5], [Property: Product.Price (decimal) Required, 6], [Property: Product.Quantity (int) Required, 7], [Property: Product.SellerId (Guid) Required FK Index, 8], [Property: Product.UpdatedAt (DateTime) Required, 9], [Property: Product.UserId (no field, Guid?) Shadow FK Index, 10] }
            SELECT TOP(1) p.ProductId, p.Category, p.CreatedAt, p.Description, p.IsDeleted, p.Name, p.Price, p.Quantity, p.SellerId, p.UpdatedAt, p.UserId
            FROM Products AS p
            WHERE p.ProductId == @__get_Item_0), 
        null, 
        Func<QueryContext, DbDataReader, ResultContext, SingleQueryResultCoordinator, Product>, 
        Persistance.EcommerceDbContext, 
        False, 
        False, 
        True
    ), 
    cancellationToken: queryContext.CancellationToken)'
2024-08-29 12:49:05.310 +05:30  DBG  Creating DbConnection.
2024-08-29 12:49:05.312 +05:30  DBG  Created DbConnection. (1ms).
2024-08-29 12:49:05.313 +05:30  DBG  Opening connection to database 'Ecommerce' on server 'FGS-DSK-230\MSSQLSERVER2019'.
2024-08-29 12:49:05.314 +05:30  DBG  Opened connection to database 'Ecommerce' on server 'FGS-DSK-230\MSSQLSERVER2019'.
2024-08-29 12:49:05.316 +05:30  DBG  Creating DbCommand for 'ExecuteReader'.
2024-08-29 12:49:05.317 +05:30  DBG  Created DbCommand for 'ExecuteReader' (0ms).
2024-08-29 12:49:05.318 +05:30  DBG  Initialized DbCommand for 'ExecuteReader' (2ms).
2024-08-29 12:49:05.320 +05:30  DBG  Executing DbCommand [Parameters=[@__get_Item_0='?' (DbType = Guid)], CommandType='"Text"', CommandTimeout='30']
SELECT TOP(1) [p].[ProductId], [p].[Category], [p].[CreatedAt], [p].[Description], [p].[IsDeleted], [p].[Name], [p].[Price], [p].[Quantity], [p].[SellerId], [p].[UpdatedAt], [p].[UserId]
FROM [Products] AS [p]
WHERE [p].[ProductId] = @__get_Item_0
2024-08-29 12:49:05.324 +05:30  INF  Executed DbCommand (4ms) [Parameters=[@__get_Item_0='?' (DbType = Guid)], CommandType='"Text"', CommandTimeout='30']
SELECT TOP(1) [p].[ProductId], [p].[Category], [p].[CreatedAt], [p].[Description], [p].[IsDeleted], [p].[Name], [p].[Price], [p].[Quantity], [p].[SellerId], [p].[UpdatedAt], [p].[UserId]
FROM [Products] AS [p]
WHERE [p].[ProductId] = @__get_Item_0
2024-08-29 12:49:05.338 +05:30  DBG  Context 'EcommerceDbContext' started tracking 'Product' entity. Consider using 'DbContextOptionsBuilder.EnableSensitiveDataLogging' to see key values.
2024-08-29 12:49:05.357 +05:30  DBG  Closing data reader to 'Ecommerce' on server 'FGS-DSK-230\MSSQLSERVER2019'.
2024-08-29 12:49:05.359 +05:30  DBG  A data reader for 'Ecommerce' on server 'FGS-DSK-230\MSSQLSERVER2019' is being disposed after spending 32ms reading results.
2024-08-29 12:49:05.360 +05:30  DBG  Closing connection to database 'Ecommerce' on server 'FGS-DSK-230\MSSQLSERVER2019'.
2024-08-29 12:49:05.361 +05:30  DBG  Closed connection to database 'Ecommerce' on server 'FGS-DSK-230\MSSQLSERVER2019' (0ms).
2024-08-29 12:49:05.406 +05:30  DBG  Context 'EcommerceDbContext' started tracking 'Order' entity. Consider using 'DbContextOptionsBuilder.EnableSensitiveDataLogging' to see key values.
2024-08-29 12:49:05.427 +05:30  DBG  The navigation 'OrderItem.Order' was detected as changed. Consider using 'DbContextOptionsBuilder.EnableSensitiveDataLogging' to see key values.
2024-08-29 12:49:05.440 +05:30  DBG  The navigation 'OrderItem.Product' was detected as changed. Consider using 'DbContextOptionsBuilder.EnableSensitiveDataLogging' to see key values.
2024-08-29 12:49:05.444 +05:30  DBG  Context 'EcommerceDbContext' started tracking 'OrderItem' entity. Consider using 'DbContextOptionsBuilder.EnableSensitiveDataLogging' to see key values.
2024-08-29 12:49:05.454 +05:30  DBG  Creating DbCommand for 'ExecuteNonQuery'.
2024-08-29 12:49:05.456 +05:30  DBG  Created DbCommand for 'ExecuteNonQuery' (2ms).
2024-08-29 12:49:05.458 +05:30  DBG  Initialized DbCommand for 'ExecuteNonQuery' (4ms).
2024-08-29 12:49:05.459 +05:30  DBG  Opening connection to database 'Ecommerce' on server 'FGS-DSK-230\MSSQLSERVER2019'.
2024-08-29 12:49:05.460 +05:30  DBG  Opened connection to database 'Ecommerce' on server 'FGS-DSK-230\MSSQLSERVER2019'.
2024-08-29 12:49:05.461 +05:30  DBG  Executing DbCommand [Parameters=[@ProductId='?' (DbType = Guid), @Quantity='?' (DbType = Int32)], CommandType='"Text"', CommandTimeout='30']
EXEC ReduceProductQuantity @ProductId, @Quantity
2024-08-29 12:49:05.482 +05:30  INF  Executed DbCommand (20ms) [Parameters=[@ProductId='?' (DbType = Guid), @Quantity='?' (DbType = Int32)], CommandType='"Text"', CommandTimeout='30']
EXEC ReduceProductQuantity @ProductId, @Quantity
2024-08-29 12:49:05.486 +05:30  DBG  Closing connection to database 'Ecommerce' on server 'FGS-DSK-230\MSSQLSERVER2019'.
2024-08-29 12:49:05.487 +05:30  DBG  Closed connection to database 'Ecommerce' on server 'FGS-DSK-230\MSSQLSERVER2019' (1ms).
2024-08-29 12:49:05.492 +05:30  DBG  SaveChanges starting for 'EcommerceDbContext'.
2024-08-29 12:49:05.494 +05:30  DBG  DetectChanges starting for 'EcommerceDbContext'.
2024-08-29 12:49:05.525 +05:30  DBG  DetectChanges completed for 'EcommerceDbContext'.
2024-08-29 12:49:05.583 +05:30  DBG  Executing 2 update commands as a batch.
2024-08-29 12:49:05.587 +05:30  DBG  Opening connection to database 'Ecommerce' on server 'FGS-DSK-230\MSSQLSERVER2019'.
2024-08-29 12:49:05.588 +05:30  DBG  Opened connection to database 'Ecommerce' on server 'FGS-DSK-230\MSSQLSERVER2019'.
2024-08-29 12:49:05.591 +05:30  DBG  Beginning transaction with isolation level 'Unspecified'.
2024-08-29 12:49:05.596 +05:30  DBG  Began transaction with isolation level 'ReadCommitted'.
2024-08-29 12:49:05.601 +05:30  DBG  Creating DbCommand for 'ExecuteReader'.
2024-08-29 12:49:05.603 +05:30  DBG  Created DbCommand for 'ExecuteReader' (1ms).
2024-08-29 12:49:05.606 +05:30  DBG  Initialized DbCommand for 'ExecuteReader' (4ms).
2024-08-29 12:49:05.607 +05:30  DBG  Executing DbCommand [Parameters=[@p0='?' (DbType = Guid), @p1='?' (DbType = DateTime2), @p2='?' (DbType = Guid), @p3='?' (DbType = Date), @p4='?' (DbType = Boolean), @p5='?' (DbType = Boolean), @p6='?' (DbType = Boolean), @p7='?' (DbType = DateTime2), @p8='?' (Size = 50), @p9='?' (DbType = Guid), @p10='?' (DbType = Guid), @p11='?' (Size = 4000), @p12='?' (Precision = 18) (Scale = 2) (DbType = Decimal), @p13='?' (DbType = DateTime2), @p14='?' (DbType = Guid), @p15='?' (DbType = DateTime2), @p16='?' (DbType = Guid), @p17='?' (DbType = Guid), @p18='?' (DbType = Int32), @p19='?' (Precision = 8) (Scale = 2) (DbType = Decimal), @p20='?' (DbType = DateTime2)], CommandType='"Text"', CommandTimeout='30']
SET NOCOUNT ON;
INSERT INTO [Orders] ([OrderId], [CreatedAt], [CustomerId], [DeliveryDate], [IsCancelled], [IsDelivered], [IsPaid], [OrderDate], [OrderStatus], [PaymentId], [ReturnId], [ShippingAddress], [TotalAmount], [UpdatedAt])
VALUES (@p0, @p1, @p2, @p3, @p4, @p5, @p6, @p7, @p8, @p9, @p10, @p11, @p12, @p13);
INSERT INTO [OrderItems] ([OrderItemId], [CreatedAt], [OrderId], [ProductId], [Quantity], [UnitPrice], [UpdatedAt])
VALUES (@p14, @p15, @p16, @p17, @p18, @p19, @p20);
2024-08-29 12:49:05.618 +05:30  INF  Executed DbCommand (11ms) [Parameters=[@p0='?' (DbType = Guid), @p1='?' (DbType = DateTime2), @p2='?' (DbType = Guid), @p3='?' (DbType = Date), @p4='?' (DbType = Boolean), @p5='?' (DbType = Boolean), @p6='?' (DbType = Boolean), @p7='?' (DbType = DateTime2), @p8='?' (Size = 50), @p9='?' (DbType = Guid), @p10='?' (DbType = Guid), @p11='?' (Size = 4000), @p12='?' (Precision = 18) (Scale = 2) (DbType = Decimal), @p13='?' (DbType = DateTime2), @p14='?' (DbType = Guid), @p15='?' (DbType = DateTime2), @p16='?' (DbType = Guid), @p17='?' (DbType = Guid), @p18='?' (DbType = Int32), @p19='?' (Precision = 8) (Scale = 2) (DbType = Decimal), @p20='?' (DbType = DateTime2)], CommandType='"Text"', CommandTimeout='30']
SET NOCOUNT ON;
INSERT INTO [Orders] ([OrderId], [CreatedAt], [CustomerId], [DeliveryDate], [IsCancelled], [IsDelivered], [IsPaid], [OrderDate], [OrderStatus], [PaymentId], [ReturnId], [ShippingAddress], [TotalAmount], [UpdatedAt])
VALUES (@p0, @p1, @p2, @p3, @p4, @p5, @p6, @p7, @p8, @p9, @p10, @p11, @p12, @p13);
INSERT INTO [OrderItems] ([OrderItemId], [CreatedAt], [OrderId], [ProductId], [Quantity], [UnitPrice], [UpdatedAt])
VALUES (@p14, @p15, @p16, @p17, @p18, @p19, @p20);
2024-08-29 12:49:05.623 +05:30  DBG  Closing data reader to 'Ecommerce' on server 'FGS-DSK-230\MSSQLSERVER2019'.
2024-08-29 12:49:05.624 +05:30  DBG  A data reader for 'Ecommerce' on server 'FGS-DSK-230\MSSQLSERVER2019' is being disposed after spending 3ms reading results.
2024-08-29 12:49:05.627 +05:30  DBG  Committing transaction.
2024-08-29 12:49:05.632 +05:30  DBG  Committed transaction.
2024-08-29 12:49:05.634 +05:30  DBG  Closing connection to database 'Ecommerce' on server 'FGS-DSK-230\MSSQLSERVER2019'.
2024-08-29 12:49:05.636 +05:30  DBG  Closed connection to database 'Ecommerce' on server 'FGS-DSK-230\MSSQLSERVER2019' (1ms).
2024-08-29 12:49:05.638 +05:30  DBG  Disposing transaction.
2024-08-29 12:49:05.644 +05:30  DBG  An entity of type 'Order' tracked by 'EcommerceDbContext' changed state from '"Added"' to '"Unchanged"'. Consider using 'DbContextOptionsBuilder.EnableSensitiveDataLogging' to see key values.
2024-08-29 12:49:05.647 +05:30  DBG  An entity of type 'OrderItem' tracked by 'EcommerceDbContext' changed state from '"Added"' to '"Unchanged"'. Consider using 'DbContextOptionsBuilder.EnableSensitiveDataLogging' to see key values.
2024-08-29 12:49:05.650 +05:30  DBG  SaveChanges completed for 'EcommerceDbContext' with 2 entities written to the database.
2024-08-29 12:49:05.655 +05:30  INF  Executed action method Web.Ecommerce.Controllers.Customer.OrderController.PlaceOrder (Web.Ecommerce), returned result Microsoft.AspNetCore.Mvc.OkObjectResult in 449.1922ms.
2024-08-29 12:49:05.658 +05:30  VRB  Action Filter: Before executing OnActionExecuted on filter Microsoft.AspNetCore.Mvc.Infrastructure.ModelStateInvalidFilter.
2024-08-29 12:49:05.659 +05:30  VRB  Action Filter: After executing OnActionExecuted on filter Microsoft.AspNetCore.Mvc.Infrastructure.ModelStateInvalidFilter.
2024-08-29 12:49:05.661 +05:30  VRB  Action Filter: Before executing OnActionExecuted on filter Microsoft.AspNetCore.Mvc.ModelBinding.UnsupportedContentTypeFilter.
2024-08-29 12:49:05.662 +05:30  VRB  Action Filter: After executing OnActionExecuted on filter Microsoft.AspNetCore.Mvc.ModelBinding.UnsupportedContentTypeFilter.
2024-08-29 12:49:05.664 +05:30  VRB  Result Filter: Before executing OnResultExecuting on filter Microsoft.AspNetCore.Mvc.Infrastructure.ClientErrorResultFilter.
2024-08-29 12:49:05.665 +05:30  VRB  Result Filter: After executing OnResultExecuting on filter Microsoft.AspNetCore.Mvc.Infrastructure.ClientErrorResultFilter.
2024-08-29 12:49:05.667 +05:30  VRB  Before executing action result Microsoft.AspNetCore.Mvc.OkObjectResult.
2024-08-29 12:49:05.669 +05:30  DBG  List of registered output formatters, in the following order: ["Microsoft.AspNetCore.Mvc.Formatters.HttpNoContentOutputFormatter","Microsoft.AspNetCore.Mvc.Formatters.StringOutputFormatter","Microsoft.AspNetCore.Mvc.Formatters.StreamOutputFormatter","Microsoft.AspNetCore.Mvc.Formatters.SystemTextJsonOutputFormatter"]
2024-08-29 12:49:05.671 +05:30  DBG  No information found on request to perform content negotiation.
2024-08-29 12:49:05.672 +05:30  DBG  Attempting to select an output formatter without using a content type as no explicit content types were specified for the response.
2024-08-29 12:49:05.672 +05:30  DBG  Attempting to select the first formatter in the output formatters list which can write the result.
2024-08-29 12:49:05.674 +05:30  DBG  Selected output formatter 'Microsoft.AspNetCore.Mvc.Formatters.SystemTextJsonOutputFormatter' and content type 'application/json' to write the response.
2024-08-29 12:49:05.675 +05:30  INF  Executing OkObjectResult, writing value of type 'Application.Ecom.OrderOperations.Commands.PlaceOrder.PlaceOrderCommandResponse'.
2024-08-29 12:49:05.687 +05:30  VRB  Connection id "0HN67VAP1DDK3" sending "HEADERS" frame for stream ID 1 with length 74 and flags "END_HEADERS".
2024-08-29 12:49:05.687 +05:30  VRB  After executing action result Microsoft.AspNetCore.Mvc.OkObjectResult.
2024-08-29 12:49:05.689 +05:30  VRB  Connection id "0HN67VAP1DDK3" sending "DATA" frame for stream ID 1 with length 139 and flags "NONE".
2024-08-29 12:49:05.691 +05:30  VRB  Result Filter: Before executing OnResultExecuted on filter Microsoft.AspNetCore.Mvc.Infrastructure.ClientErrorResultFilter.
2024-08-29 12:49:05.694 +05:30  VRB  Result Filter: After executing OnResultExecuted on filter Microsoft.AspNetCore.Mvc.Infrastructure.ClientErrorResultFilter.
2024-08-29 12:49:05.698 +05:30  INF  Executed action Web.Ecommerce.Controllers.Customer.OrderController.PlaceOrder (Web.Ecommerce) in 644.294ms
2024-08-29 12:49:05.700 +05:30  INF  Executed endpoint 'Web.Ecommerce.Controllers.Customer.OrderController.PlaceOrder (Web.Ecommerce)'
2024-08-29 12:49:05.702 +05:30  VRB  Connection id "0HN67VAP1DDK3" sending "DATA" frame for stream ID 1 with length 0 and flags "END_STREAM".
2024-08-29 12:49:05.702 +05:30  DBG  'EcommerceDbContext' disposed.
2024-08-29 12:49:05.706 +05:30  DBG  Disposing connection to database 'Ecommerce' on server 'FGS-DSK-230\MSSQLSERVER2019'.
2024-08-29 12:49:05.709 +05:30  DBG  Disposed connection to database '' on server '' (2ms).
2024-08-29 12:49:05.710 +05:30  INF  Request finished HTTP/2 POST https://localhost:7113/api/Order/Place Order - 200 null application/json; charset=utf-8 788.0334ms
2024-08-29 12:49:08.438 +05:30  DBG  Connection id "0HN67VAP1DDK3" received FIN.
2024-08-29 12:49:08.440 +05:30  DBG  Connection id "0HN67VAP1DDK3" is closed. The last processed stream ID was 1.
2024-08-29 12:49:08.440 +05:30  DBG  The connection queue processing loop for 0HN67VAP1DDK3 completed.
2024-08-29 12:49:08.441 +05:30  DBG  Connection id "0HN67VAP1DDK3" sending FIN because: "The Socket transport's send loop completed gracefully."
2024-08-29 12:49:08.453 +05:30  DBG  Connection id "0HN67VAP1DDK3" stopped.
2024-08-29 14:04:42.589 +05:30  DBG  Registered model binder providers, in the following order: ["Microsoft.AspNetCore.Mvc.ModelBinding.Binders.BinderTypeModelBinderProvider","Microsoft.AspNetCore.Mvc.ModelBinding.Binders.ServicesModelBinderProvider","Microsoft.AspNetCore.Mvc.ModelBinding.Binders.BodyModelBinderProvider","Microsoft.AspNetCore.Mvc.ModelBinding.Binders.HeaderModelBinderProvider","Microsoft.AspNetCore.Mvc.ModelBinding.Binders.FloatingPointTypeModelBinderProvider","Microsoft.AspNetCore.Mvc.ModelBinding.Binders.EnumTypeModelBinderProvider","Microsoft.AspNetCore.Mvc.ModelBinding.Binders.DateTimeModelBinderProvider","Microsoft.AspNetCore.Mvc.ModelBinding.Binders.SimpleTypeModelBinderProvider","Microsoft.AspNetCore.Mvc.ModelBinding.Binders.TryParseModelBinderProvider","Microsoft.AspNetCore.Mvc.ModelBinding.Binders.CancellationTokenModelBinderProvider","Microsoft.AspNetCore.Mvc.ModelBinding.Binders.ByteArrayModelBinderProvider","Microsoft.AspNetCore.Mvc.ModelBinding.Binders.FormFileModelBinderProvider","Microsoft.AspNetCore.Mvc.ModelBinding.Binders.FormCollectionModelBinderProvider","Microsoft.AspNetCore.Mvc.ModelBinding.Binders.KeyValuePairModelBinderProvider","Microsoft.AspNetCore.Mvc.ModelBinding.Binders.DictionaryModelBinderProvider","Microsoft.AspNetCore.Mvc.ModelBinding.Binders.ArrayModelBinderProvider","Microsoft.AspNetCore.Mvc.ModelBinding.Binders.CollectionModelBinderProvider","Microsoft.AspNetCore.Mvc.ModelBinding.Binders.ComplexObjectModelBinderProvider"]
2024-08-29 14:04:42.873 +05:30  DBG  An 'IServiceProvider' was created for internal use by Entity Framework.
2024-08-29 14:04:43.014 +05:30  INF  User profile is available. Using 'C:\Users\arjun.hariprasad\AppData\Local\ASP.NET\DataProtection-Keys' as key repository and Windows DPAPI to encrypt keys at rest.
2024-08-29 14:04:43.383 +05:30  WRN  Navigations 'Order.Payments' and 'Payment.Order' were separated into two relationships since the [ForeignKey] attribute was specified on navigations on both sides.
2024-08-29 14:04:43.388 +05:30  WRN  Navigations 'Order.Return' and 'Return.Order' were separated into two relationships since the [ForeignKey] attribute was specified on navigations on both sides.
2024-08-29 14:04:43.393 +05:30  WRN  Navigations 'Payment.Return' and 'Return.Payment' were separated into two relationships since the [ForeignKey] attribute was specified on navigations on both sides.
2024-08-29 14:04:43.468 +05:30  WRN  Navigations 'Order.Payments' and 'Payment.Order' were separated into two relationships since the [ForeignKey] attribute was specified on navigations on both sides.
2024-08-29 14:04:43.471 +05:30  WRN  Navigations 'Payment.Order' and 'Order.Payments' were separated into two relationships since the [ForeignKey] attribute was specified on navigations on both sides.
2024-08-29 14:04:43.472 +05:30  WRN  Navigations 'Payment.Order' and 'Order.Payments' were separated into two relationships since the [ForeignKey] attribute was specified on navigations on both sides.
2024-08-29 14:04:43.474 +05:30  WRN  Navigations 'Payment.Order' and 'Order.Payments' were separated into two relationships since the [ForeignKey] attribute was specified on navigations on both sides.
2024-08-29 14:04:43.476 +05:30  WRN  Navigations 'Order.Return' and 'Return.Order' were separated into two relationships since the [ForeignKey] attribute was specified on navigations on both sides.
2024-08-29 14:04:43.478 +05:30  WRN  Navigations 'Return.Order' and 'Order.Return' were separated into two relationships since the [ForeignKey] attribute was specified on navigations on both sides.
2024-08-29 14:04:43.479 +05:30  WRN  Navigations 'Return.Order' and 'Order.Return' were separated into two relationships since the [ForeignKey] attribute was specified on navigations on both sides.
2024-08-29 14:04:43.481 +05:30  WRN  Navigations 'Return.Order' and 'Order.Return' were separated into two relationships since the [ForeignKey] attribute was specified on navigations on both sides.
2024-08-29 14:04:43.498 +05:30  DBG  The index {'UserId'} was not created on entity type 'IdentityUserRole<Guid>' as the properties are already covered by the index {'UserId', 'RoleId'}.
2024-08-29 14:04:43.500 +05:30  DBG  The index {'UserId'} was not created on entity type 'IdentityUserToken<Guid>' as the properties are already covered by the index {'UserId', 'LoginProvider', 'Name'}.
2024-08-29 14:04:43.630 +05:30  DBG  The property 'Product.UserId' was created in shadow state because there are no eligible CLR members with a matching name.
2024-08-29 14:04:43.773 +05:30  DBG  Entity Framework Core 8.0.8 initialized 'EcommerceDbContext' using provider 'Microsoft.EntityFrameworkCore.SqlServer:8.0.8' with options: None
2024-08-29 14:04:43.876 +05:30  DBG  Compiling query expression: 
'DbSet<IdentityRole<Guid>>()
    .FirstOrDefault(r => r.NormalizedName == __normalizedName_0)'
2024-08-29 14:04:44.020 +05:30  DBG  Generated query execution expression: 
'queryContext => ShapedQueryCompilingExpressionVisitor.SingleOrDefaultAsync<IdentityRole<Guid>>(
    asyncEnumerable: new SingleQueryingEnumerable<IdentityRole<Guid>>(
        (RelationalQueryContext)queryContext, 
        RelationalCommandCache.QueryExpression(
            Projection Mapping:
                EmptyProjectionMember -> Dictionary<IProperty, int> { [Property: IdentityRole<Guid>.Id (Guid) Required PK AfterSave:Throw ValueGenerated.OnAdd, 0], [Property: IdentityRole<Guid>.ConcurrencyStamp (string) Concurrency, 1], [Property: IdentityRole<Guid>.Name (string) MaxLength(256), 2], [Property: IdentityRole<Guid>.NormalizedName (string) Index MaxLength(256), 3] }
            SELECT TOP(1) a.Id, a.ConcurrencyStamp, a.Name, a.NormalizedName
            FROM AspNetRoles AS a
            WHERE a.NormalizedName == @__normalizedName_0), 
        null, 
        Func<QueryContext, DbDataReader, ResultContext, SingleQueryResultCoordinator, IdentityRole<Guid>>, 
        Persistance.EcommerceDbContext, 
        False, 
        False, 
        True
    ), 
    cancellationToken: queryContext.CancellationToken)'
2024-08-29 14:04:44.060 +05:30  DBG  Creating DbConnection.
2024-08-29 14:04:44.090 +05:30  DBG  Created DbConnection. (31ms).
2024-08-29 14:04:44.095 +05:30  DBG  Opening connection to database 'Ecommerce' on server 'FGS-DSK-230\MSSQLSERVER2019'.
2024-08-29 14:04:44.375 +05:30  DBG  Opened connection to database 'Ecommerce' on server 'FGS-DSK-230\MSSQLSERVER2019'.
2024-08-29 14:04:44.379 +05:30  DBG  Creating DbCommand for 'ExecuteReader'.
2024-08-29 14:04:44.385 +05:30  DBG  Created DbCommand for 'ExecuteReader' (3ms).
2024-08-29 14:04:44.393 +05:30  DBG  Initialized DbCommand for 'ExecuteReader' (14ms).
2024-08-29 14:04:44.400 +05:30  DBG  Executing DbCommand [Parameters=[@__normalizedName_0='?' (Size = 256)], CommandType='"Text"', CommandTimeout='30']
SELECT TOP(1) [a].[Id], [a].[ConcurrencyStamp], [a].[Name], [a].[NormalizedName]
FROM [AspNetRoles] AS [a]
WHERE [a].[NormalizedName] = @__normalizedName_0
2024-08-29 14:04:44.451 +05:30  INF  Executed DbCommand (49ms) [Parameters=[@__normalizedName_0='?' (Size = 256)], CommandType='"Text"', CommandTimeout='30']
SELECT TOP(1) [a].[Id], [a].[ConcurrencyStamp], [a].[Name], [a].[NormalizedName]
FROM [AspNetRoles] AS [a]
WHERE [a].[NormalizedName] = @__normalizedName_0
2024-08-29 14:04:44.499 +05:30  DBG  Context 'EcommerceDbContext' started tracking 'IdentityRole' entity. Consider using 'DbContextOptionsBuilder.EnableSensitiveDataLogging' to see key values.
2024-08-29 14:04:44.516 +05:30  DBG  Closing data reader to 'Ecommerce' on server 'FGS-DSK-230\MSSQLSERVER2019'.
2024-08-29 14:04:44.524 +05:30  DBG  A data reader for 'Ecommerce' on server 'FGS-DSK-230\MSSQLSERVER2019' is being disposed after spending 62ms reading results.
2024-08-29 14:04:44.528 +05:30  DBG  Closing connection to database 'Ecommerce' on server 'FGS-DSK-230\MSSQLSERVER2019'.
2024-08-29 14:04:44.533 +05:30  DBG  Closed connection to database 'Ecommerce' on server 'FGS-DSK-230\MSSQLSERVER2019' (4ms).
2024-08-29 14:04:44.538 +05:30  DBG  Opening connection to database 'Ecommerce' on server 'FGS-DSK-230\MSSQLSERVER2019'.
2024-08-29 14:04:44.539 +05:30  DBG  Opened connection to database 'Ecommerce' on server 'FGS-DSK-230\MSSQLSERVER2019'.
2024-08-29 14:04:44.541 +05:30  DBG  Creating DbCommand for 'ExecuteReader'.
2024-08-29 14:04:44.542 +05:30  DBG  Created DbCommand for 'ExecuteReader' (0ms).
2024-08-29 14:04:44.543 +05:30  DBG  Initialized DbCommand for 'ExecuteReader' (2ms).
2024-08-29 14:04:44.544 +05:30  DBG  Executing DbCommand [Parameters=[@__normalizedName_0='?' (Size = 256)], CommandType='"Text"', CommandTimeout='30']
SELECT TOP(1) [a].[Id], [a].[ConcurrencyStamp], [a].[Name], [a].[NormalizedName]
FROM [AspNetRoles] AS [a]
WHERE [a].[NormalizedName] = @__normalizedName_0
2024-08-29 14:04:44.548 +05:30  INF  Executed DbCommand (4ms) [Parameters=[@__normalizedName_0='?' (Size = 256)], CommandType='"Text"', CommandTimeout='30']
SELECT TOP(1) [a].[Id], [a].[ConcurrencyStamp], [a].[Name], [a].[NormalizedName]
FROM [AspNetRoles] AS [a]
WHERE [a].[NormalizedName] = @__normalizedName_0
2024-08-29 14:04:44.551 +05:30  DBG  Context 'EcommerceDbContext' started tracking 'IdentityRole' entity. Consider using 'DbContextOptionsBuilder.EnableSensitiveDataLogging' to see key values.
2024-08-29 14:04:44.552 +05:30  DBG  Closing data reader to 'Ecommerce' on server 'FGS-DSK-230\MSSQLSERVER2019'.
2024-08-29 14:04:44.553 +05:30  DBG  A data reader for 'Ecommerce' on server 'FGS-DSK-230\MSSQLSERVER2019' is being disposed after spending 2ms reading results.
2024-08-29 14:04:44.554 +05:30  DBG  Closing connection to database 'Ecommerce' on server 'FGS-DSK-230\MSSQLSERVER2019'.
2024-08-29 14:04:44.555 +05:30  DBG  Closed connection to database 'Ecommerce' on server 'FGS-DSK-230\MSSQLSERVER2019' (0ms).
2024-08-29 14:04:44.557 +05:30  DBG  Opening connection to database 'Ecommerce' on server 'FGS-DSK-230\MSSQLSERVER2019'.
2024-08-29 14:04:44.558 +05:30  DBG  Opened connection to database 'Ecommerce' on server 'FGS-DSK-230\MSSQLSERVER2019'.
2024-08-29 14:04:44.558 +05:30  DBG  Creating DbCommand for 'ExecuteReader'.
2024-08-29 14:04:44.559 +05:30  DBG  Created DbCommand for 'ExecuteReader' (0ms).
2024-08-29 14:04:44.560 +05:30  DBG  Initialized DbCommand for 'ExecuteReader' (1ms).
2024-08-29 14:04:44.561 +05:30  DBG  Executing DbCommand [Parameters=[@__normalizedName_0='?' (Size = 256)], CommandType='"Text"', CommandTimeout='30']
SELECT TOP(1) [a].[Id], [a].[ConcurrencyStamp], [a].[Name], [a].[NormalizedName]
FROM [AspNetRoles] AS [a]
WHERE [a].[NormalizedName] = @__normalizedName_0
2024-08-29 14:04:44.563 +05:30  INF  Executed DbCommand (2ms) [Parameters=[@__normalizedName_0='?' (Size = 256)], CommandType='"Text"', CommandTimeout='30']
SELECT TOP(1) [a].[Id], [a].[ConcurrencyStamp], [a].[Name], [a].[NormalizedName]
FROM [AspNetRoles] AS [a]
WHERE [a].[NormalizedName] = @__normalizedName_0
2024-08-29 14:04:44.565 +05:30  DBG  Context 'EcommerceDbContext' started tracking 'IdentityRole' entity. Consider using 'DbContextOptionsBuilder.EnableSensitiveDataLogging' to see key values.
2024-08-29 14:04:44.566 +05:30  DBG  Closing data reader to 'Ecommerce' on server 'FGS-DSK-230\MSSQLSERVER2019'.
2024-08-29 14:04:44.567 +05:30  DBG  A data reader for 'Ecommerce' on server 'FGS-DSK-230\MSSQLSERVER2019' is being disposed after spending 1ms reading results.
2024-08-29 14:04:44.568 +05:30  DBG  Closing connection to database 'Ecommerce' on server 'FGS-DSK-230\MSSQLSERVER2019'.
2024-08-29 14:04:44.569 +05:30  DBG  Closed connection to database 'Ecommerce' on server 'FGS-DSK-230\MSSQLSERVER2019' (0ms).
2024-08-29 14:04:44.575 +05:30  DBG  Compiling query expression: 
'DbSet<User>()
    .SingleOrDefault(u => u.NormalizedEmail == __normalizedEmail_0)'
2024-08-29 14:04:44.583 +05:30  DBG  Generated query execution expression: 
'queryContext => ShapedQueryCompilingExpressionVisitor.SingleOrDefaultAsync<User>(
    asyncEnumerable: new SingleQueryingEnumerable<User>(
        (RelationalQueryContext)queryContext, 
        RelationalCommandCache.QueryExpression(
            Projection Mapping:
                EmptyProjectionMember -> Dictionary<IProperty, int> { [Property: User.Id (Guid) Required PK AfterSave:Throw ValueGenerated.OnAdd, 0], [Property: User.AccessFailedCount (int) Required, 1], [Property: User.ConcurrencyStamp (string) Concurrency, 2], [Property: User.CreatedAt (DateTime) Required, 3], [Property: User.Email (string) MaxLength(256), 4], [Property: User.EmailConfirmed (bool) Required, 5], [Property: User.IsDeleted (bool) Required, 6], [Property: User.IsVerified (bool) Required, 7], [Property: User.LockoutEnabled (bool) Required, 8], [Property: User.LockoutEnd (DateTimeOffset?), 9], [Property: User.NormalizedEmail (string) Index MaxLength(256), 10], [Property: User.NormalizedUserName (string) Index MaxLength(256), 11], [Property: User.PasswordHash (string), 12], [Property: User.PhoneNumber (string), 13], [Property: User.PhoneNumberConfirmed (bool) Required, 14], [Property: User.SecurityStamp (string), 15], [Property: User.TwoFactorEnabled (bool) Required, 16], [Property: User.UpdatedAt (DateTime) Required, 17], [Property: User.UserName (string) MaxLength(256), 18] }
            SELECT TOP(2) a.Id, a.AccessFailedCount, a.ConcurrencyStamp, a.CreatedAt, a.Email, a.EmailConfirmed, a.IsDeleted, a.IsVerified, a.LockoutEnabled, a.LockoutEnd, a.NormalizedEmail, a.NormalizedUserName, a.PasswordHash, a.PhoneNumber, a.PhoneNumberConfirmed, a.SecurityStamp, a.TwoFactorEnabled, a.UpdatedAt, a.UserName
            FROM AspNetUsers AS a
            WHERE a.NormalizedEmail == @__normalizedEmail_0), 
        null, 
        Func<QueryContext, DbDataReader, ResultContext, SingleQueryResultCoordinator, User>, 
        Persistance.EcommerceDbContext, 
        False, 
        False, 
        True
    ), 
    cancellationToken: queryContext.CancellationToken)'
2024-08-29 14:04:44.588 +05:30  DBG  Opening connection to database 'Ecommerce' on server 'FGS-DSK-230\MSSQLSERVER2019'.
2024-08-29 14:04:44.589 +05:30  DBG  Opened connection to database 'Ecommerce' on server 'FGS-DSK-230\MSSQLSERVER2019'.
2024-08-29 14:04:44.591 +05:30  DBG  Creating DbCommand for 'ExecuteReader'.
2024-08-29 14:04:44.591 +05:30  DBG  Created DbCommand for 'ExecuteReader' (0ms).
2024-08-29 14:04:44.592 +05:30  DBG  Initialized DbCommand for 'ExecuteReader' (1ms).
2024-08-29 14:04:44.593 +05:30  DBG  Executing DbCommand [Parameters=[@__normalizedEmail_0='?' (Size = 256)], CommandType='"Text"', CommandTimeout='30']
SELECT TOP(2) [a].[Id], [a].[AccessFailedCount], [a].[ConcurrencyStamp], [a].[CreatedAt], [a].[Email], [a].[EmailConfirmed], [a].[IsDeleted], [a].[IsVerified], [a].[LockoutEnabled], [a].[LockoutEnd], [a].[NormalizedEmail], [a].[NormalizedUserName], [a].[PasswordHash], [a].[PhoneNumber], [a].[PhoneNumberConfirmed], [a].[SecurityStamp], [a].[TwoFactorEnabled], [a].[UpdatedAt], [a].[UserName]
FROM [AspNetUsers] AS [a]
WHERE [a].[NormalizedEmail] = @__normalizedEmail_0
2024-08-29 14:04:44.597 +05:30  INF  Executed DbCommand (4ms) [Parameters=[@__normalizedEmail_0='?' (Size = 256)], CommandType='"Text"', CommandTimeout='30']
SELECT TOP(2) [a].[Id], [a].[AccessFailedCount], [a].[ConcurrencyStamp], [a].[CreatedAt], [a].[Email], [a].[EmailConfirmed], [a].[IsDeleted], [a].[IsVerified], [a].[LockoutEnabled], [a].[LockoutEnd], [a].[NormalizedEmail], [a].[NormalizedUserName], [a].[PasswordHash], [a].[PhoneNumber], [a].[PhoneNumberConfirmed], [a].[SecurityStamp], [a].[TwoFactorEnabled], [a].[UpdatedAt], [a].[UserName]
FROM [AspNetUsers] AS [a]
WHERE [a].[NormalizedEmail] = @__normalizedEmail_0
2024-08-29 14:04:44.616 +05:30  DBG  Context 'EcommerceDbContext' started tracking 'User' entity. Consider using 'DbContextOptionsBuilder.EnableSensitiveDataLogging' to see key values.
2024-08-29 14:04:44.645 +05:30  DBG  Closing data reader to 'Ecommerce' on server 'FGS-DSK-230\MSSQLSERVER2019'.
2024-08-29 14:04:44.647 +05:30  DBG  A data reader for 'Ecommerce' on server 'FGS-DSK-230\MSSQLSERVER2019' is being disposed after spending 47ms reading results.
2024-08-29 14:04:44.648 +05:30  DBG  Closing connection to database 'Ecommerce' on server 'FGS-DSK-230\MSSQLSERVER2019'.
2024-08-29 14:04:44.649 +05:30  DBG  Closed connection to database 'Ecommerce' on server 'FGS-DSK-230\MSSQLSERVER2019' (0ms).
2024-08-29 14:04:44.652 +05:30  DBG  'EcommerceDbContext' disposed.
2024-08-29 14:04:44.654 +05:30  DBG  Disposing connection to database 'Ecommerce' on server 'FGS-DSK-230\MSSQLSERVER2019'.
2024-08-29 14:04:44.655 +05:30  DBG  Disposed connection to database '' on server '' (1ms).
2024-08-29 14:04:44.658 +05:30  DBG  Hosting starting
2024-08-29 14:04:44.666 +05:30  DBG  Reading data from file 'C:\Users\arjun.hariprasad\AppData\Local\ASP.NET\DataProtection-Keys\key-36f6fa2d-df91-4e24-9271-a530e4737995.xml'.
2024-08-29 14:04:44.683 +05:30  DBG  Found key {36f6fa2d-df91-4e24-9271-a530e4737995}.
2024-08-29 14:04:44.696 +05:30  DBG  Considering key {36f6fa2d-df91-4e24-9271-a530e4737995} with expiration date 2024-10-20 08:26:28Z as default key.
2024-08-29 14:04:44.701 +05:30  DBG  Forwarded activator type request from Microsoft.AspNetCore.DataProtection.XmlEncryption.DpapiXmlDecryptor, Microsoft.AspNetCore.DataProtection, Version=8.0.0.0, Culture=neutral, PublicKeyToken=adb9793829ddae60 to Microsoft.AspNetCore.DataProtection.XmlEncryption.DpapiXmlDecryptor, Microsoft.AspNetCore.DataProtection, Culture=neutral, PublicKeyToken=adb9793829ddae60
2024-08-29 14:04:44.702 +05:30  DBG  Decrypting secret element using Windows DPAPI.
2024-08-29 14:04:44.704 +05:30  DBG  Forwarded activator type request from Microsoft.AspNetCore.DataProtection.AuthenticatedEncryption.ConfigurationModel.AuthenticatedEncryptorDescriptorDeserializer, Microsoft.AspNetCore.DataProtection, Version=8.0.0.0, Culture=neutral, PublicKeyToken=adb9793829ddae60 to Microsoft.AspNetCore.DataProtection.AuthenticatedEncryption.ConfigurationModel.AuthenticatedEncryptorDescriptorDeserializer, Microsoft.AspNetCore.DataProtection, Culture=neutral, PublicKeyToken=adb9793829ddae60
2024-08-29 14:04:44.706 +05:30  DBG  Opening CNG algorithm 'AES' from provider 'null' with chaining mode CBC.
2024-08-29 14:04:44.709 +05:30  DBG  Opening CNG algorithm 'SHA256' from provider 'null' with HMAC.
2024-08-29 14:04:44.713 +05:30  DBG  Using key {36f6fa2d-df91-4e24-9271-a530e4737995} as the default key.
2024-08-29 14:04:44.714 +05:30  DBG  Key ring with default key {36f6fa2d-df91-4e24-9271-a530e4737995} was loaded during application startup.
2024-08-29 14:04:44.937 +05:30  INF  Now listening on: https://localhost:7113
2024-08-29 14:04:44.938 +05:30  INF  Now listening on: http://localhost:5081
2024-08-29 14:04:44.938 +05:30  DBG  Loaded hosting startup assembly Web.Ecommerce
2024-08-29 14:04:44.939 +05:30  DBG  Loaded hosting startup assembly Microsoft.AspNetCore.Watch.BrowserRefresh
2024-08-29 14:04:44.940 +05:30  DBG  Loaded hosting startup assembly Microsoft.WebTools.BrowserLink.Net
2024-08-29 14:04:44.940 +05:30  INF  Application started. Press Ctrl+C to shut down.
2024-08-29 14:04:44.941 +05:30  INF  Hosting environment: Development
2024-08-29 14:04:44.941 +05:30  INF  Content root path: C:\Users\arjun.hariprasad\source\.NET\Ecommerce\EcommerceSolution\CodeBase\Src\Presentation\Web.Ecommerce
2024-08-29 14:04:44.943 +05:30  DBG  Hosting started
2024-08-29 14:04:45.059 +05:30  DBG  Connection id "0HN680LNNOUNV" received FIN.
2024-08-29 14:04:45.064 +05:30  DBG  Connection id "0HN680LNNOUNV" accepted.
2024-08-29 14:04:45.065 +05:30  DBG  Connection id "0HN680LNNOUNV" started.
2024-08-29 14:04:45.081 +05:30  DBG  Failed to authenticate HTTPS connection.System.IO.IOException: Received an unexpected EOF or 0 bytes from the transport stream.
   at System.Net.Security.SslStream.ReceiveHandshakeFrameAsync[TIOAdapter](CancellationToken cancellationToken)
   at System.Net.Security.SslStream.ForceAuthenticationAsync[TIOAdapter](Boolean receiveFirst, Byte[] reAuthenticationData, CancellationToken cancellationToken)
   at System.Net.Security.SslStream.ProcessAuthenticationWithTelemetryAsync(Boolean isAsync, CancellationToken cancellationToken)
   at Microsoft.AspNetCore.Server.Kestrel.Https.Internal.HttpsConnectionMiddleware.OnConnectionAsync(ConnectionContext context)

2024-08-29 14:04:45.092 +05:30  DBG  Connection id "0HN680LNNOUNV" stopped.
2024-08-29 14:04:45.094 +05:30  DBG  Connection id "0HN680LNNOUNV" sending FIN because: "The Socket transport's send loop completed gracefully."
2024-08-29 14:04:45.770 +05:30  DBG  Connection id "0HN680LNNOUO0" accepted.
2024-08-29 14:04:45.772 +05:30  DBG  Connection id "0HN680LNNOUO0" started.
2024-08-29 14:04:45.811 +05:30  DBG  Connection 0HN680LNNOUO0 established using the following protocol: "Tls12"
2024-08-29 14:04:45.842 +05:30  VRB  Connection id "0HN680LNNOUO0" sending "SETTINGS" frame for stream ID 0 with length 24 and flags "NONE".
2024-08-29 14:04:45.847 +05:30  VRB  Connection id "0HN680LNNOUO0" sending "WINDOW_UPDATE" frame for stream ID 0 with length 4 and flags 0x0.
2024-08-29 14:04:45.850 +05:30  VRB  Connection id "0HN680LNNOUO0" received "SETTINGS" frame for stream ID 0 with length 24 and flags "NONE".
2024-08-29 14:04:45.852 +05:30  VRB  Connection id "0HN680LNNOUO0" sending "SETTINGS" frame for stream ID 0 with length 0 and flags "ACK".
2024-08-29 14:04:45.854 +05:30  VRB  Connection id "0HN680LNNOUO0" received "WINDOW_UPDATE" frame for stream ID 0 with length 4 and flags 0x0.
2024-08-29 14:04:45.856 +05:30  VRB  Connection id "0HN680LNNOUO0" received "HEADERS" frame for stream ID 1 with length 469 and flags "END_STREAM, END_HEADERS, PRIORITY".
2024-08-29 14:04:45.882 +05:30  VRB  Connection id "0HN680LNNOUO0" received "SETTINGS" frame for stream ID 0 with length 0 and flags "ACK".
2024-08-29 14:04:45.905 +05:30  INF  Request starting HTTP/2 GET https://localhost:7113/swagger/index.html - null null
2024-08-29 14:04:46.009 +05:30  DBG  Wildcard detected, all requests with hosts will be allowed.
2024-08-29 14:04:46.009 +05:30  VRB  All hosts are allowed.
2024-08-29 14:04:46.027 +05:30  DBG  No candidates found for the request path '/swagger/index.html'
2024-08-29 14:04:46.029 +05:30  DBG  Request did not match any endpoints
2024-08-29 14:04:46.140 +05:30  DBG  Response markup is scheduled to include Browser Link script injection.
2024-08-29 14:04:46.143 +05:30  DBG  Response markup is scheduled to include browser refresh script injection.
2024-08-29 14:04:46.146 +05:30  VRB  Connection id "0HN680LNNOUO0" sending "HEADERS" frame for stream ID 1 with length 66 and flags "END_HEADERS".
2024-08-29 14:04:46.149 +05:30  VRB  Connection id "0HN680LNNOUO0" sending "DATA" frame for stream ID 1 with length 1055 and flags "NONE".
2024-08-29 14:04:46.149 +05:30  DBG  Response markup was updated to include Browser Link script injection.
2024-08-29 14:04:46.151 +05:30  VRB  Connection id "0HN680LNNOUO0" sending "DATA" frame for stream ID 1 with length 81 and flags "NONE".
2024-08-29 14:04:46.152 +05:30  DBG  Response markup was updated to include browser refresh script injection.
2024-08-29 14:04:46.155 +05:30  VRB  Connection id "0HN680LNNOUO0" sending "DATA" frame for stream ID 1 with length 0 and flags "END_STREAM".
2024-08-29 14:04:46.156 +05:30  INF  Request finished HTTP/2 GET https://localhost:7113/swagger/index.html - 200 null text/html;charset=utf-8 256.4154ms
2024-08-29 14:04:46.164 +05:30  VRB  Connection id "0HN680LNNOUO0" received "HEADERS" frame for stream ID 3 with length 115 and flags "END_STREAM, END_HEADERS, PRIORITY".
2024-08-29 14:04:46.170 +05:30  VRB  Connection id "0HN680LNNOUO0" received "HEADERS" frame for stream ID 5 with length 35 and flags "END_STREAM, END_HEADERS, PRIORITY".
2024-08-29 14:04:46.173 +05:30  INF  Request starting HTTP/2 GET https://localhost:7113/_framework/aspnetcore-browser-refresh.js - null null
2024-08-29 14:04:46.174 +05:30  VRB  Connection id "0HN680LNNOUO0" received "HEADERS" frame for stream ID 7 with length 57 and flags "END_STREAM, END_HEADERS, PRIORITY".
2024-08-29 14:04:46.174 +05:30  INF  Request starting HTTP/2 GET https://localhost:7113/swagger/index.js - null null
2024-08-29 14:04:46.187 +05:30  INF  Request starting HTTP/2 GET https://localhost:7113/_vs/browserLink - null null
2024-08-29 14:04:46.189 +05:30  VRB  All hosts are allowed.
2024-08-29 14:04:46.189 +05:30  VRB  Connection id "0HN680LNNOUO0" sending "HEADERS" frame for stream ID 3 with length 60 and flags "END_HEADERS".
2024-08-29 14:04:46.194 +05:30  VRB  Connection id "0HN680LNNOUO0" sending "DATA" frame for stream ID 3 with length 13762 and flags "NONE".
2024-08-29 14:04:46.195 +05:30  DBG  No candidates found for the request path '/swagger/index.js'
2024-08-29 14:04:46.200 +05:30  DBG  Request did not match any endpoints
2024-08-29 14:04:46.214 +05:30  VRB  Connection id "0HN680LNNOUO0" sending "HEADERS" frame for stream ID 5 with length 41 and flags "END_HEADERS".
2024-08-29 14:04:46.214 +05:30  INF  Request finished HTTP/2 GET https://localhost:7113/swagger/index.js - 200 null application/javascript;charset=utf-8 39.3746ms
2024-08-29 14:04:46.214 +05:30  INF  Request finished HTTP/2 GET https://localhost:7113/_framework/aspnetcore-browser-refresh.js - 200 13762 application/javascript; charset=utf-8 42.5912ms
2024-08-29 14:04:46.215 +05:30  VRB  Connection id "0HN680LNNOUO0" sending "DATA" frame for stream ID 5 with length 3005 and flags "NONE".
2024-08-29 14:04:46.224 +05:30  VRB  Connection id "0HN680LNNOUO0" sending "DATA" frame for stream ID 5 with length 0 and flags "END_STREAM".
2024-08-29 14:04:46.226 +05:30  VRB  Connection id "0HN680LNNOUO0" sending "DATA" frame for stream ID 3 with length 0 and flags "END_STREAM".
2024-08-29 14:04:46.232 +05:30  VRB  Connection id "0HN680LNNOUO0" sending "HEADERS" frame for stream ID 7 with length 149 and flags "END_HEADERS".
2024-08-29 14:04:46.234 +05:30  VRB  Connection id "0HN680LNNOUO0" sending "DATA" frame for stream ID 7 with length 9986 and flags "NONE".
2024-08-29 14:04:46.237 +05:30  VRB  Connection id "0HN680LNNOUO0" sending "DATA" frame for stream ID 7 with length 10240 and flags "NONE".
2024-08-29 14:04:46.240 +05:30  VRB  Connection id "0HN680LNNOUO0" sending "DATA" frame for stream ID 7 with length 10240 and flags "NONE".
2024-08-29 14:04:46.242 +05:30  VRB  Connection id "0HN680LNNOUO0" sending "DATA" frame for stream ID 7 with length 10240 and flags "NONE".
2024-08-29 14:04:46.244 +05:30  VRB  Connection id "0HN680LNNOUO0" sending "DATA" frame for stream ID 7 with length 10240 and flags "NONE".
2024-08-29 14:04:46.248 +05:30  VRB  Connection id "0HN680LNNOUO0" sending "DATA" frame for stream ID 7 with length 10240 and flags "NONE".
2024-08-29 14:04:46.249 +05:30  VRB  Connection id "0HN680LNNOUO0" sending "DATA" frame for stream ID 7 with length 10240 and flags "NONE".
2024-08-29 14:04:46.252 +05:30  VRB  Connection id "0HN680LNNOUO0" sending "DATA" frame for stream ID 7 with length 10240 and flags "NONE".
2024-08-29 14:04:46.254 +05:30  VRB  Connection id "0HN680LNNOUO0" sending "DATA" frame for stream ID 7 with length 10240 and flags "NONE".
2024-08-29 14:04:46.255 +05:30  VRB  Connection id "0HN680LNNOUO0" sending "DATA" frame for stream ID 7 with length 10240 and flags "NONE".
2024-08-29 14:04:46.257 +05:30  VRB  Connection id "0HN680LNNOUO0" sending "DATA" frame for stream ID 7 with length 10240 and flags "NONE".
2024-08-29 14:04:46.258 +05:30  VRB  Connection id "0HN680LNNOUO0" sending "DATA" frame for stream ID 7 with length 10240 and flags "NONE".
2024-08-29 14:04:46.260 +05:30  VRB  Connection id "0HN680LNNOUO0" sending "DATA" frame for stream ID 7 with length 10240 and flags "NONE".
2024-08-29 14:04:46.263 +05:30  VRB  Connection id "0HN680LNNOUO0" sending "DATA" frame for stream ID 7 with length 10240 and flags "NONE".
2024-08-29 14:04:46.265 +05:30  VRB  Connection id "0HN680LNNOUO0" sending "DATA" frame for stream ID 7 with length 10240 and flags "NONE".
2024-08-29 14:04:46.269 +05:30  VRB  Connection id "0HN680LNNOUO0" sending "DATA" frame for stream ID 7 with length 160 and flags "NONE".
2024-08-29 14:04:46.269 +05:30  INF  Request finished HTTP/2 GET https://localhost:7113/_vs/browserLink - 200 null text/javascript; charset=UTF-8 82.9098ms
2024-08-29 14:04:46.271 +05:30  VRB  Connection id "0HN680LNNOUO0" sending "DATA" frame for stream ID 7 with length 0 and flags "END_STREAM".
2024-08-29 14:04:46.325 +05:30  VRB  Connection id "0HN680LNNOUO0" received "HEADERS" frame for stream ID 9 with length 74 and flags "END_STREAM, END_HEADERS, PRIORITY".
2024-08-29 14:04:46.330 +05:30  INF  Request starting HTTP/2 GET https://localhost:7113/swagger/v1/swagger.json - null null
2024-08-29 14:04:46.333 +05:30  VRB  All hosts are allowed.
2024-08-29 14:04:46.333 +05:30  DBG  No candidates found for the request path '/swagger/v1/swagger.json'
2024-08-29 14:04:46.334 +05:30  DBG  Request did not match any endpoints
2024-08-29 14:04:46.457 +05:30  VRB  Connection id "0HN680LNNOUO0" sending "HEADERS" frame for stream ID 9 with length 35 and flags "END_HEADERS".
2024-08-29 14:04:46.459 +05:30  VRB  Connection id "0HN680LNNOUO0" sending "DATA" frame for stream ID 9 with length 16384 and flags "NONE".
2024-08-29 14:04:46.460 +05:30  VRB  Connection id "0HN680LNNOUO0" sending "DATA" frame for stream ID 9 with length 6467 and flags "NONE".
2024-08-29 14:04:46.465 +05:30  VRB  Connection id "0HN680LNNOUO0" sending "DATA" frame for stream ID 9 with length 0 and flags "END_STREAM".
2024-08-29 14:04:46.465 +05:30  INF  Request finished HTTP/2 GET https://localhost:7113/swagger/v1/swagger.json - 200 null application/json;charset=utf-8 135.7146ms
2024-08-29 14:04:55.845 +05:30  DBG  Connection id "0HN680LNNOUO0" received FIN.
2024-08-29 14:04:55.854 +05:30  DBG  Connection id "0HN680LNNOUO0" is closed. The last processed stream ID was 9.
2024-08-29 14:04:55.856 +05:30  DBG  The connection queue processing loop for 0HN680LNNOUO0 completed.
2024-08-29 14:04:55.858 +05:30  DBG  Connection id "0HN680LNNOUO0" sending FIN because: "The Socket transport's send loop completed gracefully."
2024-08-29 14:04:55.876 +05:30  DBG  Connection id "0HN680LNNOUO0" stopped.
2024-08-29 14:05:45.231 +05:30  DBG  Connection id "0HN680LNNOUO1" accepted.
2024-08-29 14:05:45.238 +05:30  DBG  Connection id "0HN680LNNOUO1" started.
2024-08-29 14:05:45.243 +05:30  DBG  Connection 0HN680LNNOUO1 established using the following protocol: "Tls12"
2024-08-29 14:05:45.251 +05:30  VRB  Connection id "0HN680LNNOUO1" sending "SETTINGS" frame for stream ID 0 with length 24 and flags "NONE".
2024-08-29 14:05:45.253 +05:30  VRB  Connection id "0HN680LNNOUO1" sending "WINDOW_UPDATE" frame for stream ID 0 with length 4 and flags 0x0.
2024-08-29 14:05:45.254 +05:30  VRB  Connection id "0HN680LNNOUO1" received "SETTINGS" frame for stream ID 0 with length 24 and flags "NONE".
2024-08-29 14:05:45.256 +05:30  VRB  Connection id "0HN680LNNOUO1" sending "SETTINGS" frame for stream ID 0 with length 0 and flags "ACK".
2024-08-29 14:05:45.257 +05:30  VRB  Connection id "0HN680LNNOUO1" received "WINDOW_UPDATE" frame for stream ID 0 with length 4 and flags 0x0.
2024-08-29 14:05:45.258 +05:30  VRB  Connection id "0HN680LNNOUO1" received "HEADERS" frame for stream ID 1 with length 411 and flags "END_HEADERS, PRIORITY".
2024-08-29 14:05:45.260 +05:30  VRB  Connection id "0HN680LNNOUO1" received "DATA" frame for stream ID 1 with length 205 and flags "END_STREAM".
2024-08-29 14:05:45.261 +05:30  INF  Request starting HTTP/2 POST https://localhost:7113/api/Order/Place Order - application/json 205
2024-08-29 14:05:45.263 +05:30  VRB  Connection id "0HN680LNNOUO1" received "SETTINGS" frame for stream ID 0 with length 0 and flags "ACK".
2024-08-29 14:05:45.265 +05:30  VRB  All hosts are allowed.
2024-08-29 14:05:45.272 +05:30  DBG  1 candidate(s) found for the request path '/api/Order/Place Order'
2024-08-29 14:05:45.274 +05:30  DBG  Endpoint 'Web.Ecommerce.Controllers.Customer.OrderController.PlaceOrder (Web.Ecommerce)' with route pattern 'api/Order/Place Order' is valid for the request path '/api/Order/Place Order'
2024-08-29 14:05:45.276 +05:30  DBG  Request matched endpoint 'Web.Ecommerce.Controllers.Customer.OrderController.PlaceOrder (Web.Ecommerce)'
2024-08-29 14:05:45.277 +05:30  VRB  The endpoint does not specify the IRequestSizeLimitMetadata.
2024-08-29 14:05:45.280 +05:30  DBG  Static files was skipped as the request already matched an endpoint.
2024-08-29 14:05:45.358 +05:30  DBG  AuthenticationScheme: Bearer was not authenticated.
2024-08-29 14:05:45.362 +05:30  DBG  AuthenticationScheme: Bearer was not authenticated.
2024-08-29 14:05:45.364 +05:30  INF  Executing endpoint 'Web.Ecommerce.Controllers.Customer.OrderController.PlaceOrder (Web.Ecommerce)'
2024-08-29 14:05:45.383 +05:30  INF  Route matched with {action = "PlaceOrder", controller = "Order"}. Executing controller action with signature System.Threading.Tasks.Task`1[Microsoft.AspNetCore.Mvc.IActionResult] PlaceOrder(Application.Ecom.OrderOperations.Commands.PlaceOrder.PlaceOrderCommand) on controller Web.Ecommerce.Controllers.Customer.OrderController (Web.Ecommerce).
2024-08-29 14:05:45.387 +05:30  DBG  Execution plan of authorization filters (in the following order): ["None"]
2024-08-29 14:05:45.388 +05:30  DBG  Execution plan of resource filters (in the following order): ["None"]
2024-08-29 14:05:45.390 +05:30  DBG  Execution plan of action filters (in the following order): ["Microsoft.AspNetCore.Mvc.ModelBinding.UnsupportedContentTypeFilter (Order: -3000)","Microsoft.AspNetCore.Mvc.Infrastructure.ModelStateInvalidFilter (Order: -2000)"]
2024-08-29 14:05:45.392 +05:30  DBG  Execution plan of exception filters (in the following order): ["None"]
2024-08-29 14:05:45.393 +05:30  DBG  Execution plan of result filters (in the following order): ["Microsoft.AspNetCore.Mvc.Infrastructure.ClientErrorResultFilter (Order: -2000)"]
2024-08-29 14:05:45.396 +05:30  DBG  Executing controller factory for controller Web.Ecommerce.Controllers.Customer.OrderController (Web.Ecommerce)
2024-08-29 14:05:45.398 +05:30  DBG  Executed controller factory for controller Web.Ecommerce.Controllers.Customer.OrderController (Web.Ecommerce)
2024-08-29 14:05:45.414 +05:30  DBG  Attempting to bind parameter 'command' of type 'Application.Ecom.OrderOperations.Commands.PlaceOrder.PlaceOrderCommand' ...
2024-08-29 14:05:45.419 +05:30  DBG  Attempting to bind parameter 'command' of type 'Application.Ecom.OrderOperations.Commands.PlaceOrder.PlaceOrderCommand' using the name '' in request data ...
2024-08-29 14:05:45.422 +05:30  DBG  Selected input formatter 'Microsoft.AspNetCore.Mvc.Formatters.SystemTextJsonInputFormatter' for content type 'application/json'.
2024-08-29 14:05:45.450 +05:30  DBG  Connection id "0HN680LNNOUO1", Request id "0HN680LNNOUO1:00000001": started reading request body.
2024-08-29 14:05:45.453 +05:30  DBG  Connection id "0HN680LNNOUO1", Request id "0HN680LNNOUO1:00000001": done reading request body.
2024-08-29 14:05:45.468 +05:30  DBG  JSON input formatter succeeded, deserializing to type 'Application.Ecom.OrderOperations.Commands.PlaceOrder.PlaceOrderCommand'
2024-08-29 14:05:45.470 +05:30  DBG  Done attempting to bind parameter 'command' of type 'Application.Ecom.OrderOperations.Commands.PlaceOrder.PlaceOrderCommand'.
2024-08-29 14:05:45.471 +05:30  DBG  Done attempting to bind parameter 'command' of type 'Application.Ecom.OrderOperations.Commands.PlaceOrder.PlaceOrderCommand'.
2024-08-29 14:05:45.472 +05:30  DBG  Attempting to validate the bound parameter 'command' of type 'Application.Ecom.OrderOperations.Commands.PlaceOrder.PlaceOrderCommand' ...
2024-08-29 14:05:45.533 +05:30  DBG  Done attempting to validate the bound parameter 'command' of type 'Application.Ecom.OrderOperations.Commands.PlaceOrder.PlaceOrderCommand'.
2024-08-29 14:05:45.536 +05:30  VRB  Action Filter: Before executing OnActionExecuting on filter Microsoft.AspNetCore.Mvc.ModelBinding.UnsupportedContentTypeFilter.
2024-08-29 14:05:45.537 +05:30  VRB  Action Filter: After executing OnActionExecuting on filter Microsoft.AspNetCore.Mvc.ModelBinding.UnsupportedContentTypeFilter.
2024-08-29 14:05:45.539 +05:30  VRB  Action Filter: Before executing OnActionExecuting on filter Microsoft.AspNetCore.Mvc.Infrastructure.ModelStateInvalidFilter.
2024-08-29 14:05:45.540 +05:30  VRB  Action Filter: After executing OnActionExecuting on filter Microsoft.AspNetCore.Mvc.Infrastructure.ModelStateInvalidFilter.
2024-08-29 14:05:45.546 +05:30  INF  Executing action method Web.Ecommerce.Controllers.Customer.OrderController.PlaceOrder (Web.Ecommerce) - Validation state: "Valid"
2024-08-29 14:05:45.548 +05:30  VRB  Executing action method Web.Ecommerce.Controllers.Customer.OrderController.PlaceOrder (Web.Ecommerce) with arguments (["Application.Ecom.OrderOperations.Commands.PlaceOrder.PlaceOrderCommand"])
2024-08-29 14:05:45.599 +05:30  DBG  Entity Framework Core 8.0.8 initialized 'EcommerceDbContext' using provider 'Microsoft.EntityFrameworkCore.SqlServer:8.0.8' with options: None
2024-08-29 14:05:45.618 +05:30  DBG  Compiling query expression: 
'DbSet<Product>()
    .FirstOrDefault(e => object.Equals(
        objA: EF.Property<object>(e, "ProductId"), 
        objB: __get_Item_0))'
2024-08-29 14:05:45.654 +05:30  DBG  Generated query execution expression: 
'queryContext => ShapedQueryCompilingExpressionVisitor.SingleOrDefaultAsync<Product>(
    asyncEnumerable: new SingleQueryingEnumerable<Product>(
        (RelationalQueryContext)queryContext, 
        RelationalCommandCache.QueryExpression(
            Projection Mapping:
                EmptyProjectionMember -> Dictionary<IProperty, int> { [Property: Product.ProductId (Guid) Required PK AfterSave:Throw ValueGenerated.OnAdd, 0], [Property: Product.Category (string) Required MaxLength(20), 1], [Property: Product.CreatedAt (DateTime) Required, 2], [Property: Product.Description (string) Required MaxLength(500), 3], [Property: Product.IsDeleted (bool) Required, 4], [Property: Product.Name (string) Required MaxLength(100), 5], [Property: Product.Price (decimal) Required, 6], [Property: Product.Quantity (int) Required, 7], [Property: Product.SellerId (Guid) Required FK Index, 8], [Property: Product.UpdatedAt (DateTime) Required, 9], [Property: Product.UserId (no field, Guid?) Shadow FK Index, 10] }
            SELECT TOP(1) p.ProductId, p.Category, p.CreatedAt, p.Description, p.IsDeleted, p.Name, p.Price, p.Quantity, p.SellerId, p.UpdatedAt, p.UserId
            FROM Products AS p
            WHERE p.ProductId == @__get_Item_0), 
        null, 
        Func<QueryContext, DbDataReader, ResultContext, SingleQueryResultCoordinator, Product>, 
        Persistance.EcommerceDbContext, 
        False, 
        False, 
        True
    ), 
    cancellationToken: queryContext.CancellationToken)'
2024-08-29 14:05:45.659 +05:30  DBG  Creating DbConnection.
2024-08-29 14:05:45.660 +05:30  DBG  Created DbConnection. (0ms).
2024-08-29 14:05:45.660 +05:30  DBG  Opening connection to database 'Ecommerce' on server 'FGS-DSK-230\MSSQLSERVER2019'.
2024-08-29 14:05:45.661 +05:30  DBG  Opened connection to database 'Ecommerce' on server 'FGS-DSK-230\MSSQLSERVER2019'.
2024-08-29 14:05:45.664 +05:30  DBG  Creating DbCommand for 'ExecuteReader'.
2024-08-29 14:05:45.665 +05:30  DBG  Created DbCommand for 'ExecuteReader' (0ms).
2024-08-29 14:05:45.666 +05:30  DBG  Initialized DbCommand for 'ExecuteReader' (2ms).
2024-08-29 14:05:45.667 +05:30  DBG  Executing DbCommand [Parameters=[@__get_Item_0='?' (DbType = Guid)], CommandType='"Text"', CommandTimeout='30']
SELECT TOP(1) [p].[ProductId], [p].[Category], [p].[CreatedAt], [p].[Description], [p].[IsDeleted], [p].[Name], [p].[Price], [p].[Quantity], [p].[SellerId], [p].[UpdatedAt], [p].[UserId]
FROM [Products] AS [p]
WHERE [p].[ProductId] = @__get_Item_0
2024-08-29 14:05:45.671 +05:30  INF  Executed DbCommand (4ms) [Parameters=[@__get_Item_0='?' (DbType = Guid)], CommandType='"Text"', CommandTimeout='30']
SELECT TOP(1) [p].[ProductId], [p].[Category], [p].[CreatedAt], [p].[Description], [p].[IsDeleted], [p].[Name], [p].[Price], [p].[Quantity], [p].[SellerId], [p].[UpdatedAt], [p].[UserId]
FROM [Products] AS [p]
WHERE [p].[ProductId] = @__get_Item_0
2024-08-29 14:05:45.684 +05:30  DBG  Context 'EcommerceDbContext' started tracking 'Product' entity. Consider using 'DbContextOptionsBuilder.EnableSensitiveDataLogging' to see key values.
2024-08-29 14:05:45.704 +05:30  DBG  Closing data reader to 'Ecommerce' on server 'FGS-DSK-230\MSSQLSERVER2019'.
2024-08-29 14:05:45.705 +05:30  DBG  A data reader for 'Ecommerce' on server 'FGS-DSK-230\MSSQLSERVER2019' is being disposed after spending 32ms reading results.
2024-08-29 14:05:45.707 +05:30  DBG  Closing connection to database 'Ecommerce' on server 'FGS-DSK-230\MSSQLSERVER2019'.
2024-08-29 14:05:45.707 +05:30  DBG  Closed connection to database 'Ecommerce' on server 'FGS-DSK-230\MSSQLSERVER2019' (0ms).
2024-08-29 14:05:45.754 +05:30  DBG  Context 'EcommerceDbContext' started tracking 'Order' entity. Consider using 'DbContextOptionsBuilder.EnableSensitiveDataLogging' to see key values.
2024-08-29 14:05:45.772 +05:30  DBG  The navigation 'OrderItem.Order' was detected as changed. Consider using 'DbContextOptionsBuilder.EnableSensitiveDataLogging' to see key values.
2024-08-29 14:05:45.783 +05:30  DBG  The navigation 'OrderItem.Product' was detected as changed. Consider using 'DbContextOptionsBuilder.EnableSensitiveDataLogging' to see key values.
2024-08-29 14:05:45.788 +05:30  DBG  Context 'EcommerceDbContext' started tracking 'OrderItem' entity. Consider using 'DbContextOptionsBuilder.EnableSensitiveDataLogging' to see key values.
2024-08-29 14:05:45.803 +05:30  DBG  Creating DbCommand for 'ExecuteNonQuery'.
2024-08-29 14:05:45.804 +05:30  DBG  Created DbCommand for 'ExecuteNonQuery' (1ms).
2024-08-29 14:05:45.806 +05:30  DBG  Initialized DbCommand for 'ExecuteNonQuery' (3ms).
2024-08-29 14:05:45.806 +05:30  DBG  Opening connection to database 'Ecommerce' on server 'FGS-DSK-230\MSSQLSERVER2019'.
2024-08-29 14:05:45.807 +05:30  DBG  Opened connection to database 'Ecommerce' on server 'FGS-DSK-230\MSSQLSERVER2019'.
2024-08-29 14:05:45.809 +05:30  DBG  Executing DbCommand [Parameters=[@ProductId='?' (DbType = Guid), @Quantity='?' (DbType = Int32)], CommandType='"Text"', CommandTimeout='30']
EXEC ReduceProductQuantity @ProductId, @Quantity
2024-08-29 14:05:45.828 +05:30  INF  Executed DbCommand (19ms) [Parameters=[@ProductId='?' (DbType = Guid), @Quantity='?' (DbType = Int32)], CommandType='"Text"', CommandTimeout='30']
EXEC ReduceProductQuantity @ProductId, @Quantity
2024-08-29 14:05:45.831 +05:30  DBG  Closing connection to database 'Ecommerce' on server 'FGS-DSK-230\MSSQLSERVER2019'.
2024-08-29 14:05:45.832 +05:30  DBG  Closed connection to database 'Ecommerce' on server 'FGS-DSK-230\MSSQLSERVER2019' (0ms).
2024-08-29 14:05:45.836 +05:30  DBG  SaveChanges starting for 'EcommerceDbContext'.
2024-08-29 14:05:45.838 +05:30  DBG  DetectChanges starting for 'EcommerceDbContext'.
2024-08-29 14:05:45.869 +05:30  DBG  DetectChanges completed for 'EcommerceDbContext'.
2024-08-29 14:05:45.926 +05:30  DBG  Executing 2 update commands as a batch.
2024-08-29 14:05:45.930 +05:30  DBG  Opening connection to database 'Ecommerce' on server 'FGS-DSK-230\MSSQLSERVER2019'.
2024-08-29 14:05:45.931 +05:30  DBG  Opened connection to database 'Ecommerce' on server 'FGS-DSK-230\MSSQLSERVER2019'.
2024-08-29 14:05:45.934 +05:30  DBG  Beginning transaction with isolation level 'Unspecified'.
2024-08-29 14:05:45.939 +05:30  DBG  Began transaction with isolation level 'ReadCommitted'.
2024-08-29 14:05:45.943 +05:30  DBG  Creating DbCommand for 'ExecuteReader'.
2024-08-29 14:05:45.944 +05:30  DBG  Created DbCommand for 'ExecuteReader' (1ms).
2024-08-29 14:05:45.948 +05:30  DBG  Initialized DbCommand for 'ExecuteReader' (5ms).
2024-08-29 14:05:45.949 +05:30  DBG  Executing DbCommand [Parameters=[@p0='?' (DbType = Guid), @p1='?' (DbType = DateTime2), @p2='?' (DbType = Guid), @p3='?' (DbType = Date), @p4='?' (DbType = Boolean), @p5='?' (DbType = Boolean), @p6='?' (DbType = Boolean), @p7='?' (DbType = DateTime2), @p8='?' (Size = 50), @p9='?' (DbType = Guid), @p10='?' (DbType = Guid), @p11='?' (Size = 4000), @p12='?' (Precision = 18) (Scale = 2) (DbType = Decimal), @p13='?' (DbType = DateTime2), @p14='?' (DbType = Guid), @p15='?' (DbType = DateTime2), @p16='?' (DbType = Guid), @p17='?' (DbType = Guid), @p18='?' (DbType = Int32), @p19='?' (Precision = 8) (Scale = 2) (DbType = Decimal), @p20='?' (DbType = DateTime2)], CommandType='"Text"', CommandTimeout='30']
SET NOCOUNT ON;
INSERT INTO [Orders] ([OrderId], [CreatedAt], [CustomerId], [DeliveryDate], [IsCancelled], [IsDelivered], [IsPaid], [OrderDate], [OrderStatus], [PaymentId], [ReturnId], [ShippingAddress], [TotalAmount], [UpdatedAt])
VALUES (@p0, @p1, @p2, @p3, @p4, @p5, @p6, @p7, @p8, @p9, @p10, @p11, @p12, @p13);
INSERT INTO [OrderItems] ([OrderItemId], [CreatedAt], [OrderId], [ProductId], [Quantity], [UnitPrice], [UpdatedAt])
VALUES (@p14, @p15, @p16, @p17, @p18, @p19, @p20);
2024-08-29 14:05:45.961 +05:30  INF  Executed DbCommand (12ms) [Parameters=[@p0='?' (DbType = Guid), @p1='?' (DbType = DateTime2), @p2='?' (DbType = Guid), @p3='?' (DbType = Date), @p4='?' (DbType = Boolean), @p5='?' (DbType = Boolean), @p6='?' (DbType = Boolean), @p7='?' (DbType = DateTime2), @p8='?' (Size = 50), @p9='?' (DbType = Guid), @p10='?' (DbType = Guid), @p11='?' (Size = 4000), @p12='?' (Precision = 18) (Scale = 2) (DbType = Decimal), @p13='?' (DbType = DateTime2), @p14='?' (DbType = Guid), @p15='?' (DbType = DateTime2), @p16='?' (DbType = Guid), @p17='?' (DbType = Guid), @p18='?' (DbType = Int32), @p19='?' (Precision = 8) (Scale = 2) (DbType = Decimal), @p20='?' (DbType = DateTime2)], CommandType='"Text"', CommandTimeout='30']
SET NOCOUNT ON;
INSERT INTO [Orders] ([OrderId], [CreatedAt], [CustomerId], [DeliveryDate], [IsCancelled], [IsDelivered], [IsPaid], [OrderDate], [OrderStatus], [PaymentId], [ReturnId], [ShippingAddress], [TotalAmount], [UpdatedAt])
VALUES (@p0, @p1, @p2, @p3, @p4, @p5, @p6, @p7, @p8, @p9, @p10, @p11, @p12, @p13);
INSERT INTO [OrderItems] ([OrderItemId], [CreatedAt], [OrderId], [ProductId], [Quantity], [UnitPrice], [UpdatedAt])
VALUES (@p14, @p15, @p16, @p17, @p18, @p19, @p20);
2024-08-29 14:05:45.966 +05:30  DBG  Closing data reader to 'Ecommerce' on server 'FGS-DSK-230\MSSQLSERVER2019'.
2024-08-29 14:05:45.968 +05:30  DBG  A data reader for 'Ecommerce' on server 'FGS-DSK-230\MSSQLSERVER2019' is being disposed after spending 3ms reading results.
2024-08-29 14:05:45.972 +05:30  DBG  Committing transaction.
2024-08-29 14:05:45.975 +05:30  DBG  Committed transaction.
2024-08-29 14:05:45.977 +05:30  DBG  Closing connection to database 'Ecommerce' on server 'FGS-DSK-230\MSSQLSERVER2019'.
2024-08-29 14:05:45.979 +05:30  DBG  Closed connection to database 'Ecommerce' on server 'FGS-DSK-230\MSSQLSERVER2019' (1ms).
2024-08-29 14:05:45.981 +05:30  DBG  Disposing transaction.
2024-08-29 14:05:45.988 +05:30  DBG  An entity of type 'Order' tracked by 'EcommerceDbContext' changed state from '"Added"' to '"Unchanged"'. Consider using 'DbContextOptionsBuilder.EnableSensitiveDataLogging' to see key values.
2024-08-29 14:05:45.990 +05:30  DBG  An entity of type 'OrderItem' tracked by 'EcommerceDbContext' changed state from '"Added"' to '"Unchanged"'. Consider using 'DbContextOptionsBuilder.EnableSensitiveDataLogging' to see key values.
2024-08-29 14:05:45.993 +05:30  DBG  SaveChanges completed for 'EcommerceDbContext' with 2 entities written to the database.
2024-08-29 14:05:45.999 +05:30  INF  Executed action method Web.Ecommerce.Controllers.Customer.OrderController.PlaceOrder (Web.Ecommerce), returned result Microsoft.AspNetCore.Mvc.OkObjectResult in 447.1525ms.
2024-08-29 14:05:46.001 +05:30  VRB  Action Filter: Before executing OnActionExecuted on filter Microsoft.AspNetCore.Mvc.Infrastructure.ModelStateInvalidFilter.
2024-08-29 14:05:46.002 +05:30  VRB  Action Filter: After executing OnActionExecuted on filter Microsoft.AspNetCore.Mvc.Infrastructure.ModelStateInvalidFilter.
2024-08-29 14:05:46.003 +05:30  VRB  Action Filter: Before executing OnActionExecuted on filter Microsoft.AspNetCore.Mvc.ModelBinding.UnsupportedContentTypeFilter.
2024-08-29 14:05:46.004 +05:30  VRB  Action Filter: After executing OnActionExecuted on filter Microsoft.AspNetCore.Mvc.ModelBinding.UnsupportedContentTypeFilter.
2024-08-29 14:05:46.006 +05:30  VRB  Result Filter: Before executing OnResultExecuting on filter Microsoft.AspNetCore.Mvc.Infrastructure.ClientErrorResultFilter.
2024-08-29 14:05:46.007 +05:30  VRB  Result Filter: After executing OnResultExecuting on filter Microsoft.AspNetCore.Mvc.Infrastructure.ClientErrorResultFilter.
2024-08-29 14:05:46.008 +05:30  VRB  Before executing action result Microsoft.AspNetCore.Mvc.OkObjectResult.
2024-08-29 14:05:46.010 +05:30  DBG  List of registered output formatters, in the following order: ["Microsoft.AspNetCore.Mvc.Formatters.HttpNoContentOutputFormatter","Microsoft.AspNetCore.Mvc.Formatters.StringOutputFormatter","Microsoft.AspNetCore.Mvc.Formatters.StreamOutputFormatter","Microsoft.AspNetCore.Mvc.Formatters.SystemTextJsonOutputFormatter"]
2024-08-29 14:05:46.014 +05:30  DBG  No information found on request to perform content negotiation.
2024-08-29 14:05:46.014 +05:30  DBG  Attempting to select an output formatter without using a content type as no explicit content types were specified for the response.
2024-08-29 14:05:46.015 +05:30  DBG  Attempting to select the first formatter in the output formatters list which can write the result.
2024-08-29 14:05:46.016 +05:30  DBG  Selected output formatter 'Microsoft.AspNetCore.Mvc.Formatters.SystemTextJsonOutputFormatter' and content type 'application/json' to write the response.
2024-08-29 14:05:46.017 +05:30  INF  Executing OkObjectResult, writing value of type 'Application.Ecom.OrderOperations.Commands.PlaceOrder.PlaceOrderCommandResponse'.
2024-08-29 14:05:46.029 +05:30  VRB  Connection id "0HN680LNNOUO1" sending "HEADERS" frame for stream ID 1 with length 74 and flags "END_HEADERS".
2024-08-29 14:05:46.029 +05:30  VRB  After executing action result Microsoft.AspNetCore.Mvc.OkObjectResult.
2024-08-29 14:05:46.031 +05:30  VRB  Connection id "0HN680LNNOUO1" sending "DATA" frame for stream ID 1 with length 139 and flags "NONE".
2024-08-29 14:05:46.032 +05:30  VRB  Result Filter: Before executing OnResultExecuted on filter Microsoft.AspNetCore.Mvc.Infrastructure.ClientErrorResultFilter.
2024-08-29 14:05:46.035 +05:30  VRB  Result Filter: After executing OnResultExecuted on filter Microsoft.AspNetCore.Mvc.Infrastructure.ClientErrorResultFilter.
2024-08-29 14:05:46.040 +05:30  INF  Executed action Web.Ecommerce.Controllers.Customer.OrderController.PlaceOrder (Web.Ecommerce) in 642.675ms
2024-08-29 14:05:46.041 +05:30  INF  Executed endpoint 'Web.Ecommerce.Controllers.Customer.OrderController.PlaceOrder (Web.Ecommerce)'
2024-08-29 14:05:46.043 +05:30  VRB  Connection id "0HN680LNNOUO1" sending "DATA" frame for stream ID 1 with length 0 and flags "END_STREAM".
2024-08-29 14:05:46.044 +05:30  DBG  'EcommerceDbContext' disposed.
2024-08-29 14:05:46.049 +05:30  DBG  Disposing connection to database 'Ecommerce' on server 'FGS-DSK-230\MSSQLSERVER2019'.
2024-08-29 14:05:46.050 +05:30  DBG  Disposed connection to database '' on server '' (1ms).
2024-08-29 14:05:46.051 +05:30  INF  Request finished HTTP/2 POST https://localhost:7113/api/Order/Place Order - 200 null application/json; charset=utf-8 790.9255ms
2024-08-29 14:08:01.128 +05:30  DBG  Connection id "0HN680LNNOUO1" received FIN.
2024-08-29 14:08:01.136 +05:30  DBG  Connection id "0HN680LNNOUO1" is closed. The last processed stream ID was 1.
2024-08-29 14:08:01.136 +05:30  DBG  Connection id "0HN680LNNOUO1" sending FIN because: "The Socket transport's send loop completed gracefully."
2024-08-29 14:08:01.140 +05:30  DBG  The connection queue processing loop for 0HN680LNNOUO1 completed.
2024-08-29 14:08:01.141 +05:30  DBG  Connection id "0HN680LNNOUO1" stopped.
2024-08-29 14:08:58.025 +05:30  DBG  Registered model binder providers, in the following order: ["Microsoft.AspNetCore.Mvc.ModelBinding.Binders.BinderTypeModelBinderProvider","Microsoft.AspNetCore.Mvc.ModelBinding.Binders.ServicesModelBinderProvider","Microsoft.AspNetCore.Mvc.ModelBinding.Binders.BodyModelBinderProvider","Microsoft.AspNetCore.Mvc.ModelBinding.Binders.HeaderModelBinderProvider","Microsoft.AspNetCore.Mvc.ModelBinding.Binders.FloatingPointTypeModelBinderProvider","Microsoft.AspNetCore.Mvc.ModelBinding.Binders.EnumTypeModelBinderProvider","Microsoft.AspNetCore.Mvc.ModelBinding.Binders.DateTimeModelBinderProvider","Microsoft.AspNetCore.Mvc.ModelBinding.Binders.SimpleTypeModelBinderProvider","Microsoft.AspNetCore.Mvc.ModelBinding.Binders.TryParseModelBinderProvider","Microsoft.AspNetCore.Mvc.ModelBinding.Binders.CancellationTokenModelBinderProvider","Microsoft.AspNetCore.Mvc.ModelBinding.Binders.ByteArrayModelBinderProvider","Microsoft.AspNetCore.Mvc.ModelBinding.Binders.FormFileModelBinderProvider","Microsoft.AspNetCore.Mvc.ModelBinding.Binders.FormCollectionModelBinderProvider","Microsoft.AspNetCore.Mvc.ModelBinding.Binders.KeyValuePairModelBinderProvider","Microsoft.AspNetCore.Mvc.ModelBinding.Binders.DictionaryModelBinderProvider","Microsoft.AspNetCore.Mvc.ModelBinding.Binders.ArrayModelBinderProvider","Microsoft.AspNetCore.Mvc.ModelBinding.Binders.CollectionModelBinderProvider","Microsoft.AspNetCore.Mvc.ModelBinding.Binders.ComplexObjectModelBinderProvider"]
2024-08-29 14:08:58.224 +05:30  DBG  An 'IServiceProvider' was created for internal use by Entity Framework.
2024-08-29 14:08:58.304 +05:30  INF  User profile is available. Using 'C:\Users\arjun.hariprasad\AppData\Local\ASP.NET\DataProtection-Keys' as key repository and Windows DPAPI to encrypt keys at rest.
2024-08-29 14:08:58.611 +05:30  WRN  Navigations 'Order.Payments' and 'Payment.Order' were separated into two relationships since the [ForeignKey] attribute was specified on navigations on both sides.
2024-08-29 14:08:58.618 +05:30  WRN  Navigations 'Order.Return' and 'Return.Order' were separated into two relationships since the [ForeignKey] attribute was specified on navigations on both sides.
2024-08-29 14:08:58.622 +05:30  WRN  Navigations 'Payment.Return' and 'Return.Payment' were separated into two relationships since the [ForeignKey] attribute was specified on navigations on both sides.
2024-08-29 14:08:58.693 +05:30  WRN  Navigations 'Order.Payments' and 'Payment.Order' were separated into two relationships since the [ForeignKey] attribute was specified on navigations on both sides.
2024-08-29 14:08:58.696 +05:30  WRN  Navigations 'Payment.Order' and 'Order.Payments' were separated into two relationships since the [ForeignKey] attribute was specified on navigations on both sides.
2024-08-29 14:08:58.697 +05:30  WRN  Navigations 'Payment.Order' and 'Order.Payments' were separated into two relationships since the [ForeignKey] attribute was specified on navigations on both sides.
2024-08-29 14:08:58.699 +05:30  WRN  Navigations 'Payment.Order' and 'Order.Payments' were separated into two relationships since the [ForeignKey] attribute was specified on navigations on both sides.
2024-08-29 14:08:58.701 +05:30  WRN  Navigations 'Order.Return' and 'Return.Order' were separated into two relationships since the [ForeignKey] attribute was specified on navigations on both sides.
2024-08-29 14:08:58.704 +05:30  WRN  Navigations 'Return.Order' and 'Order.Return' were separated into two relationships since the [ForeignKey] attribute was specified on navigations on both sides.
2024-08-29 14:08:58.706 +05:30  WRN  Navigations 'Return.Order' and 'Order.Return' were separated into two relationships since the [ForeignKey] attribute was specified on navigations on both sides.
2024-08-29 14:08:58.707 +05:30  WRN  Navigations 'Return.Order' and 'Order.Return' were separated into two relationships since the [ForeignKey] attribute was specified on navigations on both sides.
2024-08-29 14:08:58.725 +05:30  DBG  The index {'UserId'} was not created on entity type 'IdentityUserRole<Guid>' as the properties are already covered by the index {'UserId', 'RoleId'}.
2024-08-29 14:08:58.728 +05:30  DBG  The index {'UserId'} was not created on entity type 'IdentityUserToken<Guid>' as the properties are already covered by the index {'UserId', 'LoginProvider', 'Name'}.
2024-08-29 14:08:58.840 +05:30  DBG  The property 'Product.UserId' was created in shadow state because there are no eligible CLR members with a matching name.
2024-08-29 14:08:58.959 +05:30  DBG  Entity Framework Core 8.0.8 initialized 'EcommerceDbContext' using provider 'Microsoft.EntityFrameworkCore.SqlServer:8.0.8' with options: None
2024-08-29 14:08:59.033 +05:30  DBG  Compiling query expression: 
'DbSet<IdentityRole<Guid>>()
    .FirstOrDefault(r => r.NormalizedName == __normalizedName_0)'
2024-08-29 14:08:59.164 +05:30  DBG  Generated query execution expression: 
'queryContext => ShapedQueryCompilingExpressionVisitor.SingleOrDefaultAsync<IdentityRole<Guid>>(
    asyncEnumerable: new SingleQueryingEnumerable<IdentityRole<Guid>>(
        (RelationalQueryContext)queryContext, 
        RelationalCommandCache.QueryExpression(
            Projection Mapping:
                EmptyProjectionMember -> Dictionary<IProperty, int> { [Property: IdentityRole<Guid>.Id (Guid) Required PK AfterSave:Throw ValueGenerated.OnAdd, 0], [Property: IdentityRole<Guid>.ConcurrencyStamp (string) Concurrency, 1], [Property: IdentityRole<Guid>.Name (string) MaxLength(256), 2], [Property: IdentityRole<Guid>.NormalizedName (string) Index MaxLength(256), 3] }
            SELECT TOP(1) a.Id, a.ConcurrencyStamp, a.Name, a.NormalizedName
            FROM AspNetRoles AS a
            WHERE a.NormalizedName == @__normalizedName_0), 
        null, 
        Func<QueryContext, DbDataReader, ResultContext, SingleQueryResultCoordinator, IdentityRole<Guid>>, 
        Persistance.EcommerceDbContext, 
        False, 
        False, 
        True
    ), 
    cancellationToken: queryContext.CancellationToken)'
2024-08-29 14:08:59.199 +05:30  DBG  Creating DbConnection.
2024-08-29 14:08:59.214 +05:30  DBG  Created DbConnection. (17ms).
2024-08-29 14:08:59.219 +05:30  DBG  Opening connection to database 'Ecommerce' on server 'FGS-DSK-230\MSSQLSERVER2019'.
2024-08-29 14:08:59.421 +05:30  DBG  Opened connection to database 'Ecommerce' on server 'FGS-DSK-230\MSSQLSERVER2019'.
2024-08-29 14:08:59.425 +05:30  DBG  Creating DbCommand for 'ExecuteReader'.
2024-08-29 14:08:59.431 +05:30  DBG  Created DbCommand for 'ExecuteReader' (3ms).
2024-08-29 14:08:59.438 +05:30  DBG  Initialized DbCommand for 'ExecuteReader' (13ms).
2024-08-29 14:08:59.446 +05:30  DBG  Executing DbCommand [Parameters=[@__normalizedName_0='?' (Size = 256)], CommandType='"Text"', CommandTimeout='30']
SELECT TOP(1) [a].[Id], [a].[ConcurrencyStamp], [a].[Name], [a].[NormalizedName]
FROM [AspNetRoles] AS [a]
WHERE [a].[NormalizedName] = @__normalizedName_0
2024-08-29 14:08:59.494 +05:30  INF  Executed DbCommand (48ms) [Parameters=[@__normalizedName_0='?' (Size = 256)], CommandType='"Text"', CommandTimeout='30']
SELECT TOP(1) [a].[Id], [a].[ConcurrencyStamp], [a].[Name], [a].[NormalizedName]
FROM [AspNetRoles] AS [a]
WHERE [a].[NormalizedName] = @__normalizedName_0
2024-08-29 14:08:59.534 +05:30  DBG  Context 'EcommerceDbContext' started tracking 'IdentityRole' entity. Consider using 'DbContextOptionsBuilder.EnableSensitiveDataLogging' to see key values.
2024-08-29 14:08:59.552 +05:30  DBG  Closing data reader to 'Ecommerce' on server 'FGS-DSK-230\MSSQLSERVER2019'.
2024-08-29 14:08:59.560 +05:30  DBG  A data reader for 'Ecommerce' on server 'FGS-DSK-230\MSSQLSERVER2019' is being disposed after spending 58ms reading results.
2024-08-29 14:08:59.565 +05:30  DBG  Closing connection to database 'Ecommerce' on server 'FGS-DSK-230\MSSQLSERVER2019'.
2024-08-29 14:08:59.570 +05:30  DBG  Closed connection to database 'Ecommerce' on server 'FGS-DSK-230\MSSQLSERVER2019' (5ms).
2024-08-29 14:08:59.574 +05:30  DBG  Opening connection to database 'Ecommerce' on server 'FGS-DSK-230\MSSQLSERVER2019'.
2024-08-29 14:08:59.576 +05:30  DBG  Opened connection to database 'Ecommerce' on server 'FGS-DSK-230\MSSQLSERVER2019'.
2024-08-29 14:08:59.577 +05:30  DBG  Creating DbCommand for 'ExecuteReader'.
2024-08-29 14:08:59.578 +05:30  DBG  Created DbCommand for 'ExecuteReader' (0ms).
2024-08-29 14:08:59.579 +05:30  DBG  Initialized DbCommand for 'ExecuteReader' (1ms).
2024-08-29 14:08:59.579 +05:30  DBG  Executing DbCommand [Parameters=[@__normalizedName_0='?' (Size = 256)], CommandType='"Text"', CommandTimeout='30']
SELECT TOP(1) [a].[Id], [a].[ConcurrencyStamp], [a].[Name], [a].[NormalizedName]
FROM [AspNetRoles] AS [a]
WHERE [a].[NormalizedName] = @__normalizedName_0
2024-08-29 14:08:59.587 +05:30  INF  Executed DbCommand (8ms) [Parameters=[@__normalizedName_0='?' (Size = 256)], CommandType='"Text"', CommandTimeout='30']
SELECT TOP(1) [a].[Id], [a].[ConcurrencyStamp], [a].[Name], [a].[NormalizedName]
FROM [AspNetRoles] AS [a]
WHERE [a].[NormalizedName] = @__normalizedName_0
2024-08-29 14:08:59.589 +05:30  DBG  Context 'EcommerceDbContext' started tracking 'IdentityRole' entity. Consider using 'DbContextOptionsBuilder.EnableSensitiveDataLogging' to see key values.
2024-08-29 14:08:59.590 +05:30  DBG  Closing data reader to 'Ecommerce' on server 'FGS-DSK-230\MSSQLSERVER2019'.
2024-08-29 14:08:59.591 +05:30  DBG  A data reader for 'Ecommerce' on server 'FGS-DSK-230\MSSQLSERVER2019' is being disposed after spending 2ms reading results.
2024-08-29 14:08:59.592 +05:30  DBG  Closing connection to database 'Ecommerce' on server 'FGS-DSK-230\MSSQLSERVER2019'.
2024-08-29 14:08:59.594 +05:30  DBG  Closed connection to database 'Ecommerce' on server 'FGS-DSK-230\MSSQLSERVER2019' (1ms).
2024-08-29 14:08:59.595 +05:30  DBG  Opening connection to database 'Ecommerce' on server 'FGS-DSK-230\MSSQLSERVER2019'.
2024-08-29 14:08:59.596 +05:30  DBG  Opened connection to database 'Ecommerce' on server 'FGS-DSK-230\MSSQLSERVER2019'.
2024-08-29 14:08:59.597 +05:30  DBG  Creating DbCommand for 'ExecuteReader'.
2024-08-29 14:08:59.598 +05:30  DBG  Created DbCommand for 'ExecuteReader' (0ms).
2024-08-29 14:08:59.599 +05:30  DBG  Initialized DbCommand for 'ExecuteReader' (1ms).
2024-08-29 14:08:59.600 +05:30  DBG  Executing DbCommand [Parameters=[@__normalizedName_0='?' (Size = 256)], CommandType='"Text"', CommandTimeout='30']
SELECT TOP(1) [a].[Id], [a].[ConcurrencyStamp], [a].[Name], [a].[NormalizedName]
FROM [AspNetRoles] AS [a]
WHERE [a].[NormalizedName] = @__normalizedName_0
2024-08-29 14:08:59.602 +05:30  INF  Executed DbCommand (2ms) [Parameters=[@__normalizedName_0='?' (Size = 256)], CommandType='"Text"', CommandTimeout='30']
SELECT TOP(1) [a].[Id], [a].[ConcurrencyStamp], [a].[Name], [a].[NormalizedName]
FROM [AspNetRoles] AS [a]
WHERE [a].[NormalizedName] = @__normalizedName_0
2024-08-29 14:08:59.604 +05:30  DBG  Context 'EcommerceDbContext' started tracking 'IdentityRole' entity. Consider using 'DbContextOptionsBuilder.EnableSensitiveDataLogging' to see key values.
2024-08-29 14:08:59.605 +05:30  DBG  Closing data reader to 'Ecommerce' on server 'FGS-DSK-230\MSSQLSERVER2019'.
2024-08-29 14:08:59.606 +05:30  DBG  A data reader for 'Ecommerce' on server 'FGS-DSK-230\MSSQLSERVER2019' is being disposed after spending 2ms reading results.
2024-08-29 14:08:59.607 +05:30  DBG  Closing connection to database 'Ecommerce' on server 'FGS-DSK-230\MSSQLSERVER2019'.
2024-08-29 14:08:59.608 +05:30  DBG  Closed connection to database 'Ecommerce' on server 'FGS-DSK-230\MSSQLSERVER2019' (0ms).
2024-08-29 14:08:59.614 +05:30  DBG  Compiling query expression: 
'DbSet<User>()
    .SingleOrDefault(u => u.NormalizedEmail == __normalizedEmail_0)'
2024-08-29 14:08:59.622 +05:30  DBG  Generated query execution expression: 
'queryContext => ShapedQueryCompilingExpressionVisitor.SingleOrDefaultAsync<User>(
    asyncEnumerable: new SingleQueryingEnumerable<User>(
        (RelationalQueryContext)queryContext, 
        RelationalCommandCache.QueryExpression(
            Projection Mapping:
                EmptyProjectionMember -> Dictionary<IProperty, int> { [Property: User.Id (Guid) Required PK AfterSave:Throw ValueGenerated.OnAdd, 0], [Property: User.AccessFailedCount (int) Required, 1], [Property: User.ConcurrencyStamp (string) Concurrency, 2], [Property: User.CreatedAt (DateTime) Required, 3], [Property: User.Email (string) MaxLength(256), 4], [Property: User.EmailConfirmed (bool) Required, 5], [Property: User.IsDeleted (bool) Required, 6], [Property: User.IsVerified (bool) Required, 7], [Property: User.LockoutEnabled (bool) Required, 8], [Property: User.LockoutEnd (DateTimeOffset?), 9], [Property: User.NormalizedEmail (string) Index MaxLength(256), 10], [Property: User.NormalizedUserName (string) Index MaxLength(256), 11], [Property: User.PasswordHash (string), 12], [Property: User.PhoneNumber (string), 13], [Property: User.PhoneNumberConfirmed (bool) Required, 14], [Property: User.SecurityStamp (string), 15], [Property: User.TwoFactorEnabled (bool) Required, 16], [Property: User.UpdatedAt (DateTime) Required, 17], [Property: User.UserName (string) MaxLength(256), 18] }
            SELECT TOP(2) a.Id, a.AccessFailedCount, a.ConcurrencyStamp, a.CreatedAt, a.Email, a.EmailConfirmed, a.IsDeleted, a.IsVerified, a.LockoutEnabled, a.LockoutEnd, a.NormalizedEmail, a.NormalizedUserName, a.PasswordHash, a.PhoneNumber, a.PhoneNumberConfirmed, a.SecurityStamp, a.TwoFactorEnabled, a.UpdatedAt, a.UserName
            FROM AspNetUsers AS a
            WHERE a.NormalizedEmail == @__normalizedEmail_0), 
        null, 
        Func<QueryContext, DbDataReader, ResultContext, SingleQueryResultCoordinator, User>, 
        Persistance.EcommerceDbContext, 
        False, 
        False, 
        True
    ), 
    cancellationToken: queryContext.CancellationToken)'
2024-08-29 14:08:59.629 +05:30  DBG  Opening connection to database 'Ecommerce' on server 'FGS-DSK-230\MSSQLSERVER2019'.
2024-08-29 14:08:59.630 +05:30  DBG  Opened connection to database 'Ecommerce' on server 'FGS-DSK-230\MSSQLSERVER2019'.
2024-08-29 14:08:59.631 +05:30  DBG  Creating DbCommand for 'ExecuteReader'.
2024-08-29 14:08:59.632 +05:30  DBG  Created DbCommand for 'ExecuteReader' (0ms).
2024-08-29 14:08:59.632 +05:30  DBG  Initialized DbCommand for 'ExecuteReader' (1ms).
2024-08-29 14:08:59.633 +05:30  DBG  Executing DbCommand [Parameters=[@__normalizedEmail_0='?' (Size = 256)], CommandType='"Text"', CommandTimeout='30']
SELECT TOP(2) [a].[Id], [a].[AccessFailedCount], [a].[ConcurrencyStamp], [a].[CreatedAt], [a].[Email], [a].[EmailConfirmed], [a].[IsDeleted], [a].[IsVerified], [a].[LockoutEnabled], [a].[LockoutEnd], [a].[NormalizedEmail], [a].[NormalizedUserName], [a].[PasswordHash], [a].[PhoneNumber], [a].[PhoneNumberConfirmed], [a].[SecurityStamp], [a].[TwoFactorEnabled], [a].[UpdatedAt], [a].[UserName]
FROM [AspNetUsers] AS [a]
WHERE [a].[NormalizedEmail] = @__normalizedEmail_0
2024-08-29 14:08:59.637 +05:30  INF  Executed DbCommand (4ms) [Parameters=[@__normalizedEmail_0='?' (Size = 256)], CommandType='"Text"', CommandTimeout='30']
SELECT TOP(2) [a].[Id], [a].[AccessFailedCount], [a].[ConcurrencyStamp], [a].[CreatedAt], [a].[Email], [a].[EmailConfirmed], [a].[IsDeleted], [a].[IsVerified], [a].[LockoutEnabled], [a].[LockoutEnd], [a].[NormalizedEmail], [a].[NormalizedUserName], [a].[PasswordHash], [a].[PhoneNumber], [a].[PhoneNumberConfirmed], [a].[SecurityStamp], [a].[TwoFactorEnabled], [a].[UpdatedAt], [a].[UserName]
FROM [AspNetUsers] AS [a]
WHERE [a].[NormalizedEmail] = @__normalizedEmail_0
2024-08-29 14:08:59.659 +05:30  DBG  Context 'EcommerceDbContext' started tracking 'User' entity. Consider using 'DbContextOptionsBuilder.EnableSensitiveDataLogging' to see key values.
2024-08-29 14:08:59.686 +05:30  DBG  Closing data reader to 'Ecommerce' on server 'FGS-DSK-230\MSSQLSERVER2019'.
2024-08-29 14:08:59.688 +05:30  DBG  A data reader for 'Ecommerce' on server 'FGS-DSK-230\MSSQLSERVER2019' is being disposed after spending 46ms reading results.
2024-08-29 14:08:59.689 +05:30  DBG  Closing connection to database 'Ecommerce' on server 'FGS-DSK-230\MSSQLSERVER2019'.
2024-08-29 14:08:59.690 +05:30  DBG  Closed connection to database 'Ecommerce' on server 'FGS-DSK-230\MSSQLSERVER2019' (0ms).
2024-08-29 14:08:59.693 +05:30  DBG  'EcommerceDbContext' disposed.
2024-08-29 14:08:59.695 +05:30  DBG  Disposing connection to database 'Ecommerce' on server 'FGS-DSK-230\MSSQLSERVER2019'.
2024-08-29 14:08:59.696 +05:30  DBG  Disposed connection to database '' on server '' (1ms).
2024-08-29 14:08:59.700 +05:30  DBG  Hosting starting
2024-08-29 14:08:59.705 +05:30  DBG  Reading data from file 'C:\Users\arjun.hariprasad\AppData\Local\ASP.NET\DataProtection-Keys\key-36f6fa2d-df91-4e24-9271-a530e4737995.xml'.
2024-08-29 14:08:59.713 +05:30  DBG  Found key {36f6fa2d-df91-4e24-9271-a530e4737995}.
2024-08-29 14:08:59.721 +05:30  DBG  Considering key {36f6fa2d-df91-4e24-9271-a530e4737995} with expiration date 2024-10-20 08:26:28Z as default key.
2024-08-29 14:08:59.725 +05:30  DBG  Forwarded activator type request from Microsoft.AspNetCore.DataProtection.XmlEncryption.DpapiXmlDecryptor, Microsoft.AspNetCore.DataProtection, Version=8.0.0.0, Culture=neutral, PublicKeyToken=adb9793829ddae60 to Microsoft.AspNetCore.DataProtection.XmlEncryption.DpapiXmlDecryptor, Microsoft.AspNetCore.DataProtection, Culture=neutral, PublicKeyToken=adb9793829ddae60
2024-08-29 14:08:59.727 +05:30  DBG  Decrypting secret element using Windows DPAPI.
2024-08-29 14:08:59.728 +05:30  DBG  Forwarded activator type request from Microsoft.AspNetCore.DataProtection.AuthenticatedEncryption.ConfigurationModel.AuthenticatedEncryptorDescriptorDeserializer, Microsoft.AspNetCore.DataProtection, Version=8.0.0.0, Culture=neutral, PublicKeyToken=adb9793829ddae60 to Microsoft.AspNetCore.DataProtection.AuthenticatedEncryption.ConfigurationModel.AuthenticatedEncryptorDescriptorDeserializer, Microsoft.AspNetCore.DataProtection, Culture=neutral, PublicKeyToken=adb9793829ddae60
2024-08-29 14:08:59.730 +05:30  DBG  Opening CNG algorithm 'AES' from provider 'null' with chaining mode CBC.
2024-08-29 14:08:59.733 +05:30  DBG  Opening CNG algorithm 'SHA256' from provider 'null' with HMAC.
2024-08-29 14:08:59.737 +05:30  DBG  Using key {36f6fa2d-df91-4e24-9271-a530e4737995} as the default key.
2024-08-29 14:08:59.738 +05:30  DBG  Key ring with default key {36f6fa2d-df91-4e24-9271-a530e4737995} was loaded during application startup.
2024-08-29 14:08:59.889 +05:30  INF  Now listening on: https://localhost:7113
2024-08-29 14:08:59.891 +05:30  INF  Now listening on: http://localhost:5081
2024-08-29 14:08:59.892 +05:30  DBG  Loaded hosting startup assembly Web.Ecommerce
2024-08-29 14:08:59.892 +05:30  DBG  Loaded hosting startup assembly Microsoft.AspNetCore.Watch.BrowserRefresh
2024-08-29 14:08:59.893 +05:30  DBG  Loaded hosting startup assembly Microsoft.WebTools.BrowserLink.Net
2024-08-29 14:08:59.894 +05:30  INF  Application started. Press Ctrl+C to shut down.
2024-08-29 14:08:59.895 +05:30  INF  Hosting environment: Development
2024-08-29 14:08:59.895 +05:30  INF  Content root path: C:\Users\arjun.hariprasad\source\.NET\Ecommerce\EcommerceSolution\CodeBase\Src\Presentation\Web.Ecommerce
2024-08-29 14:08:59.897 +05:30  DBG  Hosting started
2024-08-29 14:09:00.318 +05:30  DBG  Connection id "0HN680O3Q3RTV" accepted.
2024-08-29 14:09:00.318 +05:30  DBG  Connection id "0HN680O3Q3RTU" accepted.
2024-08-29 14:09:00.320 +05:30  DBG  Connection id "0HN680O3Q3RTV" started.
2024-08-29 14:09:00.321 +05:30  DBG  Connection id "0HN680O3Q3RTU" started.
2024-08-29 14:09:00.337 +05:30  DBG  Connection id "0HN680O3Q3RTU" received FIN.
2024-08-29 14:09:00.337 +05:30  DBG  Connection id "0HN680O3Q3RTV" received FIN.
2024-08-29 14:09:00.344 +05:30  DBG  Failed to authenticate HTTPS connection.System.IO.IOException: Received an unexpected EOF or 0 bytes from the transport stream.
   at System.Net.Security.SslStream.ReceiveHandshakeFrameAsync[TIOAdapter](CancellationToken cancellationToken)
   at System.Net.Security.SslStream.ForceAuthenticationAsync[TIOAdapter](Boolean receiveFirst, Byte[] reAuthenticationData, CancellationToken cancellationToken)
   at System.Net.Security.SslStream.ProcessAuthenticationWithTelemetryAsync(Boolean isAsync, CancellationToken cancellationToken)
   at Microsoft.AspNetCore.Server.Kestrel.Https.Internal.HttpsConnectionMiddleware.OnConnectionAsync(ConnectionContext context)

2024-08-29 14:09:00.344 +05:30  DBG  Failed to authenticate HTTPS connection.System.IO.IOException: Received an unexpected EOF or 0 bytes from the transport stream.
   at System.Net.Security.SslStream.ReceiveHandshakeFrameAsync[TIOAdapter](CancellationToken cancellationToken)
   at System.Net.Security.SslStream.ForceAuthenticationAsync[TIOAdapter](Boolean receiveFirst, Byte[] reAuthenticationData, CancellationToken cancellationToken)
   at System.Net.Security.SslStream.ProcessAuthenticationWithTelemetryAsync(Boolean isAsync, CancellationToken cancellationToken)
   at Microsoft.AspNetCore.Server.Kestrel.Https.Internal.HttpsConnectionMiddleware.OnConnectionAsync(ConnectionContext context)

2024-08-29 14:09:00.355 +05:30  DBG  Connection id "0HN680O3Q3RTU" stopped.
2024-08-29 14:09:00.356 +05:30  DBG  Connection id "0HN680O3Q3RTV" stopped.
2024-08-29 14:09:00.358 +05:30  DBG  Connection id "0HN680O3Q3RTU" sending FIN because: "The Socket transport's send loop completed gracefully."
2024-08-29 14:09:00.358 +05:30  DBG  Connection id "0HN680O3Q3RTV" sending FIN because: "The Socket transport's send loop completed gracefully."
2024-08-29 14:09:00.967 +05:30  DBG  Connection id "0HN680O3Q3RU0" accepted.
2024-08-29 14:09:00.969 +05:30  DBG  Connection id "0HN680O3Q3RU0" started.
2024-08-29 14:09:01.005 +05:30  DBG  Connection 0HN680O3Q3RU0 established using the following protocol: "Tls12"
2024-08-29 14:09:01.028 +05:30  VRB  Connection id "0HN680O3Q3RU0" sending "SETTINGS" frame for stream ID 0 with length 24 and flags "NONE".
2024-08-29 14:09:01.032 +05:30  VRB  Connection id "0HN680O3Q3RU0" sending "WINDOW_UPDATE" frame for stream ID 0 with length 4 and flags 0x0.
2024-08-29 14:09:01.034 +05:30  VRB  Connection id "0HN680O3Q3RU0" received "SETTINGS" frame for stream ID 0 with length 24 and flags "NONE".
2024-08-29 14:09:01.036 +05:30  VRB  Connection id "0HN680O3Q3RU0" sending "SETTINGS" frame for stream ID 0 with length 0 and flags "ACK".
2024-08-29 14:09:01.037 +05:30  VRB  Connection id "0HN680O3Q3RU0" received "WINDOW_UPDATE" frame for stream ID 0 with length 4 and flags 0x0.
2024-08-29 14:09:01.040 +05:30  VRB  Connection id "0HN680O3Q3RU0" received "HEADERS" frame for stream ID 1 with length 469 and flags "END_STREAM, END_HEADERS, PRIORITY".
2024-08-29 14:09:01.061 +05:30  VRB  Connection id "0HN680O3Q3RU0" received "SETTINGS" frame for stream ID 0 with length 0 and flags "ACK".
2024-08-29 14:09:01.079 +05:30  INF  Request starting HTTP/2 GET https://localhost:7113/swagger/index.html - null null
2024-08-29 14:09:01.179 +05:30  DBG  Wildcard detected, all requests with hosts will be allowed.
2024-08-29 14:09:01.182 +05:30  VRB  All hosts are allowed.
2024-08-29 14:09:01.199 +05:30  DBG  No candidates found for the request path '/swagger/index.html'
2024-08-29 14:09:01.200 +05:30  DBG  Request did not match any endpoints
2024-08-29 14:09:01.295 +05:30  DBG  Response markup is scheduled to include Browser Link script injection.
2024-08-29 14:09:01.297 +05:30  DBG  Response markup is scheduled to include browser refresh script injection.
2024-08-29 14:09:01.301 +05:30  VRB  Connection id "0HN680O3Q3RU0" sending "HEADERS" frame for stream ID 1 with length 66 and flags "END_HEADERS".
2024-08-29 14:09:01.303 +05:30  VRB  Connection id "0HN680O3Q3RU0" sending "DATA" frame for stream ID 1 with length 698 and flags "NONE".
2024-08-29 14:09:01.303 +05:30  DBG  Response markup was updated to include Browser Link script injection.
2024-08-29 14:09:01.306 +05:30  VRB  Connection id "0HN680O3Q3RU0" sending "DATA" frame for stream ID 1 with length 438 and flags "NONE".
2024-08-29 14:09:01.308 +05:30  DBG  Response markup was updated to include browser refresh script injection.
2024-08-29 14:09:01.311 +05:30  VRB  Connection id "0HN680O3Q3RU0" sending "DATA" frame for stream ID 1 with length 0 and flags "END_STREAM".
2024-08-29 14:09:01.312 +05:30  INF  Request finished HTTP/2 GET https://localhost:7113/swagger/index.html - 200 null text/html;charset=utf-8 236.7153ms
2024-08-29 14:09:01.320 +05:30  VRB  Connection id "0HN680O3Q3RU0" received "HEADERS" frame for stream ID 3 with length 115 and flags "END_STREAM, END_HEADERS, PRIORITY".
2024-08-29 14:09:01.324 +05:30  VRB  Connection id "0HN680O3Q3RU0" received "HEADERS" frame for stream ID 5 with length 35 and flags "END_STREAM, END_HEADERS, PRIORITY".
2024-08-29 14:09:01.324 +05:30  INF  Request starting HTTP/2 GET https://localhost:7113/_framework/aspnetcore-browser-refresh.js - null null
2024-08-29 14:09:01.327 +05:30  VRB  Connection id "0HN680O3Q3RU0" received "HEADERS" frame for stream ID 7 with length 58 and flags "END_STREAM, END_HEADERS, PRIORITY".
2024-08-29 14:09:01.327 +05:30  INF  Request starting HTTP/2 GET https://localhost:7113/swagger/index.js - null null
2024-08-29 14:09:01.333 +05:30  INF  Request starting HTTP/2 GET https://localhost:7113/_vs/browserLink - null null
2024-08-29 14:09:01.336 +05:30  VRB  All hosts are allowed.
2024-08-29 14:09:01.338 +05:30  VRB  Connection id "0HN680O3Q3RU0" sending "HEADERS" frame for stream ID 3 with length 60 and flags "END_HEADERS".
2024-08-29 14:09:01.341 +05:30  VRB  Connection id "0HN680O3Q3RU0" sending "DATA" frame for stream ID 3 with length 13762 and flags "NONE".
2024-08-29 14:09:01.342 +05:30  DBG  No candidates found for the request path '/swagger/index.js'
2024-08-29 14:09:01.347 +05:30  DBG  Request did not match any endpoints
2024-08-29 14:09:01.360 +05:30  VRB  Connection id "0HN680O3Q3RU0" sending "DATA" frame for stream ID 3 with length 0 and flags "END_STREAM".
2024-08-29 14:09:01.360 +05:30  INF  Request finished HTTP/2 GET https://localhost:7113/_framework/aspnetcore-browser-refresh.js - 200 13762 application/javascript; charset=utf-8 35.96ms
2024-08-29 14:09:01.361 +05:30  INF  Request finished HTTP/2 GET https://localhost:7113/swagger/index.js - 200 null application/javascript;charset=utf-8 33.4751ms
2024-08-29 14:09:01.364 +05:30  VRB  Connection id "0HN680O3Q3RU0" sending "HEADERS" frame for stream ID 5 with length 41 and flags "END_HEADERS".
2024-08-29 14:09:01.374 +05:30  VRB  Connection id "0HN680O3Q3RU0" sending "DATA" frame for stream ID 5 with length 3005 and flags "END_STREAM".
2024-08-29 14:09:01.379 +05:30  VRB  Connection id "0HN680O3Q3RU0" sending "HEADERS" frame for stream ID 7 with length 149 and flags "END_HEADERS".
2024-08-29 14:09:01.383 +05:30  VRB  Connection id "0HN680O3Q3RU0" sending "DATA" frame for stream ID 7 with length 9986 and flags "NONE".
2024-08-29 14:09:01.386 +05:30  VRB  Connection id "0HN680O3Q3RU0" sending "DATA" frame for stream ID 7 with length 10240 and flags "NONE".
2024-08-29 14:09:01.388 +05:30  VRB  Connection id "0HN680O3Q3RU0" sending "DATA" frame for stream ID 7 with length 10240 and flags "NONE".
2024-08-29 14:09:01.390 +05:30  VRB  Connection id "0HN680O3Q3RU0" sending "DATA" frame for stream ID 7 with length 10240 and flags "NONE".
2024-08-29 14:09:01.391 +05:30  VRB  Connection id "0HN680O3Q3RU0" sending "DATA" frame for stream ID 7 with length 10240 and flags "NONE".
2024-08-29 14:09:01.393 +05:30  VRB  Connection id "0HN680O3Q3RU0" sending "DATA" frame for stream ID 7 with length 10240 and flags "NONE".
2024-08-29 14:09:01.394 +05:30  VRB  Connection id "0HN680O3Q3RU0" sending "DATA" frame for stream ID 7 with length 10240 and flags "NONE".
2024-08-29 14:09:01.396 +05:30  VRB  Connection id "0HN680O3Q3RU0" sending "DATA" frame for stream ID 7 with length 10240 and flags "NONE".
2024-08-29 14:09:01.400 +05:30  VRB  Connection id "0HN680O3Q3RU0" sending "DATA" frame for stream ID 7 with length 10240 and flags "NONE".
2024-08-29 14:09:01.402 +05:30  VRB  Connection id "0HN680O3Q3RU0" sending "DATA" frame for stream ID 7 with length 10240 and flags "NONE".
2024-08-29 14:09:01.404 +05:30  VRB  Connection id "0HN680O3Q3RU0" sending "DATA" frame for stream ID 7 with length 10240 and flags "NONE".
2024-08-29 14:09:01.406 +05:30  VRB  Connection id "0HN680O3Q3RU0" sending "DATA" frame for stream ID 7 with length 10240 and flags "NONE".
2024-08-29 14:09:01.407 +05:30  VRB  Connection id "0HN680O3Q3RU0" sending "DATA" frame for stream ID 7 with length 10240 and flags "NONE".
2024-08-29 14:09:01.409 +05:30  VRB  Connection id "0HN680O3Q3RU0" sending "DATA" frame for stream ID 7 with length 10240 and flags "NONE".
2024-08-29 14:09:01.410 +05:30  VRB  Connection id "0HN680O3Q3RU0" sending "DATA" frame for stream ID 7 with length 10240 and flags "NONE".
2024-08-29 14:09:01.411 +05:30  VRB  Connection id "0HN680O3Q3RU0" sending "DATA" frame for stream ID 7 with length 160 and flags "NONE".
2024-08-29 14:09:01.412 +05:30  INF  Request finished HTTP/2 GET https://localhost:7113/_vs/browserLink - 200 null text/javascript; charset=UTF-8 79.4366ms
2024-08-29 14:09:01.414 +05:30  VRB  Connection id "0HN680O3Q3RU0" sending "DATA" frame for stream ID 7 with length 0 and flags "END_STREAM".
2024-08-29 14:09:01.448 +05:30  VRB  Connection id "0HN680O3Q3RU0" received "HEADERS" frame for stream ID 9 with length 74 and flags "END_STREAM, END_HEADERS, PRIORITY".
2024-08-29 14:09:01.452 +05:30  INF  Request starting HTTP/2 GET https://localhost:7113/swagger/v1/swagger.json - null null
2024-08-29 14:09:01.454 +05:30  VRB  All hosts are allowed.
2024-08-29 14:09:01.454 +05:30  DBG  No candidates found for the request path '/swagger/v1/swagger.json'
2024-08-29 14:09:01.455 +05:30  DBG  Request did not match any endpoints
2024-08-29 14:09:01.567 +05:30  VRB  Connection id "0HN680O3Q3RU0" sending "HEADERS" frame for stream ID 9 with length 35 and flags "END_HEADERS".
2024-08-29 14:09:01.570 +05:30  VRB  Connection id "0HN680O3Q3RU0" sending "DATA" frame for stream ID 9 with length 16384 and flags "NONE".
2024-08-29 14:09:01.572 +05:30  VRB  Connection id "0HN680O3Q3RU0" sending "DATA" frame for stream ID 9 with length 6467 and flags "NONE".
2024-08-29 14:09:01.575 +05:30  VRB  Connection id "0HN680O3Q3RU0" sending "DATA" frame for stream ID 9 with length 0 and flags "END_STREAM".
2024-08-29 14:09:01.575 +05:30  INF  Request finished HTTP/2 GET https://localhost:7113/swagger/v1/swagger.json - 200 null application/json;charset=utf-8 122.8711ms
2024-08-29 14:09:06.242 +05:30  DBG  Connection id "0HN680O3Q3RU0" received FIN.
2024-08-29 14:09:06.244 +05:30  DBG  Connection id "0HN680O3Q3RU0" is closed. The last processed stream ID was 9.
2024-08-29 14:09:06.245 +05:30  DBG  The connection queue processing loop for 0HN680O3Q3RU0 completed.
2024-08-29 14:09:06.246 +05:30  DBG  Connection id "0HN680O3Q3RU0" sending FIN because: "The Socket transport's send loop completed gracefully."
2024-08-29 14:09:06.256 +05:30  DBG  Connection id "0HN680O3Q3RU0" stopped.
2024-08-29 14:10:33.125 +05:30  DBG  Connection id "0HN680O3Q3RU1" accepted.
2024-08-29 14:10:33.126 +05:30  DBG  Connection id "0HN680O3Q3RU1" started.
2024-08-29 14:10:33.133 +05:30  DBG  Connection 0HN680O3Q3RU1 established using the following protocol: "Tls12"
2024-08-29 14:10:33.135 +05:30  VRB  Connection id "0HN680O3Q3RU1" sending "SETTINGS" frame for stream ID 0 with length 24 and flags "NONE".
2024-08-29 14:10:33.136 +05:30  VRB  Connection id "0HN680O3Q3RU1" sending "WINDOW_UPDATE" frame for stream ID 0 with length 4 and flags 0x0.
2024-08-29 14:10:33.138 +05:30  VRB  Connection id "0HN680O3Q3RU1" received "SETTINGS" frame for stream ID 0 with length 24 and flags "NONE".
2024-08-29 14:10:33.139 +05:30  VRB  Connection id "0HN680O3Q3RU1" sending "SETTINGS" frame for stream ID 0 with length 0 and flags "ACK".
2024-08-29 14:10:33.141 +05:30  VRB  Connection id "0HN680O3Q3RU1" received "WINDOW_UPDATE" frame for stream ID 0 with length 4 and flags 0x0.
2024-08-29 14:10:33.143 +05:30  VRB  Connection id "0HN680O3Q3RU1" received "HEADERS" frame for stream ID 1 with length 500 and flags "END_STREAM, END_HEADERS, PRIORITY".
2024-08-29 14:10:33.144 +05:30  VRB  Connection id "0HN680O3Q3RU1" received "SETTINGS" frame for stream ID 0 with length 0 and flags "ACK".
2024-08-29 14:10:33.144 +05:30  INF  Request starting HTTP/2 GET https://localhost:7113/swagger/index.html - null null
2024-08-29 14:10:33.156 +05:30  VRB  All hosts are allowed.
2024-08-29 14:10:33.156 +05:30  DBG  No candidates found for the request path '/swagger/index.html'
2024-08-29 14:10:33.157 +05:30  DBG  Request did not match any endpoints
2024-08-29 14:10:33.158 +05:30  DBG  Response markup is scheduled to include Browser Link script injection.
2024-08-29 14:10:33.158 +05:30  DBG  Response markup is scheduled to include browser refresh script injection.
2024-08-29 14:10:33.159 +05:30  VRB  Connection id "0HN680O3Q3RU1" sending "HEADERS" frame for stream ID 1 with length 66 and flags "END_HEADERS".
2024-08-29 14:10:33.159 +05:30  DBG  Response markup was updated to include Browser Link script injection.
2024-08-29 14:10:33.160 +05:30  VRB  Connection id "0HN680O3Q3RU1" sending "DATA" frame for stream ID 1 with length 1136 and flags "NONE".
2024-08-29 14:10:33.161 +05:30  DBG  Response markup was updated to include browser refresh script injection.
2024-08-29 14:10:33.163 +05:30  VRB  Connection id "0HN680O3Q3RU1" sending "DATA" frame for stream ID 1 with length 0 and flags "END_STREAM".
2024-08-29 14:10:33.163 +05:30  INF  Request finished HTTP/2 GET https://localhost:7113/swagger/index.html - 200 null text/html;charset=utf-8 18.4507ms
2024-08-29 14:10:33.174 +05:30  VRB  Connection id "0HN680O3Q3RU1" received "HEADERS" frame for stream ID 3 with length 57 and flags "END_STREAM, END_HEADERS, PRIORITY".
2024-08-29 14:10:33.177 +05:30  INF  Request starting HTTP/2 GET https://localhost:7113/swagger/index.js - null null
2024-08-29 14:10:33.177 +05:30  VRB  Connection id "0HN680O3Q3RU1" received "HEADERS" frame for stream ID 5 with length 52 and flags "END_STREAM, END_HEADERS, PRIORITY".
2024-08-29 14:10:33.178 +05:30  VRB  All hosts are allowed.
2024-08-29 14:10:33.180 +05:30  VRB  Connection id "0HN680O3Q3RU1" received "HEADERS" frame for stream ID 7 with length 57 and flags "END_STREAM, END_HEADERS, PRIORITY".
2024-08-29 14:10:33.180 +05:30  INF  Request starting HTTP/2 GET https://localhost:7113/_framework/aspnetcore-browser-refresh.js - null null
2024-08-29 14:10:33.180 +05:30  DBG  No candidates found for the request path '/swagger/index.js'
2024-08-29 14:10:33.185 +05:30  INF  Request starting HTTP/2 GET https://localhost:7113/_vs/browserLink - null null
2024-08-29 14:10:33.191 +05:30  VRB  Connection id "0HN680O3Q3RU1" sending "HEADERS" frame for stream ID 5 with length 60 and flags "END_HEADERS".
2024-08-29 14:10:33.194 +05:30  DBG  Request did not match any endpoints
2024-08-29 14:10:33.199 +05:30  VRB  Connection id "0HN680O3Q3RU1" sending "DATA" frame for stream ID 5 with length 13762 and flags "NONE".
2024-08-29 14:10:33.203 +05:30  INF  Request finished HTTP/2 GET https://localhost:7113/swagger/index.js - 200 null application/javascript;charset=utf-8 26.2101ms
2024-08-29 14:10:33.205 +05:30  VRB  Connection id "0HN680O3Q3RU1" sending "HEADERS" frame for stream ID 3 with length 41 and flags "END_HEADERS".
2024-08-29 14:10:33.205 +05:30  INF  Request finished HTTP/2 GET https://localhost:7113/_framework/aspnetcore-browser-refresh.js - 200 13762 application/javascript; charset=utf-8 25.2741ms
2024-08-29 14:10:33.209 +05:30  VRB  Connection id "0HN680O3Q3RU1" sending "DATA" frame for stream ID 3 with length 3005 and flags "END_STREAM".
2024-08-29 14:10:33.213 +05:30  VRB  Connection id "0HN680O3Q3RU1" sending "DATA" frame for stream ID 5 with length 0 and flags "END_STREAM".
2024-08-29 14:10:33.215 +05:30  VRB  Connection id "0HN680O3Q3RU1" sending "HEADERS" frame for stream ID 7 with length 149 and flags "END_HEADERS".
2024-08-29 14:10:33.217 +05:30  VRB  Connection id "0HN680O3Q3RU1" sending "DATA" frame for stream ID 7 with length 9986 and flags "NONE".
2024-08-29 14:10:33.218 +05:30  VRB  Connection id "0HN680O3Q3RU1" sending "DATA" frame for stream ID 7 with length 10240 and flags "NONE".
2024-08-29 14:10:33.221 +05:30  VRB  Connection id "0HN680O3Q3RU1" sending "DATA" frame for stream ID 7 with length 10240 and flags "NONE".
2024-08-29 14:10:33.222 +05:30  VRB  Connection id "0HN680O3Q3RU1" sending "DATA" frame for stream ID 7 with length 10240 and flags "NONE".
2024-08-29 14:10:33.224 +05:30  VRB  Connection id "0HN680O3Q3RU1" sending "DATA" frame for stream ID 7 with length 10240 and flags "NONE".
2024-08-29 14:10:33.225 +05:30  VRB  Connection id "0HN680O3Q3RU1" sending "DATA" frame for stream ID 7 with length 10240 and flags "NONE".
2024-08-29 14:10:33.227 +05:30  VRB  Connection id "0HN680O3Q3RU1" sending "DATA" frame for stream ID 7 with length 10240 and flags "NONE".
2024-08-29 14:10:33.228 +05:30  VRB  Connection id "0HN680O3Q3RU1" sending "DATA" frame for stream ID 7 with length 10240 and flags "NONE".
2024-08-29 14:10:33.230 +05:30  VRB  Connection id "0HN680O3Q3RU1" sending "DATA" frame for stream ID 7 with length 10240 and flags "NONE".
2024-08-29 14:10:33.232 +05:30  VRB  Connection id "0HN680O3Q3RU1" sending "DATA" frame for stream ID 7 with length 10240 and flags "NONE".
2024-08-29 14:10:33.233 +05:30  VRB  Connection id "0HN680O3Q3RU1" sending "DATA" frame for stream ID 7 with length 10240 and flags "NONE".
2024-08-29 14:10:33.235 +05:30  VRB  Connection id "0HN680O3Q3RU1" sending "DATA" frame for stream ID 7 with length 10240 and flags "NONE".
2024-08-29 14:10:33.237 +05:30  VRB  Connection id "0HN680O3Q3RU1" sending "DATA" frame for stream ID 7 with length 10240 and flags "NONE".
2024-08-29 14:10:33.238 +05:30  VRB  Connection id "0HN680O3Q3RU1" sending "DATA" frame for stream ID 7 with length 10240 and flags "NONE".
2024-08-29 14:10:33.240 +05:30  VRB  Connection id "0HN680O3Q3RU1" sending "DATA" frame for stream ID 7 with length 10240 and flags "NONE".
2024-08-29 14:10:33.241 +05:30  VRB  Connection id "0HN680O3Q3RU1" sending "DATA" frame for stream ID 7 with length 160 and flags "NONE".
2024-08-29 14:10:33.241 +05:30  INF  Request finished HTTP/2 GET https://localhost:7113/_vs/browserLink - 200 null text/javascript; charset=UTF-8 58.1037ms
2024-08-29 14:10:33.242 +05:30  VRB  Connection id "0HN680O3Q3RU1" sending "DATA" frame for stream ID 7 with length 0 and flags "END_STREAM".
2024-08-29 14:10:33.265 +05:30  VRB  Connection id "0HN680O3Q3RU1" received "HEADERS" frame for stream ID 9 with length 74 and flags "END_STREAM, END_HEADERS, PRIORITY".
2024-08-29 14:10:33.268 +05:30  INF  Request starting HTTP/2 GET https://localhost:7113/swagger/v1/swagger.json - null null
2024-08-29 14:10:33.272 +05:30  VRB  All hosts are allowed.
2024-08-29 14:10:33.272 +05:30  DBG  No candidates found for the request path '/swagger/v1/swagger.json'
2024-08-29 14:10:33.273 +05:30  DBG  Request did not match any endpoints
2024-08-29 14:10:33.285 +05:30  VRB  Connection id "0HN680O3Q3RU1" sending "HEADERS" frame for stream ID 9 with length 35 and flags "END_HEADERS".
2024-08-29 14:10:33.288 +05:30  VRB  Connection id "0HN680O3Q3RU1" sending "DATA" frame for stream ID 9 with length 16384 and flags "NONE".
2024-08-29 14:10:33.289 +05:30  VRB  Connection id "0HN680O3Q3RU1" sending "DATA" frame for stream ID 9 with length 6467 and flags "NONE".
2024-08-29 14:10:33.291 +05:30  VRB  Connection id "0HN680O3Q3RU1" sending "DATA" frame for stream ID 9 with length 0 and flags "END_STREAM".
2024-08-29 14:10:33.291 +05:30  INF  Request finished HTTP/2 GET https://localhost:7113/swagger/v1/swagger.json - 200 null application/json;charset=utf-8 22.958ms
2024-08-29 14:10:41.422 +05:30  DBG  Connection id "0HN680O3Q3RU1" received FIN.
2024-08-29 14:10:41.424 +05:30  DBG  Connection id "0HN680O3Q3RU1" is closed. The last processed stream ID was 9.
2024-08-29 14:10:41.424 +05:30  DBG  Connection id "0HN680O3Q3RU1" sending FIN because: "The Socket transport's send loop completed gracefully."
2024-08-29 14:10:41.427 +05:30  DBG  The connection queue processing loop for 0HN680O3Q3RU1 completed.
2024-08-29 14:10:41.428 +05:30  DBG  Connection id "0HN680O3Q3RU1" stopped.
2024-08-29 14:10:48.127 +05:30  DBG  Connection id "0HN680O3Q3RU2" accepted.
2024-08-29 14:10:48.128 +05:30  DBG  Connection id "0HN680O3Q3RU2" started.
2024-08-29 14:10:48.134 +05:30  DBG  Connection 0HN680O3Q3RU2 established using the following protocol: "Tls12"
2024-08-29 14:10:48.137 +05:30  VRB  Connection id "0HN680O3Q3RU2" sending "SETTINGS" frame for stream ID 0 with length 24 and flags "NONE".
2024-08-29 14:10:48.139 +05:30  VRB  Connection id "0HN680O3Q3RU2" sending "WINDOW_UPDATE" frame for stream ID 0 with length 4 and flags 0x0.
2024-08-29 14:10:48.141 +05:30  VRB  Connection id "0HN680O3Q3RU2" received "SETTINGS" frame for stream ID 0 with length 24 and flags "NONE".
2024-08-29 14:10:48.146 +05:30  VRB  Connection id "0HN680O3Q3RU2" sending "SETTINGS" frame for stream ID 0 with length 0 and flags "ACK".
2024-08-29 14:10:48.148 +05:30  VRB  Connection id "0HN680O3Q3RU2" received "WINDOW_UPDATE" frame for stream ID 0 with length 4 and flags 0x0.
2024-08-29 14:10:48.152 +05:30  VRB  Connection id "0HN680O3Q3RU2" received "HEADERS" frame for stream ID 1 with length 411 and flags "END_HEADERS, PRIORITY".
2024-08-29 14:10:48.154 +05:30  VRB  Connection id "0HN680O3Q3RU2" received "DATA" frame for stream ID 1 with length 205 and flags "END_STREAM".
2024-08-29 14:10:48.154 +05:30  INF  Request starting HTTP/2 POST https://localhost:7113/api/Order/Place Order - application/json 205
2024-08-29 14:10:48.156 +05:30  VRB  Connection id "0HN680O3Q3RU2" received "SETTINGS" frame for stream ID 0 with length 0 and flags "ACK".
2024-08-29 14:10:48.158 +05:30  VRB  All hosts are allowed.
2024-08-29 14:10:48.166 +05:30  DBG  1 candidate(s) found for the request path '/api/Order/Place Order'
2024-08-29 14:10:48.168 +05:30  DBG  Endpoint 'Web.Ecommerce.Controllers.Customer.OrderController.PlaceOrder (Web.Ecommerce)' with route pattern 'api/Order/Place Order' is valid for the request path '/api/Order/Place Order'
2024-08-29 14:10:48.170 +05:30  DBG  Request matched endpoint 'Web.Ecommerce.Controllers.Customer.OrderController.PlaceOrder (Web.Ecommerce)'
2024-08-29 14:10:48.171 +05:30  VRB  The endpoint does not specify the IRequestSizeLimitMetadata.
2024-08-29 14:10:48.173 +05:30  DBG  Static files was skipped as the request already matched an endpoint.
2024-08-29 14:10:48.248 +05:30  DBG  AuthenticationScheme: Bearer was not authenticated.
2024-08-29 14:10:48.252 +05:30  DBG  AuthenticationScheme: Bearer was not authenticated.
2024-08-29 14:10:48.254 +05:30  INF  Executing endpoint 'Web.Ecommerce.Controllers.Customer.OrderController.PlaceOrder (Web.Ecommerce)'
2024-08-29 14:10:48.272 +05:30  INF  Route matched with {action = "PlaceOrder", controller = "Order"}. Executing controller action with signature System.Threading.Tasks.Task`1[Microsoft.AspNetCore.Mvc.IActionResult] PlaceOrder(Application.Ecom.OrderOperations.Commands.PlaceOrder.PlaceOrderCommand) on controller Web.Ecommerce.Controllers.Customer.OrderController (Web.Ecommerce).
2024-08-29 14:10:48.277 +05:30  DBG  Execution plan of authorization filters (in the following order): ["None"]
2024-08-29 14:10:48.277 +05:30  DBG  Execution plan of resource filters (in the following order): ["None"]
2024-08-29 14:10:48.278 +05:30  DBG  Execution plan of action filters (in the following order): ["Microsoft.AspNetCore.Mvc.ModelBinding.UnsupportedContentTypeFilter (Order: -3000)","Microsoft.AspNetCore.Mvc.Infrastructure.ModelStateInvalidFilter (Order: -2000)"]
2024-08-29 14:10:48.280 +05:30  DBG  Execution plan of exception filters (in the following order): ["None"]
2024-08-29 14:10:48.281 +05:30  DBG  Execution plan of result filters (in the following order): ["Microsoft.AspNetCore.Mvc.Infrastructure.ClientErrorResultFilter (Order: -2000)"]
2024-08-29 14:10:48.286 +05:30  DBG  Executing controller factory for controller Web.Ecommerce.Controllers.Customer.OrderController (Web.Ecommerce)
2024-08-29 14:10:48.288 +05:30  DBG  Executed controller factory for controller Web.Ecommerce.Controllers.Customer.OrderController (Web.Ecommerce)
2024-08-29 14:10:48.319 +05:30  DBG  Attempting to bind parameter 'command' of type 'Application.Ecom.OrderOperations.Commands.PlaceOrder.PlaceOrderCommand' ...
2024-08-29 14:10:48.323 +05:30  DBG  Attempting to bind parameter 'command' of type 'Application.Ecom.OrderOperations.Commands.PlaceOrder.PlaceOrderCommand' using the name '' in request data ...
2024-08-29 14:10:48.327 +05:30  DBG  Selected input formatter 'Microsoft.AspNetCore.Mvc.Formatters.SystemTextJsonInputFormatter' for content type 'application/json'.
2024-08-29 14:10:48.361 +05:30  DBG  Connection id "0HN680O3Q3RU2", Request id "0HN680O3Q3RU2:00000001": started reading request body.
2024-08-29 14:10:48.362 +05:30  DBG  Connection id "0HN680O3Q3RU2", Request id "0HN680O3Q3RU2:00000001": done reading request body.
2024-08-29 14:10:48.378 +05:30  DBG  JSON input formatter succeeded, deserializing to type 'Application.Ecom.OrderOperations.Commands.PlaceOrder.PlaceOrderCommand'
2024-08-29 14:10:48.379 +05:30  DBG  Done attempting to bind parameter 'command' of type 'Application.Ecom.OrderOperations.Commands.PlaceOrder.PlaceOrderCommand'.
2024-08-29 14:10:48.380 +05:30  DBG  Done attempting to bind parameter 'command' of type 'Application.Ecom.OrderOperations.Commands.PlaceOrder.PlaceOrderCommand'.
2024-08-29 14:10:48.381 +05:30  DBG  Attempting to validate the bound parameter 'command' of type 'Application.Ecom.OrderOperations.Commands.PlaceOrder.PlaceOrderCommand' ...
2024-08-29 14:10:48.394 +05:30  DBG  Done attempting to validate the bound parameter 'command' of type 'Application.Ecom.OrderOperations.Commands.PlaceOrder.PlaceOrderCommand'.
2024-08-29 14:10:48.398 +05:30  VRB  Action Filter: Before executing OnActionExecuting on filter Microsoft.AspNetCore.Mvc.ModelBinding.UnsupportedContentTypeFilter.
2024-08-29 14:10:48.400 +05:30  VRB  Action Filter: After executing OnActionExecuting on filter Microsoft.AspNetCore.Mvc.ModelBinding.UnsupportedContentTypeFilter.
2024-08-29 14:10:48.401 +05:30  VRB  Action Filter: Before executing OnActionExecuting on filter Microsoft.AspNetCore.Mvc.Infrastructure.ModelStateInvalidFilter.
2024-08-29 14:10:48.402 +05:30  VRB  Action Filter: After executing OnActionExecuting on filter Microsoft.AspNetCore.Mvc.Infrastructure.ModelStateInvalidFilter.
2024-08-29 14:10:48.407 +05:30  INF  Executing action method Web.Ecommerce.Controllers.Customer.OrderController.PlaceOrder (Web.Ecommerce) - Validation state: "Valid"
2024-08-29 14:10:48.408 +05:30  VRB  Executing action method Web.Ecommerce.Controllers.Customer.OrderController.PlaceOrder (Web.Ecommerce) with arguments (["Application.Ecom.OrderOperations.Commands.PlaceOrder.PlaceOrderCommand"])
2024-08-29 14:10:48.473 +05:30  DBG  Entity Framework Core 8.0.8 initialized 'EcommerceDbContext' using provider 'Microsoft.EntityFrameworkCore.SqlServer:8.0.8' with options: None
2024-08-29 14:10:48.486 +05:30  DBG  Compiling query expression: 
'DbSet<Product>()
    .FirstOrDefault(e => object.Equals(
        objA: EF.Property<object>(e, "ProductId"), 
        objB: __get_Item_0))'
2024-08-29 14:10:48.517 +05:30  DBG  Generated query execution expression: 
'queryContext => ShapedQueryCompilingExpressionVisitor.SingleOrDefaultAsync<Product>(
    asyncEnumerable: new SingleQueryingEnumerable<Product>(
        (RelationalQueryContext)queryContext, 
        RelationalCommandCache.QueryExpression(
            Projection Mapping:
                EmptyProjectionMember -> Dictionary<IProperty, int> { [Property: Product.ProductId (Guid) Required PK AfterSave:Throw ValueGenerated.OnAdd, 0], [Property: Product.Category (string) Required MaxLength(20), 1], [Property: Product.CreatedAt (DateTime) Required, 2], [Property: Product.Description (string) Required MaxLength(500), 3], [Property: Product.IsDeleted (bool) Required, 4], [Property: Product.Name (string) Required MaxLength(100), 5], [Property: Product.Price (decimal) Required, 6], [Property: Product.Quantity (int) Required, 7], [Property: Product.SellerId (Guid) Required FK Index, 8], [Property: Product.UpdatedAt (DateTime) Required, 9], [Property: Product.UserId (no field, Guid?) Shadow FK Index, 10] }
            SELECT TOP(1) p.ProductId, p.Category, p.CreatedAt, p.Description, p.IsDeleted, p.Name, p.Price, p.Quantity, p.SellerId, p.UpdatedAt, p.UserId
            FROM Products AS p
            WHERE p.ProductId == @__get_Item_0), 
        null, 
        Func<QueryContext, DbDataReader, ResultContext, SingleQueryResultCoordinator, Product>, 
        Persistance.EcommerceDbContext, 
        False, 
        False, 
        True
    ), 
    cancellationToken: queryContext.CancellationToken)'
2024-08-29 14:10:48.521 +05:30  DBG  Creating DbConnection.
2024-08-29 14:10:48.522 +05:30  DBG  Created DbConnection. (0ms).
2024-08-29 14:10:48.523 +05:30  DBG  Opening connection to database 'Ecommerce' on server 'FGS-DSK-230\MSSQLSERVER2019'.
2024-08-29 14:10:48.525 +05:30  DBG  Opened connection to database 'Ecommerce' on server 'FGS-DSK-230\MSSQLSERVER2019'.
2024-08-29 14:10:48.526 +05:30  DBG  Creating DbCommand for 'ExecuteReader'.
2024-08-29 14:10:48.527 +05:30  DBG  Created DbCommand for 'ExecuteReader' (0ms).
2024-08-29 14:10:48.528 +05:30  DBG  Initialized DbCommand for 'ExecuteReader' (1ms).
2024-08-29 14:10:48.529 +05:30  DBG  Executing DbCommand [Parameters=[@__get_Item_0='?' (DbType = Guid)], CommandType='"Text"', CommandTimeout='30']
SELECT TOP(1) [p].[ProductId], [p].[Category], [p].[CreatedAt], [p].[Description], [p].[IsDeleted], [p].[Name], [p].[Price], [p].[Quantity], [p].[SellerId], [p].[UpdatedAt], [p].[UserId]
FROM [Products] AS [p]
WHERE [p].[ProductId] = @__get_Item_0
2024-08-29 14:10:48.537 +05:30  INF  Executed DbCommand (9ms) [Parameters=[@__get_Item_0='?' (DbType = Guid)], CommandType='"Text"', CommandTimeout='30']
SELECT TOP(1) [p].[ProductId], [p].[Category], [p].[CreatedAt], [p].[Description], [p].[IsDeleted], [p].[Name], [p].[Price], [p].[Quantity], [p].[SellerId], [p].[UpdatedAt], [p].[UserId]
FROM [Products] AS [p]
WHERE [p].[ProductId] = @__get_Item_0
2024-08-29 14:10:48.550 +05:30  DBG  Context 'EcommerceDbContext' started tracking 'Product' entity. Consider using 'DbContextOptionsBuilder.EnableSensitiveDataLogging' to see key values.
2024-08-29 14:10:48.569 +05:30  DBG  Closing data reader to 'Ecommerce' on server 'FGS-DSK-230\MSSQLSERVER2019'.
2024-08-29 14:10:48.570 +05:30  DBG  A data reader for 'Ecommerce' on server 'FGS-DSK-230\MSSQLSERVER2019' is being disposed after spending 30ms reading results.
2024-08-29 14:10:48.571 +05:30  DBG  Closing connection to database 'Ecommerce' on server 'FGS-DSK-230\MSSQLSERVER2019'.
2024-08-29 14:10:48.572 +05:30  DBG  Closed connection to database 'Ecommerce' on server 'FGS-DSK-230\MSSQLSERVER2019' (1ms).
2024-08-29 14:10:48.623 +05:30  DBG  Context 'EcommerceDbContext' started tracking 'Order' entity. Consider using 'DbContextOptionsBuilder.EnableSensitiveDataLogging' to see key values.
2024-08-29 14:10:48.644 +05:30  DBG  The navigation 'OrderItem.Order' was detected as changed. Consider using 'DbContextOptionsBuilder.EnableSensitiveDataLogging' to see key values.
2024-08-29 14:10:48.657 +05:30  DBG  The navigation 'OrderItem.Product' was detected as changed. Consider using 'DbContextOptionsBuilder.EnableSensitiveDataLogging' to see key values.
2024-08-29 14:10:48.661 +05:30  DBG  Context 'EcommerceDbContext' started tracking 'OrderItem' entity. Consider using 'DbContextOptionsBuilder.EnableSensitiveDataLogging' to see key values.
2024-08-29 14:10:48.675 +05:30  DBG  Creating DbCommand for 'ExecuteNonQuery'.
2024-08-29 14:10:48.675 +05:30  DBG  Created DbCommand for 'ExecuteNonQuery' (0ms).
2024-08-29 14:10:48.677 +05:30  DBG  Initialized DbCommand for 'ExecuteNonQuery' (2ms).
2024-08-29 14:10:48.678 +05:30  DBG  Opening connection to database 'Ecommerce' on server 'FGS-DSK-230\MSSQLSERVER2019'.
2024-08-29 14:10:48.678 +05:30  DBG  Opened connection to database 'Ecommerce' on server 'FGS-DSK-230\MSSQLSERVER2019'.
2024-08-29 14:10:48.680 +05:30  DBG  Executing DbCommand [Parameters=[@ProductId='?' (DbType = Guid), @Quantity='?' (DbType = Int32)], CommandType='"Text"', CommandTimeout='30']
EXEC ReduceProductQuantity @ProductId, @Quantity
2024-08-29 14:10:48.700 +05:30  INF  Executed DbCommand (20ms) [Parameters=[@ProductId='?' (DbType = Guid), @Quantity='?' (DbType = Int32)], CommandType='"Text"', CommandTimeout='30']
EXEC ReduceProductQuantity @ProductId, @Quantity
2024-08-29 14:10:48.704 +05:30  DBG  Closing connection to database 'Ecommerce' on server 'FGS-DSK-230\MSSQLSERVER2019'.
2024-08-29 14:10:48.705 +05:30  DBG  Closed connection to database 'Ecommerce' on server 'FGS-DSK-230\MSSQLSERVER2019' (0ms).
2024-08-29 14:10:48.708 +05:30  DBG  SaveChanges starting for 'EcommerceDbContext'.
2024-08-29 14:10:48.710 +05:30  DBG  DetectChanges starting for 'EcommerceDbContext'.
2024-08-29 14:10:48.744 +05:30  DBG  DetectChanges completed for 'EcommerceDbContext'.
2024-08-29 14:10:48.808 +05:30  DBG  Executing 2 update commands as a batch.
2024-08-29 14:10:48.811 +05:30  DBG  Opening connection to database 'Ecommerce' on server 'FGS-DSK-230\MSSQLSERVER2019'.
2024-08-29 14:10:48.816 +05:30  DBG  Opened connection to database 'Ecommerce' on server 'FGS-DSK-230\MSSQLSERVER2019'.
2024-08-29 14:10:48.820 +05:30  DBG  Beginning transaction with isolation level 'Unspecified'.
2024-08-29 14:10:48.826 +05:30  DBG  Began transaction with isolation level 'ReadCommitted'.
2024-08-29 14:10:48.830 +05:30  DBG  Creating DbCommand for 'ExecuteReader'.
2024-08-29 14:10:48.831 +05:30  DBG  Created DbCommand for 'ExecuteReader' (1ms).
2024-08-29 14:10:48.835 +05:30  DBG  Initialized DbCommand for 'ExecuteReader' (5ms).
2024-08-29 14:10:48.836 +05:30  DBG  Executing DbCommand [Parameters=[@p0='?' (DbType = Guid), @p1='?' (DbType = DateTime2), @p2='?' (DbType = Guid), @p3='?' (DbType = Date), @p4='?' (DbType = Boolean), @p5='?' (DbType = Boolean), @p6='?' (DbType = Boolean), @p7='?' (DbType = DateTime2), @p8='?' (Size = 50), @p9='?' (DbType = Guid), @p10='?' (DbType = Guid), @p11='?' (Size = 4000), @p12='?' (Precision = 18) (Scale = 2) (DbType = Decimal), @p13='?' (DbType = DateTime2), @p14='?' (DbType = Guid), @p15='?' (DbType = DateTime2), @p16='?' (DbType = Guid), @p17='?' (DbType = Guid), @p18='?' (DbType = Int32), @p19='?' (Precision = 8) (Scale = 2) (DbType = Decimal), @p20='?' (DbType = DateTime2)], CommandType='"Text"', CommandTimeout='30']
SET NOCOUNT ON;
INSERT INTO [Orders] ([OrderId], [CreatedAt], [CustomerId], [DeliveryDate], [IsCancelled], [IsDelivered], [IsPaid], [OrderDate], [OrderStatus], [PaymentId], [ReturnId], [ShippingAddress], [TotalAmount], [UpdatedAt])
VALUES (@p0, @p1, @p2, @p3, @p4, @p5, @p6, @p7, @p8, @p9, @p10, @p11, @p12, @p13);
INSERT INTO [OrderItems] ([OrderItemId], [CreatedAt], [OrderId], [ProductId], [Quantity], [UnitPrice], [UpdatedAt])
VALUES (@p14, @p15, @p16, @p17, @p18, @p19, @p20);
2024-08-29 14:10:48.862 +05:30  INF  Executed DbCommand (26ms) [Parameters=[@p0='?' (DbType = Guid), @p1='?' (DbType = DateTime2), @p2='?' (DbType = Guid), @p3='?' (DbType = Date), @p4='?' (DbType = Boolean), @p5='?' (DbType = Boolean), @p6='?' (DbType = Boolean), @p7='?' (DbType = DateTime2), @p8='?' (Size = 50), @p9='?' (DbType = Guid), @p10='?' (DbType = Guid), @p11='?' (Size = 4000), @p12='?' (Precision = 18) (Scale = 2) (DbType = Decimal), @p13='?' (DbType = DateTime2), @p14='?' (DbType = Guid), @p15='?' (DbType = DateTime2), @p16='?' (DbType = Guid), @p17='?' (DbType = Guid), @p18='?' (DbType = Int32), @p19='?' (Precision = 8) (Scale = 2) (DbType = Decimal), @p20='?' (DbType = DateTime2)], CommandType='"Text"', CommandTimeout='30']
SET NOCOUNT ON;
INSERT INTO [Orders] ([OrderId], [CreatedAt], [CustomerId], [DeliveryDate], [IsCancelled], [IsDelivered], [IsPaid], [OrderDate], [OrderStatus], [PaymentId], [ReturnId], [ShippingAddress], [TotalAmount], [UpdatedAt])
VALUES (@p0, @p1, @p2, @p3, @p4, @p5, @p6, @p7, @p8, @p9, @p10, @p11, @p12, @p13);
INSERT INTO [OrderItems] ([OrderItemId], [CreatedAt], [OrderId], [ProductId], [Quantity], [UnitPrice], [UpdatedAt])
VALUES (@p14, @p15, @p16, @p17, @p18, @p19, @p20);
2024-08-29 14:10:48.872 +05:30  DBG  Closing data reader to 'Ecommerce' on server 'FGS-DSK-230\MSSQLSERVER2019'.
2024-08-29 14:10:48.875 +05:30  DBG  A data reader for 'Ecommerce' on server 'FGS-DSK-230\MSSQLSERVER2019' is being disposed after spending 6ms reading results.
2024-08-29 14:10:48.879 +05:30  DBG  Committing transaction.
2024-08-29 14:10:48.883 +05:30  DBG  Committed transaction.
2024-08-29 14:10:48.885 +05:30  DBG  Closing connection to database 'Ecommerce' on server 'FGS-DSK-230\MSSQLSERVER2019'.
2024-08-29 14:10:48.886 +05:30  DBG  Closed connection to database 'Ecommerce' on server 'FGS-DSK-230\MSSQLSERVER2019' (0ms).
2024-08-29 14:10:48.889 +05:30  DBG  Disposing transaction.
2024-08-29 14:10:48.896 +05:30  DBG  An entity of type 'Order' tracked by 'EcommerceDbContext' changed state from '"Added"' to '"Unchanged"'. Consider using 'DbContextOptionsBuilder.EnableSensitiveDataLogging' to see key values.
2024-08-29 14:10:48.898 +05:30  DBG  An entity of type 'OrderItem' tracked by 'EcommerceDbContext' changed state from '"Added"' to '"Unchanged"'. Consider using 'DbContextOptionsBuilder.EnableSensitiveDataLogging' to see key values.
2024-08-29 14:10:48.901 +05:30  DBG  SaveChanges completed for 'EcommerceDbContext' with 2 entities written to the database.
2024-08-29 14:10:48.908 +05:30  INF  Executed action method Web.Ecommerce.Controllers.Customer.OrderController.PlaceOrder (Web.Ecommerce), returned result Microsoft.AspNetCore.Mvc.OkObjectResult in 495.913ms.
2024-08-29 14:10:48.910 +05:30  VRB  Action Filter: Before executing OnActionExecuted on filter Microsoft.AspNetCore.Mvc.Infrastructure.ModelStateInvalidFilter.
2024-08-29 14:10:48.911 +05:30  VRB  Action Filter: After executing OnActionExecuted on filter Microsoft.AspNetCore.Mvc.Infrastructure.ModelStateInvalidFilter.
2024-08-29 14:10:48.913 +05:30  VRB  Action Filter: Before executing OnActionExecuted on filter Microsoft.AspNetCore.Mvc.ModelBinding.UnsupportedContentTypeFilter.
2024-08-29 14:10:48.915 +05:30  VRB  Action Filter: After executing OnActionExecuted on filter Microsoft.AspNetCore.Mvc.ModelBinding.UnsupportedContentTypeFilter.
2024-08-29 14:10:48.917 +05:30  VRB  Result Filter: Before executing OnResultExecuting on filter Microsoft.AspNetCore.Mvc.Infrastructure.ClientErrorResultFilter.
2024-08-29 14:10:48.921 +05:30  VRB  Result Filter: After executing OnResultExecuting on filter Microsoft.AspNetCore.Mvc.Infrastructure.ClientErrorResultFilter.
2024-08-29 14:10:48.923 +05:30  VRB  Before executing action result Microsoft.AspNetCore.Mvc.OkObjectResult.
2024-08-29 14:10:48.925 +05:30  DBG  List of registered output formatters, in the following order: ["Microsoft.AspNetCore.Mvc.Formatters.HttpNoContentOutputFormatter","Microsoft.AspNetCore.Mvc.Formatters.StringOutputFormatter","Microsoft.AspNetCore.Mvc.Formatters.StreamOutputFormatter","Microsoft.AspNetCore.Mvc.Formatters.SystemTextJsonOutputFormatter"]
2024-08-29 14:10:48.927 +05:30  DBG  No information found on request to perform content negotiation.
2024-08-29 14:10:48.928 +05:30  DBG  Attempting to select an output formatter without using a content type as no explicit content types were specified for the response.
2024-08-29 14:10:48.928 +05:30  DBG  Attempting to select the first formatter in the output formatters list which can write the result.
2024-08-29 14:10:48.929 +05:30  DBG  Selected output formatter 'Microsoft.AspNetCore.Mvc.Formatters.SystemTextJsonOutputFormatter' and content type 'application/json' to write the response.
2024-08-29 14:10:48.931 +05:30  INF  Executing OkObjectResult, writing value of type 'Application.Ecom.OrderOperations.Commands.PlaceOrder.PlaceOrderCommandResponse'.
2024-08-29 14:10:48.942 +05:30  VRB  Connection id "0HN680O3Q3RU2" sending "HEADERS" frame for stream ID 1 with length 74 and flags "END_HEADERS".
2024-08-29 14:10:48.942 +05:30  VRB  After executing action result Microsoft.AspNetCore.Mvc.OkObjectResult.
2024-08-29 14:10:48.943 +05:30  VRB  Connection id "0HN680O3Q3RU2" sending "DATA" frame for stream ID 1 with length 139 and flags "NONE".
2024-08-29 14:10:48.944 +05:30  VRB  Result Filter: Before executing OnResultExecuted on filter Microsoft.AspNetCore.Mvc.Infrastructure.ClientErrorResultFilter.
2024-08-29 14:10:48.946 +05:30  VRB  Result Filter: After executing OnResultExecuted on filter Microsoft.AspNetCore.Mvc.Infrastructure.ClientErrorResultFilter.
2024-08-29 14:10:48.951 +05:30  INF  Executed action Web.Ecommerce.Controllers.Customer.OrderController.PlaceOrder (Web.Ecommerce) in 664.4672ms
2024-08-29 14:10:48.952 +05:30  INF  Executed endpoint 'Web.Ecommerce.Controllers.Customer.OrderController.PlaceOrder (Web.Ecommerce)'
2024-08-29 14:10:48.953 +05:30  VRB  Connection id "0HN680O3Q3RU2" sending "DATA" frame for stream ID 1 with length 0 and flags "END_STREAM".
2024-08-29 14:10:48.954 +05:30  DBG  'EcommerceDbContext' disposed.
2024-08-29 14:10:48.957 +05:30  DBG  Disposing connection to database 'Ecommerce' on server 'FGS-DSK-230\MSSQLSERVER2019'.
2024-08-29 14:10:48.959 +05:30  DBG  Disposed connection to database '' on server '' (1ms).
2024-08-29 14:10:48.960 +05:30  INF  Request finished HTTP/2 POST https://localhost:7113/api/Order/Place Order - 200 null application/json; charset=utf-8 805.5534ms
2024-08-29 14:10:51.441 +05:30  DBG  Connection id "0HN680O3Q3RU2" received FIN.
2024-08-29 14:10:51.446 +05:30  DBG  Connection id "0HN680O3Q3RU2" is closed. The last processed stream ID was 1.
2024-08-29 14:10:51.446 +05:30  DBG  The connection queue processing loop for 0HN680O3Q3RU2 completed.
2024-08-29 14:10:51.450 +05:30  DBG  Connection id "0HN680O3Q3RU2" sending FIN because: "The Socket transport's send loop completed gracefully."
2024-08-29 14:10:51.469 +05:30  DBG  Connection id "0HN680O3Q3RU2" stopped.
2024-08-29 14:15:36.168 +05:30  DBG  Connection id "0HN680O3Q3RU3" accepted.
2024-08-29 14:15:36.169 +05:30  DBG  Connection id "0HN680O3Q3RU3" started.
2024-08-29 14:15:36.176 +05:30  DBG  Connection 0HN680O3Q3RU3 established using the following protocol: "Tls12"
2024-08-29 14:15:36.178 +05:30  VRB  Connection id "0HN680O3Q3RU3" sending "SETTINGS" frame for stream ID 0 with length 24 and flags "NONE".
2024-08-29 14:15:36.179 +05:30  VRB  Connection id "0HN680O3Q3RU3" sending "WINDOW_UPDATE" frame for stream ID 0 with length 4 and flags 0x0.
2024-08-29 14:15:36.181 +05:30  VRB  Connection id "0HN680O3Q3RU3" received "SETTINGS" frame for stream ID 0 with length 24 and flags "NONE".
2024-08-29 14:15:36.182 +05:30  VRB  Connection id "0HN680O3Q3RU3" sending "SETTINGS" frame for stream ID 0 with length 0 and flags "ACK".
2024-08-29 14:15:36.185 +05:30  VRB  Connection id "0HN680O3Q3RU3" received "WINDOW_UPDATE" frame for stream ID 0 with length 4 and flags 0x0.
2024-08-29 14:15:36.187 +05:30  VRB  Connection id "0HN680O3Q3RU3" received "HEADERS" frame for stream ID 1 with length 500 and flags "END_STREAM, END_HEADERS, PRIORITY".
2024-08-29 14:15:36.188 +05:30  VRB  Connection id "0HN680O3Q3RU3" received "SETTINGS" frame for stream ID 0 with length 0 and flags "ACK".
2024-08-29 14:15:36.189 +05:30  INF  Request starting HTTP/2 GET https://localhost:7113/swagger/index.html - null null
2024-08-29 14:15:36.198 +05:30  VRB  All hosts are allowed.
2024-08-29 14:15:36.198 +05:30  DBG  No candidates found for the request path '/swagger/index.html'
2024-08-29 14:15:36.199 +05:30  DBG  Request did not match any endpoints
2024-08-29 14:15:36.200 +05:30  DBG  Response markup is scheduled to include Browser Link script injection.
2024-08-29 14:15:36.201 +05:30  DBG  Response markup is scheduled to include browser refresh script injection.
2024-08-29 14:15:36.202 +05:30  DBG  Response markup was updated to include Browser Link script injection.
2024-08-29 14:15:36.202 +05:30  VRB  Connection id "0HN680O3Q3RU3" sending "HEADERS" frame for stream ID 1 with length 66 and flags "END_HEADERS".
2024-08-29 14:15:36.202 +05:30  DBG  Response markup was updated to include browser refresh script injection.
2024-08-29 14:15:36.203 +05:30  VRB  Connection id "0HN680O3Q3RU3" sending "DATA" frame for stream ID 1 with length 1136 and flags "NONE".
2024-08-29 14:15:36.204 +05:30  INF  Request finished HTTP/2 GET https://localhost:7113/swagger/index.html - 200 null text/html;charset=utf-8 15.5247ms
2024-08-29 14:15:36.205 +05:30  VRB  Connection id "0HN680O3Q3RU3" sending "DATA" frame for stream ID 1 with length 0 and flags "END_STREAM".
2024-08-29 14:15:36.215 +05:30  VRB  Connection id "0HN680O3Q3RU3" received "HEADERS" frame for stream ID 3 with length 57 and flags "END_STREAM, END_HEADERS, PRIORITY".
2024-08-29 14:15:36.223 +05:30  VRB  Connection id "0HN680O3Q3RU3" received "HEADERS" frame for stream ID 5 with length 52 and flags "END_STREAM, END_HEADERS, PRIORITY".
2024-08-29 14:15:36.224 +05:30  INF  Request starting HTTP/2 GET https://localhost:7113/swagger/index.js - null null
2024-08-29 14:15:36.225 +05:30  VRB  Connection id "0HN680O3Q3RU3" received "HEADERS" frame for stream ID 7 with length 57 and flags "END_STREAM, END_HEADERS, PRIORITY".
2024-08-29 14:15:36.227 +05:30  INF  Request starting HTTP/2 GET https://localhost:7113/_framework/aspnetcore-browser-refresh.js - null null
2024-08-29 14:15:36.233 +05:30  VRB  All hosts are allowed.
2024-08-29 14:15:36.237 +05:30  INF  Request starting HTTP/2 GET https://localhost:7113/_vs/browserLink - null null
2024-08-29 14:15:36.242 +05:30  VRB  Connection id "0HN680O3Q3RU3" sending "HEADERS" frame for stream ID 5 with length 60 and flags "END_HEADERS".
2024-08-29 14:15:36.244 +05:30  DBG  No candidates found for the request path '/swagger/index.js'
2024-08-29 14:15:36.245 +05:30  VRB  Connection id "0HN680O3Q3RU3" sending "DATA" frame for stream ID 5 with length 13762 and flags "NONE".
2024-08-29 14:15:36.248 +05:30  DBG  Request did not match any endpoints
2024-08-29 14:15:36.252 +05:30  INF  Request finished HTTP/2 GET https://localhost:7113/_framework/aspnetcore-browser-refresh.js - 200 13762 application/javascript; charset=utf-8 25.2347ms
2024-08-29 14:15:36.252 +05:30  VRB  Connection id "0HN680O3Q3RU3" sending "DATA" frame for stream ID 5 with length 0 and flags "END_STREAM".
2024-08-29 14:15:36.253 +05:30  INF  Request finished HTTP/2 GET https://localhost:7113/swagger/index.js - 200 null application/javascript;charset=utf-8 28.4817ms
2024-08-29 14:15:36.259 +05:30  VRB  Connection id "0HN680O3Q3RU3" sending "HEADERS" frame for stream ID 3 with length 41 and flags "END_HEADERS".
2024-08-29 14:15:36.261 +05:30  VRB  Connection id "0HN680O3Q3RU3" sending "DATA" frame for stream ID 3 with length 3005 and flags "END_STREAM".
2024-08-29 14:15:36.262 +05:30  VRB  Connection id "0HN680O3Q3RU3" sending "HEADERS" frame for stream ID 7 with length 149 and flags "END_HEADERS".
2024-08-29 14:15:36.264 +05:30  VRB  Connection id "0HN680O3Q3RU3" sending "DATA" frame for stream ID 7 with length 9986 and flags "NONE".
2024-08-29 14:15:36.266 +05:30  VRB  Connection id "0HN680O3Q3RU3" sending "DATA" frame for stream ID 7 with length 10240 and flags "NONE".
2024-08-29 14:15:36.268 +05:30  VRB  Connection id "0HN680O3Q3RU3" sending "DATA" frame for stream ID 7 with length 10240 and flags "NONE".
2024-08-29 14:15:36.270 +05:30  VRB  Connection id "0HN680O3Q3RU3" sending "DATA" frame for stream ID 7 with length 10240 and flags "NONE".
2024-08-29 14:15:36.272 +05:30  VRB  Connection id "0HN680O3Q3RU3" sending "DATA" frame for stream ID 7 with length 10240 and flags "NONE".
2024-08-29 14:15:36.274 +05:30  VRB  Connection id "0HN680O3Q3RU3" sending "DATA" frame for stream ID 7 with length 10240 and flags "NONE".
2024-08-29 14:15:36.275 +05:30  VRB  Connection id "0HN680O3Q3RU3" sending "DATA" frame for stream ID 7 with length 10240 and flags "NONE".
2024-08-29 14:15:36.277 +05:30  VRB  Connection id "0HN680O3Q3RU3" sending "DATA" frame for stream ID 7 with length 10240 and flags "NONE".
2024-08-29 14:15:36.280 +05:30  VRB  Connection id "0HN680O3Q3RU3" sending "DATA" frame for stream ID 7 with length 10240 and flags "NONE".
2024-08-29 14:15:36.281 +05:30  VRB  Connection id "0HN680O3Q3RU3" sending "DATA" frame for stream ID 7 with length 10240 and flags "NONE".
2024-08-29 14:15:36.284 +05:30  VRB  Connection id "0HN680O3Q3RU3" sending "DATA" frame for stream ID 7 with length 10240 and flags "NONE".
2024-08-29 14:15:36.286 +05:30  VRB  Connection id "0HN680O3Q3RU3" sending "DATA" frame for stream ID 7 with length 10240 and flags "NONE".
2024-08-29 14:15:36.288 +05:30  VRB  Connection id "0HN680O3Q3RU3" sending "DATA" frame for stream ID 7 with length 10240 and flags "NONE".
2024-08-29 14:15:36.290 +05:30  VRB  Connection id "0HN680O3Q3RU3" sending "DATA" frame for stream ID 7 with length 10240 and flags "NONE".
2024-08-29 14:15:36.291 +05:30  VRB  Connection id "0HN680O3Q3RU3" sending "DATA" frame for stream ID 7 with length 10240 and flags "NONE".
2024-08-29 14:15:36.293 +05:30  INF  Request finished HTTP/2 GET https://localhost:7113/_vs/browserLink - 200 null text/javascript; charset=UTF-8 57.7376ms
2024-08-29 14:15:36.293 +05:30  VRB  Connection id "0HN680O3Q3RU3" sending "DATA" frame for stream ID 7 with length 160 and flags "END_STREAM".
2024-08-29 14:15:36.324 +05:30  VRB  Connection id "0HN680O3Q3RU3" received "HEADERS" frame for stream ID 9 with length 74 and flags "END_STREAM, END_HEADERS, PRIORITY".
2024-08-29 14:15:36.326 +05:30  INF  Request starting HTTP/2 GET https://localhost:7113/swagger/v1/swagger.json - null null
2024-08-29 14:15:36.328 +05:30  VRB  All hosts are allowed.
2024-08-29 14:15:36.329 +05:30  DBG  No candidates found for the request path '/swagger/v1/swagger.json'
2024-08-29 14:15:36.330 +05:30  DBG  Request did not match any endpoints
2024-08-29 14:15:36.343 +05:30  VRB  Connection id "0HN680O3Q3RU3" sending "HEADERS" frame for stream ID 9 with length 35 and flags "END_HEADERS".
2024-08-29 14:15:36.345 +05:30  VRB  Connection id "0HN680O3Q3RU3" sending "DATA" frame for stream ID 9 with length 16384 and flags "NONE".
2024-08-29 14:15:36.346 +05:30  VRB  Connection id "0HN680O3Q3RU3" sending "DATA" frame for stream ID 9 with length 6467 and flags "NONE".
2024-08-29 14:15:36.348 +05:30  VRB  Connection id "0HN680O3Q3RU3" sending "DATA" frame for stream ID 9 with length 0 and flags "END_STREAM".
2024-08-29 14:15:36.348 +05:30  INF  Request finished HTTP/2 GET https://localhost:7113/swagger/v1/swagger.json - 200 null application/json;charset=utf-8 22.5921ms
2024-08-29 14:15:41.925 +05:30  DBG  Connection id "0HN680O3Q3RU3" received FIN.
2024-08-29 14:15:41.927 +05:30  DBG  Connection id "0HN680O3Q3RU3" is closed. The last processed stream ID was 9.
2024-08-29 14:15:41.927 +05:30  DBG  The connection queue processing loop for 0HN680O3Q3RU3 completed.
2024-08-29 14:15:41.928 +05:30  DBG  Connection id "0HN680O3Q3RU3" sending FIN because: "The Socket transport's send loop completed gracefully."
2024-08-29 14:15:41.941 +05:30  DBG  Connection id "0HN680O3Q3RU3" stopped.
2024-08-29 14:15:57.298 +05:30  DBG  Connection id "0HN680O3Q3RU4" accepted.
2024-08-29 14:15:57.300 +05:30  DBG  Connection id "0HN680O3Q3RU4" started.
2024-08-29 14:15:57.304 +05:30  DBG  Connection 0HN680O3Q3RU4 established using the following protocol: "Tls12"
2024-08-29 14:15:57.306 +05:30  VRB  Connection id "0HN680O3Q3RU4" sending "SETTINGS" frame for stream ID 0 with length 24 and flags "NONE".
2024-08-29 14:15:57.308 +05:30  VRB  Connection id "0HN680O3Q3RU4" sending "WINDOW_UPDATE" frame for stream ID 0 with length 4 and flags 0x0.
2024-08-29 14:15:57.310 +05:30  VRB  Connection id "0HN680O3Q3RU4" received "SETTINGS" frame for stream ID 0 with length 24 and flags "NONE".
2024-08-29 14:15:57.311 +05:30  VRB  Connection id "0HN680O3Q3RU4" sending "SETTINGS" frame for stream ID 0 with length 0 and flags "ACK".
2024-08-29 14:15:57.313 +05:30  VRB  Connection id "0HN680O3Q3RU4" received "WINDOW_UPDATE" frame for stream ID 0 with length 4 and flags 0x0.
2024-08-29 14:15:57.314 +05:30  VRB  Connection id "0HN680O3Q3RU4" received "HEADERS" frame for stream ID 1 with length 411 and flags "END_HEADERS, PRIORITY".
2024-08-29 14:15:57.317 +05:30  VRB  Connection id "0HN680O3Q3RU4" received "DATA" frame for stream ID 1 with length 204 and flags "END_STREAM".
2024-08-29 14:15:57.318 +05:30  INF  Request starting HTTP/2 POST https://localhost:7113/api/Order/Place Order - application/json 204
2024-08-29 14:15:57.321 +05:30  VRB  Connection id "0HN680O3Q3RU4" received "SETTINGS" frame for stream ID 0 with length 0 and flags "ACK".
2024-08-29 14:15:57.323 +05:30  VRB  All hosts are allowed.
2024-08-29 14:15:57.326 +05:30  DBG  1 candidate(s) found for the request path '/api/Order/Place Order'
2024-08-29 14:15:57.327 +05:30  DBG  Endpoint 'Web.Ecommerce.Controllers.Customer.OrderController.PlaceOrder (Web.Ecommerce)' with route pattern 'api/Order/Place Order' is valid for the request path '/api/Order/Place Order'
2024-08-29 14:15:57.328 +05:30  DBG  Request matched endpoint 'Web.Ecommerce.Controllers.Customer.OrderController.PlaceOrder (Web.Ecommerce)'
2024-08-29 14:15:57.329 +05:30  VRB  The endpoint does not specify the IRequestSizeLimitMetadata.
2024-08-29 14:15:57.329 +05:30  DBG  Static files was skipped as the request already matched an endpoint.
2024-08-29 14:15:57.331 +05:30  DBG  AuthenticationScheme: Bearer was not authenticated.
2024-08-29 14:15:57.336 +05:30  DBG  AuthenticationScheme: Bearer was not authenticated.
2024-08-29 14:15:57.338 +05:30  INF  Executing endpoint 'Web.Ecommerce.Controllers.Customer.OrderController.PlaceOrder (Web.Ecommerce)'
2024-08-29 14:15:57.343 +05:30  INF  Route matched with {action = "PlaceOrder", controller = "Order"}. Executing controller action with signature System.Threading.Tasks.Task`1[Microsoft.AspNetCore.Mvc.IActionResult] PlaceOrder(Application.Ecom.OrderOperations.Commands.PlaceOrder.PlaceOrderCommand) on controller Web.Ecommerce.Controllers.Customer.OrderController (Web.Ecommerce).
2024-08-29 14:15:57.345 +05:30  DBG  Execution plan of authorization filters (in the following order): ["None"]
2024-08-29 14:15:57.352 +05:30  DBG  Execution plan of resource filters (in the following order): ["None"]
2024-08-29 14:15:57.353 +05:30  DBG  Execution plan of action filters (in the following order): ["Microsoft.AspNetCore.Mvc.ModelBinding.UnsupportedContentTypeFilter (Order: -3000)","Microsoft.AspNetCore.Mvc.Infrastructure.ModelStateInvalidFilter (Order: -2000)"]
2024-08-29 14:15:57.355 +05:30  DBG  Execution plan of exception filters (in the following order): ["None"]
2024-08-29 14:15:57.356 +05:30  DBG  Execution plan of result filters (in the following order): ["Microsoft.AspNetCore.Mvc.Infrastructure.ClientErrorResultFilter (Order: -2000)"]
2024-08-29 14:15:57.357 +05:30  DBG  Executing controller factory for controller Web.Ecommerce.Controllers.Customer.OrderController (Web.Ecommerce)
2024-08-29 14:15:57.358 +05:30  DBG  Executed controller factory for controller Web.Ecommerce.Controllers.Customer.OrderController (Web.Ecommerce)
2024-08-29 14:15:57.360 +05:30  DBG  Attempting to bind parameter 'command' of type 'Application.Ecom.OrderOperations.Commands.PlaceOrder.PlaceOrderCommand' ...
2024-08-29 14:15:57.361 +05:30  DBG  Attempting to bind parameter 'command' of type 'Application.Ecom.OrderOperations.Commands.PlaceOrder.PlaceOrderCommand' using the name '' in request data ...
2024-08-29 14:15:57.362 +05:30  DBG  Selected input formatter 'Microsoft.AspNetCore.Mvc.Formatters.SystemTextJsonInputFormatter' for content type 'application/json'.
2024-08-29 14:15:57.364 +05:30  DBG  Connection id "0HN680O3Q3RU4", Request id "0HN680O3Q3RU4:00000001": started reading request body.
2024-08-29 14:15:57.365 +05:30  DBG  Connection id "0HN680O3Q3RU4", Request id "0HN680O3Q3RU4:00000001": done reading request body.
2024-08-29 14:15:57.368 +05:30  DBG  JSON input formatter succeeded, deserializing to type 'Application.Ecom.OrderOperations.Commands.PlaceOrder.PlaceOrderCommand'
2024-08-29 14:15:57.369 +05:30  DBG  Done attempting to bind parameter 'command' of type 'Application.Ecom.OrderOperations.Commands.PlaceOrder.PlaceOrderCommand'.
2024-08-29 14:15:57.371 +05:30  DBG  Done attempting to bind parameter 'command' of type 'Application.Ecom.OrderOperations.Commands.PlaceOrder.PlaceOrderCommand'.
2024-08-29 14:15:57.372 +05:30  DBG  Attempting to validate the bound parameter 'command' of type 'Application.Ecom.OrderOperations.Commands.PlaceOrder.PlaceOrderCommand' ...
2024-08-29 14:15:57.375 +05:30  DBG  Done attempting to validate the bound parameter 'command' of type 'Application.Ecom.OrderOperations.Commands.PlaceOrder.PlaceOrderCommand'.
2024-08-29 14:15:57.376 +05:30  VRB  Action Filter: Before executing OnActionExecuting on filter Microsoft.AspNetCore.Mvc.ModelBinding.UnsupportedContentTypeFilter.
2024-08-29 14:15:57.377 +05:30  VRB  Action Filter: After executing OnActionExecuting on filter Microsoft.AspNetCore.Mvc.ModelBinding.UnsupportedContentTypeFilter.
2024-08-29 14:15:57.378 +05:30  VRB  Action Filter: Before executing OnActionExecuting on filter Microsoft.AspNetCore.Mvc.Infrastructure.ModelStateInvalidFilter.
2024-08-29 14:15:57.379 +05:30  VRB  Action Filter: After executing OnActionExecuting on filter Microsoft.AspNetCore.Mvc.Infrastructure.ModelStateInvalidFilter.
2024-08-29 14:15:57.381 +05:30  INF  Executing action method Web.Ecommerce.Controllers.Customer.OrderController.PlaceOrder (Web.Ecommerce) - Validation state: "Valid"
2024-08-29 14:15:57.381 +05:30  VRB  Executing action method Web.Ecommerce.Controllers.Customer.OrderController.PlaceOrder (Web.Ecommerce) with arguments (["Application.Ecom.OrderOperations.Commands.PlaceOrder.PlaceOrderCommand"])
2024-08-29 14:15:57.392 +05:30  DBG  Entity Framework Core 8.0.8 initialized 'EcommerceDbContext' using provider 'Microsoft.EntityFrameworkCore.SqlServer:8.0.8' with options: None
2024-08-29 14:15:57.396 +05:30  DBG  Creating DbConnection.
2024-08-29 14:15:57.396 +05:30  DBG  Created DbConnection. (0ms).
2024-08-29 14:15:57.397 +05:30  DBG  Opening connection to database 'Ecommerce' on server 'FGS-DSK-230\MSSQLSERVER2019'.
2024-08-29 14:15:57.408 +05:30  DBG  Opened connection to database 'Ecommerce' on server 'FGS-DSK-230\MSSQLSERVER2019'.
2024-08-29 14:15:57.410 +05:30  DBG  Creating DbCommand for 'ExecuteReader'.
2024-08-29 14:15:57.411 +05:30  DBG  Created DbCommand for 'ExecuteReader' (1ms).
2024-08-29 14:15:57.412 +05:30  DBG  Initialized DbCommand for 'ExecuteReader' (2ms).
2024-08-29 14:15:57.413 +05:30  DBG  Executing DbCommand [Parameters=[@__get_Item_0='?' (DbType = Guid)], CommandType='"Text"', CommandTimeout='30']
SELECT TOP(1) [p].[ProductId], [p].[Category], [p].[CreatedAt], [p].[Description], [p].[IsDeleted], [p].[Name], [p].[Price], [p].[Quantity], [p].[SellerId], [p].[UpdatedAt], [p].[UserId]
FROM [Products] AS [p]
WHERE [p].[ProductId] = @__get_Item_0
2024-08-29 14:15:57.420 +05:30  INF  Executed DbCommand (7ms) [Parameters=[@__get_Item_0='?' (DbType = Guid)], CommandType='"Text"', CommandTimeout='30']
SELECT TOP(1) [p].[ProductId], [p].[Category], [p].[CreatedAt], [p].[Description], [p].[IsDeleted], [p].[Name], [p].[Price], [p].[Quantity], [p].[SellerId], [p].[UpdatedAt], [p].[UserId]
FROM [Products] AS [p]
WHERE [p].[ProductId] = @__get_Item_0
2024-08-29 14:15:57.424 +05:30  DBG  Context 'EcommerceDbContext' started tracking 'Product' entity. Consider using 'DbContextOptionsBuilder.EnableSensitiveDataLogging' to see key values.
2024-08-29 14:15:57.426 +05:30  DBG  Closing data reader to 'Ecommerce' on server 'FGS-DSK-230\MSSQLSERVER2019'.
2024-08-29 14:15:57.427 +05:30  DBG  A data reader for 'Ecommerce' on server 'FGS-DSK-230\MSSQLSERVER2019' is being disposed after spending 2ms reading results.
2024-08-29 14:15:57.429 +05:30  DBG  Closing connection to database 'Ecommerce' on server 'FGS-DSK-230\MSSQLSERVER2019'.
2024-08-29 14:15:57.430 +05:30  DBG  Closed connection to database 'Ecommerce' on server 'FGS-DSK-230\MSSQLSERVER2019' (0ms).
2024-08-29 14:15:57.431 +05:30  DBG  Context 'EcommerceDbContext' started tracking 'Order' entity. Consider using 'DbContextOptionsBuilder.EnableSensitiveDataLogging' to see key values.
2024-08-29 14:15:57.432 +05:30  DBG  The navigation 'OrderItem.Order' was detected as changed. Consider using 'DbContextOptionsBuilder.EnableSensitiveDataLogging' to see key values.
2024-08-29 14:15:57.434 +05:30  DBG  The navigation 'OrderItem.Product' was detected as changed. Consider using 'DbContextOptionsBuilder.EnableSensitiveDataLogging' to see key values.
2024-08-29 14:15:57.435 +05:30  DBG  Context 'EcommerceDbContext' started tracking 'OrderItem' entity. Consider using 'DbContextOptionsBuilder.EnableSensitiveDataLogging' to see key values.
2024-08-29 14:15:57.437 +05:30  DBG  Creating DbCommand for 'ExecuteNonQuery'.
2024-08-29 14:15:57.438 +05:30  DBG  Created DbCommand for 'ExecuteNonQuery' (0ms).
2024-08-29 14:15:57.439 +05:30  DBG  Initialized DbCommand for 'ExecuteNonQuery' (1ms).
2024-08-29 14:15:57.440 +05:30  DBG  Opening connection to database 'Ecommerce' on server 'FGS-DSK-230\MSSQLSERVER2019'.
2024-08-29 14:15:57.440 +05:30  DBG  Opened connection to database 'Ecommerce' on server 'FGS-DSK-230\MSSQLSERVER2019'.
2024-08-29 14:15:57.441 +05:30  DBG  Executing DbCommand [Parameters=[@ProductId='?' (DbType = Guid), @Quantity='?' (DbType = Int32)], CommandType='"Text"', CommandTimeout='30']
EXEC ReduceProductQuantity @ProductId, @Quantity
2024-08-29 14:15:57.453 +05:30  INF  Executed DbCommand (12ms) [Parameters=[@ProductId='?' (DbType = Guid), @Quantity='?' (DbType = Int32)], CommandType='"Text"', CommandTimeout='30']
EXEC ReduceProductQuantity @ProductId, @Quantity
2024-08-29 14:15:57.455 +05:30  DBG  Closing connection to database 'Ecommerce' on server 'FGS-DSK-230\MSSQLSERVER2019'.
2024-08-29 14:15:57.456 +05:30  DBG  Closed connection to database 'Ecommerce' on server 'FGS-DSK-230\MSSQLSERVER2019' (0ms).
2024-08-29 14:15:57.457 +05:30  DBG  SaveChanges starting for 'EcommerceDbContext'.
2024-08-29 14:15:57.458 +05:30  DBG  DetectChanges starting for 'EcommerceDbContext'.
2024-08-29 14:15:57.458 +05:30  DBG  DetectChanges completed for 'EcommerceDbContext'.
2024-08-29 14:15:57.460 +05:30  DBG  Executing 2 update commands as a batch.
2024-08-29 14:15:57.461 +05:30  DBG  Opening connection to database 'Ecommerce' on server 'FGS-DSK-230\MSSQLSERVER2019'.
2024-08-29 14:15:57.462 +05:30  DBG  Opened connection to database 'Ecommerce' on server 'FGS-DSK-230\MSSQLSERVER2019'.
2024-08-29 14:15:57.462 +05:30  DBG  Beginning transaction with isolation level 'Unspecified'.
2024-08-29 14:15:57.463 +05:30  DBG  Began transaction with isolation level 'ReadCommitted'.
2024-08-29 14:15:57.464 +05:30  DBG  Creating DbCommand for 'ExecuteReader'.
2024-08-29 14:15:57.465 +05:30  DBG  Created DbCommand for 'ExecuteReader' (0ms).
2024-08-29 14:15:57.466 +05:30  DBG  Initialized DbCommand for 'ExecuteReader' (2ms).
2024-08-29 14:15:57.468 +05:30  DBG  Executing DbCommand [Parameters=[@p0='?' (DbType = Guid), @p1='?' (DbType = DateTime2), @p2='?' (DbType = Guid), @p3='?' (DbType = Date), @p4='?' (DbType = Boolean), @p5='?' (DbType = Boolean), @p6='?' (DbType = Boolean), @p7='?' (DbType = DateTime2), @p8='?' (Size = 50), @p9='?' (DbType = Guid), @p10='?' (DbType = Guid), @p11='?' (Size = 4000), @p12='?' (Precision = 18) (Scale = 2) (DbType = Decimal), @p13='?' (DbType = DateTime2), @p14='?' (DbType = Guid), @p15='?' (DbType = DateTime2), @p16='?' (DbType = Guid), @p17='?' (DbType = Guid), @p18='?' (DbType = Int32), @p19='?' (Precision = 8) (Scale = 2) (DbType = Decimal), @p20='?' (DbType = DateTime2)], CommandType='"Text"', CommandTimeout='30']
SET NOCOUNT ON;
INSERT INTO [Orders] ([OrderId], [CreatedAt], [CustomerId], [DeliveryDate], [IsCancelled], [IsDelivered], [IsPaid], [OrderDate], [OrderStatus], [PaymentId], [ReturnId], [ShippingAddress], [TotalAmount], [UpdatedAt])
VALUES (@p0, @p1, @p2, @p3, @p4, @p5, @p6, @p7, @p8, @p9, @p10, @p11, @p12, @p13);
INSERT INTO [OrderItems] ([OrderItemId], [CreatedAt], [OrderId], [ProductId], [Quantity], [UnitPrice], [UpdatedAt])
VALUES (@p14, @p15, @p16, @p17, @p18, @p19, @p20);
2024-08-29 14:15:57.475 +05:30  INF  Executed DbCommand (8ms) [Parameters=[@p0='?' (DbType = Guid), @p1='?' (DbType = DateTime2), @p2='?' (DbType = Guid), @p3='?' (DbType = Date), @p4='?' (DbType = Boolean), @p5='?' (DbType = Boolean), @p6='?' (DbType = Boolean), @p7='?' (DbType = DateTime2), @p8='?' (Size = 50), @p9='?' (DbType = Guid), @p10='?' (DbType = Guid), @p11='?' (Size = 4000), @p12='?' (Precision = 18) (Scale = 2) (DbType = Decimal), @p13='?' (DbType = DateTime2), @p14='?' (DbType = Guid), @p15='?' (DbType = DateTime2), @p16='?' (DbType = Guid), @p17='?' (DbType = Guid), @p18='?' (DbType = Int32), @p19='?' (Precision = 8) (Scale = 2) (DbType = Decimal), @p20='?' (DbType = DateTime2)], CommandType='"Text"', CommandTimeout='30']
SET NOCOUNT ON;
INSERT INTO [Orders] ([OrderId], [CreatedAt], [CustomerId], [DeliveryDate], [IsCancelled], [IsDelivered], [IsPaid], [OrderDate], [OrderStatus], [PaymentId], [ReturnId], [ShippingAddress], [TotalAmount], [UpdatedAt])
VALUES (@p0, @p1, @p2, @p3, @p4, @p5, @p6, @p7, @p8, @p9, @p10, @p11, @p12, @p13);
INSERT INTO [OrderItems] ([OrderItemId], [CreatedAt], [OrderId], [ProductId], [Quantity], [UnitPrice], [UpdatedAt])
VALUES (@p14, @p15, @p16, @p17, @p18, @p19, @p20);
2024-08-29 14:15:57.478 +05:30  DBG  Closing data reader to 'Ecommerce' on server 'FGS-DSK-230\MSSQLSERVER2019'.
2024-08-29 14:15:57.479 +05:30  DBG  A data reader for 'Ecommerce' on server 'FGS-DSK-230\MSSQLSERVER2019' is being disposed after spending 1ms reading results.
2024-08-29 14:15:57.481 +05:30  DBG  Committing transaction.
2024-08-29 14:15:57.481 +05:30  DBG  Committed transaction.
2024-08-29 14:15:57.482 +05:30  DBG  Closing connection to database 'Ecommerce' on server 'FGS-DSK-230\MSSQLSERVER2019'.
2024-08-29 14:15:57.484 +05:30  DBG  Closed connection to database 'Ecommerce' on server 'FGS-DSK-230\MSSQLSERVER2019' (1ms).
2024-08-29 14:15:57.485 +05:30  DBG  Disposing transaction.
2024-08-29 14:15:57.486 +05:30  DBG  An entity of type 'Order' tracked by 'EcommerceDbContext' changed state from '"Added"' to '"Unchanged"'. Consider using 'DbContextOptionsBuilder.EnableSensitiveDataLogging' to see key values.
2024-08-29 14:15:57.487 +05:30  DBG  An entity of type 'OrderItem' tracked by 'EcommerceDbContext' changed state from '"Added"' to '"Unchanged"'. Consider using 'DbContextOptionsBuilder.EnableSensitiveDataLogging' to see key values.
2024-08-29 14:15:57.488 +05:30  DBG  SaveChanges completed for 'EcommerceDbContext' with 2 entities written to the database.
2024-08-29 14:15:57.489 +05:30  INF  Executed action method Web.Ecommerce.Controllers.Customer.OrderController.PlaceOrder (Web.Ecommerce), returned result Microsoft.AspNetCore.Mvc.OkObjectResult in 105.998ms.
2024-08-29 14:15:57.491 +05:30  VRB  Action Filter: Before executing OnActionExecuted on filter Microsoft.AspNetCore.Mvc.Infrastructure.ModelStateInvalidFilter.
2024-08-29 14:15:57.492 +05:30  VRB  Action Filter: After executing OnActionExecuted on filter Microsoft.AspNetCore.Mvc.Infrastructure.ModelStateInvalidFilter.
2024-08-29 14:15:57.493 +05:30  VRB  Action Filter: Before executing OnActionExecuted on filter Microsoft.AspNetCore.Mvc.ModelBinding.UnsupportedContentTypeFilter.
2024-08-29 14:15:57.494 +05:30  VRB  Action Filter: After executing OnActionExecuted on filter Microsoft.AspNetCore.Mvc.ModelBinding.UnsupportedContentTypeFilter.
2024-08-29 14:15:57.495 +05:30  VRB  Result Filter: Before executing OnResultExecuting on filter Microsoft.AspNetCore.Mvc.Infrastructure.ClientErrorResultFilter.
2024-08-29 14:15:57.497 +05:30  VRB  Result Filter: After executing OnResultExecuting on filter Microsoft.AspNetCore.Mvc.Infrastructure.ClientErrorResultFilter.
2024-08-29 14:15:57.498 +05:30  VRB  Before executing action result Microsoft.AspNetCore.Mvc.OkObjectResult.
2024-08-29 14:15:57.498 +05:30  DBG  List of registered output formatters, in the following order: ["Microsoft.AspNetCore.Mvc.Formatters.HttpNoContentOutputFormatter","Microsoft.AspNetCore.Mvc.Formatters.StringOutputFormatter","Microsoft.AspNetCore.Mvc.Formatters.StreamOutputFormatter","Microsoft.AspNetCore.Mvc.Formatters.SystemTextJsonOutputFormatter"]
2024-08-29 14:15:57.501 +05:30  DBG  No information found on request to perform content negotiation.
2024-08-29 14:15:57.501 +05:30  DBG  Attempting to select an output formatter without using a content type as no explicit content types were specified for the response.
2024-08-29 14:15:57.502 +05:30  DBG  Attempting to select the first formatter in the output formatters list which can write the result.
2024-08-29 14:15:57.503 +05:30  DBG  Selected output formatter 'Microsoft.AspNetCore.Mvc.Formatters.SystemTextJsonOutputFormatter' and content type 'application/json' to write the response.
2024-08-29 14:15:57.504 +05:30  INF  Executing OkObjectResult, writing value of type 'Application.Ecom.OrderOperations.Commands.PlaceOrder.PlaceOrderCommandResponse'.
2024-08-29 14:15:57.506 +05:30  VRB  Connection id "0HN680O3Q3RU4" sending "HEADERS" frame for stream ID 1 with length 74 and flags "END_HEADERS".
2024-08-29 14:15:57.507 +05:30  VRB  After executing action result Microsoft.AspNetCore.Mvc.OkObjectResult.
2024-08-29 14:15:57.508 +05:30  VRB  Connection id "0HN680O3Q3RU4" sending "DATA" frame for stream ID 1 with length 139 and flags "NONE".
2024-08-29 14:15:57.508 +05:30  VRB  Result Filter: Before executing OnResultExecuted on filter Microsoft.AspNetCore.Mvc.Infrastructure.ClientErrorResultFilter.
2024-08-29 14:15:57.511 +05:30  VRB  Result Filter: After executing OnResultExecuted on filter Microsoft.AspNetCore.Mvc.Infrastructure.ClientErrorResultFilter.
2024-08-29 14:15:57.512 +05:30  INF  Executed action Web.Ecommerce.Controllers.Customer.OrderController.PlaceOrder (Web.Ecommerce) in 154.7483ms
2024-08-29 14:15:57.513 +05:30  INF  Executed endpoint 'Web.Ecommerce.Controllers.Customer.OrderController.PlaceOrder (Web.Ecommerce)'
2024-08-29 14:15:57.514 +05:30  DBG  'EcommerceDbContext' disposed.
2024-08-29 14:15:57.514 +05:30  VRB  Connection id "0HN680O3Q3RU4" sending "DATA" frame for stream ID 1 with length 0 and flags "END_STREAM".
2024-08-29 14:15:57.514 +05:30  DBG  Disposing connection to database 'Ecommerce' on server 'FGS-DSK-230\MSSQLSERVER2019'.
2024-08-29 14:15:57.518 +05:30  DBG  Disposed connection to database '' on server '' (3ms).
2024-08-29 14:15:57.519 +05:30  INF  Request finished HTTP/2 POST https://localhost:7113/api/Order/Place Order - 200 null application/json; charset=utf-8 201.456ms
2024-08-29 14:16:01.952 +05:30  DBG  Connection id "0HN680O3Q3RU4" received FIN.
2024-08-29 14:16:01.954 +05:30  DBG  Connection id "0HN680O3Q3RU4" is closed. The last processed stream ID was 1.
2024-08-29 14:16:01.954 +05:30  DBG  The connection queue processing loop for 0HN680O3Q3RU4 completed.
2024-08-29 14:16:01.955 +05:30  DBG  Connection id "0HN680O3Q3RU4" sending FIN because: "The Socket transport's send loop completed gracefully."
2024-08-29 14:16:01.967 +05:30  DBG  Connection id "0HN680O3Q3RU4" stopped.
2024-08-29 14:21:10.081 +05:30  DBG  Connection id "0HN680O3Q3RU5" accepted.
2024-08-29 14:21:10.083 +05:30  DBG  Connection id "0HN680O3Q3RU5" started.
2024-08-29 14:21:10.086 +05:30  DBG  Connection 0HN680O3Q3RU5 established using the following protocol: "Tls12"
2024-08-29 14:21:10.088 +05:30  VRB  Connection id "0HN680O3Q3RU5" sending "SETTINGS" frame for stream ID 0 with length 24 and flags "NONE".
2024-08-29 14:21:10.091 +05:30  VRB  Connection id "0HN680O3Q3RU5" sending "WINDOW_UPDATE" frame for stream ID 0 with length 4 and flags 0x0.
2024-08-29 14:21:10.092 +05:30  VRB  Connection id "0HN680O3Q3RU5" received "SETTINGS" frame for stream ID 0 with length 24 and flags "NONE".
2024-08-29 14:21:10.094 +05:30  VRB  Connection id "0HN680O3Q3RU5" sending "SETTINGS" frame for stream ID 0 with length 0 and flags "ACK".
2024-08-29 14:21:10.096 +05:30  VRB  Connection id "0HN680O3Q3RU5" received "WINDOW_UPDATE" frame for stream ID 0 with length 4 and flags 0x0.
2024-08-29 14:21:10.098 +05:30  VRB  Connection id "0HN680O3Q3RU5" received "HEADERS" frame for stream ID 1 with length 500 and flags "END_STREAM, END_HEADERS, PRIORITY".
2024-08-29 14:21:10.100 +05:30  VRB  Connection id "0HN680O3Q3RU5" received "SETTINGS" frame for stream ID 0 with length 0 and flags "ACK".
2024-08-29 14:21:10.100 +05:30  INF  Request starting HTTP/2 GET https://localhost:7113/swagger/index.html - null null
2024-08-29 14:21:10.113 +05:30  VRB  All hosts are allowed.
2024-08-29 14:21:10.113 +05:30  DBG  No candidates found for the request path '/swagger/index.html'
2024-08-29 14:21:10.116 +05:30  DBG  Request did not match any endpoints
2024-08-29 14:21:10.121 +05:30  DBG  Response markup is scheduled to include Browser Link script injection.
2024-08-29 14:21:10.121 +05:30  DBG  Response markup is scheduled to include browser refresh script injection.
2024-08-29 14:21:10.122 +05:30  DBG  Response markup was updated to include Browser Link script injection.
2024-08-29 14:21:10.122 +05:30  VRB  Connection id "0HN680O3Q3RU5" sending "HEADERS" frame for stream ID 1 with length 66 and flags "END_HEADERS".
2024-08-29 14:21:10.123 +05:30  DBG  Response markup was updated to include browser refresh script injection.
2024-08-29 14:21:10.125 +05:30  VRB  Connection id "0HN680O3Q3RU5" sending "DATA" frame for stream ID 1 with length 1136 and flags "NONE".
2024-08-29 14:21:10.126 +05:30  INF  Request finished HTTP/2 GET https://localhost:7113/swagger/index.html - 200 null text/html;charset=utf-8 26.2483ms
2024-08-29 14:21:10.127 +05:30  VRB  Connection id "0HN680O3Q3RU5" sending "DATA" frame for stream ID 1 with length 0 and flags "END_STREAM".
2024-08-29 14:21:10.150 +05:30  VRB  Connection id "0HN680O3Q3RU5" received "HEADERS" frame for stream ID 3 with length 57 and flags "END_STREAM, END_HEADERS, PRIORITY".
2024-08-29 14:21:10.156 +05:30  VRB  Connection id "0HN680O3Q3RU5" received "HEADERS" frame for stream ID 5 with length 58 and flags "END_STREAM, END_HEADERS, PRIORITY".
2024-08-29 14:21:10.162 +05:30  INF  Request starting HTTP/2 GET https://localhost:7113/swagger/index.js - null null
2024-08-29 14:21:10.162 +05:30  INF  Request starting HTTP/2 GET https://localhost:7113/_vs/browserLink - null null
2024-08-29 14:21:10.162 +05:30  VRB  Connection id "0HN680O3Q3RU5" received "HEADERS" frame for stream ID 7 with length 52 and flags "END_STREAM, END_HEADERS, PRIORITY".
2024-08-29 14:21:10.164 +05:30  VRB  All hosts are allowed.
2024-08-29 14:21:10.175 +05:30  INF  Request starting HTTP/2 GET https://localhost:7113/_framework/aspnetcore-browser-refresh.js - null null
2024-08-29 14:21:10.176 +05:30  DBG  No candidates found for the request path '/swagger/index.js'
2024-08-29 14:21:10.178 +05:30  VRB  Connection id "0HN680O3Q3RU5" sending "HEADERS" frame for stream ID 5 with length 149 and flags "END_HEADERS".
2024-08-29 14:21:10.179 +05:30  DBG  Request did not match any endpoints
2024-08-29 14:21:10.181 +05:30  VRB  Connection id "0HN680O3Q3RU5" sending "DATA" frame for stream ID 5 with length 9986 and flags "NONE".
2024-08-29 14:21:10.182 +05:30  INF  Request finished HTTP/2 GET https://localhost:7113/swagger/index.js - 200 null application/javascript;charset=utf-8 20.3457ms
2024-08-29 14:21:10.183 +05:30  VRB  Connection id "0HN680O3Q3RU5" sending "HEADERS" frame for stream ID 7 with length 60 and flags "END_HEADERS".
2024-08-29 14:21:10.194 +05:30  VRB  Connection id "0HN680O3Q3RU5" sending "DATA" frame for stream ID 7 with length 13762 and flags "NONE".
2024-08-29 14:21:10.195 +05:30  VRB  Connection id "0HN680O3Q3RU5" sending "HEADERS" frame for stream ID 3 with length 41 and flags "END_HEADERS".
2024-08-29 14:21:10.196 +05:30  INF  Request finished HTTP/2 GET https://localhost:7113/_framework/aspnetcore-browser-refresh.js - 200 13762 application/javascript; charset=utf-8 20.9995ms
2024-08-29 14:21:10.197 +05:30  VRB  Connection id "0HN680O3Q3RU5" sending "DATA" frame for stream ID 3 with length 3005 and flags "END_STREAM".
2024-08-29 14:21:10.201 +05:30  VRB  Connection id "0HN680O3Q3RU5" sending "DATA" frame for stream ID 5 with length 10240 and flags "NONE".
2024-08-29 14:21:10.205 +05:30  VRB  Connection id "0HN680O3Q3RU5" sending "DATA" frame for stream ID 7 with length 0 and flags "END_STREAM".
2024-08-29 14:21:10.208 +05:30  VRB  Connection id "0HN680O3Q3RU5" sending "DATA" frame for stream ID 5 with length 10240 and flags "NONE".
2024-08-29 14:21:10.210 +05:30  VRB  Connection id "0HN680O3Q3RU5" sending "DATA" frame for stream ID 5 with length 10240 and flags "NONE".
2024-08-29 14:21:10.212 +05:30  VRB  Connection id "0HN680O3Q3RU5" sending "DATA" frame for stream ID 5 with length 10240 and flags "NONE".
2024-08-29 14:21:10.214 +05:30  VRB  Connection id "0HN680O3Q3RU5" sending "DATA" frame for stream ID 5 with length 10240 and flags "NONE".
2024-08-29 14:21:10.216 +05:30  VRB  Connection id "0HN680O3Q3RU5" sending "DATA" frame for stream ID 5 with length 10240 and flags "NONE".
2024-08-29 14:21:10.218 +05:30  VRB  Connection id "0HN680O3Q3RU5" sending "DATA" frame for stream ID 5 with length 10240 and flags "NONE".
2024-08-29 14:21:10.220 +05:30  VRB  Connection id "0HN680O3Q3RU5" sending "DATA" frame for stream ID 5 with length 10240 and flags "NONE".
2024-08-29 14:21:10.222 +05:30  VRB  Connection id "0HN680O3Q3RU5" sending "DATA" frame for stream ID 5 with length 10240 and flags "NONE".
2024-08-29 14:21:10.225 +05:30  VRB  Connection id "0HN680O3Q3RU5" sending "DATA" frame for stream ID 5 with length 10240 and flags "NONE".
2024-08-29 14:21:10.227 +05:30  VRB  Connection id "0HN680O3Q3RU5" sending "DATA" frame for stream ID 5 with length 10240 and flags "NONE".
2024-08-29 14:21:10.228 +05:30  VRB  Connection id "0HN680O3Q3RU5" sending "DATA" frame for stream ID 5 with length 10240 and flags "NONE".
2024-08-29 14:21:10.230 +05:30  VRB  Connection id "0HN680O3Q3RU5" sending "DATA" frame for stream ID 5 with length 10240 and flags "NONE".
2024-08-29 14:21:10.232 +05:30  VRB  Connection id "0HN680O3Q3RU5" sending "DATA" frame for stream ID 5 with length 10240 and flags "NONE".
2024-08-29 14:21:10.234 +05:30  VRB  Connection id "0HN680O3Q3RU5" sending "DATA" frame for stream ID 5 with length 160 and flags "NONE".
2024-08-29 14:21:10.235 +05:30  INF  Request finished HTTP/2 GET https://localhost:7113/_vs/browserLink - 200 null text/javascript; charset=UTF-8 72.9319ms
2024-08-29 14:21:10.236 +05:30  VRB  Connection id "0HN680O3Q3RU5" sending "DATA" frame for stream ID 5 with length 0 and flags "END_STREAM".
2024-08-29 14:21:10.277 +05:30  VRB  Connection id "0HN680O3Q3RU5" received "HEADERS" frame for stream ID 9 with length 74 and flags "END_STREAM, END_HEADERS, PRIORITY".
2024-08-29 14:21:10.282 +05:30  INF  Request starting HTTP/2 GET https://localhost:7113/swagger/v1/swagger.json - null null
2024-08-29 14:21:10.284 +05:30  VRB  All hosts are allowed.
2024-08-29 14:21:10.285 +05:30  DBG  No candidates found for the request path '/swagger/v1/swagger.json'
2024-08-29 14:21:10.285 +05:30  DBG  Request did not match any endpoints
2024-08-29 14:21:10.297 +05:30  VRB  Connection id "0HN680O3Q3RU5" sending "HEADERS" frame for stream ID 9 with length 35 and flags "END_HEADERS".
2024-08-29 14:21:10.298 +05:30  VRB  Connection id "0HN680O3Q3RU5" sending "DATA" frame for stream ID 9 with length 16384 and flags "NONE".
2024-08-29 14:21:10.300 +05:30  VRB  Connection id "0HN680O3Q3RU5" sending "DATA" frame for stream ID 9 with length 6467 and flags "NONE".
2024-08-29 14:21:10.303 +05:30  VRB  Connection id "0HN680O3Q3RU5" sending "DATA" frame for stream ID 9 with length 0 and flags "END_STREAM".
2024-08-29 14:21:10.303 +05:30  INF  Request finished HTTP/2 GET https://localhost:7113/swagger/v1/swagger.json - 200 null application/json;charset=utf-8 21.4308ms
2024-08-29 14:21:12.415 +05:30  DBG  Connection id "0HN680O3Q3RU5" received FIN.
2024-08-29 14:21:12.417 +05:30  DBG  Connection id "0HN680O3Q3RU5" is closed. The last processed stream ID was 9.
2024-08-29 14:21:12.417 +05:30  DBG  The connection queue processing loop for 0HN680O3Q3RU5 completed.
2024-08-29 14:21:12.418 +05:30  DBG  Connection id "0HN680O3Q3RU5" sending FIN because: "The Socket transport's send loop completed gracefully."
2024-08-29 14:21:12.430 +05:30  DBG  Connection id "0HN680O3Q3RU5" stopped.
2024-08-29 14:21:19.344 +05:30  DBG  Connection id "0HN680O3Q3RU6" accepted.
2024-08-29 14:21:19.345 +05:30  DBG  Connection id "0HN680O3Q3RU6" started.
2024-08-29 14:21:19.377 +05:30  DBG  Connection 0HN680O3Q3RU6 established using the following protocol: "Tls12"
2024-08-29 14:21:19.378 +05:30  VRB  Connection id "0HN680O3Q3RU6" sending "SETTINGS" frame for stream ID 0 with length 24 and flags "NONE".
2024-08-29 14:21:19.380 +05:30  VRB  Connection id "0HN680O3Q3RU6" sending "WINDOW_UPDATE" frame for stream ID 0 with length 4 and flags 0x0.
2024-08-29 14:21:19.381 +05:30  VRB  Connection id "0HN680O3Q3RU6" received "SETTINGS" frame for stream ID 0 with length 24 and flags "NONE".
2024-08-29 14:21:19.383 +05:30  VRB  Connection id "0HN680O3Q3RU6" sending "SETTINGS" frame for stream ID 0 with length 0 and flags "ACK".
2024-08-29 14:21:19.386 +05:30  VRB  Connection id "0HN680O3Q3RU6" received "WINDOW_UPDATE" frame for stream ID 0 with length 4 and flags 0x0.
2024-08-29 14:21:19.388 +05:30  VRB  Connection id "0HN680O3Q3RU6" received "HEADERS" frame for stream ID 1 with length 411 and flags "END_HEADERS, PRIORITY".
2024-08-29 14:21:19.390 +05:30  VRB  Connection id "0HN680O3Q3RU6" received "DATA" frame for stream ID 1 with length 204 and flags "END_STREAM".
2024-08-29 14:21:19.391 +05:30  INF  Request starting HTTP/2 POST https://localhost:7113/api/Order/Place Order - application/json 204
2024-08-29 14:21:19.392 +05:30  VRB  Connection id "0HN680O3Q3RU6" received "SETTINGS" frame for stream ID 0 with length 0 and flags "ACK".
2024-08-29 14:21:19.394 +05:30  VRB  All hosts are allowed.
2024-08-29 14:21:19.396 +05:30  DBG  1 candidate(s) found for the request path '/api/Order/Place Order'
2024-08-29 14:21:19.397 +05:30  DBG  Endpoint 'Web.Ecommerce.Controllers.Customer.OrderController.PlaceOrder (Web.Ecommerce)' with route pattern 'api/Order/Place Order' is valid for the request path '/api/Order/Place Order'
2024-08-29 14:21:19.398 +05:30  DBG  Request matched endpoint 'Web.Ecommerce.Controllers.Customer.OrderController.PlaceOrder (Web.Ecommerce)'
2024-08-29 14:21:19.399 +05:30  VRB  The endpoint does not specify the IRequestSizeLimitMetadata.
2024-08-29 14:21:19.400 +05:30  DBG  Static files was skipped as the request already matched an endpoint.
2024-08-29 14:21:19.401 +05:30  DBG  AuthenticationScheme: Bearer was not authenticated.
2024-08-29 14:21:19.406 +05:30  DBG  AuthenticationScheme: Bearer was not authenticated.
2024-08-29 14:21:19.408 +05:30  INF  Executing endpoint 'Web.Ecommerce.Controllers.Customer.OrderController.PlaceOrder (Web.Ecommerce)'
2024-08-29 14:21:19.412 +05:30  INF  Route matched with {action = "PlaceOrder", controller = "Order"}. Executing controller action with signature System.Threading.Tasks.Task`1[Microsoft.AspNetCore.Mvc.IActionResult] PlaceOrder(Application.Ecom.OrderOperations.Commands.PlaceOrder.PlaceOrderCommand) on controller Web.Ecommerce.Controllers.Customer.OrderController (Web.Ecommerce).
2024-08-29 14:21:19.414 +05:30  DBG  Execution plan of authorization filters (in the following order): ["None"]
2024-08-29 14:21:19.416 +05:30  DBG  Execution plan of resource filters (in the following order): ["None"]
2024-08-29 14:21:19.417 +05:30  DBG  Execution plan of action filters (in the following order): ["Microsoft.AspNetCore.Mvc.ModelBinding.UnsupportedContentTypeFilter (Order: -3000)","Microsoft.AspNetCore.Mvc.Infrastructure.ModelStateInvalidFilter (Order: -2000)"]
2024-08-29 14:21:19.420 +05:30  DBG  Execution plan of exception filters (in the following order): ["None"]
2024-08-29 14:21:19.422 +05:30  DBG  Execution plan of result filters (in the following order): ["Microsoft.AspNetCore.Mvc.Infrastructure.ClientErrorResultFilter (Order: -2000)"]
2024-08-29 14:21:19.424 +05:30  DBG  Executing controller factory for controller Web.Ecommerce.Controllers.Customer.OrderController (Web.Ecommerce)
2024-08-29 14:21:19.425 +05:30  DBG  Executed controller factory for controller Web.Ecommerce.Controllers.Customer.OrderController (Web.Ecommerce)
2024-08-29 14:21:19.426 +05:30  DBG  Attempting to bind parameter 'command' of type 'Application.Ecom.OrderOperations.Commands.PlaceOrder.PlaceOrderCommand' ...
2024-08-29 14:21:19.427 +05:30  DBG  Attempting to bind parameter 'command' of type 'Application.Ecom.OrderOperations.Commands.PlaceOrder.PlaceOrderCommand' using the name '' in request data ...
2024-08-29 14:21:19.429 +05:30  DBG  Selected input formatter 'Microsoft.AspNetCore.Mvc.Formatters.SystemTextJsonInputFormatter' for content type 'application/json'.
2024-08-29 14:21:19.432 +05:30  DBG  Connection id "0HN680O3Q3RU6", Request id "0HN680O3Q3RU6:00000001": started reading request body.
2024-08-29 14:21:19.433 +05:30  DBG  Connection id "0HN680O3Q3RU6", Request id "0HN680O3Q3RU6:00000001": done reading request body.
2024-08-29 14:21:19.436 +05:30  DBG  JSON input formatter succeeded, deserializing to type 'Application.Ecom.OrderOperations.Commands.PlaceOrder.PlaceOrderCommand'
2024-08-29 14:21:19.437 +05:30  DBG  Done attempting to bind parameter 'command' of type 'Application.Ecom.OrderOperations.Commands.PlaceOrder.PlaceOrderCommand'.
2024-08-29 14:21:19.439 +05:30  DBG  Done attempting to bind parameter 'command' of type 'Application.Ecom.OrderOperations.Commands.PlaceOrder.PlaceOrderCommand'.
2024-08-29 14:21:19.439 +05:30  DBG  Attempting to validate the bound parameter 'command' of type 'Application.Ecom.OrderOperations.Commands.PlaceOrder.PlaceOrderCommand' ...
2024-08-29 14:21:19.442 +05:30  DBG  Done attempting to validate the bound parameter 'command' of type 'Application.Ecom.OrderOperations.Commands.PlaceOrder.PlaceOrderCommand'.
2024-08-29 14:21:19.444 +05:30  VRB  Action Filter: Before executing OnActionExecuting on filter Microsoft.AspNetCore.Mvc.ModelBinding.UnsupportedContentTypeFilter.
2024-08-29 14:21:19.445 +05:30  VRB  Action Filter: After executing OnActionExecuting on filter Microsoft.AspNetCore.Mvc.ModelBinding.UnsupportedContentTypeFilter.
2024-08-29 14:21:19.446 +05:30  VRB  Action Filter: Before executing OnActionExecuting on filter Microsoft.AspNetCore.Mvc.Infrastructure.ModelStateInvalidFilter.
2024-08-29 14:21:19.447 +05:30  VRB  Action Filter: After executing OnActionExecuting on filter Microsoft.AspNetCore.Mvc.Infrastructure.ModelStateInvalidFilter.
2024-08-29 14:21:19.448 +05:30  INF  Executing action method Web.Ecommerce.Controllers.Customer.OrderController.PlaceOrder (Web.Ecommerce) - Validation state: "Valid"
2024-08-29 14:21:19.449 +05:30  VRB  Executing action method Web.Ecommerce.Controllers.Customer.OrderController.PlaceOrder (Web.Ecommerce) with arguments (["Application.Ecom.OrderOperations.Commands.PlaceOrder.PlaceOrderCommand"])
2024-08-29 14:21:19.454 +05:30  DBG  Entity Framework Core 8.0.8 initialized 'EcommerceDbContext' using provider 'Microsoft.EntityFrameworkCore.SqlServer:8.0.8' with options: None
2024-08-29 14:21:19.456 +05:30  DBG  Creating DbConnection.
2024-08-29 14:21:19.457 +05:30  DBG  Created DbConnection. (0ms).
2024-08-29 14:21:19.458 +05:30  DBG  Opening connection to database 'Ecommerce' on server 'FGS-DSK-230\MSSQLSERVER2019'.
2024-08-29 14:21:19.458 +05:30  DBG  Opened connection to database 'Ecommerce' on server 'FGS-DSK-230\MSSQLSERVER2019'.
2024-08-29 14:21:19.459 +05:30  DBG  Creating DbCommand for 'ExecuteReader'.
2024-08-29 14:21:19.460 +05:30  DBG  Created DbCommand for 'ExecuteReader' (0ms).
2024-08-29 14:21:19.461 +05:30  DBG  Initialized DbCommand for 'ExecuteReader' (1ms).
2024-08-29 14:21:19.461 +05:30  DBG  Executing DbCommand [Parameters=[@__get_Item_0='?' (DbType = Guid)], CommandType='"Text"', CommandTimeout='30']
SELECT TOP(1) [p].[ProductId], [p].[Category], [p].[CreatedAt], [p].[Description], [p].[IsDeleted], [p].[Name], [p].[Price], [p].[Quantity], [p].[SellerId], [p].[UpdatedAt], [p].[UserId]
FROM [Products] AS [p]
WHERE [p].[ProductId] = @__get_Item_0
2024-08-29 14:21:19.465 +05:30  INF  Executed DbCommand (4ms) [Parameters=[@__get_Item_0='?' (DbType = Guid)], CommandType='"Text"', CommandTimeout='30']
SELECT TOP(1) [p].[ProductId], [p].[Category], [p].[CreatedAt], [p].[Description], [p].[IsDeleted], [p].[Name], [p].[Price], [p].[Quantity], [p].[SellerId], [p].[UpdatedAt], [p].[UserId]
FROM [Products] AS [p]
WHERE [p].[ProductId] = @__get_Item_0
2024-08-29 14:21:19.467 +05:30  DBG  Context 'EcommerceDbContext' started tracking 'Product' entity. Consider using 'DbContextOptionsBuilder.EnableSensitiveDataLogging' to see key values.
2024-08-29 14:21:19.469 +05:30  DBG  Closing data reader to 'Ecommerce' on server 'FGS-DSK-230\MSSQLSERVER2019'.
2024-08-29 14:21:19.470 +05:30  DBG  A data reader for 'Ecommerce' on server 'FGS-DSK-230\MSSQLSERVER2019' is being disposed after spending 3ms reading results.
2024-08-29 14:21:19.471 +05:30  DBG  Closing connection to database 'Ecommerce' on server 'FGS-DSK-230\MSSQLSERVER2019'.
2024-08-29 14:21:19.472 +05:30  DBG  Closed connection to database 'Ecommerce' on server 'FGS-DSK-230\MSSQLSERVER2019' (0ms).
2024-08-29 14:21:19.473 +05:30  DBG  Context 'EcommerceDbContext' started tracking 'Order' entity. Consider using 'DbContextOptionsBuilder.EnableSensitiveDataLogging' to see key values.
2024-08-29 14:21:19.474 +05:30  DBG  The navigation 'OrderItem.Order' was detected as changed. Consider using 'DbContextOptionsBuilder.EnableSensitiveDataLogging' to see key values.
2024-08-29 14:21:19.475 +05:30  DBG  The navigation 'OrderItem.Product' was detected as changed. Consider using 'DbContextOptionsBuilder.EnableSensitiveDataLogging' to see key values.
2024-08-29 14:21:19.476 +05:30  DBG  Context 'EcommerceDbContext' started tracking 'OrderItem' entity. Consider using 'DbContextOptionsBuilder.EnableSensitiveDataLogging' to see key values.
2024-08-29 14:21:19.483 +05:30  DBG  Creating DbCommand for 'ExecuteNonQuery'.
2024-08-29 14:21:19.483 +05:30  DBG  Created DbCommand for 'ExecuteNonQuery' (0ms).
2024-08-29 14:21:19.485 +05:30  DBG  Initialized DbCommand for 'ExecuteNonQuery' (1ms).
2024-08-29 14:21:19.488 +05:30  DBG  Opening connection to database 'Ecommerce' on server 'FGS-DSK-230\MSSQLSERVER2019'.
2024-08-29 14:21:19.489 +05:30  DBG  Opened connection to database 'Ecommerce' on server 'FGS-DSK-230\MSSQLSERVER2019'.
2024-08-29 14:21:19.490 +05:30  DBG  Executing DbCommand [Parameters=[@ProductId='?' (DbType = Guid), @Quantity='?' (DbType = Int32)], CommandType='"Text"', CommandTimeout='30']
EXEC ReduceProductQuantity @ProductId, @Quantity
2024-08-29 14:21:19.497 +05:30  INF  Executed DbCommand (8ms) [Parameters=[@ProductId='?' (DbType = Guid), @Quantity='?' (DbType = Int32)], CommandType='"Text"', CommandTimeout='30']
EXEC ReduceProductQuantity @ProductId, @Quantity
2024-08-29 14:21:19.499 +05:30  DBG  Closing connection to database 'Ecommerce' on server 'FGS-DSK-230\MSSQLSERVER2019'.
2024-08-29 14:21:19.500 +05:30  DBG  Closed connection to database 'Ecommerce' on server 'FGS-DSK-230\MSSQLSERVER2019' (0ms).
2024-08-29 14:21:19.502 +05:30  DBG  SaveChanges starting for 'EcommerceDbContext'.
2024-08-29 14:21:19.503 +05:30  DBG  DetectChanges starting for 'EcommerceDbContext'.
2024-08-29 14:21:19.504 +05:30  DBG  DetectChanges completed for 'EcommerceDbContext'.
2024-08-29 14:21:19.505 +05:30  DBG  Executing 2 update commands as a batch.
2024-08-29 14:21:19.505 +05:30  DBG  Opening connection to database 'Ecommerce' on server 'FGS-DSK-230\MSSQLSERVER2019'.
2024-08-29 14:21:19.506 +05:30  DBG  Opened connection to database 'Ecommerce' on server 'FGS-DSK-230\MSSQLSERVER2019'.
2024-08-29 14:21:19.507 +05:30  DBG  Beginning transaction with isolation level 'Unspecified'.
2024-08-29 14:21:19.508 +05:30  DBG  Began transaction with isolation level 'ReadCommitted'.
2024-08-29 14:21:19.508 +05:30  DBG  Creating DbCommand for 'ExecuteReader'.
2024-08-29 14:21:19.509 +05:30  DBG  Created DbCommand for 'ExecuteReader' (0ms).
2024-08-29 14:21:19.510 +05:30  DBG  Initialized DbCommand for 'ExecuteReader' (1ms).
2024-08-29 14:21:19.511 +05:30  DBG  Executing DbCommand [Parameters=[@p0='?' (DbType = Guid), @p1='?' (DbType = DateTime2), @p2='?' (DbType = Guid), @p3='?' (DbType = Date), @p4='?' (DbType = Boolean), @p5='?' (DbType = Boolean), @p6='?' (DbType = Boolean), @p7='?' (DbType = DateTime2), @p8='?' (Size = 50), @p9='?' (DbType = Guid), @p10='?' (DbType = Guid), @p11='?' (Size = 4000), @p12='?' (Precision = 18) (Scale = 2) (DbType = Decimal), @p13='?' (DbType = DateTime2), @p14='?' (DbType = Guid), @p15='?' (DbType = DateTime2), @p16='?' (DbType = Guid), @p17='?' (DbType = Guid), @p18='?' (DbType = Int32), @p19='?' (Precision = 8) (Scale = 2) (DbType = Decimal), @p20='?' (DbType = DateTime2)], CommandType='"Text"', CommandTimeout='30']
SET NOCOUNT ON;
INSERT INTO [Orders] ([OrderId], [CreatedAt], [CustomerId], [DeliveryDate], [IsCancelled], [IsDelivered], [IsPaid], [OrderDate], [OrderStatus], [PaymentId], [ReturnId], [ShippingAddress], [TotalAmount], [UpdatedAt])
VALUES (@p0, @p1, @p2, @p3, @p4, @p5, @p6, @p7, @p8, @p9, @p10, @p11, @p12, @p13);
INSERT INTO [OrderItems] ([OrderItemId], [CreatedAt], [OrderId], [ProductId], [Quantity], [UnitPrice], [UpdatedAt])
VALUES (@p14, @p15, @p16, @p17, @p18, @p19, @p20);
2024-08-29 14:21:19.517 +05:30  INF  Executed DbCommand (7ms) [Parameters=[@p0='?' (DbType = Guid), @p1='?' (DbType = DateTime2), @p2='?' (DbType = Guid), @p3='?' (DbType = Date), @p4='?' (DbType = Boolean), @p5='?' (DbType = Boolean), @p6='?' (DbType = Boolean), @p7='?' (DbType = DateTime2), @p8='?' (Size = 50), @p9='?' (DbType = Guid), @p10='?' (DbType = Guid), @p11='?' (Size = 4000), @p12='?' (Precision = 18) (Scale = 2) (DbType = Decimal), @p13='?' (DbType = DateTime2), @p14='?' (DbType = Guid), @p15='?' (DbType = DateTime2), @p16='?' (DbType = Guid), @p17='?' (DbType = Guid), @p18='?' (DbType = Int32), @p19='?' (Precision = 8) (Scale = 2) (DbType = Decimal), @p20='?' (DbType = DateTime2)], CommandType='"Text"', CommandTimeout='30']
SET NOCOUNT ON;
INSERT INTO [Orders] ([OrderId], [CreatedAt], [CustomerId], [DeliveryDate], [IsCancelled], [IsDelivered], [IsPaid], [OrderDate], [OrderStatus], [PaymentId], [ReturnId], [ShippingAddress], [TotalAmount], [UpdatedAt])
VALUES (@p0, @p1, @p2, @p3, @p4, @p5, @p6, @p7, @p8, @p9, @p10, @p11, @p12, @p13);
INSERT INTO [OrderItems] ([OrderItemId], [CreatedAt], [OrderId], [ProductId], [Quantity], [UnitPrice], [UpdatedAt])
VALUES (@p14, @p15, @p16, @p17, @p18, @p19, @p20);
2024-08-29 14:21:19.521 +05:30  DBG  Closing data reader to 'Ecommerce' on server 'FGS-DSK-230\MSSQLSERVER2019'.
2024-08-29 14:21:19.522 +05:30  DBG  A data reader for 'Ecommerce' on server 'FGS-DSK-230\MSSQLSERVER2019' is being disposed after spending 0ms reading results.
2024-08-29 14:21:19.523 +05:30  DBG  Committing transaction.
2024-08-29 14:21:19.523 +05:30  DBG  Committed transaction.
2024-08-29 14:21:19.524 +05:30  DBG  Closing connection to database 'Ecommerce' on server 'FGS-DSK-230\MSSQLSERVER2019'.
2024-08-29 14:21:19.525 +05:30  DBG  Closed connection to database 'Ecommerce' on server 'FGS-DSK-230\MSSQLSERVER2019' (0ms).
2024-08-29 14:21:19.526 +05:30  DBG  Disposing transaction.
2024-08-29 14:21:19.527 +05:30  DBG  An entity of type 'Order' tracked by 'EcommerceDbContext' changed state from '"Added"' to '"Unchanged"'. Consider using 'DbContextOptionsBuilder.EnableSensitiveDataLogging' to see key values.
2024-08-29 14:21:19.528 +05:30  DBG  An entity of type 'OrderItem' tracked by 'EcommerceDbContext' changed state from '"Added"' to '"Unchanged"'. Consider using 'DbContextOptionsBuilder.EnableSensitiveDataLogging' to see key values.
2024-08-29 14:21:19.529 +05:30  DBG  SaveChanges completed for 'EcommerceDbContext' with 2 entities written to the database.
2024-08-29 14:21:19.533 +05:30  INF  Executed action method Web.Ecommerce.Controllers.Customer.OrderController.PlaceOrder (Web.Ecommerce), returned result Microsoft.AspNetCore.Mvc.OkObjectResult in 82.5475ms.
2024-08-29 14:21:19.534 +05:30  VRB  Action Filter: Before executing OnActionExecuted on filter Microsoft.AspNetCore.Mvc.Infrastructure.ModelStateInvalidFilter.
2024-08-29 14:21:19.537 +05:30  VRB  Action Filter: After executing OnActionExecuted on filter Microsoft.AspNetCore.Mvc.Infrastructure.ModelStateInvalidFilter.
2024-08-29 14:21:19.539 +05:30  VRB  Action Filter: Before executing OnActionExecuted on filter Microsoft.AspNetCore.Mvc.ModelBinding.UnsupportedContentTypeFilter.
2024-08-29 14:21:19.540 +05:30  VRB  Action Filter: After executing OnActionExecuted on filter Microsoft.AspNetCore.Mvc.ModelBinding.UnsupportedContentTypeFilter.
2024-08-29 14:21:19.541 +05:30  VRB  Result Filter: Before executing OnResultExecuting on filter Microsoft.AspNetCore.Mvc.Infrastructure.ClientErrorResultFilter.
2024-08-29 14:21:19.542 +05:30  VRB  Result Filter: After executing OnResultExecuting on filter Microsoft.AspNetCore.Mvc.Infrastructure.ClientErrorResultFilter.
2024-08-29 14:21:19.543 +05:30  VRB  Before executing action result Microsoft.AspNetCore.Mvc.OkObjectResult.
2024-08-29 14:21:19.543 +05:30  DBG  List of registered output formatters, in the following order: ["Microsoft.AspNetCore.Mvc.Formatters.HttpNoContentOutputFormatter","Microsoft.AspNetCore.Mvc.Formatters.StringOutputFormatter","Microsoft.AspNetCore.Mvc.Formatters.StreamOutputFormatter","Microsoft.AspNetCore.Mvc.Formatters.SystemTextJsonOutputFormatter"]
2024-08-29 14:21:19.546 +05:30  DBG  No information found on request to perform content negotiation.
2024-08-29 14:21:19.546 +05:30  DBG  Attempting to select an output formatter without using a content type as no explicit content types were specified for the response.
2024-08-29 14:21:19.547 +05:30  DBG  Attempting to select the first formatter in the output formatters list which can write the result.
2024-08-29 14:21:19.548 +05:30  DBG  Selected output formatter 'Microsoft.AspNetCore.Mvc.Formatters.SystemTextJsonOutputFormatter' and content type 'application/json' to write the response.
2024-08-29 14:21:19.549 +05:30  INF  Executing OkObjectResult, writing value of type 'Application.Ecom.OrderOperations.Commands.PlaceOrder.PlaceOrderCommandResponse'.
2024-08-29 14:21:19.552 +05:30  VRB  After executing action result Microsoft.AspNetCore.Mvc.OkObjectResult.
2024-08-29 14:21:19.552 +05:30  VRB  Connection id "0HN680O3Q3RU6" sending "HEADERS" frame for stream ID 1 with length 74 and flags "END_HEADERS".
2024-08-29 14:21:19.553 +05:30  VRB  Result Filter: Before executing OnResultExecuted on filter Microsoft.AspNetCore.Mvc.Infrastructure.ClientErrorResultFilter.
2024-08-29 14:21:19.554 +05:30  VRB  Connection id "0HN680O3Q3RU6" sending "DATA" frame for stream ID 1 with length 139 and flags "NONE".
2024-08-29 14:21:19.555 +05:30  VRB  Result Filter: After executing OnResultExecuted on filter Microsoft.AspNetCore.Mvc.Infrastructure.ClientErrorResultFilter.
2024-08-29 14:21:19.558 +05:30  INF  Executed action Web.Ecommerce.Controllers.Customer.OrderController.PlaceOrder (Web.Ecommerce) in 134.2141ms
2024-08-29 14:21:19.559 +05:30  INF  Executed endpoint 'Web.Ecommerce.Controllers.Customer.OrderController.PlaceOrder (Web.Ecommerce)'
2024-08-29 14:21:19.560 +05:30  VRB  Connection id "0HN680O3Q3RU6" sending "DATA" frame for stream ID 1 with length 0 and flags "END_STREAM".
2024-08-29 14:21:19.560 +05:30  DBG  'EcommerceDbContext' disposed.
2024-08-29 14:21:19.564 +05:30  DBG  Disposing connection to database 'Ecommerce' on server 'FGS-DSK-230\MSSQLSERVER2019'.
2024-08-29 14:21:19.565 +05:30  DBG  Disposed connection to database '' on server '' (0ms).
2024-08-29 14:21:19.566 +05:30  INF  Request finished HTTP/2 POST https://localhost:7113/api/Order/Place Order - 200 null application/json; charset=utf-8 175.306ms
2024-08-29 14:21:22.423 +05:30  DBG  Connection id "0HN680O3Q3RU6" received FIN.
2024-08-29 14:21:22.428 +05:30  DBG  Connection id "0HN680O3Q3RU6" is closed. The last processed stream ID was 1.
2024-08-29 14:21:22.428 +05:30  DBG  The connection queue processing loop for 0HN680O3Q3RU6 completed.
2024-08-29 14:21:22.429 +05:30  DBG  Connection id "0HN680O3Q3RU6" sending FIN because: "The Socket transport's send loop completed gracefully."
2024-08-29 14:21:22.438 +05:30  DBG  Connection id "0HN680O3Q3RU6" stopped.
2024-08-29 14:21:37.909 +05:30  DBG  Registered model binder providers, in the following order: ["Microsoft.AspNetCore.Mvc.ModelBinding.Binders.BinderTypeModelBinderProvider","Microsoft.AspNetCore.Mvc.ModelBinding.Binders.ServicesModelBinderProvider","Microsoft.AspNetCore.Mvc.ModelBinding.Binders.BodyModelBinderProvider","Microsoft.AspNetCore.Mvc.ModelBinding.Binders.HeaderModelBinderProvider","Microsoft.AspNetCore.Mvc.ModelBinding.Binders.FloatingPointTypeModelBinderProvider","Microsoft.AspNetCore.Mvc.ModelBinding.Binders.EnumTypeModelBinderProvider","Microsoft.AspNetCore.Mvc.ModelBinding.Binders.DateTimeModelBinderProvider","Microsoft.AspNetCore.Mvc.ModelBinding.Binders.SimpleTypeModelBinderProvider","Microsoft.AspNetCore.Mvc.ModelBinding.Binders.TryParseModelBinderProvider","Microsoft.AspNetCore.Mvc.ModelBinding.Binders.CancellationTokenModelBinderProvider","Microsoft.AspNetCore.Mvc.ModelBinding.Binders.ByteArrayModelBinderProvider","Microsoft.AspNetCore.Mvc.ModelBinding.Binders.FormFileModelBinderProvider","Microsoft.AspNetCore.Mvc.ModelBinding.Binders.FormCollectionModelBinderProvider","Microsoft.AspNetCore.Mvc.ModelBinding.Binders.KeyValuePairModelBinderProvider","Microsoft.AspNetCore.Mvc.ModelBinding.Binders.DictionaryModelBinderProvider","Microsoft.AspNetCore.Mvc.ModelBinding.Binders.ArrayModelBinderProvider","Microsoft.AspNetCore.Mvc.ModelBinding.Binders.CollectionModelBinderProvider","Microsoft.AspNetCore.Mvc.ModelBinding.Binders.ComplexObjectModelBinderProvider"]
2024-08-29 14:21:38.237 +05:30  DBG  An 'IServiceProvider' was created for internal use by Entity Framework.
2024-08-29 14:21:38.359 +05:30  INF  User profile is available. Using 'C:\Users\arjun.hariprasad\AppData\Local\ASP.NET\DataProtection-Keys' as key repository and Windows DPAPI to encrypt keys at rest.
2024-08-29 14:21:38.742 +05:30  WRN  Navigations 'Order.Payments' and 'Payment.Order' were separated into two relationships since the [ForeignKey] attribute was specified on navigations on both sides.
2024-08-29 14:21:38.748 +05:30  WRN  Navigations 'Order.Return' and 'Return.Order' were separated into two relationships since the [ForeignKey] attribute was specified on navigations on both sides.
2024-08-29 14:21:38.753 +05:30  WRN  Navigations 'Payment.Return' and 'Return.Payment' were separated into two relationships since the [ForeignKey] attribute was specified on navigations on both sides.
2024-08-29 14:21:38.845 +05:30  WRN  Navigations 'Order.Payments' and 'Payment.Order' were separated into two relationships since the [ForeignKey] attribute was specified on navigations on both sides.
2024-08-29 14:21:38.848 +05:30  WRN  Navigations 'Payment.Order' and 'Order.Payments' were separated into two relationships since the [ForeignKey] attribute was specified on navigations on both sides.
2024-08-29 14:21:38.850 +05:30  WRN  Navigations 'Payment.Order' and 'Order.Payments' were separated into two relationships since the [ForeignKey] attribute was specified on navigations on both sides.
2024-08-29 14:21:38.851 +05:30  WRN  Navigations 'Payment.Order' and 'Order.Payments' were separated into two relationships since the [ForeignKey] attribute was specified on navigations on both sides.
2024-08-29 14:21:38.853 +05:30  WRN  Navigations 'Order.Return' and 'Return.Order' were separated into two relationships since the [ForeignKey] attribute was specified on navigations on both sides.
2024-08-29 14:21:38.855 +05:30  WRN  Navigations 'Return.Order' and 'Order.Return' were separated into two relationships since the [ForeignKey] attribute was specified on navigations on both sides.
2024-08-29 14:21:38.857 +05:30  WRN  Navigations 'Return.Order' and 'Order.Return' were separated into two relationships since the [ForeignKey] attribute was specified on navigations on both sides.
2024-08-29 14:21:38.858 +05:30  WRN  Navigations 'Return.Order' and 'Order.Return' were separated into two relationships since the [ForeignKey] attribute was specified on navigations on both sides.
2024-08-29 14:21:38.877 +05:30  DBG  The index {'UserId'} was not created on entity type 'IdentityUserRole<Guid>' as the properties are already covered by the index {'UserId', 'RoleId'}.
2024-08-29 14:21:38.879 +05:30  DBG  The index {'UserId'} was not created on entity type 'IdentityUserToken<Guid>' as the properties are already covered by the index {'UserId', 'LoginProvider', 'Name'}.
2024-08-29 14:21:39.006 +05:30  DBG  The property 'Product.UserId' was created in shadow state because there are no eligible CLR members with a matching name.
2024-08-29 14:21:39.142 +05:30  DBG  Entity Framework Core 8.0.8 initialized 'EcommerceDbContext' using provider 'Microsoft.EntityFrameworkCore.SqlServer:8.0.8' with options: None
2024-08-29 14:21:39.255 +05:30  DBG  Compiling query expression: 
'DbSet<IdentityRole<Guid>>()
    .FirstOrDefault(r => r.NormalizedName == __normalizedName_0)'
2024-08-29 14:21:39.393 +05:30  DBG  Generated query execution expression: 
'queryContext => ShapedQueryCompilingExpressionVisitor.SingleOrDefaultAsync<IdentityRole<Guid>>(
    asyncEnumerable: new SingleQueryingEnumerable<IdentityRole<Guid>>(
        (RelationalQueryContext)queryContext, 
        RelationalCommandCache.QueryExpression(
            Projection Mapping:
                EmptyProjectionMember -> Dictionary<IProperty, int> { [Property: IdentityRole<Guid>.Id (Guid) Required PK AfterSave:Throw ValueGenerated.OnAdd, 0], [Property: IdentityRole<Guid>.ConcurrencyStamp (string) Concurrency, 1], [Property: IdentityRole<Guid>.Name (string) MaxLength(256), 2], [Property: IdentityRole<Guid>.NormalizedName (string) Index MaxLength(256), 3] }
            SELECT TOP(1) a.Id, a.ConcurrencyStamp, a.Name, a.NormalizedName
            FROM AspNetRoles AS a
            WHERE a.NormalizedName == @__normalizedName_0), 
        null, 
        Func<QueryContext, DbDataReader, ResultContext, SingleQueryResultCoordinator, IdentityRole<Guid>>, 
        Persistance.EcommerceDbContext, 
        False, 
        False, 
        True
    ), 
    cancellationToken: queryContext.CancellationToken)'
2024-08-29 14:21:39.433 +05:30  DBG  Creating DbConnection.
2024-08-29 14:21:39.455 +05:30  DBG  Created DbConnection. (24ms).
2024-08-29 14:21:39.459 +05:30  DBG  Opening connection to database 'Ecommerce' on server 'FGS-DSK-230\MSSQLSERVER2019'.
2024-08-29 14:21:40.050 +05:30  DBG  Opened connection to database 'Ecommerce' on server 'FGS-DSK-230\MSSQLSERVER2019'.
2024-08-29 14:21:40.054 +05:30  DBG  Creating DbCommand for 'ExecuteReader'.
2024-08-29 14:21:40.063 +05:30  DBG  Created DbCommand for 'ExecuteReader' (5ms).
2024-08-29 14:21:40.072 +05:30  DBG  Initialized DbCommand for 'ExecuteReader' (18ms).
2024-08-29 14:21:40.080 +05:30  DBG  Executing DbCommand [Parameters=[@__normalizedName_0='?' (Size = 256)], CommandType='"Text"', CommandTimeout='30']
SELECT TOP(1) [a].[Id], [a].[ConcurrencyStamp], [a].[Name], [a].[NormalizedName]
FROM [AspNetRoles] AS [a]
WHERE [a].[NormalizedName] = @__normalizedName_0
2024-08-29 14:21:40.200 +05:30  INF  Executed DbCommand (119ms) [Parameters=[@__normalizedName_0='?' (Size = 256)], CommandType='"Text"', CommandTimeout='30']
SELECT TOP(1) [a].[Id], [a].[ConcurrencyStamp], [a].[Name], [a].[NormalizedName]
FROM [AspNetRoles] AS [a]
WHERE [a].[NormalizedName] = @__normalizedName_0
2024-08-29 14:21:40.255 +05:30  DBG  Context 'EcommerceDbContext' started tracking 'IdentityRole' entity. Consider using 'DbContextOptionsBuilder.EnableSensitiveDataLogging' to see key values.
2024-08-29 14:21:40.278 +05:30  DBG  Closing data reader to 'Ecommerce' on server 'FGS-DSK-230\MSSQLSERVER2019'.
2024-08-29 14:21:40.288 +05:30  DBG  A data reader for 'Ecommerce' on server 'FGS-DSK-230\MSSQLSERVER2019' is being disposed after spending 79ms reading results.
2024-08-29 14:21:40.291 +05:30  DBG  Closing connection to database 'Ecommerce' on server 'FGS-DSK-230\MSSQLSERVER2019'.
2024-08-29 14:21:40.298 +05:30  DBG  Closed connection to database 'Ecommerce' on server 'FGS-DSK-230\MSSQLSERVER2019' (6ms).
2024-08-29 14:21:40.303 +05:30  DBG  Opening connection to database 'Ecommerce' on server 'FGS-DSK-230\MSSQLSERVER2019'.
2024-08-29 14:21:40.305 +05:30  DBG  Opened connection to database 'Ecommerce' on server 'FGS-DSK-230\MSSQLSERVER2019'.
2024-08-29 14:21:40.306 +05:30  DBG  Creating DbCommand for 'ExecuteReader'.
2024-08-29 14:21:40.308 +05:30  DBG  Created DbCommand for 'ExecuteReader' (1ms).
2024-08-29 14:21:40.309 +05:30  DBG  Initialized DbCommand for 'ExecuteReader' (2ms).
2024-08-29 14:21:40.310 +05:30  DBG  Executing DbCommand [Parameters=[@__normalizedName_0='?' (Size = 256)], CommandType='"Text"', CommandTimeout='30']
SELECT TOP(1) [a].[Id], [a].[ConcurrencyStamp], [a].[Name], [a].[NormalizedName]
FROM [AspNetRoles] AS [a]
WHERE [a].[NormalizedName] = @__normalizedName_0
2024-08-29 14:21:40.318 +05:30  INF  Executed DbCommand (8ms) [Parameters=[@__normalizedName_0='?' (Size = 256)], CommandType='"Text"', CommandTimeout='30']
SELECT TOP(1) [a].[Id], [a].[ConcurrencyStamp], [a].[Name], [a].[NormalizedName]
FROM [AspNetRoles] AS [a]
WHERE [a].[NormalizedName] = @__normalizedName_0
2024-08-29 14:21:40.322 +05:30  DBG  Context 'EcommerceDbContext' started tracking 'IdentityRole' entity. Consider using 'DbContextOptionsBuilder.EnableSensitiveDataLogging' to see key values.
2024-08-29 14:21:40.324 +05:30  DBG  Closing data reader to 'Ecommerce' on server 'FGS-DSK-230\MSSQLSERVER2019'.
2024-08-29 14:21:40.326 +05:30  DBG  A data reader for 'Ecommerce' on server 'FGS-DSK-230\MSSQLSERVER2019' is being disposed after spending 4ms reading results.
2024-08-29 14:21:40.328 +05:30  DBG  Closing connection to database 'Ecommerce' on server 'FGS-DSK-230\MSSQLSERVER2019'.
2024-08-29 14:21:40.330 +05:30  DBG  Closed connection to database 'Ecommerce' on server 'FGS-DSK-230\MSSQLSERVER2019' (1ms).
2024-08-29 14:21:40.332 +05:30  DBG  Opening connection to database 'Ecommerce' on server 'FGS-DSK-230\MSSQLSERVER2019'.
2024-08-29 14:21:40.333 +05:30  DBG  Opened connection to database 'Ecommerce' on server 'FGS-DSK-230\MSSQLSERVER2019'.
2024-08-29 14:21:40.337 +05:30  DBG  Creating DbCommand for 'ExecuteReader'.
2024-08-29 14:21:40.338 +05:30  DBG  Created DbCommand for 'ExecuteReader' (0ms).
2024-08-29 14:21:40.340 +05:30  DBG  Initialized DbCommand for 'ExecuteReader' (3ms).
2024-08-29 14:21:40.342 +05:30  DBG  Executing DbCommand [Parameters=[@__normalizedName_0='?' (Size = 256)], CommandType='"Text"', CommandTimeout='30']
SELECT TOP(1) [a].[Id], [a].[ConcurrencyStamp], [a].[Name], [a].[NormalizedName]
FROM [AspNetRoles] AS [a]
WHERE [a].[NormalizedName] = @__normalizedName_0
2024-08-29 14:21:40.349 +05:30  INF  Executed DbCommand (8ms) [Parameters=[@__normalizedName_0='?' (Size = 256)], CommandType='"Text"', CommandTimeout='30']
SELECT TOP(1) [a].[Id], [a].[ConcurrencyStamp], [a].[Name], [a].[NormalizedName]
FROM [AspNetRoles] AS [a]
WHERE [a].[NormalizedName] = @__normalizedName_0
2024-08-29 14:21:40.353 +05:30  DBG  Context 'EcommerceDbContext' started tracking 'IdentityRole' entity. Consider using 'DbContextOptionsBuilder.EnableSensitiveDataLogging' to see key values.
2024-08-29 14:21:40.359 +05:30  DBG  Closing data reader to 'Ecommerce' on server 'FGS-DSK-230\MSSQLSERVER2019'.
2024-08-29 14:21:40.362 +05:30  DBG  A data reader for 'Ecommerce' on server 'FGS-DSK-230\MSSQLSERVER2019' is being disposed after spending 8ms reading results.
2024-08-29 14:21:40.364 +05:30  DBG  Closing connection to database 'Ecommerce' on server 'FGS-DSK-230\MSSQLSERVER2019'.
2024-08-29 14:21:40.367 +05:30  DBG  Closed connection to database 'Ecommerce' on server 'FGS-DSK-230\MSSQLSERVER2019' (2ms).
2024-08-29 14:21:40.379 +05:30  DBG  Compiling query expression: 
'DbSet<User>()
    .SingleOrDefault(u => u.NormalizedEmail == __normalizedEmail_0)'
2024-08-29 14:21:40.395 +05:30  DBG  Generated query execution expression: 
'queryContext => ShapedQueryCompilingExpressionVisitor.SingleOrDefaultAsync<User>(
    asyncEnumerable: new SingleQueryingEnumerable<User>(
        (RelationalQueryContext)queryContext, 
        RelationalCommandCache.QueryExpression(
            Projection Mapping:
                EmptyProjectionMember -> Dictionary<IProperty, int> { [Property: User.Id (Guid) Required PK AfterSave:Throw ValueGenerated.OnAdd, 0], [Property: User.AccessFailedCount (int) Required, 1], [Property: User.ConcurrencyStamp (string) Concurrency, 2], [Property: User.CreatedAt (DateTime) Required, 3], [Property: User.Email (string) MaxLength(256), 4], [Property: User.EmailConfirmed (bool) Required, 5], [Property: User.IsDeleted (bool) Required, 6], [Property: User.IsVerified (bool) Required, 7], [Property: User.LockoutEnabled (bool) Required, 8], [Property: User.LockoutEnd (DateTimeOffset?), 9], [Property: User.NormalizedEmail (string) Index MaxLength(256), 10], [Property: User.NormalizedUserName (string) Index MaxLength(256), 11], [Property: User.PasswordHash (string), 12], [Property: User.PhoneNumber (string), 13], [Property: User.PhoneNumberConfirmed (bool) Required, 14], [Property: User.SecurityStamp (string), 15], [Property: User.TwoFactorEnabled (bool) Required, 16], [Property: User.UpdatedAt (DateTime) Required, 17], [Property: User.UserName (string) MaxLength(256), 18] }
            SELECT TOP(2) a.Id, a.AccessFailedCount, a.ConcurrencyStamp, a.CreatedAt, a.Email, a.EmailConfirmed, a.IsDeleted, a.IsVerified, a.LockoutEnabled, a.LockoutEnd, a.NormalizedEmail, a.NormalizedUserName, a.PasswordHash, a.PhoneNumber, a.PhoneNumberConfirmed, a.SecurityStamp, a.TwoFactorEnabled, a.UpdatedAt, a.UserName
            FROM AspNetUsers AS a
            WHERE a.NormalizedEmail == @__normalizedEmail_0), 
        null, 
        Func<QueryContext, DbDataReader, ResultContext, SingleQueryResultCoordinator, User>, 
        Persistance.EcommerceDbContext, 
        False, 
        False, 
        True
    ), 
    cancellationToken: queryContext.CancellationToken)'
2024-08-29 14:21:40.407 +05:30  DBG  Opening connection to database 'Ecommerce' on server 'FGS-DSK-230\MSSQLSERVER2019'.
2024-08-29 14:21:40.408 +05:30  DBG  Opened connection to database 'Ecommerce' on server 'FGS-DSK-230\MSSQLSERVER2019'.
2024-08-29 14:21:40.410 +05:30  DBG  Creating DbCommand for 'ExecuteReader'.
2024-08-29 14:21:40.411 +05:30  DBG  Created DbCommand for 'ExecuteReader' (1ms).
2024-08-29 14:21:40.412 +05:30  DBG  Initialized DbCommand for 'ExecuteReader' (2ms).
2024-08-29 14:21:40.413 +05:30  DBG  Executing DbCommand [Parameters=[@__normalizedEmail_0='?' (Size = 256)], CommandType='"Text"', CommandTimeout='30']
SELECT TOP(2) [a].[Id], [a].[AccessFailedCount], [a].[ConcurrencyStamp], [a].[CreatedAt], [a].[Email], [a].[EmailConfirmed], [a].[IsDeleted], [a].[IsVerified], [a].[LockoutEnabled], [a].[LockoutEnd], [a].[NormalizedEmail], [a].[NormalizedUserName], [a].[PasswordHash], [a].[PhoneNumber], [a].[PhoneNumberConfirmed], [a].[SecurityStamp], [a].[TwoFactorEnabled], [a].[UpdatedAt], [a].[UserName]
FROM [AspNetUsers] AS [a]
WHERE [a].[NormalizedEmail] = @__normalizedEmail_0
2024-08-29 14:21:40.419 +05:30  INF  Executed DbCommand (7ms) [Parameters=[@__normalizedEmail_0='?' (Size = 256)], CommandType='"Text"', CommandTimeout='30']
SELECT TOP(2) [a].[Id], [a].[AccessFailedCount], [a].[ConcurrencyStamp], [a].[CreatedAt], [a].[Email], [a].[EmailConfirmed], [a].[IsDeleted], [a].[IsVerified], [a].[LockoutEnabled], [a].[LockoutEnd], [a].[NormalizedEmail], [a].[NormalizedUserName], [a].[PasswordHash], [a].[PhoneNumber], [a].[PhoneNumberConfirmed], [a].[SecurityStamp], [a].[TwoFactorEnabled], [a].[UpdatedAt], [a].[UserName]
FROM [AspNetUsers] AS [a]
WHERE [a].[NormalizedEmail] = @__normalizedEmail_0
2024-08-29 14:21:40.439 +05:30  DBG  Context 'EcommerceDbContext' started tracking 'User' entity. Consider using 'DbContextOptionsBuilder.EnableSensitiveDataLogging' to see key values.
2024-08-29 14:21:40.470 +05:30  DBG  Closing data reader to 'Ecommerce' on server 'FGS-DSK-230\MSSQLSERVER2019'.
2024-08-29 14:21:40.472 +05:30  DBG  A data reader for 'Ecommerce' on server 'FGS-DSK-230\MSSQLSERVER2019' is being disposed after spending 50ms reading results.
2024-08-29 14:21:40.473 +05:30  DBG  Closing connection to database 'Ecommerce' on server 'FGS-DSK-230\MSSQLSERVER2019'.
2024-08-29 14:21:40.474 +05:30  DBG  Closed connection to database 'Ecommerce' on server 'FGS-DSK-230\MSSQLSERVER2019' (0ms).
2024-08-29 14:21:40.477 +05:30  DBG  'EcommerceDbContext' disposed.
2024-08-29 14:21:40.480 +05:30  DBG  Disposing connection to database 'Ecommerce' on server 'FGS-DSK-230\MSSQLSERVER2019'.
2024-08-29 14:21:40.482 +05:30  DBG  Disposed connection to database '' on server '' (1ms).
2024-08-29 14:21:40.485 +05:30  DBG  Hosting starting
2024-08-29 14:21:40.492 +05:30  DBG  Reading data from file 'C:\Users\arjun.hariprasad\AppData\Local\ASP.NET\DataProtection-Keys\key-36f6fa2d-df91-4e24-9271-a530e4737995.xml'.
2024-08-29 14:21:40.511 +05:30  DBG  Found key {36f6fa2d-df91-4e24-9271-a530e4737995}.
2024-08-29 14:21:40.528 +05:30  DBG  Considering key {36f6fa2d-df91-4e24-9271-a530e4737995} with expiration date 2024-10-20 08:26:28Z as default key.
2024-08-29 14:21:40.532 +05:30  DBG  Forwarded activator type request from Microsoft.AspNetCore.DataProtection.XmlEncryption.DpapiXmlDecryptor, Microsoft.AspNetCore.DataProtection, Version=8.0.0.0, Culture=neutral, PublicKeyToken=adb9793829ddae60 to Microsoft.AspNetCore.DataProtection.XmlEncryption.DpapiXmlDecryptor, Microsoft.AspNetCore.DataProtection, Culture=neutral, PublicKeyToken=adb9793829ddae60
2024-08-29 14:21:40.533 +05:30  DBG  Decrypting secret element using Windows DPAPI.
2024-08-29 14:21:40.536 +05:30  DBG  Forwarded activator type request from Microsoft.AspNetCore.DataProtection.AuthenticatedEncryption.ConfigurationModel.AuthenticatedEncryptorDescriptorDeserializer, Microsoft.AspNetCore.DataProtection, Version=8.0.0.0, Culture=neutral, PublicKeyToken=adb9793829ddae60 to Microsoft.AspNetCore.DataProtection.AuthenticatedEncryption.ConfigurationModel.AuthenticatedEncryptorDescriptorDeserializer, Microsoft.AspNetCore.DataProtection, Culture=neutral, PublicKeyToken=adb9793829ddae60
2024-08-29 14:21:40.539 +05:30  DBG  Opening CNG algorithm 'AES' from provider 'null' with chaining mode CBC.
2024-08-29 14:21:40.546 +05:30  DBG  Opening CNG algorithm 'SHA256' from provider 'null' with HMAC.
2024-08-29 14:21:40.550 +05:30  DBG  Using key {36f6fa2d-df91-4e24-9271-a530e4737995} as the default key.
2024-08-29 14:21:40.552 +05:30  DBG  Key ring with default key {36f6fa2d-df91-4e24-9271-a530e4737995} was loaded during application startup.
2024-08-29 14:21:41.057 +05:30  DBG  Connection id "0HN680V6H2Q24" received FIN.
2024-08-29 14:21:41.057 +05:30  DBG  Connection id "0HN680V6H2Q25" received FIN.
2024-08-29 14:21:41.072 +05:30  DBG  Connection id "0HN680V6H2Q24" accepted.
2024-08-29 14:21:41.072 +05:30  DBG  Connection id "0HN680V6H2Q25" accepted.
2024-08-29 14:21:41.075 +05:30  DBG  Connection id "0HN680V6H2Q24" started.
2024-08-29 14:21:41.075 +05:30  DBG  Connection id "0HN680V6H2Q25" started.
2024-08-29 14:21:41.081 +05:30  INF  Now listening on: https://localhost:7113
2024-08-29 14:21:41.081 +05:30  INF  Now listening on: http://localhost:5081
2024-08-29 14:21:41.082 +05:30  DBG  Loaded hosting startup assembly Web.Ecommerce
2024-08-29 14:21:41.082 +05:30  DBG  Loaded hosting startup assembly Microsoft.AspNetCore.Watch.BrowserRefresh
2024-08-29 14:21:41.083 +05:30  DBG  Loaded hosting startup assembly Microsoft.WebTools.BrowserLink.Net
2024-08-29 14:21:41.086 +05:30  INF  Application started. Press Ctrl+C to shut down.
2024-08-29 14:21:41.087 +05:30  INF  Hosting environment: Development
2024-08-29 14:21:41.088 +05:30  INF  Content root path: C:\Users\arjun.hariprasad\source\.NET\Ecommerce\EcommerceSolution\CodeBase\Src\Presentation\Web.Ecommerce
2024-08-29 14:21:41.090 +05:30  DBG  Hosting started
2024-08-29 14:21:41.097 +05:30  DBG  Failed to authenticate HTTPS connection.System.IO.IOException: Received an unexpected EOF or 0 bytes from the transport stream.
   at System.Net.Security.SslStream.ReceiveHandshakeFrameAsync[TIOAdapter](CancellationToken cancellationToken)
   at System.Net.Security.SslStream.ForceAuthenticationAsync[TIOAdapter](Boolean receiveFirst, Byte[] reAuthenticationData, CancellationToken cancellationToken)
   at System.Net.Security.SslStream.ProcessAuthenticationWithTelemetryAsync(Boolean isAsync, CancellationToken cancellationToken)
   at Microsoft.AspNetCore.Server.Kestrel.Https.Internal.HttpsConnectionMiddleware.OnConnectionAsync(ConnectionContext context)

2024-08-29 14:21:41.097 +05:30  DBG  Failed to authenticate HTTPS connection.System.IO.IOException: Received an unexpected EOF or 0 bytes from the transport stream.
   at System.Net.Security.SslStream.ReceiveHandshakeFrameAsync[TIOAdapter](CancellationToken cancellationToken)
   at System.Net.Security.SslStream.ForceAuthenticationAsync[TIOAdapter](Boolean receiveFirst, Byte[] reAuthenticationData, CancellationToken cancellationToken)
   at System.Net.Security.SslStream.ProcessAuthenticationWithTelemetryAsync(Boolean isAsync, CancellationToken cancellationToken)
   at Microsoft.AspNetCore.Server.Kestrel.Https.Internal.HttpsConnectionMiddleware.OnConnectionAsync(ConnectionContext context)

2024-08-29 14:21:41.111 +05:30  DBG  Connection id "0HN680V6H2Q24" stopped.
2024-08-29 14:21:41.111 +05:30  DBG  Connection id "0HN680V6H2Q25" stopped.
2024-08-29 14:21:41.113 +05:30  DBG  Connection id "0HN680V6H2Q25" sending FIN because: "The Socket transport's send loop completed gracefully."
2024-08-29 14:21:41.113 +05:30  DBG  Connection id "0HN680V6H2Q24" sending FIN because: "The Socket transport's send loop completed gracefully."
2024-08-29 14:21:41.960 +05:30  DBG  Connection id "0HN680V6H2Q26" accepted.
2024-08-29 14:21:41.962 +05:30  DBG  Connection id "0HN680V6H2Q26" started.
2024-08-29 14:21:42.008 +05:30  DBG  Connection 0HN680V6H2Q26 established using the following protocol: "Tls12"
2024-08-29 14:21:42.036 +05:30  VRB  Connection id "0HN680V6H2Q26" sending "SETTINGS" frame for stream ID 0 with length 24 and flags "NONE".
2024-08-29 14:21:42.056 +05:30  VRB  Connection id "0HN680V6H2Q26" sending "WINDOW_UPDATE" frame for stream ID 0 with length 4 and flags 0x0.
2024-08-29 14:21:42.058 +05:30  VRB  Connection id "0HN680V6H2Q26" received "SETTINGS" frame for stream ID 0 with length 24 and flags "NONE".
2024-08-29 14:21:42.061 +05:30  VRB  Connection id "0HN680V6H2Q26" sending "SETTINGS" frame for stream ID 0 with length 0 and flags "ACK".
2024-08-29 14:21:42.063 +05:30  VRB  Connection id "0HN680V6H2Q26" received "WINDOW_UPDATE" frame for stream ID 0 with length 4 and flags 0x0.
2024-08-29 14:21:42.065 +05:30  VRB  Connection id "0HN680V6H2Q26" received "HEADERS" frame for stream ID 1 with length 469 and flags "END_STREAM, END_HEADERS, PRIORITY".
2024-08-29 14:21:42.107 +05:30  VRB  Connection id "0HN680V6H2Q26" received "SETTINGS" frame for stream ID 0 with length 0 and flags "ACK".
2024-08-29 14:21:42.676 +05:30  INF  Request starting HTTP/2 GET https://localhost:7113/swagger/index.html - null null
2024-08-29 14:21:43.149 +05:30  DBG  Wildcard detected, all requests with hosts will be allowed.
2024-08-29 14:21:43.150 +05:30  VRB  All hosts are allowed.
2024-08-29 14:21:43.170 +05:30  DBG  No candidates found for the request path '/swagger/index.html'
2024-08-29 14:21:43.173 +05:30  DBG  Request did not match any endpoints
2024-08-29 14:21:43.273 +05:30  DBG  Response markup is scheduled to include Browser Link script injection.
2024-08-29 14:21:43.275 +05:30  DBG  Response markup is scheduled to include browser refresh script injection.
2024-08-29 14:21:43.277 +05:30  VRB  Connection id "0HN680V6H2Q26" sending "HEADERS" frame for stream ID 1 with length 66 and flags "END_HEADERS".
2024-08-29 14:21:43.280 +05:30  VRB  Connection id "0HN680V6H2Q26" sending "DATA" frame for stream ID 1 with length 698 and flags "NONE".
2024-08-29 14:21:43.280 +05:30  DBG  Response markup was updated to include Browser Link script injection.
2024-08-29 14:21:43.281 +05:30  VRB  Connection id "0HN680V6H2Q26" sending "DATA" frame for stream ID 1 with length 438 and flags "NONE".
2024-08-29 14:21:43.283 +05:30  DBG  Response markup was updated to include browser refresh script injection.
2024-08-29 14:21:43.292 +05:30  VRB  Connection id "0HN680V6H2Q26" sending "DATA" frame for stream ID 1 with length 0 and flags "END_STREAM".
2024-08-29 14:21:43.295 +05:30  INF  Request finished HTTP/2 GET https://localhost:7113/swagger/index.html - 200 null text/html;charset=utf-8 1095.6377ms
2024-08-29 14:21:43.295 +05:30  VRB  Connection id "0HN680V6H2Q26" received "HEADERS" frame for stream ID 3 with length 98 and flags "END_STREAM, END_HEADERS, PRIORITY".
2024-08-29 14:21:43.311 +05:30  VRB  Connection id "0HN680V6H2Q26" received "HEADERS" frame for stream ID 5 with length 52 and flags "END_STREAM, END_HEADERS, PRIORITY".
2024-08-29 14:21:43.311 +05:30  INF  Request starting HTTP/2 GET https://localhost:7113/swagger/index.js - null null
2024-08-29 14:21:43.313 +05:30  VRB  Connection id "0HN680V6H2Q26" received "HEADERS" frame for stream ID 7 with length 57 and flags "END_STREAM, END_HEADERS, PRIORITY".
2024-08-29 14:21:43.314 +05:30  INF  Request starting HTTP/2 GET https://localhost:7113/_framework/aspnetcore-browser-refresh.js - null null
2024-08-29 14:21:43.316 +05:30  VRB  All hosts are allowed.
2024-08-29 14:21:43.318 +05:30  INF  Request starting HTTP/2 GET https://localhost:7113/_vs/browserLink - null null
2024-08-29 14:21:43.323 +05:30  DBG  No candidates found for the request path '/swagger/index.js'
2024-08-29 14:21:43.326 +05:30  DBG  Request did not match any endpoints
2024-08-29 14:21:43.329 +05:30  INF  Request finished HTTP/2 GET https://localhost:7113/swagger/index.js - 200 null application/javascript;charset=utf-8 17.7854ms
2024-08-29 14:21:43.329 +05:30  VRB  Connection id "0HN680V6H2Q26" sending "HEADERS" frame for stream ID 3 with length 41 and flags "END_HEADERS".
2024-08-29 14:21:43.338 +05:30  VRB  Connection id "0HN680V6H2Q26" sending "DATA" frame for stream ID 3 with length 3005 and flags "END_STREAM".
2024-08-29 14:21:43.340 +05:30  VRB  Connection id "0HN680V6H2Q26" sending "HEADERS" frame for stream ID 5 with length 60 and flags "END_HEADERS".
2024-08-29 14:21:43.342 +05:30  VRB  Connection id "0HN680V6H2Q26" sending "DATA" frame for stream ID 5 with length 13762 and flags "NONE".
2024-08-29 14:21:43.347 +05:30  VRB  Connection id "0HN680V6H2Q26" sending "DATA" frame for stream ID 5 with length 0 and flags "END_STREAM".
2024-08-29 14:21:43.347 +05:30  INF  Request finished HTTP/2 GET https://localhost:7113/_framework/aspnetcore-browser-refresh.js - 200 13762 application/javascript; charset=utf-8 33.7327ms
2024-08-29 14:21:43.362 +05:30  VRB  Connection id "0HN680V6H2Q26" sending "HEADERS" frame for stream ID 7 with length 149 and flags "END_HEADERS".
2024-08-29 14:21:43.364 +05:30  VRB  Connection id "0HN680V6H2Q26" sending "DATA" frame for stream ID 7 with length 9986 and flags "NONE".
2024-08-29 14:21:43.366 +05:30  VRB  Connection id "0HN680V6H2Q26" sending "DATA" frame for stream ID 7 with length 10240 and flags "NONE".
2024-08-29 14:21:43.370 +05:30  VRB  Connection id "0HN680V6H2Q26" sending "DATA" frame for stream ID 7 with length 10240 and flags "NONE".
2024-08-29 14:21:43.373 +05:30  VRB  Connection id "0HN680V6H2Q26" sending "DATA" frame for stream ID 7 with length 10240 and flags "NONE".
2024-08-29 14:21:43.375 +05:30  VRB  Connection id "0HN680V6H2Q26" sending "DATA" frame for stream ID 7 with length 10240 and flags "NONE".
2024-08-29 14:21:43.377 +05:30  VRB  Connection id "0HN680V6H2Q26" sending "DATA" frame for stream ID 7 with length 10240 and flags "NONE".
2024-08-29 14:21:43.379 +05:30  VRB  Connection id "0HN680V6H2Q26" sending "DATA" frame for stream ID 7 with length 10240 and flags "NONE".
2024-08-29 14:21:43.380 +05:30  VRB  Connection id "0HN680V6H2Q26" sending "DATA" frame for stream ID 7 with length 10240 and flags "NONE".
2024-08-29 14:21:43.382 +05:30  VRB  Connection id "0HN680V6H2Q26" sending "DATA" frame for stream ID 7 with length 10240 and flags "NONE".
2024-08-29 14:21:43.383 +05:30  VRB  Connection id "0HN680V6H2Q26" sending "DATA" frame for stream ID 7 with length 10240 and flags "NONE".
2024-08-29 14:21:43.385 +05:30  VRB  Connection id "0HN680V6H2Q26" sending "DATA" frame for stream ID 7 with length 10240 and flags "NONE".
2024-08-29 14:21:43.388 +05:30  VRB  Connection id "0HN680V6H2Q26" sending "DATA" frame for stream ID 7 with length 10240 and flags "NONE".
2024-08-29 14:21:43.391 +05:30  VRB  Connection id "0HN680V6H2Q26" sending "DATA" frame for stream ID 7 with length 10240 and flags "NONE".
2024-08-29 14:21:43.393 +05:30  VRB  Connection id "0HN680V6H2Q26" sending "DATA" frame for stream ID 7 with length 10240 and flags "NONE".
2024-08-29 14:21:43.395 +05:30  VRB  Connection id "0HN680V6H2Q26" sending "DATA" frame for stream ID 7 with length 10240 and flags "NONE".
2024-08-29 14:21:43.396 +05:30  VRB  Connection id "0HN680V6H2Q26" sending "DATA" frame for stream ID 7 with length 160 and flags "NONE".
2024-08-29 14:21:43.397 +05:30  INF  Request finished HTTP/2 GET https://localhost:7113/_vs/browserLink - 200 null text/javascript; charset=UTF-8 79.1465ms
2024-08-29 14:21:43.398 +05:30  VRB  Connection id "0HN680V6H2Q26" sending "DATA" frame for stream ID 7 with length 0 and flags "END_STREAM".
2024-08-29 14:21:43.429 +05:30  VRB  Connection id "0HN680V6H2Q26" received "HEADERS" frame for stream ID 9 with length 74 and flags "END_STREAM, END_HEADERS, PRIORITY".
2024-08-29 14:21:43.431 +05:30  INF  Request starting HTTP/2 GET https://localhost:7113/swagger/v1/swagger.json - null null
2024-08-29 14:21:43.433 +05:30  VRB  All hosts are allowed.
2024-08-29 14:21:43.434 +05:30  DBG  No candidates found for the request path '/swagger/v1/swagger.json'
2024-08-29 14:21:43.435 +05:30  DBG  Request did not match any endpoints
2024-08-29 14:21:43.579 +05:30  VRB  Connection id "0HN680V6H2Q26" sending "HEADERS" frame for stream ID 9 with length 35 and flags "END_HEADERS".
2024-08-29 14:21:43.586 +05:30  VRB  Connection id "0HN680V6H2Q26" sending "DATA" frame for stream ID 9 with length 16384 and flags "NONE".
2024-08-29 14:21:43.591 +05:30  VRB  Connection id "0HN680V6H2Q26" sending "DATA" frame for stream ID 9 with length 6467 and flags "NONE".
2024-08-29 14:21:43.595 +05:30  VRB  Connection id "0HN680V6H2Q26" sending "DATA" frame for stream ID 9 with length 0 and flags "END_STREAM".
2024-08-29 14:21:43.595 +05:30  INF  Request finished HTTP/2 GET https://localhost:7113/swagger/v1/swagger.json - 200 null application/json;charset=utf-8 163.616ms
2024-08-29 14:21:50.055 +05:30  VRB  Connection id "0HN680V6H2Q26" received "HEADERS" frame for stream ID 11 with length 81 and flags "END_HEADERS, PRIORITY".
2024-08-29 14:21:50.078 +05:30  VRB  Connection id "0HN680V6H2Q26" received "DATA" frame for stream ID 11 with length 204 and flags "END_STREAM".
2024-08-29 14:21:50.079 +05:30  INF  Request starting HTTP/2 POST https://localhost:7113/api/Order/Place Order - application/json 204
2024-08-29 14:21:50.082 +05:30  VRB  All hosts are allowed.
2024-08-29 14:21:50.090 +05:30  DBG  1 candidate(s) found for the request path '/api/Order/Place Order'
2024-08-29 14:21:50.092 +05:30  DBG  Endpoint 'Web.Ecommerce.Controllers.Customer.OrderController.PlaceOrder (Web.Ecommerce)' with route pattern 'api/Order/Place Order' is valid for the request path '/api/Order/Place Order'
2024-08-29 14:21:50.093 +05:30  DBG  Request matched endpoint 'Web.Ecommerce.Controllers.Customer.OrderController.PlaceOrder (Web.Ecommerce)'
2024-08-29 14:21:50.095 +05:30  VRB  The endpoint does not specify the IRequestSizeLimitMetadata.
2024-08-29 14:21:50.097 +05:30  DBG  Static files was skipped as the request already matched an endpoint.
2024-08-29 14:21:50.187 +05:30  DBG  AuthenticationScheme: Bearer was not authenticated.
2024-08-29 14:21:50.191 +05:30  DBG  AuthenticationScheme: Bearer was not authenticated.
2024-08-29 14:21:50.194 +05:30  INF  Executing endpoint 'Web.Ecommerce.Controllers.Customer.OrderController.PlaceOrder (Web.Ecommerce)'
2024-08-29 14:21:50.215 +05:30  INF  Route matched with {action = "PlaceOrder", controller = "Order"}. Executing controller action with signature System.Threading.Tasks.Task`1[Microsoft.AspNetCore.Mvc.IActionResult] PlaceOrder(Application.Ecom.OrderOperations.Commands.PlaceOrder.PlaceOrderCommand) on controller Web.Ecommerce.Controllers.Customer.OrderController (Web.Ecommerce).
2024-08-29 14:21:50.220 +05:30  DBG  Execution plan of authorization filters (in the following order): ["None"]
2024-08-29 14:21:50.221 +05:30  DBG  Execution plan of resource filters (in the following order): ["None"]
2024-08-29 14:21:50.223 +05:30  DBG  Execution plan of action filters (in the following order): ["Microsoft.AspNetCore.Mvc.ModelBinding.UnsupportedContentTypeFilter (Order: -3000)","Microsoft.AspNetCore.Mvc.Infrastructure.ModelStateInvalidFilter (Order: -2000)"]
2024-08-29 14:21:50.224 +05:30  DBG  Execution plan of exception filters (in the following order): ["None"]
2024-08-29 14:21:50.226 +05:30  DBG  Execution plan of result filters (in the following order): ["Microsoft.AspNetCore.Mvc.Infrastructure.ClientErrorResultFilter (Order: -2000)"]
2024-08-29 14:21:50.229 +05:30  DBG  Executing controller factory for controller Web.Ecommerce.Controllers.Customer.OrderController (Web.Ecommerce)
2024-08-29 14:21:50.231 +05:30  DBG  Executed controller factory for controller Web.Ecommerce.Controllers.Customer.OrderController (Web.Ecommerce)
2024-08-29 14:21:50.288 +05:30  DBG  Attempting to bind parameter 'command' of type 'Application.Ecom.OrderOperations.Commands.PlaceOrder.PlaceOrderCommand' ...
2024-08-29 14:21:50.299 +05:30  DBG  Attempting to bind parameter 'command' of type 'Application.Ecom.OrderOperations.Commands.PlaceOrder.PlaceOrderCommand' using the name '' in request data ...
2024-08-29 14:21:50.308 +05:30  DBG  Selected input formatter 'Microsoft.AspNetCore.Mvc.Formatters.SystemTextJsonInputFormatter' for content type 'application/json'.
2024-08-29 14:21:50.351 +05:30  DBG  Connection id "0HN680V6H2Q26", Request id "0HN680V6H2Q26:0000000B": started reading request body.
2024-08-29 14:21:50.353 +05:30  DBG  Connection id "0HN680V6H2Q26", Request id "0HN680V6H2Q26:0000000B": done reading request body.
2024-08-29 14:21:50.371 +05:30  DBG  JSON input formatter succeeded, deserializing to type 'Application.Ecom.OrderOperations.Commands.PlaceOrder.PlaceOrderCommand'
2024-08-29 14:21:50.373 +05:30  DBG  Done attempting to bind parameter 'command' of type 'Application.Ecom.OrderOperations.Commands.PlaceOrder.PlaceOrderCommand'.
2024-08-29 14:21:50.375 +05:30  DBG  Done attempting to bind parameter 'command' of type 'Application.Ecom.OrderOperations.Commands.PlaceOrder.PlaceOrderCommand'.
2024-08-29 14:21:50.376 +05:30  DBG  Attempting to validate the bound parameter 'command' of type 'Application.Ecom.OrderOperations.Commands.PlaceOrder.PlaceOrderCommand' ...
2024-08-29 14:21:50.451 +05:30  DBG  Done attempting to validate the bound parameter 'command' of type 'Application.Ecom.OrderOperations.Commands.PlaceOrder.PlaceOrderCommand'.
2024-08-29 14:21:50.459 +05:30  VRB  Action Filter: Before executing OnActionExecuting on filter Microsoft.AspNetCore.Mvc.ModelBinding.UnsupportedContentTypeFilter.
2024-08-29 14:21:50.462 +05:30  VRB  Action Filter: After executing OnActionExecuting on filter Microsoft.AspNetCore.Mvc.ModelBinding.UnsupportedContentTypeFilter.
2024-08-29 14:21:50.464 +05:30  VRB  Action Filter: Before executing OnActionExecuting on filter Microsoft.AspNetCore.Mvc.Infrastructure.ModelStateInvalidFilter.
2024-08-29 14:21:50.465 +05:30  VRB  Action Filter: After executing OnActionExecuting on filter Microsoft.AspNetCore.Mvc.Infrastructure.ModelStateInvalidFilter.
2024-08-29 14:21:50.471 +05:30  INF  Executing action method Web.Ecommerce.Controllers.Customer.OrderController.PlaceOrder (Web.Ecommerce) - Validation state: "Valid"
2024-08-29 14:21:50.472 +05:30  VRB  Executing action method Web.Ecommerce.Controllers.Customer.OrderController.PlaceOrder (Web.Ecommerce) with arguments (["Application.Ecom.OrderOperations.Commands.PlaceOrder.PlaceOrderCommand"])
2024-08-29 14:21:50.542 +05:30  DBG  Entity Framework Core 8.0.8 initialized 'EcommerceDbContext' using provider 'Microsoft.EntityFrameworkCore.SqlServer:8.0.8' with options: None
2024-08-29 14:21:50.559 +05:30  DBG  Compiling query expression: 
'DbSet<Product>()
    .FirstOrDefault(e => object.Equals(
        objA: EF.Property<object>(e, "ProductId"), 
        objB: __get_Item_0))'
2024-08-29 14:21:50.600 +05:30  DBG  Generated query execution expression: 
'queryContext => ShapedQueryCompilingExpressionVisitor.SingleOrDefaultAsync<Product>(
    asyncEnumerable: new SingleQueryingEnumerable<Product>(
        (RelationalQueryContext)queryContext, 
        RelationalCommandCache.QueryExpression(
            Projection Mapping:
                EmptyProjectionMember -> Dictionary<IProperty, int> { [Property: Product.ProductId (Guid) Required PK AfterSave:Throw ValueGenerated.OnAdd, 0], [Property: Product.Category (string) Required MaxLength(20), 1], [Property: Product.CreatedAt (DateTime) Required, 2], [Property: Product.Description (string) Required MaxLength(500), 3], [Property: Product.IsDeleted (bool) Required, 4], [Property: Product.Name (string) Required MaxLength(100), 5], [Property: Product.Price (decimal) Required, 6], [Property: Product.Quantity (int) Required, 7], [Property: Product.SellerId (Guid) Required FK Index, 8], [Property: Product.UpdatedAt (DateTime) Required, 9], [Property: Product.UserId (no field, Guid?) Shadow FK Index, 10] }
            SELECT TOP(1) p.ProductId, p.Category, p.CreatedAt, p.Description, p.IsDeleted, p.Name, p.Price, p.Quantity, p.SellerId, p.UpdatedAt, p.UserId
            FROM Products AS p
            WHERE p.ProductId == @__get_Item_0), 
        null, 
        Func<QueryContext, DbDataReader, ResultContext, SingleQueryResultCoordinator, Product>, 
        Persistance.EcommerceDbContext, 
        False, 
        False, 
        True
    ), 
    cancellationToken: queryContext.CancellationToken)'
2024-08-29 14:21:50.605 +05:30  DBG  Creating DbConnection.
2024-08-29 14:21:50.606 +05:30  DBG  Created DbConnection. (1ms).
2024-08-29 14:21:50.607 +05:30  DBG  Opening connection to database 'Ecommerce' on server 'FGS-DSK-230\MSSQLSERVER2019'.
2024-08-29 14:21:50.608 +05:30  DBG  Opened connection to database 'Ecommerce' on server 'FGS-DSK-230\MSSQLSERVER2019'.
2024-08-29 14:21:50.609 +05:30  DBG  Creating DbCommand for 'ExecuteReader'.
2024-08-29 14:21:50.610 +05:30  DBG  Created DbCommand for 'ExecuteReader' (0ms).
2024-08-29 14:21:50.611 +05:30  DBG  Initialized DbCommand for 'ExecuteReader' (1ms).
2024-08-29 14:21:50.612 +05:30  DBG  Executing DbCommand [Parameters=[@__get_Item_0='?' (DbType = Guid)], CommandType='"Text"', CommandTimeout='30']
SELECT TOP(1) [p].[ProductId], [p].[Category], [p].[CreatedAt], [p].[Description], [p].[IsDeleted], [p].[Name], [p].[Price], [p].[Quantity], [p].[SellerId], [p].[UpdatedAt], [p].[UserId]
FROM [Products] AS [p]
WHERE [p].[ProductId] = @__get_Item_0
2024-08-29 14:21:50.616 +05:30  INF  Executed DbCommand (4ms) [Parameters=[@__get_Item_0='?' (DbType = Guid)], CommandType='"Text"', CommandTimeout='30']
SELECT TOP(1) [p].[ProductId], [p].[Category], [p].[CreatedAt], [p].[Description], [p].[IsDeleted], [p].[Name], [p].[Price], [p].[Quantity], [p].[SellerId], [p].[UpdatedAt], [p].[UserId]
FROM [Products] AS [p]
WHERE [p].[ProductId] = @__get_Item_0
2024-08-29 14:21:50.647 +05:30  DBG  Context 'EcommerceDbContext' started tracking 'Product' entity. Consider using 'DbContextOptionsBuilder.EnableSensitiveDataLogging' to see key values.
2024-08-29 14:21:50.668 +05:30  DBG  Closing data reader to 'Ecommerce' on server 'FGS-DSK-230\MSSQLSERVER2019'.
2024-08-29 14:21:50.670 +05:30  DBG  A data reader for 'Ecommerce' on server 'FGS-DSK-230\MSSQLSERVER2019' is being disposed after spending 51ms reading results.
2024-08-29 14:21:50.673 +05:30  DBG  Closing connection to database 'Ecommerce' on server 'FGS-DSK-230\MSSQLSERVER2019'.
2024-08-29 14:21:50.675 +05:30  DBG  Closed connection to database 'Ecommerce' on server 'FGS-DSK-230\MSSQLSERVER2019' (2ms).
2024-08-29 14:21:50.717 +05:30  DBG  Context 'EcommerceDbContext' started tracking 'Order' entity. Consider using 'DbContextOptionsBuilder.EnableSensitiveDataLogging' to see key values.
2024-08-29 14:21:50.733 +05:30  DBG  The navigation 'OrderItem.Order' was detected as changed. Consider using 'DbContextOptionsBuilder.EnableSensitiveDataLogging' to see key values.
2024-08-29 14:21:50.742 +05:30  DBG  The navigation 'OrderItem.Product' was detected as changed. Consider using 'DbContextOptionsBuilder.EnableSensitiveDataLogging' to see key values.
2024-08-29 14:21:50.745 +05:30  DBG  Context 'EcommerceDbContext' started tracking 'OrderItem' entity. Consider using 'DbContextOptionsBuilder.EnableSensitiveDataLogging' to see key values.
2024-08-29 14:21:50.754 +05:30  DBG  Creating DbCommand for 'ExecuteNonQuery'.
2024-08-29 14:21:50.755 +05:30  DBG  Created DbCommand for 'ExecuteNonQuery' (1ms).
2024-08-29 14:21:50.758 +05:30  DBG  Initialized DbCommand for 'ExecuteNonQuery' (3ms).
2024-08-29 14:21:50.759 +05:30  DBG  Opening connection to database 'Ecommerce' on server 'FGS-DSK-230\MSSQLSERVER2019'.
2024-08-29 14:21:50.759 +05:30  DBG  Opened connection to database 'Ecommerce' on server 'FGS-DSK-230\MSSQLSERVER2019'.
2024-08-29 14:21:50.761 +05:30  DBG  Executing DbCommand [Parameters=[@ProductId='?' (DbType = Guid), @Quantity='?' (DbType = Int32)], CommandType='"Text"', CommandTimeout='30']
EXEC ReduceProductQuantity @ProductId, @Quantity
2024-08-29 14:21:50.778 +05:30  INF  Executed DbCommand (17ms) [Parameters=[@ProductId='?' (DbType = Guid), @Quantity='?' (DbType = Int32)], CommandType='"Text"', CommandTimeout='30']
EXEC ReduceProductQuantity @ProductId, @Quantity
2024-08-29 14:21:50.781 +05:30  DBG  Closing connection to database 'Ecommerce' on server 'FGS-DSK-230\MSSQLSERVER2019'.
2024-08-29 14:21:50.782 +05:30  DBG  Closed connection to database 'Ecommerce' on server 'FGS-DSK-230\MSSQLSERVER2019' (0ms).
2024-08-29 14:21:50.787 +05:30  DBG  SaveChanges starting for 'EcommerceDbContext'.
2024-08-29 14:21:50.790 +05:30  DBG  DetectChanges starting for 'EcommerceDbContext'.
2024-08-29 14:21:50.822 +05:30  DBG  DetectChanges completed for 'EcommerceDbContext'.
2024-08-29 14:21:50.884 +05:30  DBG  Executing 2 update commands as a batch.
2024-08-29 14:21:50.888 +05:30  DBG  Opening connection to database 'Ecommerce' on server 'FGS-DSK-230\MSSQLSERVER2019'.
2024-08-29 14:21:50.889 +05:30  DBG  Opened connection to database 'Ecommerce' on server 'FGS-DSK-230\MSSQLSERVER2019'.
2024-08-29 14:21:50.892 +05:30  DBG  Beginning transaction with isolation level 'Unspecified'.
2024-08-29 14:21:50.897 +05:30  DBG  Began transaction with isolation level 'ReadCommitted'.
2024-08-29 14:21:50.901 +05:30  DBG  Creating DbCommand for 'ExecuteReader'.
2024-08-29 14:21:50.903 +05:30  DBG  Created DbCommand for 'ExecuteReader' (1ms).
2024-08-29 14:21:50.906 +05:30  DBG  Initialized DbCommand for 'ExecuteReader' (5ms).
2024-08-29 14:21:50.907 +05:30  DBG  Executing DbCommand [Parameters=[@p0='?' (DbType = Guid), @p1='?' (DbType = DateTime2), @p2='?' (DbType = Guid), @p3='?' (DbType = Date), @p4='?' (DbType = Boolean), @p5='?' (DbType = Boolean), @p6='?' (DbType = Boolean), @p7='?' (DbType = DateTime2), @p8='?' (Size = 50), @p9='?' (DbType = Guid), @p10='?' (DbType = Guid), @p11='?' (Size = 4000), @p12='?' (Precision = 18) (Scale = 2) (DbType = Decimal), @p13='?' (DbType = DateTime2), @p14='?' (DbType = Guid), @p15='?' (DbType = DateTime2), @p16='?' (DbType = Guid), @p17='?' (DbType = Guid), @p18='?' (DbType = Int32), @p19='?' (Precision = 8) (Scale = 2) (DbType = Decimal), @p20='?' (DbType = DateTime2)], CommandType='"Text"', CommandTimeout='30']
SET NOCOUNT ON;
INSERT INTO [Orders] ([OrderId], [CreatedAt], [CustomerId], [DeliveryDate], [IsCancelled], [IsDelivered], [IsPaid], [OrderDate], [OrderStatus], [PaymentId], [ReturnId], [ShippingAddress], [TotalAmount], [UpdatedAt])
VALUES (@p0, @p1, @p2, @p3, @p4, @p5, @p6, @p7, @p8, @p9, @p10, @p11, @p12, @p13);
INSERT INTO [OrderItems] ([OrderItemId], [CreatedAt], [OrderId], [ProductId], [Quantity], [UnitPrice], [UpdatedAt])
VALUES (@p14, @p15, @p16, @p17, @p18, @p19, @p20);
2024-08-29 14:21:50.918 +05:30  INF  Executed DbCommand (10ms) [Parameters=[@p0='?' (DbType = Guid), @p1='?' (DbType = DateTime2), @p2='?' (DbType = Guid), @p3='?' (DbType = Date), @p4='?' (DbType = Boolean), @p5='?' (DbType = Boolean), @p6='?' (DbType = Boolean), @p7='?' (DbType = DateTime2), @p8='?' (Size = 50), @p9='?' (DbType = Guid), @p10='?' (DbType = Guid), @p11='?' (Size = 4000), @p12='?' (Precision = 18) (Scale = 2) (DbType = Decimal), @p13='?' (DbType = DateTime2), @p14='?' (DbType = Guid), @p15='?' (DbType = DateTime2), @p16='?' (DbType = Guid), @p17='?' (DbType = Guid), @p18='?' (DbType = Int32), @p19='?' (Precision = 8) (Scale = 2) (DbType = Decimal), @p20='?' (DbType = DateTime2)], CommandType='"Text"', CommandTimeout='30']
SET NOCOUNT ON;
INSERT INTO [Orders] ([OrderId], [CreatedAt], [CustomerId], [DeliveryDate], [IsCancelled], [IsDelivered], [IsPaid], [OrderDate], [OrderStatus], [PaymentId], [ReturnId], [ShippingAddress], [TotalAmount], [UpdatedAt])
VALUES (@p0, @p1, @p2, @p3, @p4, @p5, @p6, @p7, @p8, @p9, @p10, @p11, @p12, @p13);
INSERT INTO [OrderItems] ([OrderItemId], [CreatedAt], [OrderId], [ProductId], [Quantity], [UnitPrice], [UpdatedAt])
VALUES (@p14, @p15, @p16, @p17, @p18, @p19, @p20);
2024-08-29 14:21:50.924 +05:30  DBG  Closing data reader to 'Ecommerce' on server 'FGS-DSK-230\MSSQLSERVER2019'.
2024-08-29 14:21:50.925 +05:30  DBG  A data reader for 'Ecommerce' on server 'FGS-DSK-230\MSSQLSERVER2019' is being disposed after spending 3ms reading results.
2024-08-29 14:21:50.929 +05:30  DBG  Committing transaction.
2024-08-29 14:21:50.932 +05:30  DBG  Committed transaction.
2024-08-29 14:21:50.934 +05:30  DBG  Closing connection to database 'Ecommerce' on server 'FGS-DSK-230\MSSQLSERVER2019'.
2024-08-29 14:21:50.935 +05:30  DBG  Closed connection to database 'Ecommerce' on server 'FGS-DSK-230\MSSQLSERVER2019' (1ms).
2024-08-29 14:21:50.940 +05:30  DBG  Disposing transaction.
2024-08-29 14:21:50.948 +05:30  DBG  An entity of type 'Order' tracked by 'EcommerceDbContext' changed state from '"Added"' to '"Unchanged"'. Consider using 'DbContextOptionsBuilder.EnableSensitiveDataLogging' to see key values.
2024-08-29 14:21:50.950 +05:30  DBG  An entity of type 'OrderItem' tracked by 'EcommerceDbContext' changed state from '"Added"' to '"Unchanged"'. Consider using 'DbContextOptionsBuilder.EnableSensitiveDataLogging' to see key values.
2024-08-29 14:21:50.955 +05:30  DBG  SaveChanges completed for 'EcommerceDbContext' with 2 entities written to the database.
2024-08-29 14:21:50.962 +05:30  INF  Executed action method Web.Ecommerce.Controllers.Customer.OrderController.PlaceOrder (Web.Ecommerce), returned result Microsoft.AspNetCore.Mvc.OkObjectResult in 485.2967ms.
2024-08-29 14:21:50.964 +05:30  VRB  Action Filter: Before executing OnActionExecuted on filter Microsoft.AspNetCore.Mvc.Infrastructure.ModelStateInvalidFilter.
2024-08-29 14:21:50.966 +05:30  VRB  Action Filter: After executing OnActionExecuted on filter Microsoft.AspNetCore.Mvc.Infrastructure.ModelStateInvalidFilter.
2024-08-29 14:21:50.968 +05:30  VRB  Action Filter: Before executing OnActionExecuted on filter Microsoft.AspNetCore.Mvc.ModelBinding.UnsupportedContentTypeFilter.
2024-08-29 14:21:50.972 +05:30  VRB  Action Filter: After executing OnActionExecuted on filter Microsoft.AspNetCore.Mvc.ModelBinding.UnsupportedContentTypeFilter.
2024-08-29 14:21:50.975 +05:30  VRB  Result Filter: Before executing OnResultExecuting on filter Microsoft.AspNetCore.Mvc.Infrastructure.ClientErrorResultFilter.
2024-08-29 14:21:50.978 +05:30  VRB  Result Filter: After executing OnResultExecuting on filter Microsoft.AspNetCore.Mvc.Infrastructure.ClientErrorResultFilter.
2024-08-29 14:21:50.980 +05:30  VRB  Before executing action result Microsoft.AspNetCore.Mvc.OkObjectResult.
2024-08-29 14:21:50.983 +05:30  DBG  List of registered output formatters, in the following order: ["Microsoft.AspNetCore.Mvc.Formatters.HttpNoContentOutputFormatter","Microsoft.AspNetCore.Mvc.Formatters.StringOutputFormatter","Microsoft.AspNetCore.Mvc.Formatters.StreamOutputFormatter","Microsoft.AspNetCore.Mvc.Formatters.SystemTextJsonOutputFormatter"]
2024-08-29 14:21:50.987 +05:30  DBG  No information found on request to perform content negotiation.
2024-08-29 14:21:50.987 +05:30  DBG  Attempting to select an output formatter without using a content type as no explicit content types were specified for the response.
2024-08-29 14:21:50.989 +05:30  DBG  Attempting to select the first formatter in the output formatters list which can write the result.
2024-08-29 14:21:50.990 +05:30  DBG  Selected output formatter 'Microsoft.AspNetCore.Mvc.Formatters.SystemTextJsonOutputFormatter' and content type 'application/json' to write the response.
2024-08-29 14:21:50.992 +05:30  INF  Executing OkObjectResult, writing value of type 'Application.Ecom.OrderOperations.Commands.PlaceOrder.PlaceOrderCommandResponse'.
2024-08-29 14:21:51.010 +05:30  VRB  Connection id "0HN680V6H2Q26" sending "HEADERS" frame for stream ID 11 with length 66 and flags "END_HEADERS".
2024-08-29 14:21:51.010 +05:30  VRB  After executing action result Microsoft.AspNetCore.Mvc.OkObjectResult.
2024-08-29 14:21:51.011 +05:30  VRB  Connection id "0HN680V6H2Q26" sending "DATA" frame for stream ID 11 with length 139 and flags "NONE".
2024-08-29 14:21:51.013 +05:30  VRB  Result Filter: Before executing OnResultExecuted on filter Microsoft.AspNetCore.Mvc.Infrastructure.ClientErrorResultFilter.
2024-08-29 14:21:51.015 +05:30  VRB  Result Filter: After executing OnResultExecuted on filter Microsoft.AspNetCore.Mvc.Infrastructure.ClientErrorResultFilter.
2024-08-29 14:21:51.020 +05:30  INF  Executed action Web.Ecommerce.Controllers.Customer.OrderController.PlaceOrder (Web.Ecommerce) in 790.2503ms
2024-08-29 14:21:51.023 +05:30  INF  Executed endpoint 'Web.Ecommerce.Controllers.Customer.OrderController.PlaceOrder (Web.Ecommerce)'
2024-08-29 14:21:51.024 +05:30  VRB  Connection id "0HN680V6H2Q26" sending "DATA" frame for stream ID 11 with length 0 and flags "END_STREAM".
2024-08-29 14:21:51.025 +05:30  DBG  'EcommerceDbContext' disposed.
2024-08-29 14:21:51.026 +05:30  VRB  Connection id "0HN680V6H2Q26" received "WINDOW_UPDATE" frame for stream ID 0 with length 4 and flags 0x0.
2024-08-29 14:21:51.029 +05:30  DBG  Disposing connection to database 'Ecommerce' on server 'FGS-DSK-230\MSSQLSERVER2019'.
2024-08-29 14:21:51.030 +05:30  DBG  Disposed connection to database '' on server '' (1ms).
2024-08-29 14:21:51.031 +05:30  INF  Request finished HTTP/2 POST https://localhost:7113/api/Order/Place Order - 200 null application/json; charset=utf-8 953.0183ms
2024-08-29 14:21:52.455 +05:30  DBG  Connection id "0HN680V6H2Q26" received FIN.
2024-08-29 14:21:52.456 +05:30  DBG  Connection id "0HN680V6H2Q26" is closed. The last processed stream ID was 11.
2024-08-29 14:21:52.458 +05:30  DBG  Connection id "0HN680V6H2Q26" sending FIN because: "The Socket transport's send loop completed gracefully."
2024-08-29 14:21:52.458 +05:30  DBG  The connection queue processing loop for 0HN680V6H2Q26 completed.
2024-08-29 14:21:52.466 +05:30  DBG  Connection id "0HN680V6H2Q26" stopped.
2024-08-29 14:25:28.620 +05:30  DBG  Registered model binder providers, in the following order: ["Microsoft.AspNetCore.Mvc.ModelBinding.Binders.BinderTypeModelBinderProvider","Microsoft.AspNetCore.Mvc.ModelBinding.Binders.ServicesModelBinderProvider","Microsoft.AspNetCore.Mvc.ModelBinding.Binders.BodyModelBinderProvider","Microsoft.AspNetCore.Mvc.ModelBinding.Binders.HeaderModelBinderProvider","Microsoft.AspNetCore.Mvc.ModelBinding.Binders.FloatingPointTypeModelBinderProvider","Microsoft.AspNetCore.Mvc.ModelBinding.Binders.EnumTypeModelBinderProvider","Microsoft.AspNetCore.Mvc.ModelBinding.Binders.DateTimeModelBinderProvider","Microsoft.AspNetCore.Mvc.ModelBinding.Binders.SimpleTypeModelBinderProvider","Microsoft.AspNetCore.Mvc.ModelBinding.Binders.TryParseModelBinderProvider","Microsoft.AspNetCore.Mvc.ModelBinding.Binders.CancellationTokenModelBinderProvider","Microsoft.AspNetCore.Mvc.ModelBinding.Binders.ByteArrayModelBinderProvider","Microsoft.AspNetCore.Mvc.ModelBinding.Binders.FormFileModelBinderProvider","Microsoft.AspNetCore.Mvc.ModelBinding.Binders.FormCollectionModelBinderProvider","Microsoft.AspNetCore.Mvc.ModelBinding.Binders.KeyValuePairModelBinderProvider","Microsoft.AspNetCore.Mvc.ModelBinding.Binders.DictionaryModelBinderProvider","Microsoft.AspNetCore.Mvc.ModelBinding.Binders.ArrayModelBinderProvider","Microsoft.AspNetCore.Mvc.ModelBinding.Binders.CollectionModelBinderProvider","Microsoft.AspNetCore.Mvc.ModelBinding.Binders.ComplexObjectModelBinderProvider"]
2024-08-29 14:25:28.889 +05:30  DBG  An 'IServiceProvider' was created for internal use by Entity Framework.
2024-08-29 14:25:29.011 +05:30  INF  User profile is available. Using 'C:\Users\arjun.hariprasad\AppData\Local\ASP.NET\DataProtection-Keys' as key repository and Windows DPAPI to encrypt keys at rest.
2024-08-29 14:25:29.340 +05:30  WRN  Navigations 'Order.Payments' and 'Payment.Order' were separated into two relationships since the [ForeignKey] attribute was specified on navigations on both sides.
2024-08-29 14:25:29.346 +05:30  WRN  Navigations 'Order.Return' and 'Return.Order' were separated into two relationships since the [ForeignKey] attribute was specified on navigations on both sides.
2024-08-29 14:25:29.351 +05:30  WRN  Navigations 'Payment.Return' and 'Return.Payment' were separated into two relationships since the [ForeignKey] attribute was specified on navigations on both sides.
2024-08-29 14:25:29.425 +05:30  WRN  Navigations 'Order.Payments' and 'Payment.Order' were separated into two relationships since the [ForeignKey] attribute was specified on navigations on both sides.
2024-08-29 14:25:29.429 +05:30  WRN  Navigations 'Payment.Order' and 'Order.Payments' were separated into two relationships since the [ForeignKey] attribute was specified on navigations on both sides.
2024-08-29 14:25:29.431 +05:30  WRN  Navigations 'Payment.Order' and 'Order.Payments' were separated into two relationships since the [ForeignKey] attribute was specified on navigations on both sides.
2024-08-29 14:25:29.433 +05:30  WRN  Navigations 'Payment.Order' and 'Order.Payments' were separated into two relationships since the [ForeignKey] attribute was specified on navigations on both sides.
2024-08-29 14:25:29.435 +05:30  WRN  Navigations 'Order.Return' and 'Return.Order' were separated into two relationships since the [ForeignKey] attribute was specified on navigations on both sides.
2024-08-29 14:25:29.437 +05:30  WRN  Navigations 'Return.Order' and 'Order.Return' were separated into two relationships since the [ForeignKey] attribute was specified on navigations on both sides.
2024-08-29 14:25:29.439 +05:30  WRN  Navigations 'Return.Order' and 'Order.Return' were separated into two relationships since the [ForeignKey] attribute was specified on navigations on both sides.
2024-08-29 14:25:29.441 +05:30  WRN  Navigations 'Return.Order' and 'Order.Return' were separated into two relationships since the [ForeignKey] attribute was specified on navigations on both sides.
2024-08-29 14:25:29.460 +05:30  DBG  The index {'UserId'} was not created on entity type 'IdentityUserRole<Guid>' as the properties are already covered by the index {'UserId', 'RoleId'}.
2024-08-29 14:25:29.462 +05:30  DBG  The index {'UserId'} was not created on entity type 'IdentityUserToken<Guid>' as the properties are already covered by the index {'UserId', 'LoginProvider', 'Name'}.
2024-08-29 14:25:29.578 +05:30  DBG  The property 'Product.UserId' was created in shadow state because there are no eligible CLR members with a matching name.
2024-08-29 14:25:29.708 +05:30  DBG  Entity Framework Core 8.0.8 initialized 'EcommerceDbContext' using provider 'Microsoft.EntityFrameworkCore.SqlServer:8.0.8' with options: None
2024-08-29 14:25:29.840 +05:30  DBG  Compiling query expression: 
'DbSet<IdentityRole<Guid>>()
    .FirstOrDefault(r => r.NormalizedName == __normalizedName_0)'
2024-08-29 14:25:29.992 +05:30  DBG  Generated query execution expression: 
'queryContext => ShapedQueryCompilingExpressionVisitor.SingleOrDefaultAsync<IdentityRole<Guid>>(
    asyncEnumerable: new SingleQueryingEnumerable<IdentityRole<Guid>>(
        (RelationalQueryContext)queryContext, 
        RelationalCommandCache.QueryExpression(
            Projection Mapping:
                EmptyProjectionMember -> Dictionary<IProperty, int> { [Property: IdentityRole<Guid>.Id (Guid) Required PK AfterSave:Throw ValueGenerated.OnAdd, 0], [Property: IdentityRole<Guid>.ConcurrencyStamp (string) Concurrency, 1], [Property: IdentityRole<Guid>.Name (string) MaxLength(256), 2], [Property: IdentityRole<Guid>.NormalizedName (string) Index MaxLength(256), 3] }
            SELECT TOP(1) a.Id, a.ConcurrencyStamp, a.Name, a.NormalizedName
            FROM AspNetRoles AS a
            WHERE a.NormalizedName == @__normalizedName_0), 
        null, 
        Func<QueryContext, DbDataReader, ResultContext, SingleQueryResultCoordinator, IdentityRole<Guid>>, 
        Persistance.EcommerceDbContext, 
        False, 
        False, 
        True
    ), 
    cancellationToken: queryContext.CancellationToken)'
2024-08-29 14:25:30.030 +05:30  DBG  Creating DbConnection.
2024-08-29 14:25:30.050 +05:30  DBG  Created DbConnection. (22ms).
2024-08-29 14:25:30.055 +05:30  DBG  Opening connection to database 'Ecommerce' on server 'FGS-DSK-230\MSSQLSERVER2019'.
2024-08-29 14:25:30.314 +05:30  DBG  Opened connection to database 'Ecommerce' on server 'FGS-DSK-230\MSSQLSERVER2019'.
2024-08-29 14:25:30.318 +05:30  DBG  Creating DbCommand for 'ExecuteReader'.
2024-08-29 14:25:30.326 +05:30  DBG  Created DbCommand for 'ExecuteReader' (5ms).
2024-08-29 14:25:30.335 +05:30  DBG  Initialized DbCommand for 'ExecuteReader' (16ms).
2024-08-29 14:25:30.342 +05:30  DBG  Executing DbCommand [Parameters=[@__normalizedName_0='?' (Size = 256)], CommandType='"Text"', CommandTimeout='30']
SELECT TOP(1) [a].[Id], [a].[ConcurrencyStamp], [a].[Name], [a].[NormalizedName]
FROM [AspNetRoles] AS [a]
WHERE [a].[NormalizedName] = @__normalizedName_0
2024-08-29 14:25:30.388 +05:30  INF  Executed DbCommand (46ms) [Parameters=[@__normalizedName_0='?' (Size = 256)], CommandType='"Text"', CommandTimeout='30']
SELECT TOP(1) [a].[Id], [a].[ConcurrencyStamp], [a].[Name], [a].[NormalizedName]
FROM [AspNetRoles] AS [a]
WHERE [a].[NormalizedName] = @__normalizedName_0
2024-08-29 14:25:30.426 +05:30  DBG  Context 'EcommerceDbContext' started tracking 'IdentityRole' entity. Consider using 'DbContextOptionsBuilder.EnableSensitiveDataLogging' to see key values.
2024-08-29 14:25:30.444 +05:30  DBG  Closing data reader to 'Ecommerce' on server 'FGS-DSK-230\MSSQLSERVER2019'.
2024-08-29 14:25:30.455 +05:30  DBG  A data reader for 'Ecommerce' on server 'FGS-DSK-230\MSSQLSERVER2019' is being disposed after spending 58ms reading results.
2024-08-29 14:25:30.460 +05:30  DBG  Closing connection to database 'Ecommerce' on server 'FGS-DSK-230\MSSQLSERVER2019'.
2024-08-29 14:25:30.465 +05:30  DBG  Closed connection to database 'Ecommerce' on server 'FGS-DSK-230\MSSQLSERVER2019' (5ms).
2024-08-29 14:25:30.469 +05:30  DBG  Opening connection to database 'Ecommerce' on server 'FGS-DSK-230\MSSQLSERVER2019'.
2024-08-29 14:25:30.470 +05:30  DBG  Opened connection to database 'Ecommerce' on server 'FGS-DSK-230\MSSQLSERVER2019'.
2024-08-29 14:25:30.471 +05:30  DBG  Creating DbCommand for 'ExecuteReader'.
2024-08-29 14:25:30.472 +05:30  DBG  Created DbCommand for 'ExecuteReader' (0ms).
2024-08-29 14:25:30.473 +05:30  DBG  Initialized DbCommand for 'ExecuteReader' (1ms).
2024-08-29 14:25:30.474 +05:30  DBG  Executing DbCommand [Parameters=[@__normalizedName_0='?' (Size = 256)], CommandType='"Text"', CommandTimeout='30']
SELECT TOP(1) [a].[Id], [a].[ConcurrencyStamp], [a].[Name], [a].[NormalizedName]
FROM [AspNetRoles] AS [a]
WHERE [a].[NormalizedName] = @__normalizedName_0
2024-08-29 14:25:30.482 +05:30  INF  Executed DbCommand (9ms) [Parameters=[@__normalizedName_0='?' (Size = 256)], CommandType='"Text"', CommandTimeout='30']
SELECT TOP(1) [a].[Id], [a].[ConcurrencyStamp], [a].[Name], [a].[NormalizedName]
FROM [AspNetRoles] AS [a]
WHERE [a].[NormalizedName] = @__normalizedName_0
2024-08-29 14:25:30.485 +05:30  DBG  Context 'EcommerceDbContext' started tracking 'IdentityRole' entity. Consider using 'DbContextOptionsBuilder.EnableSensitiveDataLogging' to see key values.
2024-08-29 14:25:30.486 +05:30  DBG  Closing data reader to 'Ecommerce' on server 'FGS-DSK-230\MSSQLSERVER2019'.
2024-08-29 14:25:30.486 +05:30  DBG  A data reader for 'Ecommerce' on server 'FGS-DSK-230\MSSQLSERVER2019' is being disposed after spending 2ms reading results.
2024-08-29 14:25:30.488 +05:30  DBG  Closing connection to database 'Ecommerce' on server 'FGS-DSK-230\MSSQLSERVER2019'.
2024-08-29 14:25:30.489 +05:30  DBG  Closed connection to database 'Ecommerce' on server 'FGS-DSK-230\MSSQLSERVER2019' (0ms).
2024-08-29 14:25:30.490 +05:30  DBG  Opening connection to database 'Ecommerce' on server 'FGS-DSK-230\MSSQLSERVER2019'.
2024-08-29 14:25:30.491 +05:30  DBG  Opened connection to database 'Ecommerce' on server 'FGS-DSK-230\MSSQLSERVER2019'.
2024-08-29 14:25:30.492 +05:30  DBG  Creating DbCommand for 'ExecuteReader'.
2024-08-29 14:25:30.493 +05:30  DBG  Created DbCommand for 'ExecuteReader' (0ms).
2024-08-29 14:25:30.494 +05:30  DBG  Initialized DbCommand for 'ExecuteReader' (1ms).
2024-08-29 14:25:30.494 +05:30  DBG  Executing DbCommand [Parameters=[@__normalizedName_0='?' (Size = 256)], CommandType='"Text"', CommandTimeout='30']
SELECT TOP(1) [a].[Id], [a].[ConcurrencyStamp], [a].[Name], [a].[NormalizedName]
FROM [AspNetRoles] AS [a]
WHERE [a].[NormalizedName] = @__normalizedName_0
2024-08-29 14:25:30.497 +05:30  INF  Executed DbCommand (2ms) [Parameters=[@__normalizedName_0='?' (Size = 256)], CommandType='"Text"', CommandTimeout='30']
SELECT TOP(1) [a].[Id], [a].[ConcurrencyStamp], [a].[Name], [a].[NormalizedName]
FROM [AspNetRoles] AS [a]
WHERE [a].[NormalizedName] = @__normalizedName_0
2024-08-29 14:25:30.499 +05:30  DBG  Context 'EcommerceDbContext' started tracking 'IdentityRole' entity. Consider using 'DbContextOptionsBuilder.EnableSensitiveDataLogging' to see key values.
2024-08-29 14:25:30.500 +05:30  DBG  Closing data reader to 'Ecommerce' on server 'FGS-DSK-230\MSSQLSERVER2019'.
2024-08-29 14:25:30.501 +05:30  DBG  A data reader for 'Ecommerce' on server 'FGS-DSK-230\MSSQLSERVER2019' is being disposed after spending 2ms reading results.
2024-08-29 14:25:30.502 +05:30  DBG  Closing connection to database 'Ecommerce' on server 'FGS-DSK-230\MSSQLSERVER2019'.
2024-08-29 14:25:30.503 +05:30  DBG  Closed connection to database 'Ecommerce' on server 'FGS-DSK-230\MSSQLSERVER2019' (1ms).
2024-08-29 14:25:30.509 +05:30  DBG  Compiling query expression: 
'DbSet<User>()
    .SingleOrDefault(u => u.NormalizedEmail == __normalizedEmail_0)'
2024-08-29 14:25:30.517 +05:30  DBG  Generated query execution expression: 
'queryContext => ShapedQueryCompilingExpressionVisitor.SingleOrDefaultAsync<User>(
    asyncEnumerable: new SingleQueryingEnumerable<User>(
        (RelationalQueryContext)queryContext, 
        RelationalCommandCache.QueryExpression(
            Projection Mapping:
                EmptyProjectionMember -> Dictionary<IProperty, int> { [Property: User.Id (Guid) Required PK AfterSave:Throw ValueGenerated.OnAdd, 0], [Property: User.AccessFailedCount (int) Required, 1], [Property: User.ConcurrencyStamp (string) Concurrency, 2], [Property: User.CreatedAt (DateTime) Required, 3], [Property: User.Email (string) MaxLength(256), 4], [Property: User.EmailConfirmed (bool) Required, 5], [Property: User.IsDeleted (bool) Required, 6], [Property: User.IsVerified (bool) Required, 7], [Property: User.LockoutEnabled (bool) Required, 8], [Property: User.LockoutEnd (DateTimeOffset?), 9], [Property: User.NormalizedEmail (string) Index MaxLength(256), 10], [Property: User.NormalizedUserName (string) Index MaxLength(256), 11], [Property: User.PasswordHash (string), 12], [Property: User.PhoneNumber (string), 13], [Property: User.PhoneNumberConfirmed (bool) Required, 14], [Property: User.SecurityStamp (string), 15], [Property: User.TwoFactorEnabled (bool) Required, 16], [Property: User.UpdatedAt (DateTime) Required, 17], [Property: User.UserName (string) MaxLength(256), 18] }
            SELECT TOP(2) a.Id, a.AccessFailedCount, a.ConcurrencyStamp, a.CreatedAt, a.Email, a.EmailConfirmed, a.IsDeleted, a.IsVerified, a.LockoutEnabled, a.LockoutEnd, a.NormalizedEmail, a.NormalizedUserName, a.PasswordHash, a.PhoneNumber, a.PhoneNumberConfirmed, a.SecurityStamp, a.TwoFactorEnabled, a.UpdatedAt, a.UserName
            FROM AspNetUsers AS a
            WHERE a.NormalizedEmail == @__normalizedEmail_0), 
        null, 
        Func<QueryContext, DbDataReader, ResultContext, SingleQueryResultCoordinator, User>, 
        Persistance.EcommerceDbContext, 
        False, 
        False, 
        True
    ), 
    cancellationToken: queryContext.CancellationToken)'
2024-08-29 14:25:30.522 +05:30  DBG  Opening connection to database 'Ecommerce' on server 'FGS-DSK-230\MSSQLSERVER2019'.
2024-08-29 14:25:30.523 +05:30  DBG  Opened connection to database 'Ecommerce' on server 'FGS-DSK-230\MSSQLSERVER2019'.
2024-08-29 14:25:30.524 +05:30  DBG  Creating DbCommand for 'ExecuteReader'.
2024-08-29 14:25:30.525 +05:30  DBG  Created DbCommand for 'ExecuteReader' (0ms).
2024-08-29 14:25:30.526 +05:30  DBG  Initialized DbCommand for 'ExecuteReader' (1ms).
2024-08-29 14:25:30.527 +05:30  DBG  Executing DbCommand [Parameters=[@__normalizedEmail_0='?' (Size = 256)], CommandType='"Text"', CommandTimeout='30']
SELECT TOP(2) [a].[Id], [a].[AccessFailedCount], [a].[ConcurrencyStamp], [a].[CreatedAt], [a].[Email], [a].[EmailConfirmed], [a].[IsDeleted], [a].[IsVerified], [a].[LockoutEnabled], [a].[LockoutEnd], [a].[NormalizedEmail], [a].[NormalizedUserName], [a].[PasswordHash], [a].[PhoneNumber], [a].[PhoneNumberConfirmed], [a].[SecurityStamp], [a].[TwoFactorEnabled], [a].[UpdatedAt], [a].[UserName]
FROM [AspNetUsers] AS [a]
WHERE [a].[NormalizedEmail] = @__normalizedEmail_0
2024-08-29 14:25:30.531 +05:30  INF  Executed DbCommand (5ms) [Parameters=[@__normalizedEmail_0='?' (Size = 256)], CommandType='"Text"', CommandTimeout='30']
SELECT TOP(2) [a].[Id], [a].[AccessFailedCount], [a].[ConcurrencyStamp], [a].[CreatedAt], [a].[Email], [a].[EmailConfirmed], [a].[IsDeleted], [a].[IsVerified], [a].[LockoutEnabled], [a].[LockoutEnd], [a].[NormalizedEmail], [a].[NormalizedUserName], [a].[PasswordHash], [a].[PhoneNumber], [a].[PhoneNumberConfirmed], [a].[SecurityStamp], [a].[TwoFactorEnabled], [a].[UpdatedAt], [a].[UserName]
FROM [AspNetUsers] AS [a]
WHERE [a].[NormalizedEmail] = @__normalizedEmail_0
2024-08-29 14:25:30.550 +05:30  DBG  Context 'EcommerceDbContext' started tracking 'User' entity. Consider using 'DbContextOptionsBuilder.EnableSensitiveDataLogging' to see key values.
2024-08-29 14:25:30.580 +05:30  DBG  Closing data reader to 'Ecommerce' on server 'FGS-DSK-230\MSSQLSERVER2019'.
2024-08-29 14:25:30.582 +05:30  DBG  A data reader for 'Ecommerce' on server 'FGS-DSK-230\MSSQLSERVER2019' is being disposed after spending 47ms reading results.
2024-08-29 14:25:30.583 +05:30  DBG  Closing connection to database 'Ecommerce' on server 'FGS-DSK-230\MSSQLSERVER2019'.
2024-08-29 14:25:30.584 +05:30  DBG  Closed connection to database 'Ecommerce' on server 'FGS-DSK-230\MSSQLSERVER2019' (1ms).
2024-08-29 14:25:30.588 +05:30  DBG  'EcommerceDbContext' disposed.
2024-08-29 14:25:30.590 +05:30  DBG  Disposing connection to database 'Ecommerce' on server 'FGS-DSK-230\MSSQLSERVER2019'.
2024-08-29 14:25:30.592 +05:30  DBG  Disposed connection to database '' on server '' (1ms).
2024-08-29 14:25:30.595 +05:30  DBG  Hosting starting
2024-08-29 14:25:30.601 +05:30  DBG  Reading data from file 'C:\Users\arjun.hariprasad\AppData\Local\ASP.NET\DataProtection-Keys\key-36f6fa2d-df91-4e24-9271-a530e4737995.xml'.
2024-08-29 14:25:30.613 +05:30  DBG  Found key {36f6fa2d-df91-4e24-9271-a530e4737995}.
2024-08-29 14:25:30.625 +05:30  DBG  Considering key {36f6fa2d-df91-4e24-9271-a530e4737995} with expiration date 2024-10-20 08:26:28Z as default key.
2024-08-29 14:25:30.629 +05:30  DBG  Forwarded activator type request from Microsoft.AspNetCore.DataProtection.XmlEncryption.DpapiXmlDecryptor, Microsoft.AspNetCore.DataProtection, Version=8.0.0.0, Culture=neutral, PublicKeyToken=adb9793829ddae60 to Microsoft.AspNetCore.DataProtection.XmlEncryption.DpapiXmlDecryptor, Microsoft.AspNetCore.DataProtection, Culture=neutral, PublicKeyToken=adb9793829ddae60
2024-08-29 14:25:30.631 +05:30  DBG  Decrypting secret element using Windows DPAPI.
2024-08-29 14:25:30.634 +05:30  DBG  Forwarded activator type request from Microsoft.AspNetCore.DataProtection.AuthenticatedEncryption.ConfigurationModel.AuthenticatedEncryptorDescriptorDeserializer, Microsoft.AspNetCore.DataProtection, Version=8.0.0.0, Culture=neutral, PublicKeyToken=adb9793829ddae60 to Microsoft.AspNetCore.DataProtection.AuthenticatedEncryption.ConfigurationModel.AuthenticatedEncryptorDescriptorDeserializer, Microsoft.AspNetCore.DataProtection, Culture=neutral, PublicKeyToken=adb9793829ddae60
2024-08-29 14:25:30.636 +05:30  DBG  Opening CNG algorithm 'AES' from provider 'null' with chaining mode CBC.
2024-08-29 14:25:30.640 +05:30  DBG  Opening CNG algorithm 'SHA256' from provider 'null' with HMAC.
2024-08-29 14:25:30.643 +05:30  DBG  Using key {36f6fa2d-df91-4e24-9271-a530e4737995} as the default key.
2024-08-29 14:25:30.644 +05:30  DBG  Key ring with default key {36f6fa2d-df91-4e24-9271-a530e4737995} was loaded during application startup.
2024-08-29 14:25:30.837 +05:30  INF  Now listening on: https://localhost:7113
2024-08-29 14:25:30.838 +05:30  INF  Now listening on: http://localhost:5081
2024-08-29 14:25:30.839 +05:30  DBG  Loaded hosting startup assembly Web.Ecommerce
2024-08-29 14:25:30.840 +05:30  DBG  Loaded hosting startup assembly Microsoft.AspNetCore.Watch.BrowserRefresh
2024-08-29 14:25:30.841 +05:30  DBG  Loaded hosting startup assembly Microsoft.WebTools.BrowserLink.Net
2024-08-29 14:25:30.842 +05:30  INF  Application started. Press Ctrl+C to shut down.
2024-08-29 14:25:30.842 +05:30  INF  Hosting environment: Development
2024-08-29 14:25:30.843 +05:30  INF  Content root path: C:\Users\arjun.hariprasad\source\.NET\Ecommerce\EcommerceSolution\CodeBase\Src\Presentation\Web.Ecommerce
2024-08-29 14:25:30.844 +05:30  DBG  Hosting started
2024-08-29 14:25:31.221 +05:30  DBG  Connection id "0HN6811B43E0R" accepted.
2024-08-29 14:25:31.221 +05:30  DBG  Connection id "0HN6811B43E0Q" accepted.
2024-08-29 14:25:31.222 +05:30  DBG  Connection id "0HN6811B43E0R" started.
2024-08-29 14:25:31.223 +05:30  DBG  Connection id "0HN6811B43E0Q" started.
2024-08-29 14:25:31.245 +05:30  DBG  Connection id "0HN6811B43E0R" received FIN.
2024-08-29 14:25:31.245 +05:30  DBG  Connection id "0HN6811B43E0Q" received FIN.
2024-08-29 14:25:31.253 +05:30  DBG  Failed to authenticate HTTPS connection.System.IO.IOException: Received an unexpected EOF or 0 bytes from the transport stream.
   at System.Net.Security.SslStream.ReceiveHandshakeFrameAsync[TIOAdapter](CancellationToken cancellationToken)
   at System.Net.Security.SslStream.ForceAuthenticationAsync[TIOAdapter](Boolean receiveFirst, Byte[] reAuthenticationData, CancellationToken cancellationToken)
   at System.Net.Security.SslStream.ProcessAuthenticationWithTelemetryAsync(Boolean isAsync, CancellationToken cancellationToken)
   at Microsoft.AspNetCore.Server.Kestrel.Https.Internal.HttpsConnectionMiddleware.OnConnectionAsync(ConnectionContext context)

2024-08-29 14:25:31.253 +05:30  DBG  Failed to authenticate HTTPS connection.System.IO.IOException: Received an unexpected EOF or 0 bytes from the transport stream.
   at System.Net.Security.SslStream.ReceiveHandshakeFrameAsync[TIOAdapter](CancellationToken cancellationToken)
   at System.Net.Security.SslStream.ForceAuthenticationAsync[TIOAdapter](Boolean receiveFirst, Byte[] reAuthenticationData, CancellationToken cancellationToken)
   at System.Net.Security.SslStream.ProcessAuthenticationWithTelemetryAsync(Boolean isAsync, CancellationToken cancellationToken)
   at Microsoft.AspNetCore.Server.Kestrel.Https.Internal.HttpsConnectionMiddleware.OnConnectionAsync(ConnectionContext context)

2024-08-29 14:25:31.270 +05:30  DBG  Connection id "0HN6811B43E0R" stopped.
2024-08-29 14:25:31.270 +05:30  DBG  Connection id "0HN6811B43E0Q" stopped.
2024-08-29 14:25:31.273 +05:30  DBG  Connection id "0HN6811B43E0Q" sending FIN because: "The Socket transport's send loop completed gracefully."
2024-08-29 14:25:31.273 +05:30  DBG  Connection id "0HN6811B43E0R" sending FIN because: "The Socket transport's send loop completed gracefully."
2024-08-29 14:25:31.819 +05:30  DBG  Connection id "0HN6811B43E0S" accepted.
2024-08-29 14:25:31.833 +05:30  DBG  Connection id "0HN6811B43E0S" started.
2024-08-29 14:25:31.869 +05:30  DBG  Connection 0HN6811B43E0S established using the following protocol: "Tls12"
2024-08-29 14:25:31.923 +05:30  VRB  Connection id "0HN6811B43E0S" sending "SETTINGS" frame for stream ID 0 with length 24 and flags "NONE".
2024-08-29 14:25:31.937 +05:30  VRB  Connection id "0HN6811B43E0S" sending "WINDOW_UPDATE" frame for stream ID 0 with length 4 and flags 0x0.
2024-08-29 14:25:31.940 +05:30  VRB  Connection id "0HN6811B43E0S" received "SETTINGS" frame for stream ID 0 with length 24 and flags "NONE".
2024-08-29 14:25:31.945 +05:30  VRB  Connection id "0HN6811B43E0S" sending "SETTINGS" frame for stream ID 0 with length 0 and flags "ACK".
2024-08-29 14:25:31.948 +05:30  VRB  Connection id "0HN6811B43E0S" received "WINDOW_UPDATE" frame for stream ID 0 with length 4 and flags 0x0.
2024-08-29 14:25:31.951 +05:30  VRB  Connection id "0HN6811B43E0S" received "HEADERS" frame for stream ID 1 with length 469 and flags "END_STREAM, END_HEADERS, PRIORITY".
2024-08-29 14:25:31.971 +05:30  VRB  Connection id "0HN6811B43E0S" received "SETTINGS" frame for stream ID 0 with length 0 and flags "ACK".
2024-08-29 14:25:31.991 +05:30  INF  Request starting HTTP/2 GET https://localhost:7113/swagger/index.html - null null
2024-08-29 14:25:32.089 +05:30  DBG  Wildcard detected, all requests with hosts will be allowed.
2024-08-29 14:25:32.090 +05:30  VRB  All hosts are allowed.
2024-08-29 14:25:32.115 +05:30  DBG  No candidates found for the request path '/swagger/index.html'
2024-08-29 14:25:32.117 +05:30  DBG  Request did not match any endpoints
2024-08-29 14:25:32.246 +05:30  DBG  Response markup is scheduled to include Browser Link script injection.
2024-08-29 14:25:32.249 +05:30  DBG  Response markup is scheduled to include browser refresh script injection.
2024-08-29 14:25:32.252 +05:30  VRB  Connection id "0HN6811B43E0S" sending "HEADERS" frame for stream ID 1 with length 66 and flags "END_HEADERS".
2024-08-29 14:25:32.255 +05:30  VRB  Connection id "0HN6811B43E0S" sending "DATA" frame for stream ID 1 with length 1136 and flags "NONE".
2024-08-29 14:25:32.255 +05:30  DBG  Response markup was updated to include Browser Link script injection.
2024-08-29 14:25:32.260 +05:30  DBG  Response markup was updated to include browser refresh script injection.
2024-08-29 14:25:32.263 +05:30  VRB  Connection id "0HN6811B43E0S" sending "DATA" frame for stream ID 1 with length 0 and flags "END_STREAM".
2024-08-29 14:25:32.265 +05:30  INF  Request finished HTTP/2 GET https://localhost:7113/swagger/index.html - 200 null text/html;charset=utf-8 276.7765ms
2024-08-29 14:25:32.269 +05:30  VRB  Connection id "0HN6811B43E0S" received "HEADERS" frame for stream ID 3 with length 115 and flags "END_STREAM, END_HEADERS, PRIORITY".
2024-08-29 14:25:32.274 +05:30  VRB  Connection id "0HN6811B43E0S" received "HEADERS" frame for stream ID 5 with length 35 and flags "END_STREAM, END_HEADERS, PRIORITY".
2024-08-29 14:25:32.275 +05:30  INF  Request starting HTTP/2 GET https://localhost:7113/_framework/aspnetcore-browser-refresh.js - null null
2024-08-29 14:25:32.278 +05:30  VRB  Connection id "0HN6811B43E0S" received "HEADERS" frame for stream ID 7 with length 57 and flags "END_STREAM, END_HEADERS, PRIORITY".
2024-08-29 14:25:32.280 +05:30  INF  Request starting HTTP/2 GET https://localhost:7113/swagger/index.js - null null
2024-08-29 14:25:32.284 +05:30  INF  Request starting HTTP/2 GET https://localhost:7113/_vs/browserLink - null null
2024-08-29 14:25:32.287 +05:30  VRB  All hosts are allowed.
2024-08-29 14:25:32.288 +05:30  VRB  Connection id "0HN6811B43E0S" sending "HEADERS" frame for stream ID 3 with length 60 and flags "END_HEADERS".
2024-08-29 14:25:32.290 +05:30  DBG  No candidates found for the request path '/swagger/index.js'
2024-08-29 14:25:32.292 +05:30  VRB  Connection id "0HN6811B43E0S" sending "DATA" frame for stream ID 3 with length 13762 and flags "NONE".
2024-08-29 14:25:32.293 +05:30  DBG  Request did not match any endpoints
2024-08-29 14:25:32.307 +05:30  VRB  Connection id "0HN6811B43E0S" sending "HEADERS" frame for stream ID 5 with length 41 and flags "END_HEADERS".
2024-08-29 14:25:32.307 +05:30  INF  Request finished HTTP/2 GET https://localhost:7113/swagger/index.js - 200 null application/javascript;charset=utf-8 26.8114ms
2024-08-29 14:25:32.307 +05:30  INF  Request finished HTTP/2 GET https://localhost:7113/_framework/aspnetcore-browser-refresh.js - 200 13762 application/javascript; charset=utf-8 33.002ms
2024-08-29 14:25:32.314 +05:30  VRB  Connection id "0HN6811B43E0S" sending "DATA" frame for stream ID 5 with length 3005 and flags "END_STREAM".
2024-08-29 14:25:32.324 +05:30  VRB  Connection id "0HN6811B43E0S" sending "DATA" frame for stream ID 3 with length 0 and flags "END_STREAM".
2024-08-29 14:25:32.328 +05:30  VRB  Connection id "0HN6811B43E0S" sending "HEADERS" frame for stream ID 7 with length 149 and flags "END_HEADERS".
2024-08-29 14:25:32.332 +05:30  VRB  Connection id "0HN6811B43E0S" sending "DATA" frame for stream ID 7 with length 9986 and flags "NONE".
2024-08-29 14:25:32.335 +05:30  VRB  Connection id "0HN6811B43E0S" sending "DATA" frame for stream ID 7 with length 10240 and flags "NONE".
2024-08-29 14:25:32.338 +05:30  VRB  Connection id "0HN6811B43E0S" sending "DATA" frame for stream ID 7 with length 10240 and flags "NONE".
2024-08-29 14:25:32.340 +05:30  VRB  Connection id "0HN6811B43E0S" sending "DATA" frame for stream ID 7 with length 10240 and flags "NONE".
2024-08-29 14:25:32.343 +05:30  VRB  Connection id "0HN6811B43E0S" sending "DATA" frame for stream ID 7 with length 10240 and flags "NONE".
2024-08-29 14:25:32.345 +05:30  VRB  Connection id "0HN6811B43E0S" sending "DATA" frame for stream ID 7 with length 10240 and flags "NONE".
2024-08-29 14:25:32.347 +05:30  VRB  Connection id "0HN6811B43E0S" sending "DATA" frame for stream ID 7 with length 10240 and flags "NONE".
2024-08-29 14:25:32.348 +05:30  VRB  Connection id "0HN6811B43E0S" sending "DATA" frame for stream ID 7 with length 10240 and flags "NONE".
2024-08-29 14:25:32.350 +05:30  VRB  Connection id "0HN6811B43E0S" sending "DATA" frame for stream ID 7 with length 10240 and flags "NONE".
2024-08-29 14:25:32.352 +05:30  VRB  Connection id "0HN6811B43E0S" sending "DATA" frame for stream ID 7 with length 10240 and flags "NONE".
2024-08-29 14:25:32.353 +05:30  VRB  Connection id "0HN6811B43E0S" sending "DATA" frame for stream ID 7 with length 10240 and flags "NONE".
2024-08-29 14:25:32.355 +05:30  VRB  Connection id "0HN6811B43E0S" sending "DATA" frame for stream ID 7 with length 10240 and flags "NONE".
2024-08-29 14:25:32.357 +05:30  VRB  Connection id "0HN6811B43E0S" sending "DATA" frame for stream ID 7 with length 10240 and flags "NONE".
2024-08-29 14:25:32.361 +05:30  VRB  Connection id "0HN6811B43E0S" sending "DATA" frame for stream ID 7 with length 10240 and flags "NONE".
2024-08-29 14:25:32.363 +05:30  VRB  Connection id "0HN6811B43E0S" sending "DATA" frame for stream ID 7 with length 10240 and flags "NONE".
2024-08-29 14:25:32.365 +05:30  VRB  Connection id "0HN6811B43E0S" sending "DATA" frame for stream ID 7 with length 160 and flags "NONE".
2024-08-29 14:25:32.365 +05:30  INF  Request finished HTTP/2 GET https://localhost:7113/_vs/browserLink - 200 null text/javascript; charset=UTF-8 80.9116ms
2024-08-29 14:25:32.366 +05:30  VRB  Connection id "0HN6811B43E0S" sending "DATA" frame for stream ID 7 with length 0 and flags "END_STREAM".
2024-08-29 14:25:32.398 +05:30  VRB  Connection id "0HN6811B43E0S" received "HEADERS" frame for stream ID 9 with length 74 and flags "END_STREAM, END_HEADERS, PRIORITY".
2024-08-29 14:25:32.400 +05:30  INF  Request starting HTTP/2 GET https://localhost:7113/swagger/v1/swagger.json - null null
2024-08-29 14:25:32.402 +05:30  VRB  All hosts are allowed.
2024-08-29 14:25:32.402 +05:30  DBG  No candidates found for the request path '/swagger/v1/swagger.json'
2024-08-29 14:25:32.403 +05:30  DBG  Request did not match any endpoints
2024-08-29 14:25:32.520 +05:30  VRB  Connection id "0HN6811B43E0S" sending "HEADERS" frame for stream ID 9 with length 35 and flags "END_HEADERS".
2024-08-29 14:25:32.523 +05:30  VRB  Connection id "0HN6811B43E0S" sending "DATA" frame for stream ID 9 with length 16384 and flags "NONE".
2024-08-29 14:25:32.525 +05:30  VRB  Connection id "0HN6811B43E0S" sending "DATA" frame for stream ID 9 with length 6467 and flags "NONE".
2024-08-29 14:25:32.528 +05:30  INF  Request finished HTTP/2 GET https://localhost:7113/swagger/v1/swagger.json - 200 null application/json;charset=utf-8 128.54ms
2024-08-29 14:25:32.528 +05:30  VRB  Connection id "0HN6811B43E0S" sending "DATA" frame for stream ID 9 with length 0 and flags "END_STREAM".
2024-08-29 14:25:32.777 +05:30  DBG  Connection id "0HN6811B43E0S" received FIN.
2024-08-29 14:25:32.779 +05:30  DBG  Connection id "0HN6811B43E0S" is closed. The last processed stream ID was 9.
2024-08-29 14:25:32.779 +05:30  DBG  The connection queue processing loop for 0HN6811B43E0S completed.
2024-08-29 14:25:32.780 +05:30  DBG  Connection id "0HN6811B43E0S" sending FIN because: "The Socket transport's send loop completed gracefully."
2024-08-29 14:25:32.793 +05:30  DBG  Connection id "0HN6811B43E0S" stopped.
2024-08-29 14:25:46.191 +05:30  DBG  Connection id "0HN6811B43E0T" accepted.
2024-08-29 14:25:46.193 +05:30  DBG  Connection id "0HN6811B43E0T" started.
2024-08-29 14:25:46.196 +05:30  DBG  Connection 0HN6811B43E0T established using the following protocol: "Tls12"
2024-08-29 14:25:46.197 +05:30  VRB  Connection id "0HN6811B43E0T" sending "SETTINGS" frame for stream ID 0 with length 24 and flags "NONE".
2024-08-29 14:25:46.199 +05:30  VRB  Connection id "0HN6811B43E0T" sending "WINDOW_UPDATE" frame for stream ID 0 with length 4 and flags 0x0.
2024-08-29 14:25:46.200 +05:30  VRB  Connection id "0HN6811B43E0T" received "SETTINGS" frame for stream ID 0 with length 24 and flags "NONE".
2024-08-29 14:25:46.202 +05:30  VRB  Connection id "0HN6811B43E0T" sending "SETTINGS" frame for stream ID 0 with length 0 and flags "ACK".
2024-08-29 14:25:46.204 +05:30  VRB  Connection id "0HN6811B43E0T" received "WINDOW_UPDATE" frame for stream ID 0 with length 4 and flags 0x0.
2024-08-29 14:25:46.205 +05:30  VRB  Connection id "0HN6811B43E0T" received "HEADERS" frame for stream ID 1 with length 411 and flags "END_HEADERS, PRIORITY".
2024-08-29 14:25:46.208 +05:30  VRB  Connection id "0HN6811B43E0T" received "DATA" frame for stream ID 1 with length 204 and flags "END_STREAM".
2024-08-29 14:25:46.211 +05:30  INF  Request starting HTTP/2 POST https://localhost:7113/api/Order/Place Order - application/json 204
2024-08-29 14:25:46.212 +05:30  VRB  Connection id "0HN6811B43E0T" received "SETTINGS" frame for stream ID 0 with length 0 and flags "ACK".
2024-08-29 14:25:46.216 +05:30  VRB  All hosts are allowed.
2024-08-29 14:25:46.222 +05:30  DBG  1 candidate(s) found for the request path '/api/Order/Place Order'
2024-08-29 14:25:46.223 +05:30  DBG  Endpoint 'Web.Ecommerce.Controllers.Customer.OrderController.PlaceOrder (Web.Ecommerce)' with route pattern 'api/Order/Place Order' is valid for the request path '/api/Order/Place Order'
2024-08-29 14:25:46.226 +05:30  DBG  Request matched endpoint 'Web.Ecommerce.Controllers.Customer.OrderController.PlaceOrder (Web.Ecommerce)'
2024-08-29 14:25:46.229 +05:30  VRB  The endpoint does not specify the IRequestSizeLimitMetadata.
2024-08-29 14:25:46.231 +05:30  DBG  Static files was skipped as the request already matched an endpoint.
2024-08-29 14:25:46.314 +05:30  DBG  AuthenticationScheme: Bearer was not authenticated.
2024-08-29 14:25:46.318 +05:30  DBG  AuthenticationScheme: Bearer was not authenticated.
2024-08-29 14:25:46.320 +05:30  INF  Executing endpoint 'Web.Ecommerce.Controllers.Customer.OrderController.PlaceOrder (Web.Ecommerce)'
2024-08-29 14:25:46.340 +05:30  INF  Route matched with {action = "PlaceOrder", controller = "Order"}. Executing controller action with signature System.Threading.Tasks.Task`1[Microsoft.AspNetCore.Mvc.IActionResult] PlaceOrder(Application.Ecom.OrderOperations.Commands.PlaceOrder.PlaceOrderCommand) on controller Web.Ecommerce.Controllers.Customer.OrderController (Web.Ecommerce).
2024-08-29 14:25:46.345 +05:30  DBG  Execution plan of authorization filters (in the following order): ["None"]
2024-08-29 14:25:46.346 +05:30  DBG  Execution plan of resource filters (in the following order): ["None"]
2024-08-29 14:25:46.347 +05:30  DBG  Execution plan of action filters (in the following order): ["Microsoft.AspNetCore.Mvc.ModelBinding.UnsupportedContentTypeFilter (Order: -3000)","Microsoft.AspNetCore.Mvc.Infrastructure.ModelStateInvalidFilter (Order: -2000)"]
2024-08-29 14:25:46.348 +05:30  DBG  Execution plan of exception filters (in the following order): ["None"]
2024-08-29 14:25:46.349 +05:30  DBG  Execution plan of result filters (in the following order): ["Microsoft.AspNetCore.Mvc.Infrastructure.ClientErrorResultFilter (Order: -2000)"]
2024-08-29 14:25:46.352 +05:30  DBG  Executing controller factory for controller Web.Ecommerce.Controllers.Customer.OrderController (Web.Ecommerce)
2024-08-29 14:25:46.354 +05:30  DBG  Executed controller factory for controller Web.Ecommerce.Controllers.Customer.OrderController (Web.Ecommerce)
2024-08-29 14:25:46.370 +05:30  DBG  Attempting to bind parameter 'command' of type 'Application.Ecom.OrderOperations.Commands.PlaceOrder.PlaceOrderCommand' ...
2024-08-29 14:25:46.373 +05:30  DBG  Attempting to bind parameter 'command' of type 'Application.Ecom.OrderOperations.Commands.PlaceOrder.PlaceOrderCommand' using the name '' in request data ...
2024-08-29 14:25:46.376 +05:30  DBG  Selected input formatter 'Microsoft.AspNetCore.Mvc.Formatters.SystemTextJsonInputFormatter' for content type 'application/json'.
2024-08-29 14:25:46.407 +05:30  DBG  Connection id "0HN6811B43E0T", Request id "0HN6811B43E0T:00000001": started reading request body.
2024-08-29 14:25:46.408 +05:30  DBG  Connection id "0HN6811B43E0T", Request id "0HN6811B43E0T:00000001": done reading request body.
2024-08-29 14:25:46.422 +05:30  DBG  JSON input formatter succeeded, deserializing to type 'Application.Ecom.OrderOperations.Commands.PlaceOrder.PlaceOrderCommand'
2024-08-29 14:25:46.423 +05:30  DBG  Done attempting to bind parameter 'command' of type 'Application.Ecom.OrderOperations.Commands.PlaceOrder.PlaceOrderCommand'.
2024-08-29 14:25:46.424 +05:30  DBG  Done attempting to bind parameter 'command' of type 'Application.Ecom.OrderOperations.Commands.PlaceOrder.PlaceOrderCommand'.
2024-08-29 14:25:46.425 +05:30  DBG  Attempting to validate the bound parameter 'command' of type 'Application.Ecom.OrderOperations.Commands.PlaceOrder.PlaceOrderCommand' ...
2024-08-29 14:25:46.435 +05:30  DBG  Done attempting to validate the bound parameter 'command' of type 'Application.Ecom.OrderOperations.Commands.PlaceOrder.PlaceOrderCommand'.
2024-08-29 14:25:46.437 +05:30  VRB  Action Filter: Before executing OnActionExecuting on filter Microsoft.AspNetCore.Mvc.ModelBinding.UnsupportedContentTypeFilter.
2024-08-29 14:25:46.438 +05:30  VRB  Action Filter: After executing OnActionExecuting on filter Microsoft.AspNetCore.Mvc.ModelBinding.UnsupportedContentTypeFilter.
2024-08-29 14:25:46.439 +05:30  VRB  Action Filter: Before executing OnActionExecuting on filter Microsoft.AspNetCore.Mvc.Infrastructure.ModelStateInvalidFilter.
2024-08-29 14:25:46.440 +05:30  VRB  Action Filter: After executing OnActionExecuting on filter Microsoft.AspNetCore.Mvc.Infrastructure.ModelStateInvalidFilter.
2024-08-29 14:25:46.445 +05:30  INF  Executing action method Web.Ecommerce.Controllers.Customer.OrderController.PlaceOrder (Web.Ecommerce) - Validation state: "Valid"
2024-08-29 14:25:46.447 +05:30  VRB  Executing action method Web.Ecommerce.Controllers.Customer.OrderController.PlaceOrder (Web.Ecommerce) with arguments (["Application.Ecom.OrderOperations.Commands.PlaceOrder.PlaceOrderCommand"])
2024-08-29 14:25:46.507 +05:30  DBG  Entity Framework Core 8.0.8 initialized 'EcommerceDbContext' using provider 'Microsoft.EntityFrameworkCore.SqlServer:8.0.8' with options: None
2024-08-29 14:25:46.526 +05:30  DBG  Compiling query expression: 
'DbSet<Product>()
    .FirstOrDefault(e => object.Equals(
        objA: EF.Property<object>(e, "ProductId"), 
        objB: __get_Item_0))'
2024-08-29 14:25:46.561 +05:30  DBG  Generated query execution expression: 
'queryContext => ShapedQueryCompilingExpressionVisitor.SingleOrDefaultAsync<Product>(
    asyncEnumerable: new SingleQueryingEnumerable<Product>(
        (RelationalQueryContext)queryContext, 
        RelationalCommandCache.QueryExpression(
            Projection Mapping:
                EmptyProjectionMember -> Dictionary<IProperty, int> { [Property: Product.ProductId (Guid) Required PK AfterSave:Throw ValueGenerated.OnAdd, 0], [Property: Product.Category (string) Required MaxLength(20), 1], [Property: Product.CreatedAt (DateTime) Required, 2], [Property: Product.Description (string) Required MaxLength(500), 3], [Property: Product.IsDeleted (bool) Required, 4], [Property: Product.Name (string) Required MaxLength(100), 5], [Property: Product.Price (decimal) Required, 6], [Property: Product.Quantity (int) Required, 7], [Property: Product.SellerId (Guid) Required FK Index, 8], [Property: Product.UpdatedAt (DateTime) Required, 9], [Property: Product.UserId (no field, Guid?) Shadow FK Index, 10] }
            SELECT TOP(1) p.ProductId, p.Category, p.CreatedAt, p.Description, p.IsDeleted, p.Name, p.Price, p.Quantity, p.SellerId, p.UpdatedAt, p.UserId
            FROM Products AS p
            WHERE p.ProductId == @__get_Item_0), 
        null, 
        Func<QueryContext, DbDataReader, ResultContext, SingleQueryResultCoordinator, Product>, 
        Persistance.EcommerceDbContext, 
        False, 
        False, 
        True
    ), 
    cancellationToken: queryContext.CancellationToken)'
2024-08-29 14:25:46.565 +05:30  DBG  Creating DbConnection.
2024-08-29 14:25:46.565 +05:30  DBG  Created DbConnection. (0ms).
2024-08-29 14:25:46.566 +05:30  DBG  Opening connection to database 'Ecommerce' on server 'FGS-DSK-230\MSSQLSERVER2019'.
2024-08-29 14:25:46.567 +05:30  DBG  Opened connection to database 'Ecommerce' on server 'FGS-DSK-230\MSSQLSERVER2019'.
2024-08-29 14:25:46.568 +05:30  DBG  Creating DbCommand for 'ExecuteReader'.
2024-08-29 14:25:46.568 +05:30  DBG  Created DbCommand for 'ExecuteReader' (0ms).
2024-08-29 14:25:46.569 +05:30  DBG  Initialized DbCommand for 'ExecuteReader' (1ms).
2024-08-29 14:25:46.570 +05:30  DBG  Executing DbCommand [Parameters=[@__get_Item_0='?' (DbType = Guid)], CommandType='"Text"', CommandTimeout='30']
SELECT TOP(1) [p].[ProductId], [p].[Category], [p].[CreatedAt], [p].[Description], [p].[IsDeleted], [p].[Name], [p].[Price], [p].[Quantity], [p].[SellerId], [p].[UpdatedAt], [p].[UserId]
FROM [Products] AS [p]
WHERE [p].[ProductId] = @__get_Item_0
2024-08-29 14:25:46.574 +05:30  INF  Executed DbCommand (4ms) [Parameters=[@__get_Item_0='?' (DbType = Guid)], CommandType='"Text"', CommandTimeout='30']
SELECT TOP(1) [p].[ProductId], [p].[Category], [p].[CreatedAt], [p].[Description], [p].[IsDeleted], [p].[Name], [p].[Price], [p].[Quantity], [p].[SellerId], [p].[UpdatedAt], [p].[UserId]
FROM [Products] AS [p]
WHERE [p].[ProductId] = @__get_Item_0
2024-08-29 14:25:46.587 +05:30  DBG  Context 'EcommerceDbContext' started tracking 'Product' entity. Consider using 'DbContextOptionsBuilder.EnableSensitiveDataLogging' to see key values.
2024-08-29 14:25:46.604 +05:30  DBG  Closing data reader to 'Ecommerce' on server 'FGS-DSK-230\MSSQLSERVER2019'.
2024-08-29 14:25:46.605 +05:30  DBG  A data reader for 'Ecommerce' on server 'FGS-DSK-230\MSSQLSERVER2019' is being disposed after spending 29ms reading results.
2024-08-29 14:25:46.606 +05:30  DBG  Closing connection to database 'Ecommerce' on server 'FGS-DSK-230\MSSQLSERVER2019'.
2024-08-29 14:25:46.607 +05:30  DBG  Closed connection to database 'Ecommerce' on server 'FGS-DSK-230\MSSQLSERVER2019' (0ms).
2024-08-29 14:25:46.667 +05:30  DBG  Context 'EcommerceDbContext' started tracking 'Order' entity. Consider using 'DbContextOptionsBuilder.EnableSensitiveDataLogging' to see key values.
2024-08-29 14:25:46.686 +05:30  DBG  The navigation 'OrderItem.Order' was detected as changed. Consider using 'DbContextOptionsBuilder.EnableSensitiveDataLogging' to see key values.
2024-08-29 14:25:46.697 +05:30  DBG  The navigation 'OrderItem.Product' was detected as changed. Consider using 'DbContextOptionsBuilder.EnableSensitiveDataLogging' to see key values.
2024-08-29 14:25:46.700 +05:30  DBG  Context 'EcommerceDbContext' started tracking 'OrderItem' entity. Consider using 'DbContextOptionsBuilder.EnableSensitiveDataLogging' to see key values.
2024-08-29 14:25:46.714 +05:30  DBG  Creating DbCommand for 'ExecuteNonQuery'.
2024-08-29 14:25:46.715 +05:30  DBG  Created DbCommand for 'ExecuteNonQuery' (0ms).
2024-08-29 14:25:46.717 +05:30  DBG  Initialized DbCommand for 'ExecuteNonQuery' (2ms).
2024-08-29 14:25:46.718 +05:30  DBG  Opening connection to database 'Ecommerce' on server 'FGS-DSK-230\MSSQLSERVER2019'.
2024-08-29 14:25:46.719 +05:30  DBG  Opened connection to database 'Ecommerce' on server 'FGS-DSK-230\MSSQLSERVER2019'.
2024-08-29 14:25:46.720 +05:30  DBG  Executing DbCommand [Parameters=[@ProductId='?' (DbType = Guid), @Quantity='?' (DbType = Int32)], CommandType='"Text"', CommandTimeout='30']
EXEC ReduceProductQuantity @ProductId, @Quantity
2024-08-29 14:25:46.733 +05:30  INF  Executed DbCommand (13ms) [Parameters=[@ProductId='?' (DbType = Guid), @Quantity='?' (DbType = Int32)], CommandType='"Text"', CommandTimeout='30']
EXEC ReduceProductQuantity @ProductId, @Quantity
2024-08-29 14:25:46.736 +05:30  DBG  Closing connection to database 'Ecommerce' on server 'FGS-DSK-230\MSSQLSERVER2019'.
2024-08-29 14:25:46.737 +05:30  DBG  Closed connection to database 'Ecommerce' on server 'FGS-DSK-230\MSSQLSERVER2019' (0ms).
2024-08-29 14:25:46.740 +05:30  DBG  SaveChanges starting for 'EcommerceDbContext'.
2024-08-29 14:25:46.742 +05:30  DBG  DetectChanges starting for 'EcommerceDbContext'.
2024-08-29 14:25:46.773 +05:30  DBG  DetectChanges completed for 'EcommerceDbContext'.
2024-08-29 14:25:46.847 +05:30  DBG  Executing 2 update commands as a batch.
2024-08-29 14:25:46.851 +05:30  DBG  Opening connection to database 'Ecommerce' on server 'FGS-DSK-230\MSSQLSERVER2019'.
2024-08-29 14:25:46.854 +05:30  DBG  Opened connection to database 'Ecommerce' on server 'FGS-DSK-230\MSSQLSERVER2019'.
2024-08-29 14:25:46.861 +05:30  DBG  Beginning transaction with isolation level 'Unspecified'.
2024-08-29 14:25:46.869 +05:30  DBG  Began transaction with isolation level 'ReadCommitted'.
2024-08-29 14:25:46.873 +05:30  DBG  Creating DbCommand for 'ExecuteReader'.
2024-08-29 14:25:46.874 +05:30  DBG  Created DbCommand for 'ExecuteReader' (1ms).
2024-08-29 14:25:46.882 +05:30  DBG  Initialized DbCommand for 'ExecuteReader' (8ms).
2024-08-29 14:25:46.883 +05:30  DBG  Executing DbCommand [Parameters=[@p0='?' (DbType = Guid), @p1='?' (DbType = DateTime2), @p2='?' (DbType = Guid), @p3='?' (DbType = Date), @p4='?' (DbType = Boolean), @p5='?' (DbType = Boolean), @p6='?' (DbType = Boolean), @p7='?' (DbType = DateTime2), @p8='?' (Size = 50), @p9='?' (DbType = Guid), @p10='?' (DbType = Guid), @p11='?' (Size = 4000), @p12='?' (Precision = 18) (Scale = 2) (DbType = Decimal), @p13='?' (DbType = DateTime2), @p14='?' (DbType = Guid), @p15='?' (DbType = DateTime2), @p16='?' (DbType = Guid), @p17='?' (DbType = Guid), @p18='?' (DbType = Int32), @p19='?' (Precision = 8) (Scale = 2) (DbType = Decimal), @p20='?' (DbType = DateTime2)], CommandType='"Text"', CommandTimeout='30']
SET NOCOUNT ON;
INSERT INTO [Orders] ([OrderId], [CreatedAt], [CustomerId], [DeliveryDate], [IsCancelled], [IsDelivered], [IsPaid], [OrderDate], [OrderStatus], [PaymentId], [ReturnId], [ShippingAddress], [TotalAmount], [UpdatedAt])
VALUES (@p0, @p1, @p2, @p3, @p4, @p5, @p6, @p7, @p8, @p9, @p10, @p11, @p12, @p13);
INSERT INTO [OrderItems] ([OrderItemId], [CreatedAt], [OrderId], [ProductId], [Quantity], [UnitPrice], [UpdatedAt])
VALUES (@p14, @p15, @p16, @p17, @p18, @p19, @p20);
2024-08-29 14:25:46.898 +05:30  INF  Executed DbCommand (15ms) [Parameters=[@p0='?' (DbType = Guid), @p1='?' (DbType = DateTime2), @p2='?' (DbType = Guid), @p3='?' (DbType = Date), @p4='?' (DbType = Boolean), @p5='?' (DbType = Boolean), @p6='?' (DbType = Boolean), @p7='?' (DbType = DateTime2), @p8='?' (Size = 50), @p9='?' (DbType = Guid), @p10='?' (DbType = Guid), @p11='?' (Size = 4000), @p12='?' (Precision = 18) (Scale = 2) (DbType = Decimal), @p13='?' (DbType = DateTime2), @p14='?' (DbType = Guid), @p15='?' (DbType = DateTime2), @p16='?' (DbType = Guid), @p17='?' (DbType = Guid), @p18='?' (DbType = Int32), @p19='?' (Precision = 8) (Scale = 2) (DbType = Decimal), @p20='?' (DbType = DateTime2)], CommandType='"Text"', CommandTimeout='30']
SET NOCOUNT ON;
INSERT INTO [Orders] ([OrderId], [CreatedAt], [CustomerId], [DeliveryDate], [IsCancelled], [IsDelivered], [IsPaid], [OrderDate], [OrderStatus], [PaymentId], [ReturnId], [ShippingAddress], [TotalAmount], [UpdatedAt])
VALUES (@p0, @p1, @p2, @p3, @p4, @p5, @p6, @p7, @p8, @p9, @p10, @p11, @p12, @p13);
INSERT INTO [OrderItems] ([OrderItemId], [CreatedAt], [OrderId], [ProductId], [Quantity], [UnitPrice], [UpdatedAt])
VALUES (@p14, @p15, @p16, @p17, @p18, @p19, @p20);
2024-08-29 14:25:46.903 +05:30  DBG  Closing data reader to 'Ecommerce' on server 'FGS-DSK-230\MSSQLSERVER2019'.
2024-08-29 14:25:46.904 +05:30  DBG  A data reader for 'Ecommerce' on server 'FGS-DSK-230\MSSQLSERVER2019' is being disposed after spending 3ms reading results.
2024-08-29 14:25:46.911 +05:30  DBG  Committing transaction.
2024-08-29 14:25:46.915 +05:30  DBG  Committed transaction.
2024-08-29 14:25:46.917 +05:30  DBG  Closing connection to database 'Ecommerce' on server 'FGS-DSK-230\MSSQLSERVER2019'.
2024-08-29 14:25:46.918 +05:30  DBG  Closed connection to database 'Ecommerce' on server 'FGS-DSK-230\MSSQLSERVER2019' (0ms).
2024-08-29 14:25:46.920 +05:30  DBG  Disposing transaction.
2024-08-29 14:25:46.927 +05:30  DBG  An entity of type 'Order' tracked by 'EcommerceDbContext' changed state from '"Added"' to '"Unchanged"'. Consider using 'DbContextOptionsBuilder.EnableSensitiveDataLogging' to see key values.
2024-08-29 14:25:46.930 +05:30  DBG  An entity of type 'OrderItem' tracked by 'EcommerceDbContext' changed state from '"Added"' to '"Unchanged"'. Consider using 'DbContextOptionsBuilder.EnableSensitiveDataLogging' to see key values.
2024-08-29 14:25:46.933 +05:30  DBG  SaveChanges completed for 'EcommerceDbContext' with 2 entities written to the database.
2024-08-29 14:25:46.941 +05:30  INF  Executed action method Web.Ecommerce.Controllers.Customer.OrderController.PlaceOrder (Web.Ecommerce), returned result Microsoft.AspNetCore.Mvc.OkObjectResult in 489.4277ms.
2024-08-29 14:25:46.944 +05:30  VRB  Action Filter: Before executing OnActionExecuted on filter Microsoft.AspNetCore.Mvc.Infrastructure.ModelStateInvalidFilter.
2024-08-29 14:25:46.945 +05:30  VRB  Action Filter: After executing OnActionExecuted on filter Microsoft.AspNetCore.Mvc.Infrastructure.ModelStateInvalidFilter.
2024-08-29 14:25:46.947 +05:30  VRB  Action Filter: Before executing OnActionExecuted on filter Microsoft.AspNetCore.Mvc.ModelBinding.UnsupportedContentTypeFilter.
2024-08-29 14:25:46.948 +05:30  VRB  Action Filter: After executing OnActionExecuted on filter Microsoft.AspNetCore.Mvc.ModelBinding.UnsupportedContentTypeFilter.
2024-08-29 14:25:46.950 +05:30  VRB  Result Filter: Before executing OnResultExecuting on filter Microsoft.AspNetCore.Mvc.Infrastructure.ClientErrorResultFilter.
2024-08-29 14:25:46.951 +05:30  VRB  Result Filter: After executing OnResultExecuting on filter Microsoft.AspNetCore.Mvc.Infrastructure.ClientErrorResultFilter.
2024-08-29 14:25:46.953 +05:30  VRB  Before executing action result Microsoft.AspNetCore.Mvc.OkObjectResult.
2024-08-29 14:25:46.955 +05:30  DBG  List of registered output formatters, in the following order: ["Microsoft.AspNetCore.Mvc.Formatters.HttpNoContentOutputFormatter","Microsoft.AspNetCore.Mvc.Formatters.StringOutputFormatter","Microsoft.AspNetCore.Mvc.Formatters.StreamOutputFormatter","Microsoft.AspNetCore.Mvc.Formatters.SystemTextJsonOutputFormatter"]
2024-08-29 14:25:46.958 +05:30  DBG  No information found on request to perform content negotiation.
2024-08-29 14:25:46.959 +05:30  DBG  Attempting to select an output formatter without using a content type as no explicit content types were specified for the response.
2024-08-29 14:25:46.960 +05:30  DBG  Attempting to select the first formatter in the output formatters list which can write the result.
2024-08-29 14:25:46.962 +05:30  DBG  Selected output formatter 'Microsoft.AspNetCore.Mvc.Formatters.SystemTextJsonOutputFormatter' and content type 'application/json' to write the response.
2024-08-29 14:25:46.963 +05:30  INF  Executing OkObjectResult, writing value of type 'Application.Ecom.OrderOperations.Commands.PlaceOrder.PlaceOrderCommandResponse'.
2024-08-29 14:25:46.978 +05:30  VRB  Connection id "0HN6811B43E0T" sending "HEADERS" frame for stream ID 1 with length 74 and flags "END_HEADERS".
2024-08-29 14:25:46.979 +05:30  VRB  After executing action result Microsoft.AspNetCore.Mvc.OkObjectResult.
2024-08-29 14:25:46.981 +05:30  VRB  Connection id "0HN6811B43E0T" sending "DATA" frame for stream ID 1 with length 139 and flags "NONE".
2024-08-29 14:25:46.982 +05:30  VRB  Result Filter: Before executing OnResultExecuted on filter Microsoft.AspNetCore.Mvc.Infrastructure.ClientErrorResultFilter.
2024-08-29 14:25:46.984 +05:30  VRB  Result Filter: After executing OnResultExecuted on filter Microsoft.AspNetCore.Mvc.Infrastructure.ClientErrorResultFilter.
2024-08-29 14:25:46.988 +05:30  INF  Executed action Web.Ecommerce.Controllers.Customer.OrderController.PlaceOrder (Web.Ecommerce) in 634.9421ms
2024-08-29 14:25:46.989 +05:30  INF  Executed endpoint 'Web.Ecommerce.Controllers.Customer.OrderController.PlaceOrder (Web.Ecommerce)'
2024-08-29 14:25:46.991 +05:30  VRB  Connection id "0HN6811B43E0T" sending "DATA" frame for stream ID 1 with length 0 and flags "END_STREAM".
2024-08-29 14:25:46.992 +05:30  DBG  'EcommerceDbContext' disposed.
2024-08-29 14:25:46.996 +05:30  DBG  Disposing connection to database 'Ecommerce' on server 'FGS-DSK-230\MSSQLSERVER2019'.
2024-08-29 14:25:46.997 +05:30  DBG  Disposed connection to database '' on server '' (1ms).
2024-08-29 14:25:46.999 +05:30  INF  Request finished HTTP/2 POST https://localhost:7113/api/Order/Place Order - 200 null application/json; charset=utf-8 787.9871ms
2024-08-29 14:25:52.803 +05:30  DBG  Connection id "0HN6811B43E0T" received FIN.
2024-08-29 14:25:52.804 +05:30  DBG  Connection id "0HN6811B43E0T" is closed. The last processed stream ID was 1.
2024-08-29 14:25:52.804 +05:30  DBG  The connection queue processing loop for 0HN6811B43E0T completed.
2024-08-29 14:25:52.805 +05:30  DBG  Connection id "0HN6811B43E0T" sending FIN because: "The Socket transport's send loop completed gracefully."
2024-08-29 14:25:52.817 +05:30  DBG  Connection id "0HN6811B43E0T" stopped.
2024-08-29 14:27:29.639 +05:30  DBG  Registered model binder providers, in the following order: ["Microsoft.AspNetCore.Mvc.ModelBinding.Binders.BinderTypeModelBinderProvider","Microsoft.AspNetCore.Mvc.ModelBinding.Binders.ServicesModelBinderProvider","Microsoft.AspNetCore.Mvc.ModelBinding.Binders.BodyModelBinderProvider","Microsoft.AspNetCore.Mvc.ModelBinding.Binders.HeaderModelBinderProvider","Microsoft.AspNetCore.Mvc.ModelBinding.Binders.FloatingPointTypeModelBinderProvider","Microsoft.AspNetCore.Mvc.ModelBinding.Binders.EnumTypeModelBinderProvider","Microsoft.AspNetCore.Mvc.ModelBinding.Binders.DateTimeModelBinderProvider","Microsoft.AspNetCore.Mvc.ModelBinding.Binders.SimpleTypeModelBinderProvider","Microsoft.AspNetCore.Mvc.ModelBinding.Binders.TryParseModelBinderProvider","Microsoft.AspNetCore.Mvc.ModelBinding.Binders.CancellationTokenModelBinderProvider","Microsoft.AspNetCore.Mvc.ModelBinding.Binders.ByteArrayModelBinderProvider","Microsoft.AspNetCore.Mvc.ModelBinding.Binders.FormFileModelBinderProvider","Microsoft.AspNetCore.Mvc.ModelBinding.Binders.FormCollectionModelBinderProvider","Microsoft.AspNetCore.Mvc.ModelBinding.Binders.KeyValuePairModelBinderProvider","Microsoft.AspNetCore.Mvc.ModelBinding.Binders.DictionaryModelBinderProvider","Microsoft.AspNetCore.Mvc.ModelBinding.Binders.ArrayModelBinderProvider","Microsoft.AspNetCore.Mvc.ModelBinding.Binders.CollectionModelBinderProvider","Microsoft.AspNetCore.Mvc.ModelBinding.Binders.ComplexObjectModelBinderProvider"]
2024-08-29 14:27:29.844 +05:30  DBG  An 'IServiceProvider' was created for internal use by Entity Framework.
2024-08-29 14:27:29.933 +05:30  INF  User profile is available. Using 'C:\Users\arjun.hariprasad\AppData\Local\ASP.NET\DataProtection-Keys' as key repository and Windows DPAPI to encrypt keys at rest.
2024-08-29 14:27:30.238 +05:30  WRN  Navigations 'Order.Payments' and 'Payment.Order' were separated into two relationships since the [ForeignKey] attribute was specified on navigations on both sides.
2024-08-29 14:27:30.244 +05:30  WRN  Navigations 'Order.Return' and 'Return.Order' were separated into two relationships since the [ForeignKey] attribute was specified on navigations on both sides.
2024-08-29 14:27:30.248 +05:30  WRN  Navigations 'Payment.Return' and 'Return.Payment' were separated into two relationships since the [ForeignKey] attribute was specified on navigations on both sides.
2024-08-29 14:27:30.325 +05:30  WRN  Navigations 'Order.Payments' and 'Payment.Order' were separated into two relationships since the [ForeignKey] attribute was specified on navigations on both sides.
2024-08-29 14:27:30.329 +05:30  WRN  Navigations 'Payment.Order' and 'Order.Payments' were separated into two relationships since the [ForeignKey] attribute was specified on navigations on both sides.
2024-08-29 14:27:30.331 +05:30  WRN  Navigations 'Payment.Order' and 'Order.Payments' were separated into two relationships since the [ForeignKey] attribute was specified on navigations on both sides.
2024-08-29 14:27:30.332 +05:30  WRN  Navigations 'Payment.Order' and 'Order.Payments' were separated into two relationships since the [ForeignKey] attribute was specified on navigations on both sides.
2024-08-29 14:27:30.334 +05:30  WRN  Navigations 'Order.Return' and 'Return.Order' were separated into two relationships since the [ForeignKey] attribute was specified on navigations on both sides.
2024-08-29 14:27:30.337 +05:30  WRN  Navigations 'Return.Order' and 'Order.Return' were separated into two relationships since the [ForeignKey] attribute was specified on navigations on both sides.
2024-08-29 14:27:30.339 +05:30  WRN  Navigations 'Return.Order' and 'Order.Return' were separated into two relationships since the [ForeignKey] attribute was specified on navigations on both sides.
2024-08-29 14:27:30.341 +05:30  WRN  Navigations 'Return.Order' and 'Order.Return' were separated into two relationships since the [ForeignKey] attribute was specified on navigations on both sides.
2024-08-29 14:27:30.359 +05:30  DBG  The index {'UserId'} was not created on entity type 'IdentityUserRole<Guid>' as the properties are already covered by the index {'UserId', 'RoleId'}.
2024-08-29 14:27:30.361 +05:30  DBG  The index {'UserId'} was not created on entity type 'IdentityUserToken<Guid>' as the properties are already covered by the index {'UserId', 'LoginProvider', 'Name'}.
2024-08-29 14:27:30.477 +05:30  DBG  The property 'Product.UserId' was created in shadow state because there are no eligible CLR members with a matching name.
2024-08-29 14:27:30.602 +05:30  DBG  Entity Framework Core 8.0.8 initialized 'EcommerceDbContext' using provider 'Microsoft.EntityFrameworkCore.SqlServer:8.0.8' with options: None
2024-08-29 14:27:30.667 +05:30  DBG  Compiling query expression: 
'DbSet<IdentityRole<Guid>>()
    .FirstOrDefault(r => r.NormalizedName == __normalizedName_0)'
2024-08-29 14:27:30.804 +05:30  DBG  Generated query execution expression: 
'queryContext => ShapedQueryCompilingExpressionVisitor.SingleOrDefaultAsync<IdentityRole<Guid>>(
    asyncEnumerable: new SingleQueryingEnumerable<IdentityRole<Guid>>(
        (RelationalQueryContext)queryContext, 
        RelationalCommandCache.QueryExpression(
            Projection Mapping:
                EmptyProjectionMember -> Dictionary<IProperty, int> { [Property: IdentityRole<Guid>.Id (Guid) Required PK AfterSave:Throw ValueGenerated.OnAdd, 0], [Property: IdentityRole<Guid>.ConcurrencyStamp (string) Concurrency, 1], [Property: IdentityRole<Guid>.Name (string) MaxLength(256), 2], [Property: IdentityRole<Guid>.NormalizedName (string) Index MaxLength(256), 3] }
            SELECT TOP(1) a.Id, a.ConcurrencyStamp, a.Name, a.NormalizedName
            FROM AspNetRoles AS a
            WHERE a.NormalizedName == @__normalizedName_0), 
        null, 
        Func<QueryContext, DbDataReader, ResultContext, SingleQueryResultCoordinator, IdentityRole<Guid>>, 
        Persistance.EcommerceDbContext, 
        False, 
        False, 
        True
    ), 
    cancellationToken: queryContext.CancellationToken)'
2024-08-29 14:27:30.842 +05:30  DBG  Creating DbConnection.
2024-08-29 14:27:30.860 +05:30  DBG  Created DbConnection. (19ms).
2024-08-29 14:27:30.864 +05:30  DBG  Opening connection to database 'Ecommerce' on server 'FGS-DSK-230\MSSQLSERVER2019'.
2024-08-29 14:27:31.048 +05:30  DBG  Opened connection to database 'Ecommerce' on server 'FGS-DSK-230\MSSQLSERVER2019'.
2024-08-29 14:27:31.052 +05:30  DBG  Creating DbCommand for 'ExecuteReader'.
2024-08-29 14:27:31.057 +05:30  DBG  Created DbCommand for 'ExecuteReader' (3ms).
2024-08-29 14:27:31.064 +05:30  DBG  Initialized DbCommand for 'ExecuteReader' (13ms).
2024-08-29 14:27:31.072 +05:30  DBG  Executing DbCommand [Parameters=[@__normalizedName_0='?' (Size = 256)], CommandType='"Text"', CommandTimeout='30']
SELECT TOP(1) [a].[Id], [a].[ConcurrencyStamp], [a].[Name], [a].[NormalizedName]
FROM [AspNetRoles] AS [a]
WHERE [a].[NormalizedName] = @__normalizedName_0
2024-08-29 14:27:31.121 +05:30  INF  Executed DbCommand (48ms) [Parameters=[@__normalizedName_0='?' (Size = 256)], CommandType='"Text"', CommandTimeout='30']
SELECT TOP(1) [a].[Id], [a].[ConcurrencyStamp], [a].[Name], [a].[NormalizedName]
FROM [AspNetRoles] AS [a]
WHERE [a].[NormalizedName] = @__normalizedName_0
2024-08-29 14:27:31.157 +05:30  DBG  Context 'EcommerceDbContext' started tracking 'IdentityRole' entity. Consider using 'DbContextOptionsBuilder.EnableSensitiveDataLogging' to see key values.
2024-08-29 14:27:31.174 +05:30  DBG  Closing data reader to 'Ecommerce' on server 'FGS-DSK-230\MSSQLSERVER2019'.
2024-08-29 14:27:31.182 +05:30  DBG  A data reader for 'Ecommerce' on server 'FGS-DSK-230\MSSQLSERVER2019' is being disposed after spending 54ms reading results.
2024-08-29 14:27:31.186 +05:30  DBG  Closing connection to database 'Ecommerce' on server 'FGS-DSK-230\MSSQLSERVER2019'.
2024-08-29 14:27:31.192 +05:30  DBG  Closed connection to database 'Ecommerce' on server 'FGS-DSK-230\MSSQLSERVER2019' (5ms).
2024-08-29 14:27:31.196 +05:30  DBG  Opening connection to database 'Ecommerce' on server 'FGS-DSK-230\MSSQLSERVER2019'.
2024-08-29 14:27:31.198 +05:30  DBG  Opened connection to database 'Ecommerce' on server 'FGS-DSK-230\MSSQLSERVER2019'.
2024-08-29 14:27:31.199 +05:30  DBG  Creating DbCommand for 'ExecuteReader'.
2024-08-29 14:27:31.200 +05:30  DBG  Created DbCommand for 'ExecuteReader' (0ms).
2024-08-29 14:27:31.201 +05:30  DBG  Initialized DbCommand for 'ExecuteReader' (1ms).
2024-08-29 14:27:31.202 +05:30  DBG  Executing DbCommand [Parameters=[@__normalizedName_0='?' (Size = 256)], CommandType='"Text"', CommandTimeout='30']
SELECT TOP(1) [a].[Id], [a].[ConcurrencyStamp], [a].[Name], [a].[NormalizedName]
FROM [AspNetRoles] AS [a]
WHERE [a].[NormalizedName] = @__normalizedName_0
2024-08-29 14:27:31.211 +05:30  INF  Executed DbCommand (9ms) [Parameters=[@__normalizedName_0='?' (Size = 256)], CommandType='"Text"', CommandTimeout='30']
SELECT TOP(1) [a].[Id], [a].[ConcurrencyStamp], [a].[Name], [a].[NormalizedName]
FROM [AspNetRoles] AS [a]
WHERE [a].[NormalizedName] = @__normalizedName_0
2024-08-29 14:27:31.214 +05:30  DBG  Context 'EcommerceDbContext' started tracking 'IdentityRole' entity. Consider using 'DbContextOptionsBuilder.EnableSensitiveDataLogging' to see key values.
2024-08-29 14:27:31.215 +05:30  DBG  Closing data reader to 'Ecommerce' on server 'FGS-DSK-230\MSSQLSERVER2019'.
2024-08-29 14:27:31.216 +05:30  DBG  A data reader for 'Ecommerce' on server 'FGS-DSK-230\MSSQLSERVER2019' is being disposed after spending 2ms reading results.
2024-08-29 14:27:31.217 +05:30  DBG  Closing connection to database 'Ecommerce' on server 'FGS-DSK-230\MSSQLSERVER2019'.
2024-08-29 14:27:31.218 +05:30  DBG  Closed connection to database 'Ecommerce' on server 'FGS-DSK-230\MSSQLSERVER2019' (1ms).
2024-08-29 14:27:31.220 +05:30  DBG  Opening connection to database 'Ecommerce' on server 'FGS-DSK-230\MSSQLSERVER2019'.
2024-08-29 14:27:31.221 +05:30  DBG  Opened connection to database 'Ecommerce' on server 'FGS-DSK-230\MSSQLSERVER2019'.
2024-08-29 14:27:31.222 +05:30  DBG  Creating DbCommand for 'ExecuteReader'.
2024-08-29 14:27:31.223 +05:30  DBG  Created DbCommand for 'ExecuteReader' (0ms).
2024-08-29 14:27:31.224 +05:30  DBG  Initialized DbCommand for 'ExecuteReader' (1ms).
2024-08-29 14:27:31.225 +05:30  DBG  Executing DbCommand [Parameters=[@__normalizedName_0='?' (Size = 256)], CommandType='"Text"', CommandTimeout='30']
SELECT TOP(1) [a].[Id], [a].[ConcurrencyStamp], [a].[Name], [a].[NormalizedName]
FROM [AspNetRoles] AS [a]
WHERE [a].[NormalizedName] = @__normalizedName_0
2024-08-29 14:27:31.228 +05:30  INF  Executed DbCommand (4ms) [Parameters=[@__normalizedName_0='?' (Size = 256)], CommandType='"Text"', CommandTimeout='30']
SELECT TOP(1) [a].[Id], [a].[ConcurrencyStamp], [a].[Name], [a].[NormalizedName]
FROM [AspNetRoles] AS [a]
WHERE [a].[NormalizedName] = @__normalizedName_0
2024-08-29 14:27:31.231 +05:30  DBG  Context 'EcommerceDbContext' started tracking 'IdentityRole' entity. Consider using 'DbContextOptionsBuilder.EnableSensitiveDataLogging' to see key values.
2024-08-29 14:27:31.232 +05:30  DBG  Closing data reader to 'Ecommerce' on server 'FGS-DSK-230\MSSQLSERVER2019'.
2024-08-29 14:27:31.233 +05:30  DBG  A data reader for 'Ecommerce' on server 'FGS-DSK-230\MSSQLSERVER2019' is being disposed after spending 2ms reading results.
2024-08-29 14:27:31.234 +05:30  DBG  Closing connection to database 'Ecommerce' on server 'FGS-DSK-230\MSSQLSERVER2019'.
2024-08-29 14:27:31.235 +05:30  DBG  Closed connection to database 'Ecommerce' on server 'FGS-DSK-230\MSSQLSERVER2019' (0ms).
2024-08-29 14:27:31.241 +05:30  DBG  Compiling query expression: 
'DbSet<User>()
    .SingleOrDefault(u => u.NormalizedEmail == __normalizedEmail_0)'
2024-08-29 14:27:31.249 +05:30  DBG  Generated query execution expression: 
'queryContext => ShapedQueryCompilingExpressionVisitor.SingleOrDefaultAsync<User>(
    asyncEnumerable: new SingleQueryingEnumerable<User>(
        (RelationalQueryContext)queryContext, 
        RelationalCommandCache.QueryExpression(
            Projection Mapping:
                EmptyProjectionMember -> Dictionary<IProperty, int> { [Property: User.Id (Guid) Required PK AfterSave:Throw ValueGenerated.OnAdd, 0], [Property: User.AccessFailedCount (int) Required, 1], [Property: User.ConcurrencyStamp (string) Concurrency, 2], [Property: User.CreatedAt (DateTime) Required, 3], [Property: User.Email (string) MaxLength(256), 4], [Property: User.EmailConfirmed (bool) Required, 5], [Property: User.IsDeleted (bool) Required, 6], [Property: User.IsVerified (bool) Required, 7], [Property: User.LockoutEnabled (bool) Required, 8], [Property: User.LockoutEnd (DateTimeOffset?), 9], [Property: User.NormalizedEmail (string) Index MaxLength(256), 10], [Property: User.NormalizedUserName (string) Index MaxLength(256), 11], [Property: User.PasswordHash (string), 12], [Property: User.PhoneNumber (string), 13], [Property: User.PhoneNumberConfirmed (bool) Required, 14], [Property: User.SecurityStamp (string), 15], [Property: User.TwoFactorEnabled (bool) Required, 16], [Property: User.UpdatedAt (DateTime) Required, 17], [Property: User.UserName (string) MaxLength(256), 18] }
            SELECT TOP(2) a.Id, a.AccessFailedCount, a.ConcurrencyStamp, a.CreatedAt, a.Email, a.EmailConfirmed, a.IsDeleted, a.IsVerified, a.LockoutEnabled, a.LockoutEnd, a.NormalizedEmail, a.NormalizedUserName, a.PasswordHash, a.PhoneNumber, a.PhoneNumberConfirmed, a.SecurityStamp, a.TwoFactorEnabled, a.UpdatedAt, a.UserName
            FROM AspNetUsers AS a
            WHERE a.NormalizedEmail == @__normalizedEmail_0), 
        null, 
        Func<QueryContext, DbDataReader, ResultContext, SingleQueryResultCoordinator, User>, 
        Persistance.EcommerceDbContext, 
        False, 
        False, 
        True
    ), 
    cancellationToken: queryContext.CancellationToken)'
2024-08-29 14:27:31.255 +05:30  DBG  Opening connection to database 'Ecommerce' on server 'FGS-DSK-230\MSSQLSERVER2019'.
2024-08-29 14:27:31.256 +05:30  DBG  Opened connection to database 'Ecommerce' on server 'FGS-DSK-230\MSSQLSERVER2019'.
2024-08-29 14:27:31.257 +05:30  DBG  Creating DbCommand for 'ExecuteReader'.
2024-08-29 14:27:31.257 +05:30  DBG  Created DbCommand for 'ExecuteReader' (0ms).
2024-08-29 14:27:31.258 +05:30  DBG  Initialized DbCommand for 'ExecuteReader' (1ms).
2024-08-29 14:27:31.259 +05:30  DBG  Executing DbCommand [Parameters=[@__normalizedEmail_0='?' (Size = 256)], CommandType='"Text"', CommandTimeout='30']
SELECT TOP(2) [a].[Id], [a].[AccessFailedCount], [a].[ConcurrencyStamp], [a].[CreatedAt], [a].[Email], [a].[EmailConfirmed], [a].[IsDeleted], [a].[IsVerified], [a].[LockoutEnabled], [a].[LockoutEnd], [a].[NormalizedEmail], [a].[NormalizedUserName], [a].[PasswordHash], [a].[PhoneNumber], [a].[PhoneNumberConfirmed], [a].[SecurityStamp], [a].[TwoFactorEnabled], [a].[UpdatedAt], [a].[UserName]
FROM [AspNetUsers] AS [a]
WHERE [a].[NormalizedEmail] = @__normalizedEmail_0
2024-08-29 14:27:31.263 +05:30  INF  Executed DbCommand (4ms) [Parameters=[@__normalizedEmail_0='?' (Size = 256)], CommandType='"Text"', CommandTimeout='30']
SELECT TOP(2) [a].[Id], [a].[AccessFailedCount], [a].[ConcurrencyStamp], [a].[CreatedAt], [a].[Email], [a].[EmailConfirmed], [a].[IsDeleted], [a].[IsVerified], [a].[LockoutEnabled], [a].[LockoutEnd], [a].[NormalizedEmail], [a].[NormalizedUserName], [a].[PasswordHash], [a].[PhoneNumber], [a].[PhoneNumberConfirmed], [a].[SecurityStamp], [a].[TwoFactorEnabled], [a].[UpdatedAt], [a].[UserName]
FROM [AspNetUsers] AS [a]
WHERE [a].[NormalizedEmail] = @__normalizedEmail_0
2024-08-29 14:27:31.282 +05:30  DBG  Context 'EcommerceDbContext' started tracking 'User' entity. Consider using 'DbContextOptionsBuilder.EnableSensitiveDataLogging' to see key values.
2024-08-29 14:27:31.309 +05:30  DBG  Closing data reader to 'Ecommerce' on server 'FGS-DSK-230\MSSQLSERVER2019'.
2024-08-29 14:27:31.311 +05:30  DBG  A data reader for 'Ecommerce' on server 'FGS-DSK-230\MSSQLSERVER2019' is being disposed after spending 45ms reading results.
2024-08-29 14:27:31.312 +05:30  DBG  Closing connection to database 'Ecommerce' on server 'FGS-DSK-230\MSSQLSERVER2019'.
2024-08-29 14:27:31.313 +05:30  DBG  Closed connection to database 'Ecommerce' on server 'FGS-DSK-230\MSSQLSERVER2019' (0ms).
2024-08-29 14:27:31.316 +05:30  DBG  'EcommerceDbContext' disposed.
2024-08-29 14:27:31.318 +05:30  DBG  Disposing connection to database 'Ecommerce' on server 'FGS-DSK-230\MSSQLSERVER2019'.
2024-08-29 14:27:31.319 +05:30  DBG  Disposed connection to database '' on server '' (1ms).
2024-08-29 14:27:31.323 +05:30  DBG  Hosting starting
2024-08-29 14:27:31.329 +05:30  DBG  Reading data from file 'C:\Users\arjun.hariprasad\AppData\Local\ASP.NET\DataProtection-Keys\key-36f6fa2d-df91-4e24-9271-a530e4737995.xml'.
2024-08-29 14:27:31.336 +05:30  DBG  Found key {36f6fa2d-df91-4e24-9271-a530e4737995}.
2024-08-29 14:27:31.347 +05:30  DBG  Considering key {36f6fa2d-df91-4e24-9271-a530e4737995} with expiration date 2024-10-20 08:26:28Z as default key.
2024-08-29 14:27:31.351 +05:30  DBG  Forwarded activator type request from Microsoft.AspNetCore.DataProtection.XmlEncryption.DpapiXmlDecryptor, Microsoft.AspNetCore.DataProtection, Version=8.0.0.0, Culture=neutral, PublicKeyToken=adb9793829ddae60 to Microsoft.AspNetCore.DataProtection.XmlEncryption.DpapiXmlDecryptor, Microsoft.AspNetCore.DataProtection, Culture=neutral, PublicKeyToken=adb9793829ddae60
2024-08-29 14:27:31.354 +05:30  DBG  Decrypting secret element using Windows DPAPI.
2024-08-29 14:27:31.356 +05:30  DBG  Forwarded activator type request from Microsoft.AspNetCore.DataProtection.AuthenticatedEncryption.ConfigurationModel.AuthenticatedEncryptorDescriptorDeserializer, Microsoft.AspNetCore.DataProtection, Version=8.0.0.0, Culture=neutral, PublicKeyToken=adb9793829ddae60 to Microsoft.AspNetCore.DataProtection.AuthenticatedEncryption.ConfigurationModel.AuthenticatedEncryptorDescriptorDeserializer, Microsoft.AspNetCore.DataProtection, Culture=neutral, PublicKeyToken=adb9793829ddae60
2024-08-29 14:27:31.358 +05:30  DBG  Opening CNG algorithm 'AES' from provider 'null' with chaining mode CBC.
2024-08-29 14:27:31.362 +05:30  DBG  Opening CNG algorithm 'SHA256' from provider 'null' with HMAC.
2024-08-29 14:27:31.365 +05:30  DBG  Using key {36f6fa2d-df91-4e24-9271-a530e4737995} as the default key.
2024-08-29 14:27:31.367 +05:30  DBG  Key ring with default key {36f6fa2d-df91-4e24-9271-a530e4737995} was loaded during application startup.
2024-08-29 14:27:31.523 +05:30  INF  Now listening on: https://localhost:7113
2024-08-29 14:27:31.524 +05:30  INF  Now listening on: http://localhost:5081
2024-08-29 14:27:31.525 +05:30  DBG  Loaded hosting startup assembly Web.Ecommerce
2024-08-29 14:27:31.526 +05:30  DBG  Loaded hosting startup assembly Microsoft.AspNetCore.Watch.BrowserRefresh
2024-08-29 14:27:31.527 +05:30  DBG  Loaded hosting startup assembly Microsoft.WebTools.BrowserLink.Net
2024-08-29 14:27:31.529 +05:30  INF  Application started. Press Ctrl+C to shut down.
2024-08-29 14:27:31.529 +05:30  INF  Hosting environment: Development
2024-08-29 14:27:31.530 +05:30  INF  Content root path: C:\Users\arjun.hariprasad\source\.NET\Ecommerce\EcommerceSolution\CodeBase\Src\Presentation\Web.Ecommerce
2024-08-29 14:27:31.532 +05:30  DBG  Hosting started
2024-08-29 14:27:31.689 +05:30  DBG  Connection id "0HN6812F0VHFT" received FIN.
2024-08-29 14:27:31.689 +05:30  DBG  Connection id "0HN6812F0VHFU" received FIN.
2024-08-29 14:27:31.691 +05:30  DBG  Connection id "0HN6812F0VHFT" accepted.
2024-08-29 14:27:31.691 +05:30  DBG  Connection id "0HN6812F0VHFU" accepted.
2024-08-29 14:27:31.693 +05:30  DBG  Connection id "0HN6812F0VHFT" started.
2024-08-29 14:27:31.693 +05:30  DBG  Connection id "0HN6812F0VHFU" started.
2024-08-29 14:27:31.704 +05:30  DBG  Failed to authenticate HTTPS connection.System.IO.IOException: Received an unexpected EOF or 0 bytes from the transport stream.
   at System.Net.Security.SslStream.ReceiveHandshakeFrameAsync[TIOAdapter](CancellationToken cancellationToken)
   at System.Net.Security.SslStream.ForceAuthenticationAsync[TIOAdapter](Boolean receiveFirst, Byte[] reAuthenticationData, CancellationToken cancellationToken)
   at System.Net.Security.SslStream.ProcessAuthenticationWithTelemetryAsync(Boolean isAsync, CancellationToken cancellationToken)
   at Microsoft.AspNetCore.Server.Kestrel.Https.Internal.HttpsConnectionMiddleware.OnConnectionAsync(ConnectionContext context)

2024-08-29 14:27:31.704 +05:30  DBG  Failed to authenticate HTTPS connection.System.IO.IOException: Received an unexpected EOF or 0 bytes from the transport stream.
   at System.Net.Security.SslStream.ReceiveHandshakeFrameAsync[TIOAdapter](CancellationToken cancellationToken)
   at System.Net.Security.SslStream.ForceAuthenticationAsync[TIOAdapter](Boolean receiveFirst, Byte[] reAuthenticationData, CancellationToken cancellationToken)
   at System.Net.Security.SslStream.ProcessAuthenticationWithTelemetryAsync(Boolean isAsync, CancellationToken cancellationToken)
   at Microsoft.AspNetCore.Server.Kestrel.Https.Internal.HttpsConnectionMiddleware.OnConnectionAsync(ConnectionContext context)

2024-08-29 14:27:31.715 +05:30  DBG  Connection id "0HN6812F0VHFT" stopped.
2024-08-29 14:27:31.715 +05:30  DBG  Connection id "0HN6812F0VHFU" stopped.
2024-08-29 14:27:31.718 +05:30  DBG  Connection id "0HN6812F0VHFT" sending FIN because: "The Socket transport's send loop completed gracefully."
2024-08-29 14:27:31.718 +05:30  DBG  Connection id "0HN6812F0VHFU" sending FIN because: "The Socket transport's send loop completed gracefully."
2024-08-29 14:27:31.937 +05:30  DBG  Connection id "0HN6812F0VHFV" accepted.
2024-08-29 14:27:31.954 +05:30  DBG  Connection id "0HN6812F0VHFV" started.
2024-08-29 14:27:31.988 +05:30  DBG  Connection 0HN6812F0VHFV established using the following protocol: "Tls12"
2024-08-29 14:27:32.013 +05:30  VRB  Connection id "0HN6812F0VHFV" sending "SETTINGS" frame for stream ID 0 with length 24 and flags "NONE".
2024-08-29 14:27:32.017 +05:30  VRB  Connection id "0HN6812F0VHFV" sending "WINDOW_UPDATE" frame for stream ID 0 with length 4 and flags 0x0.
2024-08-29 14:27:32.020 +05:30  VRB  Connection id "0HN6812F0VHFV" received "SETTINGS" frame for stream ID 0 with length 24 and flags "NONE".
2024-08-29 14:27:32.022 +05:30  VRB  Connection id "0HN6812F0VHFV" sending "SETTINGS" frame for stream ID 0 with length 0 and flags "ACK".
2024-08-29 14:27:32.023 +05:30  VRB  Connection id "0HN6812F0VHFV" received "WINDOW_UPDATE" frame for stream ID 0 with length 4 and flags 0x0.
2024-08-29 14:27:32.025 +05:30  VRB  Connection id "0HN6812F0VHFV" received "HEADERS" frame for stream ID 1 with length 469 and flags "END_STREAM, END_HEADERS, PRIORITY".
2024-08-29 14:27:32.049 +05:30  VRB  Connection id "0HN6812F0VHFV" received "SETTINGS" frame for stream ID 0 with length 0 and flags "ACK".
2024-08-29 14:27:32.068 +05:30  INF  Request starting HTTP/2 GET https://localhost:7113/swagger/index.html - null null
2024-08-29 14:27:32.153 +05:30  DBG  Wildcard detected, all requests with hosts will be allowed.
2024-08-29 14:27:32.153 +05:30  VRB  All hosts are allowed.
2024-08-29 14:27:32.170 +05:30  DBG  No candidates found for the request path '/swagger/index.html'
2024-08-29 14:27:32.171 +05:30  DBG  Request did not match any endpoints
2024-08-29 14:27:32.263 +05:30  DBG  Response markup is scheduled to include Browser Link script injection.
2024-08-29 14:27:32.266 +05:30  DBG  Response markup is scheduled to include browser refresh script injection.
2024-08-29 14:27:32.269 +05:30  VRB  Connection id "0HN6812F0VHFV" sending "HEADERS" frame for stream ID 1 with length 66 and flags "END_HEADERS".
2024-08-29 14:27:32.272 +05:30  VRB  Connection id "0HN6812F0VHFV" sending "DATA" frame for stream ID 1 with length 698 and flags "NONE".
2024-08-29 14:27:32.272 +05:30  DBG  Response markup was updated to include Browser Link script injection.
2024-08-29 14:27:32.275 +05:30  VRB  Connection id "0HN6812F0VHFV" sending "DATA" frame for stream ID 1 with length 438 and flags "NONE".
2024-08-29 14:27:32.276 +05:30  DBG  Response markup was updated to include browser refresh script injection.
2024-08-29 14:27:32.287 +05:30  VRB  Connection id "0HN6812F0VHFV" sending "DATA" frame for stream ID 1 with length 0 and flags "END_STREAM".
2024-08-29 14:27:32.291 +05:30  INF  Request finished HTTP/2 GET https://localhost:7113/swagger/index.html - 200 null text/html;charset=utf-8 229.3083ms
2024-08-29 14:27:32.292 +05:30  VRB  Connection id "0HN6812F0VHFV" received "HEADERS" frame for stream ID 3 with length 115 and flags "END_STREAM, END_HEADERS, PRIORITY".
2024-08-29 14:27:32.323 +05:30  VRB  Connection id "0HN6812F0VHFV" received "HEADERS" frame for stream ID 5 with length 35 and flags "END_STREAM, END_HEADERS, PRIORITY".
2024-08-29 14:27:32.323 +05:30  INF  Request starting HTTP/2 GET https://localhost:7113/_framework/aspnetcore-browser-refresh.js - null null
2024-08-29 14:27:32.326 +05:30  VRB  Connection id "0HN6812F0VHFV" received "HEADERS" frame for stream ID 7 with length 57 and flags "END_STREAM, END_HEADERS, PRIORITY".
2024-08-29 14:27:32.326 +05:30  INF  Request starting HTTP/2 GET https://localhost:7113/swagger/index.js - null null
2024-08-29 14:27:32.332 +05:30  INF  Request starting HTTP/2 GET https://localhost:7113/_vs/browserLink - null null
2024-08-29 14:27:32.334 +05:30  VRB  All hosts are allowed.
2024-08-29 14:27:32.336 +05:30  VRB  Connection id "0HN6812F0VHFV" sending "HEADERS" frame for stream ID 3 with length 60 and flags "END_HEADERS".
2024-08-29 14:27:32.338 +05:30  VRB  Connection id "0HN6812F0VHFV" sending "DATA" frame for stream ID 3 with length 13762 and flags "NONE".
2024-08-29 14:27:32.339 +05:30  DBG  No candidates found for the request path '/swagger/index.js'
2024-08-29 14:27:32.347 +05:30  DBG  Request did not match any endpoints
2024-08-29 14:27:32.354 +05:30  VRB  Connection id "0HN6812F0VHFV" sending "DATA" frame for stream ID 3 with length 0 and flags "END_STREAM".
2024-08-29 14:27:32.354 +05:30  INF  Request finished HTTP/2 GET https://localhost:7113/_framework/aspnetcore-browser-refresh.js - 200 13762 application/javascript; charset=utf-8 31.129ms
2024-08-29 14:27:32.355 +05:30  INF  Request finished HTTP/2 GET https://localhost:7113/swagger/index.js - 200 null application/javascript;charset=utf-8 28.5841ms
2024-08-29 14:27:32.357 +05:30  VRB  Connection id "0HN6812F0VHFV" sending "HEADERS" frame for stream ID 5 with length 41 and flags "END_HEADERS".
2024-08-29 14:27:32.367 +05:30  VRB  Connection id "0HN6812F0VHFV" sending "DATA" frame for stream ID 5 with length 3005 and flags "END_STREAM".
2024-08-29 14:27:32.373 +05:30  VRB  Connection id "0HN6812F0VHFV" sending "HEADERS" frame for stream ID 7 with length 149 and flags "END_HEADERS".
2024-08-29 14:27:32.377 +05:30  VRB  Connection id "0HN6812F0VHFV" sending "DATA" frame for stream ID 7 with length 9986 and flags "NONE".
2024-08-29 14:27:32.382 +05:30  VRB  Connection id "0HN6812F0VHFV" sending "DATA" frame for stream ID 7 with length 10240 and flags "NONE".
2024-08-29 14:27:32.385 +05:30  VRB  Connection id "0HN6812F0VHFV" sending "DATA" frame for stream ID 7 with length 10240 and flags "NONE".
2024-08-29 14:27:32.387 +05:30  VRB  Connection id "0HN6812F0VHFV" sending "DATA" frame for stream ID 7 with length 10240 and flags "NONE".
2024-08-29 14:27:32.389 +05:30  VRB  Connection id "0HN6812F0VHFV" sending "DATA" frame for stream ID 7 with length 10240 and flags "NONE".
2024-08-29 14:27:32.391 +05:30  VRB  Connection id "0HN6812F0VHFV" sending "DATA" frame for stream ID 7 with length 10240 and flags "NONE".
2024-08-29 14:27:32.393 +05:30  VRB  Connection id "0HN6812F0VHFV" sending "DATA" frame for stream ID 7 with length 10240 and flags "NONE".
2024-08-29 14:27:32.395 +05:30  VRB  Connection id "0HN6812F0VHFV" sending "DATA" frame for stream ID 7 with length 10240 and flags "NONE".
2024-08-29 14:27:32.398 +05:30  VRB  Connection id "0HN6812F0VHFV" sending "DATA" frame for stream ID 7 with length 10240 and flags "NONE".
2024-08-29 14:27:32.401 +05:30  VRB  Connection id "0HN6812F0VHFV" sending "DATA" frame for stream ID 7 with length 10240 and flags "NONE".
2024-08-29 14:27:32.403 +05:30  VRB  Connection id "0HN6812F0VHFV" sending "DATA" frame for stream ID 7 with length 10240 and flags "NONE".
2024-08-29 14:27:32.405 +05:30  VRB  Connection id "0HN6812F0VHFV" sending "DATA" frame for stream ID 7 with length 10240 and flags "NONE".
2024-08-29 14:27:32.406 +05:30  VRB  Connection id "0HN6812F0VHFV" sending "DATA" frame for stream ID 7 with length 10240 and flags "NONE".
2024-08-29 14:27:32.409 +05:30  VRB  Connection id "0HN6812F0VHFV" sending "DATA" frame for stream ID 7 with length 10240 and flags "NONE".
2024-08-29 14:27:32.412 +05:30  VRB  Connection id "0HN6812F0VHFV" sending "DATA" frame for stream ID 7 with length 10240 and flags "NONE".
2024-08-29 14:27:32.416 +05:30  VRB  Connection id "0HN6812F0VHFV" sending "DATA" frame for stream ID 7 with length 160 and flags "NONE".
2024-08-29 14:27:32.417 +05:30  INF  Request finished HTTP/2 GET https://localhost:7113/_vs/browserLink - 200 null text/javascript; charset=UTF-8 86.0072ms
2024-08-29 14:27:32.418 +05:30  VRB  Connection id "0HN6812F0VHFV" sending "DATA" frame for stream ID 7 with length 0 and flags "END_STREAM".
2024-08-29 14:27:32.458 +05:30  VRB  Connection id "0HN6812F0VHFV" received "HEADERS" frame for stream ID 9 with length 74 and flags "END_STREAM, END_HEADERS, PRIORITY".
2024-08-29 14:27:32.460 +05:30  INF  Request starting HTTP/2 GET https://localhost:7113/swagger/v1/swagger.json - null null
2024-08-29 14:27:32.464 +05:30  VRB  All hosts are allowed.
2024-08-29 14:27:32.465 +05:30  DBG  No candidates found for the request path '/swagger/v1/swagger.json'
2024-08-29 14:27:32.466 +05:30  DBG  Request did not match any endpoints
2024-08-29 14:27:32.608 +05:30  VRB  Connection id "0HN6812F0VHFV" sending "HEADERS" frame for stream ID 9 with length 35 and flags "END_HEADERS".
2024-08-29 14:27:32.610 +05:30  VRB  Connection id "0HN6812F0VHFV" sending "DATA" frame for stream ID 9 with length 16384 and flags "NONE".
2024-08-29 14:27:32.612 +05:30  VRB  Connection id "0HN6812F0VHFV" sending "DATA" frame for stream ID 9 with length 6577 and flags "NONE".
2024-08-29 14:27:32.617 +05:30  VRB  Connection id "0HN6812F0VHFV" sending "DATA" frame for stream ID 9 with length 0 and flags "END_STREAM".
2024-08-29 14:27:32.617 +05:30  INF  Request finished HTTP/2 GET https://localhost:7113/swagger/v1/swagger.json - 200 null application/json;charset=utf-8 157.1813ms
2024-08-29 14:27:37.984 +05:30  DBG  Connection id "0HN6812F0VHFV" received FIN.
2024-08-29 14:27:37.989 +05:30  DBG  Connection id "0HN6812F0VHFV" is closed. The last processed stream ID was 9.
2024-08-29 14:27:37.990 +05:30  DBG  The connection queue processing loop for 0HN6812F0VHFV completed.
2024-08-29 14:27:37.991 +05:30  DBG  Connection id "0HN6812F0VHFV" sending FIN because: "The Socket transport's send loop completed gracefully."
2024-08-29 14:27:37.997 +05:30  DBG  Connection id "0HN6812F0VHFV" stopped.
2024-08-29 14:27:43.945 +05:30  DBG  Connection id "0HN6812F0VHG0" accepted.
2024-08-29 14:27:43.952 +05:30  DBG  Connection id "0HN6812F0VHG0" started.
2024-08-29 14:27:43.959 +05:30  DBG  Connection 0HN6812F0VHG0 established using the following protocol: "Tls12"
2024-08-29 14:27:43.962 +05:30  VRB  Connection id "0HN6812F0VHG0" sending "SETTINGS" frame for stream ID 0 with length 24 and flags "NONE".
2024-08-29 14:27:43.968 +05:30  VRB  Connection id "0HN6812F0VHG0" sending "WINDOW_UPDATE" frame for stream ID 0 with length 4 and flags 0x0.
2024-08-29 14:27:43.971 +05:30  VRB  Connection id "0HN6812F0VHG0" received "SETTINGS" frame for stream ID 0 with length 24 and flags "NONE".
2024-08-29 14:27:43.973 +05:30  VRB  Connection id "0HN6812F0VHG0" sending "SETTINGS" frame for stream ID 0 with length 0 and flags "ACK".
2024-08-29 14:27:43.975 +05:30  VRB  Connection id "0HN6812F0VHG0" received "WINDOW_UPDATE" frame for stream ID 0 with length 4 and flags 0x0.
2024-08-29 14:27:43.976 +05:30  VRB  Connection id "0HN6812F0VHG0" received "HEADERS" frame for stream ID 1 with length 411 and flags "END_HEADERS, PRIORITY".
2024-08-29 14:27:43.981 +05:30  VRB  Connection id "0HN6812F0VHG0" received "DATA" frame for stream ID 1 with length 204 and flags "END_STREAM".
2024-08-29 14:27:43.982 +05:30  INF  Request starting HTTP/2 POST https://localhost:7113/api/Order/Place Order - application/json 204
2024-08-29 14:27:43.984 +05:30  VRB  Connection id "0HN6812F0VHG0" received "SETTINGS" frame for stream ID 0 with length 0 and flags "ACK".
2024-08-29 14:27:43.985 +05:30  VRB  All hosts are allowed.
2024-08-29 14:27:43.991 +05:30  DBG  1 candidate(s) found for the request path '/api/Order/Place Order'
2024-08-29 14:27:43.993 +05:30  DBG  Endpoint 'Web.Ecommerce.Controllers.Customer.OrderController.PlaceOrder (Web.Ecommerce)' with route pattern 'api/Order/Place Order' is valid for the request path '/api/Order/Place Order'
2024-08-29 14:27:44.001 +05:30  DBG  Request matched endpoint 'Web.Ecommerce.Controllers.Customer.OrderController.PlaceOrder (Web.Ecommerce)'
2024-08-29 14:27:44.003 +05:30  VRB  The endpoint does not specify the IRequestSizeLimitMetadata.
2024-08-29 14:27:44.005 +05:30  DBG  Static files was skipped as the request already matched an endpoint.
2024-08-29 14:27:44.064 +05:30  DBG  AuthenticationScheme: Bearer was not authenticated.
2024-08-29 14:27:44.069 +05:30  DBG  AuthenticationScheme: Bearer was not authenticated.
2024-08-29 14:27:44.071 +05:30  INF  Executing endpoint 'Web.Ecommerce.Controllers.Customer.OrderController.PlaceOrder (Web.Ecommerce)'
2024-08-29 14:27:44.090 +05:30  INF  Route matched with {action = "PlaceOrder", controller = "Order"}. Executing controller action with signature System.Threading.Tasks.Task`1[Microsoft.AspNetCore.Mvc.IActionResult] PlaceOrder(Application.Ecom.OrderOperations.Commands.PlaceOrder.PlaceOrderCommand) on controller Web.Ecommerce.Controllers.Customer.OrderController (Web.Ecommerce).
2024-08-29 14:27:44.094 +05:30  DBG  Execution plan of authorization filters (in the following order): ["None"]
2024-08-29 14:27:44.096 +05:30  DBG  Execution plan of resource filters (in the following order): ["None"]
2024-08-29 14:27:44.098 +05:30  DBG  Execution plan of action filters (in the following order): ["Microsoft.AspNetCore.Mvc.ModelBinding.UnsupportedContentTypeFilter (Order: -3000)","Microsoft.AspNetCore.Mvc.Infrastructure.ModelStateInvalidFilter (Order: -2000)"]
2024-08-29 14:27:44.100 +05:30  DBG  Execution plan of exception filters (in the following order): ["None"]
2024-08-29 14:27:44.101 +05:30  DBG  Execution plan of result filters (in the following order): ["Microsoft.AspNetCore.Mvc.Infrastructure.ClientErrorResultFilter (Order: -2000)"]
2024-08-29 14:27:44.104 +05:30  DBG  Executing controller factory for controller Web.Ecommerce.Controllers.Customer.OrderController (Web.Ecommerce)
2024-08-29 14:27:44.106 +05:30  DBG  Executed controller factory for controller Web.Ecommerce.Controllers.Customer.OrderController (Web.Ecommerce)
2024-08-29 14:27:44.117 +05:30  DBG  Attempting to bind parameter 'command' of type 'Application.Ecom.OrderOperations.Commands.PlaceOrder.PlaceOrderCommand' ...
2024-08-29 14:27:44.121 +05:30  DBG  Attempting to bind parameter 'command' of type 'Application.Ecom.OrderOperations.Commands.PlaceOrder.PlaceOrderCommand' using the name '' in request data ...
2024-08-29 14:27:44.124 +05:30  DBG  Selected input formatter 'Microsoft.AspNetCore.Mvc.Formatters.SystemTextJsonInputFormatter' for content type 'application/json'.
2024-08-29 14:27:44.155 +05:30  DBG  Connection id "0HN6812F0VHG0", Request id "0HN6812F0VHG0:00000001": started reading request body.
2024-08-29 14:27:44.156 +05:30  DBG  Connection id "0HN6812F0VHG0", Request id "0HN6812F0VHG0:00000001": done reading request body.
2024-08-29 14:27:44.170 +05:30  DBG  JSON input formatter succeeded, deserializing to type 'Application.Ecom.OrderOperations.Commands.PlaceOrder.PlaceOrderCommand'
2024-08-29 14:27:44.172 +05:30  DBG  Done attempting to bind parameter 'command' of type 'Application.Ecom.OrderOperations.Commands.PlaceOrder.PlaceOrderCommand'.
2024-08-29 14:27:44.173 +05:30  DBG  Done attempting to bind parameter 'command' of type 'Application.Ecom.OrderOperations.Commands.PlaceOrder.PlaceOrderCommand'.
2024-08-29 14:27:44.174 +05:30  DBG  Attempting to validate the bound parameter 'command' of type 'Application.Ecom.OrderOperations.Commands.PlaceOrder.PlaceOrderCommand' ...
2024-08-29 14:27:44.193 +05:30  DBG  Done attempting to validate the bound parameter 'command' of type 'Application.Ecom.OrderOperations.Commands.PlaceOrder.PlaceOrderCommand'.
2024-08-29 14:27:44.198 +05:30  VRB  Action Filter: Before executing OnActionExecuting on filter Microsoft.AspNetCore.Mvc.ModelBinding.UnsupportedContentTypeFilter.
2024-08-29 14:27:44.201 +05:30  VRB  Action Filter: After executing OnActionExecuting on filter Microsoft.AspNetCore.Mvc.ModelBinding.UnsupportedContentTypeFilter.
2024-08-29 14:27:44.202 +05:30  VRB  Action Filter: Before executing OnActionExecuting on filter Microsoft.AspNetCore.Mvc.Infrastructure.ModelStateInvalidFilter.
2024-08-29 14:27:44.204 +05:30  DBG  The request has model state errors, returning an error response.
2024-08-29 14:27:44.206 +05:30  VRB  Action Filter: After executing OnActionExecuting on filter Microsoft.AspNetCore.Mvc.Infrastructure.ModelStateInvalidFilter.
2024-08-29 14:27:44.207 +05:30  DBG  Request was short circuited at action filter 'Microsoft.AspNetCore.Mvc.Infrastructure.ModelStateInvalidFilter'.
2024-08-29 14:27:44.208 +05:30  VRB  Action Filter: Before executing OnActionExecuted on filter Microsoft.AspNetCore.Mvc.ModelBinding.UnsupportedContentTypeFilter.
2024-08-29 14:27:44.210 +05:30  VRB  Action Filter: After executing OnActionExecuted on filter Microsoft.AspNetCore.Mvc.ModelBinding.UnsupportedContentTypeFilter.
2024-08-29 14:27:44.212 +05:30  VRB  Result Filter: Before executing OnResultExecuting on filter Microsoft.AspNetCore.Mvc.Infrastructure.ClientErrorResultFilter.
2024-08-29 14:27:44.215 +05:30  VRB  Result Filter: After executing OnResultExecuting on filter Microsoft.AspNetCore.Mvc.Infrastructure.ClientErrorResultFilter.
2024-08-29 14:27:44.218 +05:30  VRB  Before executing action result Microsoft.AspNetCore.Mvc.BadRequestObjectResult.
2024-08-29 14:27:44.220 +05:30  DBG  List of registered output formatters, in the following order: ["Microsoft.AspNetCore.Mvc.Formatters.HttpNoContentOutputFormatter","Microsoft.AspNetCore.Mvc.Formatters.StringOutputFormatter","Microsoft.AspNetCore.Mvc.Formatters.StreamOutputFormatter","Microsoft.AspNetCore.Mvc.Formatters.SystemTextJsonOutputFormatter"]
2024-08-29 14:27:44.223 +05:30  DBG  No information found on request to perform content negotiation.
2024-08-29 14:27:44.224 +05:30  DBG  Attempting to select the first output formatter in the output formatters list which supports a content type from the explicitly specified content types '["application/problem+json","application/problem+xml","application/problem+json","application/problem+xml"]'.
2024-08-29 14:27:44.227 +05:30  DBG  Selected output formatter 'Microsoft.AspNetCore.Mvc.Formatters.SystemTextJsonOutputFormatter' and content type 'application/problem+json' to write the response.
2024-08-29 14:27:44.230 +05:30  INF  Executing BadRequestObjectResult, writing value of type 'Microsoft.AspNetCore.Mvc.ValidationProblemDetails'.
2024-08-29 14:27:44.270 +05:30  VRB  Connection id "0HN6812F0VHG0" sending "HEADERS" frame for stream ID 1 with length 82 and flags "END_HEADERS".
2024-08-29 14:27:44.270 +05:30  VRB  After executing action result Microsoft.AspNetCore.Mvc.BadRequestObjectResult.
2024-08-29 14:27:44.272 +05:30  VRB  Connection id "0HN6812F0VHG0" sending "DATA" frame for stream ID 1 with length 280 and flags "NONE".
2024-08-29 14:27:44.272 +05:30  VRB  Result Filter: Before executing OnResultExecuted on filter Microsoft.AspNetCore.Mvc.Infrastructure.ClientErrorResultFilter.
2024-08-29 14:27:44.275 +05:30  VRB  Result Filter: After executing OnResultExecuted on filter Microsoft.AspNetCore.Mvc.Infrastructure.ClientErrorResultFilter.
2024-08-29 14:27:44.282 +05:30  INF  Executed action Web.Ecommerce.Controllers.Customer.OrderController.PlaceOrder (Web.Ecommerce) in 174.2873ms
2024-08-29 14:27:44.283 +05:30  INF  Executed endpoint 'Web.Ecommerce.Controllers.Customer.OrderController.PlaceOrder (Web.Ecommerce)'
2024-08-29 14:27:44.284 +05:30  VRB  Connection id "0HN6812F0VHG0" sending "DATA" frame for stream ID 1 with length 0 and flags "END_STREAM".
2024-08-29 14:27:44.284 +05:30  INF  Request finished HTTP/2 POST https://localhost:7113/api/Order/Place Order - 400 null application/problem+json; charset=utf-8 303.1745ms
2024-08-29 14:27:47.993 +05:30  DBG  Connection id "0HN6812F0VHG0" received FIN.
2024-08-29 14:27:47.995 +05:30  DBG  Connection id "0HN6812F0VHG0" is closed. The last processed stream ID was 1.
2024-08-29 14:27:47.995 +05:30  DBG  The connection queue processing loop for 0HN6812F0VHG0 completed.
2024-08-29 14:27:47.996 +05:30  DBG  Connection id "0HN6812F0VHG0" sending FIN because: "The Socket transport's send loop completed gracefully."
2024-08-29 14:27:48.008 +05:30  DBG  Connection id "0HN6812F0VHG0" stopped.
