2024-08-13 10:23:34.533 +05:30  INF  User profile is available. Using 'C:\Users\arjun.hariprasad\AppData\Local\ASP.NET\DataProtection-Keys' as key repository and Windows DPAPI to encrypt keys at rest.
2024-08-13 10:23:35.252 +05:30  INF  Now listening on: https://localhost:7113
2024-08-13 10:23:35.253 +05:30  INF  Now listening on: http://localhost:5081
2024-08-13 10:23:35.256 +05:30  INF  Application started. Press Ctrl+C to shut down.
2024-08-13 10:23:35.257 +05:30  INF  Hosting environment: Development
2024-08-13 10:23:35.258 +05:30  INF  Content root path: C:\Users\arjun.hariprasad\source\.NET\Ecommerce\EcommerceSolution\CodeBase\Src\Presentation\Web.Ecommerce
2024-08-13 10:23:36.305 +05:30  INF  Request starting HTTP/2 GET https://localhost:7113/swagger/index.html - null null
2024-08-13 10:23:36.797 +05:30  INF  Request finished HTTP/2 GET https://localhost:7113/swagger/index.html - 200 null text/html;charset=utf-8 498.6651ms
2024-08-13 10:23:36.809 +05:30  INF  Request starting HTTP/2 GET https://localhost:7113/swagger/index.js - null null
2024-08-13 10:23:36.809 +05:30  INF  Request starting HTTP/2 GET https://localhost:7113/_vs/browserLink - null null
2024-08-13 10:23:36.809 +05:30  INF  Request starting HTTP/2 GET https://localhost:7113/_framework/aspnetcore-browser-refresh.js - null null
2024-08-13 10:23:36.853 +05:30  INF  Request finished HTTP/2 GET https://localhost:7113/swagger/index.js - 200 null application/javascript;charset=utf-8 44.2563ms
2024-08-13 10:23:36.876 +05:30  INF  Request finished HTTP/2 GET https://localhost:7113/_framework/aspnetcore-browser-refresh.js - 200 13762 application/javascript; charset=utf-8 67.8687ms
2024-08-13 10:23:36.926 +05:30  INF  Request finished HTTP/2 GET https://localhost:7113/_vs/browserLink - 200 null text/javascript; charset=UTF-8 117.5847ms
2024-08-13 10:23:36.977 +05:30  INF  Request starting HTTP/2 GET https://localhost:7113/swagger/v1/swagger.json - null null
2024-08-13 10:23:37.137 +05:30  INF  Request finished HTTP/2 GET https://localhost:7113/swagger/v1/swagger.json - 200 null application/json;charset=utf-8 160.1698ms
2024-08-13 10:26:07.906 +05:30  INF  Executed DbCommand (15ms) [Parameters=[], CommandType='"Text"', CommandTimeout='30']
SELECT 1
2024-08-13 10:26:07.968 +05:30  INF  Executed DbCommand (21ms) [Parameters=[], CommandType='"Text"', CommandTimeout='30']
SELECT OBJECT_ID(N'[__EFMigrationsHistory]');
2024-08-13 10:26:07.970 +05:30  INF  Executed DbCommand (1ms) [Parameters=[], CommandType='"Text"', CommandTimeout='30']
SELECT 1
2024-08-13 10:26:07.971 +05:30  INF  Executed DbCommand (0ms) [Parameters=[], CommandType='"Text"', CommandTimeout='30']
SELECT OBJECT_ID(N'[__EFMigrationsHistory]');
2024-08-13 10:26:08.017 +05:30  INF  Executed DbCommand (38ms) [Parameters=[], CommandType='"Text"', CommandTimeout='30']
SELECT [MigrationId], [ProductVersion]
FROM [__EFMigrationsHistory]
ORDER BY [MigrationId];
2024-08-13 10:26:08.027 +05:30  INF  Applying migration '20240813045548_new'.
2024-08-13 10:26:08.579 +05:30  INF  Executed DbCommand (509ms) [Parameters=[], CommandType='"Text"', CommandTimeout='30']
DECLARE @var0 sysname;
SELECT @var0 = [d].[name]
FROM [sys].[default_constraints] [d]
INNER JOIN [sys].[columns] [c] ON [d].[parent_column_id] = [c].[column_id] AND [d].[parent_object_id] = [c].[object_id]
WHERE ([d].[parent_object_id] = OBJECT_ID(N'[AspNetUsers]') AND [c].[name] = N'VerificationCode');
IF @var0 IS NOT NULL EXEC(N'ALTER TABLE [AspNetUsers] DROP CONSTRAINT [' + @var0 + '];');
ALTER TABLE [AspNetUsers] DROP COLUMN [VerificationCode];
2024-08-13 10:26:08.587 +05:30  INF  Executed DbCommand (7ms) [Parameters=[], CommandType='"Text"', CommandTimeout='30']
INSERT INTO [__EFMigrationsHistory] ([MigrationId], [ProductVersion])
VALUES (N'20240813045548_new', N'8.0.7');
2024-08-13 10:42:37.884 +05:30  INF  User profile is available. Using 'C:\Users\arjun.hariprasad\AppData\Local\ASP.NET\DataProtection-Keys' as key repository and Windows DPAPI to encrypt keys at rest.
2024-08-13 10:42:39.616 +05:30  INF  Executed DbCommand (73ms) [Parameters=[@__normalizedName_0='?' (Size = 256)], CommandType='"Text"', CommandTimeout='30']
SELECT TOP(1) [a].[Id], [a].[ConcurrencyStamp], [a].[Name], [a].[NormalizedName]
FROM [AspNetRoles] AS [a]
WHERE [a].[NormalizedName] = @__normalizedName_0
2024-08-13 10:42:39.650 +05:30  INF  Executed DbCommand (2ms) [Parameters=[@__normalizedName_0='?' (Size = 256)], CommandType='"Text"', CommandTimeout='30']
SELECT TOP(1) [a].[Id], [a].[ConcurrencyStamp], [a].[Name], [a].[NormalizedName]
FROM [AspNetRoles] AS [a]
WHERE [a].[NormalizedName] = @__normalizedName_0
2024-08-13 10:42:39.844 +05:30  INF  Executed DbCommand (59ms) [Parameters=[@p0='?' (DbType = Guid), @p1='?' (Size = 4000), @p2='?' (Size = 256), @p3='?' (Size = 256)], CommandType='"Text"', CommandTimeout='30']
SET IMPLICIT_TRANSACTIONS OFF;
SET NOCOUNT ON;
INSERT INTO [AspNetRoles] ([Id], [ConcurrencyStamp], [Name], [NormalizedName])
VALUES (@p0, @p1, @p2, @p3);
2024-08-13 10:42:39.865 +05:30  INF  Executed DbCommand (12ms) [Parameters=[@__normalizedName_0='?' (Size = 256)], CommandType='"Text"', CommandTimeout='30']
SELECT TOP(1) [a].[Id], [a].[ConcurrencyStamp], [a].[Name], [a].[NormalizedName]
FROM [AspNetRoles] AS [a]
WHERE [a].[NormalizedName] = @__normalizedName_0
2024-08-13 10:42:39.868 +05:30  INF  Executed DbCommand (1ms) [Parameters=[@__normalizedName_0='?' (Size = 256)], CommandType='"Text"', CommandTimeout='30']
SELECT TOP(1) [a].[Id], [a].[ConcurrencyStamp], [a].[Name], [a].[NormalizedName]
FROM [AspNetRoles] AS [a]
WHERE [a].[NormalizedName] = @__normalizedName_0
2024-08-13 10:42:39.873 +05:30  INF  Executed DbCommand (1ms) [Parameters=[@p0='?' (DbType = Guid), @p1='?' (Size = 4000), @p2='?' (Size = 256), @p3='?' (Size = 256)], CommandType='"Text"', CommandTimeout='30']
SET IMPLICIT_TRANSACTIONS OFF;
SET NOCOUNT ON;
INSERT INTO [AspNetRoles] ([Id], [ConcurrencyStamp], [Name], [NormalizedName])
VALUES (@p0, @p1, @p2, @p3);
2024-08-13 10:42:39.876 +05:30  INF  Executed DbCommand (0ms) [Parameters=[@__normalizedName_0='?' (Size = 256)], CommandType='"Text"', CommandTimeout='30']
SELECT TOP(1) [a].[Id], [a].[ConcurrencyStamp], [a].[Name], [a].[NormalizedName]
FROM [AspNetRoles] AS [a]
WHERE [a].[NormalizedName] = @__normalizedName_0
2024-08-13 10:42:39.879 +05:30  INF  Executed DbCommand (1ms) [Parameters=[@__normalizedName_0='?' (Size = 256)], CommandType='"Text"', CommandTimeout='30']
SELECT TOP(1) [a].[Id], [a].[ConcurrencyStamp], [a].[Name], [a].[NormalizedName]
FROM [AspNetRoles] AS [a]
WHERE [a].[NormalizedName] = @__normalizedName_0
2024-08-13 10:42:39.881 +05:30  INF  Executed DbCommand (1ms) [Parameters=[@p0='?' (DbType = Guid), @p1='?' (Size = 4000), @p2='?' (Size = 256), @p3='?' (Size = 256)], CommandType='"Text"', CommandTimeout='30']
SET IMPLICIT_TRANSACTIONS OFF;
SET NOCOUNT ON;
INSERT INTO [AspNetRoles] ([Id], [ConcurrencyStamp], [Name], [NormalizedName])
VALUES (@p0, @p1, @p2, @p3);
2024-08-13 10:42:39.900 +05:30  INF  Executed DbCommand (6ms) [Parameters=[@__normalizedEmail_0='?' (Size = 256)], CommandType='"Text"', CommandTimeout='30']
SELECT TOP(2) [a].[Id], [a].[AccessFailedCount], [a].[ConcurrencyStamp], [a].[CreatedAt], [a].[Email], [a].[EmailConfirmed], [a].[IsDeleted], [a].[IsVerified], [a].[LockoutEnabled], [a].[LockoutEnd], [a].[NormalizedEmail], [a].[NormalizedUserName], [a].[PasswordHash], [a].[PhoneNumber], [a].[PhoneNumberConfirmed], [a].[SecurityStamp], [a].[TwoFactorEnabled], [a].[UpdatedAt], [a].[UserName]
FROM [AspNetUsers] AS [a]
WHERE [a].[NormalizedEmail] = @__normalizedEmail_0
2024-08-13 10:42:40.042 +05:30  INF  Executed DbCommand (3ms) [Parameters=[@__normalizedUserName_0='?' (Size = 256)], CommandType='"Text"', CommandTimeout='30']
SELECT TOP(1) [a].[Id], [a].[AccessFailedCount], [a].[ConcurrencyStamp], [a].[CreatedAt], [a].[Email], [a].[EmailConfirmed], [a].[IsDeleted], [a].[IsVerified], [a].[LockoutEnabled], [a].[LockoutEnd], [a].[NormalizedEmail], [a].[NormalizedUserName], [a].[PasswordHash], [a].[PhoneNumber], [a].[PhoneNumberConfirmed], [a].[SecurityStamp], [a].[TwoFactorEnabled], [a].[UpdatedAt], [a].[UserName]
FROM [AspNetUsers] AS [a]
WHERE [a].[NormalizedUserName] = @__normalizedUserName_0
2024-08-13 10:42:40.053 +05:30  INF  Executed DbCommand (2ms) [Parameters=[@__normalizedEmail_0='?' (Size = 256)], CommandType='"Text"', CommandTimeout='30']
SELECT TOP(2) [a].[Id], [a].[AccessFailedCount], [a].[ConcurrencyStamp], [a].[CreatedAt], [a].[Email], [a].[EmailConfirmed], [a].[IsDeleted], [a].[IsVerified], [a].[LockoutEnabled], [a].[LockoutEnd], [a].[NormalizedEmail], [a].[NormalizedUserName], [a].[PasswordHash], [a].[PhoneNumber], [a].[PhoneNumberConfirmed], [a].[SecurityStamp], [a].[TwoFactorEnabled], [a].[UpdatedAt], [a].[UserName]
FROM [AspNetUsers] AS [a]
WHERE [a].[NormalizedEmail] = @__normalizedEmail_0
2024-08-13 10:42:40.223 +05:30  INF  Executed DbCommand (107ms) [Parameters=[@p0='?' (DbType = Guid), @p1='?' (DbType = Int32), @p2='?' (Size = 4000), @p3='?' (DbType = DateTime2), @p4='?' (Size = 256), @p5='?' (DbType = Boolean), @p6='?' (DbType = Boolean), @p7='?' (DbType = Boolean), @p8='?' (DbType = Boolean), @p9='?' (DbType = DateTimeOffset), @p10='?' (Size = 256), @p11='?' (Size = 256), @p12='?' (Size = 4000), @p13='?' (Size = 4000), @p14='?' (DbType = Boolean), @p15='?' (Size = 4000), @p16='?' (DbType = Boolean), @p17='?' (DbType = DateTime2), @p18='?' (Size = 256)], CommandType='"Text"', CommandTimeout='30']
SET IMPLICIT_TRANSACTIONS OFF;
SET NOCOUNT ON;
INSERT INTO [AspNetUsers] ([Id], [AccessFailedCount], [ConcurrencyStamp], [CreatedAt], [Email], [EmailConfirmed], [IsDeleted], [IsVerified], [LockoutEnabled], [LockoutEnd], [NormalizedEmail], [NormalizedUserName], [PasswordHash], [PhoneNumber], [PhoneNumberConfirmed], [SecurityStamp], [TwoFactorEnabled], [UpdatedAt], [UserName])
VALUES (@p0, @p1, @p2, @p3, @p4, @p5, @p6, @p7, @p8, @p9, @p10, @p11, @p12, @p13, @p14, @p15, @p16, @p17, @p18);
2024-08-13 10:42:40.240 +05:30  INF  Executed DbCommand (3ms) [Parameters=[@__normalizedRoleName_0='?' (Size = 256)], CommandType='"Text"', CommandTimeout='30']
SELECT TOP(2) [a].[Id], [a].[ConcurrencyStamp], [a].[Name], [a].[NormalizedName]
FROM [AspNetRoles] AS [a]
WHERE [a].[NormalizedName] = @__normalizedRoleName_0
2024-08-13 10:42:40.324 +05:30  INF  Executed DbCommand (8ms) [Parameters=[@__get_Item_0='?' (DbType = Guid), @__get_Item_1='?' (DbType = Guid)], CommandType='"Text"', CommandTimeout='30']
SELECT TOP(1) [a].[UserId], [a].[RoleId]
FROM [AspNetUserRoles] AS [a]
WHERE [a].[UserId] = @__get_Item_0 AND [a].[RoleId] = @__get_Item_1
2024-08-13 10:42:40.337 +05:30  INF  Executed DbCommand (2ms) [Parameters=[@__normalizedRoleName_0='?' (Size = 256)], CommandType='"Text"', CommandTimeout='30']
SELECT TOP(2) [a].[Id], [a].[ConcurrencyStamp], [a].[Name], [a].[NormalizedName]
FROM [AspNetRoles] AS [a]
WHERE [a].[NormalizedName] = @__normalizedRoleName_0
2024-08-13 10:42:40.377 +05:30  INF  Executed DbCommand (5ms) [Parameters=[@__normalizedUserName_0='?' (Size = 256)], CommandType='"Text"', CommandTimeout='30']
SELECT TOP(1) [a].[Id], [a].[AccessFailedCount], [a].[ConcurrencyStamp], [a].[CreatedAt], [a].[Email], [a].[EmailConfirmed], [a].[IsDeleted], [a].[IsVerified], [a].[LockoutEnabled], [a].[LockoutEnd], [a].[NormalizedEmail], [a].[NormalizedUserName], [a].[PasswordHash], [a].[PhoneNumber], [a].[PhoneNumberConfirmed], [a].[SecurityStamp], [a].[TwoFactorEnabled], [a].[UpdatedAt], [a].[UserName]
FROM [AspNetUsers] AS [a]
WHERE [a].[NormalizedUserName] = @__normalizedUserName_0
2024-08-13 10:42:40.386 +05:30  INF  Executed DbCommand (4ms) [Parameters=[@__normalizedEmail_0='?' (Size = 256)], CommandType='"Text"', CommandTimeout='30']
SELECT TOP(2) [a].[Id], [a].[AccessFailedCount], [a].[ConcurrencyStamp], [a].[CreatedAt], [a].[Email], [a].[EmailConfirmed], [a].[IsDeleted], [a].[IsVerified], [a].[LockoutEnabled], [a].[LockoutEnd], [a].[NormalizedEmail], [a].[NormalizedUserName], [a].[PasswordHash], [a].[PhoneNumber], [a].[PhoneNumberConfirmed], [a].[SecurityStamp], [a].[TwoFactorEnabled], [a].[UpdatedAt], [a].[UserName]
FROM [AspNetUsers] AS [a]
WHERE [a].[NormalizedEmail] = @__normalizedEmail_0
2024-08-13 10:42:40.610 +05:30  INF  Executed DbCommand (197ms) [Parameters=[@p0='?' (DbType = Guid), @p1='?' (DbType = Guid), @p20='?' (DbType = Guid), @p2='?' (DbType = Int32), @p3='?' (Size = 4000), @p21='?' (Size = 4000), @p4='?' (DbType = DateTime2), @p5='?' (Size = 256), @p6='?' (DbType = Boolean), @p7='?' (DbType = Boolean), @p8='?' (DbType = Boolean), @p9='?' (DbType = Boolean), @p10='?' (DbType = DateTimeOffset), @p11='?' (Size = 256), @p12='?' (Size = 256), @p13='?' (Size = 4000), @p14='?' (Size = 4000), @p15='?' (DbType = Boolean), @p16='?' (Size = 4000), @p17='?' (DbType = Boolean), @p18='?' (DbType = DateTime2), @p19='?' (Size = 256)], CommandType='"Text"', CommandTimeout='30']
SET NOCOUNT ON;
INSERT INTO [AspNetUserRoles] ([RoleId], [UserId])
VALUES (@p0, @p1);
UPDATE [AspNetUsers] SET [AccessFailedCount] = @p2, [ConcurrencyStamp] = @p3, [CreatedAt] = @p4, [Email] = @p5, [EmailConfirmed] = @p6, [IsDeleted] = @p7, [IsVerified] = @p8, [LockoutEnabled] = @p9, [LockoutEnd] = @p10, [NormalizedEmail] = @p11, [NormalizedUserName] = @p12, [PasswordHash] = @p13, [PhoneNumber] = @p14, [PhoneNumberConfirmed] = @p15, [SecurityStamp] = @p16, [TwoFactorEnabled] = @p17, [UpdatedAt] = @p18, [UserName] = @p19
OUTPUT 1
WHERE [Id] = @p20 AND [ConcurrencyStamp] = @p21;
2024-08-13 10:42:40.635 +05:30  INF  Executed DbCommand (4ms) [Parameters=[@__normalizedEmail_0='?' (Size = 256)], CommandType='"Text"', CommandTimeout='30']
SELECT TOP(2) [a].[Id], [a].[AccessFailedCount], [a].[ConcurrencyStamp], [a].[CreatedAt], [a].[Email], [a].[EmailConfirmed], [a].[IsDeleted], [a].[IsVerified], [a].[LockoutEnabled], [a].[LockoutEnd], [a].[NormalizedEmail], [a].[NormalizedUserName], [a].[PasswordHash], [a].[PhoneNumber], [a].[PhoneNumberConfirmed], [a].[SecurityStamp], [a].[TwoFactorEnabled], [a].[UpdatedAt], [a].[UserName]
FROM [AspNetUsers] AS [a]
WHERE [a].[NormalizedEmail] = @__normalizedEmail_0
2024-08-13 10:42:40.736 +05:30  INF  Executed DbCommand (5ms) [Parameters=[@__normalizedUserName_0='?' (Size = 256)], CommandType='"Text"', CommandTimeout='30']
SELECT TOP(1) [a].[Id], [a].[AccessFailedCount], [a].[ConcurrencyStamp], [a].[CreatedAt], [a].[Email], [a].[EmailConfirmed], [a].[IsDeleted], [a].[IsVerified], [a].[LockoutEnabled], [a].[LockoutEnd], [a].[NormalizedEmail], [a].[NormalizedUserName], [a].[PasswordHash], [a].[PhoneNumber], [a].[PhoneNumberConfirmed], [a].[SecurityStamp], [a].[TwoFactorEnabled], [a].[UpdatedAt], [a].[UserName]
FROM [AspNetUsers] AS [a]
WHERE [a].[NormalizedUserName] = @__normalizedUserName_0
2024-08-13 10:42:40.749 +05:30  INF  Executed DbCommand (5ms) [Parameters=[@__normalizedEmail_0='?' (Size = 256)], CommandType='"Text"', CommandTimeout='30']
SELECT TOP(2) [a].[Id], [a].[AccessFailedCount], [a].[ConcurrencyStamp], [a].[CreatedAt], [a].[Email], [a].[EmailConfirmed], [a].[IsDeleted], [a].[IsVerified], [a].[LockoutEnabled], [a].[LockoutEnd], [a].[NormalizedEmail], [a].[NormalizedUserName], [a].[PasswordHash], [a].[PhoneNumber], [a].[PhoneNumberConfirmed], [a].[SecurityStamp], [a].[TwoFactorEnabled], [a].[UpdatedAt], [a].[UserName]
FROM [AspNetUsers] AS [a]
WHERE [a].[NormalizedEmail] = @__normalizedEmail_0
2024-08-13 10:42:40.766 +05:30  INF  Executed DbCommand (9ms) [Parameters=[@p0='?' (DbType = Guid), @p1='?' (DbType = Int32), @p2='?' (Size = 4000), @p3='?' (DbType = DateTime2), @p4='?' (Size = 256), @p5='?' (DbType = Boolean), @p6='?' (DbType = Boolean), @p7='?' (DbType = Boolean), @p8='?' (DbType = Boolean), @p9='?' (DbType = DateTimeOffset), @p10='?' (Size = 256), @p11='?' (Size = 256), @p12='?' (Size = 4000), @p13='?' (Size = 4000), @p14='?' (DbType = Boolean), @p15='?' (Size = 4000), @p16='?' (DbType = Boolean), @p17='?' (DbType = DateTime2), @p18='?' (Size = 256)], CommandType='"Text"', CommandTimeout='30']
SET IMPLICIT_TRANSACTIONS OFF;
SET NOCOUNT ON;
INSERT INTO [AspNetUsers] ([Id], [AccessFailedCount], [ConcurrencyStamp], [CreatedAt], [Email], [EmailConfirmed], [IsDeleted], [IsVerified], [LockoutEnabled], [LockoutEnd], [NormalizedEmail], [NormalizedUserName], [PasswordHash], [PhoneNumber], [PhoneNumberConfirmed], [SecurityStamp], [TwoFactorEnabled], [UpdatedAt], [UserName])
VALUES (@p0, @p1, @p2, @p3, @p4, @p5, @p6, @p7, @p8, @p9, @p10, @p11, @p12, @p13, @p14, @p15, @p16, @p17, @p18);
2024-08-13 10:42:40.785 +05:30  INF  Executed DbCommand (3ms) [Parameters=[@__normalizedRoleName_0='?' (Size = 256)], CommandType='"Text"', CommandTimeout='30']
SELECT TOP(2) [a].[Id], [a].[ConcurrencyStamp], [a].[Name], [a].[NormalizedName]
FROM [AspNetRoles] AS [a]
WHERE [a].[NormalizedName] = @__normalizedRoleName_0
2024-08-13 10:42:40.793 +05:30  INF  Executed DbCommand (2ms) [Parameters=[@__get_Item_0='?' (DbType = Guid), @__get_Item_1='?' (DbType = Guid)], CommandType='"Text"', CommandTimeout='30']
SELECT TOP(1) [a].[UserId], [a].[RoleId]
FROM [AspNetUserRoles] AS [a]
WHERE [a].[UserId] = @__get_Item_0 AND [a].[RoleId] = @__get_Item_1
2024-08-13 10:42:40.810 +05:30  INF  Executed DbCommand (5ms) [Parameters=[@__normalizedRoleName_0='?' (Size = 256)], CommandType='"Text"', CommandTimeout='30']
SELECT TOP(2) [a].[Id], [a].[ConcurrencyStamp], [a].[Name], [a].[NormalizedName]
FROM [AspNetRoles] AS [a]
WHERE [a].[NormalizedName] = @__normalizedRoleName_0
2024-08-13 10:42:40.820 +05:30  INF  Executed DbCommand (5ms) [Parameters=[@__normalizedUserName_0='?' (Size = 256)], CommandType='"Text"', CommandTimeout='30']
SELECT TOP(1) [a].[Id], [a].[AccessFailedCount], [a].[ConcurrencyStamp], [a].[CreatedAt], [a].[Email], [a].[EmailConfirmed], [a].[IsDeleted], [a].[IsVerified], [a].[LockoutEnabled], [a].[LockoutEnd], [a].[NormalizedEmail], [a].[NormalizedUserName], [a].[PasswordHash], [a].[PhoneNumber], [a].[PhoneNumberConfirmed], [a].[SecurityStamp], [a].[TwoFactorEnabled], [a].[UpdatedAt], [a].[UserName]
FROM [AspNetUsers] AS [a]
WHERE [a].[NormalizedUserName] = @__normalizedUserName_0
2024-08-13 10:42:40.831 +05:30  INF  Executed DbCommand (3ms) [Parameters=[@__normalizedEmail_0='?' (Size = 256)], CommandType='"Text"', CommandTimeout='30']
SELECT TOP(2) [a].[Id], [a].[AccessFailedCount], [a].[ConcurrencyStamp], [a].[CreatedAt], [a].[Email], [a].[EmailConfirmed], [a].[IsDeleted], [a].[IsVerified], [a].[LockoutEnabled], [a].[LockoutEnd], [a].[NormalizedEmail], [a].[NormalizedUserName], [a].[PasswordHash], [a].[PhoneNumber], [a].[PhoneNumberConfirmed], [a].[SecurityStamp], [a].[TwoFactorEnabled], [a].[UpdatedAt], [a].[UserName]
FROM [AspNetUsers] AS [a]
WHERE [a].[NormalizedEmail] = @__normalizedEmail_0
2024-08-13 10:42:40.845 +05:30  INF  Executed DbCommand (7ms) [Parameters=[@p0='?' (DbType = Guid), @p1='?' (DbType = Guid), @p20='?' (DbType = Guid), @p2='?' (DbType = Int32), @p3='?' (Size = 4000), @p21='?' (Size = 4000), @p4='?' (DbType = DateTime2), @p5='?' (Size = 256), @p6='?' (DbType = Boolean), @p7='?' (DbType = Boolean), @p8='?' (DbType = Boolean), @p9='?' (DbType = Boolean), @p10='?' (DbType = DateTimeOffset), @p11='?' (Size = 256), @p12='?' (Size = 256), @p13='?' (Size = 4000), @p14='?' (Size = 4000), @p15='?' (DbType = Boolean), @p16='?' (Size = 4000), @p17='?' (DbType = Boolean), @p18='?' (DbType = DateTime2), @p19='?' (Size = 256)], CommandType='"Text"', CommandTimeout='30']
SET NOCOUNT ON;
INSERT INTO [AspNetUserRoles] ([RoleId], [UserId])
VALUES (@p0, @p1);
UPDATE [AspNetUsers] SET [AccessFailedCount] = @p2, [ConcurrencyStamp] = @p3, [CreatedAt] = @p4, [Email] = @p5, [EmailConfirmed] = @p6, [IsDeleted] = @p7, [IsVerified] = @p8, [LockoutEnabled] = @p9, [LockoutEnd] = @p10, [NormalizedEmail] = @p11, [NormalizedUserName] = @p12, [PasswordHash] = @p13, [PhoneNumber] = @p14, [PhoneNumberConfirmed] = @p15, [SecurityStamp] = @p16, [TwoFactorEnabled] = @p17, [UpdatedAt] = @p18, [UserName] = @p19
OUTPUT 1
WHERE [Id] = @p20 AND [ConcurrencyStamp] = @p21;
2024-08-13 10:42:40.853 +05:30  INF  Executed DbCommand (3ms) [Parameters=[@__normalizedEmail_0='?' (Size = 256)], CommandType='"Text"', CommandTimeout='30']
SELECT TOP(2) [a].[Id], [a].[AccessFailedCount], [a].[ConcurrencyStamp], [a].[CreatedAt], [a].[Email], [a].[EmailConfirmed], [a].[IsDeleted], [a].[IsVerified], [a].[LockoutEnabled], [a].[LockoutEnd], [a].[NormalizedEmail], [a].[NormalizedUserName], [a].[PasswordHash], [a].[PhoneNumber], [a].[PhoneNumberConfirmed], [a].[SecurityStamp], [a].[TwoFactorEnabled], [a].[UpdatedAt], [a].[UserName]
FROM [AspNetUsers] AS [a]
WHERE [a].[NormalizedEmail] = @__normalizedEmail_0
2024-08-13 10:42:40.935 +05:30  INF  Executed DbCommand (3ms) [Parameters=[@__normalizedUserName_0='?' (Size = 256)], CommandType='"Text"', CommandTimeout='30']
SELECT TOP(1) [a].[Id], [a].[AccessFailedCount], [a].[ConcurrencyStamp], [a].[CreatedAt], [a].[Email], [a].[EmailConfirmed], [a].[IsDeleted], [a].[IsVerified], [a].[LockoutEnabled], [a].[LockoutEnd], [a].[NormalizedEmail], [a].[NormalizedUserName], [a].[PasswordHash], [a].[PhoneNumber], [a].[PhoneNumberConfirmed], [a].[SecurityStamp], [a].[TwoFactorEnabled], [a].[UpdatedAt], [a].[UserName]
FROM [AspNetUsers] AS [a]
WHERE [a].[NormalizedUserName] = @__normalizedUserName_0
2024-08-13 10:42:40.939 +05:30  INF  Executed DbCommand (2ms) [Parameters=[@__normalizedEmail_0='?' (Size = 256)], CommandType='"Text"', CommandTimeout='30']
SELECT TOP(2) [a].[Id], [a].[AccessFailedCount], [a].[ConcurrencyStamp], [a].[CreatedAt], [a].[Email], [a].[EmailConfirmed], [a].[IsDeleted], [a].[IsVerified], [a].[LockoutEnabled], [a].[LockoutEnd], [a].[NormalizedEmail], [a].[NormalizedUserName], [a].[PasswordHash], [a].[PhoneNumber], [a].[PhoneNumberConfirmed], [a].[SecurityStamp], [a].[TwoFactorEnabled], [a].[UpdatedAt], [a].[UserName]
FROM [AspNetUsers] AS [a]
WHERE [a].[NormalizedEmail] = @__normalizedEmail_0
2024-08-13 10:42:40.948 +05:30  INF  Executed DbCommand (3ms) [Parameters=[@p0='?' (DbType = Guid), @p1='?' (DbType = Int32), @p2='?' (Size = 4000), @p3='?' (DbType = DateTime2), @p4='?' (Size = 256), @p5='?' (DbType = Boolean), @p6='?' (DbType = Boolean), @p7='?' (DbType = Boolean), @p8='?' (DbType = Boolean), @p9='?' (DbType = DateTimeOffset), @p10='?' (Size = 256), @p11='?' (Size = 256), @p12='?' (Size = 4000), @p13='?' (Size = 4000), @p14='?' (DbType = Boolean), @p15='?' (Size = 4000), @p16='?' (DbType = Boolean), @p17='?' (DbType = DateTime2), @p18='?' (Size = 256)], CommandType='"Text"', CommandTimeout='30']
SET IMPLICIT_TRANSACTIONS OFF;
SET NOCOUNT ON;
INSERT INTO [AspNetUsers] ([Id], [AccessFailedCount], [ConcurrencyStamp], [CreatedAt], [Email], [EmailConfirmed], [IsDeleted], [IsVerified], [LockoutEnabled], [LockoutEnd], [NormalizedEmail], [NormalizedUserName], [PasswordHash], [PhoneNumber], [PhoneNumberConfirmed], [SecurityStamp], [TwoFactorEnabled], [UpdatedAt], [UserName])
VALUES (@p0, @p1, @p2, @p3, @p4, @p5, @p6, @p7, @p8, @p9, @p10, @p11, @p12, @p13, @p14, @p15, @p16, @p17, @p18);
2024-08-13 10:42:40.953 +05:30  INF  Executed DbCommand (2ms) [Parameters=[@__normalizedRoleName_0='?' (Size = 256)], CommandType='"Text"', CommandTimeout='30']
SELECT TOP(2) [a].[Id], [a].[ConcurrencyStamp], [a].[Name], [a].[NormalizedName]
FROM [AspNetRoles] AS [a]
WHERE [a].[NormalizedName] = @__normalizedRoleName_0
2024-08-13 10:42:40.958 +05:30  INF  Executed DbCommand (1ms) [Parameters=[@__get_Item_0='?' (DbType = Guid), @__get_Item_1='?' (DbType = Guid)], CommandType='"Text"', CommandTimeout='30']
SELECT TOP(1) [a].[UserId], [a].[RoleId]
FROM [AspNetUserRoles] AS [a]
WHERE [a].[UserId] = @__get_Item_0 AND [a].[RoleId] = @__get_Item_1
2024-08-13 10:42:40.962 +05:30  INF  Executed DbCommand (1ms) [Parameters=[@__normalizedRoleName_0='?' (Size = 256)], CommandType='"Text"', CommandTimeout='30']
SELECT TOP(2) [a].[Id], [a].[ConcurrencyStamp], [a].[Name], [a].[NormalizedName]
FROM [AspNetRoles] AS [a]
WHERE [a].[NormalizedName] = @__normalizedRoleName_0
2024-08-13 10:42:40.966 +05:30  INF  Executed DbCommand (1ms) [Parameters=[@__normalizedUserName_0='?' (Size = 256)], CommandType='"Text"', CommandTimeout='30']
SELECT TOP(1) [a].[Id], [a].[AccessFailedCount], [a].[ConcurrencyStamp], [a].[CreatedAt], [a].[Email], [a].[EmailConfirmed], [a].[IsDeleted], [a].[IsVerified], [a].[LockoutEnabled], [a].[LockoutEnd], [a].[NormalizedEmail], [a].[NormalizedUserName], [a].[PasswordHash], [a].[PhoneNumber], [a].[PhoneNumberConfirmed], [a].[SecurityStamp], [a].[TwoFactorEnabled], [a].[UpdatedAt], [a].[UserName]
FROM [AspNetUsers] AS [a]
WHERE [a].[NormalizedUserName] = @__normalizedUserName_0
2024-08-13 10:42:40.970 +05:30  INF  Executed DbCommand (1ms) [Parameters=[@__normalizedEmail_0='?' (Size = 256)], CommandType='"Text"', CommandTimeout='30']
SELECT TOP(2) [a].[Id], [a].[AccessFailedCount], [a].[ConcurrencyStamp], [a].[CreatedAt], [a].[Email], [a].[EmailConfirmed], [a].[IsDeleted], [a].[IsVerified], [a].[LockoutEnabled], [a].[LockoutEnd], [a].[NormalizedEmail], [a].[NormalizedUserName], [a].[PasswordHash], [a].[PhoneNumber], [a].[PhoneNumberConfirmed], [a].[SecurityStamp], [a].[TwoFactorEnabled], [a].[UpdatedAt], [a].[UserName]
FROM [AspNetUsers] AS [a]
WHERE [a].[NormalizedEmail] = @__normalizedEmail_0
2024-08-13 10:42:40.979 +05:30  INF  Executed DbCommand (4ms) [Parameters=[@p0='?' (DbType = Guid), @p1='?' (DbType = Guid), @p20='?' (DbType = Guid), @p2='?' (DbType = Int32), @p3='?' (Size = 4000), @p21='?' (Size = 4000), @p4='?' (DbType = DateTime2), @p5='?' (Size = 256), @p6='?' (DbType = Boolean), @p7='?' (DbType = Boolean), @p8='?' (DbType = Boolean), @p9='?' (DbType = Boolean), @p10='?' (DbType = DateTimeOffset), @p11='?' (Size = 256), @p12='?' (Size = 256), @p13='?' (Size = 4000), @p14='?' (Size = 4000), @p15='?' (DbType = Boolean), @p16='?' (Size = 4000), @p17='?' (DbType = Boolean), @p18='?' (DbType = DateTime2), @p19='?' (Size = 256)], CommandType='"Text"', CommandTimeout='30']
SET NOCOUNT ON;
INSERT INTO [AspNetUserRoles] ([RoleId], [UserId])
VALUES (@p0, @p1);
UPDATE [AspNetUsers] SET [AccessFailedCount] = @p2, [ConcurrencyStamp] = @p3, [CreatedAt] = @p4, [Email] = @p5, [EmailConfirmed] = @p6, [IsDeleted] = @p7, [IsVerified] = @p8, [LockoutEnabled] = @p9, [LockoutEnd] = @p10, [NormalizedEmail] = @p11, [NormalizedUserName] = @p12, [PasswordHash] = @p13, [PhoneNumber] = @p14, [PhoneNumberConfirmed] = @p15, [SecurityStamp] = @p16, [TwoFactorEnabled] = @p17, [UpdatedAt] = @p18, [UserName] = @p19
OUTPUT 1
WHERE [Id] = @p20 AND [ConcurrencyStamp] = @p21;
2024-08-13 10:42:41.268 +05:30  INF  Now listening on: https://localhost:7113
2024-08-13 10:42:41.272 +05:30  INF  Now listening on: http://localhost:5081
2024-08-13 10:42:41.278 +05:30  INF  Application started. Press Ctrl+C to shut down.
2024-08-13 10:42:41.280 +05:30  INF  Hosting environment: Development
2024-08-13 10:42:41.280 +05:30  INF  Content root path: C:\Users\arjun.hariprasad\source\.NET\Ecommerce\EcommerceSolution\CodeBase\Src\Presentation\Web.Ecommerce
2024-08-13 10:42:42.252 +05:30  INF  Request starting HTTP/2 GET https://localhost:7113/swagger/index.html - null null
2024-08-13 10:42:42.727 +05:30  INF  Request finished HTTP/2 GET https://localhost:7113/swagger/index.html - 200 null text/html;charset=utf-8 475.5165ms
2024-08-13 10:42:42.749 +05:30  INF  Request starting HTTP/2 GET https://localhost:7113/_vs/browserLink - null null
2024-08-13 10:42:42.749 +05:30  INF  Request starting HTTP/2 GET https://localhost:7113/_framework/aspnetcore-browser-refresh.js - null null
2024-08-13 10:42:42.750 +05:30  INF  Request starting HTTP/2 GET https://localhost:7113/swagger/index.js - null null
2024-08-13 10:42:42.801 +05:30  INF  Request finished HTTP/2 GET https://localhost:7113/swagger/index.js - 200 null application/javascript;charset=utf-8 51.2139ms
2024-08-13 10:42:42.818 +05:30  INF  Request finished HTTP/2 GET https://localhost:7113/_framework/aspnetcore-browser-refresh.js - 200 13762 application/javascript; charset=utf-8 68.2697ms
2024-08-13 10:42:42.847 +05:30  INF  Request finished HTTP/2 GET https://localhost:7113/_vs/browserLink - 200 null text/javascript; charset=UTF-8 97.5157ms
2024-08-13 10:42:42.901 +05:30  INF  Request starting HTTP/2 GET https://localhost:7113/swagger/v1/swagger.json - null null
2024-08-13 10:42:43.062 +05:30  INF  Request finished HTTP/2 GET https://localhost:7113/swagger/v1/swagger.json - 200 null application/json;charset=utf-8 161.279ms
2024-08-13 10:44:28.629 +05:30  INF  Request starting HTTP/2 POST https://localhost:7113/api/Account/Login - application/json 62
2024-08-13 10:44:28.638 +05:30  INF  Executing endpoint 'Web.Ecommerce.Controllers.Account.AccountController.Login (Web.Ecommerce)'
2024-08-13 10:44:28.775 +05:30  INF  Route matched with {action = "Login", controller = "Account"}. Executing controller action with signature System.Threading.Tasks.Task`1[Microsoft.AspNetCore.Mvc.IActionResult] Login(Application.Ecom.Commands.LoginUser.LoginUserCommand) on controller Web.Ecommerce.Controllers.Account.AccountController (Web.Ecommerce).
2024-08-13 10:44:28.785 +05:30  INF  Executed action Web.Ecommerce.Controllers.Account.AccountController.Login (Web.Ecommerce) in 3.9403ms
2024-08-13 10:44:28.788 +05:30  INF  Executed endpoint 'Web.Ecommerce.Controllers.Account.AccountController.Login (Web.Ecommerce)'
2024-08-13 10:44:28.792 +05:30  ERR  An unhandled exception has occurred while executing the request.System.InvalidOperationException: Unable to resolve service for type 'MediatR.IMediator' while attempting to activate 'Web.Ecommerce.Controllers.Account.AccountController'.
   at Microsoft.Extensions.DependencyInjection.ActivatorUtilities.ThrowHelperUnableToResolveService(Type type, Type requiredBy)
   at lambda_method341(Closure, IServiceProvider, Object[])
   at Microsoft.AspNetCore.Mvc.Controllers.ControllerFactoryProvider.<>c__DisplayClass6_0.<CreateControllerFactory>g__CreateController|0(ControllerContext controllerContext)
   at Microsoft.AspNetCore.Mvc.Infrastructure.ControllerActionInvoker.Next(State& next, Scope& scope, Object& state, Boolean& isCompleted)
   at Microsoft.AspNetCore.Mvc.Infrastructure.ControllerActionInvoker.InvokeInnerFilterAsync()
--- End of stack trace from previous location ---
   at Microsoft.AspNetCore.Mvc.Infrastructure.ResourceInvoker.<InvokeFilterPipelineAsync>g__Awaited|20_0(ResourceInvoker invoker, Task lastTask, State next, Scope scope, Object state, Boolean isCompleted)
   at Microsoft.AspNetCore.Mvc.Infrastructure.ResourceInvoker.<InvokeAsync>g__Logged|17_1(ResourceInvoker invoker)
   at Microsoft.AspNetCore.Mvc.Infrastructure.ResourceInvoker.<InvokeAsync>g__Logged|17_1(ResourceInvoker invoker)
   at Microsoft.AspNetCore.Routing.EndpointMiddleware.<Invoke>g__AwaitRequestTask|7_0(Endpoint endpoint, Task requestTask, ILogger logger)
   at Microsoft.AspNetCore.Authorization.AuthorizationMiddleware.Invoke(HttpContext context)
   at Swashbuckle.AspNetCore.SwaggerUI.SwaggerUIMiddleware.Invoke(HttpContext httpContext)
   at Swashbuckle.AspNetCore.Swagger.SwaggerMiddleware.Invoke(HttpContext httpContext, ISwaggerProvider swaggerProvider)
   at Microsoft.AspNetCore.Authentication.AuthenticationMiddleware.Invoke(HttpContext context)
   at Microsoft.AspNetCore.Diagnostics.DeveloperExceptionPageMiddlewareImpl.Invoke(HttpContext context)

2024-08-13 10:44:28.812 +05:30  INF  Request finished HTTP/2 POST https://localhost:7113/api/Account/Login - 500 null text/plain; charset=utf-8 182.8652ms
2024-08-13 11:01:53.430 +05:30  INF  User profile is available. Using 'C:\Users\arjun.hariprasad\AppData\Local\ASP.NET\DataProtection-Keys' as key repository and Windows DPAPI to encrypt keys at rest.
2024-08-13 11:01:54.791 +05:30  INF  Executed DbCommand (69ms) [Parameters=[@__normalizedName_0='?' (Size = 256)], CommandType='"Text"', CommandTimeout='30']
SELECT TOP(1) [a].[Id], [a].[ConcurrencyStamp], [a].[Name], [a].[NormalizedName]
FROM [AspNetRoles] AS [a]
WHERE [a].[NormalizedName] = @__normalizedName_0
2024-08-13 11:01:54.861 +05:30  INF  Executed DbCommand (4ms) [Parameters=[@__normalizedName_0='?' (Size = 256)], CommandType='"Text"', CommandTimeout='30']
SELECT TOP(1) [a].[Id], [a].[ConcurrencyStamp], [a].[Name], [a].[NormalizedName]
FROM [AspNetRoles] AS [a]
WHERE [a].[NormalizedName] = @__normalizedName_0
2024-08-13 11:01:54.865 +05:30  INF  Executed DbCommand (1ms) [Parameters=[@__normalizedName_0='?' (Size = 256)], CommandType='"Text"', CommandTimeout='30']
SELECT TOP(1) [a].[Id], [a].[ConcurrencyStamp], [a].[Name], [a].[NormalizedName]
FROM [AspNetRoles] AS [a]
WHERE [a].[NormalizedName] = @__normalizedName_0
2024-08-13 11:01:54.884 +05:30  INF  Executed DbCommand (7ms) [Parameters=[@__normalizedEmail_0='?' (Size = 256)], CommandType='"Text"', CommandTimeout='30']
SELECT TOP(2) [a].[Id], [a].[AccessFailedCount], [a].[ConcurrencyStamp], [a].[CreatedAt], [a].[Email], [a].[EmailConfirmed], [a].[IsDeleted], [a].[IsVerified], [a].[LockoutEnabled], [a].[LockoutEnd], [a].[NormalizedEmail], [a].[NormalizedUserName], [a].[PasswordHash], [a].[PhoneNumber], [a].[PhoneNumberConfirmed], [a].[SecurityStamp], [a].[TwoFactorEnabled], [a].[UpdatedAt], [a].[UserName]
FROM [AspNetUsers] AS [a]
WHERE [a].[NormalizedEmail] = @__normalizedEmail_0
2024-08-13 11:01:54.930 +05:30  INF  Executed DbCommand (2ms) [Parameters=[@__normalizedEmail_0='?' (Size = 256)], CommandType='"Text"', CommandTimeout='30']
SELECT TOP(2) [a].[Id], [a].[AccessFailedCount], [a].[ConcurrencyStamp], [a].[CreatedAt], [a].[Email], [a].[EmailConfirmed], [a].[IsDeleted], [a].[IsVerified], [a].[LockoutEnabled], [a].[LockoutEnd], [a].[NormalizedEmail], [a].[NormalizedUserName], [a].[PasswordHash], [a].[PhoneNumber], [a].[PhoneNumberConfirmed], [a].[SecurityStamp], [a].[TwoFactorEnabled], [a].[UpdatedAt], [a].[UserName]
FROM [AspNetUsers] AS [a]
WHERE [a].[NormalizedEmail] = @__normalizedEmail_0
2024-08-13 11:01:54.934 +05:30  INF  Executed DbCommand (2ms) [Parameters=[@__normalizedEmail_0='?' (Size = 256)], CommandType='"Text"', CommandTimeout='30']
SELECT TOP(2) [a].[Id], [a].[AccessFailedCount], [a].[ConcurrencyStamp], [a].[CreatedAt], [a].[Email], [a].[EmailConfirmed], [a].[IsDeleted], [a].[IsVerified], [a].[LockoutEnabled], [a].[LockoutEnd], [a].[NormalizedEmail], [a].[NormalizedUserName], [a].[PasswordHash], [a].[PhoneNumber], [a].[PhoneNumberConfirmed], [a].[SecurityStamp], [a].[TwoFactorEnabled], [a].[UpdatedAt], [a].[UserName]
FROM [AspNetUsers] AS [a]
WHERE [a].[NormalizedEmail] = @__normalizedEmail_0
2024-08-13 11:01:55.167 +05:30  INF  Now listening on: https://localhost:7113
2024-08-13 11:01:55.169 +05:30  INF  Now listening on: http://localhost:5081
2024-08-13 11:01:55.171 +05:30  INF  Application started. Press Ctrl+C to shut down.
2024-08-13 11:01:55.172 +05:30  INF  Hosting environment: Development
2024-08-13 11:01:55.174 +05:30  INF  Content root path: C:\Users\arjun.hariprasad\source\.NET\Ecommerce\EcommerceSolution\CodeBase\Src\Presentation\Web.Ecommerce
2024-08-13 11:01:56.127 +05:30  INF  Request starting HTTP/2 GET https://localhost:7113/swagger/index.html - null null
2024-08-13 11:01:56.440 +05:30  INF  Request finished HTTP/2 GET https://localhost:7113/swagger/index.html - 200 null text/html;charset=utf-8 317.7678ms
2024-08-13 11:01:56.459 +05:30  INF  Request starting HTTP/2 GET https://localhost:7113/swagger/index.js - null null
2024-08-13 11:01:56.459 +05:30  INF  Request starting HTTP/2 GET https://localhost:7113/_framework/aspnetcore-browser-refresh.js - null null
2024-08-13 11:01:56.459 +05:30  INF  Request starting HTTP/2 GET https://localhost:7113/_vs/browserLink - null null
2024-08-13 11:01:56.478 +05:30  INF  Request finished HTTP/2 GET https://localhost:7113/swagger/index.js - 200 null application/javascript;charset=utf-8 19.0808ms
2024-08-13 11:01:56.501 +05:30  INF  Request finished HTTP/2 GET https://localhost:7113/_framework/aspnetcore-browser-refresh.js - 200 13762 application/javascript; charset=utf-8 41.8729ms
2024-08-13 11:01:56.527 +05:30  INF  Request finished HTTP/2 GET https://localhost:7113/_vs/browserLink - 200 null text/javascript; charset=UTF-8 67.751ms
2024-08-13 11:01:56.570 +05:30  INF  Request starting HTTP/2 GET https://localhost:7113/swagger/v1/swagger.json - null null
2024-08-13 11:01:56.675 +05:30  INF  Request finished HTTP/2 GET https://localhost:7113/swagger/v1/swagger.json - 200 null application/json;charset=utf-8 104.7839ms
2024-08-13 11:20:01.101 +05:30  INF  Request starting HTTP/2 POST https://localhost:7113/api/Account/Login - application/json 62
2024-08-13 11:20:01.111 +05:30  INF  Executing endpoint 'Web.Ecommerce.Controllers.Account.AccountController.Login (Web.Ecommerce)'
2024-08-13 11:20:01.142 +05:30  INF  Route matched with {action = "Login", controller = "Account"}. Executing controller action with signature System.Threading.Tasks.Task`1[Microsoft.AspNetCore.Mvc.IActionResult] Login(Application.Ecom.Commands.LoginUser.LoginUserCommand) on controller Web.Ecommerce.Controllers.Account.AccountController (Web.Ecommerce).
2024-08-13 11:20:01.418 +05:30  INF  Executed DbCommand (31ms) [Parameters=[@__normalizedEmail_0='?' (Size = 256)], CommandType='"Text"', CommandTimeout='30']
SELECT TOP(2) [a].[Id], [a].[AccessFailedCount], [a].[ConcurrencyStamp], [a].[CreatedAt], [a].[Email], [a].[EmailConfirmed], [a].[IsDeleted], [a].[IsVerified], [a].[LockoutEnabled], [a].[LockoutEnd], [a].[NormalizedEmail], [a].[NormalizedUserName], [a].[PasswordHash], [a].[PhoneNumber], [a].[PhoneNumberConfirmed], [a].[SecurityStamp], [a].[TwoFactorEnabled], [a].[UpdatedAt], [a].[UserName]
FROM [AspNetUsers] AS [a]
WHERE [a].[NormalizedEmail] = @__normalizedEmail_0
2024-08-13 11:20:01.586 +05:30  INF  Executed DbCommand (30ms) [Parameters=[@__userId_0='?' (DbType = Guid)], CommandType='"Text"', CommandTimeout='30']
SELECT [a0].[Name]
FROM [AspNetUserRoles] AS [a]
INNER JOIN [AspNetRoles] AS [a0] ON [a].[RoleId] = [a0].[Id]
WHERE [a].[UserId] = @__userId_0
2024-08-13 11:20:01.642 +05:30  INF  Executing OkObjectResult, writing value of type '<>f__AnonymousType1`3[[System.String, System.Private.CoreLib, Version=8.0.0.0, Culture=neutral, PublicKeyToken=7cec85d7bea7798e],[System.String, System.Private.CoreLib, Version=8.0.0.0, Culture=neutral, PublicKeyToken=7cec85d7bea7798e],[System.String, System.Private.CoreLib, Version=8.0.0.0, Culture=neutral, PublicKeyToken=7cec85d7bea7798e]]'.
2024-08-13 11:20:01.658 +05:30  INF  Executed action Web.Ecommerce.Controllers.Account.AccountController.Login (Web.Ecommerce) in 508.4185ms
2024-08-13 11:20:01.660 +05:30  INF  Executed endpoint 'Web.Ecommerce.Controllers.Account.AccountController.Login (Web.Ecommerce)'
2024-08-13 11:20:01.665 +05:30  INF  Request finished HTTP/2 POST https://localhost:7113/api/Account/Login - 200 null application/json; charset=utf-8 564.6185ms
2024-08-13 11:20:57.274 +05:30  INF  Request starting HTTP/2 POST https://localhost:7113/api/Account/RegisterCustomer - application/json 95
2024-08-13 11:20:57.284 +05:30  INF  Executing endpoint 'Web.Ecommerce.Controllers.Account.AccountController.RegisterCustomer (Web.Ecommerce)'
2024-08-13 11:20:57.291 +05:30  INF  Route matched with {action = "RegisterCustomer", controller = "Account"}. Executing controller action with signature System.Threading.Tasks.Task`1[Microsoft.AspNetCore.Mvc.IActionResult] RegisterCustomer(Application.Ecom.Commands.RegisterCustomer.RegisterCustomerCommand) on controller Web.Ecommerce.Controllers.Account.AccountController (Web.Ecommerce).
2024-08-13 11:20:57.414 +05:30  INF  Executed DbCommand (2ms) [Parameters=[@__normalizedUserName_0='?' (Size = 256)], CommandType='"Text"', CommandTimeout='30']
SELECT TOP(1) [a].[Id], [a].[AccessFailedCount], [a].[ConcurrencyStamp], [a].[CreatedAt], [a].[Email], [a].[EmailConfirmed], [a].[IsDeleted], [a].[IsVerified], [a].[LockoutEnabled], [a].[LockoutEnd], [a].[NormalizedEmail], [a].[NormalizedUserName], [a].[PasswordHash], [a].[PhoneNumber], [a].[PhoneNumberConfirmed], [a].[SecurityStamp], [a].[TwoFactorEnabled], [a].[UpdatedAt], [a].[UserName]
FROM [AspNetUsers] AS [a]
WHERE [a].[NormalizedUserName] = @__normalizedUserName_0
2024-08-13 11:20:57.425 +05:30  INF  Executed DbCommand (2ms) [Parameters=[@__normalizedEmail_0='?' (Size = 256)], CommandType='"Text"', CommandTimeout='30']
SELECT TOP(2) [a].[Id], [a].[AccessFailedCount], [a].[ConcurrencyStamp], [a].[CreatedAt], [a].[Email], [a].[EmailConfirmed], [a].[IsDeleted], [a].[IsVerified], [a].[LockoutEnabled], [a].[LockoutEnd], [a].[NormalizedEmail], [a].[NormalizedUserName], [a].[PasswordHash], [a].[PhoneNumber], [a].[PhoneNumberConfirmed], [a].[SecurityStamp], [a].[TwoFactorEnabled], [a].[UpdatedAt], [a].[UserName]
FROM [AspNetUsers] AS [a]
WHERE [a].[NormalizedEmail] = @__normalizedEmail_0
2024-08-13 11:20:57.563 +05:30  INF  Executed DbCommand (28ms) [Parameters=[@p0='?' (DbType = Guid), @p1='?' (DbType = Int32), @p2='?' (Size = 4000), @p3='?' (DbType = DateTime2), @p4='?' (Size = 256), @p5='?' (DbType = Boolean), @p6='?' (DbType = Boolean), @p7='?' (DbType = Boolean), @p8='?' (DbType = Boolean), @p9='?' (DbType = DateTimeOffset), @p10='?' (Size = 256), @p11='?' (Size = 256), @p12='?' (Size = 4000), @p13='?' (Size = 4000), @p14='?' (DbType = Boolean), @p15='?' (Size = 4000), @p16='?' (DbType = Boolean), @p17='?' (DbType = DateTime2), @p18='?' (Size = 256)], CommandType='"Text"', CommandTimeout='30']
SET IMPLICIT_TRANSACTIONS OFF;
SET NOCOUNT ON;
INSERT INTO [AspNetUsers] ([Id], [AccessFailedCount], [ConcurrencyStamp], [CreatedAt], [Email], [EmailConfirmed], [IsDeleted], [IsVerified], [LockoutEnabled], [LockoutEnd], [NormalizedEmail], [NormalizedUserName], [PasswordHash], [PhoneNumber], [PhoneNumberConfirmed], [SecurityStamp], [TwoFactorEnabled], [UpdatedAt], [UserName])
VALUES (@p0, @p1, @p2, @p3, @p4, @p5, @p6, @p7, @p8, @p9, @p10, @p11, @p12, @p13, @p14, @p15, @p16, @p17, @p18);
2024-08-13 11:20:58.178 +05:30  INF  Executed action Web.Ecommerce.Controllers.Account.AccountController.RegisterCustomer (Web.Ecommerce) in 884.461ms
2024-08-13 11:20:58.181 +05:30  INF  Executed endpoint 'Web.Ecommerce.Controllers.Account.AccountController.RegisterCustomer (Web.Ecommerce)'
2024-08-13 11:20:58.186 +05:30  ERR  An unhandled exception has occurred while executing the request.System.ArgumentNullException: Value cannot be null. (Parameter 's')
   at System.Int32.Parse(String s)
   at Infrastructure.Services.OTPService.OtpService.SendOtpEmailAsync(String email, String otp) in C:\Users\arjun.hariprasad\source\.NET\Ecommerce\EcommerceSolution\CodeBase\Src\Infrastructures\Infrastructure\Services\OTPService\OtpService.cs:line 56
   at Infrastructure.Services.OTPService.OtpService.GenerateOtpAsync(String email) in C:\Users\arjun.hariprasad\source\.NET\Ecommerce\EcommerceSolution\CodeBase\Src\Infrastructures\Infrastructure\Services\OTPService\OtpService.cs:line 30
   at Application.Ecom.Commands.RegisterCustomer.RegisterCustomerCommandHandler.Handle(RegisterCustomerCommand request, CancellationToken cancellationToken) in C:\Users\arjun.hariprasad\source\.NET\Ecommerce\EcommerceSolution\CodeBase\Src\Core\Application.Ecom\Commands\RegisterCustomer\RegisterCustomerCommandHandler.cs:line 38
   at Web.Ecommerce.Controllers.Account.AccountController.RegisterCustomer(RegisterCustomerCommand command) in C:\Users\arjun.hariprasad\source\.NET\Ecommerce\EcommerceSolution\CodeBase\Src\Presentation\Web.Ecommerce\Controllers\Account\AccountController.cs:line 38
   at Microsoft.AspNetCore.Mvc.Infrastructure.ActionMethodExecutor.TaskOfIActionResultExecutor.Execute(ActionContext actionContext, IActionResultTypeMapper mapper, ObjectMethodExecutor executor, Object controller, Object[] arguments)
   at Microsoft.AspNetCore.Mvc.Infrastructure.ControllerActionInvoker.<InvokeActionMethodAsync>g__Awaited|12_0(ControllerActionInvoker invoker, ValueTask`1 actionResultValueTask)
   at Microsoft.AspNetCore.Mvc.Infrastructure.ControllerActionInvoker.<InvokeNextActionFilterAsync>g__Awaited|10_0(ControllerActionInvoker invoker, Task lastTask, State next, Scope scope, Object state, Boolean isCompleted)
   at Microsoft.AspNetCore.Mvc.Infrastructure.ControllerActionInvoker.Rethrow(ActionExecutedContextSealed context)
   at Microsoft.AspNetCore.Mvc.Infrastructure.ControllerActionInvoker.Next(State& next, Scope& scope, Object& state, Boolean& isCompleted)
   at Microsoft.AspNetCore.Mvc.Infrastructure.ControllerActionInvoker.<InvokeInnerFilterAsync>g__Awaited|13_0(ControllerActionInvoker invoker, Task lastTask, State next, Scope scope, Object state, Boolean isCompleted)
   at Microsoft.AspNetCore.Mvc.Infrastructure.ResourceInvoker.<InvokeFilterPipelineAsync>g__Awaited|20_0(ResourceInvoker invoker, Task lastTask, State next, Scope scope, Object state, Boolean isCompleted)
   at Microsoft.AspNetCore.Mvc.Infrastructure.ResourceInvoker.<InvokeAsync>g__Logged|17_1(ResourceInvoker invoker)
   at Microsoft.AspNetCore.Mvc.Infrastructure.ResourceInvoker.<InvokeAsync>g__Logged|17_1(ResourceInvoker invoker)
   at Microsoft.AspNetCore.Routing.EndpointMiddleware.<Invoke>g__AwaitRequestTask|7_0(Endpoint endpoint, Task requestTask, ILogger logger)
   at Microsoft.AspNetCore.Authorization.AuthorizationMiddleware.Invoke(HttpContext context)
   at Swashbuckle.AspNetCore.SwaggerUI.SwaggerUIMiddleware.Invoke(HttpContext httpContext)
   at Swashbuckle.AspNetCore.Swagger.SwaggerMiddleware.Invoke(HttpContext httpContext, ISwaggerProvider swaggerProvider)
   at Microsoft.AspNetCore.Authentication.AuthenticationMiddleware.Invoke(HttpContext context)
   at Microsoft.AspNetCore.Diagnostics.DeveloperExceptionPageMiddlewareImpl.Invoke(HttpContext context)

2024-08-13 11:20:58.237 +05:30  INF  Request finished HTTP/2 POST https://localhost:7113/api/Account/RegisterCustomer - 500 null text/plain; charset=utf-8 964.7369ms
2024-08-13 11:35:44.747 +05:30  INF  User profile is available. Using 'C:\Users\arjun.hariprasad\AppData\Local\ASP.NET\DataProtection-Keys' as key repository and Windows DPAPI to encrypt keys at rest.
2024-08-13 11:35:46.171 +05:30  INF  Executed DbCommand (52ms) [Parameters=[@__normalizedName_0='?' (Size = 256)], CommandType='"Text"', CommandTimeout='30']
SELECT TOP(1) [a].[Id], [a].[ConcurrencyStamp], [a].[Name], [a].[NormalizedName]
FROM [AspNetRoles] AS [a]
WHERE [a].[NormalizedName] = @__normalizedName_0
2024-08-13 11:35:46.246 +05:30  INF  Executed DbCommand (2ms) [Parameters=[@__normalizedName_0='?' (Size = 256)], CommandType='"Text"', CommandTimeout='30']
SELECT TOP(1) [a].[Id], [a].[ConcurrencyStamp], [a].[Name], [a].[NormalizedName]
FROM [AspNetRoles] AS [a]
WHERE [a].[NormalizedName] = @__normalizedName_0
2024-08-13 11:35:46.249 +05:30  INF  Executed DbCommand (1ms) [Parameters=[@__normalizedName_0='?' (Size = 256)], CommandType='"Text"', CommandTimeout='30']
SELECT TOP(1) [a].[Id], [a].[ConcurrencyStamp], [a].[Name], [a].[NormalizedName]
FROM [AspNetRoles] AS [a]
WHERE [a].[NormalizedName] = @__normalizedName_0
2024-08-13 11:35:46.264 +05:30  INF  Executed DbCommand (2ms) [Parameters=[@__normalizedEmail_0='?' (Size = 256)], CommandType='"Text"', CommandTimeout='30']
SELECT TOP(2) [a].[Id], [a].[AccessFailedCount], [a].[ConcurrencyStamp], [a].[CreatedAt], [a].[Email], [a].[EmailConfirmed], [a].[IsDeleted], [a].[IsVerified], [a].[LockoutEnabled], [a].[LockoutEnd], [a].[NormalizedEmail], [a].[NormalizedUserName], [a].[PasswordHash], [a].[PhoneNumber], [a].[PhoneNumberConfirmed], [a].[SecurityStamp], [a].[TwoFactorEnabled], [a].[UpdatedAt], [a].[UserName]
FROM [AspNetUsers] AS [a]
WHERE [a].[NormalizedEmail] = @__normalizedEmail_0
2024-08-13 11:35:46.311 +05:30  INF  Executed DbCommand (1ms) [Parameters=[@__normalizedEmail_0='?' (Size = 256)], CommandType='"Text"', CommandTimeout='30']
SELECT TOP(2) [a].[Id], [a].[AccessFailedCount], [a].[ConcurrencyStamp], [a].[CreatedAt], [a].[Email], [a].[EmailConfirmed], [a].[IsDeleted], [a].[IsVerified], [a].[LockoutEnabled], [a].[LockoutEnd], [a].[NormalizedEmail], [a].[NormalizedUserName], [a].[PasswordHash], [a].[PhoneNumber], [a].[PhoneNumberConfirmed], [a].[SecurityStamp], [a].[TwoFactorEnabled], [a].[UpdatedAt], [a].[UserName]
FROM [AspNetUsers] AS [a]
WHERE [a].[NormalizedEmail] = @__normalizedEmail_0
2024-08-13 11:35:46.314 +05:30  INF  Executed DbCommand (0ms) [Parameters=[@__normalizedEmail_0='?' (Size = 256)], CommandType='"Text"', CommandTimeout='30']
SELECT TOP(2) [a].[Id], [a].[AccessFailedCount], [a].[ConcurrencyStamp], [a].[CreatedAt], [a].[Email], [a].[EmailConfirmed], [a].[IsDeleted], [a].[IsVerified], [a].[LockoutEnabled], [a].[LockoutEnd], [a].[NormalizedEmail], [a].[NormalizedUserName], [a].[PasswordHash], [a].[PhoneNumber], [a].[PhoneNumberConfirmed], [a].[SecurityStamp], [a].[TwoFactorEnabled], [a].[UpdatedAt], [a].[UserName]
FROM [AspNetUsers] AS [a]
WHERE [a].[NormalizedEmail] = @__normalizedEmail_0
2024-08-13 11:35:46.598 +05:30  INF  Now listening on: https://localhost:7113
2024-08-13 11:35:46.599 +05:30  INF  Now listening on: http://localhost:5081
2024-08-13 11:35:46.601 +05:30  INF  Application started. Press Ctrl+C to shut down.
2024-08-13 11:35:46.602 +05:30  INF  Hosting environment: Development
2024-08-13 11:35:46.603 +05:30  INF  Content root path: C:\Users\arjun.hariprasad\source\.NET\Ecommerce\EcommerceSolution\CodeBase\Src\Presentation\Web.Ecommerce
2024-08-13 11:35:47.647 +05:30  INF  Request starting HTTP/2 GET https://localhost:7113/swagger/index.html - null null
2024-08-13 11:35:47.975 +05:30  INF  Request finished HTTP/2 GET https://localhost:7113/swagger/index.html - 200 null text/html;charset=utf-8 336.1577ms
2024-08-13 11:35:47.988 +05:30  INF  Request starting HTTP/2 GET https://localhost:7113/_framework/aspnetcore-browser-refresh.js - null null
2024-08-13 11:35:47.988 +05:30  INF  Request starting HTTP/2 GET https://localhost:7113/swagger/index.js - null null
2024-08-13 11:35:47.988 +05:30  INF  Request starting HTTP/2 GET https://localhost:7113/_vs/browserLink - null null
2024-08-13 11:35:48.002 +05:30  INF  Request finished HTTP/2 GET https://localhost:7113/swagger/index.js - 200 null application/javascript;charset=utf-8 13.5474ms
2024-08-13 11:35:48.015 +05:30  INF  Request finished HTTP/2 GET https://localhost:7113/_framework/aspnetcore-browser-refresh.js - 200 13762 application/javascript; charset=utf-8 26.7812ms
2024-08-13 11:35:48.047 +05:30  INF  Request finished HTTP/2 GET https://localhost:7113/_vs/browserLink - 200 null text/javascript; charset=UTF-8 59.0605ms
2024-08-13 11:35:48.096 +05:30  INF  Request starting HTTP/2 GET https://localhost:7113/swagger/v1/swagger.json - null null
2024-08-13 11:35:48.235 +05:30  INF  Request finished HTTP/2 GET https://localhost:7113/swagger/v1/swagger.json - 200 null application/json;charset=utf-8 139.2359ms
2024-08-13 11:36:46.202 +05:30  INF  Request starting HTTP/2 POST https://localhost:7113/api/Account/RegisterCustomer - application/json 95
2024-08-13 11:36:46.213 +05:30  INF  Executing endpoint 'Web.Ecommerce.Controllers.Account.AccountController.RegisterCustomer (Web.Ecommerce)'
2024-08-13 11:36:46.240 +05:30  INF  Route matched with {action = "RegisterCustomer", controller = "Account"}. Executing controller action with signature System.Threading.Tasks.Task`1[Microsoft.AspNetCore.Mvc.IActionResult] RegisterCustomer(Application.Ecom.Authentication.Commands.RegisterCustomer.RegisterCustomerCommand) on controller Web.Ecommerce.Controllers.Account.AccountController (Web.Ecommerce).
2024-08-13 11:36:46.349 +05:30  INF  Executed DbCommand (2ms) [Parameters=[@__normalizedName_0='?' (Size = 256)], CommandType='"Text"', CommandTimeout='30']
SELECT TOP(1) [a].[Id], [a].[ConcurrencyStamp], [a].[Name], [a].[NormalizedName]
FROM [AspNetRoles] AS [a]
WHERE [a].[NormalizedName] = @__normalizedName_0
2024-08-13 11:36:46.469 +05:30  INF  Executed DbCommand (2ms) [Parameters=[@__normalizedUserName_0='?' (Size = 256)], CommandType='"Text"', CommandTimeout='30']
SELECT TOP(1) [a].[Id], [a].[AccessFailedCount], [a].[ConcurrencyStamp], [a].[CreatedAt], [a].[Email], [a].[EmailConfirmed], [a].[IsDeleted], [a].[IsVerified], [a].[LockoutEnabled], [a].[LockoutEnd], [a].[NormalizedEmail], [a].[NormalizedUserName], [a].[PasswordHash], [a].[PhoneNumber], [a].[PhoneNumberConfirmed], [a].[SecurityStamp], [a].[TwoFactorEnabled], [a].[UpdatedAt], [a].[UserName]
FROM [AspNetUsers] AS [a]
WHERE [a].[NormalizedUserName] = @__normalizedUserName_0
2024-08-13 11:36:46.483 +05:30  INF  Executed DbCommand (2ms) [Parameters=[@__normalizedEmail_0='?' (Size = 256)], CommandType='"Text"', CommandTimeout='30']
SELECT TOP(2) [a].[Id], [a].[AccessFailedCount], [a].[ConcurrencyStamp], [a].[CreatedAt], [a].[Email], [a].[EmailConfirmed], [a].[IsDeleted], [a].[IsVerified], [a].[LockoutEnabled], [a].[LockoutEnd], [a].[NormalizedEmail], [a].[NormalizedUserName], [a].[PasswordHash], [a].[PhoneNumber], [a].[PhoneNumberConfirmed], [a].[SecurityStamp], [a].[TwoFactorEnabled], [a].[UpdatedAt], [a].[UserName]
FROM [AspNetUsers] AS [a]
WHERE [a].[NormalizedEmail] = @__normalizedEmail_0
2024-08-13 11:36:46.497 +05:30  INF  Executing BadRequestObjectResult, writing value of type 'Application.Ecom.Authentication.Commands.RegisterCustomer.RegisterCustomerResponse'.
2024-08-13 11:36:46.509 +05:30  INF  Executed action Web.Ecommerce.Controllers.Account.AccountController.RegisterCustomer (Web.Ecommerce) in 263.4227ms
2024-08-13 11:36:46.514 +05:30  INF  Executed endpoint 'Web.Ecommerce.Controllers.Account.AccountController.RegisterCustomer (Web.Ecommerce)'
2024-08-13 11:36:46.519 +05:30  INF  Request finished HTTP/2 POST https://localhost:7113/api/Account/RegisterCustomer - 400 null application/json; charset=utf-8 317.0831ms
2024-08-13 11:39:30.777 +05:30  INF  Request starting HTTP/2 POST https://localhost:7113/api/Account/RegisterCustomer - application/json 95
2024-08-13 11:39:30.787 +05:30  INF  Executing endpoint 'Web.Ecommerce.Controllers.Account.AccountController.RegisterCustomer (Web.Ecommerce)'
2024-08-13 11:39:30.788 +05:30  INF  Route matched with {action = "RegisterCustomer", controller = "Account"}. Executing controller action with signature System.Threading.Tasks.Task`1[Microsoft.AspNetCore.Mvc.IActionResult] RegisterCustomer(Application.Ecom.Authentication.Commands.RegisterCustomer.RegisterCustomerCommand) on controller Web.Ecommerce.Controllers.Account.AccountController (Web.Ecommerce).
2024-08-13 11:39:30.804 +05:30  INF  Executed DbCommand (2ms) [Parameters=[@__normalizedName_0='?' (Size = 256)], CommandType='"Text"', CommandTimeout='30']
SELECT TOP(1) [a].[Id], [a].[ConcurrencyStamp], [a].[Name], [a].[NormalizedName]
FROM [AspNetRoles] AS [a]
WHERE [a].[NormalizedName] = @__normalizedName_0
2024-08-13 11:39:30.880 +05:30  INF  Executed DbCommand (2ms) [Parameters=[@__normalizedUserName_0='?' (Size = 256)], CommandType='"Text"', CommandTimeout='30']
SELECT TOP(1) [a].[Id], [a].[AccessFailedCount], [a].[ConcurrencyStamp], [a].[CreatedAt], [a].[Email], [a].[EmailConfirmed], [a].[IsDeleted], [a].[IsVerified], [a].[LockoutEnabled], [a].[LockoutEnd], [a].[NormalizedEmail], [a].[NormalizedUserName], [a].[PasswordHash], [a].[PhoneNumber], [a].[PhoneNumberConfirmed], [a].[SecurityStamp], [a].[TwoFactorEnabled], [a].[UpdatedAt], [a].[UserName]
FROM [AspNetUsers] AS [a]
WHERE [a].[NormalizedUserName] = @__normalizedUserName_0
2024-08-13 11:39:30.885 +05:30  INF  Executed DbCommand (2ms) [Parameters=[@__normalizedEmail_0='?' (Size = 256)], CommandType='"Text"', CommandTimeout='30']
SELECT TOP(2) [a].[Id], [a].[AccessFailedCount], [a].[ConcurrencyStamp], [a].[CreatedAt], [a].[Email], [a].[EmailConfirmed], [a].[IsDeleted], [a].[IsVerified], [a].[LockoutEnabled], [a].[LockoutEnd], [a].[NormalizedEmail], [a].[NormalizedUserName], [a].[PasswordHash], [a].[PhoneNumber], [a].[PhoneNumberConfirmed], [a].[SecurityStamp], [a].[TwoFactorEnabled], [a].[UpdatedAt], [a].[UserName]
FROM [AspNetUsers] AS [a]
WHERE [a].[NormalizedEmail] = @__normalizedEmail_0
2024-08-13 11:39:31.010 +05:30  INF  Executed DbCommand (5ms) [Parameters=[@p0='?' (DbType = Guid), @p1='?' (DbType = Int32), @p2='?' (Size = 4000), @p3='?' (DbType = DateTime2), @p4='?' (Size = 256), @p5='?' (DbType = Boolean), @p6='?' (DbType = Boolean), @p7='?' (DbType = Boolean), @p8='?' (DbType = Boolean), @p9='?' (DbType = DateTimeOffset), @p10='?' (Size = 256), @p11='?' (Size = 256), @p12='?' (Size = 4000), @p13='?' (Size = 4000), @p14='?' (DbType = Boolean), @p15='?' (Size = 4000), @p16='?' (DbType = Boolean), @p17='?' (DbType = DateTime2), @p18='?' (Size = 256)], CommandType='"Text"', CommandTimeout='30']
SET IMPLICIT_TRANSACTIONS OFF;
SET NOCOUNT ON;
INSERT INTO [AspNetUsers] ([Id], [AccessFailedCount], [ConcurrencyStamp], [CreatedAt], [Email], [EmailConfirmed], [IsDeleted], [IsVerified], [LockoutEnabled], [LockoutEnd], [NormalizedEmail], [NormalizedUserName], [PasswordHash], [PhoneNumber], [PhoneNumberConfirmed], [SecurityStamp], [TwoFactorEnabled], [UpdatedAt], [UserName])
VALUES (@p0, @p1, @p2, @p3, @p4, @p5, @p6, @p7, @p8, @p9, @p10, @p11, @p12, @p13, @p14, @p15, @p16, @p17, @p18);
2024-08-13 11:39:31.034 +05:30  INF  Executed DbCommand (5ms) [Parameters=[@__normalizedRoleName_0='?' (Size = 256)], CommandType='"Text"', CommandTimeout='30']
SELECT TOP(2) [a].[Id], [a].[ConcurrencyStamp], [a].[Name], [a].[NormalizedName]
FROM [AspNetRoles] AS [a]
WHERE [a].[NormalizedName] = @__normalizedRoleName_0
2024-08-13 11:39:31.086 +05:30  INF  Executed DbCommand (2ms) [Parameters=[@__get_Item_0='?' (DbType = Guid), @__get_Item_1='?' (DbType = Guid)], CommandType='"Text"', CommandTimeout='30']
SELECT TOP(1) [a].[UserId], [a].[RoleId]
FROM [AspNetUserRoles] AS [a]
WHERE [a].[UserId] = @__get_Item_0 AND [a].[RoleId] = @__get_Item_1
2024-08-13 11:39:31.094 +05:30  INF  Executed DbCommand (2ms) [Parameters=[@__normalizedRoleName_0='?' (Size = 256)], CommandType='"Text"', CommandTimeout='30']
SELECT TOP(2) [a].[Id], [a].[ConcurrencyStamp], [a].[Name], [a].[NormalizedName]
FROM [AspNetRoles] AS [a]
WHERE [a].[NormalizedName] = @__normalizedRoleName_0
2024-08-13 11:39:31.117 +05:30  INF  Executed DbCommand (5ms) [Parameters=[@__normalizedUserName_0='?' (Size = 256)], CommandType='"Text"', CommandTimeout='30']
SELECT TOP(1) [a].[Id], [a].[AccessFailedCount], [a].[ConcurrencyStamp], [a].[CreatedAt], [a].[Email], [a].[EmailConfirmed], [a].[IsDeleted], [a].[IsVerified], [a].[LockoutEnabled], [a].[LockoutEnd], [a].[NormalizedEmail], [a].[NormalizedUserName], [a].[PasswordHash], [a].[PhoneNumber], [a].[PhoneNumberConfirmed], [a].[SecurityStamp], [a].[TwoFactorEnabled], [a].[UpdatedAt], [a].[UserName]
FROM [AspNetUsers] AS [a]
WHERE [a].[NormalizedUserName] = @__normalizedUserName_0
2024-08-13 11:39:31.123 +05:30  INF  Executed DbCommand (2ms) [Parameters=[@__normalizedEmail_0='?' (Size = 256)], CommandType='"Text"', CommandTimeout='30']
SELECT TOP(2) [a].[Id], [a].[AccessFailedCount], [a].[ConcurrencyStamp], [a].[CreatedAt], [a].[Email], [a].[EmailConfirmed], [a].[IsDeleted], [a].[IsVerified], [a].[LockoutEnabled], [a].[LockoutEnd], [a].[NormalizedEmail], [a].[NormalizedUserName], [a].[PasswordHash], [a].[PhoneNumber], [a].[PhoneNumberConfirmed], [a].[SecurityStamp], [a].[TwoFactorEnabled], [a].[UpdatedAt], [a].[UserName]
FROM [AspNetUsers] AS [a]
WHERE [a].[NormalizedEmail] = @__normalizedEmail_0
2024-08-13 11:39:31.175 +05:30  INF  Executed DbCommand (17ms) [Parameters=[@p0='?' (DbType = Guid), @p1='?' (DbType = Guid), @p20='?' (DbType = Guid), @p2='?' (DbType = Int32), @p3='?' (Size = 4000), @p21='?' (Size = 4000), @p4='?' (DbType = DateTime2), @p5='?' (Size = 256), @p6='?' (DbType = Boolean), @p7='?' (DbType = Boolean), @p8='?' (DbType = Boolean), @p9='?' (DbType = Boolean), @p10='?' (DbType = DateTimeOffset), @p11='?' (Size = 256), @p12='?' (Size = 256), @p13='?' (Size = 4000), @p14='?' (Size = 4000), @p15='?' (DbType = Boolean), @p16='?' (Size = 4000), @p17='?' (DbType = Boolean), @p18='?' (DbType = DateTime2), @p19='?' (Size = 256)], CommandType='"Text"', CommandTimeout='30']
SET NOCOUNT ON;
INSERT INTO [AspNetUserRoles] ([RoleId], [UserId])
VALUES (@p0, @p1);
UPDATE [AspNetUsers] SET [AccessFailedCount] = @p2, [ConcurrencyStamp] = @p3, [CreatedAt] = @p4, [Email] = @p5, [EmailConfirmed] = @p6, [IsDeleted] = @p7, [IsVerified] = @p8, [LockoutEnabled] = @p9, [LockoutEnd] = @p10, [NormalizedEmail] = @p11, [NormalizedUserName] = @p12, [PasswordHash] = @p13, [PhoneNumber] = @p14, [PhoneNumberConfirmed] = @p15, [SecurityStamp] = @p16, [TwoFactorEnabled] = @p17, [UpdatedAt] = @p18, [UserName] = @p19
OUTPUT 1
WHERE [Id] = @p20 AND [ConcurrencyStamp] = @p21;
2024-08-13 11:39:31.426 +05:30  INF  Executed action Web.Ecommerce.Controllers.Account.AccountController.RegisterCustomer (Web.Ecommerce) in 637.0421ms
2024-08-13 11:39:31.428 +05:30  INF  Executed endpoint 'Web.Ecommerce.Controllers.Account.AccountController.RegisterCustomer (Web.Ecommerce)'
2024-08-13 11:39:31.434 +05:30  ERR  An unhandled exception has occurred while executing the request.System.ArgumentNullException: Value cannot be null. (Parameter 's')
   at System.Int32.Parse(String s)
   at Infrastructure.Services.OTPService.OtpService.SendOtpEmailAsync(String email, String otp) in C:\Users\arjun.hariprasad\source\.NET\Ecommerce\EcommerceSolution\CodeBase\Src\Infrastructures\Infrastructure\Services\OTPService\OtpService.cs:line 56
   at Infrastructure.Services.OTPService.OtpService.GenerateOtpAsync(String email) in C:\Users\arjun.hariprasad\source\.NET\Ecommerce\EcommerceSolution\CodeBase\Src\Infrastructures\Infrastructure\Services\OTPService\OtpService.cs:line 30
   at Application.Ecom.Authentication.Commands.RegisterCustomer.RegisterCustomerCommandHandler.Handle(RegisterCustomerCommand request, CancellationToken cancellationToken) in C:\Users\arjun.hariprasad\source\.NET\Ecommerce\EcommerceSolution\CodeBase\Src\Core\Application.Ecom\Authentication\Commands\RegisterCustomer\RegisterCustomerCommandHandler.cs:line 51
   at Web.Ecommerce.Controllers.Account.AccountController.RegisterCustomer(RegisterCustomerCommand command) in C:\Users\arjun.hariprasad\source\.NET\Ecommerce\EcommerceSolution\CodeBase\Src\Presentation\Web.Ecommerce\Controllers\Account\AccountController.cs:line 38
   at Microsoft.AspNetCore.Mvc.Infrastructure.ActionMethodExecutor.TaskOfIActionResultExecutor.Execute(ActionContext actionContext, IActionResultTypeMapper mapper, ObjectMethodExecutor executor, Object controller, Object[] arguments)
   at Microsoft.AspNetCore.Mvc.Infrastructure.ControllerActionInvoker.<InvokeActionMethodAsync>g__Awaited|12_0(ControllerActionInvoker invoker, ValueTask`1 actionResultValueTask)
   at Microsoft.AspNetCore.Mvc.Infrastructure.ControllerActionInvoker.<InvokeNextActionFilterAsync>g__Awaited|10_0(ControllerActionInvoker invoker, Task lastTask, State next, Scope scope, Object state, Boolean isCompleted)
   at Microsoft.AspNetCore.Mvc.Infrastructure.ControllerActionInvoker.Rethrow(ActionExecutedContextSealed context)
   at Microsoft.AspNetCore.Mvc.Infrastructure.ControllerActionInvoker.Next(State& next, Scope& scope, Object& state, Boolean& isCompleted)
   at Microsoft.AspNetCore.Mvc.Infrastructure.ControllerActionInvoker.<InvokeInnerFilterAsync>g__Awaited|13_0(ControllerActionInvoker invoker, Task lastTask, State next, Scope scope, Object state, Boolean isCompleted)
   at Microsoft.AspNetCore.Mvc.Infrastructure.ResourceInvoker.<InvokeFilterPipelineAsync>g__Awaited|20_0(ResourceInvoker invoker, Task lastTask, State next, Scope scope, Object state, Boolean isCompleted)
   at Microsoft.AspNetCore.Mvc.Infrastructure.ResourceInvoker.<InvokeAsync>g__Logged|17_1(ResourceInvoker invoker)
   at Microsoft.AspNetCore.Mvc.Infrastructure.ResourceInvoker.<InvokeAsync>g__Logged|17_1(ResourceInvoker invoker)
   at Microsoft.AspNetCore.Routing.EndpointMiddleware.<Invoke>g__AwaitRequestTask|7_0(Endpoint endpoint, Task requestTask, ILogger logger)
   at Microsoft.AspNetCore.Authorization.AuthorizationMiddleware.Invoke(HttpContext context)
   at Swashbuckle.AspNetCore.SwaggerUI.SwaggerUIMiddleware.Invoke(HttpContext httpContext)
   at Swashbuckle.AspNetCore.Swagger.SwaggerMiddleware.Invoke(HttpContext httpContext, ISwaggerProvider swaggerProvider)
   at Microsoft.AspNetCore.Authentication.AuthenticationMiddleware.Invoke(HttpContext context)
   at Microsoft.AspNetCore.Diagnostics.DeveloperExceptionPageMiddlewareImpl.Invoke(HttpContext context)

2024-08-13 11:39:31.477 +05:30  INF  Request finished HTTP/2 POST https://localhost:7113/api/Account/RegisterCustomer - 500 null text/plain; charset=utf-8 700.2703ms
2024-08-13 11:43:46.025 +05:30  INF  User profile is available. Using 'C:\Users\arjun.hariprasad\AppData\Local\ASP.NET\DataProtection-Keys' as key repository and Windows DPAPI to encrypt keys at rest.
2024-08-13 11:43:47.200 +05:30  INF  Executed DbCommand (38ms) [Parameters=[@__normalizedName_0='?' (Size = 256)], CommandType='"Text"', CommandTimeout='30']
SELECT TOP(1) [a].[Id], [a].[ConcurrencyStamp], [a].[Name], [a].[NormalizedName]
FROM [AspNetRoles] AS [a]
WHERE [a].[NormalizedName] = @__normalizedName_0
2024-08-13 11:43:47.270 +05:30  INF  Executed DbCommand (7ms) [Parameters=[@__normalizedName_0='?' (Size = 256)], CommandType='"Text"', CommandTimeout='30']
SELECT TOP(1) [a].[Id], [a].[ConcurrencyStamp], [a].[Name], [a].[NormalizedName]
FROM [AspNetRoles] AS [a]
WHERE [a].[NormalizedName] = @__normalizedName_0
2024-08-13 11:43:47.273 +05:30  INF  Executed DbCommand (2ms) [Parameters=[@__normalizedName_0='?' (Size = 256)], CommandType='"Text"', CommandTimeout='30']
SELECT TOP(1) [a].[Id], [a].[ConcurrencyStamp], [a].[Name], [a].[NormalizedName]
FROM [AspNetRoles] AS [a]
WHERE [a].[NormalizedName] = @__normalizedName_0
2024-08-13 11:43:47.288 +05:30  INF  Executed DbCommand (2ms) [Parameters=[@__normalizedEmail_0='?' (Size = 256)], CommandType='"Text"', CommandTimeout='30']
SELECT TOP(2) [a].[Id], [a].[AccessFailedCount], [a].[ConcurrencyStamp], [a].[CreatedAt], [a].[Email], [a].[EmailConfirmed], [a].[IsDeleted], [a].[IsVerified], [a].[LockoutEnabled], [a].[LockoutEnd], [a].[NormalizedEmail], [a].[NormalizedUserName], [a].[PasswordHash], [a].[PhoneNumber], [a].[PhoneNumberConfirmed], [a].[SecurityStamp], [a].[TwoFactorEnabled], [a].[UpdatedAt], [a].[UserName]
FROM [AspNetUsers] AS [a]
WHERE [a].[NormalizedEmail] = @__normalizedEmail_0
2024-08-13 11:43:47.334 +05:30  INF  Executed DbCommand (2ms) [Parameters=[@__normalizedEmail_0='?' (Size = 256)], CommandType='"Text"', CommandTimeout='30']
SELECT TOP(2) [a].[Id], [a].[AccessFailedCount], [a].[ConcurrencyStamp], [a].[CreatedAt], [a].[Email], [a].[EmailConfirmed], [a].[IsDeleted], [a].[IsVerified], [a].[LockoutEnabled], [a].[LockoutEnd], [a].[NormalizedEmail], [a].[NormalizedUserName], [a].[PasswordHash], [a].[PhoneNumber], [a].[PhoneNumberConfirmed], [a].[SecurityStamp], [a].[TwoFactorEnabled], [a].[UpdatedAt], [a].[UserName]
FROM [AspNetUsers] AS [a]
WHERE [a].[NormalizedEmail] = @__normalizedEmail_0
2024-08-13 11:43:47.338 +05:30  INF  Executed DbCommand (1ms) [Parameters=[@__normalizedEmail_0='?' (Size = 256)], CommandType='"Text"', CommandTimeout='30']
SELECT TOP(2) [a].[Id], [a].[AccessFailedCount], [a].[ConcurrencyStamp], [a].[CreatedAt], [a].[Email], [a].[EmailConfirmed], [a].[IsDeleted], [a].[IsVerified], [a].[LockoutEnabled], [a].[LockoutEnd], [a].[NormalizedEmail], [a].[NormalizedUserName], [a].[PasswordHash], [a].[PhoneNumber], [a].[PhoneNumberConfirmed], [a].[SecurityStamp], [a].[TwoFactorEnabled], [a].[UpdatedAt], [a].[UserName]
FROM [AspNetUsers] AS [a]
WHERE [a].[NormalizedEmail] = @__normalizedEmail_0
2024-08-13 11:43:47.524 +05:30  INF  Now listening on: https://localhost:7113
2024-08-13 11:43:47.526 +05:30  INF  Now listening on: http://localhost:5081
2024-08-13 11:43:47.528 +05:30  INF  Application started. Press Ctrl+C to shut down.
2024-08-13 11:43:47.529 +05:30  INF  Hosting environment: Development
2024-08-13 11:43:47.529 +05:30  INF  Content root path: C:\Users\arjun.hariprasad\source\.NET\Ecommerce\EcommerceSolution\CodeBase\Src\Presentation\Web.Ecommerce
2024-08-13 11:43:48.351 +05:30  INF  Request starting HTTP/2 GET https://localhost:7113/swagger/index.html - null null
2024-08-13 11:43:48.621 +05:30  INF  Request finished HTTP/2 GET https://localhost:7113/swagger/index.html - 200 null text/html;charset=utf-8 278.3895ms
2024-08-13 11:43:48.637 +05:30  INF  Request starting HTTP/2 GET https://localhost:7113/_framework/aspnetcore-browser-refresh.js - null null
2024-08-13 11:43:48.637 +05:30  INF  Request starting HTTP/2 GET https://localhost:7113/swagger/index.js - null null
2024-08-13 11:43:48.637 +05:30  INF  Request starting HTTP/2 GET https://localhost:7113/_vs/browserLink - null null
2024-08-13 11:43:48.644 +05:30  INF  Request finished HTTP/2 GET https://localhost:7113/swagger/index.js - 200 null application/javascript;charset=utf-8 7.5417ms
2024-08-13 11:43:48.659 +05:30  INF  Request finished HTTP/2 GET https://localhost:7113/_framework/aspnetcore-browser-refresh.js - 200 13762 application/javascript; charset=utf-8 21.9572ms
2024-08-13 11:43:48.692 +05:30  INF  Request finished HTTP/2 GET https://localhost:7113/_vs/browserLink - 200 null text/javascript; charset=UTF-8 54.8891ms
2024-08-13 11:43:48.734 +05:30  INF  Request starting HTTP/2 GET https://localhost:7113/swagger/v1/swagger.json - null null
2024-08-13 11:43:48.834 +05:30  INF  Request finished HTTP/2 GET https://localhost:7113/swagger/v1/swagger.json - 200 null application/json;charset=utf-8 99.8483ms
2024-08-13 11:43:58.885 +05:30  INF  Request starting HTTP/2 POST https://localhost:7113/api/Account/RegisterCustomer - application/json 95
2024-08-13 11:43:58.895 +05:30  INF  Executing endpoint 'Web.Ecommerce.Controllers.Account.AccountController.RegisterCustomer (Web.Ecommerce)'
2024-08-13 11:43:58.916 +05:30  INF  Route matched with {action = "RegisterCustomer", controller = "Account"}. Executing controller action with signature System.Threading.Tasks.Task`1[Microsoft.AspNetCore.Mvc.IActionResult] RegisterCustomer(Application.Ecom.Authentication.Commands.RegisterCustomer.RegisterCustomerCommand) on controller Web.Ecommerce.Controllers.Account.AccountController (Web.Ecommerce).
2024-08-13 11:43:59.018 +05:30  INF  Executed DbCommand (2ms) [Parameters=[@__normalizedName_0='?' (Size = 256)], CommandType='"Text"', CommandTimeout='30']
SELECT TOP(1) [a].[Id], [a].[ConcurrencyStamp], [a].[Name], [a].[NormalizedName]
FROM [AspNetRoles] AS [a]
WHERE [a].[NormalizedName] = @__normalizedName_0
2024-08-13 11:43:59.129 +05:30  INF  Executed DbCommand (2ms) [Parameters=[@__normalizedUserName_0='?' (Size = 256)], CommandType='"Text"', CommandTimeout='30']
SELECT TOP(1) [a].[Id], [a].[AccessFailedCount], [a].[ConcurrencyStamp], [a].[CreatedAt], [a].[Email], [a].[EmailConfirmed], [a].[IsDeleted], [a].[IsVerified], [a].[LockoutEnabled], [a].[LockoutEnd], [a].[NormalizedEmail], [a].[NormalizedUserName], [a].[PasswordHash], [a].[PhoneNumber], [a].[PhoneNumberConfirmed], [a].[SecurityStamp], [a].[TwoFactorEnabled], [a].[UpdatedAt], [a].[UserName]
FROM [AspNetUsers] AS [a]
WHERE [a].[NormalizedUserName] = @__normalizedUserName_0
2024-08-13 11:43:59.140 +05:30  INF  Executed DbCommand (2ms) [Parameters=[@__normalizedEmail_0='?' (Size = 256)], CommandType='"Text"', CommandTimeout='30']
SELECT TOP(2) [a].[Id], [a].[AccessFailedCount], [a].[ConcurrencyStamp], [a].[CreatedAt], [a].[Email], [a].[EmailConfirmed], [a].[IsDeleted], [a].[IsVerified], [a].[LockoutEnabled], [a].[LockoutEnd], [a].[NormalizedEmail], [a].[NormalizedUserName], [a].[PasswordHash], [a].[PhoneNumber], [a].[PhoneNumberConfirmed], [a].[SecurityStamp], [a].[TwoFactorEnabled], [a].[UpdatedAt], [a].[UserName]
FROM [AspNetUsers] AS [a]
WHERE [a].[NormalizedEmail] = @__normalizedEmail_0
2024-08-13 11:43:59.266 +05:30  INF  Executed DbCommand (11ms) [Parameters=[@p0='?' (DbType = Guid), @p1='?' (DbType = Int32), @p2='?' (Size = 4000), @p3='?' (DbType = DateTime2), @p4='?' (Size = 256), @p5='?' (DbType = Boolean), @p6='?' (DbType = Boolean), @p7='?' (DbType = Boolean), @p8='?' (DbType = Boolean), @p9='?' (DbType = DateTimeOffset), @p10='?' (Size = 256), @p11='?' (Size = 256), @p12='?' (Size = 4000), @p13='?' (Size = 4000), @p14='?' (DbType = Boolean), @p15='?' (Size = 4000), @p16='?' (DbType = Boolean), @p17='?' (DbType = DateTime2), @p18='?' (Size = 256)], CommandType='"Text"', CommandTimeout='30']
SET IMPLICIT_TRANSACTIONS OFF;
SET NOCOUNT ON;
INSERT INTO [AspNetUsers] ([Id], [AccessFailedCount], [ConcurrencyStamp], [CreatedAt], [Email], [EmailConfirmed], [IsDeleted], [IsVerified], [LockoutEnabled], [LockoutEnd], [NormalizedEmail], [NormalizedUserName], [PasswordHash], [PhoneNumber], [PhoneNumberConfirmed], [SecurityStamp], [TwoFactorEnabled], [UpdatedAt], [UserName])
VALUES (@p0, @p1, @p2, @p3, @p4, @p5, @p6, @p7, @p8, @p9, @p10, @p11, @p12, @p13, @p14, @p15, @p16, @p17, @p18);
2024-08-13 11:43:59.293 +05:30  INF  Executed DbCommand (2ms) [Parameters=[@__normalizedRoleName_0='?' (Size = 256)], CommandType='"Text"', CommandTimeout='30']
SELECT TOP(2) [a].[Id], [a].[ConcurrencyStamp], [a].[Name], [a].[NormalizedName]
FROM [AspNetRoles] AS [a]
WHERE [a].[NormalizedName] = @__normalizedRoleName_0
2024-08-13 11:43:59.344 +05:30  INF  Executed DbCommand (1ms) [Parameters=[@__get_Item_0='?' (DbType = Guid), @__get_Item_1='?' (DbType = Guid)], CommandType='"Text"', CommandTimeout='30']
SELECT TOP(1) [a].[UserId], [a].[RoleId]
FROM [AspNetUserRoles] AS [a]
WHERE [a].[UserId] = @__get_Item_0 AND [a].[RoleId] = @__get_Item_1
2024-08-13 11:43:59.353 +05:30  INF  Executed DbCommand (2ms) [Parameters=[@__normalizedRoleName_0='?' (Size = 256)], CommandType='"Text"', CommandTimeout='30']
SELECT TOP(2) [a].[Id], [a].[ConcurrencyStamp], [a].[Name], [a].[NormalizedName]
FROM [AspNetRoles] AS [a]
WHERE [a].[NormalizedName] = @__normalizedRoleName_0
2024-08-13 11:43:59.372 +05:30  INF  Executed DbCommand (2ms) [Parameters=[@__normalizedUserName_0='?' (Size = 256)], CommandType='"Text"', CommandTimeout='30']
SELECT TOP(1) [a].[Id], [a].[AccessFailedCount], [a].[ConcurrencyStamp], [a].[CreatedAt], [a].[Email], [a].[EmailConfirmed], [a].[IsDeleted], [a].[IsVerified], [a].[LockoutEnabled], [a].[LockoutEnd], [a].[NormalizedEmail], [a].[NormalizedUserName], [a].[PasswordHash], [a].[PhoneNumber], [a].[PhoneNumberConfirmed], [a].[SecurityStamp], [a].[TwoFactorEnabled], [a].[UpdatedAt], [a].[UserName]
FROM [AspNetUsers] AS [a]
WHERE [a].[NormalizedUserName] = @__normalizedUserName_0
2024-08-13 11:43:59.378 +05:30  INF  Executed DbCommand (2ms) [Parameters=[@__normalizedEmail_0='?' (Size = 256)], CommandType='"Text"', CommandTimeout='30']
SELECT TOP(2) [a].[Id], [a].[AccessFailedCount], [a].[ConcurrencyStamp], [a].[CreatedAt], [a].[Email], [a].[EmailConfirmed], [a].[IsDeleted], [a].[IsVerified], [a].[LockoutEnabled], [a].[LockoutEnd], [a].[NormalizedEmail], [a].[NormalizedUserName], [a].[PasswordHash], [a].[PhoneNumber], [a].[PhoneNumberConfirmed], [a].[SecurityStamp], [a].[TwoFactorEnabled], [a].[UpdatedAt], [a].[UserName]
FROM [AspNetUsers] AS [a]
WHERE [a].[NormalizedEmail] = @__normalizedEmail_0
2024-08-13 11:43:59.424 +05:30  INF  Executed DbCommand (14ms) [Parameters=[@p0='?' (DbType = Guid), @p1='?' (DbType = Guid), @p20='?' (DbType = Guid), @p2='?' (DbType = Int32), @p3='?' (Size = 4000), @p21='?' (Size = 4000), @p4='?' (DbType = DateTime2), @p5='?' (Size = 256), @p6='?' (DbType = Boolean), @p7='?' (DbType = Boolean), @p8='?' (DbType = Boolean), @p9='?' (DbType = Boolean), @p10='?' (DbType = DateTimeOffset), @p11='?' (Size = 256), @p12='?' (Size = 256), @p13='?' (Size = 4000), @p14='?' (Size = 4000), @p15='?' (DbType = Boolean), @p16='?' (Size = 4000), @p17='?' (DbType = Boolean), @p18='?' (DbType = DateTime2), @p19='?' (Size = 256)], CommandType='"Text"', CommandTimeout='30']
SET NOCOUNT ON;
INSERT INTO [AspNetUserRoles] ([RoleId], [UserId])
VALUES (@p0, @p1);
UPDATE [AspNetUsers] SET [AccessFailedCount] = @p2, [ConcurrencyStamp] = @p3, [CreatedAt] = @p4, [Email] = @p5, [EmailConfirmed] = @p6, [IsDeleted] = @p7, [IsVerified] = @p8, [LockoutEnabled] = @p9, [LockoutEnd] = @p10, [NormalizedEmail] = @p11, [NormalizedUserName] = @p12, [PasswordHash] = @p13, [PhoneNumber] = @p14, [PhoneNumberConfirmed] = @p15, [SecurityStamp] = @p16, [TwoFactorEnabled] = @p17, [UpdatedAt] = @p18, [UserName] = @p19
OUTPUT 1
WHERE [Id] = @p20 AND [ConcurrencyStamp] = @p21;
2024-08-13 11:45:17.508 +05:30  INF  Executed action Web.Ecommerce.Controllers.Account.AccountController.RegisterCustomer (Web.Ecommerce) in 78585.3261ms
2024-08-13 11:45:17.510 +05:30  INF  Executed endpoint 'Web.Ecommerce.Controllers.Account.AccountController.RegisterCustomer (Web.Ecommerce)'
2024-08-13 11:45:17.514 +05:30  ERR  An unhandled exception has occurred while executing the request.System.ArgumentNullException: Value cannot be null. (Parameter 's')
   at System.Int32.Parse(String s)
   at Infrastructure.Services.OTPService.OtpService.SendOtpEmailAsync(String email, String otp) in C:\Users\arjun.hariprasad\source\.NET\Ecommerce\EcommerceSolution\CodeBase\Src\Infrastructures\Infrastructure\Services\OTPService\OtpService.cs:line 56
   at Infrastructure.Services.OTPService.OtpService.GenerateOtpAsync(String email) in C:\Users\arjun.hariprasad\source\.NET\Ecommerce\EcommerceSolution\CodeBase\Src\Infrastructures\Infrastructure\Services\OTPService\OtpService.cs:line 30
   at Application.Ecom.Authentication.Commands.RegisterCustomer.RegisterCustomerCommandHandler.Handle(RegisterCustomerCommand request, CancellationToken cancellationToken) in C:\Users\arjun.hariprasad\source\.NET\Ecommerce\EcommerceSolution\CodeBase\Src\Core\Application.Ecom\Authentication\Commands\RegisterCustomer\RegisterCustomerCommandHandler.cs:line 51
   at Web.Ecommerce.Controllers.Account.AccountController.RegisterCustomer(RegisterCustomerCommand command) in C:\Users\arjun.hariprasad\source\.NET\Ecommerce\EcommerceSolution\CodeBase\Src\Presentation\Web.Ecommerce\Controllers\Account\AccountController.cs:line 38
   at Microsoft.AspNetCore.Mvc.Infrastructure.ActionMethodExecutor.TaskOfIActionResultExecutor.Execute(ActionContext actionContext, IActionResultTypeMapper mapper, ObjectMethodExecutor executor, Object controller, Object[] arguments)
   at Microsoft.AspNetCore.Mvc.Infrastructure.ControllerActionInvoker.<InvokeActionMethodAsync>g__Awaited|12_0(ControllerActionInvoker invoker, ValueTask`1 actionResultValueTask)
   at Microsoft.AspNetCore.Mvc.Infrastructure.ControllerActionInvoker.<InvokeNextActionFilterAsync>g__Awaited|10_0(ControllerActionInvoker invoker, Task lastTask, State next, Scope scope, Object state, Boolean isCompleted)
   at Microsoft.AspNetCore.Mvc.Infrastructure.ControllerActionInvoker.Rethrow(ActionExecutedContextSealed context)
   at Microsoft.AspNetCore.Mvc.Infrastructure.ControllerActionInvoker.Next(State& next, Scope& scope, Object& state, Boolean& isCompleted)
   at Microsoft.AspNetCore.Mvc.Infrastructure.ControllerActionInvoker.<InvokeInnerFilterAsync>g__Awaited|13_0(ControllerActionInvoker invoker, Task lastTask, State next, Scope scope, Object state, Boolean isCompleted)
   at Microsoft.AspNetCore.Mvc.Infrastructure.ResourceInvoker.<InvokeFilterPipelineAsync>g__Awaited|20_0(ResourceInvoker invoker, Task lastTask, State next, Scope scope, Object state, Boolean isCompleted)
   at Microsoft.AspNetCore.Mvc.Infrastructure.ResourceInvoker.<InvokeAsync>g__Logged|17_1(ResourceInvoker invoker)
   at Microsoft.AspNetCore.Mvc.Infrastructure.ResourceInvoker.<InvokeAsync>g__Logged|17_1(ResourceInvoker invoker)
   at Microsoft.AspNetCore.Routing.EndpointMiddleware.<Invoke>g__AwaitRequestTask|7_0(Endpoint endpoint, Task requestTask, ILogger logger)
   at Microsoft.AspNetCore.Authorization.AuthorizationMiddleware.Invoke(HttpContext context)
   at Swashbuckle.AspNetCore.SwaggerUI.SwaggerUIMiddleware.Invoke(HttpContext httpContext)
   at Swashbuckle.AspNetCore.Swagger.SwaggerMiddleware.Invoke(HttpContext httpContext, ISwaggerProvider swaggerProvider)
   at Microsoft.AspNetCore.Authentication.AuthenticationMiddleware.Invoke(HttpContext context)
   at Microsoft.AspNetCore.Diagnostics.DeveloperExceptionPageMiddlewareImpl.Invoke(HttpContext context)

2024-08-13 11:45:17.534 +05:30  INF  Request finished HTTP/2 POST https://localhost:7113/api/Account/RegisterCustomer - 500 null text/plain; charset=utf-8 78649.0869ms
2024-08-13 11:50:20.810 +05:30  INF  User profile is available. Using 'C:\Users\arjun.hariprasad\AppData\Local\ASP.NET\DataProtection-Keys' as key repository and Windows DPAPI to encrypt keys at rest.
2024-08-13 11:50:21.901 +05:30  INF  Executed DbCommand (36ms) [Parameters=[@__normalizedName_0='?' (Size = 256)], CommandType='"Text"', CommandTimeout='30']
SELECT TOP(1) [a].[Id], [a].[ConcurrencyStamp], [a].[Name], [a].[NormalizedName]
FROM [AspNetRoles] AS [a]
WHERE [a].[NormalizedName] = @__normalizedName_0
2024-08-13 11:50:21.973 +05:30  INF  Executed DbCommand (6ms) [Parameters=[@__normalizedName_0='?' (Size = 256)], CommandType='"Text"', CommandTimeout='30']
SELECT TOP(1) [a].[Id], [a].[ConcurrencyStamp], [a].[Name], [a].[NormalizedName]
FROM [AspNetRoles] AS [a]
WHERE [a].[NormalizedName] = @__normalizedName_0
2024-08-13 11:50:21.977 +05:30  INF  Executed DbCommand (1ms) [Parameters=[@__normalizedName_0='?' (Size = 256)], CommandType='"Text"', CommandTimeout='30']
SELECT TOP(1) [a].[Id], [a].[ConcurrencyStamp], [a].[Name], [a].[NormalizedName]
FROM [AspNetRoles] AS [a]
WHERE [a].[NormalizedName] = @__normalizedName_0
2024-08-13 11:50:21.990 +05:30  INF  Executed DbCommand (2ms) [Parameters=[@__normalizedEmail_0='?' (Size = 256)], CommandType='"Text"', CommandTimeout='30']
SELECT TOP(2) [a].[Id], [a].[AccessFailedCount], [a].[ConcurrencyStamp], [a].[CreatedAt], [a].[Email], [a].[EmailConfirmed], [a].[IsDeleted], [a].[IsVerified], [a].[LockoutEnabled], [a].[LockoutEnd], [a].[NormalizedEmail], [a].[NormalizedUserName], [a].[PasswordHash], [a].[PhoneNumber], [a].[PhoneNumberConfirmed], [a].[SecurityStamp], [a].[TwoFactorEnabled], [a].[UpdatedAt], [a].[UserName]
FROM [AspNetUsers] AS [a]
WHERE [a].[NormalizedEmail] = @__normalizedEmail_0
2024-08-13 11:50:22.035 +05:30  INF  Executed DbCommand (1ms) [Parameters=[@__normalizedEmail_0='?' (Size = 256)], CommandType='"Text"', CommandTimeout='30']
SELECT TOP(2) [a].[Id], [a].[AccessFailedCount], [a].[ConcurrencyStamp], [a].[CreatedAt], [a].[Email], [a].[EmailConfirmed], [a].[IsDeleted], [a].[IsVerified], [a].[LockoutEnabled], [a].[LockoutEnd], [a].[NormalizedEmail], [a].[NormalizedUserName], [a].[PasswordHash], [a].[PhoneNumber], [a].[PhoneNumberConfirmed], [a].[SecurityStamp], [a].[TwoFactorEnabled], [a].[UpdatedAt], [a].[UserName]
FROM [AspNetUsers] AS [a]
WHERE [a].[NormalizedEmail] = @__normalizedEmail_0
2024-08-13 11:50:22.038 +05:30  INF  Executed DbCommand (1ms) [Parameters=[@__normalizedEmail_0='?' (Size = 256)], CommandType='"Text"', CommandTimeout='30']
SELECT TOP(2) [a].[Id], [a].[AccessFailedCount], [a].[ConcurrencyStamp], [a].[CreatedAt], [a].[Email], [a].[EmailConfirmed], [a].[IsDeleted], [a].[IsVerified], [a].[LockoutEnabled], [a].[LockoutEnd], [a].[NormalizedEmail], [a].[NormalizedUserName], [a].[PasswordHash], [a].[PhoneNumber], [a].[PhoneNumberConfirmed], [a].[SecurityStamp], [a].[TwoFactorEnabled], [a].[UpdatedAt], [a].[UserName]
FROM [AspNetUsers] AS [a]
WHERE [a].[NormalizedEmail] = @__normalizedEmail_0
2024-08-13 11:50:22.215 +05:30  INF  Now listening on: https://localhost:7113
2024-08-13 11:50:22.217 +05:30  INF  Now listening on: http://localhost:5081
2024-08-13 11:50:22.219 +05:30  INF  Application started. Press Ctrl+C to shut down.
2024-08-13 11:50:22.219 +05:30  INF  Hosting environment: Development
2024-08-13 11:50:22.220 +05:30  INF  Content root path: C:\Users\arjun.hariprasad\source\.NET\Ecommerce\EcommerceSolution\CodeBase\Src\Presentation\Web.Ecommerce
2024-08-13 11:50:22.740 +05:30  INF  Request starting HTTP/2 GET https://localhost:7113/swagger/index.html - null null
2024-08-13 11:50:23.002 +05:30  INF  Request finished HTTP/2 GET https://localhost:7113/swagger/index.html - 200 null text/html;charset=utf-8 266.8656ms
2024-08-13 11:50:23.012 +05:30  INF  Request starting HTTP/2 GET https://localhost:7113/_framework/aspnetcore-browser-refresh.js - null null
2024-08-13 11:50:23.012 +05:30  INF  Request starting HTTP/2 GET https://localhost:7113/swagger/index.js - null null
2024-08-13 11:50:23.016 +05:30  INF  Request starting HTTP/2 GET https://localhost:7113/_vs/browserLink - null null
2024-08-13 11:50:23.029 +05:30  INF  Request finished HTTP/2 GET https://localhost:7113/swagger/index.js - 200 null application/javascript;charset=utf-8 17.2915ms
2024-08-13 11:50:23.038 +05:30  INF  Request finished HTTP/2 GET https://localhost:7113/_framework/aspnetcore-browser-refresh.js - 200 13762 application/javascript; charset=utf-8 26.8578ms
2024-08-13 11:50:23.071 +05:30  INF  Request finished HTTP/2 GET https://localhost:7113/_vs/browserLink - 200 null text/javascript; charset=UTF-8 56.6552ms
2024-08-13 11:50:23.113 +05:30  INF  Request starting HTTP/2 GET https://localhost:7113/swagger/v1/swagger.json - null null
2024-08-13 11:50:23.216 +05:30  INF  Request finished HTTP/2 GET https://localhost:7113/swagger/v1/swagger.json - 200 null application/json;charset=utf-8 102.6521ms
2024-08-13 11:50:37.278 +05:30  INF  Request starting HTTP/2 POST https://localhost:7113/api/Account/RegisterCustomer - application/json 96
2024-08-13 11:50:37.289 +05:30  INF  Executing endpoint 'Web.Ecommerce.Controllers.Account.AccountController.RegisterCustomer (Web.Ecommerce)'
2024-08-13 11:50:37.307 +05:30  INF  Route matched with {action = "RegisterCustomer", controller = "Account"}. Executing controller action with signature System.Threading.Tasks.Task`1[Microsoft.AspNetCore.Mvc.IActionResult] RegisterCustomer(Application.Ecom.Authentication.Commands.RegisterCustomer.RegisterCustomerCommand) on controller Web.Ecommerce.Controllers.Account.AccountController (Web.Ecommerce).
2024-08-13 11:50:37.404 +05:30  INF  Executed DbCommand (2ms) [Parameters=[@__normalizedName_0='?' (Size = 256)], CommandType='"Text"', CommandTimeout='30']
SELECT TOP(1) [a].[Id], [a].[ConcurrencyStamp], [a].[Name], [a].[NormalizedName]
FROM [AspNetRoles] AS [a]
WHERE [a].[NormalizedName] = @__normalizedName_0
2024-08-13 11:50:37.510 +05:30  INF  Executed DbCommand (2ms) [Parameters=[@__normalizedUserName_0='?' (Size = 256)], CommandType='"Text"', CommandTimeout='30']
SELECT TOP(1) [a].[Id], [a].[AccessFailedCount], [a].[ConcurrencyStamp], [a].[CreatedAt], [a].[Email], [a].[EmailConfirmed], [a].[IsDeleted], [a].[IsVerified], [a].[LockoutEnabled], [a].[LockoutEnd], [a].[NormalizedEmail], [a].[NormalizedUserName], [a].[PasswordHash], [a].[PhoneNumber], [a].[PhoneNumberConfirmed], [a].[SecurityStamp], [a].[TwoFactorEnabled], [a].[UpdatedAt], [a].[UserName]
FROM [AspNetUsers] AS [a]
WHERE [a].[NormalizedUserName] = @__normalizedUserName_0
2024-08-13 11:50:37.520 +05:30  INF  Executed DbCommand (2ms) [Parameters=[@__normalizedEmail_0='?' (Size = 256)], CommandType='"Text"', CommandTimeout='30']
SELECT TOP(2) [a].[Id], [a].[AccessFailedCount], [a].[ConcurrencyStamp], [a].[CreatedAt], [a].[Email], [a].[EmailConfirmed], [a].[IsDeleted], [a].[IsVerified], [a].[LockoutEnabled], [a].[LockoutEnd], [a].[NormalizedEmail], [a].[NormalizedUserName], [a].[PasswordHash], [a].[PhoneNumber], [a].[PhoneNumberConfirmed], [a].[SecurityStamp], [a].[TwoFactorEnabled], [a].[UpdatedAt], [a].[UserName]
FROM [AspNetUsers] AS [a]
WHERE [a].[NormalizedEmail] = @__normalizedEmail_0
2024-08-13 11:50:37.637 +05:30  INF  Executed DbCommand (10ms) [Parameters=[@p0='?' (DbType = Guid), @p1='?' (DbType = Int32), @p2='?' (Size = 4000), @p3='?' (DbType = DateTime2), @p4='?' (Size = 256), @p5='?' (DbType = Boolean), @p6='?' (DbType = Boolean), @p7='?' (DbType = Boolean), @p8='?' (DbType = Boolean), @p9='?' (DbType = DateTimeOffset), @p10='?' (Size = 256), @p11='?' (Size = 256), @p12='?' (Size = 4000), @p13='?' (Size = 4000), @p14='?' (DbType = Boolean), @p15='?' (Size = 4000), @p16='?' (DbType = Boolean), @p17='?' (DbType = DateTime2), @p18='?' (Size = 256)], CommandType='"Text"', CommandTimeout='30']
SET IMPLICIT_TRANSACTIONS OFF;
SET NOCOUNT ON;
INSERT INTO [AspNetUsers] ([Id], [AccessFailedCount], [ConcurrencyStamp], [CreatedAt], [Email], [EmailConfirmed], [IsDeleted], [IsVerified], [LockoutEnabled], [LockoutEnd], [NormalizedEmail], [NormalizedUserName], [PasswordHash], [PhoneNumber], [PhoneNumberConfirmed], [SecurityStamp], [TwoFactorEnabled], [UpdatedAt], [UserName])
VALUES (@p0, @p1, @p2, @p3, @p4, @p5, @p6, @p7, @p8, @p9, @p10, @p11, @p12, @p13, @p14, @p15, @p16, @p17, @p18);
2024-08-13 11:50:37.656 +05:30  INF  Executed DbCommand (2ms) [Parameters=[@__normalizedRoleName_0='?' (Size = 256)], CommandType='"Text"', CommandTimeout='30']
SELECT TOP(2) [a].[Id], [a].[ConcurrencyStamp], [a].[Name], [a].[NormalizedName]
FROM [AspNetRoles] AS [a]
WHERE [a].[NormalizedName] = @__normalizedRoleName_0
2024-08-13 11:50:37.704 +05:30  INF  Executed DbCommand (1ms) [Parameters=[@__get_Item_0='?' (DbType = Guid), @__get_Item_1='?' (DbType = Guid)], CommandType='"Text"', CommandTimeout='30']
SELECT TOP(1) [a].[UserId], [a].[RoleId]
FROM [AspNetUserRoles] AS [a]
WHERE [a].[UserId] = @__get_Item_0 AND [a].[RoleId] = @__get_Item_1
2024-08-13 11:50:37.710 +05:30  INF  Executed DbCommand (2ms) [Parameters=[@__normalizedRoleName_0='?' (Size = 256)], CommandType='"Text"', CommandTimeout='30']
SELECT TOP(2) [a].[Id], [a].[ConcurrencyStamp], [a].[Name], [a].[NormalizedName]
FROM [AspNetRoles] AS [a]
WHERE [a].[NormalizedName] = @__normalizedRoleName_0
2024-08-13 11:50:37.726 +05:30  INF  Executed DbCommand (2ms) [Parameters=[@__normalizedUserName_0='?' (Size = 256)], CommandType='"Text"', CommandTimeout='30']
SELECT TOP(1) [a].[Id], [a].[AccessFailedCount], [a].[ConcurrencyStamp], [a].[CreatedAt], [a].[Email], [a].[EmailConfirmed], [a].[IsDeleted], [a].[IsVerified], [a].[LockoutEnabled], [a].[LockoutEnd], [a].[NormalizedEmail], [a].[NormalizedUserName], [a].[PasswordHash], [a].[PhoneNumber], [a].[PhoneNumberConfirmed], [a].[SecurityStamp], [a].[TwoFactorEnabled], [a].[UpdatedAt], [a].[UserName]
FROM [AspNetUsers] AS [a]
WHERE [a].[NormalizedUserName] = @__normalizedUserName_0
2024-08-13 11:50:37.733 +05:30  INF  Executed DbCommand (3ms) [Parameters=[@__normalizedEmail_0='?' (Size = 256)], CommandType='"Text"', CommandTimeout='30']
SELECT TOP(2) [a].[Id], [a].[AccessFailedCount], [a].[ConcurrencyStamp], [a].[CreatedAt], [a].[Email], [a].[EmailConfirmed], [a].[IsDeleted], [a].[IsVerified], [a].[LockoutEnabled], [a].[LockoutEnd], [a].[NormalizedEmail], [a].[NormalizedUserName], [a].[PasswordHash], [a].[PhoneNumber], [a].[PhoneNumberConfirmed], [a].[SecurityStamp], [a].[TwoFactorEnabled], [a].[UpdatedAt], [a].[UserName]
FROM [AspNetUsers] AS [a]
WHERE [a].[NormalizedEmail] = @__normalizedEmail_0
2024-08-13 11:50:37.879 +05:30  INF  Executed DbCommand (117ms) [Parameters=[@p0='?' (DbType = Guid), @p1='?' (DbType = Guid), @p20='?' (DbType = Guid), @p2='?' (DbType = Int32), @p3='?' (Size = 4000), @p21='?' (Size = 4000), @p4='?' (DbType = DateTime2), @p5='?' (Size = 256), @p6='?' (DbType = Boolean), @p7='?' (DbType = Boolean), @p8='?' (DbType = Boolean), @p9='?' (DbType = Boolean), @p10='?' (DbType = DateTimeOffset), @p11='?' (Size = 256), @p12='?' (Size = 256), @p13='?' (Size = 4000), @p14='?' (Size = 4000), @p15='?' (DbType = Boolean), @p16='?' (Size = 4000), @p17='?' (DbType = Boolean), @p18='?' (DbType = DateTime2), @p19='?' (Size = 256)], CommandType='"Text"', CommandTimeout='30']
SET NOCOUNT ON;
INSERT INTO [AspNetUserRoles] ([RoleId], [UserId])
VALUES (@p0, @p1);
UPDATE [AspNetUsers] SET [AccessFailedCount] = @p2, [ConcurrencyStamp] = @p3, [CreatedAt] = @p4, [Email] = @p5, [EmailConfirmed] = @p6, [IsDeleted] = @p7, [IsVerified] = @p8, [LockoutEnabled] = @p9, [LockoutEnd] = @p10, [NormalizedEmail] = @p11, [NormalizedUserName] = @p12, [PasswordHash] = @p13, [PhoneNumber] = @p14, [PhoneNumberConfirmed] = @p15, [SecurityStamp] = @p16, [TwoFactorEnabled] = @p17, [UpdatedAt] = @p18, [UserName] = @p19
OUTPUT 1
WHERE [Id] = @p20 AND [ConcurrencyStamp] = @p21;
2024-08-13 11:51:15.866 +05:30  INF  Executed action Web.Ecommerce.Controllers.Account.AccountController.RegisterCustomer (Web.Ecommerce) in 38552.5253ms
2024-08-13 11:51:15.869 +05:30  INF  Executed endpoint 'Web.Ecommerce.Controllers.Account.AccountController.RegisterCustomer (Web.Ecommerce)'
2024-08-13 11:51:15.873 +05:30  ERR  An unhandled exception has occurred while executing the request.System.ArgumentNullException: Value cannot be null. (Parameter 's')
   at System.Int32.Parse(String s)
   at Infrastructure.Services.OTPService.OtpService.SendOtpEmailAsync(String email, String otp) in C:\Users\arjun.hariprasad\source\.NET\Ecommerce\EcommerceSolution\CodeBase\Src\Infrastructures\Infrastructure\Services\OTPService\OtpService.cs:line 56
   at Infrastructure.Services.OTPService.OtpService.GenerateOtpAsync(String email) in C:\Users\arjun.hariprasad\source\.NET\Ecommerce\EcommerceSolution\CodeBase\Src\Infrastructures\Infrastructure\Services\OTPService\OtpService.cs:line 30
   at Application.Ecom.Authentication.Commands.RegisterCustomer.RegisterCustomerCommandHandler.Handle(RegisterCustomerCommand request, CancellationToken cancellationToken) in C:\Users\arjun.hariprasad\source\.NET\Ecommerce\EcommerceSolution\CodeBase\Src\Core\Application.Ecom\Authentication\Commands\RegisterCustomer\RegisterCustomerCommandHandler.cs:line 51
   at Web.Ecommerce.Controllers.Account.AccountController.RegisterCustomer(RegisterCustomerCommand command) in C:\Users\arjun.hariprasad\source\.NET\Ecommerce\EcommerceSolution\CodeBase\Src\Presentation\Web.Ecommerce\Controllers\Account\AccountController.cs:line 38
   at Microsoft.AspNetCore.Mvc.Infrastructure.ActionMethodExecutor.TaskOfIActionResultExecutor.Execute(ActionContext actionContext, IActionResultTypeMapper mapper, ObjectMethodExecutor executor, Object controller, Object[] arguments)
   at Microsoft.AspNetCore.Mvc.Infrastructure.ControllerActionInvoker.<InvokeActionMethodAsync>g__Awaited|12_0(ControllerActionInvoker invoker, ValueTask`1 actionResultValueTask)
   at Microsoft.AspNetCore.Mvc.Infrastructure.ControllerActionInvoker.<InvokeNextActionFilterAsync>g__Awaited|10_0(ControllerActionInvoker invoker, Task lastTask, State next, Scope scope, Object state, Boolean isCompleted)
   at Microsoft.AspNetCore.Mvc.Infrastructure.ControllerActionInvoker.Rethrow(ActionExecutedContextSealed context)
   at Microsoft.AspNetCore.Mvc.Infrastructure.ControllerActionInvoker.Next(State& next, Scope& scope, Object& state, Boolean& isCompleted)
   at Microsoft.AspNetCore.Mvc.Infrastructure.ControllerActionInvoker.<InvokeInnerFilterAsync>g__Awaited|13_0(ControllerActionInvoker invoker, Task lastTask, State next, Scope scope, Object state, Boolean isCompleted)
   at Microsoft.AspNetCore.Mvc.Infrastructure.ResourceInvoker.<InvokeFilterPipelineAsync>g__Awaited|20_0(ResourceInvoker invoker, Task lastTask, State next, Scope scope, Object state, Boolean isCompleted)
   at Microsoft.AspNetCore.Mvc.Infrastructure.ResourceInvoker.<InvokeAsync>g__Logged|17_1(ResourceInvoker invoker)
   at Microsoft.AspNetCore.Mvc.Infrastructure.ResourceInvoker.<InvokeAsync>g__Logged|17_1(ResourceInvoker invoker)
   at Microsoft.AspNetCore.Routing.EndpointMiddleware.<Invoke>g__AwaitRequestTask|7_0(Endpoint endpoint, Task requestTask, ILogger logger)
   at Microsoft.AspNetCore.Authorization.AuthorizationMiddleware.Invoke(HttpContext context)
   at Swashbuckle.AspNetCore.SwaggerUI.SwaggerUIMiddleware.Invoke(HttpContext httpContext)
   at Swashbuckle.AspNetCore.Swagger.SwaggerMiddleware.Invoke(HttpContext httpContext, ISwaggerProvider swaggerProvider)
   at Microsoft.AspNetCore.Authentication.AuthenticationMiddleware.Invoke(HttpContext context)
   at Microsoft.AspNetCore.Diagnostics.DeveloperExceptionPageMiddlewareImpl.Invoke(HttpContext context)

2024-08-13 11:51:15.903 +05:30  INF  Request finished HTTP/2 POST https://localhost:7113/api/Account/RegisterCustomer - 500 null text/plain; charset=utf-8 38624.1072ms
2024-08-13 11:54:31.062 +05:30  INF  User profile is available. Using 'C:\Users\arjun.hariprasad\AppData\Local\ASP.NET\DataProtection-Keys' as key repository and Windows DPAPI to encrypt keys at rest.
2024-08-13 11:54:32.643 +05:30  INF  Executed DbCommand (45ms) [Parameters=[@__normalizedName_0='?' (Size = 256)], CommandType='"Text"', CommandTimeout='30']
SELECT TOP(1) [a].[Id], [a].[ConcurrencyStamp], [a].[Name], [a].[NormalizedName]
FROM [AspNetRoles] AS [a]
WHERE [a].[NormalizedName] = @__normalizedName_0
2024-08-13 11:54:32.726 +05:30  INF  Executed DbCommand (2ms) [Parameters=[@__normalizedName_0='?' (Size = 256)], CommandType='"Text"', CommandTimeout='30']
SELECT TOP(1) [a].[Id], [a].[ConcurrencyStamp], [a].[Name], [a].[NormalizedName]
FROM [AspNetRoles] AS [a]
WHERE [a].[NormalizedName] = @__normalizedName_0
2024-08-13 11:54:32.729 +05:30  INF  Executed DbCommand (0ms) [Parameters=[@__normalizedName_0='?' (Size = 256)], CommandType='"Text"', CommandTimeout='30']
SELECT TOP(1) [a].[Id], [a].[ConcurrencyStamp], [a].[Name], [a].[NormalizedName]
FROM [AspNetRoles] AS [a]
WHERE [a].[NormalizedName] = @__normalizedName_0
2024-08-13 11:54:32.744 +05:30  INF  Executed DbCommand (2ms) [Parameters=[@__normalizedEmail_0='?' (Size = 256)], CommandType='"Text"', CommandTimeout='30']
SELECT TOP(2) [a].[Id], [a].[AccessFailedCount], [a].[ConcurrencyStamp], [a].[CreatedAt], [a].[Email], [a].[EmailConfirmed], [a].[IsDeleted], [a].[IsVerified], [a].[LockoutEnabled], [a].[LockoutEnd], [a].[NormalizedEmail], [a].[NormalizedUserName], [a].[PasswordHash], [a].[PhoneNumber], [a].[PhoneNumberConfirmed], [a].[SecurityStamp], [a].[TwoFactorEnabled], [a].[UpdatedAt], [a].[UserName]
FROM [AspNetUsers] AS [a]
WHERE [a].[NormalizedEmail] = @__normalizedEmail_0
2024-08-13 11:54:32.797 +05:30  INF  Executed DbCommand (3ms) [Parameters=[@__normalizedEmail_0='?' (Size = 256)], CommandType='"Text"', CommandTimeout='30']
SELECT TOP(2) [a].[Id], [a].[AccessFailedCount], [a].[ConcurrencyStamp], [a].[CreatedAt], [a].[Email], [a].[EmailConfirmed], [a].[IsDeleted], [a].[IsVerified], [a].[LockoutEnabled], [a].[LockoutEnd], [a].[NormalizedEmail], [a].[NormalizedUserName], [a].[PasswordHash], [a].[PhoneNumber], [a].[PhoneNumberConfirmed], [a].[SecurityStamp], [a].[TwoFactorEnabled], [a].[UpdatedAt], [a].[UserName]
FROM [AspNetUsers] AS [a]
WHERE [a].[NormalizedEmail] = @__normalizedEmail_0
2024-08-13 11:54:32.801 +05:30  INF  Executed DbCommand (1ms) [Parameters=[@__normalizedEmail_0='?' (Size = 256)], CommandType='"Text"', CommandTimeout='30']
SELECT TOP(2) [a].[Id], [a].[AccessFailedCount], [a].[ConcurrencyStamp], [a].[CreatedAt], [a].[Email], [a].[EmailConfirmed], [a].[IsDeleted], [a].[IsVerified], [a].[LockoutEnabled], [a].[LockoutEnd], [a].[NormalizedEmail], [a].[NormalizedUserName], [a].[PasswordHash], [a].[PhoneNumber], [a].[PhoneNumberConfirmed], [a].[SecurityStamp], [a].[TwoFactorEnabled], [a].[UpdatedAt], [a].[UserName]
FROM [AspNetUsers] AS [a]
WHERE [a].[NormalizedEmail] = @__normalizedEmail_0
2024-08-13 11:54:33.267 +05:30  INF  Now listening on: https://localhost:7113
2024-08-13 11:54:33.268 +05:30  INF  Now listening on: http://localhost:5081
2024-08-13 11:54:33.270 +05:30  INF  Application started. Press Ctrl+C to shut down.
2024-08-13 11:54:33.271 +05:30  INF  Hosting environment: Development
2024-08-13 11:54:33.272 +05:30  INF  Content root path: C:\Users\arjun.hariprasad\source\.NET\Ecommerce\EcommerceSolution\CodeBase\Src\Presentation\Web.Ecommerce
2024-08-13 11:54:33.960 +05:30  INF  Request starting HTTP/2 GET https://localhost:7113/swagger/index.html - null null
2024-08-13 11:54:34.273 +05:30  INF  Request finished HTTP/2 GET https://localhost:7113/swagger/index.html - 200 null text/html;charset=utf-8 322.2671ms
2024-08-13 11:54:34.282 +05:30  INF  Request starting HTTP/2 GET https://localhost:7113/_framework/aspnetcore-browser-refresh.js - null null
2024-08-13 11:54:34.282 +05:30  INF  Request starting HTTP/2 GET https://localhost:7113/swagger/index.js - null null
2024-08-13 11:54:34.285 +05:30  INF  Request starting HTTP/2 GET https://localhost:7113/_vs/browserLink - null null
2024-08-13 11:54:34.297 +05:30  INF  Request finished HTTP/2 GET https://localhost:7113/swagger/index.js - 200 null application/javascript;charset=utf-8 15.6718ms
2024-08-13 11:54:34.314 +05:30  INF  Request finished HTTP/2 GET https://localhost:7113/_framework/aspnetcore-browser-refresh.js - 200 13762 application/javascript; charset=utf-8 32.9616ms
2024-08-13 11:54:34.339 +05:30  INF  Request finished HTTP/2 GET https://localhost:7113/_vs/browserLink - 200 null text/javascript; charset=UTF-8 56.8884ms
2024-08-13 11:54:34.384 +05:30  INF  Request starting HTTP/2 GET https://localhost:7113/swagger/v1/swagger.json - null null
2024-08-13 11:54:34.488 +05:30  INF  Request finished HTTP/2 GET https://localhost:7113/swagger/v1/swagger.json - 200 null application/json;charset=utf-8 104.4646ms
2024-08-13 11:54:47.992 +05:30  INF  Request starting HTTP/2 POST https://localhost:7113/api/Account/RegisterCustomer - application/json 78
2024-08-13 11:54:48.009 +05:30  INF  Executing endpoint 'Web.Ecommerce.Controllers.Account.AccountController.RegisterCustomer (Web.Ecommerce)'
2024-08-13 11:54:48.042 +05:30  INF  Route matched with {action = "RegisterCustomer", controller = "Account"}. Executing controller action with signature System.Threading.Tasks.Task`1[Microsoft.AspNetCore.Mvc.IActionResult] RegisterCustomer(Application.Ecom.Authentication.Commands.RegisterCustomer.RegisterCustomerCommand) on controller Web.Ecommerce.Controllers.Account.AccountController (Web.Ecommerce).
2024-08-13 11:54:48.340 +05:30  INF  Executed DbCommand (6ms) [Parameters=[@__normalizedName_0='?' (Size = 256)], CommandType='"Text"', CommandTimeout='30']
SELECT TOP(1) [a].[Id], [a].[ConcurrencyStamp], [a].[Name], [a].[NormalizedName]
FROM [AspNetRoles] AS [a]
WHERE [a].[NormalizedName] = @__normalizedName_0
2024-08-13 11:54:48.360 +05:30  INF  Executing BadRequestObjectResult, writing value of type 'Application.Ecom.Authentication.Commands.RegisterCustomer.RegisterCustomerResponse'.
2024-08-13 11:54:48.372 +05:30  INF  Executed action Web.Ecommerce.Controllers.Account.AccountController.RegisterCustomer (Web.Ecommerce) in 323.5668ms
2024-08-13 11:54:48.374 +05:30  INF  Executed endpoint 'Web.Ecommerce.Controllers.Account.AccountController.RegisterCustomer (Web.Ecommerce)'
2024-08-13 11:54:48.378 +05:30  INF  Request finished HTTP/2 POST https://localhost:7113/api/Account/RegisterCustomer - 400 null application/json; charset=utf-8 386.7123ms
2024-08-13 11:54:57.280 +05:30  INF  Request starting HTTP/2 POST https://localhost:7113/api/Account/RegisterCustomer - application/json 95
2024-08-13 11:54:57.287 +05:30  INF  Executing endpoint 'Web.Ecommerce.Controllers.Account.AccountController.RegisterCustomer (Web.Ecommerce)'
2024-08-13 11:54:57.290 +05:30  INF  Route matched with {action = "RegisterCustomer", controller = "Account"}. Executing controller action with signature System.Threading.Tasks.Task`1[Microsoft.AspNetCore.Mvc.IActionResult] RegisterCustomer(Application.Ecom.Authentication.Commands.RegisterCustomer.RegisterCustomerCommand) on controller Web.Ecommerce.Controllers.Account.AccountController (Web.Ecommerce).
2024-08-13 11:54:57.311 +05:30  INF  Executed DbCommand (3ms) [Parameters=[@__normalizedName_0='?' (Size = 256)], CommandType='"Text"', CommandTimeout='30']
SELECT TOP(1) [a].[Id], [a].[ConcurrencyStamp], [a].[Name], [a].[NormalizedName]
FROM [AspNetRoles] AS [a]
WHERE [a].[NormalizedName] = @__normalizedName_0
2024-08-13 11:54:57.484 +05:30  INF  Executed DbCommand (2ms) [Parameters=[@__normalizedUserName_0='?' (Size = 256)], CommandType='"Text"', CommandTimeout='30']
SELECT TOP(1) [a].[Id], [a].[AccessFailedCount], [a].[ConcurrencyStamp], [a].[CreatedAt], [a].[Email], [a].[EmailConfirmed], [a].[IsDeleted], [a].[IsVerified], [a].[LockoutEnabled], [a].[LockoutEnd], [a].[NormalizedEmail], [a].[NormalizedUserName], [a].[PasswordHash], [a].[PhoneNumber], [a].[PhoneNumberConfirmed], [a].[SecurityStamp], [a].[TwoFactorEnabled], [a].[UpdatedAt], [a].[UserName]
FROM [AspNetUsers] AS [a]
WHERE [a].[NormalizedUserName] = @__normalizedUserName_0
2024-08-13 11:54:57.495 +05:30  INF  Executed DbCommand (2ms) [Parameters=[@__normalizedEmail_0='?' (Size = 256)], CommandType='"Text"', CommandTimeout='30']
SELECT TOP(2) [a].[Id], [a].[AccessFailedCount], [a].[ConcurrencyStamp], [a].[CreatedAt], [a].[Email], [a].[EmailConfirmed], [a].[IsDeleted], [a].[IsVerified], [a].[LockoutEnabled], [a].[LockoutEnd], [a].[NormalizedEmail], [a].[NormalizedUserName], [a].[PasswordHash], [a].[PhoneNumber], [a].[PhoneNumberConfirmed], [a].[SecurityStamp], [a].[TwoFactorEnabled], [a].[UpdatedAt], [a].[UserName]
FROM [AspNetUsers] AS [a]
WHERE [a].[NormalizedEmail] = @__normalizedEmail_0
2024-08-13 11:54:57.619 +05:30  INF  Executed DbCommand (5ms) [Parameters=[@p0='?' (DbType = Guid), @p1='?' (DbType = Int32), @p2='?' (Size = 4000), @p3='?' (DbType = DateTime2), @p4='?' (Size = 256), @p5='?' (DbType = Boolean), @p6='?' (DbType = Boolean), @p7='?' (DbType = Boolean), @p8='?' (DbType = Boolean), @p9='?' (DbType = DateTimeOffset), @p10='?' (Size = 256), @p11='?' (Size = 256), @p12='?' (Size = 4000), @p13='?' (Size = 4000), @p14='?' (DbType = Boolean), @p15='?' (Size = 4000), @p16='?' (DbType = Boolean), @p17='?' (DbType = DateTime2), @p18='?' (Size = 256)], CommandType='"Text"', CommandTimeout='30']
SET IMPLICIT_TRANSACTIONS OFF;
SET NOCOUNT ON;
INSERT INTO [AspNetUsers] ([Id], [AccessFailedCount], [ConcurrencyStamp], [CreatedAt], [Email], [EmailConfirmed], [IsDeleted], [IsVerified], [LockoutEnabled], [LockoutEnd], [NormalizedEmail], [NormalizedUserName], [PasswordHash], [PhoneNumber], [PhoneNumberConfirmed], [SecurityStamp], [TwoFactorEnabled], [UpdatedAt], [UserName])
VALUES (@p0, @p1, @p2, @p3, @p4, @p5, @p6, @p7, @p8, @p9, @p10, @p11, @p12, @p13, @p14, @p15, @p16, @p17, @p18);
2024-08-13 11:54:57.646 +05:30  INF  Executed DbCommand (2ms) [Parameters=[@__normalizedRoleName_0='?' (Size = 256)], CommandType='"Text"', CommandTimeout='30']
SELECT TOP(2) [a].[Id], [a].[ConcurrencyStamp], [a].[Name], [a].[NormalizedName]
FROM [AspNetRoles] AS [a]
WHERE [a].[NormalizedName] = @__normalizedRoleName_0
2024-08-13 11:54:57.700 +05:30  INF  Executed DbCommand (1ms) [Parameters=[@__get_Item_0='?' (DbType = Guid), @__get_Item_1='?' (DbType = Guid)], CommandType='"Text"', CommandTimeout='30']
SELECT TOP(1) [a].[UserId], [a].[RoleId]
FROM [AspNetUserRoles] AS [a]
WHERE [a].[UserId] = @__get_Item_0 AND [a].[RoleId] = @__get_Item_1
2024-08-13 11:54:57.709 +05:30  INF  Executed DbCommand (2ms) [Parameters=[@__normalizedRoleName_0='?' (Size = 256)], CommandType='"Text"', CommandTimeout='30']
SELECT TOP(2) [a].[Id], [a].[ConcurrencyStamp], [a].[Name], [a].[NormalizedName]
FROM [AspNetRoles] AS [a]
WHERE [a].[NormalizedName] = @__normalizedRoleName_0
2024-08-13 11:54:57.729 +05:30  INF  Executed DbCommand (2ms) [Parameters=[@__normalizedUserName_0='?' (Size = 256)], CommandType='"Text"', CommandTimeout='30']
SELECT TOP(1) [a].[Id], [a].[AccessFailedCount], [a].[ConcurrencyStamp], [a].[CreatedAt], [a].[Email], [a].[EmailConfirmed], [a].[IsDeleted], [a].[IsVerified], [a].[LockoutEnabled], [a].[LockoutEnd], [a].[NormalizedEmail], [a].[NormalizedUserName], [a].[PasswordHash], [a].[PhoneNumber], [a].[PhoneNumberConfirmed], [a].[SecurityStamp], [a].[TwoFactorEnabled], [a].[UpdatedAt], [a].[UserName]
FROM [AspNetUsers] AS [a]
WHERE [a].[NormalizedUserName] = @__normalizedUserName_0
2024-08-13 11:54:57.741 +05:30  INF  Executed DbCommand (6ms) [Parameters=[@__normalizedEmail_0='?' (Size = 256)], CommandType='"Text"', CommandTimeout='30']
SELECT TOP(2) [a].[Id], [a].[AccessFailedCount], [a].[ConcurrencyStamp], [a].[CreatedAt], [a].[Email], [a].[EmailConfirmed], [a].[IsDeleted], [a].[IsVerified], [a].[LockoutEnabled], [a].[LockoutEnd], [a].[NormalizedEmail], [a].[NormalizedUserName], [a].[PasswordHash], [a].[PhoneNumber], [a].[PhoneNumberConfirmed], [a].[SecurityStamp], [a].[TwoFactorEnabled], [a].[UpdatedAt], [a].[UserName]
FROM [AspNetUsers] AS [a]
WHERE [a].[NormalizedEmail] = @__normalizedEmail_0
2024-08-13 11:54:57.871 +05:30  INF  Executed DbCommand (91ms) [Parameters=[@p0='?' (DbType = Guid), @p1='?' (DbType = Guid), @p20='?' (DbType = Guid), @p2='?' (DbType = Int32), @p3='?' (Size = 4000), @p21='?' (Size = 4000), @p4='?' (DbType = DateTime2), @p5='?' (Size = 256), @p6='?' (DbType = Boolean), @p7='?' (DbType = Boolean), @p8='?' (DbType = Boolean), @p9='?' (DbType = Boolean), @p10='?' (DbType = DateTimeOffset), @p11='?' (Size = 256), @p12='?' (Size = 256), @p13='?' (Size = 4000), @p14='?' (Size = 4000), @p15='?' (DbType = Boolean), @p16='?' (Size = 4000), @p17='?' (DbType = Boolean), @p18='?' (DbType = DateTime2), @p19='?' (Size = 256)], CommandType='"Text"', CommandTimeout='30']
SET NOCOUNT ON;
INSERT INTO [AspNetUserRoles] ([RoleId], [UserId])
VALUES (@p0, @p1);
UPDATE [AspNetUsers] SET [AccessFailedCount] = @p2, [ConcurrencyStamp] = @p3, [CreatedAt] = @p4, [Email] = @p5, [EmailConfirmed] = @p6, [IsDeleted] = @p7, [IsVerified] = @p8, [LockoutEnabled] = @p9, [LockoutEnd] = @p10, [NormalizedEmail] = @p11, [NormalizedUserName] = @p12, [PasswordHash] = @p13, [PhoneNumber] = @p14, [PhoneNumberConfirmed] = @p15, [SecurityStamp] = @p16, [TwoFactorEnabled] = @p17, [UpdatedAt] = @p18, [UserName] = @p19
OUTPUT 1
WHERE [Id] = @p20 AND [ConcurrencyStamp] = @p21;
2024-08-13 11:55:11.611 +05:30  INF  Executed action Web.Ecommerce.Controllers.Account.AccountController.RegisterCustomer (Web.Ecommerce) in 14317.6172ms
2024-08-13 11:55:11.614 +05:30  INF  Executed endpoint 'Web.Ecommerce.Controllers.Account.AccountController.RegisterCustomer (Web.Ecommerce)'
2024-08-13 11:55:11.618 +05:30  ERR  An unhandled exception has occurred while executing the request.System.ArgumentNullException: Value cannot be null. (Parameter 's')
   at System.Int32.Parse(String s)
   at Infrastructure.Services.OTPService.OtpService.SendOtpEmailAsync(String email, String otp) in C:\Users\arjun.hariprasad\source\.NET\Ecommerce\EcommerceSolution\CodeBase\Src\Infrastructures\Infrastructure\Services\OTPService\OtpService.cs:line 56
   at Infrastructure.Services.OTPService.OtpService.GenerateOtpAsync(String email) in C:\Users\arjun.hariprasad\source\.NET\Ecommerce\EcommerceSolution\CodeBase\Src\Infrastructures\Infrastructure\Services\OTPService\OtpService.cs:line 30
   at Application.Ecom.Authentication.Commands.RegisterCustomer.RegisterCustomerCommandHandler.Handle(RegisterCustomerCommand request, CancellationToken cancellationToken) in C:\Users\arjun.hariprasad\source\.NET\Ecommerce\EcommerceSolution\CodeBase\Src\Core\Application.Ecom\Authentication\Commands\RegisterCustomer\RegisterCustomerCommandHandler.cs:line 51
   at Web.Ecommerce.Controllers.Account.AccountController.RegisterCustomer(RegisterCustomerCommand command) in C:\Users\arjun.hariprasad\source\.NET\Ecommerce\EcommerceSolution\CodeBase\Src\Presentation\Web.Ecommerce\Controllers\Account\AccountController.cs:line 38
   at Microsoft.AspNetCore.Mvc.Infrastructure.ActionMethodExecutor.TaskOfIActionResultExecutor.Execute(ActionContext actionContext, IActionResultTypeMapper mapper, ObjectMethodExecutor executor, Object controller, Object[] arguments)
   at Microsoft.AspNetCore.Mvc.Infrastructure.ControllerActionInvoker.<InvokeActionMethodAsync>g__Awaited|12_0(ControllerActionInvoker invoker, ValueTask`1 actionResultValueTask)
   at Microsoft.AspNetCore.Mvc.Infrastructure.ControllerActionInvoker.<InvokeNextActionFilterAsync>g__Awaited|10_0(ControllerActionInvoker invoker, Task lastTask, State next, Scope scope, Object state, Boolean isCompleted)
   at Microsoft.AspNetCore.Mvc.Infrastructure.ControllerActionInvoker.Rethrow(ActionExecutedContextSealed context)
   at Microsoft.AspNetCore.Mvc.Infrastructure.ControllerActionInvoker.Next(State& next, Scope& scope, Object& state, Boolean& isCompleted)
   at Microsoft.AspNetCore.Mvc.Infrastructure.ControllerActionInvoker.<InvokeInnerFilterAsync>g__Awaited|13_0(ControllerActionInvoker invoker, Task lastTask, State next, Scope scope, Object state, Boolean isCompleted)
   at Microsoft.AspNetCore.Mvc.Infrastructure.ResourceInvoker.<InvokeFilterPipelineAsync>g__Awaited|20_0(ResourceInvoker invoker, Task lastTask, State next, Scope scope, Object state, Boolean isCompleted)
   at Microsoft.AspNetCore.Mvc.Infrastructure.ResourceInvoker.<InvokeAsync>g__Logged|17_1(ResourceInvoker invoker)
   at Microsoft.AspNetCore.Mvc.Infrastructure.ResourceInvoker.<InvokeAsync>g__Logged|17_1(ResourceInvoker invoker)
   at Microsoft.AspNetCore.Routing.EndpointMiddleware.<Invoke>g__AwaitRequestTask|7_0(Endpoint endpoint, Task requestTask, ILogger logger)
   at Microsoft.AspNetCore.Authorization.AuthorizationMiddleware.Invoke(HttpContext context)
   at Swashbuckle.AspNetCore.SwaggerUI.SwaggerUIMiddleware.Invoke(HttpContext httpContext)
   at Swashbuckle.AspNetCore.Swagger.SwaggerMiddleware.Invoke(HttpContext httpContext, ISwaggerProvider swaggerProvider)
   at Microsoft.AspNetCore.Authentication.AuthenticationMiddleware.Invoke(HttpContext context)
   at Microsoft.AspNetCore.Diagnostics.DeveloperExceptionPageMiddlewareImpl.Invoke(HttpContext context)

2024-08-13 11:55:11.673 +05:30  INF  Request finished HTTP/2 POST https://localhost:7113/api/Account/RegisterCustomer - 500 null text/plain; charset=utf-8 14393.0611ms
2024-08-13 11:59:45.694 +05:30  INF  User profile is available. Using 'C:\Users\arjun.hariprasad\AppData\Local\ASP.NET\DataProtection-Keys' as key repository and Windows DPAPI to encrypt keys at rest.
2024-08-13 11:59:46.822 +05:30  INF  Executed DbCommand (42ms) [Parameters=[@__normalizedName_0='?' (Size = 256)], CommandType='"Text"', CommandTimeout='30']
SELECT TOP(1) [a].[Id], [a].[ConcurrencyStamp], [a].[Name], [a].[NormalizedName]
FROM [AspNetRoles] AS [a]
WHERE [a].[NormalizedName] = @__normalizedName_0
2024-08-13 11:59:46.891 +05:30  INF  Executed DbCommand (6ms) [Parameters=[@__normalizedName_0='?' (Size = 256)], CommandType='"Text"', CommandTimeout='30']
SELECT TOP(1) [a].[Id], [a].[ConcurrencyStamp], [a].[Name], [a].[NormalizedName]
FROM [AspNetRoles] AS [a]
WHERE [a].[NormalizedName] = @__normalizedName_0
2024-08-13 11:59:46.895 +05:30  INF  Executed DbCommand (1ms) [Parameters=[@__normalizedName_0='?' (Size = 256)], CommandType='"Text"', CommandTimeout='30']
SELECT TOP(1) [a].[Id], [a].[ConcurrencyStamp], [a].[Name], [a].[NormalizedName]
FROM [AspNetRoles] AS [a]
WHERE [a].[NormalizedName] = @__normalizedName_0
2024-08-13 11:59:46.908 +05:30  INF  Executed DbCommand (2ms) [Parameters=[@__normalizedEmail_0='?' (Size = 256)], CommandType='"Text"', CommandTimeout='30']
SELECT TOP(2) [a].[Id], [a].[AccessFailedCount], [a].[ConcurrencyStamp], [a].[CreatedAt], [a].[Email], [a].[EmailConfirmed], [a].[IsDeleted], [a].[IsVerified], [a].[LockoutEnabled], [a].[LockoutEnd], [a].[NormalizedEmail], [a].[NormalizedUserName], [a].[PasswordHash], [a].[PhoneNumber], [a].[PhoneNumberConfirmed], [a].[SecurityStamp], [a].[TwoFactorEnabled], [a].[UpdatedAt], [a].[UserName]
FROM [AspNetUsers] AS [a]
WHERE [a].[NormalizedEmail] = @__normalizedEmail_0
2024-08-13 11:59:46.965 +05:30  INF  Executed DbCommand (1ms) [Parameters=[@__normalizedEmail_0='?' (Size = 256)], CommandType='"Text"', CommandTimeout='30']
SELECT TOP(2) [a].[Id], [a].[AccessFailedCount], [a].[ConcurrencyStamp], [a].[CreatedAt], [a].[Email], [a].[EmailConfirmed], [a].[IsDeleted], [a].[IsVerified], [a].[LockoutEnabled], [a].[LockoutEnd], [a].[NormalizedEmail], [a].[NormalizedUserName], [a].[PasswordHash], [a].[PhoneNumber], [a].[PhoneNumberConfirmed], [a].[SecurityStamp], [a].[TwoFactorEnabled], [a].[UpdatedAt], [a].[UserName]
FROM [AspNetUsers] AS [a]
WHERE [a].[NormalizedEmail] = @__normalizedEmail_0
2024-08-13 11:59:46.968 +05:30  INF  Executed DbCommand (1ms) [Parameters=[@__normalizedEmail_0='?' (Size = 256)], CommandType='"Text"', CommandTimeout='30']
SELECT TOP(2) [a].[Id], [a].[AccessFailedCount], [a].[ConcurrencyStamp], [a].[CreatedAt], [a].[Email], [a].[EmailConfirmed], [a].[IsDeleted], [a].[IsVerified], [a].[LockoutEnabled], [a].[LockoutEnd], [a].[NormalizedEmail], [a].[NormalizedUserName], [a].[PasswordHash], [a].[PhoneNumber], [a].[PhoneNumberConfirmed], [a].[SecurityStamp], [a].[TwoFactorEnabled], [a].[UpdatedAt], [a].[UserName]
FROM [AspNetUsers] AS [a]
WHERE [a].[NormalizedEmail] = @__normalizedEmail_0
2024-08-13 11:59:47.201 +05:30  INF  Now listening on: https://localhost:7113
2024-08-13 11:59:47.203 +05:30  INF  Now listening on: http://localhost:5081
2024-08-13 11:59:47.206 +05:30  INF  Application started. Press Ctrl+C to shut down.
2024-08-13 11:59:47.207 +05:30  INF  Hosting environment: Development
2024-08-13 11:59:47.208 +05:30  INF  Content root path: C:\Users\arjun.hariprasad\source\.NET\Ecommerce\EcommerceSolution\CodeBase\Src\Presentation\Web.Ecommerce
2024-08-13 11:59:47.872 +05:30  INF  Request starting HTTP/2 GET https://localhost:7113/swagger/index.html - null null
2024-08-13 11:59:48.137 +05:30  INF  Request finished HTTP/2 GET https://localhost:7113/swagger/index.html - 200 null text/html;charset=utf-8 269.396ms
2024-08-13 11:59:48.151 +05:30  INF  Request starting HTTP/2 GET https://localhost:7113/_vs/browserLink - null null
2024-08-13 11:59:48.151 +05:30  INF  Request starting HTTP/2 GET https://localhost:7113/swagger/index.js - null null
2024-08-13 11:59:48.151 +05:30  INF  Request starting HTTP/2 GET https://localhost:7113/_framework/aspnetcore-browser-refresh.js - null null
2024-08-13 11:59:48.166 +05:30  INF  Request finished HTTP/2 GET https://localhost:7113/swagger/index.js - 200 null application/javascript;charset=utf-8 12.4728ms
2024-08-13 11:59:48.178 +05:30  INF  Request finished HTTP/2 GET https://localhost:7113/_framework/aspnetcore-browser-refresh.js - 200 13762 application/javascript; charset=utf-8 27.5123ms
2024-08-13 11:59:48.200 +05:30  INF  Request finished HTTP/2 GET https://localhost:7113/_vs/browserLink - 200 null text/javascript; charset=UTF-8 49.4605ms
2024-08-13 11:59:48.246 +05:30  INF  Request starting HTTP/2 GET https://localhost:7113/swagger/v1/swagger.json - null null
2024-08-13 11:59:48.362 +05:30  INF  Request finished HTTP/2 GET https://localhost:7113/swagger/v1/swagger.json - 200 null application/json;charset=utf-8 115.548ms
2024-08-13 11:59:59.963 +05:30  INF  Request starting HTTP/2 POST https://localhost:7113/api/Account/RegisterCustomer - application/json 95
2024-08-13 11:59:59.976 +05:30  INF  Executing endpoint 'Web.Ecommerce.Controllers.Account.AccountController.RegisterCustomer (Web.Ecommerce)'
2024-08-13 11:59:59.994 +05:30  INF  Route matched with {action = "RegisterCustomer", controller = "Account"}. Executing controller action with signature System.Threading.Tasks.Task`1[Microsoft.AspNetCore.Mvc.IActionResult] RegisterCustomer(Application.Ecom.Authentication.Commands.RegisterCustomer.RegisterCustomerCommand) on controller Web.Ecommerce.Controllers.Account.AccountController (Web.Ecommerce).
2024-08-13 12:00:00.103 +05:30  INF  Executed DbCommand (2ms) [Parameters=[@__normalizedName_0='?' (Size = 256)], CommandType='"Text"', CommandTimeout='30']
SELECT TOP(1) [a].[Id], [a].[ConcurrencyStamp], [a].[Name], [a].[NormalizedName]
FROM [AspNetRoles] AS [a]
WHERE [a].[NormalizedName] = @__normalizedName_0
2024-08-13 12:00:00.210 +05:30  INF  Executed DbCommand (2ms) [Parameters=[@__normalizedUserName_0='?' (Size = 256)], CommandType='"Text"', CommandTimeout='30']
SELECT TOP(1) [a].[Id], [a].[AccessFailedCount], [a].[ConcurrencyStamp], [a].[CreatedAt], [a].[Email], [a].[EmailConfirmed], [a].[IsDeleted], [a].[IsVerified], [a].[LockoutEnabled], [a].[LockoutEnd], [a].[NormalizedEmail], [a].[NormalizedUserName], [a].[PasswordHash], [a].[PhoneNumber], [a].[PhoneNumberConfirmed], [a].[SecurityStamp], [a].[TwoFactorEnabled], [a].[UpdatedAt], [a].[UserName]
FROM [AspNetUsers] AS [a]
WHERE [a].[NormalizedUserName] = @__normalizedUserName_0
2024-08-13 12:00:00.221 +05:30  INF  Executed DbCommand (2ms) [Parameters=[@__normalizedEmail_0='?' (Size = 256)], CommandType='"Text"', CommandTimeout='30']
SELECT TOP(2) [a].[Id], [a].[AccessFailedCount], [a].[ConcurrencyStamp], [a].[CreatedAt], [a].[Email], [a].[EmailConfirmed], [a].[IsDeleted], [a].[IsVerified], [a].[LockoutEnabled], [a].[LockoutEnd], [a].[NormalizedEmail], [a].[NormalizedUserName], [a].[PasswordHash], [a].[PhoneNumber], [a].[PhoneNumberConfirmed], [a].[SecurityStamp], [a].[TwoFactorEnabled], [a].[UpdatedAt], [a].[UserName]
FROM [AspNetUsers] AS [a]
WHERE [a].[NormalizedEmail] = @__normalizedEmail_0
2024-08-13 12:00:00.334 +05:30  INF  Executed DbCommand (4ms) [Parameters=[@p0='?' (DbType = Guid), @p1='?' (DbType = Int32), @p2='?' (Size = 4000), @p3='?' (DbType = DateTime2), @p4='?' (Size = 256), @p5='?' (DbType = Boolean), @p6='?' (DbType = Boolean), @p7='?' (DbType = Boolean), @p8='?' (DbType = Boolean), @p9='?' (DbType = DateTimeOffset), @p10='?' (Size = 256), @p11='?' (Size = 256), @p12='?' (Size = 4000), @p13='?' (Size = 4000), @p14='?' (DbType = Boolean), @p15='?' (Size = 4000), @p16='?' (DbType = Boolean), @p17='?' (DbType = DateTime2), @p18='?' (Size = 256)], CommandType='"Text"', CommandTimeout='30']
SET IMPLICIT_TRANSACTIONS OFF;
SET NOCOUNT ON;
INSERT INTO [AspNetUsers] ([Id], [AccessFailedCount], [ConcurrencyStamp], [CreatedAt], [Email], [EmailConfirmed], [IsDeleted], [IsVerified], [LockoutEnabled], [LockoutEnd], [NormalizedEmail], [NormalizedUserName], [PasswordHash], [PhoneNumber], [PhoneNumberConfirmed], [SecurityStamp], [TwoFactorEnabled], [UpdatedAt], [UserName])
VALUES (@p0, @p1, @p2, @p3, @p4, @p5, @p6, @p7, @p8, @p9, @p10, @p11, @p12, @p13, @p14, @p15, @p16, @p17, @p18);
2024-08-13 12:00:00.354 +05:30  INF  Executed DbCommand (2ms) [Parameters=[@__normalizedRoleName_0='?' (Size = 256)], CommandType='"Text"', CommandTimeout='30']
SELECT TOP(2) [a].[Id], [a].[ConcurrencyStamp], [a].[Name], [a].[NormalizedName]
FROM [AspNetRoles] AS [a]
WHERE [a].[NormalizedName] = @__normalizedRoleName_0
2024-08-13 12:00:00.400 +05:30  INF  Executed DbCommand (1ms) [Parameters=[@__get_Item_0='?' (DbType = Guid), @__get_Item_1='?' (DbType = Guid)], CommandType='"Text"', CommandTimeout='30']
SELECT TOP(1) [a].[UserId], [a].[RoleId]
FROM [AspNetUserRoles] AS [a]
WHERE [a].[UserId] = @__get_Item_0 AND [a].[RoleId] = @__get_Item_1
2024-08-13 12:00:00.406 +05:30  INF  Executed DbCommand (1ms) [Parameters=[@__normalizedRoleName_0='?' (Size = 256)], CommandType='"Text"', CommandTimeout='30']
SELECT TOP(2) [a].[Id], [a].[ConcurrencyStamp], [a].[Name], [a].[NormalizedName]
FROM [AspNetRoles] AS [a]
WHERE [a].[NormalizedName] = @__normalizedRoleName_0
2024-08-13 12:00:00.420 +05:30  INF  Executed DbCommand (1ms) [Parameters=[@__normalizedUserName_0='?' (Size = 256)], CommandType='"Text"', CommandTimeout='30']
SELECT TOP(1) [a].[Id], [a].[AccessFailedCount], [a].[ConcurrencyStamp], [a].[CreatedAt], [a].[Email], [a].[EmailConfirmed], [a].[IsDeleted], [a].[IsVerified], [a].[LockoutEnabled], [a].[LockoutEnd], [a].[NormalizedEmail], [a].[NormalizedUserName], [a].[PasswordHash], [a].[PhoneNumber], [a].[PhoneNumberConfirmed], [a].[SecurityStamp], [a].[TwoFactorEnabled], [a].[UpdatedAt], [a].[UserName]
FROM [AspNetUsers] AS [a]
WHERE [a].[NormalizedUserName] = @__normalizedUserName_0
2024-08-13 12:00:00.426 +05:30  INF  Executed DbCommand (1ms) [Parameters=[@__normalizedEmail_0='?' (Size = 256)], CommandType='"Text"', CommandTimeout='30']
SELECT TOP(2) [a].[Id], [a].[AccessFailedCount], [a].[ConcurrencyStamp], [a].[CreatedAt], [a].[Email], [a].[EmailConfirmed], [a].[IsDeleted], [a].[IsVerified], [a].[LockoutEnabled], [a].[LockoutEnd], [a].[NormalizedEmail], [a].[NormalizedUserName], [a].[PasswordHash], [a].[PhoneNumber], [a].[PhoneNumberConfirmed], [a].[SecurityStamp], [a].[TwoFactorEnabled], [a].[UpdatedAt], [a].[UserName]
FROM [AspNetUsers] AS [a]
WHERE [a].[NormalizedEmail] = @__normalizedEmail_0
2024-08-13 12:00:00.463 +05:30  INF  Executed DbCommand (10ms) [Parameters=[@p0='?' (DbType = Guid), @p1='?' (DbType = Guid), @p20='?' (DbType = Guid), @p2='?' (DbType = Int32), @p3='?' (Size = 4000), @p21='?' (Size = 4000), @p4='?' (DbType = DateTime2), @p5='?' (Size = 256), @p6='?' (DbType = Boolean), @p7='?' (DbType = Boolean), @p8='?' (DbType = Boolean), @p9='?' (DbType = Boolean), @p10='?' (DbType = DateTimeOffset), @p11='?' (Size = 256), @p12='?' (Size = 256), @p13='?' (Size = 4000), @p14='?' (Size = 4000), @p15='?' (DbType = Boolean), @p16='?' (Size = 4000), @p17='?' (DbType = Boolean), @p18='?' (DbType = DateTime2), @p19='?' (Size = 256)], CommandType='"Text"', CommandTimeout='30']
SET NOCOUNT ON;
INSERT INTO [AspNetUserRoles] ([RoleId], [UserId])
VALUES (@p0, @p1);
UPDATE [AspNetUsers] SET [AccessFailedCount] = @p2, [ConcurrencyStamp] = @p3, [CreatedAt] = @p4, [Email] = @p5, [EmailConfirmed] = @p6, [IsDeleted] = @p7, [IsVerified] = @p8, [LockoutEnabled] = @p9, [LockoutEnd] = @p10, [NormalizedEmail] = @p11, [NormalizedUserName] = @p12, [PasswordHash] = @p13, [PhoneNumber] = @p14, [PhoneNumberConfirmed] = @p15, [SecurityStamp] = @p16, [TwoFactorEnabled] = @p17, [UpdatedAt] = @p18, [UserName] = @p19
OUTPUT 1
WHERE [Id] = @p20 AND [ConcurrencyStamp] = @p21;
2024-08-13 12:02:07.071 +05:30  INF  Executed action Web.Ecommerce.Controllers.Account.AccountController.RegisterCustomer (Web.Ecommerce) in 127071.0365ms
2024-08-13 12:02:07.074 +05:30  INF  Executed endpoint 'Web.Ecommerce.Controllers.Account.AccountController.RegisterCustomer (Web.Ecommerce)'
2024-08-13 12:02:07.078 +05:30  ERR  An unhandled exception has occurred while executing the request.System.InvalidOperationException: SMTP configuration is missing or incomplete.
   at Infrastructure.Services.OTPService.OtpService.SendOtpEmailAsync(String email, String otp) in C:\Users\arjun.hariprasad\source\.NET\Ecommerce\EcommerceSolution\CodeBase\Src\Infrastructures\Infrastructure\Services\OTPService\OtpService.cs:line 69
   at Infrastructure.Services.OTPService.OtpService.GenerateOtpAsync(String email) in C:\Users\arjun.hariprasad\source\.NET\Ecommerce\EcommerceSolution\CodeBase\Src\Infrastructures\Infrastructure\Services\OTPService\OtpService.cs:line 30
   at Application.Ecom.Authentication.Commands.RegisterCustomer.RegisterCustomerCommandHandler.Handle(RegisterCustomerCommand request, CancellationToken cancellationToken) in C:\Users\arjun.hariprasad\source\.NET\Ecommerce\EcommerceSolution\CodeBase\Src\Core\Application.Ecom\Authentication\Commands\RegisterCustomer\RegisterCustomerCommandHandler.cs:line 51
   at Web.Ecommerce.Controllers.Account.AccountController.RegisterCustomer(RegisterCustomerCommand command) in C:\Users\arjun.hariprasad\source\.NET\Ecommerce\EcommerceSolution\CodeBase\Src\Presentation\Web.Ecommerce\Controllers\Account\AccountController.cs:line 38
   at Microsoft.AspNetCore.Mvc.Infrastructure.ActionMethodExecutor.TaskOfIActionResultExecutor.Execute(ActionContext actionContext, IActionResultTypeMapper mapper, ObjectMethodExecutor executor, Object controller, Object[] arguments)
   at Microsoft.AspNetCore.Mvc.Infrastructure.ControllerActionInvoker.<InvokeActionMethodAsync>g__Awaited|12_0(ControllerActionInvoker invoker, ValueTask`1 actionResultValueTask)
   at Microsoft.AspNetCore.Mvc.Infrastructure.ControllerActionInvoker.<InvokeNextActionFilterAsync>g__Awaited|10_0(ControllerActionInvoker invoker, Task lastTask, State next, Scope scope, Object state, Boolean isCompleted)
   at Microsoft.AspNetCore.Mvc.Infrastructure.ControllerActionInvoker.Rethrow(ActionExecutedContextSealed context)
   at Microsoft.AspNetCore.Mvc.Infrastructure.ControllerActionInvoker.Next(State& next, Scope& scope, Object& state, Boolean& isCompleted)
   at Microsoft.AspNetCore.Mvc.Infrastructure.ControllerActionInvoker.<InvokeInnerFilterAsync>g__Awaited|13_0(ControllerActionInvoker invoker, Task lastTask, State next, Scope scope, Object state, Boolean isCompleted)
   at Microsoft.AspNetCore.Mvc.Infrastructure.ResourceInvoker.<InvokeFilterPipelineAsync>g__Awaited|20_0(ResourceInvoker invoker, Task lastTask, State next, Scope scope, Object state, Boolean isCompleted)
   at Microsoft.AspNetCore.Mvc.Infrastructure.ResourceInvoker.<InvokeAsync>g__Logged|17_1(ResourceInvoker invoker)
   at Microsoft.AspNetCore.Mvc.Infrastructure.ResourceInvoker.<InvokeAsync>g__Logged|17_1(ResourceInvoker invoker)
   at Microsoft.AspNetCore.Routing.EndpointMiddleware.<Invoke>g__AwaitRequestTask|7_0(Endpoint endpoint, Task requestTask, ILogger logger)
   at Microsoft.AspNetCore.Authorization.AuthorizationMiddleware.Invoke(HttpContext context)
   at Swashbuckle.AspNetCore.SwaggerUI.SwaggerUIMiddleware.Invoke(HttpContext httpContext)
   at Swashbuckle.AspNetCore.Swagger.SwaggerMiddleware.Invoke(HttpContext httpContext, ISwaggerProvider swaggerProvider)
   at Microsoft.AspNetCore.Authentication.AuthenticationMiddleware.Invoke(HttpContext context)
   at Microsoft.AspNetCore.Diagnostics.DeveloperExceptionPageMiddlewareImpl.Invoke(HttpContext context)

2024-08-13 12:02:07.106 +05:30  INF  Request finished HTTP/2 POST https://localhost:7113/api/Account/RegisterCustomer - 500 null text/plain; charset=utf-8 127142.7008ms
2024-08-13 12:03:06.483 +05:30  INF  User profile is available. Using 'C:\Users\arjun.hariprasad\AppData\Local\ASP.NET\DataProtection-Keys' as key repository and Windows DPAPI to encrypt keys at rest.
2024-08-13 12:03:07.644 +05:30  INF  Executed DbCommand (48ms) [Parameters=[@__normalizedName_0='?' (Size = 256)], CommandType='"Text"', CommandTimeout='30']
SELECT TOP(1) [a].[Id], [a].[ConcurrencyStamp], [a].[Name], [a].[NormalizedName]
FROM [AspNetRoles] AS [a]
WHERE [a].[NormalizedName] = @__normalizedName_0
2024-08-13 12:03:07.718 +05:30  INF  Executed DbCommand (6ms) [Parameters=[@__normalizedName_0='?' (Size = 256)], CommandType='"Text"', CommandTimeout='30']
SELECT TOP(1) [a].[Id], [a].[ConcurrencyStamp], [a].[Name], [a].[NormalizedName]
FROM [AspNetRoles] AS [a]
WHERE [a].[NormalizedName] = @__normalizedName_0
2024-08-13 12:03:07.723 +05:30  INF  Executed DbCommand (1ms) [Parameters=[@__normalizedName_0='?' (Size = 256)], CommandType='"Text"', CommandTimeout='30']
SELECT TOP(1) [a].[Id], [a].[ConcurrencyStamp], [a].[Name], [a].[NormalizedName]
FROM [AspNetRoles] AS [a]
WHERE [a].[NormalizedName] = @__normalizedName_0
2024-08-13 12:03:07.738 +05:30  INF  Executed DbCommand (3ms) [Parameters=[@__normalizedEmail_0='?' (Size = 256)], CommandType='"Text"', CommandTimeout='30']
SELECT TOP(2) [a].[Id], [a].[AccessFailedCount], [a].[ConcurrencyStamp], [a].[CreatedAt], [a].[Email], [a].[EmailConfirmed], [a].[IsDeleted], [a].[IsVerified], [a].[LockoutEnabled], [a].[LockoutEnd], [a].[NormalizedEmail], [a].[NormalizedUserName], [a].[PasswordHash], [a].[PhoneNumber], [a].[PhoneNumberConfirmed], [a].[SecurityStamp], [a].[TwoFactorEnabled], [a].[UpdatedAt], [a].[UserName]
FROM [AspNetUsers] AS [a]
WHERE [a].[NormalizedEmail] = @__normalizedEmail_0
2024-08-13 12:03:07.785 +05:30  INF  Executed DbCommand (2ms) [Parameters=[@__normalizedEmail_0='?' (Size = 256)], CommandType='"Text"', CommandTimeout='30']
SELECT TOP(2) [a].[Id], [a].[AccessFailedCount], [a].[ConcurrencyStamp], [a].[CreatedAt], [a].[Email], [a].[EmailConfirmed], [a].[IsDeleted], [a].[IsVerified], [a].[LockoutEnabled], [a].[LockoutEnd], [a].[NormalizedEmail], [a].[NormalizedUserName], [a].[PasswordHash], [a].[PhoneNumber], [a].[PhoneNumberConfirmed], [a].[SecurityStamp], [a].[TwoFactorEnabled], [a].[UpdatedAt], [a].[UserName]
FROM [AspNetUsers] AS [a]
WHERE [a].[NormalizedEmail] = @__normalizedEmail_0
2024-08-13 12:03:07.788 +05:30  INF  Executed DbCommand (1ms) [Parameters=[@__normalizedEmail_0='?' (Size = 256)], CommandType='"Text"', CommandTimeout='30']
SELECT TOP(2) [a].[Id], [a].[AccessFailedCount], [a].[ConcurrencyStamp], [a].[CreatedAt], [a].[Email], [a].[EmailConfirmed], [a].[IsDeleted], [a].[IsVerified], [a].[LockoutEnabled], [a].[LockoutEnd], [a].[NormalizedEmail], [a].[NormalizedUserName], [a].[PasswordHash], [a].[PhoneNumber], [a].[PhoneNumberConfirmed], [a].[SecurityStamp], [a].[TwoFactorEnabled], [a].[UpdatedAt], [a].[UserName]
FROM [AspNetUsers] AS [a]
WHERE [a].[NormalizedEmail] = @__normalizedEmail_0
2024-08-13 12:03:07.961 +05:30  INF  Now listening on: https://localhost:7113
2024-08-13 12:03:07.962 +05:30  INF  Now listening on: http://localhost:5081
2024-08-13 12:03:07.964 +05:30  INF  Application started. Press Ctrl+C to shut down.
2024-08-13 12:03:07.965 +05:30  INF  Hosting environment: Development
2024-08-13 12:03:07.965 +05:30  INF  Content root path: C:\Users\arjun.hariprasad\source\.NET\Ecommerce\EcommerceSolution\CodeBase\Src\Presentation\Web.Ecommerce
2024-08-13 12:03:08.385 +05:30  INF  Request starting HTTP/2 GET https://localhost:7113/swagger/index.html - null null
2024-08-13 12:03:08.658 +05:30  INF  Request finished HTTP/2 GET https://localhost:7113/swagger/index.html - 200 null text/html;charset=utf-8 276.3984ms
2024-08-13 12:03:08.670 +05:30  INF  Request starting HTTP/2 GET https://localhost:7113/_framework/aspnetcore-browser-refresh.js - null null
2024-08-13 12:03:08.670 +05:30  INF  Request starting HTTP/2 GET https://localhost:7113/_vs/browserLink - null null
2024-08-13 12:03:08.670 +05:30  INF  Request starting HTTP/2 GET https://localhost:7113/swagger/index.js - null null
2024-08-13 12:03:08.692 +05:30  INF  Request finished HTTP/2 GET https://localhost:7113/_framework/aspnetcore-browser-refresh.js - 200 13762 application/javascript; charset=utf-8 20.7198ms
2024-08-13 12:03:08.704 +05:30  INF  Request finished HTTP/2 GET https://localhost:7113/swagger/index.js - 200 null application/javascript;charset=utf-8 33.735ms
2024-08-13 12:03:08.732 +05:30  INF  Request finished HTTP/2 GET https://localhost:7113/_vs/browserLink - 200 null text/javascript; charset=UTF-8 62.3199ms
2024-08-13 12:03:08.779 +05:30  INF  Request starting HTTP/2 GET https://localhost:7113/swagger/v1/swagger.json - null null
2024-08-13 12:03:08.896 +05:30  INF  Request finished HTTP/2 GET https://localhost:7113/swagger/v1/swagger.json - 200 null application/json;charset=utf-8 117.7005ms
2024-08-13 12:03:21.735 +05:30  INF  Request starting HTTP/2 POST https://localhost:7113/api/Account/RegisterCustomer - application/json 95
2024-08-13 12:03:21.746 +05:30  INF  Executing endpoint 'Web.Ecommerce.Controllers.Account.AccountController.RegisterCustomer (Web.Ecommerce)'
2024-08-13 12:03:21.764 +05:30  INF  Route matched with {action = "RegisterCustomer", controller = "Account"}. Executing controller action with signature System.Threading.Tasks.Task`1[Microsoft.AspNetCore.Mvc.IActionResult] RegisterCustomer(Application.Ecom.Authentication.Commands.RegisterCustomer.RegisterCustomerCommand) on controller Web.Ecommerce.Controllers.Account.AccountController (Web.Ecommerce).
2024-08-13 12:03:21.868 +05:30  INF  Executed DbCommand (2ms) [Parameters=[@__normalizedName_0='?' (Size = 256)], CommandType='"Text"', CommandTimeout='30']
SELECT TOP(1) [a].[Id], [a].[ConcurrencyStamp], [a].[Name], [a].[NormalizedName]
FROM [AspNetRoles] AS [a]
WHERE [a].[NormalizedName] = @__normalizedName_0
2024-08-13 12:03:21.975 +05:30  INF  Executed DbCommand (2ms) [Parameters=[@__normalizedUserName_0='?' (Size = 256)], CommandType='"Text"', CommandTimeout='30']
SELECT TOP(1) [a].[Id], [a].[AccessFailedCount], [a].[ConcurrencyStamp], [a].[CreatedAt], [a].[Email], [a].[EmailConfirmed], [a].[IsDeleted], [a].[IsVerified], [a].[LockoutEnabled], [a].[LockoutEnd], [a].[NormalizedEmail], [a].[NormalizedUserName], [a].[PasswordHash], [a].[PhoneNumber], [a].[PhoneNumberConfirmed], [a].[SecurityStamp], [a].[TwoFactorEnabled], [a].[UpdatedAt], [a].[UserName]
FROM [AspNetUsers] AS [a]
WHERE [a].[NormalizedUserName] = @__normalizedUserName_0
2024-08-13 12:03:21.984 +05:30  INF  Executed DbCommand (2ms) [Parameters=[@__normalizedEmail_0='?' (Size = 256)], CommandType='"Text"', CommandTimeout='30']
SELECT TOP(2) [a].[Id], [a].[AccessFailedCount], [a].[ConcurrencyStamp], [a].[CreatedAt], [a].[Email], [a].[EmailConfirmed], [a].[IsDeleted], [a].[IsVerified], [a].[LockoutEnabled], [a].[LockoutEnd], [a].[NormalizedEmail], [a].[NormalizedUserName], [a].[PasswordHash], [a].[PhoneNumber], [a].[PhoneNumberConfirmed], [a].[SecurityStamp], [a].[TwoFactorEnabled], [a].[UpdatedAt], [a].[UserName]
FROM [AspNetUsers] AS [a]
WHERE [a].[NormalizedEmail] = @__normalizedEmail_0
2024-08-13 12:03:22.113 +05:30  INF  Executed DbCommand (11ms) [Parameters=[@p0='?' (DbType = Guid), @p1='?' (DbType = Int32), @p2='?' (Size = 4000), @p3='?' (DbType = DateTime2), @p4='?' (Size = 256), @p5='?' (DbType = Boolean), @p6='?' (DbType = Boolean), @p7='?' (DbType = Boolean), @p8='?' (DbType = Boolean), @p9='?' (DbType = DateTimeOffset), @p10='?' (Size = 256), @p11='?' (Size = 256), @p12='?' (Size = 4000), @p13='?' (Size = 4000), @p14='?' (DbType = Boolean), @p15='?' (Size = 4000), @p16='?' (DbType = Boolean), @p17='?' (DbType = DateTime2), @p18='?' (Size = 256)], CommandType='"Text"', CommandTimeout='30']
SET IMPLICIT_TRANSACTIONS OFF;
SET NOCOUNT ON;
INSERT INTO [AspNetUsers] ([Id], [AccessFailedCount], [ConcurrencyStamp], [CreatedAt], [Email], [EmailConfirmed], [IsDeleted], [IsVerified], [LockoutEnabled], [LockoutEnd], [NormalizedEmail], [NormalizedUserName], [PasswordHash], [PhoneNumber], [PhoneNumberConfirmed], [SecurityStamp], [TwoFactorEnabled], [UpdatedAt], [UserName])
VALUES (@p0, @p1, @p2, @p3, @p4, @p5, @p6, @p7, @p8, @p9, @p10, @p11, @p12, @p13, @p14, @p15, @p16, @p17, @p18);
2024-08-13 12:03:22.138 +05:30  INF  Executed DbCommand (2ms) [Parameters=[@__normalizedRoleName_0='?' (Size = 256)], CommandType='"Text"', CommandTimeout='30']
SELECT TOP(2) [a].[Id], [a].[ConcurrencyStamp], [a].[Name], [a].[NormalizedName]
FROM [AspNetRoles] AS [a]
WHERE [a].[NormalizedName] = @__normalizedRoleName_0
2024-08-13 12:03:22.183 +05:30  INF  Executed DbCommand (1ms) [Parameters=[@__get_Item_0='?' (DbType = Guid), @__get_Item_1='?' (DbType = Guid)], CommandType='"Text"', CommandTimeout='30']
SELECT TOP(1) [a].[UserId], [a].[RoleId]
FROM [AspNetUserRoles] AS [a]
WHERE [a].[UserId] = @__get_Item_0 AND [a].[RoleId] = @__get_Item_1
2024-08-13 12:03:22.191 +05:30  INF  Executed DbCommand (3ms) [Parameters=[@__normalizedRoleName_0='?' (Size = 256)], CommandType='"Text"', CommandTimeout='30']
SELECT TOP(2) [a].[Id], [a].[ConcurrencyStamp], [a].[Name], [a].[NormalizedName]
FROM [AspNetRoles] AS [a]
WHERE [a].[NormalizedName] = @__normalizedRoleName_0
2024-08-13 12:03:22.209 +05:30  INF  Executed DbCommand (2ms) [Parameters=[@__normalizedUserName_0='?' (Size = 256)], CommandType='"Text"', CommandTimeout='30']
SELECT TOP(1) [a].[Id], [a].[AccessFailedCount], [a].[ConcurrencyStamp], [a].[CreatedAt], [a].[Email], [a].[EmailConfirmed], [a].[IsDeleted], [a].[IsVerified], [a].[LockoutEnabled], [a].[LockoutEnd], [a].[NormalizedEmail], [a].[NormalizedUserName], [a].[PasswordHash], [a].[PhoneNumber], [a].[PhoneNumberConfirmed], [a].[SecurityStamp], [a].[TwoFactorEnabled], [a].[UpdatedAt], [a].[UserName]
FROM [AspNetUsers] AS [a]
WHERE [a].[NormalizedUserName] = @__normalizedUserName_0
2024-08-13 12:03:22.215 +05:30  INF  Executed DbCommand (2ms) [Parameters=[@__normalizedEmail_0='?' (Size = 256)], CommandType='"Text"', CommandTimeout='30']
SELECT TOP(2) [a].[Id], [a].[AccessFailedCount], [a].[ConcurrencyStamp], [a].[CreatedAt], [a].[Email], [a].[EmailConfirmed], [a].[IsDeleted], [a].[IsVerified], [a].[LockoutEnabled], [a].[LockoutEnd], [a].[NormalizedEmail], [a].[NormalizedUserName], [a].[PasswordHash], [a].[PhoneNumber], [a].[PhoneNumberConfirmed], [a].[SecurityStamp], [a].[TwoFactorEnabled], [a].[UpdatedAt], [a].[UserName]
FROM [AspNetUsers] AS [a]
WHERE [a].[NormalizedEmail] = @__normalizedEmail_0
2024-08-13 12:03:22.256 +05:30  INF  Executed DbCommand (12ms) [Parameters=[@p0='?' (DbType = Guid), @p1='?' (DbType = Guid), @p20='?' (DbType = Guid), @p2='?' (DbType = Int32), @p3='?' (Size = 4000), @p21='?' (Size = 4000), @p4='?' (DbType = DateTime2), @p5='?' (Size = 256), @p6='?' (DbType = Boolean), @p7='?' (DbType = Boolean), @p8='?' (DbType = Boolean), @p9='?' (DbType = Boolean), @p10='?' (DbType = DateTimeOffset), @p11='?' (Size = 256), @p12='?' (Size = 256), @p13='?' (Size = 4000), @p14='?' (Size = 4000), @p15='?' (DbType = Boolean), @p16='?' (Size = 4000), @p17='?' (DbType = Boolean), @p18='?' (DbType = DateTime2), @p19='?' (Size = 256)], CommandType='"Text"', CommandTimeout='30']
SET NOCOUNT ON;
INSERT INTO [AspNetUserRoles] ([RoleId], [UserId])
VALUES (@p0, @p1);
UPDATE [AspNetUsers] SET [AccessFailedCount] = @p2, [ConcurrencyStamp] = @p3, [CreatedAt] = @p4, [Email] = @p5, [EmailConfirmed] = @p6, [IsDeleted] = @p7, [IsVerified] = @p8, [LockoutEnabled] = @p9, [LockoutEnd] = @p10, [NormalizedEmail] = @p11, [NormalizedUserName] = @p12, [PasswordHash] = @p13, [PhoneNumber] = @p14, [PhoneNumberConfirmed] = @p15, [SecurityStamp] = @p16, [TwoFactorEnabled] = @p17, [UpdatedAt] = @p18, [UserName] = @p19
OUTPUT 1
WHERE [Id] = @p20 AND [ConcurrencyStamp] = @p21;
2024-08-13 12:03:57.065 +05:30  INF  Executed action Web.Ecommerce.Controllers.Account.AccountController.RegisterCustomer (Web.Ecommerce) in 35295.1505ms
2024-08-13 12:03:57.068 +05:30  INF  Executed endpoint 'Web.Ecommerce.Controllers.Account.AccountController.RegisterCustomer (Web.Ecommerce)'
2024-08-13 12:03:57.072 +05:30  ERR  An unhandled exception has occurred while executing the request.System.InvalidOperationException: SMTP configuration is missing or incomplete.
   at Infrastructure.Services.OTPService.OtpService.SendOtpEmailAsync(String email, String otp) in C:\Users\arjun.hariprasad\source\.NET\Ecommerce\EcommerceSolution\CodeBase\Src\Infrastructures\Infrastructure\Services\OTPService\OtpService.cs:line 69
   at Infrastructure.Services.OTPService.OtpService.GenerateOtpAsync(String email) in C:\Users\arjun.hariprasad\source\.NET\Ecommerce\EcommerceSolution\CodeBase\Src\Infrastructures\Infrastructure\Services\OTPService\OtpService.cs:line 30
   at Application.Ecom.Authentication.Commands.RegisterCustomer.RegisterCustomerCommandHandler.Handle(RegisterCustomerCommand request, CancellationToken cancellationToken) in C:\Users\arjun.hariprasad\source\.NET\Ecommerce\EcommerceSolution\CodeBase\Src\Core\Application.Ecom\Authentication\Commands\RegisterCustomer\RegisterCustomerCommandHandler.cs:line 51
   at Web.Ecommerce.Controllers.Account.AccountController.RegisterCustomer(RegisterCustomerCommand command) in C:\Users\arjun.hariprasad\source\.NET\Ecommerce\EcommerceSolution\CodeBase\Src\Presentation\Web.Ecommerce\Controllers\Account\AccountController.cs:line 38
   at Microsoft.AspNetCore.Mvc.Infrastructure.ActionMethodExecutor.TaskOfIActionResultExecutor.Execute(ActionContext actionContext, IActionResultTypeMapper mapper, ObjectMethodExecutor executor, Object controller, Object[] arguments)
   at Microsoft.AspNetCore.Mvc.Infrastructure.ControllerActionInvoker.<InvokeActionMethodAsync>g__Awaited|12_0(ControllerActionInvoker invoker, ValueTask`1 actionResultValueTask)
   at Microsoft.AspNetCore.Mvc.Infrastructure.ControllerActionInvoker.<InvokeNextActionFilterAsync>g__Awaited|10_0(ControllerActionInvoker invoker, Task lastTask, State next, Scope scope, Object state, Boolean isCompleted)
   at Microsoft.AspNetCore.Mvc.Infrastructure.ControllerActionInvoker.Rethrow(ActionExecutedContextSealed context)
   at Microsoft.AspNetCore.Mvc.Infrastructure.ControllerActionInvoker.Next(State& next, Scope& scope, Object& state, Boolean& isCompleted)
   at Microsoft.AspNetCore.Mvc.Infrastructure.ControllerActionInvoker.<InvokeInnerFilterAsync>g__Awaited|13_0(ControllerActionInvoker invoker, Task lastTask, State next, Scope scope, Object state, Boolean isCompleted)
   at Microsoft.AspNetCore.Mvc.Infrastructure.ResourceInvoker.<InvokeFilterPipelineAsync>g__Awaited|20_0(ResourceInvoker invoker, Task lastTask, State next, Scope scope, Object state, Boolean isCompleted)
   at Microsoft.AspNetCore.Mvc.Infrastructure.ResourceInvoker.<InvokeAsync>g__Logged|17_1(ResourceInvoker invoker)
   at Microsoft.AspNetCore.Mvc.Infrastructure.ResourceInvoker.<InvokeAsync>g__Logged|17_1(ResourceInvoker invoker)
   at Microsoft.AspNetCore.Routing.EndpointMiddleware.<Invoke>g__AwaitRequestTask|7_0(Endpoint endpoint, Task requestTask, ILogger logger)
   at Microsoft.AspNetCore.Authorization.AuthorizationMiddleware.Invoke(HttpContext context)
   at Swashbuckle.AspNetCore.SwaggerUI.SwaggerUIMiddleware.Invoke(HttpContext httpContext)
   at Swashbuckle.AspNetCore.Swagger.SwaggerMiddleware.Invoke(HttpContext httpContext, ISwaggerProvider swaggerProvider)
   at Microsoft.AspNetCore.Authentication.AuthenticationMiddleware.Invoke(HttpContext context)
   at Microsoft.AspNetCore.Diagnostics.DeveloperExceptionPageMiddlewareImpl.Invoke(HttpContext context)

2024-08-13 12:03:57.093 +05:30  INF  Request finished HTTP/2 POST https://localhost:7113/api/Account/RegisterCustomer - 500 null text/plain; charset=utf-8 35357.8271ms
2024-08-13 12:07:19.689 +05:30  INF  User profile is available. Using 'C:\Users\arjun.hariprasad\AppData\Local\ASP.NET\DataProtection-Keys' as key repository and Windows DPAPI to encrypt keys at rest.
2024-08-13 12:07:20.764 +05:30  INF  Executed DbCommand (36ms) [Parameters=[@__normalizedName_0='?' (Size = 256)], CommandType='"Text"', CommandTimeout='30']
SELECT TOP(1) [a].[Id], [a].[ConcurrencyStamp], [a].[Name], [a].[NormalizedName]
FROM [AspNetRoles] AS [a]
WHERE [a].[NormalizedName] = @__normalizedName_0
2024-08-13 12:07:20.835 +05:30  INF  Executed DbCommand (6ms) [Parameters=[@__normalizedName_0='?' (Size = 256)], CommandType='"Text"', CommandTimeout='30']
SELECT TOP(1) [a].[Id], [a].[ConcurrencyStamp], [a].[Name], [a].[NormalizedName]
FROM [AspNetRoles] AS [a]
WHERE [a].[NormalizedName] = @__normalizedName_0
2024-08-13 12:07:20.838 +05:30  INF  Executed DbCommand (1ms) [Parameters=[@__normalizedName_0='?' (Size = 256)], CommandType='"Text"', CommandTimeout='30']
SELECT TOP(1) [a].[Id], [a].[ConcurrencyStamp], [a].[Name], [a].[NormalizedName]
FROM [AspNetRoles] AS [a]
WHERE [a].[NormalizedName] = @__normalizedName_0
2024-08-13 12:07:20.852 +05:30  INF  Executed DbCommand (2ms) [Parameters=[@__normalizedEmail_0='?' (Size = 256)], CommandType='"Text"', CommandTimeout='30']
SELECT TOP(2) [a].[Id], [a].[AccessFailedCount], [a].[ConcurrencyStamp], [a].[CreatedAt], [a].[Email], [a].[EmailConfirmed], [a].[IsDeleted], [a].[IsVerified], [a].[LockoutEnabled], [a].[LockoutEnd], [a].[NormalizedEmail], [a].[NormalizedUserName], [a].[PasswordHash], [a].[PhoneNumber], [a].[PhoneNumberConfirmed], [a].[SecurityStamp], [a].[TwoFactorEnabled], [a].[UpdatedAt], [a].[UserName]
FROM [AspNetUsers] AS [a]
WHERE [a].[NormalizedEmail] = @__normalizedEmail_0
2024-08-13 12:07:20.898 +05:30  INF  Executed DbCommand (1ms) [Parameters=[@__normalizedEmail_0='?' (Size = 256)], CommandType='"Text"', CommandTimeout='30']
SELECT TOP(2) [a].[Id], [a].[AccessFailedCount], [a].[ConcurrencyStamp], [a].[CreatedAt], [a].[Email], [a].[EmailConfirmed], [a].[IsDeleted], [a].[IsVerified], [a].[LockoutEnabled], [a].[LockoutEnd], [a].[NormalizedEmail], [a].[NormalizedUserName], [a].[PasswordHash], [a].[PhoneNumber], [a].[PhoneNumberConfirmed], [a].[SecurityStamp], [a].[TwoFactorEnabled], [a].[UpdatedAt], [a].[UserName]
FROM [AspNetUsers] AS [a]
WHERE [a].[NormalizedEmail] = @__normalizedEmail_0
2024-08-13 12:07:20.901 +05:30  INF  Executed DbCommand (1ms) [Parameters=[@__normalizedEmail_0='?' (Size = 256)], CommandType='"Text"', CommandTimeout='30']
SELECT TOP(2) [a].[Id], [a].[AccessFailedCount], [a].[ConcurrencyStamp], [a].[CreatedAt], [a].[Email], [a].[EmailConfirmed], [a].[IsDeleted], [a].[IsVerified], [a].[LockoutEnabled], [a].[LockoutEnd], [a].[NormalizedEmail], [a].[NormalizedUserName], [a].[PasswordHash], [a].[PhoneNumber], [a].[PhoneNumberConfirmed], [a].[SecurityStamp], [a].[TwoFactorEnabled], [a].[UpdatedAt], [a].[UserName]
FROM [AspNetUsers] AS [a]
WHERE [a].[NormalizedEmail] = @__normalizedEmail_0
2024-08-13 12:07:21.073 +05:30  INF  Now listening on: https://localhost:7113
2024-08-13 12:07:21.074 +05:30  INF  Now listening on: http://localhost:5081
2024-08-13 12:07:21.076 +05:30  INF  Application started. Press Ctrl+C to shut down.
2024-08-13 12:07:21.077 +05:30  INF  Hosting environment: Development
2024-08-13 12:07:21.077 +05:30  INF  Content root path: C:\Users\arjun.hariprasad\source\.NET\Ecommerce\EcommerceSolution\CodeBase\Src\Presentation\Web.Ecommerce
2024-08-13 12:07:21.669 +05:30  INF  Request starting HTTP/2 GET https://localhost:7113/swagger/index.html - null null
2024-08-13 12:07:21.969 +05:30  INF  Request finished HTTP/2 GET https://localhost:7113/swagger/index.html - 200 null text/html;charset=utf-8 303.454ms
2024-08-13 12:07:21.978 +05:30  INF  Request starting HTTP/2 GET https://localhost:7113/_vs/browserLink - null null
2024-08-13 12:07:21.978 +05:30  INF  Request starting HTTP/2 GET https://localhost:7113/swagger/index.js - null null
2024-08-13 12:07:21.978 +05:30  INF  Request starting HTTP/2 GET https://localhost:7113/_framework/aspnetcore-browser-refresh.js - null null
2024-08-13 12:07:21.993 +05:30  INF  Request finished HTTP/2 GET https://localhost:7113/swagger/index.js - 200 null application/javascript;charset=utf-8 14.4972ms
2024-08-13 12:07:22.008 +05:30  INF  Request finished HTTP/2 GET https://localhost:7113/_framework/aspnetcore-browser-refresh.js - 200 13762 application/javascript; charset=utf-8 29.8048ms
2024-08-13 12:07:22.027 +05:30  INF  Request finished HTTP/2 GET https://localhost:7113/_vs/browserLink - 200 null text/javascript; charset=UTF-8 48.6198ms
2024-08-13 12:07:22.070 +05:30  INF  Request starting HTTP/2 GET https://localhost:7113/swagger/v1/swagger.json - null null
2024-08-13 12:07:22.181 +05:30  INF  Request finished HTTP/2 GET https://localhost:7113/swagger/v1/swagger.json - 200 null application/json;charset=utf-8 110.8279ms
2024-08-13 12:07:30.753 +05:30  INF  Request starting HTTP/2 POST https://localhost:7113/api/Account/RegisterCustomer - application/json 95
2024-08-13 12:07:30.765 +05:30  INF  Executing endpoint 'Web.Ecommerce.Controllers.Account.AccountController.RegisterCustomer (Web.Ecommerce)'
2024-08-13 12:07:30.783 +05:30  INF  Route matched with {action = "RegisterCustomer", controller = "Account"}. Executing controller action with signature System.Threading.Tasks.Task`1[Microsoft.AspNetCore.Mvc.IActionResult] RegisterCustomer(Application.Ecom.Authentication.Commands.RegisterCustomer.RegisterCustomerCommand) on controller Web.Ecommerce.Controllers.Account.AccountController (Web.Ecommerce).
2024-08-13 12:07:30.883 +05:30  INF  Executed DbCommand (2ms) [Parameters=[@__normalizedName_0='?' (Size = 256)], CommandType='"Text"', CommandTimeout='30']
SELECT TOP(1) [a].[Id], [a].[ConcurrencyStamp], [a].[Name], [a].[NormalizedName]
FROM [AspNetRoles] AS [a]
WHERE [a].[NormalizedName] = @__normalizedName_0
2024-08-13 12:07:30.993 +05:30  INF  Executed DbCommand (3ms) [Parameters=[@__normalizedUserName_0='?' (Size = 256)], CommandType='"Text"', CommandTimeout='30']
SELECT TOP(1) [a].[Id], [a].[AccessFailedCount], [a].[ConcurrencyStamp], [a].[CreatedAt], [a].[Email], [a].[EmailConfirmed], [a].[IsDeleted], [a].[IsVerified], [a].[LockoutEnabled], [a].[LockoutEnd], [a].[NormalizedEmail], [a].[NormalizedUserName], [a].[PasswordHash], [a].[PhoneNumber], [a].[PhoneNumberConfirmed], [a].[SecurityStamp], [a].[TwoFactorEnabled], [a].[UpdatedAt], [a].[UserName]
FROM [AspNetUsers] AS [a]
WHERE [a].[NormalizedUserName] = @__normalizedUserName_0
2024-08-13 12:07:31.002 +05:30  INF  Executed DbCommand (2ms) [Parameters=[@__normalizedEmail_0='?' (Size = 256)], CommandType='"Text"', CommandTimeout='30']
SELECT TOP(2) [a].[Id], [a].[AccessFailedCount], [a].[ConcurrencyStamp], [a].[CreatedAt], [a].[Email], [a].[EmailConfirmed], [a].[IsDeleted], [a].[IsVerified], [a].[LockoutEnabled], [a].[LockoutEnd], [a].[NormalizedEmail], [a].[NormalizedUserName], [a].[PasswordHash], [a].[PhoneNumber], [a].[PhoneNumberConfirmed], [a].[SecurityStamp], [a].[TwoFactorEnabled], [a].[UpdatedAt], [a].[UserName]
FROM [AspNetUsers] AS [a]
WHERE [a].[NormalizedEmail] = @__normalizedEmail_0
2024-08-13 12:07:31.128 +05:30  INF  Executed DbCommand (10ms) [Parameters=[@p0='?' (DbType = Guid), @p1='?' (DbType = Int32), @p2='?' (Size = 4000), @p3='?' (DbType = DateTime2), @p4='?' (Size = 256), @p5='?' (DbType = Boolean), @p6='?' (DbType = Boolean), @p7='?' (DbType = Boolean), @p8='?' (DbType = Boolean), @p9='?' (DbType = DateTimeOffset), @p10='?' (Size = 256), @p11='?' (Size = 256), @p12='?' (Size = 4000), @p13='?' (Size = 4000), @p14='?' (DbType = Boolean), @p15='?' (Size = 4000), @p16='?' (DbType = Boolean), @p17='?' (DbType = DateTime2), @p18='?' (Size = 256)], CommandType='"Text"', CommandTimeout='30']
SET IMPLICIT_TRANSACTIONS OFF;
SET NOCOUNT ON;
INSERT INTO [AspNetUsers] ([Id], [AccessFailedCount], [ConcurrencyStamp], [CreatedAt], [Email], [EmailConfirmed], [IsDeleted], [IsVerified], [LockoutEnabled], [LockoutEnd], [NormalizedEmail], [NormalizedUserName], [PasswordHash], [PhoneNumber], [PhoneNumberConfirmed], [SecurityStamp], [TwoFactorEnabled], [UpdatedAt], [UserName])
VALUES (@p0, @p1, @p2, @p3, @p4, @p5, @p6, @p7, @p8, @p9, @p10, @p11, @p12, @p13, @p14, @p15, @p16, @p17, @p18);
2024-08-13 12:07:31.154 +05:30  INF  Executed DbCommand (2ms) [Parameters=[@__normalizedRoleName_0='?' (Size = 256)], CommandType='"Text"', CommandTimeout='30']
SELECT TOP(2) [a].[Id], [a].[ConcurrencyStamp], [a].[Name], [a].[NormalizedName]
FROM [AspNetRoles] AS [a]
WHERE [a].[NormalizedName] = @__normalizedRoleName_0
2024-08-13 12:07:31.215 +05:30  INF  Executed DbCommand (7ms) [Parameters=[@__get_Item_0='?' (DbType = Guid), @__get_Item_1='?' (DbType = Guid)], CommandType='"Text"', CommandTimeout='30']
SELECT TOP(1) [a].[UserId], [a].[RoleId]
FROM [AspNetUserRoles] AS [a]
WHERE [a].[UserId] = @__get_Item_0 AND [a].[RoleId] = @__get_Item_1
2024-08-13 12:07:31.221 +05:30  INF  Executed DbCommand (2ms) [Parameters=[@__normalizedRoleName_0='?' (Size = 256)], CommandType='"Text"', CommandTimeout='30']
SELECT TOP(2) [a].[Id], [a].[ConcurrencyStamp], [a].[Name], [a].[NormalizedName]
FROM [AspNetRoles] AS [a]
WHERE [a].[NormalizedName] = @__normalizedRoleName_0
2024-08-13 12:07:31.242 +05:30  INF  Executed DbCommand (5ms) [Parameters=[@__normalizedUserName_0='?' (Size = 256)], CommandType='"Text"', CommandTimeout='30']
SELECT TOP(1) [a].[Id], [a].[AccessFailedCount], [a].[ConcurrencyStamp], [a].[CreatedAt], [a].[Email], [a].[EmailConfirmed], [a].[IsDeleted], [a].[IsVerified], [a].[LockoutEnabled], [a].[LockoutEnd], [a].[NormalizedEmail], [a].[NormalizedUserName], [a].[PasswordHash], [a].[PhoneNumber], [a].[PhoneNumberConfirmed], [a].[SecurityStamp], [a].[TwoFactorEnabled], [a].[UpdatedAt], [a].[UserName]
FROM [AspNetUsers] AS [a]
WHERE [a].[NormalizedUserName] = @__normalizedUserName_0
2024-08-13 12:07:31.249 +05:30  INF  Executed DbCommand (2ms) [Parameters=[@__normalizedEmail_0='?' (Size = 256)], CommandType='"Text"', CommandTimeout='30']
SELECT TOP(2) [a].[Id], [a].[AccessFailedCount], [a].[ConcurrencyStamp], [a].[CreatedAt], [a].[Email], [a].[EmailConfirmed], [a].[IsDeleted], [a].[IsVerified], [a].[LockoutEnabled], [a].[LockoutEnd], [a].[NormalizedEmail], [a].[NormalizedUserName], [a].[PasswordHash], [a].[PhoneNumber], [a].[PhoneNumberConfirmed], [a].[SecurityStamp], [a].[TwoFactorEnabled], [a].[UpdatedAt], [a].[UserName]
FROM [AspNetUsers] AS [a]
WHERE [a].[NormalizedEmail] = @__normalizedEmail_0
2024-08-13 12:07:31.294 +05:30  INF  Executed DbCommand (11ms) [Parameters=[@p0='?' (DbType = Guid), @p1='?' (DbType = Guid), @p20='?' (DbType = Guid), @p2='?' (DbType = Int32), @p3='?' (Size = 4000), @p21='?' (Size = 4000), @p4='?' (DbType = DateTime2), @p5='?' (Size = 256), @p6='?' (DbType = Boolean), @p7='?' (DbType = Boolean), @p8='?' (DbType = Boolean), @p9='?' (DbType = Boolean), @p10='?' (DbType = DateTimeOffset), @p11='?' (Size = 256), @p12='?' (Size = 256), @p13='?' (Size = 4000), @p14='?' (Size = 4000), @p15='?' (DbType = Boolean), @p16='?' (Size = 4000), @p17='?' (DbType = Boolean), @p18='?' (DbType = DateTime2), @p19='?' (Size = 256)], CommandType='"Text"', CommandTimeout='30']
SET NOCOUNT ON;
INSERT INTO [AspNetUserRoles] ([RoleId], [UserId])
VALUES (@p0, @p1);
UPDATE [AspNetUsers] SET [AccessFailedCount] = @p2, [ConcurrencyStamp] = @p3, [CreatedAt] = @p4, [Email] = @p5, [EmailConfirmed] = @p6, [IsDeleted] = @p7, [IsVerified] = @p8, [LockoutEnabled] = @p9, [LockoutEnd] = @p10, [NormalizedEmail] = @p11, [NormalizedUserName] = @p12, [PasswordHash] = @p13, [PhoneNumber] = @p14, [PhoneNumberConfirmed] = @p15, [SecurityStamp] = @p16, [TwoFactorEnabled] = @p17, [UpdatedAt] = @p18, [UserName] = @p19
OUTPUT 1
WHERE [Id] = @p20 AND [ConcurrencyStamp] = @p21;
2024-08-13 12:08:11.464 +05:30  INF  Executed action Web.Ecommerce.Controllers.Account.AccountController.RegisterCustomer (Web.Ecommerce) in 40675.0349ms
2024-08-13 12:08:11.466 +05:30  INF  Executed endpoint 'Web.Ecommerce.Controllers.Account.AccountController.RegisterCustomer (Web.Ecommerce)'
2024-08-13 12:08:11.470 +05:30  ERR  An unhandled exception has occurred while executing the request.System.Net.Sockets.SocketException (11001): No such host is known.
   at System.Net.NameResolutionPal.ProcessResult(SocketError errorCode, GetAddrInfoExContext* context)
   at System.Net.NameResolutionPal.GetAddressInfoExCallback(Int32 error, Int32 bytes, NativeOverlapped* overlapped)
--- End of stack trace from previous location ---
   at System.Net.Dns.<GetAddrInfoWithTelemetryAsync>g__CompleteAsync|34_0[T](Task task, String hostName, Int64 startingTimestamp)
   at MailKit.Net.SocketUtils.ConnectAsync(String host, Int32 port, IPEndPoint localEndPoint, CancellationToken cancellationToken)
   at MailKit.Net.SocketUtils.ConnectAsync(String host, Int32 port, IPEndPoint localEndPoint, Int32 timeout, CancellationToken cancellationToken)
   at MailKit.MailService.ConnectNetworkAsync(String host, Int32 port, CancellationToken cancellationToken)
   at MailKit.Net.Smtp.SmtpClient.ConnectAsync(String host, Int32 port, SecureSocketOptions options, CancellationToken cancellationToken)
   at Infrastructure.Services.OTPService.OtpService.SendOtpEmailAsync(String email, String otp) in C:\Users\arjun.hariprasad\source\.NET\Ecommerce\EcommerceSolution\CodeBase\Src\Infrastructures\Infrastructure\Services\OTPService\OtpService.cs:line 88
   at Infrastructure.Services.OTPService.OtpService.GenerateOtpAsync(String email) in C:\Users\arjun.hariprasad\source\.NET\Ecommerce\EcommerceSolution\CodeBase\Src\Infrastructures\Infrastructure\Services\OTPService\OtpService.cs:line 30
   at Application.Ecom.Authentication.Commands.RegisterCustomer.RegisterCustomerCommandHandler.Handle(RegisterCustomerCommand request, CancellationToken cancellationToken) in C:\Users\arjun.hariprasad\source\.NET\Ecommerce\EcommerceSolution\CodeBase\Src\Core\Application.Ecom\Authentication\Commands\RegisterCustomer\RegisterCustomerCommandHandler.cs:line 51
   at Web.Ecommerce.Controllers.Account.AccountController.RegisterCustomer(RegisterCustomerCommand command) in C:\Users\arjun.hariprasad\source\.NET\Ecommerce\EcommerceSolution\CodeBase\Src\Presentation\Web.Ecommerce\Controllers\Account\AccountController.cs:line 38
   at Microsoft.AspNetCore.Mvc.Infrastructure.ActionMethodExecutor.TaskOfIActionResultExecutor.Execute(ActionContext actionContext, IActionResultTypeMapper mapper, ObjectMethodExecutor executor, Object controller, Object[] arguments)
   at Microsoft.AspNetCore.Mvc.Infrastructure.ControllerActionInvoker.<InvokeActionMethodAsync>g__Awaited|12_0(ControllerActionInvoker invoker, ValueTask`1 actionResultValueTask)
   at Microsoft.AspNetCore.Mvc.Infrastructure.ControllerActionInvoker.<InvokeNextActionFilterAsync>g__Awaited|10_0(ControllerActionInvoker invoker, Task lastTask, State next, Scope scope, Object state, Boolean isCompleted)
   at Microsoft.AspNetCore.Mvc.Infrastructure.ControllerActionInvoker.Rethrow(ActionExecutedContextSealed context)
   at Microsoft.AspNetCore.Mvc.Infrastructure.ControllerActionInvoker.Next(State& next, Scope& scope, Object& state, Boolean& isCompleted)
   at Microsoft.AspNetCore.Mvc.Infrastructure.ControllerActionInvoker.<InvokeInnerFilterAsync>g__Awaited|13_0(ControllerActionInvoker invoker, Task lastTask, State next, Scope scope, Object state, Boolean isCompleted)
   at Microsoft.AspNetCore.Mvc.Infrastructure.ResourceInvoker.<InvokeFilterPipelineAsync>g__Awaited|20_0(ResourceInvoker invoker, Task lastTask, State next, Scope scope, Object state, Boolean isCompleted)
   at Microsoft.AspNetCore.Mvc.Infrastructure.ResourceInvoker.<InvokeAsync>g__Logged|17_1(ResourceInvoker invoker)
   at Microsoft.AspNetCore.Mvc.Infrastructure.ResourceInvoker.<InvokeAsync>g__Logged|17_1(ResourceInvoker invoker)
   at Microsoft.AspNetCore.Routing.EndpointMiddleware.<Invoke>g__AwaitRequestTask|7_0(Endpoint endpoint, Task requestTask, ILogger logger)
   at Microsoft.AspNetCore.Authorization.AuthorizationMiddleware.Invoke(HttpContext context)
   at Swashbuckle.AspNetCore.SwaggerUI.SwaggerUIMiddleware.Invoke(HttpContext httpContext)
   at Swashbuckle.AspNetCore.Swagger.SwaggerMiddleware.Invoke(HttpContext httpContext, ISwaggerProvider swaggerProvider)
   at Microsoft.AspNetCore.Authentication.AuthenticationMiddleware.Invoke(HttpContext context)
   at Microsoft.AspNetCore.Diagnostics.DeveloperExceptionPageMiddlewareImpl.Invoke(HttpContext context)

2024-08-13 12:08:11.505 +05:30  INF  Request finished HTTP/2 POST https://localhost:7113/api/Account/RegisterCustomer - 500 null text/plain; charset=utf-8 40752.4086ms
2024-08-13 12:24:59.890 +05:30  INF  User profile is available. Using 'C:\Users\arjun.hariprasad\AppData\Local\ASP.NET\DataProtection-Keys' as key repository and Windows DPAPI to encrypt keys at rest.
2024-08-13 12:25:01.268 +05:30  INF  Executed DbCommand (38ms) [Parameters=[@__normalizedName_0='?' (Size = 256)], CommandType='"Text"', CommandTimeout='30']
SELECT TOP(1) [a].[Id], [a].[ConcurrencyStamp], [a].[Name], [a].[NormalizedName]
FROM [AspNetRoles] AS [a]
WHERE [a].[NormalizedName] = @__normalizedName_0
2024-08-13 12:25:01.349 +05:30  INF  Executed DbCommand (8ms) [Parameters=[@__normalizedName_0='?' (Size = 256)], CommandType='"Text"', CommandTimeout='30']
SELECT TOP(1) [a].[Id], [a].[ConcurrencyStamp], [a].[Name], [a].[NormalizedName]
FROM [AspNetRoles] AS [a]
WHERE [a].[NormalizedName] = @__normalizedName_0
2024-08-13 12:25:01.354 +05:30  INF  Executed DbCommand (2ms) [Parameters=[@__normalizedName_0='?' (Size = 256)], CommandType='"Text"', CommandTimeout='30']
SELECT TOP(1) [a].[Id], [a].[ConcurrencyStamp], [a].[Name], [a].[NormalizedName]
FROM [AspNetRoles] AS [a]
WHERE [a].[NormalizedName] = @__normalizedName_0
2024-08-13 12:25:01.369 +05:30  INF  Executed DbCommand (2ms) [Parameters=[@__normalizedEmail_0='?' (Size = 256)], CommandType='"Text"', CommandTimeout='30']
SELECT TOP(2) [a].[Id], [a].[AccessFailedCount], [a].[ConcurrencyStamp], [a].[CreatedAt], [a].[Email], [a].[EmailConfirmed], [a].[IsDeleted], [a].[IsVerified], [a].[LockoutEnabled], [a].[LockoutEnd], [a].[NormalizedEmail], [a].[NormalizedUserName], [a].[PasswordHash], [a].[PhoneNumber], [a].[PhoneNumberConfirmed], [a].[SecurityStamp], [a].[TwoFactorEnabled], [a].[UpdatedAt], [a].[UserName]
FROM [AspNetUsers] AS [a]
WHERE [a].[NormalizedEmail] = @__normalizedEmail_0
2024-08-13 12:25:01.416 +05:30  INF  Executed DbCommand (2ms) [Parameters=[@__normalizedEmail_0='?' (Size = 256)], CommandType='"Text"', CommandTimeout='30']
SELECT TOP(2) [a].[Id], [a].[AccessFailedCount], [a].[ConcurrencyStamp], [a].[CreatedAt], [a].[Email], [a].[EmailConfirmed], [a].[IsDeleted], [a].[IsVerified], [a].[LockoutEnabled], [a].[LockoutEnd], [a].[NormalizedEmail], [a].[NormalizedUserName], [a].[PasswordHash], [a].[PhoneNumber], [a].[PhoneNumberConfirmed], [a].[SecurityStamp], [a].[TwoFactorEnabled], [a].[UpdatedAt], [a].[UserName]
FROM [AspNetUsers] AS [a]
WHERE [a].[NormalizedEmail] = @__normalizedEmail_0
2024-08-13 12:25:01.419 +05:30  INF  Executed DbCommand (1ms) [Parameters=[@__normalizedEmail_0='?' (Size = 256)], CommandType='"Text"', CommandTimeout='30']
SELECT TOP(2) [a].[Id], [a].[AccessFailedCount], [a].[ConcurrencyStamp], [a].[CreatedAt], [a].[Email], [a].[EmailConfirmed], [a].[IsDeleted], [a].[IsVerified], [a].[LockoutEnabled], [a].[LockoutEnd], [a].[NormalizedEmail], [a].[NormalizedUserName], [a].[PasswordHash], [a].[PhoneNumber], [a].[PhoneNumberConfirmed], [a].[SecurityStamp], [a].[TwoFactorEnabled], [a].[UpdatedAt], [a].[UserName]
FROM [AspNetUsers] AS [a]
WHERE [a].[NormalizedEmail] = @__normalizedEmail_0
2024-08-13 12:25:01.711 +05:30  INF  Now listening on: https://localhost:7113
2024-08-13 12:25:01.713 +05:30  INF  Now listening on: http://localhost:5081
2024-08-13 12:25:01.715 +05:30  INF  Application started. Press Ctrl+C to shut down.
2024-08-13 12:25:01.716 +05:30  INF  Hosting environment: Development
2024-08-13 12:25:01.717 +05:30  INF  Content root path: C:\Users\arjun.hariprasad\source\.NET\Ecommerce\EcommerceSolution\CodeBase\Src\Presentation\Web.Ecommerce
2024-08-13 12:25:02.756 +05:30  INF  Request starting HTTP/2 GET https://localhost:7113/swagger/index.html - null null
2024-08-13 12:25:03.085 +05:30  INF  Request finished HTTP/2 GET https://localhost:7113/swagger/index.html - 200 null text/html;charset=utf-8 333.7298ms
2024-08-13 12:25:03.099 +05:30  INF  Request starting HTTP/2 GET https://localhost:7113/swagger/index.js - null null
2024-08-13 12:25:03.099 +05:30  INF  Request starting HTTP/2 GET https://localhost:7113/_vs/browserLink - null null
2024-08-13 12:25:03.099 +05:30  INF  Request starting HTTP/2 GET https://localhost:7113/_framework/aspnetcore-browser-refresh.js - null null
2024-08-13 12:25:03.109 +05:30  INF  Request finished HTTP/2 GET https://localhost:7113/swagger/index.js - 200 null application/javascript;charset=utf-8 10.7307ms
2024-08-13 12:25:03.127 +05:30  INF  Request finished HTTP/2 GET https://localhost:7113/_framework/aspnetcore-browser-refresh.js - 200 13762 application/javascript; charset=utf-8 28.156ms
2024-08-13 12:25:03.169 +05:30  INF  Request finished HTTP/2 GET https://localhost:7113/_vs/browserLink - 200 null text/javascript; charset=UTF-8 70.658ms
2024-08-13 12:25:03.215 +05:30  INF  Request starting HTTP/2 GET https://localhost:7113/swagger/v1/swagger.json - null null
2024-08-13 12:25:03.355 +05:30  INF  Request finished HTTP/2 GET https://localhost:7113/swagger/v1/swagger.json - 200 null application/json;charset=utf-8 140.3786ms
2024-08-13 12:25:26.223 +05:30  INF  Request starting HTTP/2 POST https://localhost:7113/api/Account/RegisterCustomer - application/json 95
2024-08-13 12:25:26.238 +05:30  INF  Executing endpoint 'Web.Ecommerce.Controllers.Account.AccountController.RegisterCustomer (Web.Ecommerce)'
2024-08-13 12:25:26.262 +05:30  INF  Route matched with {action = "RegisterCustomer", controller = "Account"}. Executing controller action with signature System.Threading.Tasks.Task`1[Microsoft.AspNetCore.Mvc.IActionResult] RegisterCustomer(Application.Ecom.Authentication.Commands.RegisterCustomer.RegisterCustomerCommand) on controller Web.Ecommerce.Controllers.Account.AccountController (Web.Ecommerce).
2024-08-13 12:25:26.377 +05:30  INF  Executed DbCommand (2ms) [Parameters=[@__normalizedName_0='?' (Size = 256)], CommandType='"Text"', CommandTimeout='30']
SELECT TOP(1) [a].[Id], [a].[ConcurrencyStamp], [a].[Name], [a].[NormalizedName]
FROM [AspNetRoles] AS [a]
WHERE [a].[NormalizedName] = @__normalizedName_0
2024-08-13 12:25:26.515 +05:30  INF  Executed DbCommand (2ms) [Parameters=[@__normalizedUserName_0='?' (Size = 256)], CommandType='"Text"', CommandTimeout='30']
SELECT TOP(1) [a].[Id], [a].[AccessFailedCount], [a].[ConcurrencyStamp], [a].[CreatedAt], [a].[Email], [a].[EmailConfirmed], [a].[IsDeleted], [a].[IsVerified], [a].[LockoutEnabled], [a].[LockoutEnd], [a].[NormalizedEmail], [a].[NormalizedUserName], [a].[PasswordHash], [a].[PhoneNumber], [a].[PhoneNumberConfirmed], [a].[SecurityStamp], [a].[TwoFactorEnabled], [a].[UpdatedAt], [a].[UserName]
FROM [AspNetUsers] AS [a]
WHERE [a].[NormalizedUserName] = @__normalizedUserName_0
2024-08-13 12:25:26.527 +05:30  INF  Executed DbCommand (3ms) [Parameters=[@__normalizedEmail_0='?' (Size = 256)], CommandType='"Text"', CommandTimeout='30']
SELECT TOP(2) [a].[Id], [a].[AccessFailedCount], [a].[ConcurrencyStamp], [a].[CreatedAt], [a].[Email], [a].[EmailConfirmed], [a].[IsDeleted], [a].[IsVerified], [a].[LockoutEnabled], [a].[LockoutEnd], [a].[NormalizedEmail], [a].[NormalizedUserName], [a].[PasswordHash], [a].[PhoneNumber], [a].[PhoneNumberConfirmed], [a].[SecurityStamp], [a].[TwoFactorEnabled], [a].[UpdatedAt], [a].[UserName]
FROM [AspNetUsers] AS [a]
WHERE [a].[NormalizedEmail] = @__normalizedEmail_0
2024-08-13 12:25:26.648 +05:30  INF  Executed DbCommand (4ms) [Parameters=[@p0='?' (DbType = Guid), @p1='?' (DbType = Int32), @p2='?' (Size = 4000), @p3='?' (DbType = DateTime2), @p4='?' (Size = 256), @p5='?' (DbType = Boolean), @p6='?' (DbType = Boolean), @p7='?' (DbType = Boolean), @p8='?' (DbType = Boolean), @p9='?' (DbType = DateTimeOffset), @p10='?' (Size = 256), @p11='?' (Size = 256), @p12='?' (Size = 4000), @p13='?' (Size = 4000), @p14='?' (DbType = Boolean), @p15='?' (Size = 4000), @p16='?' (DbType = Boolean), @p17='?' (DbType = DateTime2), @p18='?' (Size = 256)], CommandType='"Text"', CommandTimeout='30']
SET IMPLICIT_TRANSACTIONS OFF;
SET NOCOUNT ON;
INSERT INTO [AspNetUsers] ([Id], [AccessFailedCount], [ConcurrencyStamp], [CreatedAt], [Email], [EmailConfirmed], [IsDeleted], [IsVerified], [LockoutEnabled], [LockoutEnd], [NormalizedEmail], [NormalizedUserName], [PasswordHash], [PhoneNumber], [PhoneNumberConfirmed], [SecurityStamp], [TwoFactorEnabled], [UpdatedAt], [UserName])
VALUES (@p0, @p1, @p2, @p3, @p4, @p5, @p6, @p7, @p8, @p9, @p10, @p11, @p12, @p13, @p14, @p15, @p16, @p17, @p18);
2024-08-13 12:25:26.668 +05:30  INF  Executed DbCommand (2ms) [Parameters=[@__normalizedRoleName_0='?' (Size = 256)], CommandType='"Text"', CommandTimeout='30']
SELECT TOP(2) [a].[Id], [a].[ConcurrencyStamp], [a].[Name], [a].[NormalizedName]
FROM [AspNetRoles] AS [a]
WHERE [a].[NormalizedName] = @__normalizedRoleName_0
2024-08-13 12:25:26.720 +05:30  INF  Executed DbCommand (1ms) [Parameters=[@__get_Item_0='?' (DbType = Guid), @__get_Item_1='?' (DbType = Guid)], CommandType='"Text"', CommandTimeout='30']
SELECT TOP(1) [a].[UserId], [a].[RoleId]
FROM [AspNetUserRoles] AS [a]
WHERE [a].[UserId] = @__get_Item_0 AND [a].[RoleId] = @__get_Item_1
2024-08-13 12:25:26.727 +05:30  INF  Executed DbCommand (1ms) [Parameters=[@__normalizedRoleName_0='?' (Size = 256)], CommandType='"Text"', CommandTimeout='30']
SELECT TOP(2) [a].[Id], [a].[ConcurrencyStamp], [a].[Name], [a].[NormalizedName]
FROM [AspNetRoles] AS [a]
WHERE [a].[NormalizedName] = @__normalizedRoleName_0
2024-08-13 12:25:26.745 +05:30  INF  Executed DbCommand (4ms) [Parameters=[@__normalizedUserName_0='?' (Size = 256)], CommandType='"Text"', CommandTimeout='30']
SELECT TOP(1) [a].[Id], [a].[AccessFailedCount], [a].[ConcurrencyStamp], [a].[CreatedAt], [a].[Email], [a].[EmailConfirmed], [a].[IsDeleted], [a].[IsVerified], [a].[LockoutEnabled], [a].[LockoutEnd], [a].[NormalizedEmail], [a].[NormalizedUserName], [a].[PasswordHash], [a].[PhoneNumber], [a].[PhoneNumberConfirmed], [a].[SecurityStamp], [a].[TwoFactorEnabled], [a].[UpdatedAt], [a].[UserName]
FROM [AspNetUsers] AS [a]
WHERE [a].[NormalizedUserName] = @__normalizedUserName_0
2024-08-13 12:25:26.751 +05:30  INF  Executed DbCommand (2ms) [Parameters=[@__normalizedEmail_0='?' (Size = 256)], CommandType='"Text"', CommandTimeout='30']
SELECT TOP(2) [a].[Id], [a].[AccessFailedCount], [a].[ConcurrencyStamp], [a].[CreatedAt], [a].[Email], [a].[EmailConfirmed], [a].[IsDeleted], [a].[IsVerified], [a].[LockoutEnabled], [a].[LockoutEnd], [a].[NormalizedEmail], [a].[NormalizedUserName], [a].[PasswordHash], [a].[PhoneNumber], [a].[PhoneNumberConfirmed], [a].[SecurityStamp], [a].[TwoFactorEnabled], [a].[UpdatedAt], [a].[UserName]
FROM [AspNetUsers] AS [a]
WHERE [a].[NormalizedEmail] = @__normalizedEmail_0
2024-08-13 12:25:26.877 +05:30  INF  Executed DbCommand (91ms) [Parameters=[@p0='?' (DbType = Guid), @p1='?' (DbType = Guid), @p20='?' (DbType = Guid), @p2='?' (DbType = Int32), @p3='?' (Size = 4000), @p21='?' (Size = 4000), @p4='?' (DbType = DateTime2), @p5='?' (Size = 256), @p6='?' (DbType = Boolean), @p7='?' (DbType = Boolean), @p8='?' (DbType = Boolean), @p9='?' (DbType = Boolean), @p10='?' (DbType = DateTimeOffset), @p11='?' (Size = 256), @p12='?' (Size = 256), @p13='?' (Size = 4000), @p14='?' (Size = 4000), @p15='?' (DbType = Boolean), @p16='?' (Size = 4000), @p17='?' (DbType = Boolean), @p18='?' (DbType = DateTime2), @p19='?' (Size = 256)], CommandType='"Text"', CommandTimeout='30']
SET NOCOUNT ON;
INSERT INTO [AspNetUserRoles] ([RoleId], [UserId])
VALUES (@p0, @p1);
UPDATE [AspNetUsers] SET [AccessFailedCount] = @p2, [ConcurrencyStamp] = @p3, [CreatedAt] = @p4, [Email] = @p5, [EmailConfirmed] = @p6, [IsDeleted] = @p7, [IsVerified] = @p8, [LockoutEnabled] = @p9, [LockoutEnd] = @p10, [NormalizedEmail] = @p11, [NormalizedUserName] = @p12, [PasswordHash] = @p13, [PhoneNumber] = @p14, [PhoneNumberConfirmed] = @p15, [SecurityStamp] = @p16, [TwoFactorEnabled] = @p17, [UpdatedAt] = @p18, [UserName] = @p19
OUTPUT 1
WHERE [Id] = @p20 AND [ConcurrencyStamp] = @p21;
2024-08-13 12:26:01.622 +05:30  INF  Executing OkObjectResult, writing value of type 'Application.Ecom.Authentication.Commands.RegisterCustomer.RegisterCustomerResponse'.
2024-08-13 12:26:01.639 +05:30  INF  Executed action Web.Ecommerce.Controllers.Account.AccountController.RegisterCustomer (Web.Ecommerce) in 35371.0565ms
2024-08-13 12:26:01.642 +05:30  INF  Executed endpoint 'Web.Ecommerce.Controllers.Account.AccountController.RegisterCustomer (Web.Ecommerce)'
2024-08-13 12:26:01.653 +05:30  INF  Request finished HTTP/2 POST https://localhost:7113/api/Account/RegisterCustomer - 200 null application/json; charset=utf-8 35429.9749ms
2024-08-13 12:26:43.562 +05:30  INF  Request starting HTTP/2 POST https://localhost:7113/api/Account/VerifyOtp - application/json 51
2024-08-13 12:26:43.566 +05:30  INF  Executing endpoint 'Web.Ecommerce.Controllers.Account.AccountController.VerifyOtp (Web.Ecommerce)'
2024-08-13 12:26:43.570 +05:30  INF  Route matched with {action = "VerifyOtp", controller = "Account"}. Executing controller action with signature System.Threading.Tasks.Task`1[Microsoft.AspNetCore.Mvc.IActionResult] VerifyOtp(Application.Ecom.Authentication.Commands.VerifyOTP.VerifyOtpCommand) on controller Web.Ecommerce.Controllers.Account.AccountController (Web.Ecommerce).
2024-08-13 12:26:43.581 +05:30  INF  Executing BadRequestObjectResult, writing value of type '<>f__AnonymousType0`2[[System.String, System.Private.CoreLib, Version=8.0.0.0, Culture=neutral, PublicKeyToken=7cec85d7bea7798e],[System.Boolean, System.Private.CoreLib, Version=8.0.0.0, Culture=neutral, PublicKeyToken=7cec85d7bea7798e]]'.
2024-08-13 12:26:43.587 +05:30  INF  Executed action Web.Ecommerce.Controllers.Account.AccountController.VerifyOtp (Web.Ecommerce) in 14.3611ms
2024-08-13 12:26:43.589 +05:30  INF  Executed endpoint 'Web.Ecommerce.Controllers.Account.AccountController.VerifyOtp (Web.Ecommerce)'
2024-08-13 12:26:43.590 +05:30  INF  Request finished HTTP/2 POST https://localhost:7113/api/Account/VerifyOtp - 400 null application/json; charset=utf-8 32.2732ms
2024-08-13 12:28:48.759 +05:30  INF  User profile is available. Using 'C:\Users\arjun.hariprasad\AppData\Local\ASP.NET\DataProtection-Keys' as key repository and Windows DPAPI to encrypt keys at rest.
2024-08-13 12:28:49.846 +05:30  INF  Executed DbCommand (36ms) [Parameters=[@__normalizedName_0='?' (Size = 256)], CommandType='"Text"', CommandTimeout='30']
SELECT TOP(1) [a].[Id], [a].[ConcurrencyStamp], [a].[Name], [a].[NormalizedName]
FROM [AspNetRoles] AS [a]
WHERE [a].[NormalizedName] = @__normalizedName_0
2024-08-13 12:28:49.932 +05:30  INF  Executed DbCommand (6ms) [Parameters=[@__normalizedName_0='?' (Size = 256)], CommandType='"Text"', CommandTimeout='30']
SELECT TOP(1) [a].[Id], [a].[ConcurrencyStamp], [a].[Name], [a].[NormalizedName]
FROM [AspNetRoles] AS [a]
WHERE [a].[NormalizedName] = @__normalizedName_0
2024-08-13 12:28:49.936 +05:30  INF  Executed DbCommand (1ms) [Parameters=[@__normalizedName_0='?' (Size = 256)], CommandType='"Text"', CommandTimeout='30']
SELECT TOP(1) [a].[Id], [a].[ConcurrencyStamp], [a].[Name], [a].[NormalizedName]
FROM [AspNetRoles] AS [a]
WHERE [a].[NormalizedName] = @__normalizedName_0
2024-08-13 12:28:49.951 +05:30  INF  Executed DbCommand (3ms) [Parameters=[@__normalizedEmail_0='?' (Size = 256)], CommandType='"Text"', CommandTimeout='30']
SELECT TOP(2) [a].[Id], [a].[AccessFailedCount], [a].[ConcurrencyStamp], [a].[CreatedAt], [a].[Email], [a].[EmailConfirmed], [a].[IsDeleted], [a].[IsVerified], [a].[LockoutEnabled], [a].[LockoutEnd], [a].[NormalizedEmail], [a].[NormalizedUserName], [a].[PasswordHash], [a].[PhoneNumber], [a].[PhoneNumberConfirmed], [a].[SecurityStamp], [a].[TwoFactorEnabled], [a].[UpdatedAt], [a].[UserName]
FROM [AspNetUsers] AS [a]
WHERE [a].[NormalizedEmail] = @__normalizedEmail_0
2024-08-13 12:28:49.997 +05:30  INF  Executed DbCommand (1ms) [Parameters=[@__normalizedEmail_0='?' (Size = 256)], CommandType='"Text"', CommandTimeout='30']
SELECT TOP(2) [a].[Id], [a].[AccessFailedCount], [a].[ConcurrencyStamp], [a].[CreatedAt], [a].[Email], [a].[EmailConfirmed], [a].[IsDeleted], [a].[IsVerified], [a].[LockoutEnabled], [a].[LockoutEnd], [a].[NormalizedEmail], [a].[NormalizedUserName], [a].[PasswordHash], [a].[PhoneNumber], [a].[PhoneNumberConfirmed], [a].[SecurityStamp], [a].[TwoFactorEnabled], [a].[UpdatedAt], [a].[UserName]
FROM [AspNetUsers] AS [a]
WHERE [a].[NormalizedEmail] = @__normalizedEmail_0
2024-08-13 12:28:50.000 +05:30  INF  Executed DbCommand (0ms) [Parameters=[@__normalizedEmail_0='?' (Size = 256)], CommandType='"Text"', CommandTimeout='30']
SELECT TOP(2) [a].[Id], [a].[AccessFailedCount], [a].[ConcurrencyStamp], [a].[CreatedAt], [a].[Email], [a].[EmailConfirmed], [a].[IsDeleted], [a].[IsVerified], [a].[LockoutEnabled], [a].[LockoutEnd], [a].[NormalizedEmail], [a].[NormalizedUserName], [a].[PasswordHash], [a].[PhoneNumber], [a].[PhoneNumberConfirmed], [a].[SecurityStamp], [a].[TwoFactorEnabled], [a].[UpdatedAt], [a].[UserName]
FROM [AspNetUsers] AS [a]
WHERE [a].[NormalizedEmail] = @__normalizedEmail_0
2024-08-13 12:28:50.167 +05:30  INF  Now listening on: https://localhost:7113
2024-08-13 12:28:50.168 +05:30  INF  Now listening on: http://localhost:5081
2024-08-13 12:28:50.171 +05:30  INF  Application started. Press Ctrl+C to shut down.
2024-08-13 12:28:50.172 +05:30  INF  Hosting environment: Development
2024-08-13 12:28:50.172 +05:30  INF  Content root path: C:\Users\arjun.hariprasad\source\.NET\Ecommerce\EcommerceSolution\CodeBase\Src\Presentation\Web.Ecommerce
2024-08-13 12:28:50.577 +05:30  INF  Request starting HTTP/2 GET https://localhost:7113/swagger - null null
2024-08-13 12:28:50.767 +05:30  INF  Request finished HTTP/2 GET https://localhost:7113/swagger - 301 0 null 193.3611ms
2024-08-13 12:28:50.771 +05:30  INF  Request starting HTTP/2 GET https://localhost:7113/swagger/index.html - null null
2024-08-13 12:28:50.868 +05:30  INF  Request finished HTTP/2 GET https://localhost:7113/swagger/index.html - 200 null text/html;charset=utf-8 96.7712ms
2024-08-13 12:28:50.873 +05:30  INF  Request starting HTTP/2 GET https://localhost:7113/swagger/swagger-ui.css - null null
2024-08-13 12:28:50.873 +05:30  INF  Request starting HTTP/2 GET https://localhost:7113/swagger/index.css - null null
2024-08-13 12:28:50.873 +05:30  INF  Request starting HTTP/2 GET https://localhost:7113/swagger/swagger-ui-bundle.js - null null
2024-08-13 12:28:50.873 +05:30  INF  Request starting HTTP/2 GET https://localhost:7113/_framework/aspnetcore-browser-refresh.js - null null
2024-08-13 12:28:50.873 +05:30  INF  Request starting HTTP/2 GET https://localhost:7113/swagger/index.js - null null
2024-08-13 12:28:50.873 +05:30  INF  Request starting HTTP/2 GET https://localhost:7113/swagger/swagger-ui-standalone-preset.js - null null
2024-08-13 12:28:50.887 +05:30  INF  Request finished HTTP/2 GET https://localhost:7113/swagger/index.js - 200 null application/javascript;charset=utf-8 13.6969ms
2024-08-13 12:28:50.890 +05:30  INF  Sending file. Request path: '/index.css'. Physical path: 'N/A'
2024-08-13 12:28:50.890 +05:30  INF  Request starting HTTP/2 GET https://localhost:7113/_vs/browserLink - null null
2024-08-13 12:28:50.896 +05:30  INF  Request finished HTTP/2 GET https://localhost:7113/swagger/index.css - 200 202 text/css 23.4401ms
2024-08-13 12:28:50.899 +05:30  INF  Request finished HTTP/2 GET https://localhost:7113/_framework/aspnetcore-browser-refresh.js - 200 13762 application/javascript; charset=utf-8 25.7722ms
2024-08-13 12:28:50.914 +05:30  INF  Sending file. Request path: '/swagger-ui.css'. Physical path: 'N/A'
2024-08-13 12:28:50.917 +05:30  INF  Sending file. Request path: '/swagger-ui-standalone-preset.js'. Physical path: 'N/A'
2024-08-13 12:28:50.918 +05:30  INF  Request finished HTTP/2 GET https://localhost:7113/swagger/swagger-ui.css - 200 152034 text/css 44.9358ms
2024-08-13 12:28:50.922 +05:30  INF  Request finished HTTP/2 GET https://localhost:7113/swagger/swagger-ui-standalone-preset.js - 200 230293 text/javascript 48.5948ms
2024-08-13 12:28:50.955 +05:30  INF  Sending file. Request path: '/swagger-ui-bundle.js'. Physical path: 'N/A'
2024-08-13 12:28:50.956 +05:30  INF  Request finished HTTP/2 GET https://localhost:7113/_vs/browserLink - 200 null text/javascript; charset=UTF-8 65.8767ms
2024-08-13 12:28:50.957 +05:30  INF  Request finished HTTP/2 GET https://localhost:7113/swagger/swagger-ui-bundle.js - 200 1452753 text/javascript 84.16ms
2024-08-13 12:28:51.188 +05:30  INF  Request starting HTTP/2 GET https://localhost:7113/swagger/v1/swagger.json - null null
2024-08-13 12:28:51.210 +05:30  INF  Request starting HTTP/2 GET https://localhost:7113/swagger/favicon-32x32.png - null null
2024-08-13 12:28:51.215 +05:30  INF  Sending file. Request path: '/favicon-32x32.png'. Physical path: 'N/A'
2024-08-13 12:28:51.218 +05:30  INF  Request finished HTTP/2 GET https://localhost:7113/swagger/favicon-32x32.png - 200 628 image/png 8.0089ms
2024-08-13 12:28:51.289 +05:30  INF  Request finished HTTP/2 GET https://localhost:7113/swagger/v1/swagger.json - 200 null application/json;charset=utf-8 101.8089ms
2024-08-13 12:29:02.465 +05:30  INF  Request starting HTTP/2 POST https://localhost:7113/api/Account/RegisterCustomer - application/json 95
2024-08-13 12:29:02.474 +05:30  INF  Executing endpoint 'Web.Ecommerce.Controllers.Account.AccountController.RegisterCustomer (Web.Ecommerce)'
2024-08-13 12:29:02.494 +05:30  INF  Route matched with {action = "RegisterCustomer", controller = "Account"}. Executing controller action with signature System.Threading.Tasks.Task`1[Microsoft.AspNetCore.Mvc.IActionResult] RegisterCustomer(Application.Ecom.Authentication.Commands.RegisterCustomer.RegisterCustomerCommand) on controller Web.Ecommerce.Controllers.Account.AccountController (Web.Ecommerce).
2024-08-13 12:29:02.600 +05:30  INF  Executed DbCommand (2ms) [Parameters=[@__normalizedName_0='?' (Size = 256)], CommandType='"Text"', CommandTimeout='30']
SELECT TOP(1) [a].[Id], [a].[ConcurrencyStamp], [a].[Name], [a].[NormalizedName]
FROM [AspNetRoles] AS [a]
WHERE [a].[NormalizedName] = @__normalizedName_0
2024-08-13 12:29:02.709 +05:30  INF  Executed DbCommand (2ms) [Parameters=[@__normalizedUserName_0='?' (Size = 256)], CommandType='"Text"', CommandTimeout='30']
SELECT TOP(1) [a].[Id], [a].[AccessFailedCount], [a].[ConcurrencyStamp], [a].[CreatedAt], [a].[Email], [a].[EmailConfirmed], [a].[IsDeleted], [a].[IsVerified], [a].[LockoutEnabled], [a].[LockoutEnd], [a].[NormalizedEmail], [a].[NormalizedUserName], [a].[PasswordHash], [a].[PhoneNumber], [a].[PhoneNumberConfirmed], [a].[SecurityStamp], [a].[TwoFactorEnabled], [a].[UpdatedAt], [a].[UserName]
FROM [AspNetUsers] AS [a]
WHERE [a].[NormalizedUserName] = @__normalizedUserName_0
2024-08-13 12:29:02.719 +05:30  INF  Executed DbCommand (2ms) [Parameters=[@__normalizedEmail_0='?' (Size = 256)], CommandType='"Text"', CommandTimeout='30']
SELECT TOP(2) [a].[Id], [a].[AccessFailedCount], [a].[ConcurrencyStamp], [a].[CreatedAt], [a].[Email], [a].[EmailConfirmed], [a].[IsDeleted], [a].[IsVerified], [a].[LockoutEnabled], [a].[LockoutEnd], [a].[NormalizedEmail], [a].[NormalizedUserName], [a].[PasswordHash], [a].[PhoneNumber], [a].[PhoneNumberConfirmed], [a].[SecurityStamp], [a].[TwoFactorEnabled], [a].[UpdatedAt], [a].[UserName]
FROM [AspNetUsers] AS [a]
WHERE [a].[NormalizedEmail] = @__normalizedEmail_0
2024-08-13 12:29:02.841 +05:30  INF  Executed DbCommand (10ms) [Parameters=[@p0='?' (DbType = Guid), @p1='?' (DbType = Int32), @p2='?' (Size = 4000), @p3='?' (DbType = DateTime2), @p4='?' (Size = 256), @p5='?' (DbType = Boolean), @p6='?' (DbType = Boolean), @p7='?' (DbType = Boolean), @p8='?' (DbType = Boolean), @p9='?' (DbType = DateTimeOffset), @p10='?' (Size = 256), @p11='?' (Size = 256), @p12='?' (Size = 4000), @p13='?' (Size = 4000), @p14='?' (DbType = Boolean), @p15='?' (Size = 4000), @p16='?' (DbType = Boolean), @p17='?' (DbType = DateTime2), @p18='?' (Size = 256)], CommandType='"Text"', CommandTimeout='30']
SET IMPLICIT_TRANSACTIONS OFF;
SET NOCOUNT ON;
INSERT INTO [AspNetUsers] ([Id], [AccessFailedCount], [ConcurrencyStamp], [CreatedAt], [Email], [EmailConfirmed], [IsDeleted], [IsVerified], [LockoutEnabled], [LockoutEnd], [NormalizedEmail], [NormalizedUserName], [PasswordHash], [PhoneNumber], [PhoneNumberConfirmed], [SecurityStamp], [TwoFactorEnabled], [UpdatedAt], [UserName])
VALUES (@p0, @p1, @p2, @p3, @p4, @p5, @p6, @p7, @p8, @p9, @p10, @p11, @p12, @p13, @p14, @p15, @p16, @p17, @p18);
2024-08-13 12:29:02.866 +05:30  INF  Executed DbCommand (2ms) [Parameters=[@__normalizedRoleName_0='?' (Size = 256)], CommandType='"Text"', CommandTimeout='30']
SELECT TOP(2) [a].[Id], [a].[ConcurrencyStamp], [a].[Name], [a].[NormalizedName]
FROM [AspNetRoles] AS [a]
WHERE [a].[NormalizedName] = @__normalizedRoleName_0
2024-08-13 12:29:02.908 +05:30  INF  Executed DbCommand (1ms) [Parameters=[@__get_Item_0='?' (DbType = Guid), @__get_Item_1='?' (DbType = Guid)], CommandType='"Text"', CommandTimeout='30']
SELECT TOP(1) [a].[UserId], [a].[RoleId]
FROM [AspNetUserRoles] AS [a]
WHERE [a].[UserId] = @__get_Item_0 AND [a].[RoleId] = @__get_Item_1
2024-08-13 12:29:02.916 +05:30  INF  Executed DbCommand (2ms) [Parameters=[@__normalizedRoleName_0='?' (Size = 256)], CommandType='"Text"', CommandTimeout='30']
SELECT TOP(2) [a].[Id], [a].[ConcurrencyStamp], [a].[Name], [a].[NormalizedName]
FROM [AspNetRoles] AS [a]
WHERE [a].[NormalizedName] = @__normalizedRoleName_0
2024-08-13 12:29:02.932 +05:30  INF  Executed DbCommand (2ms) [Parameters=[@__normalizedUserName_0='?' (Size = 256)], CommandType='"Text"', CommandTimeout='30']
SELECT TOP(1) [a].[Id], [a].[AccessFailedCount], [a].[ConcurrencyStamp], [a].[CreatedAt], [a].[Email], [a].[EmailConfirmed], [a].[IsDeleted], [a].[IsVerified], [a].[LockoutEnabled], [a].[LockoutEnd], [a].[NormalizedEmail], [a].[NormalizedUserName], [a].[PasswordHash], [a].[PhoneNumber], [a].[PhoneNumberConfirmed], [a].[SecurityStamp], [a].[TwoFactorEnabled], [a].[UpdatedAt], [a].[UserName]
FROM [AspNetUsers] AS [a]
WHERE [a].[NormalizedUserName] = @__normalizedUserName_0
2024-08-13 12:29:02.939 +05:30  INF  Executed DbCommand (2ms) [Parameters=[@__normalizedEmail_0='?' (Size = 256)], CommandType='"Text"', CommandTimeout='30']
SELECT TOP(2) [a].[Id], [a].[AccessFailedCount], [a].[ConcurrencyStamp], [a].[CreatedAt], [a].[Email], [a].[EmailConfirmed], [a].[IsDeleted], [a].[IsVerified], [a].[LockoutEnabled], [a].[LockoutEnd], [a].[NormalizedEmail], [a].[NormalizedUserName], [a].[PasswordHash], [a].[PhoneNumber], [a].[PhoneNumberConfirmed], [a].[SecurityStamp], [a].[TwoFactorEnabled], [a].[UpdatedAt], [a].[UserName]
FROM [AspNetUsers] AS [a]
WHERE [a].[NormalizedEmail] = @__normalizedEmail_0
2024-08-13 12:29:02.971 +05:30  INF  Executed DbCommand (6ms) [Parameters=[@p0='?' (DbType = Guid), @p1='?' (DbType = Guid), @p20='?' (DbType = Guid), @p2='?' (DbType = Int32), @p3='?' (Size = 4000), @p21='?' (Size = 4000), @p4='?' (DbType = DateTime2), @p5='?' (Size = 256), @p6='?' (DbType = Boolean), @p7='?' (DbType = Boolean), @p8='?' (DbType = Boolean), @p9='?' (DbType = Boolean), @p10='?' (DbType = DateTimeOffset), @p11='?' (Size = 256), @p12='?' (Size = 256), @p13='?' (Size = 4000), @p14='?' (Size = 4000), @p15='?' (DbType = Boolean), @p16='?' (Size = 4000), @p17='?' (DbType = Boolean), @p18='?' (DbType = DateTime2), @p19='?' (Size = 256)], CommandType='"Text"', CommandTimeout='30']
SET NOCOUNT ON;
INSERT INTO [AspNetUserRoles] ([RoleId], [UserId])
VALUES (@p0, @p1);
UPDATE [AspNetUsers] SET [AccessFailedCount] = @p2, [ConcurrencyStamp] = @p3, [CreatedAt] = @p4, [Email] = @p5, [EmailConfirmed] = @p6, [IsDeleted] = @p7, [IsVerified] = @p8, [LockoutEnabled] = @p9, [LockoutEnd] = @p10, [NormalizedEmail] = @p11, [NormalizedUserName] = @p12, [PasswordHash] = @p13, [PhoneNumber] = @p14, [PhoneNumberConfirmed] = @p15, [SecurityStamp] = @p16, [TwoFactorEnabled] = @p17, [UpdatedAt] = @p18, [UserName] = @p19
OUTPUT 1
WHERE [Id] = @p20 AND [ConcurrencyStamp] = @p21;
2024-08-13 12:29:16.987 +05:30  INF  Executing OkObjectResult, writing value of type 'Application.Ecom.Authentication.Commands.RegisterCustomer.RegisterCustomerResponse'.
2024-08-13 12:29:17.001 +05:30  INF  Executed action Web.Ecommerce.Controllers.Account.AccountController.RegisterCustomer (Web.Ecommerce) in 14498.2016ms
2024-08-13 12:29:17.003 +05:30  INF  Executed endpoint 'Web.Ecommerce.Controllers.Account.AccountController.RegisterCustomer (Web.Ecommerce)'
2024-08-13 12:29:17.007 +05:30  INF  Request finished HTTP/2 POST https://localhost:7113/api/Account/RegisterCustomer - 200 null application/json; charset=utf-8 14541.0335ms
2024-08-13 12:30:06.786 +05:30  INF  Request starting HTTP/2 POST https://localhost:7113/api/Account/VerifyOtp - application/json 51
2024-08-13 12:30:06.802 +05:30  INF  Executing endpoint 'Web.Ecommerce.Controllers.Account.AccountController.VerifyOtp (Web.Ecommerce)'
2024-08-13 12:30:06.806 +05:30  INF  Route matched with {action = "VerifyOtp", controller = "Account"}. Executing controller action with signature System.Threading.Tasks.Task`1[Microsoft.AspNetCore.Mvc.IActionResult] VerifyOtp(Application.Ecom.Authentication.Commands.VerifyOTP.VerifyOtpCommand) on controller Web.Ecommerce.Controllers.Account.AccountController (Web.Ecommerce).
2024-08-13 12:30:06.818 +05:30  INF  Executing BadRequestObjectResult, writing value of type '<>f__AnonymousType0`2[[System.String, System.Private.CoreLib, Version=8.0.0.0, Culture=neutral, PublicKeyToken=7cec85d7bea7798e],[System.Boolean, System.Private.CoreLib, Version=8.0.0.0, Culture=neutral, PublicKeyToken=7cec85d7bea7798e]]'.
2024-08-13 12:30:06.826 +05:30  INF  Executed action Web.Ecommerce.Controllers.Account.AccountController.VerifyOtp (Web.Ecommerce) in 17.4125ms
2024-08-13 12:30:06.827 +05:30  INF  Executed endpoint 'Web.Ecommerce.Controllers.Account.AccountController.VerifyOtp (Web.Ecommerce)'
2024-08-13 12:30:06.828 +05:30  INF  Request finished HTTP/2 POST https://localhost:7113/api/Account/VerifyOtp - 400 null application/json; charset=utf-8 41.9821ms
2024-08-13 12:35:12.389 +05:30  INF  User profile is available. Using 'C:\Users\arjun.hariprasad\AppData\Local\ASP.NET\DataProtection-Keys' as key repository and Windows DPAPI to encrypt keys at rest.
2024-08-13 12:35:13.558 +05:30  INF  Executed DbCommand (47ms) [Parameters=[@__normalizedName_0='?' (Size = 256)], CommandType='"Text"', CommandTimeout='30']
SELECT TOP(1) [a].[Id], [a].[ConcurrencyStamp], [a].[Name], [a].[NormalizedName]
FROM [AspNetRoles] AS [a]
WHERE [a].[NormalizedName] = @__normalizedName_0
2024-08-13 12:35:13.633 +05:30  INF  Executed DbCommand (3ms) [Parameters=[@__normalizedName_0='?' (Size = 256)], CommandType='"Text"', CommandTimeout='30']
SELECT TOP(1) [a].[Id], [a].[ConcurrencyStamp], [a].[Name], [a].[NormalizedName]
FROM [AspNetRoles] AS [a]
WHERE [a].[NormalizedName] = @__normalizedName_0
2024-08-13 12:35:13.639 +05:30  INF  Executed DbCommand (1ms) [Parameters=[@__normalizedName_0='?' (Size = 256)], CommandType='"Text"', CommandTimeout='30']
SELECT TOP(1) [a].[Id], [a].[ConcurrencyStamp], [a].[Name], [a].[NormalizedName]
FROM [AspNetRoles] AS [a]
WHERE [a].[NormalizedName] = @__normalizedName_0
2024-08-13 12:35:13.656 +05:30  INF  Executed DbCommand (2ms) [Parameters=[@__normalizedEmail_0='?' (Size = 256)], CommandType='"Text"', CommandTimeout='30']
SELECT TOP(2) [a].[Id], [a].[AccessFailedCount], [a].[ConcurrencyStamp], [a].[CreatedAt], [a].[Email], [a].[EmailConfirmed], [a].[IsDeleted], [a].[IsVerified], [a].[LockoutEnabled], [a].[LockoutEnd], [a].[NormalizedEmail], [a].[NormalizedUserName], [a].[PasswordHash], [a].[PhoneNumber], [a].[PhoneNumberConfirmed], [a].[SecurityStamp], [a].[TwoFactorEnabled], [a].[UpdatedAt], [a].[UserName]
FROM [AspNetUsers] AS [a]
WHERE [a].[NormalizedEmail] = @__normalizedEmail_0
2024-08-13 12:35:13.709 +05:30  INF  Executed DbCommand (2ms) [Parameters=[@__normalizedEmail_0='?' (Size = 256)], CommandType='"Text"', CommandTimeout='30']
SELECT TOP(2) [a].[Id], [a].[AccessFailedCount], [a].[ConcurrencyStamp], [a].[CreatedAt], [a].[Email], [a].[EmailConfirmed], [a].[IsDeleted], [a].[IsVerified], [a].[LockoutEnabled], [a].[LockoutEnd], [a].[NormalizedEmail], [a].[NormalizedUserName], [a].[PasswordHash], [a].[PhoneNumber], [a].[PhoneNumberConfirmed], [a].[SecurityStamp], [a].[TwoFactorEnabled], [a].[UpdatedAt], [a].[UserName]
FROM [AspNetUsers] AS [a]
WHERE [a].[NormalizedEmail] = @__normalizedEmail_0
2024-08-13 12:35:13.713 +05:30  INF  Executed DbCommand (2ms) [Parameters=[@__normalizedEmail_0='?' (Size = 256)], CommandType='"Text"', CommandTimeout='30']
SELECT TOP(2) [a].[Id], [a].[AccessFailedCount], [a].[ConcurrencyStamp], [a].[CreatedAt], [a].[Email], [a].[EmailConfirmed], [a].[IsDeleted], [a].[IsVerified], [a].[LockoutEnabled], [a].[LockoutEnd], [a].[NormalizedEmail], [a].[NormalizedUserName], [a].[PasswordHash], [a].[PhoneNumber], [a].[PhoneNumberConfirmed], [a].[SecurityStamp], [a].[TwoFactorEnabled], [a].[UpdatedAt], [a].[UserName]
FROM [AspNetUsers] AS [a]
WHERE [a].[NormalizedEmail] = @__normalizedEmail_0
2024-08-13 12:35:13.920 +05:30  INF  Now listening on: https://localhost:7113
2024-08-13 12:35:13.921 +05:30  INF  Now listening on: http://localhost:5081
2024-08-13 12:35:13.924 +05:30  INF  Application started. Press Ctrl+C to shut down.
2024-08-13 12:35:13.924 +05:30  INF  Hosting environment: Development
2024-08-13 12:35:13.925 +05:30  INF  Content root path: C:\Users\arjun.hariprasad\source\.NET\Ecommerce\EcommerceSolution\CodeBase\Src\Presentation\Web.Ecommerce
2024-08-13 12:35:14.573 +05:30  INF  Request starting HTTP/2 GET https://localhost:7113/swagger/index.html - null null
2024-08-13 12:35:14.911 +05:30  INF  Request finished HTTP/2 GET https://localhost:7113/swagger/index.html - 200 null text/html;charset=utf-8 343.1506ms
2024-08-13 12:35:14.927 +05:30  INF  Request starting HTTP/2 GET https://localhost:7113/_framework/aspnetcore-browser-refresh.js - null null
2024-08-13 12:35:14.928 +05:30  INF  Request starting HTTP/2 GET https://localhost:7113/swagger/index.js - null null
2024-08-13 12:35:14.928 +05:30  INF  Request starting HTTP/2 GET https://localhost:7113/_vs/browserLink - null null
2024-08-13 12:35:14.947 +05:30  INF  Request finished HTTP/2 GET https://localhost:7113/swagger/index.js - 200 null application/javascript;charset=utf-8 19.6451ms
2024-08-13 12:35:14.957 +05:30  INF  Request finished HTTP/2 GET https://localhost:7113/_framework/aspnetcore-browser-refresh.js - 200 13762 application/javascript; charset=utf-8 30.7493ms
2024-08-13 12:35:15.005 +05:30  INF  Request finished HTTP/2 GET https://localhost:7113/_vs/browserLink - 200 null text/javascript; charset=UTF-8 77.4034ms
2024-08-13 12:35:15.055 +05:30  INF  Request starting HTTP/2 GET https://localhost:7113/swagger/v1/swagger.json - null null
2024-08-13 12:35:15.175 +05:30  INF  Request finished HTTP/2 GET https://localhost:7113/swagger/v1/swagger.json - 200 null application/json;charset=utf-8 120.7021ms
2024-08-13 12:35:25.883 +05:30  INF  Request starting HTTP/2 POST https://localhost:7113/api/Account/RegisterCustomer - application/json 95
2024-08-13 12:35:25.896 +05:30  INF  Executing endpoint 'Web.Ecommerce.Controllers.Account.AccountController.RegisterCustomer (Web.Ecommerce)'
2024-08-13 12:35:25.913 +05:30  INF  Route matched with {action = "RegisterCustomer", controller = "Account"}. Executing controller action with signature System.Threading.Tasks.Task`1[Microsoft.AspNetCore.Mvc.IActionResult] RegisterCustomer(Application.Ecom.Authentication.Commands.RegisterCustomer.RegisterCustomerCommand) on controller Web.Ecommerce.Controllers.Account.AccountController (Web.Ecommerce).
2024-08-13 12:35:26.011 +05:30  INF  Executed DbCommand (2ms) [Parameters=[@__normalizedName_0='?' (Size = 256)], CommandType='"Text"', CommandTimeout='30']
SELECT TOP(1) [a].[Id], [a].[ConcurrencyStamp], [a].[Name], [a].[NormalizedName]
FROM [AspNetRoles] AS [a]
WHERE [a].[NormalizedName] = @__normalizedName_0
2024-08-13 12:35:26.118 +05:30  INF  Executed DbCommand (2ms) [Parameters=[@__normalizedUserName_0='?' (Size = 256)], CommandType='"Text"', CommandTimeout='30']
SELECT TOP(1) [a].[Id], [a].[AccessFailedCount], [a].[ConcurrencyStamp], [a].[CreatedAt], [a].[Email], [a].[EmailConfirmed], [a].[IsDeleted], [a].[IsVerified], [a].[LockoutEnabled], [a].[LockoutEnd], [a].[NormalizedEmail], [a].[NormalizedUserName], [a].[PasswordHash], [a].[PhoneNumber], [a].[PhoneNumberConfirmed], [a].[SecurityStamp], [a].[TwoFactorEnabled], [a].[UpdatedAt], [a].[UserName]
FROM [AspNetUsers] AS [a]
WHERE [a].[NormalizedUserName] = @__normalizedUserName_0
2024-08-13 12:35:26.127 +05:30  INF  Executed DbCommand (2ms) [Parameters=[@__normalizedEmail_0='?' (Size = 256)], CommandType='"Text"', CommandTimeout='30']
SELECT TOP(2) [a].[Id], [a].[AccessFailedCount], [a].[ConcurrencyStamp], [a].[CreatedAt], [a].[Email], [a].[EmailConfirmed], [a].[IsDeleted], [a].[IsVerified], [a].[LockoutEnabled], [a].[LockoutEnd], [a].[NormalizedEmail], [a].[NormalizedUserName], [a].[PasswordHash], [a].[PhoneNumber], [a].[PhoneNumberConfirmed], [a].[SecurityStamp], [a].[TwoFactorEnabled], [a].[UpdatedAt], [a].[UserName]
FROM [AspNetUsers] AS [a]
WHERE [a].[NormalizedEmail] = @__normalizedEmail_0
2024-08-13 12:35:26.240 +05:30  INF  Executed DbCommand (4ms) [Parameters=[@p0='?' (DbType = Guid), @p1='?' (DbType = Int32), @p2='?' (Size = 4000), @p3='?' (DbType = DateTime2), @p4='?' (Size = 256), @p5='?' (DbType = Boolean), @p6='?' (DbType = Boolean), @p7='?' (DbType = Boolean), @p8='?' (DbType = Boolean), @p9='?' (DbType = DateTimeOffset), @p10='?' (Size = 256), @p11='?' (Size = 256), @p12='?' (Size = 4000), @p13='?' (Size = 4000), @p14='?' (DbType = Boolean), @p15='?' (Size = 4000), @p16='?' (DbType = Boolean), @p17='?' (DbType = DateTime2), @p18='?' (Size = 256)], CommandType='"Text"', CommandTimeout='30']
SET IMPLICIT_TRANSACTIONS OFF;
SET NOCOUNT ON;
INSERT INTO [AspNetUsers] ([Id], [AccessFailedCount], [ConcurrencyStamp], [CreatedAt], [Email], [EmailConfirmed], [IsDeleted], [IsVerified], [LockoutEnabled], [LockoutEnd], [NormalizedEmail], [NormalizedUserName], [PasswordHash], [PhoneNumber], [PhoneNumberConfirmed], [SecurityStamp], [TwoFactorEnabled], [UpdatedAt], [UserName])
VALUES (@p0, @p1, @p2, @p3, @p4, @p5, @p6, @p7, @p8, @p9, @p10, @p11, @p12, @p13, @p14, @p15, @p16, @p17, @p18);
2024-08-13 12:35:26.261 +05:30  INF  Executed DbCommand (2ms) [Parameters=[@__normalizedRoleName_0='?' (Size = 256)], CommandType='"Text"', CommandTimeout='30']
SELECT TOP(2) [a].[Id], [a].[ConcurrencyStamp], [a].[Name], [a].[NormalizedName]
FROM [AspNetRoles] AS [a]
WHERE [a].[NormalizedName] = @__normalizedRoleName_0
2024-08-13 12:35:26.305 +05:30  INF  Executed DbCommand (2ms) [Parameters=[@__get_Item_0='?' (DbType = Guid), @__get_Item_1='?' (DbType = Guid)], CommandType='"Text"', CommandTimeout='30']
SELECT TOP(1) [a].[UserId], [a].[RoleId]
FROM [AspNetUserRoles] AS [a]
WHERE [a].[UserId] = @__get_Item_0 AND [a].[RoleId] = @__get_Item_1
2024-08-13 12:35:26.313 +05:30  INF  Executed DbCommand (2ms) [Parameters=[@__normalizedRoleName_0='?' (Size = 256)], CommandType='"Text"', CommandTimeout='30']
SELECT TOP(2) [a].[Id], [a].[ConcurrencyStamp], [a].[Name], [a].[NormalizedName]
FROM [AspNetRoles] AS [a]
WHERE [a].[NormalizedName] = @__normalizedRoleName_0
2024-08-13 12:35:26.334 +05:30  INF  Executed DbCommand (4ms) [Parameters=[@__normalizedUserName_0='?' (Size = 256)], CommandType='"Text"', CommandTimeout='30']
SELECT TOP(1) [a].[Id], [a].[AccessFailedCount], [a].[ConcurrencyStamp], [a].[CreatedAt], [a].[Email], [a].[EmailConfirmed], [a].[IsDeleted], [a].[IsVerified], [a].[LockoutEnabled], [a].[LockoutEnd], [a].[NormalizedEmail], [a].[NormalizedUserName], [a].[PasswordHash], [a].[PhoneNumber], [a].[PhoneNumberConfirmed], [a].[SecurityStamp], [a].[TwoFactorEnabled], [a].[UpdatedAt], [a].[UserName]
FROM [AspNetUsers] AS [a]
WHERE [a].[NormalizedUserName] = @__normalizedUserName_0
2024-08-13 12:35:26.341 +05:30  INF  Executed DbCommand (2ms) [Parameters=[@__normalizedEmail_0='?' (Size = 256)], CommandType='"Text"', CommandTimeout='30']
SELECT TOP(2) [a].[Id], [a].[AccessFailedCount], [a].[ConcurrencyStamp], [a].[CreatedAt], [a].[Email], [a].[EmailConfirmed], [a].[IsDeleted], [a].[IsVerified], [a].[LockoutEnabled], [a].[LockoutEnd], [a].[NormalizedEmail], [a].[NormalizedUserName], [a].[PasswordHash], [a].[PhoneNumber], [a].[PhoneNumberConfirmed], [a].[SecurityStamp], [a].[TwoFactorEnabled], [a].[UpdatedAt], [a].[UserName]
FROM [AspNetUsers] AS [a]
WHERE [a].[NormalizedEmail] = @__normalizedEmail_0
2024-08-13 12:35:26.374 +05:30  INF  Executed DbCommand (5ms) [Parameters=[@p0='?' (DbType = Guid), @p1='?' (DbType = Guid), @p20='?' (DbType = Guid), @p2='?' (DbType = Int32), @p3='?' (Size = 4000), @p21='?' (Size = 4000), @p4='?' (DbType = DateTime2), @p5='?' (Size = 256), @p6='?' (DbType = Boolean), @p7='?' (DbType = Boolean), @p8='?' (DbType = Boolean), @p9='?' (DbType = Boolean), @p10='?' (DbType = DateTimeOffset), @p11='?' (Size = 256), @p12='?' (Size = 256), @p13='?' (Size = 4000), @p14='?' (Size = 4000), @p15='?' (DbType = Boolean), @p16='?' (Size = 4000), @p17='?' (DbType = Boolean), @p18='?' (DbType = DateTime2), @p19='?' (Size = 256)], CommandType='"Text"', CommandTimeout='30']
SET NOCOUNT ON;
INSERT INTO [AspNetUserRoles] ([RoleId], [UserId])
VALUES (@p0, @p1);
UPDATE [AspNetUsers] SET [AccessFailedCount] = @p2, [ConcurrencyStamp] = @p3, [CreatedAt] = @p4, [Email] = @p5, [EmailConfirmed] = @p6, [IsDeleted] = @p7, [IsVerified] = @p8, [LockoutEnabled] = @p9, [LockoutEnd] = @p10, [NormalizedEmail] = @p11, [NormalizedUserName] = @p12, [PasswordHash] = @p13, [PhoneNumber] = @p14, [PhoneNumberConfirmed] = @p15, [SecurityStamp] = @p16, [TwoFactorEnabled] = @p17, [UpdatedAt] = @p18, [UserName] = @p19
OUTPUT 1
WHERE [Id] = @p20 AND [ConcurrencyStamp] = @p21;
2024-08-13 12:35:35.458 +05:30  INF  Executing OkObjectResult, writing value of type 'Application.Ecom.Authentication.Commands.RegisterCustomer.RegisterCustomerResponse'.
2024-08-13 12:35:35.472 +05:30  INF  Executed action Web.Ecommerce.Controllers.Account.AccountController.RegisterCustomer (Web.Ecommerce) in 9551.687ms
2024-08-13 12:35:35.474 +05:30  INF  Executed endpoint 'Web.Ecommerce.Controllers.Account.AccountController.RegisterCustomer (Web.Ecommerce)'
2024-08-13 12:35:35.479 +05:30  INF  Request finished HTTP/2 POST https://localhost:7113/api/Account/RegisterCustomer - 200 null application/json; charset=utf-8 9595.6875ms
2024-08-13 12:36:45.407 +05:30  INF  Request starting HTTP/2 POST https://localhost:7113/api/Account/VerifyOtp - application/json 51
2024-08-13 12:36:45.412 +05:30  INF  Executing endpoint 'Web.Ecommerce.Controllers.Account.AccountController.VerifyOtp (Web.Ecommerce)'
2024-08-13 12:36:45.418 +05:30  INF  Route matched with {action = "VerifyOtp", controller = "Account"}. Executing controller action with signature System.Threading.Tasks.Task`1[Microsoft.AspNetCore.Mvc.IActionResult] VerifyOtp(Application.Ecom.Authentication.Commands.VerifyOTP.VerifyOtpCommand) on controller Web.Ecommerce.Controllers.Account.AccountController (Web.Ecommerce).
2024-08-13 12:36:48.874 +05:30  INF  Executing BadRequestObjectResult, writing value of type '<>f__AnonymousType0`2[[System.String, System.Private.CoreLib, Version=8.0.0.0, Culture=neutral, PublicKeyToken=7cec85d7bea7798e],[System.Boolean, System.Private.CoreLib, Version=8.0.0.0, Culture=neutral, PublicKeyToken=7cec85d7bea7798e]]'.
2024-08-13 12:36:48.882 +05:30  INF  Executed action Web.Ecommerce.Controllers.Account.AccountController.VerifyOtp (Web.Ecommerce) in 3461.1241ms
2024-08-13 12:36:48.884 +05:30  INF  Executed endpoint 'Web.Ecommerce.Controllers.Account.AccountController.VerifyOtp (Web.Ecommerce)'
2024-08-13 12:36:48.885 +05:30  INF  Request finished HTTP/2 POST https://localhost:7113/api/Account/VerifyOtp - 400 null application/json; charset=utf-8 3478.6988ms
2024-08-13 12:47:30.086 +05:30  INF  User profile is available. Using 'C:\Users\arjun.hariprasad\AppData\Local\ASP.NET\DataProtection-Keys' as key repository and Windows DPAPI to encrypt keys at rest.
2024-08-13 12:47:31.184 +05:30  INF  Executed DbCommand (42ms) [Parameters=[@__normalizedName_0='?' (Size = 256)], CommandType='"Text"', CommandTimeout='30']
SELECT TOP(1) [a].[Id], [a].[ConcurrencyStamp], [a].[Name], [a].[NormalizedName]
FROM [AspNetRoles] AS [a]
WHERE [a].[NormalizedName] = @__normalizedName_0
2024-08-13 12:47:31.275 +05:30  INF  Executed DbCommand (9ms) [Parameters=[@__normalizedName_0='?' (Size = 256)], CommandType='"Text"', CommandTimeout='30']
SELECT TOP(1) [a].[Id], [a].[ConcurrencyStamp], [a].[Name], [a].[NormalizedName]
FROM [AspNetRoles] AS [a]
WHERE [a].[NormalizedName] = @__normalizedName_0
2024-08-13 12:47:31.279 +05:30  INF  Executed DbCommand (1ms) [Parameters=[@__normalizedName_0='?' (Size = 256)], CommandType='"Text"', CommandTimeout='30']
SELECT TOP(1) [a].[Id], [a].[ConcurrencyStamp], [a].[Name], [a].[NormalizedName]
FROM [AspNetRoles] AS [a]
WHERE [a].[NormalizedName] = @__normalizedName_0
2024-08-13 12:47:31.295 +05:30  INF  Executed DbCommand (2ms) [Parameters=[@__normalizedEmail_0='?' (Size = 256)], CommandType='"Text"', CommandTimeout='30']
SELECT TOP(2) [a].[Id], [a].[AccessFailedCount], [a].[ConcurrencyStamp], [a].[CreatedAt], [a].[Email], [a].[EmailConfirmed], [a].[IsDeleted], [a].[IsVerified], [a].[LockoutEnabled], [a].[LockoutEnd], [a].[NormalizedEmail], [a].[NormalizedUserName], [a].[PasswordHash], [a].[PhoneNumber], [a].[PhoneNumberConfirmed], [a].[SecurityStamp], [a].[TwoFactorEnabled], [a].[UpdatedAt], [a].[UserName]
FROM [AspNetUsers] AS [a]
WHERE [a].[NormalizedEmail] = @__normalizedEmail_0
2024-08-13 12:47:31.340 +05:30  INF  Executed DbCommand (2ms) [Parameters=[@__normalizedEmail_0='?' (Size = 256)], CommandType='"Text"', CommandTimeout='30']
SELECT TOP(2) [a].[Id], [a].[AccessFailedCount], [a].[ConcurrencyStamp], [a].[CreatedAt], [a].[Email], [a].[EmailConfirmed], [a].[IsDeleted], [a].[IsVerified], [a].[LockoutEnabled], [a].[LockoutEnd], [a].[NormalizedEmail], [a].[NormalizedUserName], [a].[PasswordHash], [a].[PhoneNumber], [a].[PhoneNumberConfirmed], [a].[SecurityStamp], [a].[TwoFactorEnabled], [a].[UpdatedAt], [a].[UserName]
FROM [AspNetUsers] AS [a]
WHERE [a].[NormalizedEmail] = @__normalizedEmail_0
2024-08-13 12:47:31.344 +05:30  INF  Executed DbCommand (2ms) [Parameters=[@__normalizedEmail_0='?' (Size = 256)], CommandType='"Text"', CommandTimeout='30']
SELECT TOP(2) [a].[Id], [a].[AccessFailedCount], [a].[ConcurrencyStamp], [a].[CreatedAt], [a].[Email], [a].[EmailConfirmed], [a].[IsDeleted], [a].[IsVerified], [a].[LockoutEnabled], [a].[LockoutEnd], [a].[NormalizedEmail], [a].[NormalizedUserName], [a].[PasswordHash], [a].[PhoneNumber], [a].[PhoneNumberConfirmed], [a].[SecurityStamp], [a].[TwoFactorEnabled], [a].[UpdatedAt], [a].[UserName]
FROM [AspNetUsers] AS [a]
WHERE [a].[NormalizedEmail] = @__normalizedEmail_0
2024-08-13 12:47:31.517 +05:30  INF  Now listening on: https://localhost:7113
2024-08-13 12:47:31.518 +05:30  INF  Now listening on: http://localhost:5081
2024-08-13 12:47:31.520 +05:30  INF  Application started. Press Ctrl+C to shut down.
2024-08-13 12:47:31.521 +05:30  INF  Hosting environment: Development
2024-08-13 12:47:31.522 +05:30  INF  Content root path: C:\Users\arjun.hariprasad\source\.NET\Ecommerce\EcommerceSolution\CodeBase\Src\Presentation\Web.Ecommerce
2024-08-13 12:47:32.438 +05:30  INF  Request starting HTTP/2 GET https://localhost:7113/swagger/index.html - null null
2024-08-13 12:47:32.698 +05:30  INF  Request finished HTTP/2 GET https://localhost:7113/swagger/index.html - 200 null text/html;charset=utf-8 266.6517ms
2024-08-13 12:47:32.759 +05:30  INF  Request starting HTTP/2 GET https://localhost:7113/swagger/index.js - null null
2024-08-13 12:47:32.759 +05:30  INF  Request starting HTTP/2 GET https://localhost:7113/_vs/browserLink - null null
2024-08-13 12:47:32.759 +05:30  INF  Request starting HTTP/2 GET https://localhost:7113/_framework/aspnetcore-browser-refresh.js - null null
2024-08-13 12:47:32.773 +05:30  INF  Request finished HTTP/2 GET https://localhost:7113/swagger/index.js - 200 null application/javascript;charset=utf-8 14.4904ms
2024-08-13 12:47:32.794 +05:30  INF  Request finished HTTP/2 GET https://localhost:7113/_framework/aspnetcore-browser-refresh.js - 200 13762 application/javascript; charset=utf-8 34.8817ms
2024-08-13 12:47:32.824 +05:30  INF  Request finished HTTP/2 GET https://localhost:7113/_vs/browserLink - 200 null text/javascript; charset=UTF-8 64.4975ms
2024-08-13 12:47:32.874 +05:30  INF  Request starting HTTP/2 GET https://localhost:7113/swagger/v1/swagger.json - null null
2024-08-13 12:47:32.991 +05:30  INF  Request finished HTTP/2 GET https://localhost:7113/swagger/v1/swagger.json - 200 null application/json;charset=utf-8 116.56ms
2024-08-13 12:48:03.758 +05:30  INF  Request starting HTTP/2 POST https://localhost:7113/api/Account/RegisterCustomer - application/json 96
2024-08-13 12:48:03.764 +05:30  INF  Executing endpoint 'Web.Ecommerce.Controllers.Account.AccountController.RegisterCustomer (Web.Ecommerce)'
2024-08-13 12:48:03.783 +05:30  INF  Route matched with {action = "RegisterCustomer", controller = "Account"}. Executing controller action with signature System.Threading.Tasks.Task`1[Microsoft.AspNetCore.Mvc.IActionResult] RegisterCustomer(Application.Ecom.Authentication.Commands.RegisterCustomer.RegisterCustomerCommand) on controller Web.Ecommerce.Controllers.Account.AccountController (Web.Ecommerce).
2024-08-13 12:48:03.888 +05:30  INF  Executed DbCommand (2ms) [Parameters=[@__normalizedName_0='?' (Size = 256)], CommandType='"Text"', CommandTimeout='30']
SELECT TOP(1) [a].[Id], [a].[ConcurrencyStamp], [a].[Name], [a].[NormalizedName]
FROM [AspNetRoles] AS [a]
WHERE [a].[NormalizedName] = @__normalizedName_0
2024-08-13 12:48:04.002 +05:30  INF  Executed DbCommand (2ms) [Parameters=[@__normalizedUserName_0='?' (Size = 256)], CommandType='"Text"', CommandTimeout='30']
SELECT TOP(1) [a].[Id], [a].[AccessFailedCount], [a].[ConcurrencyStamp], [a].[CreatedAt], [a].[Email], [a].[EmailConfirmed], [a].[IsDeleted], [a].[IsVerified], [a].[LockoutEnabled], [a].[LockoutEnd], [a].[NormalizedEmail], [a].[NormalizedUserName], [a].[PasswordHash], [a].[PhoneNumber], [a].[PhoneNumberConfirmed], [a].[SecurityStamp], [a].[TwoFactorEnabled], [a].[UpdatedAt], [a].[UserName]
FROM [AspNetUsers] AS [a]
WHERE [a].[NormalizedUserName] = @__normalizedUserName_0
2024-08-13 12:48:04.012 +05:30  INF  Executed DbCommand (2ms) [Parameters=[@__normalizedEmail_0='?' (Size = 256)], CommandType='"Text"', CommandTimeout='30']
SELECT TOP(2) [a].[Id], [a].[AccessFailedCount], [a].[ConcurrencyStamp], [a].[CreatedAt], [a].[Email], [a].[EmailConfirmed], [a].[IsDeleted], [a].[IsVerified], [a].[LockoutEnabled], [a].[LockoutEnd], [a].[NormalizedEmail], [a].[NormalizedUserName], [a].[PasswordHash], [a].[PhoneNumber], [a].[PhoneNumberConfirmed], [a].[SecurityStamp], [a].[TwoFactorEnabled], [a].[UpdatedAt], [a].[UserName]
FROM [AspNetUsers] AS [a]
WHERE [a].[NormalizedEmail] = @__normalizedEmail_0
2024-08-13 12:48:04.128 +05:30  INF  Executed DbCommand (4ms) [Parameters=[@p0='?' (DbType = Guid), @p1='?' (DbType = Int32), @p2='?' (Size = 4000), @p3='?' (DbType = DateTime2), @p4='?' (Size = 256), @p5='?' (DbType = Boolean), @p6='?' (DbType = Boolean), @p7='?' (DbType = Boolean), @p8='?' (DbType = Boolean), @p9='?' (DbType = DateTimeOffset), @p10='?' (Size = 256), @p11='?' (Size = 256), @p12='?' (Size = 4000), @p13='?' (Size = 4000), @p14='?' (DbType = Boolean), @p15='?' (Size = 4000), @p16='?' (DbType = Boolean), @p17='?' (DbType = DateTime2), @p18='?' (Size = 256)], CommandType='"Text"', CommandTimeout='30']
SET IMPLICIT_TRANSACTIONS OFF;
SET NOCOUNT ON;
INSERT INTO [AspNetUsers] ([Id], [AccessFailedCount], [ConcurrencyStamp], [CreatedAt], [Email], [EmailConfirmed], [IsDeleted], [IsVerified], [LockoutEnabled], [LockoutEnd], [NormalizedEmail], [NormalizedUserName], [PasswordHash], [PhoneNumber], [PhoneNumberConfirmed], [SecurityStamp], [TwoFactorEnabled], [UpdatedAt], [UserName])
VALUES (@p0, @p1, @p2, @p3, @p4, @p5, @p6, @p7, @p8, @p9, @p10, @p11, @p12, @p13, @p14, @p15, @p16, @p17, @p18);
2024-08-13 12:48:04.148 +05:30  INF  Executed DbCommand (1ms) [Parameters=[@__normalizedRoleName_0='?' (Size = 256)], CommandType='"Text"', CommandTimeout='30']
SELECT TOP(2) [a].[Id], [a].[ConcurrencyStamp], [a].[Name], [a].[NormalizedName]
FROM [AspNetRoles] AS [a]
WHERE [a].[NormalizedName] = @__normalizedRoleName_0
2024-08-13 12:48:04.194 +05:30  INF  Executed DbCommand (1ms) [Parameters=[@__get_Item_0='?' (DbType = Guid), @__get_Item_1='?' (DbType = Guid)], CommandType='"Text"', CommandTimeout='30']
SELECT TOP(1) [a].[UserId], [a].[RoleId]
FROM [AspNetUserRoles] AS [a]
WHERE [a].[UserId] = @__get_Item_0 AND [a].[RoleId] = @__get_Item_1
2024-08-13 12:48:04.200 +05:30  INF  Executed DbCommand (1ms) [Parameters=[@__normalizedRoleName_0='?' (Size = 256)], CommandType='"Text"', CommandTimeout='30']
SELECT TOP(2) [a].[Id], [a].[ConcurrencyStamp], [a].[Name], [a].[NormalizedName]
FROM [AspNetRoles] AS [a]
WHERE [a].[NormalizedName] = @__normalizedRoleName_0
2024-08-13 12:48:04.216 +05:30  INF  Executed DbCommand (1ms) [Parameters=[@__normalizedUserName_0='?' (Size = 256)], CommandType='"Text"', CommandTimeout='30']
SELECT TOP(1) [a].[Id], [a].[AccessFailedCount], [a].[ConcurrencyStamp], [a].[CreatedAt], [a].[Email], [a].[EmailConfirmed], [a].[IsDeleted], [a].[IsVerified], [a].[LockoutEnabled], [a].[LockoutEnd], [a].[NormalizedEmail], [a].[NormalizedUserName], [a].[PasswordHash], [a].[PhoneNumber], [a].[PhoneNumberConfirmed], [a].[SecurityStamp], [a].[TwoFactorEnabled], [a].[UpdatedAt], [a].[UserName]
FROM [AspNetUsers] AS [a]
WHERE [a].[NormalizedUserName] = @__normalizedUserName_0
2024-08-13 12:48:04.221 +05:30  INF  Executed DbCommand (1ms) [Parameters=[@__normalizedEmail_0='?' (Size = 256)], CommandType='"Text"', CommandTimeout='30']
SELECT TOP(2) [a].[Id], [a].[AccessFailedCount], [a].[ConcurrencyStamp], [a].[CreatedAt], [a].[Email], [a].[EmailConfirmed], [a].[IsDeleted], [a].[IsVerified], [a].[LockoutEnabled], [a].[LockoutEnd], [a].[NormalizedEmail], [a].[NormalizedUserName], [a].[PasswordHash], [a].[PhoneNumber], [a].[PhoneNumberConfirmed], [a].[SecurityStamp], [a].[TwoFactorEnabled], [a].[UpdatedAt], [a].[UserName]
FROM [AspNetUsers] AS [a]
WHERE [a].[NormalizedEmail] = @__normalizedEmail_0
2024-08-13 12:48:04.257 +05:30  INF  Executed DbCommand (8ms) [Parameters=[@p0='?' (DbType = Guid), @p1='?' (DbType = Guid), @p20='?' (DbType = Guid), @p2='?' (DbType = Int32), @p3='?' (Size = 4000), @p21='?' (Size = 4000), @p4='?' (DbType = DateTime2), @p5='?' (Size = 256), @p6='?' (DbType = Boolean), @p7='?' (DbType = Boolean), @p8='?' (DbType = Boolean), @p9='?' (DbType = Boolean), @p10='?' (DbType = DateTimeOffset), @p11='?' (Size = 256), @p12='?' (Size = 256), @p13='?' (Size = 4000), @p14='?' (Size = 4000), @p15='?' (DbType = Boolean), @p16='?' (Size = 4000), @p17='?' (DbType = Boolean), @p18='?' (DbType = DateTime2), @p19='?' (Size = 256)], CommandType='"Text"', CommandTimeout='30']
SET NOCOUNT ON;
INSERT INTO [AspNetUserRoles] ([RoleId], [UserId])
VALUES (@p0, @p1);
UPDATE [AspNetUsers] SET [AccessFailedCount] = @p2, [ConcurrencyStamp] = @p3, [CreatedAt] = @p4, [Email] = @p5, [EmailConfirmed] = @p6, [IsDeleted] = @p7, [IsVerified] = @p8, [LockoutEnabled] = @p9, [LockoutEnd] = @p10, [NormalizedEmail] = @p11, [NormalizedUserName] = @p12, [PasswordHash] = @p13, [PhoneNumber] = @p14, [PhoneNumberConfirmed] = @p15, [SecurityStamp] = @p16, [TwoFactorEnabled] = @p17, [UpdatedAt] = @p18, [UserName] = @p19
OUTPUT 1
WHERE [Id] = @p20 AND [ConcurrencyStamp] = @p21;
2024-08-13 12:48:15.667 +05:30  INF  Executing OkObjectResult, writing value of type 'Application.Ecom.Authentication.Commands.RegisterCustomer.RegisterCustomerResponse'.
2024-08-13 12:48:15.681 +05:30  INF  Executed action Web.Ecommerce.Controllers.Account.AccountController.RegisterCustomer (Web.Ecommerce) in 11891.9533ms
2024-08-13 12:48:15.683 +05:30  INF  Executed endpoint 'Web.Ecommerce.Controllers.Account.AccountController.RegisterCustomer (Web.Ecommerce)'
2024-08-13 12:48:15.688 +05:30  INF  Request finished HTTP/2 POST https://localhost:7113/api/Account/RegisterCustomer - 200 null application/json; charset=utf-8 11931.0463ms
2024-08-13 12:48:51.048 +05:30  INF  Request starting HTTP/2 POST https://localhost:7113/api/Account/VerifyOtp - application/json 51
2024-08-13 12:48:51.064 +05:30  INF  Executing endpoint 'Web.Ecommerce.Controllers.Account.AccountController.VerifyOtp (Web.Ecommerce)'
2024-08-13 12:48:51.073 +05:30  INF  Route matched with {action = "VerifyOtp", controller = "Account"}. Executing controller action with signature System.Threading.Tasks.Task`1[Microsoft.AspNetCore.Mvc.IActionResult] VerifyOtp(Application.Ecom.Authentication.Commands.VerifyOTP.VerifyOtpCommand) on controller Web.Ecommerce.Controllers.Account.AccountController (Web.Ecommerce).
2024-08-13 12:48:51.085 +05:30  INF  Executing BadRequestObjectResult, writing value of type '<>f__AnonymousType0`2[[System.String, System.Private.CoreLib, Version=8.0.0.0, Culture=neutral, PublicKeyToken=7cec85d7bea7798e],[System.Boolean, System.Private.CoreLib, Version=8.0.0.0, Culture=neutral, PublicKeyToken=7cec85d7bea7798e]]'.
2024-08-13 12:48:51.092 +05:30  INF  Executed action Web.Ecommerce.Controllers.Account.AccountController.VerifyOtp (Web.Ecommerce) in 15.1574ms
2024-08-13 12:48:51.094 +05:30  INF  Executed endpoint 'Web.Ecommerce.Controllers.Account.AccountController.VerifyOtp (Web.Ecommerce)'
2024-08-13 12:48:51.095 +05:30  INF  Request finished HTTP/2 POST https://localhost:7113/api/Account/VerifyOtp - 400 null application/json; charset=utf-8 46.7608ms
2024-08-13 14:42:23.837 +05:30  INF  User profile is available. Using 'C:\Users\arjun.hariprasad\AppData\Local\ASP.NET\DataProtection-Keys' as key repository and Windows DPAPI to encrypt keys at rest.
2024-08-13 14:42:25.195 +05:30  INF  Executed DbCommand (45ms) [Parameters=[@__normalizedName_0='?' (Size = 256)], CommandType='"Text"', CommandTimeout='30']
SELECT TOP(1) [a].[Id], [a].[ConcurrencyStamp], [a].[Name], [a].[NormalizedName]
FROM [AspNetRoles] AS [a]
WHERE [a].[NormalizedName] = @__normalizedName_0
2024-08-13 14:42:25.268 +05:30  INF  Executed DbCommand (2ms) [Parameters=[@__normalizedName_0='?' (Size = 256)], CommandType='"Text"', CommandTimeout='30']
SELECT TOP(1) [a].[Id], [a].[ConcurrencyStamp], [a].[Name], [a].[NormalizedName]
FROM [AspNetRoles] AS [a]
WHERE [a].[NormalizedName] = @__normalizedName_0
2024-08-13 14:42:25.271 +05:30  INF  Executed DbCommand (1ms) [Parameters=[@__normalizedName_0='?' (Size = 256)], CommandType='"Text"', CommandTimeout='30']
SELECT TOP(1) [a].[Id], [a].[ConcurrencyStamp], [a].[Name], [a].[NormalizedName]
FROM [AspNetRoles] AS [a]
WHERE [a].[NormalizedName] = @__normalizedName_0
2024-08-13 14:42:25.286 +05:30  INF  Executed DbCommand (2ms) [Parameters=[@__normalizedEmail_0='?' (Size = 256)], CommandType='"Text"', CommandTimeout='30']
SELECT TOP(2) [a].[Id], [a].[AccessFailedCount], [a].[ConcurrencyStamp], [a].[CreatedAt], [a].[Email], [a].[EmailConfirmed], [a].[IsDeleted], [a].[IsVerified], [a].[LockoutEnabled], [a].[LockoutEnd], [a].[NormalizedEmail], [a].[NormalizedUserName], [a].[PasswordHash], [a].[PhoneNumber], [a].[PhoneNumberConfirmed], [a].[SecurityStamp], [a].[TwoFactorEnabled], [a].[UpdatedAt], [a].[UserName]
FROM [AspNetUsers] AS [a]
WHERE [a].[NormalizedEmail] = @__normalizedEmail_0
2024-08-13 14:42:25.333 +05:30  INF  Executed DbCommand (1ms) [Parameters=[@__normalizedEmail_0='?' (Size = 256)], CommandType='"Text"', CommandTimeout='30']
SELECT TOP(2) [a].[Id], [a].[AccessFailedCount], [a].[ConcurrencyStamp], [a].[CreatedAt], [a].[Email], [a].[EmailConfirmed], [a].[IsDeleted], [a].[IsVerified], [a].[LockoutEnabled], [a].[LockoutEnd], [a].[NormalizedEmail], [a].[NormalizedUserName], [a].[PasswordHash], [a].[PhoneNumber], [a].[PhoneNumberConfirmed], [a].[SecurityStamp], [a].[TwoFactorEnabled], [a].[UpdatedAt], [a].[UserName]
FROM [AspNetUsers] AS [a]
WHERE [a].[NormalizedEmail] = @__normalizedEmail_0
2024-08-13 14:42:25.336 +05:30  INF  Executed DbCommand (1ms) [Parameters=[@__normalizedEmail_0='?' (Size = 256)], CommandType='"Text"', CommandTimeout='30']
SELECT TOP(2) [a].[Id], [a].[AccessFailedCount], [a].[ConcurrencyStamp], [a].[CreatedAt], [a].[Email], [a].[EmailConfirmed], [a].[IsDeleted], [a].[IsVerified], [a].[LockoutEnabled], [a].[LockoutEnd], [a].[NormalizedEmail], [a].[NormalizedUserName], [a].[PasswordHash], [a].[PhoneNumber], [a].[PhoneNumberConfirmed], [a].[SecurityStamp], [a].[TwoFactorEnabled], [a].[UpdatedAt], [a].[UserName]
FROM [AspNetUsers] AS [a]
WHERE [a].[NormalizedEmail] = @__normalizedEmail_0
2024-08-13 14:42:25.602 +05:30  INF  Now listening on: https://localhost:7113
2024-08-13 14:42:25.603 +05:30  INF  Now listening on: http://localhost:5081
2024-08-13 14:42:25.605 +05:30  INF  Application started. Press Ctrl+C to shut down.
2024-08-13 14:42:25.606 +05:30  INF  Hosting environment: Development
2024-08-13 14:42:25.608 +05:30  INF  Content root path: C:\Users\arjun.hariprasad\source\.NET\Ecommerce\EcommerceSolution\CodeBase\Src\Presentation\Web.Ecommerce
2024-08-13 14:42:26.297 +05:30  INF  Request starting HTTP/2 GET https://localhost:7113/swagger/index.html - null null
2024-08-13 14:42:26.612 +05:30  INF  Request finished HTTP/2 GET https://localhost:7113/swagger/index.html - 200 null text/html;charset=utf-8 326.0245ms
2024-08-13 14:42:26.622 +05:30  INF  Request starting HTTP/2 GET https://localhost:7113/_framework/aspnetcore-browser-refresh.js - null null
2024-08-13 14:42:26.623 +05:30  INF  Request starting HTTP/2 GET https://localhost:7113/_vs/browserLink - null null
2024-08-13 14:42:26.632 +05:30  INF  Request starting HTTP/2 GET https://localhost:7113/swagger/index.js - null null
2024-08-13 14:42:26.647 +05:30  INF  Request finished HTTP/2 GET https://localhost:7113/_framework/aspnetcore-browser-refresh.js - 200 13762 application/javascript; charset=utf-8 25.3322ms
2024-08-13 14:42:26.648 +05:30  INF  Request finished HTTP/2 GET https://localhost:7113/swagger/index.js - 200 null application/javascript;charset=utf-8 15.2801ms
2024-08-13 14:42:26.672 +05:30  INF  Request finished HTTP/2 GET https://localhost:7113/_vs/browserLink - 200 null text/javascript; charset=UTF-8 48.8233ms
2024-08-13 14:42:26.723 +05:30  INF  Request starting HTTP/2 GET https://localhost:7113/swagger/v1/swagger.json - null null
2024-08-13 14:42:26.846 +05:30  INF  Request finished HTTP/2 GET https://localhost:7113/swagger/v1/swagger.json - 200 null application/json;charset=utf-8 123.4729ms
2024-08-13 14:42:48.135 +05:30  INF  Request starting HTTP/2 POST https://localhost:7113/api/Account/RegisterCustomer - application/json 51
2024-08-13 14:42:48.147 +05:30  INF  Executing endpoint 'Web.Ecommerce.Controllers.Account.AccountController.RegisterCustomer (Web.Ecommerce)'
2024-08-13 14:42:48.178 +05:30  INF  Route matched with {action = "RegisterCustomer", controller = "Account"}. Executing controller action with signature System.Threading.Tasks.Task`1[Microsoft.AspNetCore.Mvc.IActionResult] RegisterCustomer(Application.Ecom.Authentication.Commands.RegisterCustomer.RegisterCustomerCommand) on controller Web.Ecommerce.Controllers.Account.AccountController (Web.Ecommerce).
2024-08-13 14:42:48.252 +05:30  INF  Executing BadRequestObjectResult, writing value of type 'Microsoft.AspNetCore.Mvc.ValidationProblemDetails'.
2024-08-13 14:42:48.286 +05:30  INF  Executed action Web.Ecommerce.Controllers.Account.AccountController.RegisterCustomer (Web.Ecommerce) in 102.3999ms
2024-08-13 14:42:48.288 +05:30  INF  Executed endpoint 'Web.Ecommerce.Controllers.Account.AccountController.RegisterCustomer (Web.Ecommerce)'
2024-08-13 14:42:48.289 +05:30  INF  Request finished HTTP/2 POST https://localhost:7113/api/Account/RegisterCustomer - 400 null application/problem+json; charset=utf-8 153.7222ms
2024-08-13 14:42:59.824 +05:30  INF  Request starting HTTP/2 POST https://localhost:7113/api/Account/RegisterCustomer - application/json 95
2024-08-13 14:42:59.830 +05:30  INF  Executing endpoint 'Web.Ecommerce.Controllers.Account.AccountController.RegisterCustomer (Web.Ecommerce)'
2024-08-13 14:42:59.831 +05:30  INF  Route matched with {action = "RegisterCustomer", controller = "Account"}. Executing controller action with signature System.Threading.Tasks.Task`1[Microsoft.AspNetCore.Mvc.IActionResult] RegisterCustomer(Application.Ecom.Authentication.Commands.RegisterCustomer.RegisterCustomerCommand) on controller Web.Ecommerce.Controllers.Account.AccountController (Web.Ecommerce).
2024-08-13 14:42:59.898 +05:30  INF  Executed DbCommand (3ms) [Parameters=[@__normalizedName_0='?' (Size = 256)], CommandType='"Text"', CommandTimeout='30']
SELECT TOP(1) [a].[Id], [a].[ConcurrencyStamp], [a].[Name], [a].[NormalizedName]
FROM [AspNetRoles] AS [a]
WHERE [a].[NormalizedName] = @__normalizedName_0
2024-08-13 14:43:00.026 +05:30  INF  Executed DbCommand (3ms) [Parameters=[@__normalizedUserName_0='?' (Size = 256)], CommandType='"Text"', CommandTimeout='30']
SELECT TOP(1) [a].[Id], [a].[AccessFailedCount], [a].[ConcurrencyStamp], [a].[CreatedAt], [a].[Email], [a].[EmailConfirmed], [a].[IsDeleted], [a].[IsVerified], [a].[LockoutEnabled], [a].[LockoutEnd], [a].[NormalizedEmail], [a].[NormalizedUserName], [a].[PasswordHash], [a].[PhoneNumber], [a].[PhoneNumberConfirmed], [a].[SecurityStamp], [a].[TwoFactorEnabled], [a].[UpdatedAt], [a].[UserName]
FROM [AspNetUsers] AS [a]
WHERE [a].[NormalizedUserName] = @__normalizedUserName_0
2024-08-13 14:43:00.038 +05:30  INF  Executed DbCommand (2ms) [Parameters=[@__normalizedEmail_0='?' (Size = 256)], CommandType='"Text"', CommandTimeout='30']
SELECT TOP(2) [a].[Id], [a].[AccessFailedCount], [a].[ConcurrencyStamp], [a].[CreatedAt], [a].[Email], [a].[EmailConfirmed], [a].[IsDeleted], [a].[IsVerified], [a].[LockoutEnabled], [a].[LockoutEnd], [a].[NormalizedEmail], [a].[NormalizedUserName], [a].[PasswordHash], [a].[PhoneNumber], [a].[PhoneNumberConfirmed], [a].[SecurityStamp], [a].[TwoFactorEnabled], [a].[UpdatedAt], [a].[UserName]
FROM [AspNetUsers] AS [a]
WHERE [a].[NormalizedEmail] = @__normalizedEmail_0
2024-08-13 14:43:00.163 +05:30  INF  Executed DbCommand (7ms) [Parameters=[@p0='?' (DbType = Guid), @p1='?' (DbType = Int32), @p2='?' (Size = 4000), @p3='?' (DbType = DateTime2), @p4='?' (Size = 256), @p5='?' (DbType = Boolean), @p6='?' (DbType = Boolean), @p7='?' (DbType = Boolean), @p8='?' (DbType = Boolean), @p9='?' (DbType = DateTimeOffset), @p10='?' (Size = 256), @p11='?' (Size = 256), @p12='?' (Size = 4000), @p13='?' (Size = 4000), @p14='?' (DbType = Boolean), @p15='?' (Size = 4000), @p16='?' (DbType = Boolean), @p17='?' (DbType = DateTime2), @p18='?' (Size = 256)], CommandType='"Text"', CommandTimeout='30']
SET IMPLICIT_TRANSACTIONS OFF;
SET NOCOUNT ON;
INSERT INTO [AspNetUsers] ([Id], [AccessFailedCount], [ConcurrencyStamp], [CreatedAt], [Email], [EmailConfirmed], [IsDeleted], [IsVerified], [LockoutEnabled], [LockoutEnd], [NormalizedEmail], [NormalizedUserName], [PasswordHash], [PhoneNumber], [PhoneNumberConfirmed], [SecurityStamp], [TwoFactorEnabled], [UpdatedAt], [UserName])
VALUES (@p0, @p1, @p2, @p3, @p4, @p5, @p6, @p7, @p8, @p9, @p10, @p11, @p12, @p13, @p14, @p15, @p16, @p17, @p18);
2024-08-13 14:43:00.185 +05:30  INF  Executed DbCommand (2ms) [Parameters=[@__normalizedRoleName_0='?' (Size = 256)], CommandType='"Text"', CommandTimeout='30']
SELECT TOP(2) [a].[Id], [a].[ConcurrencyStamp], [a].[Name], [a].[NormalizedName]
FROM [AspNetRoles] AS [a]
WHERE [a].[NormalizedName] = @__normalizedRoleName_0
2024-08-13 14:43:00.245 +05:30  INF  Executed DbCommand (4ms) [Parameters=[@__get_Item_0='?' (DbType = Guid), @__get_Item_1='?' (DbType = Guid)], CommandType='"Text"', CommandTimeout='30']
SELECT TOP(1) [a].[UserId], [a].[RoleId]
FROM [AspNetUserRoles] AS [a]
WHERE [a].[UserId] = @__get_Item_0 AND [a].[RoleId] = @__get_Item_1
2024-08-13 14:43:00.252 +05:30  INF  Executed DbCommand (1ms) [Parameters=[@__normalizedRoleName_0='?' (Size = 256)], CommandType='"Text"', CommandTimeout='30']
SELECT TOP(2) [a].[Id], [a].[ConcurrencyStamp], [a].[Name], [a].[NormalizedName]
FROM [AspNetRoles] AS [a]
WHERE [a].[NormalizedName] = @__normalizedRoleName_0
2024-08-13 14:43:00.270 +05:30  INF  Executed DbCommand (1ms) [Parameters=[@__normalizedUserName_0='?' (Size = 256)], CommandType='"Text"', CommandTimeout='30']
SELECT TOP(1) [a].[Id], [a].[AccessFailedCount], [a].[ConcurrencyStamp], [a].[CreatedAt], [a].[Email], [a].[EmailConfirmed], [a].[IsDeleted], [a].[IsVerified], [a].[LockoutEnabled], [a].[LockoutEnd], [a].[NormalizedEmail], [a].[NormalizedUserName], [a].[PasswordHash], [a].[PhoneNumber], [a].[PhoneNumberConfirmed], [a].[SecurityStamp], [a].[TwoFactorEnabled], [a].[UpdatedAt], [a].[UserName]
FROM [AspNetUsers] AS [a]
WHERE [a].[NormalizedUserName] = @__normalizedUserName_0
2024-08-13 14:43:00.277 +05:30  INF  Executed DbCommand (2ms) [Parameters=[@__normalizedEmail_0='?' (Size = 256)], CommandType='"Text"', CommandTimeout='30']
SELECT TOP(2) [a].[Id], [a].[AccessFailedCount], [a].[ConcurrencyStamp], [a].[CreatedAt], [a].[Email], [a].[EmailConfirmed], [a].[IsDeleted], [a].[IsVerified], [a].[LockoutEnabled], [a].[LockoutEnd], [a].[NormalizedEmail], [a].[NormalizedUserName], [a].[PasswordHash], [a].[PhoneNumber], [a].[PhoneNumberConfirmed], [a].[SecurityStamp], [a].[TwoFactorEnabled], [a].[UpdatedAt], [a].[UserName]
FROM [AspNetUsers] AS [a]
WHERE [a].[NormalizedEmail] = @__normalizedEmail_0
2024-08-13 14:43:00.317 +05:30  INF  Executed DbCommand (8ms) [Parameters=[@p0='?' (DbType = Guid), @p1='?' (DbType = Guid), @p20='?' (DbType = Guid), @p2='?' (DbType = Int32), @p3='?' (Size = 4000), @p21='?' (Size = 4000), @p4='?' (DbType = DateTime2), @p5='?' (Size = 256), @p6='?' (DbType = Boolean), @p7='?' (DbType = Boolean), @p8='?' (DbType = Boolean), @p9='?' (DbType = Boolean), @p10='?' (DbType = DateTimeOffset), @p11='?' (Size = 256), @p12='?' (Size = 256), @p13='?' (Size = 4000), @p14='?' (Size = 4000), @p15='?' (DbType = Boolean), @p16='?' (Size = 4000), @p17='?' (DbType = Boolean), @p18='?' (DbType = DateTime2), @p19='?' (Size = 256)], CommandType='"Text"', CommandTimeout='30']
SET NOCOUNT ON;
INSERT INTO [AspNetUserRoles] ([RoleId], [UserId])
VALUES (@p0, @p1);
UPDATE [AspNetUsers] SET [AccessFailedCount] = @p2, [ConcurrencyStamp] = @p3, [CreatedAt] = @p4, [Email] = @p5, [EmailConfirmed] = @p6, [IsDeleted] = @p7, [IsVerified] = @p8, [LockoutEnabled] = @p9, [LockoutEnd] = @p10, [NormalizedEmail] = @p11, [NormalizedUserName] = @p12, [PasswordHash] = @p13, [PhoneNumber] = @p14, [PhoneNumberConfirmed] = @p15, [SecurityStamp] = @p16, [TwoFactorEnabled] = @p17, [UpdatedAt] = @p18, [UserName] = @p19
OUTPUT 1
WHERE [Id] = @p20 AND [ConcurrencyStamp] = @p21;
2024-08-13 14:43:10.319 +05:30  INF  Executing OkObjectResult, writing value of type 'Application.Ecom.Authentication.Commands.RegisterCustomer.RegisterCustomerResponse'.
2024-08-13 14:43:10.327 +05:30  INF  Executed action Web.Ecommerce.Controllers.Account.AccountController.RegisterCustomer (Web.Ecommerce) in 10494.1089ms
2024-08-13 14:43:10.329 +05:30  INF  Executed endpoint 'Web.Ecommerce.Controllers.Account.AccountController.RegisterCustomer (Web.Ecommerce)'
2024-08-13 14:43:10.334 +05:30  INF  Request finished HTTP/2 POST https://localhost:7113/api/Account/RegisterCustomer - 200 null application/json; charset=utf-8 10509.7984ms
2024-08-13 14:43:51.930 +05:30  INF  Request starting HTTP/2 POST https://localhost:7113/api/Account/VerifyOtp - application/json 51
2024-08-13 14:43:51.937 +05:30  INF  Executing endpoint 'Web.Ecommerce.Controllers.Account.AccountController.VerifyOtp (Web.Ecommerce)'
2024-08-13 14:43:51.941 +05:30  INF  Route matched with {action = "VerifyOtp", controller = "Account"}. Executing controller action with signature System.Threading.Tasks.Task`1[Microsoft.AspNetCore.Mvc.IActionResult] VerifyOtp(Application.Ecom.Authentication.Commands.VerifyOTP.VerifyOtpCommand) on controller Web.Ecommerce.Controllers.Account.AccountController (Web.Ecommerce).
2024-08-13 14:43:59.464 +05:30  INF  Executing BadRequestObjectResult, writing value of type '<>f__AnonymousType0`2[[System.String, System.Private.CoreLib, Version=8.0.0.0, Culture=neutral, PublicKeyToken=7cec85d7bea7798e],[System.Boolean, System.Private.CoreLib, Version=8.0.0.0, Culture=neutral, PublicKeyToken=7cec85d7bea7798e]]'.
2024-08-13 14:43:59.471 +05:30  INF  Executed action Web.Ecommerce.Controllers.Account.AccountController.VerifyOtp (Web.Ecommerce) in 7526.1867ms
2024-08-13 14:43:59.473 +05:30  INF  Executed endpoint 'Web.Ecommerce.Controllers.Account.AccountController.VerifyOtp (Web.Ecommerce)'
2024-08-13 14:43:59.474 +05:30  INF  Request finished HTTP/2 POST https://localhost:7113/api/Account/VerifyOtp - 400 null application/json; charset=utf-8 7544.5647ms
2024-08-13 14:45:16.052 +05:30  INF  Request starting HTTP/2 POST https://localhost:7113/api/Account/RegisterCustomer - application/json 95
2024-08-13 14:45:16.061 +05:30  INF  Executing endpoint 'Web.Ecommerce.Controllers.Account.AccountController.RegisterCustomer (Web.Ecommerce)'
2024-08-13 14:45:16.062 +05:30  INF  Route matched with {action = "RegisterCustomer", controller = "Account"}. Executing controller action with signature System.Threading.Tasks.Task`1[Microsoft.AspNetCore.Mvc.IActionResult] RegisterCustomer(Application.Ecom.Authentication.Commands.RegisterCustomer.RegisterCustomerCommand) on controller Web.Ecommerce.Controllers.Account.AccountController (Web.Ecommerce).
2024-08-13 14:45:16.078 +05:30  INF  Executed DbCommand (4ms) [Parameters=[@__normalizedName_0='?' (Size = 256)], CommandType='"Text"', CommandTimeout='30']
SELECT TOP(1) [a].[Id], [a].[ConcurrencyStamp], [a].[Name], [a].[NormalizedName]
FROM [AspNetRoles] AS [a]
WHERE [a].[NormalizedName] = @__normalizedName_0
2024-08-13 14:45:16.154 +05:30  INF  Executed DbCommand (2ms) [Parameters=[@__normalizedUserName_0='?' (Size = 256)], CommandType='"Text"', CommandTimeout='30']
SELECT TOP(1) [a].[Id], [a].[AccessFailedCount], [a].[ConcurrencyStamp], [a].[CreatedAt], [a].[Email], [a].[EmailConfirmed], [a].[IsDeleted], [a].[IsVerified], [a].[LockoutEnabled], [a].[LockoutEnd], [a].[NormalizedEmail], [a].[NormalizedUserName], [a].[PasswordHash], [a].[PhoneNumber], [a].[PhoneNumberConfirmed], [a].[SecurityStamp], [a].[TwoFactorEnabled], [a].[UpdatedAt], [a].[UserName]
FROM [AspNetUsers] AS [a]
WHERE [a].[NormalizedUserName] = @__normalizedUserName_0
2024-08-13 14:45:16.159 +05:30  INF  Executed DbCommand (2ms) [Parameters=[@__normalizedEmail_0='?' (Size = 256)], CommandType='"Text"', CommandTimeout='30']
SELECT TOP(2) [a].[Id], [a].[AccessFailedCount], [a].[ConcurrencyStamp], [a].[CreatedAt], [a].[Email], [a].[EmailConfirmed], [a].[IsDeleted], [a].[IsVerified], [a].[LockoutEnabled], [a].[LockoutEnd], [a].[NormalizedEmail], [a].[NormalizedUserName], [a].[PasswordHash], [a].[PhoneNumber], [a].[PhoneNumberConfirmed], [a].[SecurityStamp], [a].[TwoFactorEnabled], [a].[UpdatedAt], [a].[UserName]
FROM [AspNetUsers] AS [a]
WHERE [a].[NormalizedEmail] = @__normalizedEmail_0
2024-08-13 14:45:16.174 +05:30  INF  Executed DbCommand (8ms) [Parameters=[@p0='?' (DbType = Guid), @p1='?' (DbType = Int32), @p2='?' (Size = 4000), @p3='?' (DbType = DateTime2), @p4='?' (Size = 256), @p5='?' (DbType = Boolean), @p6='?' (DbType = Boolean), @p7='?' (DbType = Boolean), @p8='?' (DbType = Boolean), @p9='?' (DbType = DateTimeOffset), @p10='?' (Size = 256), @p11='?' (Size = 256), @p12='?' (Size = 4000), @p13='?' (Size = 4000), @p14='?' (DbType = Boolean), @p15='?' (Size = 4000), @p16='?' (DbType = Boolean), @p17='?' (DbType = DateTime2), @p18='?' (Size = 256)], CommandType='"Text"', CommandTimeout='30']
SET IMPLICIT_TRANSACTIONS OFF;
SET NOCOUNT ON;
INSERT INTO [AspNetUsers] ([Id], [AccessFailedCount], [ConcurrencyStamp], [CreatedAt], [Email], [EmailConfirmed], [IsDeleted], [IsVerified], [LockoutEnabled], [LockoutEnd], [NormalizedEmail], [NormalizedUserName], [PasswordHash], [PhoneNumber], [PhoneNumberConfirmed], [SecurityStamp], [TwoFactorEnabled], [UpdatedAt], [UserName])
VALUES (@p0, @p1, @p2, @p3, @p4, @p5, @p6, @p7, @p8, @p9, @p10, @p11, @p12, @p13, @p14, @p15, @p16, @p17, @p18);
2024-08-13 14:45:16.187 +05:30  INF  Executed DbCommand (2ms) [Parameters=[@__normalizedRoleName_0='?' (Size = 256)], CommandType='"Text"', CommandTimeout='30']
SELECT TOP(2) [a].[Id], [a].[ConcurrencyStamp], [a].[Name], [a].[NormalizedName]
FROM [AspNetRoles] AS [a]
WHERE [a].[NormalizedName] = @__normalizedRoleName_0
2024-08-13 14:45:16.191 +05:30  INF  Executed DbCommand (1ms) [Parameters=[@__get_Item_0='?' (DbType = Guid), @__get_Item_1='?' (DbType = Guid)], CommandType='"Text"', CommandTimeout='30']
SELECT TOP(1) [a].[UserId], [a].[RoleId]
FROM [AspNetUserRoles] AS [a]
WHERE [a].[UserId] = @__get_Item_0 AND [a].[RoleId] = @__get_Item_1
2024-08-13 14:45:16.196 +05:30  INF  Executed DbCommand (1ms) [Parameters=[@__normalizedRoleName_0='?' (Size = 256)], CommandType='"Text"', CommandTimeout='30']
SELECT TOP(2) [a].[Id], [a].[ConcurrencyStamp], [a].[Name], [a].[NormalizedName]
FROM [AspNetRoles] AS [a]
WHERE [a].[NormalizedName] = @__normalizedRoleName_0
2024-08-13 14:45:16.200 +05:30  INF  Executed DbCommand (2ms) [Parameters=[@__normalizedUserName_0='?' (Size = 256)], CommandType='"Text"', CommandTimeout='30']
SELECT TOP(1) [a].[Id], [a].[AccessFailedCount], [a].[ConcurrencyStamp], [a].[CreatedAt], [a].[Email], [a].[EmailConfirmed], [a].[IsDeleted], [a].[IsVerified], [a].[LockoutEnabled], [a].[LockoutEnd], [a].[NormalizedEmail], [a].[NormalizedUserName], [a].[PasswordHash], [a].[PhoneNumber], [a].[PhoneNumberConfirmed], [a].[SecurityStamp], [a].[TwoFactorEnabled], [a].[UpdatedAt], [a].[UserName]
FROM [AspNetUsers] AS [a]
WHERE [a].[NormalizedUserName] = @__normalizedUserName_0
2024-08-13 14:45:16.205 +05:30  INF  Executed DbCommand (1ms) [Parameters=[@__normalizedEmail_0='?' (Size = 256)], CommandType='"Text"', CommandTimeout='30']
SELECT TOP(2) [a].[Id], [a].[AccessFailedCount], [a].[ConcurrencyStamp], [a].[CreatedAt], [a].[Email], [a].[EmailConfirmed], [a].[IsDeleted], [a].[IsVerified], [a].[LockoutEnabled], [a].[LockoutEnd], [a].[NormalizedEmail], [a].[NormalizedUserName], [a].[PasswordHash], [a].[PhoneNumber], [a].[PhoneNumberConfirmed], [a].[SecurityStamp], [a].[TwoFactorEnabled], [a].[UpdatedAt], [a].[UserName]
FROM [AspNetUsers] AS [a]
WHERE [a].[NormalizedEmail] = @__normalizedEmail_0
2024-08-13 14:45:16.215 +05:30  INF  Executed DbCommand (6ms) [Parameters=[@p0='?' (DbType = Guid), @p1='?' (DbType = Guid), @p20='?' (DbType = Guid), @p2='?' (DbType = Int32), @p3='?' (Size = 4000), @p21='?' (Size = 4000), @p4='?' (DbType = DateTime2), @p5='?' (Size = 256), @p6='?' (DbType = Boolean), @p7='?' (DbType = Boolean), @p8='?' (DbType = Boolean), @p9='?' (DbType = Boolean), @p10='?' (DbType = DateTimeOffset), @p11='?' (Size = 256), @p12='?' (Size = 256), @p13='?' (Size = 4000), @p14='?' (Size = 4000), @p15='?' (DbType = Boolean), @p16='?' (Size = 4000), @p17='?' (DbType = Boolean), @p18='?' (DbType = DateTime2), @p19='?' (Size = 256)], CommandType='"Text"', CommandTimeout='30']
SET NOCOUNT ON;
INSERT INTO [AspNetUserRoles] ([RoleId], [UserId])
VALUES (@p0, @p1);
UPDATE [AspNetUsers] SET [AccessFailedCount] = @p2, [ConcurrencyStamp] = @p3, [CreatedAt] = @p4, [Email] = @p5, [EmailConfirmed] = @p6, [IsDeleted] = @p7, [IsVerified] = @p8, [LockoutEnabled] = @p9, [LockoutEnd] = @p10, [NormalizedEmail] = @p11, [NormalizedUserName] = @p12, [PasswordHash] = @p13, [PhoneNumber] = @p14, [PhoneNumberConfirmed] = @p15, [SecurityStamp] = @p16, [TwoFactorEnabled] = @p17, [UpdatedAt] = @p18, [UserName] = @p19
OUTPUT 1
WHERE [Id] = @p20 AND [ConcurrencyStamp] = @p21;
2024-08-13 14:45:26.664 +05:30  INF  Executing OkObjectResult, writing value of type 'Application.Ecom.Authentication.Commands.RegisterCustomer.RegisterCustomerResponse'.
2024-08-13 14:45:26.666 +05:30  INF  Executed action Web.Ecommerce.Controllers.Account.AccountController.RegisterCustomer (Web.Ecommerce) in 10601.8714ms
2024-08-13 14:45:26.667 +05:30  INF  Executed endpoint 'Web.Ecommerce.Controllers.Account.AccountController.RegisterCustomer (Web.Ecommerce)'
2024-08-13 14:45:26.668 +05:30  INF  Request finished HTTP/2 POST https://localhost:7113/api/Account/RegisterCustomer - 200 null application/json; charset=utf-8 10617.7349ms
2024-08-13 14:46:10.173 +05:30  INF  Request starting HTTP/2 POST https://localhost:7113/api/Account/VerifyOtp - application/json 51
2024-08-13 14:46:10.179 +05:30  INF  Executing endpoint 'Web.Ecommerce.Controllers.Account.AccountController.VerifyOtp (Web.Ecommerce)'
2024-08-13 14:46:10.180 +05:30  INF  Route matched with {action = "VerifyOtp", controller = "Account"}. Executing controller action with signature System.Threading.Tasks.Task`1[Microsoft.AspNetCore.Mvc.IActionResult] VerifyOtp(Application.Ecom.Authentication.Commands.VerifyOTP.VerifyOtpCommand) on controller Web.Ecommerce.Controllers.Account.AccountController (Web.Ecommerce).
2024-08-13 14:46:42.938 +05:30  INF  Executing BadRequestObjectResult, writing value of type '<>f__AnonymousType0`2[[System.String, System.Private.CoreLib, Version=8.0.0.0, Culture=neutral, PublicKeyToken=7cec85d7bea7798e],[System.Boolean, System.Private.CoreLib, Version=8.0.0.0, Culture=neutral, PublicKeyToken=7cec85d7bea7798e]]'.
2024-08-13 14:46:42.949 +05:30  INF  Executed action Web.Ecommerce.Controllers.Account.AccountController.VerifyOtp (Web.Ecommerce) in 32767.7883ms
2024-08-13 14:46:42.953 +05:30  INF  Executed endpoint 'Web.Ecommerce.Controllers.Account.AccountController.VerifyOtp (Web.Ecommerce)'
2024-08-13 14:46:42.954 +05:30  INF  Request finished HTTP/2 POST https://localhost:7113/api/Account/VerifyOtp - 400 null application/json; charset=utf-8 32781.992ms
2024-08-13 14:47:37.458 +05:30  INF  Request starting HTTP/2 POST https://localhost:7113/api/Account/RegisterCustomer - application/json 95
2024-08-13 14:47:37.466 +05:30  INF  Executing endpoint 'Web.Ecommerce.Controllers.Account.AccountController.RegisterCustomer (Web.Ecommerce)'
2024-08-13 14:47:37.467 +05:30  INF  Route matched with {action = "RegisterCustomer", controller = "Account"}. Executing controller action with signature System.Threading.Tasks.Task`1[Microsoft.AspNetCore.Mvc.IActionResult] RegisterCustomer(Application.Ecom.Authentication.Commands.RegisterCustomer.RegisterCustomerCommand) on controller Web.Ecommerce.Controllers.Account.AccountController (Web.Ecommerce).
2024-08-13 14:47:37.481 +05:30  INF  Executed DbCommand (2ms) [Parameters=[@__normalizedName_0='?' (Size = 256)], CommandType='"Text"', CommandTimeout='30']
SELECT TOP(1) [a].[Id], [a].[ConcurrencyStamp], [a].[Name], [a].[NormalizedName]
FROM [AspNetRoles] AS [a]
WHERE [a].[NormalizedName] = @__normalizedName_0
2024-08-13 14:47:37.557 +05:30  INF  Executed DbCommand (2ms) [Parameters=[@__normalizedUserName_0='?' (Size = 256)], CommandType='"Text"', CommandTimeout='30']
SELECT TOP(1) [a].[Id], [a].[AccessFailedCount], [a].[ConcurrencyStamp], [a].[CreatedAt], [a].[Email], [a].[EmailConfirmed], [a].[IsDeleted], [a].[IsVerified], [a].[LockoutEnabled], [a].[LockoutEnd], [a].[NormalizedEmail], [a].[NormalizedUserName], [a].[PasswordHash], [a].[PhoneNumber], [a].[PhoneNumberConfirmed], [a].[SecurityStamp], [a].[TwoFactorEnabled], [a].[UpdatedAt], [a].[UserName]
FROM [AspNetUsers] AS [a]
WHERE [a].[NormalizedUserName] = @__normalizedUserName_0
2024-08-13 14:47:37.563 +05:30  INF  Executed DbCommand (2ms) [Parameters=[@__normalizedEmail_0='?' (Size = 256)], CommandType='"Text"', CommandTimeout='30']
SELECT TOP(2) [a].[Id], [a].[AccessFailedCount], [a].[ConcurrencyStamp], [a].[CreatedAt], [a].[Email], [a].[EmailConfirmed], [a].[IsDeleted], [a].[IsVerified], [a].[LockoutEnabled], [a].[LockoutEnd], [a].[NormalizedEmail], [a].[NormalizedUserName], [a].[PasswordHash], [a].[PhoneNumber], [a].[PhoneNumberConfirmed], [a].[SecurityStamp], [a].[TwoFactorEnabled], [a].[UpdatedAt], [a].[UserName]
FROM [AspNetUsers] AS [a]
WHERE [a].[NormalizedEmail] = @__normalizedEmail_0
2024-08-13 14:47:37.570 +05:30  INF  Executed DbCommand (3ms) [Parameters=[@p0='?' (DbType = Guid), @p1='?' (DbType = Int32), @p2='?' (Size = 4000), @p3='?' (DbType = DateTime2), @p4='?' (Size = 256), @p5='?' (DbType = Boolean), @p6='?' (DbType = Boolean), @p7='?' (DbType = Boolean), @p8='?' (DbType = Boolean), @p9='?' (DbType = DateTimeOffset), @p10='?' (Size = 256), @p11='?' (Size = 256), @p12='?' (Size = 4000), @p13='?' (Size = 4000), @p14='?' (DbType = Boolean), @p15='?' (Size = 4000), @p16='?' (DbType = Boolean), @p17='?' (DbType = DateTime2), @p18='?' (Size = 256)], CommandType='"Text"', CommandTimeout='30']
SET IMPLICIT_TRANSACTIONS OFF;
SET NOCOUNT ON;
INSERT INTO [AspNetUsers] ([Id], [AccessFailedCount], [ConcurrencyStamp], [CreatedAt], [Email], [EmailConfirmed], [IsDeleted], [IsVerified], [LockoutEnabled], [LockoutEnd], [NormalizedEmail], [NormalizedUserName], [PasswordHash], [PhoneNumber], [PhoneNumberConfirmed], [SecurityStamp], [TwoFactorEnabled], [UpdatedAt], [UserName])
VALUES (@p0, @p1, @p2, @p3, @p4, @p5, @p6, @p7, @p8, @p9, @p10, @p11, @p12, @p13, @p14, @p15, @p16, @p17, @p18);
2024-08-13 14:47:37.576 +05:30  INF  Executed DbCommand (2ms) [Parameters=[@__normalizedRoleName_0='?' (Size = 256)], CommandType='"Text"', CommandTimeout='30']
SELECT TOP(2) [a].[Id], [a].[ConcurrencyStamp], [a].[Name], [a].[NormalizedName]
FROM [AspNetRoles] AS [a]
WHERE [a].[NormalizedName] = @__normalizedRoleName_0
2024-08-13 14:47:37.580 +05:30  INF  Executed DbCommand (1ms) [Parameters=[@__get_Item_0='?' (DbType = Guid), @__get_Item_1='?' (DbType = Guid)], CommandType='"Text"', CommandTimeout='30']
SELECT TOP(1) [a].[UserId], [a].[RoleId]
FROM [AspNetUserRoles] AS [a]
WHERE [a].[UserId] = @__get_Item_0 AND [a].[RoleId] = @__get_Item_1
2024-08-13 14:47:37.583 +05:30  INF  Executed DbCommand (1ms) [Parameters=[@__normalizedRoleName_0='?' (Size = 256)], CommandType='"Text"', CommandTimeout='30']
SELECT TOP(2) [a].[Id], [a].[ConcurrencyStamp], [a].[Name], [a].[NormalizedName]
FROM [AspNetRoles] AS [a]
WHERE [a].[NormalizedName] = @__normalizedRoleName_0
2024-08-13 14:47:37.587 +05:30  INF  Executed DbCommand (2ms) [Parameters=[@__normalizedUserName_0='?' (Size = 256)], CommandType='"Text"', CommandTimeout='30']
SELECT TOP(1) [a].[Id], [a].[AccessFailedCount], [a].[ConcurrencyStamp], [a].[CreatedAt], [a].[Email], [a].[EmailConfirmed], [a].[IsDeleted], [a].[IsVerified], [a].[LockoutEnabled], [a].[LockoutEnd], [a].[NormalizedEmail], [a].[NormalizedUserName], [a].[PasswordHash], [a].[PhoneNumber], [a].[PhoneNumberConfirmed], [a].[SecurityStamp], [a].[TwoFactorEnabled], [a].[UpdatedAt], [a].[UserName]
FROM [AspNetUsers] AS [a]
WHERE [a].[NormalizedUserName] = @__normalizedUserName_0
2024-08-13 14:47:37.591 +05:30  INF  Executed DbCommand (1ms) [Parameters=[@__normalizedEmail_0='?' (Size = 256)], CommandType='"Text"', CommandTimeout='30']
SELECT TOP(2) [a].[Id], [a].[AccessFailedCount], [a].[ConcurrencyStamp], [a].[CreatedAt], [a].[Email], [a].[EmailConfirmed], [a].[IsDeleted], [a].[IsVerified], [a].[LockoutEnabled], [a].[LockoutEnd], [a].[NormalizedEmail], [a].[NormalizedUserName], [a].[PasswordHash], [a].[PhoneNumber], [a].[PhoneNumberConfirmed], [a].[SecurityStamp], [a].[TwoFactorEnabled], [a].[UpdatedAt], [a].[UserName]
FROM [AspNetUsers] AS [a]
WHERE [a].[NormalizedEmail] = @__normalizedEmail_0
2024-08-13 14:47:37.600 +05:30  INF  Executed DbCommand (5ms) [Parameters=[@p0='?' (DbType = Guid), @p1='?' (DbType = Guid), @p20='?' (DbType = Guid), @p2='?' (DbType = Int32), @p3='?' (Size = 4000), @p21='?' (Size = 4000), @p4='?' (DbType = DateTime2), @p5='?' (Size = 256), @p6='?' (DbType = Boolean), @p7='?' (DbType = Boolean), @p8='?' (DbType = Boolean), @p9='?' (DbType = Boolean), @p10='?' (DbType = DateTimeOffset), @p11='?' (Size = 256), @p12='?' (Size = 256), @p13='?' (Size = 4000), @p14='?' (Size = 4000), @p15='?' (DbType = Boolean), @p16='?' (Size = 4000), @p17='?' (DbType = Boolean), @p18='?' (DbType = DateTime2), @p19='?' (Size = 256)], CommandType='"Text"', CommandTimeout='30']
SET NOCOUNT ON;
INSERT INTO [AspNetUserRoles] ([RoleId], [UserId])
VALUES (@p0, @p1);
UPDATE [AspNetUsers] SET [AccessFailedCount] = @p2, [ConcurrencyStamp] = @p3, [CreatedAt] = @p4, [Email] = @p5, [EmailConfirmed] = @p6, [IsDeleted] = @p7, [IsVerified] = @p8, [LockoutEnabled] = @p9, [LockoutEnd] = @p10, [NormalizedEmail] = @p11, [NormalizedUserName] = @p12, [PasswordHash] = @p13, [PhoneNumber] = @p14, [PhoneNumberConfirmed] = @p15, [SecurityStamp] = @p16, [TwoFactorEnabled] = @p17, [UpdatedAt] = @p18, [UserName] = @p19
OUTPUT 1
WHERE [Id] = @p20 AND [ConcurrencyStamp] = @p21;
2024-08-13 14:47:58.648 +05:30  INF  Executing OkObjectResult, writing value of type 'Application.Ecom.Authentication.Commands.RegisterCustomer.RegisterCustomerResponse'.
2024-08-13 14:47:58.649 +05:30  INF  Executed action Web.Ecommerce.Controllers.Account.AccountController.RegisterCustomer (Web.Ecommerce) in 21180.8524ms
2024-08-13 14:47:58.651 +05:30  INF  Executed endpoint 'Web.Ecommerce.Controllers.Account.AccountController.RegisterCustomer (Web.Ecommerce)'
2024-08-13 14:47:58.652 +05:30  INF  Request finished HTTP/2 POST https://localhost:7113/api/Account/RegisterCustomer - 200 null application/json; charset=utf-8 21196.4698ms
2024-08-13 14:48:25.688 +05:30  INF  Request starting HTTP/2 POST https://localhost:7113/api/Account/VerifyOtp - application/json 51
2024-08-13 14:48:25.694 +05:30  INF  Executing endpoint 'Web.Ecommerce.Controllers.Account.AccountController.VerifyOtp (Web.Ecommerce)'
2024-08-13 14:48:25.695 +05:30  INF  Route matched with {action = "VerifyOtp", controller = "Account"}. Executing controller action with signature System.Threading.Tasks.Task`1[Microsoft.AspNetCore.Mvc.IActionResult] VerifyOtp(Application.Ecom.Authentication.Commands.VerifyOTP.VerifyOtpCommand) on controller Web.Ecommerce.Controllers.Account.AccountController (Web.Ecommerce).
2024-08-13 14:49:06.798 +05:30  INF  Executing BadRequestObjectResult, writing value of type '<>f__AnonymousType0`2[[System.String, System.Private.CoreLib, Version=8.0.0.0, Culture=neutral, PublicKeyToken=7cec85d7bea7798e],[System.Boolean, System.Private.CoreLib, Version=8.0.0.0, Culture=neutral, PublicKeyToken=7cec85d7bea7798e]]'.
2024-08-13 14:49:06.805 +05:30  INF  Executed action Web.Ecommerce.Controllers.Account.AccountController.VerifyOtp (Web.Ecommerce) in 41107.9251ms
2024-08-13 14:49:06.810 +05:30  INF  Executed endpoint 'Web.Ecommerce.Controllers.Account.AccountController.VerifyOtp (Web.Ecommerce)'
2024-08-13 14:49:06.811 +05:30  INF  Request finished HTTP/2 POST https://localhost:7113/api/Account/VerifyOtp - 400 null application/json; charset=utf-8 41123.7726ms
2024-08-13 14:57:04.458 +05:30  INF  User profile is available. Using 'C:\Users\arjun.hariprasad\AppData\Local\ASP.NET\DataProtection-Keys' as key repository and Windows DPAPI to encrypt keys at rest.
2024-08-13 14:57:05.993 +05:30  INF  Executed DbCommand (37ms) [Parameters=[@__normalizedName_0='?' (Size = 256)], CommandType='"Text"', CommandTimeout='30']
SELECT TOP(1) [a].[Id], [a].[ConcurrencyStamp], [a].[Name], [a].[NormalizedName]
FROM [AspNetRoles] AS [a]
WHERE [a].[NormalizedName] = @__normalizedName_0
2024-08-13 14:57:06.068 +05:30  INF  Executed DbCommand (6ms) [Parameters=[@__normalizedName_0='?' (Size = 256)], CommandType='"Text"', CommandTimeout='30']
SELECT TOP(1) [a].[Id], [a].[ConcurrencyStamp], [a].[Name], [a].[NormalizedName]
FROM [AspNetRoles] AS [a]
WHERE [a].[NormalizedName] = @__normalizedName_0
2024-08-13 14:57:06.071 +05:30  INF  Executed DbCommand (1ms) [Parameters=[@__normalizedName_0='?' (Size = 256)], CommandType='"Text"', CommandTimeout='30']
SELECT TOP(1) [a].[Id], [a].[ConcurrencyStamp], [a].[Name], [a].[NormalizedName]
FROM [AspNetRoles] AS [a]
WHERE [a].[NormalizedName] = @__normalizedName_0
2024-08-13 14:57:06.087 +05:30  INF  Executed DbCommand (3ms) [Parameters=[@__normalizedEmail_0='?' (Size = 256)], CommandType='"Text"', CommandTimeout='30']
SELECT TOP(2) [a].[Id], [a].[AccessFailedCount], [a].[ConcurrencyStamp], [a].[CreatedAt], [a].[Email], [a].[EmailConfirmed], [a].[IsDeleted], [a].[IsVerified], [a].[LockoutEnabled], [a].[LockoutEnd], [a].[NormalizedEmail], [a].[NormalizedUserName], [a].[PasswordHash], [a].[PhoneNumber], [a].[PhoneNumberConfirmed], [a].[SecurityStamp], [a].[TwoFactorEnabled], [a].[UpdatedAt], [a].[UserName]
FROM [AspNetUsers] AS [a]
WHERE [a].[NormalizedEmail] = @__normalizedEmail_0
2024-08-13 14:57:06.135 +05:30  INF  Executed DbCommand (1ms) [Parameters=[@__normalizedEmail_0='?' (Size = 256)], CommandType='"Text"', CommandTimeout='30']
SELECT TOP(2) [a].[Id], [a].[AccessFailedCount], [a].[ConcurrencyStamp], [a].[CreatedAt], [a].[Email], [a].[EmailConfirmed], [a].[IsDeleted], [a].[IsVerified], [a].[LockoutEnabled], [a].[LockoutEnd], [a].[NormalizedEmail], [a].[NormalizedUserName], [a].[PasswordHash], [a].[PhoneNumber], [a].[PhoneNumberConfirmed], [a].[SecurityStamp], [a].[TwoFactorEnabled], [a].[UpdatedAt], [a].[UserName]
FROM [AspNetUsers] AS [a]
WHERE [a].[NormalizedEmail] = @__normalizedEmail_0
2024-08-13 14:57:06.138 +05:30  INF  Executed DbCommand (1ms) [Parameters=[@__normalizedEmail_0='?' (Size = 256)], CommandType='"Text"', CommandTimeout='30']
SELECT TOP(2) [a].[Id], [a].[AccessFailedCount], [a].[ConcurrencyStamp], [a].[CreatedAt], [a].[Email], [a].[EmailConfirmed], [a].[IsDeleted], [a].[IsVerified], [a].[LockoutEnabled], [a].[LockoutEnd], [a].[NormalizedEmail], [a].[NormalizedUserName], [a].[PasswordHash], [a].[PhoneNumber], [a].[PhoneNumberConfirmed], [a].[SecurityStamp], [a].[TwoFactorEnabled], [a].[UpdatedAt], [a].[UserName]
FROM [AspNetUsers] AS [a]
WHERE [a].[NormalizedEmail] = @__normalizedEmail_0
2024-08-13 14:57:06.329 +05:30  INF  Now listening on: https://localhost:7113
2024-08-13 14:57:06.331 +05:30  INF  Now listening on: http://localhost:5081
2024-08-13 14:57:06.333 +05:30  INF  Application started. Press Ctrl+C to shut down.
2024-08-13 14:57:06.334 +05:30  INF  Hosting environment: Development
2024-08-13 14:57:06.335 +05:30  INF  Content root path: C:\Users\arjun.hariprasad\source\.NET\Ecommerce\EcommerceSolution\CodeBase\Src\Presentation\Web.Ecommerce
2024-08-13 14:57:07.209 +05:30  INF  Request starting HTTP/2 GET https://localhost:7113/swagger/index.html - null null
2024-08-13 14:57:07.581 +05:30  INF  Request finished HTTP/2 GET https://localhost:7113/swagger/index.html - 200 null text/html;charset=utf-8 376.8069ms
2024-08-13 14:57:07.593 +05:30  INF  Request starting HTTP/2 GET https://localhost:7113/swagger/index.js - null null
2024-08-13 14:57:07.594 +05:30  INF  Request starting HTTP/2 GET https://localhost:7113/_framework/aspnetcore-browser-refresh.js - null null
2024-08-13 14:57:07.594 +05:30  INF  Request starting HTTP/2 GET https://localhost:7113/_vs/browserLink - null null
2024-08-13 14:57:07.601 +05:30  INF  Request finished HTTP/2 GET https://localhost:7113/swagger/index.js - 200 null application/javascript;charset=utf-8 8.2371ms
2024-08-13 14:57:07.617 +05:30  INF  Request finished HTTP/2 GET https://localhost:7113/_framework/aspnetcore-browser-refresh.js - 200 13762 application/javascript; charset=utf-8 23.7479ms
2024-08-13 14:57:07.671 +05:30  INF  Request finished HTTP/2 GET https://localhost:7113/_vs/browserLink - 200 null text/javascript; charset=UTF-8 78.0325ms
2024-08-13 14:57:07.718 +05:30  INF  Request starting HTTP/2 GET https://localhost:7113/swagger/v1/swagger.json - null null
2024-08-13 14:57:07.837 +05:30  INF  Request finished HTTP/2 GET https://localhost:7113/swagger/v1/swagger.json - 200 null application/json;charset=utf-8 119.2254ms
2024-08-13 14:57:19.084 +05:30  INF  Request starting HTTP/2 POST https://localhost:7113/api/Account/RegisterCustomer - application/json 95
2024-08-13 14:57:19.096 +05:30  INF  Executing endpoint 'Web.Ecommerce.Controllers.Account.AccountController.RegisterCustomer (Web.Ecommerce)'
2024-08-13 14:57:19.117 +05:30  INF  Route matched with {action = "RegisterCustomer", controller = "Account"}. Executing controller action with signature System.Threading.Tasks.Task`1[Microsoft.AspNetCore.Mvc.IActionResult] RegisterCustomer(Application.Ecom.Authentication.Commands.RegisterCustomer.RegisterCustomerCommand) on controller Web.Ecommerce.Controllers.Account.AccountController (Web.Ecommerce).
2024-08-13 14:57:19.223 +05:30  INF  Executed DbCommand (2ms) [Parameters=[@__normalizedName_0='?' (Size = 256)], CommandType='"Text"', CommandTimeout='30']
SELECT TOP(1) [a].[Id], [a].[ConcurrencyStamp], [a].[Name], [a].[NormalizedName]
FROM [AspNetRoles] AS [a]
WHERE [a].[NormalizedName] = @__normalizedName_0
2024-08-13 14:57:19.340 +05:30  INF  Executed DbCommand (3ms) [Parameters=[@__normalizedUserName_0='?' (Size = 256)], CommandType='"Text"', CommandTimeout='30']
SELECT TOP(1) [a].[Id], [a].[AccessFailedCount], [a].[ConcurrencyStamp], [a].[CreatedAt], [a].[Email], [a].[EmailConfirmed], [a].[IsDeleted], [a].[IsVerified], [a].[LockoutEnabled], [a].[LockoutEnd], [a].[NormalizedEmail], [a].[NormalizedUserName], [a].[PasswordHash], [a].[PhoneNumber], [a].[PhoneNumberConfirmed], [a].[SecurityStamp], [a].[TwoFactorEnabled], [a].[UpdatedAt], [a].[UserName]
FROM [AspNetUsers] AS [a]
WHERE [a].[NormalizedUserName] = @__normalizedUserName_0
2024-08-13 14:57:19.352 +05:30  INF  Executed DbCommand (2ms) [Parameters=[@__normalizedEmail_0='?' (Size = 256)], CommandType='"Text"', CommandTimeout='30']
SELECT TOP(2) [a].[Id], [a].[AccessFailedCount], [a].[ConcurrencyStamp], [a].[CreatedAt], [a].[Email], [a].[EmailConfirmed], [a].[IsDeleted], [a].[IsVerified], [a].[LockoutEnabled], [a].[LockoutEnd], [a].[NormalizedEmail], [a].[NormalizedUserName], [a].[PasswordHash], [a].[PhoneNumber], [a].[PhoneNumberConfirmed], [a].[SecurityStamp], [a].[TwoFactorEnabled], [a].[UpdatedAt], [a].[UserName]
FROM [AspNetUsers] AS [a]
WHERE [a].[NormalizedEmail] = @__normalizedEmail_0
2024-08-13 14:57:19.484 +05:30  INF  Executed DbCommand (7ms) [Parameters=[@p0='?' (DbType = Guid), @p1='?' (DbType = Int32), @p2='?' (Size = 4000), @p3='?' (DbType = DateTime2), @p4='?' (Size = 256), @p5='?' (DbType = Boolean), @p6='?' (DbType = Boolean), @p7='?' (DbType = Boolean), @p8='?' (DbType = Boolean), @p9='?' (DbType = DateTimeOffset), @p10='?' (Size = 256), @p11='?' (Size = 256), @p12='?' (Size = 4000), @p13='?' (Size = 4000), @p14='?' (DbType = Boolean), @p15='?' (Size = 4000), @p16='?' (DbType = Boolean), @p17='?' (DbType = DateTime2), @p18='?' (Size = 256)], CommandType='"Text"', CommandTimeout='30']
SET IMPLICIT_TRANSACTIONS OFF;
SET NOCOUNT ON;
INSERT INTO [AspNetUsers] ([Id], [AccessFailedCount], [ConcurrencyStamp], [CreatedAt], [Email], [EmailConfirmed], [IsDeleted], [IsVerified], [LockoutEnabled], [LockoutEnd], [NormalizedEmail], [NormalizedUserName], [PasswordHash], [PhoneNumber], [PhoneNumberConfirmed], [SecurityStamp], [TwoFactorEnabled], [UpdatedAt], [UserName])
VALUES (@p0, @p1, @p2, @p3, @p4, @p5, @p6, @p7, @p8, @p9, @p10, @p11, @p12, @p13, @p14, @p15, @p16, @p17, @p18);
2024-08-13 14:57:19.507 +05:30  INF  Executed DbCommand (2ms) [Parameters=[@__normalizedRoleName_0='?' (Size = 256)], CommandType='"Text"', CommandTimeout='30']
SELECT TOP(2) [a].[Id], [a].[ConcurrencyStamp], [a].[Name], [a].[NormalizedName]
FROM [AspNetRoles] AS [a]
WHERE [a].[NormalizedName] = @__normalizedRoleName_0
2024-08-13 14:57:19.561 +05:30  INF  Executed DbCommand (2ms) [Parameters=[@__get_Item_0='?' (DbType = Guid), @__get_Item_1='?' (DbType = Guid)], CommandType='"Text"', CommandTimeout='30']
SELECT TOP(1) [a].[UserId], [a].[RoleId]
FROM [AspNetUserRoles] AS [a]
WHERE [a].[UserId] = @__get_Item_0 AND [a].[RoleId] = @__get_Item_1
2024-08-13 14:57:19.569 +05:30  INF  Executed DbCommand (1ms) [Parameters=[@__normalizedRoleName_0='?' (Size = 256)], CommandType='"Text"', CommandTimeout='30']
SELECT TOP(2) [a].[Id], [a].[ConcurrencyStamp], [a].[Name], [a].[NormalizedName]
FROM [AspNetRoles] AS [a]
WHERE [a].[NormalizedName] = @__normalizedRoleName_0
2024-08-13 14:57:19.587 +05:30  INF  Executed DbCommand (1ms) [Parameters=[@__normalizedUserName_0='?' (Size = 256)], CommandType='"Text"', CommandTimeout='30']
SELECT TOP(1) [a].[Id], [a].[AccessFailedCount], [a].[ConcurrencyStamp], [a].[CreatedAt], [a].[Email], [a].[EmailConfirmed], [a].[IsDeleted], [a].[IsVerified], [a].[LockoutEnabled], [a].[LockoutEnd], [a].[NormalizedEmail], [a].[NormalizedUserName], [a].[PasswordHash], [a].[PhoneNumber], [a].[PhoneNumberConfirmed], [a].[SecurityStamp], [a].[TwoFactorEnabled], [a].[UpdatedAt], [a].[UserName]
FROM [AspNetUsers] AS [a]
WHERE [a].[NormalizedUserName] = @__normalizedUserName_0
2024-08-13 14:57:19.592 +05:30  INF  Executed DbCommand (1ms) [Parameters=[@__normalizedEmail_0='?' (Size = 256)], CommandType='"Text"', CommandTimeout='30']
SELECT TOP(2) [a].[Id], [a].[AccessFailedCount], [a].[ConcurrencyStamp], [a].[CreatedAt], [a].[Email], [a].[EmailConfirmed], [a].[IsDeleted], [a].[IsVerified], [a].[LockoutEnabled], [a].[LockoutEnd], [a].[NormalizedEmail], [a].[NormalizedUserName], [a].[PasswordHash], [a].[PhoneNumber], [a].[PhoneNumberConfirmed], [a].[SecurityStamp], [a].[TwoFactorEnabled], [a].[UpdatedAt], [a].[UserName]
FROM [AspNetUsers] AS [a]
WHERE [a].[NormalizedEmail] = @__normalizedEmail_0
2024-08-13 14:57:19.636 +05:30  INF  Executed DbCommand (5ms) [Parameters=[@p0='?' (DbType = Guid), @p1='?' (DbType = Guid), @p20='?' (DbType = Guid), @p2='?' (DbType = Int32), @p3='?' (Size = 4000), @p21='?' (Size = 4000), @p4='?' (DbType = DateTime2), @p5='?' (Size = 256), @p6='?' (DbType = Boolean), @p7='?' (DbType = Boolean), @p8='?' (DbType = Boolean), @p9='?' (DbType = Boolean), @p10='?' (DbType = DateTimeOffset), @p11='?' (Size = 256), @p12='?' (Size = 256), @p13='?' (Size = 4000), @p14='?' (Size = 4000), @p15='?' (DbType = Boolean), @p16='?' (Size = 4000), @p17='?' (DbType = Boolean), @p18='?' (DbType = DateTime2), @p19='?' (Size = 256)], CommandType='"Text"', CommandTimeout='30']
SET NOCOUNT ON;
INSERT INTO [AspNetUserRoles] ([RoleId], [UserId])
VALUES (@p0, @p1);
UPDATE [AspNetUsers] SET [AccessFailedCount] = @p2, [ConcurrencyStamp] = @p3, [CreatedAt] = @p4, [Email] = @p5, [EmailConfirmed] = @p6, [IsDeleted] = @p7, [IsVerified] = @p8, [LockoutEnabled] = @p9, [LockoutEnd] = @p10, [NormalizedEmail] = @p11, [NormalizedUserName] = @p12, [PasswordHash] = @p13, [PhoneNumber] = @p14, [PhoneNumberConfirmed] = @p15, [SecurityStamp] = @p16, [TwoFactorEnabled] = @p17, [UpdatedAt] = @p18, [UserName] = @p19
OUTPUT 1
WHERE [Id] = @p20 AND [ConcurrencyStamp] = @p21;
2024-08-13 14:57:26.179 +05:30  INF  Executing OkObjectResult, writing value of type 'Application.Ecom.Authentication.Commands.RegisterCustomer.RegisterCustomerResponse'.
2024-08-13 14:57:26.191 +05:30  INF  Executed action Web.Ecommerce.Controllers.Account.AccountController.RegisterCustomer (Web.Ecommerce) in 7067.4162ms
2024-08-13 14:57:26.195 +05:30  INF  Executed endpoint 'Web.Ecommerce.Controllers.Account.AccountController.RegisterCustomer (Web.Ecommerce)'
2024-08-13 14:57:26.199 +05:30  INF  Request finished HTTP/2 POST https://localhost:7113/api/Account/RegisterCustomer - 200 null application/json; charset=utf-8 7115.9273ms
2024-08-13 14:58:05.398 +05:30  INF  Request starting HTTP/2 POST https://localhost:7113/api/Account/VerifyOtp - application/json 51
2024-08-13 14:58:05.407 +05:30  INF  Executing endpoint 'Web.Ecommerce.Controllers.Account.AccountController.VerifyOtp (Web.Ecommerce)'
2024-08-13 14:58:05.412 +05:30  INF  Route matched with {action = "VerifyOtp", controller = "Account"}. Executing controller action with signature System.Threading.Tasks.Task`1[Microsoft.AspNetCore.Mvc.IActionResult] VerifyOtp(Application.Ecom.Authentication.Commands.VerifyOTP.VerifyOtpCommand) on controller Web.Ecommerce.Controllers.Account.AccountController (Web.Ecommerce).
2024-08-13 15:11:04.415 +05:30  INF  User profile is available. Using 'C:\Users\arjun.hariprasad\AppData\Local\ASP.NET\DataProtection-Keys' as key repository and Windows DPAPI to encrypt keys at rest.
2024-08-13 15:11:05.507 +05:30  INF  Executed DbCommand (35ms) [Parameters=[@__normalizedName_0='?' (Size = 256)], CommandType='"Text"', CommandTimeout='30']
SELECT TOP(1) [a].[Id], [a].[ConcurrencyStamp], [a].[Name], [a].[NormalizedName]
FROM [AspNetRoles] AS [a]
WHERE [a].[NormalizedName] = @__normalizedName_0
2024-08-13 15:11:05.579 +05:30  INF  Executed DbCommand (6ms) [Parameters=[@__normalizedName_0='?' (Size = 256)], CommandType='"Text"', CommandTimeout='30']
SELECT TOP(1) [a].[Id], [a].[ConcurrencyStamp], [a].[Name], [a].[NormalizedName]
FROM [AspNetRoles] AS [a]
WHERE [a].[NormalizedName] = @__normalizedName_0
2024-08-13 15:11:05.582 +05:30  INF  Executed DbCommand (1ms) [Parameters=[@__normalizedName_0='?' (Size = 256)], CommandType='"Text"', CommandTimeout='30']
SELECT TOP(1) [a].[Id], [a].[ConcurrencyStamp], [a].[Name], [a].[NormalizedName]
FROM [AspNetRoles] AS [a]
WHERE [a].[NormalizedName] = @__normalizedName_0
2024-08-13 15:11:05.596 +05:30  INF  Executed DbCommand (2ms) [Parameters=[@__normalizedEmail_0='?' (Size = 256)], CommandType='"Text"', CommandTimeout='30']
SELECT TOP(2) [a].[Id], [a].[AccessFailedCount], [a].[ConcurrencyStamp], [a].[CreatedAt], [a].[Email], [a].[EmailConfirmed], [a].[IsDeleted], [a].[IsVerified], [a].[LockoutEnabled], [a].[LockoutEnd], [a].[NormalizedEmail], [a].[NormalizedUserName], [a].[PasswordHash], [a].[PhoneNumber], [a].[PhoneNumberConfirmed], [a].[SecurityStamp], [a].[TwoFactorEnabled], [a].[UpdatedAt], [a].[UserName]
FROM [AspNetUsers] AS [a]
WHERE [a].[NormalizedEmail] = @__normalizedEmail_0
2024-08-13 15:11:05.646 +05:30  INF  Executed DbCommand (2ms) [Parameters=[@__normalizedEmail_0='?' (Size = 256)], CommandType='"Text"', CommandTimeout='30']
SELECT TOP(2) [a].[Id], [a].[AccessFailedCount], [a].[ConcurrencyStamp], [a].[CreatedAt], [a].[Email], [a].[EmailConfirmed], [a].[IsDeleted], [a].[IsVerified], [a].[LockoutEnabled], [a].[LockoutEnd], [a].[NormalizedEmail], [a].[NormalizedUserName], [a].[PasswordHash], [a].[PhoneNumber], [a].[PhoneNumberConfirmed], [a].[SecurityStamp], [a].[TwoFactorEnabled], [a].[UpdatedAt], [a].[UserName]
FROM [AspNetUsers] AS [a]
WHERE [a].[NormalizedEmail] = @__normalizedEmail_0
2024-08-13 15:11:05.651 +05:30  INF  Executed DbCommand (2ms) [Parameters=[@__normalizedEmail_0='?' (Size = 256)], CommandType='"Text"', CommandTimeout='30']
SELECT TOP(2) [a].[Id], [a].[AccessFailedCount], [a].[ConcurrencyStamp], [a].[CreatedAt], [a].[Email], [a].[EmailConfirmed], [a].[IsDeleted], [a].[IsVerified], [a].[LockoutEnabled], [a].[LockoutEnd], [a].[NormalizedEmail], [a].[NormalizedUserName], [a].[PasswordHash], [a].[PhoneNumber], [a].[PhoneNumberConfirmed], [a].[SecurityStamp], [a].[TwoFactorEnabled], [a].[UpdatedAt], [a].[UserName]
FROM [AspNetUsers] AS [a]
WHERE [a].[NormalizedEmail] = @__normalizedEmail_0
2024-08-13 15:11:05.828 +05:30  INF  Now listening on: https://localhost:7113
2024-08-13 15:11:05.829 +05:30  INF  Now listening on: http://localhost:5081
2024-08-13 15:11:05.833 +05:30  INF  Application started. Press Ctrl+C to shut down.
2024-08-13 15:11:05.834 +05:30  INF  Hosting environment: Development
2024-08-13 15:11:05.835 +05:30  INF  Content root path: C:\Users\arjun.hariprasad\source\.NET\Ecommerce\EcommerceSolution\CodeBase\Src\Presentation\Web.Ecommerce
2024-08-13 15:11:06.681 +05:30  INF  Request starting HTTP/2 GET https://localhost:7113/swagger/index.html - null null
2024-08-13 15:11:06.985 +05:30  INF  Request finished HTTP/2 GET https://localhost:7113/swagger/index.html - 200 null text/html;charset=utf-8 309.8711ms
2024-08-13 15:11:06.997 +05:30  INF  Request starting HTTP/2 GET https://localhost:7113/swagger/index.js - null null
2024-08-13 15:11:06.998 +05:30  INF  Request starting HTTP/2 GET https://localhost:7113/_framework/aspnetcore-browser-refresh.js - null null
2024-08-13 15:11:06.998 +05:30  INF  Request starting HTTP/2 GET https://localhost:7113/_vs/browserLink - null null
2024-08-13 15:11:07.009 +05:30  INF  Request finished HTTP/2 GET https://localhost:7113/swagger/index.js - 200 null application/javascript;charset=utf-8 12.0709ms
2024-08-13 15:11:07.027 +05:30  INF  Request finished HTTP/2 GET https://localhost:7113/_framework/aspnetcore-browser-refresh.js - 200 13762 application/javascript; charset=utf-8 29.3756ms
2024-08-13 15:11:07.055 +05:30  INF  Request finished HTTP/2 GET https://localhost:7113/_vs/browserLink - 200 null text/javascript; charset=UTF-8 56.6515ms
2024-08-13 15:11:07.099 +05:30  INF  Request starting HTTP/2 GET https://localhost:7113/swagger/v1/swagger.json - null null
2024-08-13 15:11:07.215 +05:30  INF  Request finished HTTP/2 GET https://localhost:7113/swagger/v1/swagger.json - 200 null application/json;charset=utf-8 116.4525ms
2024-08-13 15:11:17.643 +05:30  INF  Request starting HTTP/2 POST https://localhost:7113/api/Account/RegisterCustomer - application/json 96
2024-08-13 15:11:17.659 +05:30  INF  Executing endpoint 'Web.Ecommerce.Controllers.Account.AccountController.RegisterCustomer (Web.Ecommerce)'
2024-08-13 15:11:17.677 +05:30  INF  Route matched with {action = "RegisterCustomer", controller = "Account"}. Executing controller action with signature System.Threading.Tasks.Task`1[Microsoft.AspNetCore.Mvc.IActionResult] RegisterCustomer(Application.Ecom.Authentication.Commands.RegisterCustomer.RegisterCustomerCommand) on controller Web.Ecommerce.Controllers.Account.AccountController (Web.Ecommerce).
2024-08-13 15:11:17.787 +05:30  INF  Executed DbCommand (2ms) [Parameters=[@__normalizedName_0='?' (Size = 256)], CommandType='"Text"', CommandTimeout='30']
SELECT TOP(1) [a].[Id], [a].[ConcurrencyStamp], [a].[Name], [a].[NormalizedName]
FROM [AspNetRoles] AS [a]
WHERE [a].[NormalizedName] = @__normalizedName_0
2024-08-13 15:11:17.901 +05:30  INF  Executed DbCommand (2ms) [Parameters=[@__normalizedUserName_0='?' (Size = 256)], CommandType='"Text"', CommandTimeout='30']
SELECT TOP(1) [a].[Id], [a].[AccessFailedCount], [a].[ConcurrencyStamp], [a].[CreatedAt], [a].[Email], [a].[EmailConfirmed], [a].[IsDeleted], [a].[IsVerified], [a].[LockoutEnabled], [a].[LockoutEnd], [a].[NormalizedEmail], [a].[NormalizedUserName], [a].[PasswordHash], [a].[PhoneNumber], [a].[PhoneNumberConfirmed], [a].[SecurityStamp], [a].[TwoFactorEnabled], [a].[UpdatedAt], [a].[UserName]
FROM [AspNetUsers] AS [a]
WHERE [a].[NormalizedUserName] = @__normalizedUserName_0
2024-08-13 15:11:17.910 +05:30  INF  Executed DbCommand (2ms) [Parameters=[@__normalizedEmail_0='?' (Size = 256)], CommandType='"Text"', CommandTimeout='30']
SELECT TOP(2) [a].[Id], [a].[AccessFailedCount], [a].[ConcurrencyStamp], [a].[CreatedAt], [a].[Email], [a].[EmailConfirmed], [a].[IsDeleted], [a].[IsVerified], [a].[LockoutEnabled], [a].[LockoutEnd], [a].[NormalizedEmail], [a].[NormalizedUserName], [a].[PasswordHash], [a].[PhoneNumber], [a].[PhoneNumberConfirmed], [a].[SecurityStamp], [a].[TwoFactorEnabled], [a].[UpdatedAt], [a].[UserName]
FROM [AspNetUsers] AS [a]
WHERE [a].[NormalizedEmail] = @__normalizedEmail_0
2024-08-13 15:11:18.034 +05:30  INF  Executed DbCommand (7ms) [Parameters=[@p0='?' (DbType = Guid), @p1='?' (DbType = Int32), @p2='?' (Size = 4000), @p3='?' (DbType = DateTime2), @p4='?' (Size = 256), @p5='?' (DbType = Boolean), @p6='?' (DbType = Boolean), @p7='?' (DbType = Boolean), @p8='?' (DbType = Boolean), @p9='?' (DbType = DateTimeOffset), @p10='?' (Size = 256), @p11='?' (Size = 256), @p12='?' (Size = 4000), @p13='?' (Size = 4000), @p14='?' (DbType = Boolean), @p15='?' (Size = 4000), @p16='?' (DbType = Boolean), @p17='?' (DbType = DateTime2), @p18='?' (Size = 256)], CommandType='"Text"', CommandTimeout='30']
SET IMPLICIT_TRANSACTIONS OFF;
SET NOCOUNT ON;
INSERT INTO [AspNetUsers] ([Id], [AccessFailedCount], [ConcurrencyStamp], [CreatedAt], [Email], [EmailConfirmed], [IsDeleted], [IsVerified], [LockoutEnabled], [LockoutEnd], [NormalizedEmail], [NormalizedUserName], [PasswordHash], [PhoneNumber], [PhoneNumberConfirmed], [SecurityStamp], [TwoFactorEnabled], [UpdatedAt], [UserName])
VALUES (@p0, @p1, @p2, @p3, @p4, @p5, @p6, @p7, @p8, @p9, @p10, @p11, @p12, @p13, @p14, @p15, @p16, @p17, @p18);
2024-08-13 15:11:18.053 +05:30  INF  Executed DbCommand (2ms) [Parameters=[@__normalizedRoleName_0='?' (Size = 256)], CommandType='"Text"', CommandTimeout='30']
SELECT TOP(2) [a].[Id], [a].[ConcurrencyStamp], [a].[Name], [a].[NormalizedName]
FROM [AspNetRoles] AS [a]
WHERE [a].[NormalizedName] = @__normalizedRoleName_0
2024-08-13 15:11:18.103 +05:30  INF  Executed DbCommand (2ms) [Parameters=[@__get_Item_0='?' (DbType = Guid), @__get_Item_1='?' (DbType = Guid)], CommandType='"Text"', CommandTimeout='30']
SELECT TOP(1) [a].[UserId], [a].[RoleId]
FROM [AspNetUserRoles] AS [a]
WHERE [a].[UserId] = @__get_Item_0 AND [a].[RoleId] = @__get_Item_1
2024-08-13 15:11:18.109 +05:30  INF  Executed DbCommand (2ms) [Parameters=[@__normalizedRoleName_0='?' (Size = 256)], CommandType='"Text"', CommandTimeout='30']
SELECT TOP(2) [a].[Id], [a].[ConcurrencyStamp], [a].[Name], [a].[NormalizedName]
FROM [AspNetRoles] AS [a]
WHERE [a].[NormalizedName] = @__normalizedRoleName_0
2024-08-13 15:11:18.129 +05:30  INF  Executed DbCommand (3ms) [Parameters=[@__normalizedUserName_0='?' (Size = 256)], CommandType='"Text"', CommandTimeout='30']
SELECT TOP(1) [a].[Id], [a].[AccessFailedCount], [a].[ConcurrencyStamp], [a].[CreatedAt], [a].[Email], [a].[EmailConfirmed], [a].[IsDeleted], [a].[IsVerified], [a].[LockoutEnabled], [a].[LockoutEnd], [a].[NormalizedEmail], [a].[NormalizedUserName], [a].[PasswordHash], [a].[PhoneNumber], [a].[PhoneNumberConfirmed], [a].[SecurityStamp], [a].[TwoFactorEnabled], [a].[UpdatedAt], [a].[UserName]
FROM [AspNetUsers] AS [a]
WHERE [a].[NormalizedUserName] = @__normalizedUserName_0
2024-08-13 15:11:18.140 +05:30  INF  Executed DbCommand (2ms) [Parameters=[@__normalizedEmail_0='?' (Size = 256)], CommandType='"Text"', CommandTimeout='30']
SELECT TOP(2) [a].[Id], [a].[AccessFailedCount], [a].[ConcurrencyStamp], [a].[CreatedAt], [a].[Email], [a].[EmailConfirmed], [a].[IsDeleted], [a].[IsVerified], [a].[LockoutEnabled], [a].[LockoutEnd], [a].[NormalizedEmail], [a].[NormalizedUserName], [a].[PasswordHash], [a].[PhoneNumber], [a].[PhoneNumberConfirmed], [a].[SecurityStamp], [a].[TwoFactorEnabled], [a].[UpdatedAt], [a].[UserName]
FROM [AspNetUsers] AS [a]
WHERE [a].[NormalizedEmail] = @__normalizedEmail_0
2024-08-13 15:11:18.192 +05:30  INF  Executed DbCommand (7ms) [Parameters=[@p0='?' (DbType = Guid), @p1='?' (DbType = Guid), @p20='?' (DbType = Guid), @p2='?' (DbType = Int32), @p3='?' (Size = 4000), @p21='?' (Size = 4000), @p4='?' (DbType = DateTime2), @p5='?' (Size = 256), @p6='?' (DbType = Boolean), @p7='?' (DbType = Boolean), @p8='?' (DbType = Boolean), @p9='?' (DbType = Boolean), @p10='?' (DbType = DateTimeOffset), @p11='?' (Size = 256), @p12='?' (Size = 256), @p13='?' (Size = 4000), @p14='?' (Size = 4000), @p15='?' (DbType = Boolean), @p16='?' (Size = 4000), @p17='?' (DbType = Boolean), @p18='?' (DbType = DateTime2), @p19='?' (Size = 256)], CommandType='"Text"', CommandTimeout='30']
SET NOCOUNT ON;
INSERT INTO [AspNetUserRoles] ([RoleId], [UserId])
VALUES (@p0, @p1);
UPDATE [AspNetUsers] SET [AccessFailedCount] = @p2, [ConcurrencyStamp] = @p3, [CreatedAt] = @p4, [Email] = @p5, [EmailConfirmed] = @p6, [IsDeleted] = @p7, [IsVerified] = @p8, [LockoutEnabled] = @p9, [LockoutEnd] = @p10, [NormalizedEmail] = @p11, [NormalizedUserName] = @p12, [PasswordHash] = @p13, [PhoneNumber] = @p14, [PhoneNumberConfirmed] = @p15, [SecurityStamp] = @p16, [TwoFactorEnabled] = @p17, [UpdatedAt] = @p18, [UserName] = @p19
OUTPUT 1
WHERE [Id] = @p20 AND [ConcurrencyStamp] = @p21;
2024-08-13 15:11:21.888 +05:30  INF  Executing OkObjectResult, writing value of type 'Application.Ecom.Authentication.Commands.RegisterCustomer.RegisterCustomerResponse'.
2024-08-13 15:11:21.901 +05:30  INF  Executed action Web.Ecommerce.Controllers.Account.AccountController.RegisterCustomer (Web.Ecommerce) in 4217.3545ms
2024-08-13 15:11:21.903 +05:30  INF  Executed endpoint 'Web.Ecommerce.Controllers.Account.AccountController.RegisterCustomer (Web.Ecommerce)'
2024-08-13 15:11:21.907 +05:30  INF  Request finished HTTP/2 POST https://localhost:7113/api/Account/RegisterCustomer - 200 null application/json; charset=utf-8 4263.9373ms
2024-08-13 15:12:02.707 +05:30  INF  Request starting HTTP/2 POST https://localhost:7113/api/Account/VerifyOtp - application/json 51
2024-08-13 15:12:02.720 +05:30  INF  Executing endpoint 'Web.Ecommerce.Controllers.Account.AccountController.VerifyOtp (Web.Ecommerce)'
2024-08-13 15:12:02.724 +05:30  INF  Route matched with {action = "VerifyOtp", controller = "Account"}. Executing controller action with signature System.Threading.Tasks.Task`1[Microsoft.AspNetCore.Mvc.IActionResult] VerifyOtp(Application.Ecom.Authentication.Commands.VerifyOTP.VerifyOtpCommand) on controller Web.Ecommerce.Controllers.Account.AccountController (Web.Ecommerce).
2024-08-13 15:12:09.934 +05:30  INF  Executing BadRequestObjectResult, writing value of type '<>f__AnonymousType0`2[[System.String, System.Private.CoreLib, Version=8.0.0.0, Culture=neutral, PublicKeyToken=7cec85d7bea7798e],[System.Boolean, System.Private.CoreLib, Version=8.0.0.0, Culture=neutral, PublicKeyToken=7cec85d7bea7798e]]'.
2024-08-13 15:12:09.942 +05:30  INF  Executed action Web.Ecommerce.Controllers.Account.AccountController.VerifyOtp (Web.Ecommerce) in 7215.2083ms
2024-08-13 15:12:09.944 +05:30  INF  Executed endpoint 'Web.Ecommerce.Controllers.Account.AccountController.VerifyOtp (Web.Ecommerce)'
2024-08-13 15:12:09.945 +05:30  INF  Request finished HTTP/2 POST https://localhost:7113/api/Account/VerifyOtp - 400 null application/json; charset=utf-8 7239.2106ms
2024-08-13 15:15:33.653 +05:30  INF  User profile is available. Using 'C:\Users\arjun.hariprasad\AppData\Local\ASP.NET\DataProtection-Keys' as key repository and Windows DPAPI to encrypt keys at rest.
2024-08-13 15:15:35.283 +05:30  INF  Executed DbCommand (38ms) [Parameters=[@__normalizedName_0='?' (Size = 256)], CommandType='"Text"', CommandTimeout='30']
SELECT TOP(1) [a].[Id], [a].[ConcurrencyStamp], [a].[Name], [a].[NormalizedName]
FROM [AspNetRoles] AS [a]
WHERE [a].[NormalizedName] = @__normalizedName_0
2024-08-13 15:15:35.374 +05:30  INF  Executed DbCommand (5ms) [Parameters=[@__normalizedName_0='?' (Size = 256)], CommandType='"Text"', CommandTimeout='30']
SELECT TOP(1) [a].[Id], [a].[ConcurrencyStamp], [a].[Name], [a].[NormalizedName]
FROM [AspNetRoles] AS [a]
WHERE [a].[NormalizedName] = @__normalizedName_0
2024-08-13 15:15:35.377 +05:30  INF  Executed DbCommand (0ms) [Parameters=[@__normalizedName_0='?' (Size = 256)], CommandType='"Text"', CommandTimeout='30']
SELECT TOP(1) [a].[Id], [a].[ConcurrencyStamp], [a].[Name], [a].[NormalizedName]
FROM [AspNetRoles] AS [a]
WHERE [a].[NormalizedName] = @__normalizedName_0
2024-08-13 15:15:35.392 +05:30  INF  Executed DbCommand (2ms) [Parameters=[@__normalizedEmail_0='?' (Size = 256)], CommandType='"Text"', CommandTimeout='30']
SELECT TOP(2) [a].[Id], [a].[AccessFailedCount], [a].[ConcurrencyStamp], [a].[CreatedAt], [a].[Email], [a].[EmailConfirmed], [a].[IsDeleted], [a].[IsVerified], [a].[LockoutEnabled], [a].[LockoutEnd], [a].[NormalizedEmail], [a].[NormalizedUserName], [a].[PasswordHash], [a].[PhoneNumber], [a].[PhoneNumberConfirmed], [a].[SecurityStamp], [a].[TwoFactorEnabled], [a].[UpdatedAt], [a].[UserName]
FROM [AspNetUsers] AS [a]
WHERE [a].[NormalizedEmail] = @__normalizedEmail_0
2024-08-13 15:15:35.446 +05:30  INF  Executed DbCommand (1ms) [Parameters=[@__normalizedEmail_0='?' (Size = 256)], CommandType='"Text"', CommandTimeout='30']
SELECT TOP(2) [a].[Id], [a].[AccessFailedCount], [a].[ConcurrencyStamp], [a].[CreatedAt], [a].[Email], [a].[EmailConfirmed], [a].[IsDeleted], [a].[IsVerified], [a].[LockoutEnabled], [a].[LockoutEnd], [a].[NormalizedEmail], [a].[NormalizedUserName], [a].[PasswordHash], [a].[PhoneNumber], [a].[PhoneNumberConfirmed], [a].[SecurityStamp], [a].[TwoFactorEnabled], [a].[UpdatedAt], [a].[UserName]
FROM [AspNetUsers] AS [a]
WHERE [a].[NormalizedEmail] = @__normalizedEmail_0
2024-08-13 15:15:35.453 +05:30  INF  Executed DbCommand (1ms) [Parameters=[@__normalizedEmail_0='?' (Size = 256)], CommandType='"Text"', CommandTimeout='30']
SELECT TOP(2) [a].[Id], [a].[AccessFailedCount], [a].[ConcurrencyStamp], [a].[CreatedAt], [a].[Email], [a].[EmailConfirmed], [a].[IsDeleted], [a].[IsVerified], [a].[LockoutEnabled], [a].[LockoutEnd], [a].[NormalizedEmail], [a].[NormalizedUserName], [a].[PasswordHash], [a].[PhoneNumber], [a].[PhoneNumberConfirmed], [a].[SecurityStamp], [a].[TwoFactorEnabled], [a].[UpdatedAt], [a].[UserName]
FROM [AspNetUsers] AS [a]
WHERE [a].[NormalizedEmail] = @__normalizedEmail_0
2024-08-13 15:15:35.935 +05:30  INF  Now listening on: https://localhost:7113
2024-08-13 15:15:35.937 +05:30  INF  Now listening on: http://localhost:5081
2024-08-13 15:15:35.939 +05:30  INF  Application started. Press Ctrl+C to shut down.
2024-08-13 15:15:35.939 +05:30  INF  Hosting environment: Development
2024-08-13 15:15:35.940 +05:30  INF  Content root path: C:\Users\arjun.hariprasad\source\.NET\Ecommerce\EcommerceSolution\CodeBase\Src\Presentation\Web.Ecommerce
2024-08-13 15:15:36.868 +05:30  INF  Request starting HTTP/2 GET https://localhost:7113/swagger/index.html - null null
2024-08-13 15:15:37.202 +05:30  INF  Request finished HTTP/2 GET https://localhost:7113/swagger/index.html - 200 null text/html;charset=utf-8 341.2864ms
2024-08-13 15:15:37.220 +05:30  INF  Request starting HTTP/2 GET https://localhost:7113/_framework/aspnetcore-browser-refresh.js - null null
2024-08-13 15:15:37.220 +05:30  INF  Request starting HTTP/2 GET https://localhost:7113/swagger/index.js - null null
2024-08-13 15:15:37.220 +05:30  INF  Request starting HTTP/2 GET https://localhost:7113/_vs/browserLink - null null
2024-08-13 15:15:37.231 +05:30  INF  Request finished HTTP/2 GET https://localhost:7113/swagger/index.js - 200 null application/javascript;charset=utf-8 11.3774ms
2024-08-13 15:15:37.236 +05:30  INF  Request finished HTTP/2 GET https://localhost:7113/_framework/aspnetcore-browser-refresh.js - 200 13762 application/javascript; charset=utf-8 16.3252ms
2024-08-13 15:15:37.268 +05:30  INF  Request finished HTTP/2 GET https://localhost:7113/_vs/browserLink - 200 null text/javascript; charset=UTF-8 48.5489ms
2024-08-13 15:15:37.312 +05:30  INF  Request starting HTTP/2 GET https://localhost:7113/swagger/v1/swagger.json - null null
2024-08-13 15:15:37.417 +05:30  INF  Request finished HTTP/2 GET https://localhost:7113/swagger/v1/swagger.json - 200 null application/json;charset=utf-8 105.7068ms
2024-08-13 15:15:52.687 +05:30  INF  Request starting HTTP/2 POST https://localhost:7113/api/Account/RegisterCustomer - application/json 95
2024-08-13 15:15:52.694 +05:30  INF  Executing endpoint 'Web.Ecommerce.Controllers.Account.AccountController.RegisterCustomer (Web.Ecommerce)'
2024-08-13 15:15:52.716 +05:30  INF  Route matched with {action = "RegisterCustomer", controller = "Account"}. Executing controller action with signature System.Threading.Tasks.Task`1[Microsoft.AspNetCore.Mvc.IActionResult] RegisterCustomer(Application.Ecom.Authentication.Commands.RegisterCustomer.RegisterCustomerCommand) on controller Web.Ecommerce.Controllers.Account.AccountController (Web.Ecommerce).
2024-08-13 15:15:52.852 +05:30  INF  Executed DbCommand (2ms) [Parameters=[@__normalizedName_0='?' (Size = 256)], CommandType='"Text"', CommandTimeout='30']
SELECT TOP(1) [a].[Id], [a].[ConcurrencyStamp], [a].[Name], [a].[NormalizedName]
FROM [AspNetRoles] AS [a]
WHERE [a].[NormalizedName] = @__normalizedName_0
2024-08-13 15:15:52.990 +05:30  INF  Executed DbCommand (3ms) [Parameters=[@__normalizedUserName_0='?' (Size = 256)], CommandType='"Text"', CommandTimeout='30']
SELECT TOP(1) [a].[Id], [a].[AccessFailedCount], [a].[ConcurrencyStamp], [a].[CreatedAt], [a].[Email], [a].[EmailConfirmed], [a].[IsDeleted], [a].[IsVerified], [a].[LockoutEnabled], [a].[LockoutEnd], [a].[NormalizedEmail], [a].[NormalizedUserName], [a].[PasswordHash], [a].[PhoneNumber], [a].[PhoneNumberConfirmed], [a].[SecurityStamp], [a].[TwoFactorEnabled], [a].[UpdatedAt], [a].[UserName]
FROM [AspNetUsers] AS [a]
WHERE [a].[NormalizedUserName] = @__normalizedUserName_0
2024-08-13 15:15:53.000 +05:30  INF  Executed DbCommand (2ms) [Parameters=[@__normalizedEmail_0='?' (Size = 256)], CommandType='"Text"', CommandTimeout='30']
SELECT TOP(2) [a].[Id], [a].[AccessFailedCount], [a].[ConcurrencyStamp], [a].[CreatedAt], [a].[Email], [a].[EmailConfirmed], [a].[IsDeleted], [a].[IsVerified], [a].[LockoutEnabled], [a].[LockoutEnd], [a].[NormalizedEmail], [a].[NormalizedUserName], [a].[PasswordHash], [a].[PhoneNumber], [a].[PhoneNumberConfirmed], [a].[SecurityStamp], [a].[TwoFactorEnabled], [a].[UpdatedAt], [a].[UserName]
FROM [AspNetUsers] AS [a]
WHERE [a].[NormalizedEmail] = @__normalizedEmail_0
2024-08-13 15:15:53.119 +05:30  INF  Executed DbCommand (6ms) [Parameters=[@p0='?' (DbType = Guid), @p1='?' (DbType = Int32), @p2='?' (Size = 4000), @p3='?' (DbType = DateTime2), @p4='?' (Size = 256), @p5='?' (DbType = Boolean), @p6='?' (DbType = Boolean), @p7='?' (DbType = Boolean), @p8='?' (DbType = Boolean), @p9='?' (DbType = DateTimeOffset), @p10='?' (Size = 256), @p11='?' (Size = 256), @p12='?' (Size = 4000), @p13='?' (Size = 4000), @p14='?' (DbType = Boolean), @p15='?' (Size = 4000), @p16='?' (DbType = Boolean), @p17='?' (DbType = DateTime2), @p18='?' (Size = 256)], CommandType='"Text"', CommandTimeout='30']
SET IMPLICIT_TRANSACTIONS OFF;
SET NOCOUNT ON;
INSERT INTO [AspNetUsers] ([Id], [AccessFailedCount], [ConcurrencyStamp], [CreatedAt], [Email], [EmailConfirmed], [IsDeleted], [IsVerified], [LockoutEnabled], [LockoutEnd], [NormalizedEmail], [NormalizedUserName], [PasswordHash], [PhoneNumber], [PhoneNumberConfirmed], [SecurityStamp], [TwoFactorEnabled], [UpdatedAt], [UserName])
VALUES (@p0, @p1, @p2, @p3, @p4, @p5, @p6, @p7, @p8, @p9, @p10, @p11, @p12, @p13, @p14, @p15, @p16, @p17, @p18);
2024-08-13 15:15:53.140 +05:30  INF  Executed DbCommand (2ms) [Parameters=[@__normalizedRoleName_0='?' (Size = 256)], CommandType='"Text"', CommandTimeout='30']
SELECT TOP(2) [a].[Id], [a].[ConcurrencyStamp], [a].[Name], [a].[NormalizedName]
FROM [AspNetRoles] AS [a]
WHERE [a].[NormalizedName] = @__normalizedRoleName_0
2024-08-13 15:15:53.187 +05:30  INF  Executed DbCommand (1ms) [Parameters=[@__get_Item_0='?' (DbType = Guid), @__get_Item_1='?' (DbType = Guid)], CommandType='"Text"', CommandTimeout='30']
SELECT TOP(1) [a].[UserId], [a].[RoleId]
FROM [AspNetUserRoles] AS [a]
WHERE [a].[UserId] = @__get_Item_0 AND [a].[RoleId] = @__get_Item_1
2024-08-13 15:15:53.195 +05:30  INF  Executed DbCommand (2ms) [Parameters=[@__normalizedRoleName_0='?' (Size = 256)], CommandType='"Text"', CommandTimeout='30']
SELECT TOP(2) [a].[Id], [a].[ConcurrencyStamp], [a].[Name], [a].[NormalizedName]
FROM [AspNetRoles] AS [a]
WHERE [a].[NormalizedName] = @__normalizedRoleName_0
2024-08-13 15:15:53.219 +05:30  INF  Executed DbCommand (3ms) [Parameters=[@__normalizedUserName_0='?' (Size = 256)], CommandType='"Text"', CommandTimeout='30']
SELECT TOP(1) [a].[Id], [a].[AccessFailedCount], [a].[ConcurrencyStamp], [a].[CreatedAt], [a].[Email], [a].[EmailConfirmed], [a].[IsDeleted], [a].[IsVerified], [a].[LockoutEnabled], [a].[LockoutEnd], [a].[NormalizedEmail], [a].[NormalizedUserName], [a].[PasswordHash], [a].[PhoneNumber], [a].[PhoneNumberConfirmed], [a].[SecurityStamp], [a].[TwoFactorEnabled], [a].[UpdatedAt], [a].[UserName]
FROM [AspNetUsers] AS [a]
WHERE [a].[NormalizedUserName] = @__normalizedUserName_0
2024-08-13 15:15:53.226 +05:30  INF  Executed DbCommand (2ms) [Parameters=[@__normalizedEmail_0='?' (Size = 256)], CommandType='"Text"', CommandTimeout='30']
SELECT TOP(2) [a].[Id], [a].[AccessFailedCount], [a].[ConcurrencyStamp], [a].[CreatedAt], [a].[Email], [a].[EmailConfirmed], [a].[IsDeleted], [a].[IsVerified], [a].[LockoutEnabled], [a].[LockoutEnd], [a].[NormalizedEmail], [a].[NormalizedUserName], [a].[PasswordHash], [a].[PhoneNumber], [a].[PhoneNumberConfirmed], [a].[SecurityStamp], [a].[TwoFactorEnabled], [a].[UpdatedAt], [a].[UserName]
FROM [AspNetUsers] AS [a]
WHERE [a].[NormalizedEmail] = @__normalizedEmail_0
2024-08-13 15:15:53.274 +05:30  INF  Executed DbCommand (13ms) [Parameters=[@p0='?' (DbType = Guid), @p1='?' (DbType = Guid), @p20='?' (DbType = Guid), @p2='?' (DbType = Int32), @p3='?' (Size = 4000), @p21='?' (Size = 4000), @p4='?' (DbType = DateTime2), @p5='?' (Size = 256), @p6='?' (DbType = Boolean), @p7='?' (DbType = Boolean), @p8='?' (DbType = Boolean), @p9='?' (DbType = Boolean), @p10='?' (DbType = DateTimeOffset), @p11='?' (Size = 256), @p12='?' (Size = 256), @p13='?' (Size = 4000), @p14='?' (Size = 4000), @p15='?' (DbType = Boolean), @p16='?' (Size = 4000), @p17='?' (DbType = Boolean), @p18='?' (DbType = DateTime2), @p19='?' (Size = 256)], CommandType='"Text"', CommandTimeout='30']
SET NOCOUNT ON;
INSERT INTO [AspNetUserRoles] ([RoleId], [UserId])
VALUES (@p0, @p1);
UPDATE [AspNetUsers] SET [AccessFailedCount] = @p2, [ConcurrencyStamp] = @p3, [CreatedAt] = @p4, [Email] = @p5, [EmailConfirmed] = @p6, [IsDeleted] = @p7, [IsVerified] = @p8, [LockoutEnabled] = @p9, [LockoutEnd] = @p10, [NormalizedEmail] = @p11, [NormalizedUserName] = @p12, [PasswordHash] = @p13, [PhoneNumber] = @p14, [PhoneNumberConfirmed] = @p15, [SecurityStamp] = @p16, [TwoFactorEnabled] = @p17, [UpdatedAt] = @p18, [UserName] = @p19
OUTPUT 1
WHERE [Id] = @p20 AND [ConcurrencyStamp] = @p21;
2024-08-13 15:15:56.880 +05:30  INF  Executing OkObjectResult, writing value of type 'Application.Ecom.Authentication.Commands.RegisterCustomer.RegisterCustomerResponse'.
2024-08-13 15:15:56.892 +05:30  INF  Executed action Web.Ecommerce.Controllers.Account.AccountController.RegisterCustomer (Web.Ecommerce) in 4170.0398ms
2024-08-13 15:15:56.894 +05:30  INF  Executed endpoint 'Web.Ecommerce.Controllers.Account.AccountController.RegisterCustomer (Web.Ecommerce)'
2024-08-13 15:15:56.899 +05:30  INF  Request finished HTTP/2 POST https://localhost:7113/api/Account/RegisterCustomer - 200 null application/json; charset=utf-8 4212.2673ms
2024-08-13 15:16:20.471 +05:30  INF  Request starting HTTP/2 POST https://localhost:7113/api/Account/VerifyOtp - application/json 51
2024-08-13 15:16:20.479 +05:30  INF  Executing endpoint 'Web.Ecommerce.Controllers.Account.AccountController.VerifyOtp (Web.Ecommerce)'
2024-08-13 15:16:20.486 +05:30  INF  Route matched with {action = "VerifyOtp", controller = "Account"}. Executing controller action with signature System.Threading.Tasks.Task`1[Microsoft.AspNetCore.Mvc.IActionResult] VerifyOtp(Application.Ecom.Authentication.Commands.VerifyOTP.VerifyOtpCommand) on controller Web.Ecommerce.Controllers.Account.AccountController (Web.Ecommerce).
2024-08-13 15:34:49.843 +05:30  INF  Executed DbCommand (15ms) [Parameters=[], CommandType='"Text"', CommandTimeout='30']
SELECT 1
2024-08-13 15:34:49.904 +05:30  INF  Executed DbCommand (10ms) [Parameters=[], CommandType='"Text"', CommandTimeout='30']
SELECT OBJECT_ID(N'[__EFMigrationsHistory]');
2024-08-13 15:34:49.906 +05:30  INF  Executed DbCommand (1ms) [Parameters=[], CommandType='"Text"', CommandTimeout='30']
SELECT 1
2024-08-13 15:34:49.907 +05:30  INF  Executed DbCommand (0ms) [Parameters=[], CommandType='"Text"', CommandTimeout='30']
SELECT OBJECT_ID(N'[__EFMigrationsHistory]');
2024-08-13 15:34:49.919 +05:30  INF  Executed DbCommand (4ms) [Parameters=[], CommandType='"Text"', CommandTimeout='30']
SELECT [MigrationId], [ProductVersion]
FROM [__EFMigrationsHistory]
ORDER BY [MigrationId];
2024-08-13 15:34:49.930 +05:30  INF  Applying migration '20240813100432_new2'.
2024-08-13 15:34:50.278 +05:30  INF  Executed DbCommand (300ms) [Parameters=[], CommandType='"Text"', CommandTimeout='30']
CREATE TABLE [Otps] (
    [OtpId] uniqueidentifier NOT NULL,
    [Email] nvarchar(max) NOT NULL,
    [OtpCode] nvarchar(max) NOT NULL,
    [CreatedAt] datetime2 NOT NULL,
    CONSTRAINT [PK_Otps] PRIMARY KEY ([OtpId])
);
2024-08-13 15:34:50.282 +05:30  INF  Executed DbCommand (3ms) [Parameters=[], CommandType='"Text"', CommandTimeout='30']
INSERT INTO [__EFMigrationsHistory] ([MigrationId], [ProductVersion])
VALUES (N'20240813100432_new2', N'8.0.7');
2024-08-13 15:35:05.789 +05:30  INF  User profile is available. Using 'C:\Users\arjun.hariprasad\AppData\Local\ASP.NET\DataProtection-Keys' as key repository and Windows DPAPI to encrypt keys at rest.
2024-08-13 15:35:06.950 +05:30  INF  Executed DbCommand (40ms) [Parameters=[@__normalizedName_0='?' (Size = 256)], CommandType='"Text"', CommandTimeout='30']
SELECT TOP(1) [a].[Id], [a].[ConcurrencyStamp], [a].[Name], [a].[NormalizedName]
FROM [AspNetRoles] AS [a]
WHERE [a].[NormalizedName] = @__normalizedName_0
2024-08-13 15:35:07.031 +05:30  INF  Executed DbCommand (7ms) [Parameters=[@__normalizedName_0='?' (Size = 256)], CommandType='"Text"', CommandTimeout='30']
SELECT TOP(1) [a].[Id], [a].[ConcurrencyStamp], [a].[Name], [a].[NormalizedName]
FROM [AspNetRoles] AS [a]
WHERE [a].[NormalizedName] = @__normalizedName_0
2024-08-13 15:35:07.036 +05:30  INF  Executed DbCommand (2ms) [Parameters=[@__normalizedName_0='?' (Size = 256)], CommandType='"Text"', CommandTimeout='30']
SELECT TOP(1) [a].[Id], [a].[ConcurrencyStamp], [a].[Name], [a].[NormalizedName]
FROM [AspNetRoles] AS [a]
WHERE [a].[NormalizedName] = @__normalizedName_0
2024-08-13 15:35:07.051 +05:30  INF  Executed DbCommand (3ms) [Parameters=[@__normalizedEmail_0='?' (Size = 256)], CommandType='"Text"', CommandTimeout='30']
SELECT TOP(2) [a].[Id], [a].[AccessFailedCount], [a].[ConcurrencyStamp], [a].[CreatedAt], [a].[Email], [a].[EmailConfirmed], [a].[IsDeleted], [a].[IsVerified], [a].[LockoutEnabled], [a].[LockoutEnd], [a].[NormalizedEmail], [a].[NormalizedUserName], [a].[PasswordHash], [a].[PhoneNumber], [a].[PhoneNumberConfirmed], [a].[SecurityStamp], [a].[TwoFactorEnabled], [a].[UpdatedAt], [a].[UserName]
FROM [AspNetUsers] AS [a]
WHERE [a].[NormalizedEmail] = @__normalizedEmail_0
2024-08-13 15:35:07.097 +05:30  INF  Executed DbCommand (1ms) [Parameters=[@__normalizedEmail_0='?' (Size = 256)], CommandType='"Text"', CommandTimeout='30']
SELECT TOP(2) [a].[Id], [a].[AccessFailedCount], [a].[ConcurrencyStamp], [a].[CreatedAt], [a].[Email], [a].[EmailConfirmed], [a].[IsDeleted], [a].[IsVerified], [a].[LockoutEnabled], [a].[LockoutEnd], [a].[NormalizedEmail], [a].[NormalizedUserName], [a].[PasswordHash], [a].[PhoneNumber], [a].[PhoneNumberConfirmed], [a].[SecurityStamp], [a].[TwoFactorEnabled], [a].[UpdatedAt], [a].[UserName]
FROM [AspNetUsers] AS [a]
WHERE [a].[NormalizedEmail] = @__normalizedEmail_0
2024-08-13 15:35:07.101 +05:30  INF  Executed DbCommand (1ms) [Parameters=[@__normalizedEmail_0='?' (Size = 256)], CommandType='"Text"', CommandTimeout='30']
SELECT TOP(2) [a].[Id], [a].[AccessFailedCount], [a].[ConcurrencyStamp], [a].[CreatedAt], [a].[Email], [a].[EmailConfirmed], [a].[IsDeleted], [a].[IsVerified], [a].[LockoutEnabled], [a].[LockoutEnd], [a].[NormalizedEmail], [a].[NormalizedUserName], [a].[PasswordHash], [a].[PhoneNumber], [a].[PhoneNumberConfirmed], [a].[SecurityStamp], [a].[TwoFactorEnabled], [a].[UpdatedAt], [a].[UserName]
FROM [AspNetUsers] AS [a]
WHERE [a].[NormalizedEmail] = @__normalizedEmail_0
2024-08-13 15:37:27.374 +05:30  INF  User profile is available. Using 'C:\Users\arjun.hariprasad\AppData\Local\ASP.NET\DataProtection-Keys' as key repository and Windows DPAPI to encrypt keys at rest.
2024-08-13 15:37:28.470 +05:30  INF  Executed DbCommand (38ms) [Parameters=[@__normalizedName_0='?' (Size = 256)], CommandType='"Text"', CommandTimeout='30']
SELECT TOP(1) [a].[Id], [a].[ConcurrencyStamp], [a].[Name], [a].[NormalizedName]
FROM [AspNetRoles] AS [a]
WHERE [a].[NormalizedName] = @__normalizedName_0
2024-08-13 15:37:28.549 +05:30  INF  Executed DbCommand (6ms) [Parameters=[@__normalizedName_0='?' (Size = 256)], CommandType='"Text"', CommandTimeout='30']
SELECT TOP(1) [a].[Id], [a].[ConcurrencyStamp], [a].[Name], [a].[NormalizedName]
FROM [AspNetRoles] AS [a]
WHERE [a].[NormalizedName] = @__normalizedName_0
2024-08-13 15:37:28.553 +05:30  INF  Executed DbCommand (0ms) [Parameters=[@__normalizedName_0='?' (Size = 256)], CommandType='"Text"', CommandTimeout='30']
SELECT TOP(1) [a].[Id], [a].[ConcurrencyStamp], [a].[Name], [a].[NormalizedName]
FROM [AspNetRoles] AS [a]
WHERE [a].[NormalizedName] = @__normalizedName_0
2024-08-13 15:37:28.569 +05:30  INF  Executed DbCommand (4ms) [Parameters=[@__normalizedEmail_0='?' (Size = 256)], CommandType='"Text"', CommandTimeout='30']
SELECT TOP(2) [a].[Id], [a].[AccessFailedCount], [a].[ConcurrencyStamp], [a].[CreatedAt], [a].[Email], [a].[EmailConfirmed], [a].[IsDeleted], [a].[IsVerified], [a].[LockoutEnabled], [a].[LockoutEnd], [a].[NormalizedEmail], [a].[NormalizedUserName], [a].[PasswordHash], [a].[PhoneNumber], [a].[PhoneNumberConfirmed], [a].[SecurityStamp], [a].[TwoFactorEnabled], [a].[UpdatedAt], [a].[UserName]
FROM [AspNetUsers] AS [a]
WHERE [a].[NormalizedEmail] = @__normalizedEmail_0
2024-08-13 15:37:28.612 +05:30  INF  Executed DbCommand (1ms) [Parameters=[@__normalizedEmail_0='?' (Size = 256)], CommandType='"Text"', CommandTimeout='30']
SELECT TOP(2) [a].[Id], [a].[AccessFailedCount], [a].[ConcurrencyStamp], [a].[CreatedAt], [a].[Email], [a].[EmailConfirmed], [a].[IsDeleted], [a].[IsVerified], [a].[LockoutEnabled], [a].[LockoutEnd], [a].[NormalizedEmail], [a].[NormalizedUserName], [a].[PasswordHash], [a].[PhoneNumber], [a].[PhoneNumberConfirmed], [a].[SecurityStamp], [a].[TwoFactorEnabled], [a].[UpdatedAt], [a].[UserName]
FROM [AspNetUsers] AS [a]
WHERE [a].[NormalizedEmail] = @__normalizedEmail_0
2024-08-13 15:37:28.615 +05:30  INF  Executed DbCommand (1ms) [Parameters=[@__normalizedEmail_0='?' (Size = 256)], CommandType='"Text"', CommandTimeout='30']
SELECT TOP(2) [a].[Id], [a].[AccessFailedCount], [a].[ConcurrencyStamp], [a].[CreatedAt], [a].[Email], [a].[EmailConfirmed], [a].[IsDeleted], [a].[IsVerified], [a].[LockoutEnabled], [a].[LockoutEnd], [a].[NormalizedEmail], [a].[NormalizedUserName], [a].[PasswordHash], [a].[PhoneNumber], [a].[PhoneNumberConfirmed], [a].[SecurityStamp], [a].[TwoFactorEnabled], [a].[UpdatedAt], [a].[UserName]
FROM [AspNetUsers] AS [a]
WHERE [a].[NormalizedEmail] = @__normalizedEmail_0
2024-08-13 15:37:28.790 +05:30  INF  Now listening on: https://localhost:7113
2024-08-13 15:37:28.791 +05:30  INF  Now listening on: http://localhost:5081
2024-08-13 15:37:28.793 +05:30  INF  Application started. Press Ctrl+C to shut down.
2024-08-13 15:37:28.794 +05:30  INF  Hosting environment: Development
2024-08-13 15:37:28.795 +05:30  INF  Content root path: C:\Users\arjun.hariprasad\source\.NET\Ecommerce\EcommerceSolution\CodeBase\Src\Presentation\Web.Ecommerce
2024-08-13 15:37:29.725 +05:30  INF  Request starting HTTP/2 GET https://localhost:7113/swagger/index.html - null null
2024-08-13 15:37:30.048 +05:30  INF  Request finished HTTP/2 GET https://localhost:7113/swagger/index.html - 200 null text/html;charset=utf-8 330.3756ms
2024-08-13 15:37:30.061 +05:30  INF  Request starting HTTP/2 GET https://localhost:7113/_framework/aspnetcore-browser-refresh.js - null null
2024-08-13 15:37:30.061 +05:30  INF  Request starting HTTP/2 GET https://localhost:7113/_vs/browserLink - null null
2024-08-13 15:37:30.061 +05:30  INF  Request starting HTTP/2 GET https://localhost:7113/swagger/index.js - null null
2024-08-13 15:37:30.095 +05:30  INF  Request finished HTTP/2 GET https://localhost:7113/swagger/index.js - 200 null application/javascript;charset=utf-8 34.1136ms
2024-08-13 15:37:30.095 +05:30  INF  Request finished HTTP/2 GET https://localhost:7113/_framework/aspnetcore-browser-refresh.js - 200 13762 application/javascript; charset=utf-8 34.216ms
2024-08-13 15:37:30.126 +05:30  INF  Request finished HTTP/2 GET https://localhost:7113/_vs/browserLink - 200 null text/javascript; charset=UTF-8 65.3201ms
2024-08-13 15:37:30.172 +05:30  INF  Request starting HTTP/2 GET https://localhost:7113/swagger/v1/swagger.json - null null
2024-08-13 15:37:30.323 +05:30  INF  Request finished HTTP/2 GET https://localhost:7113/swagger/v1/swagger.json - 200 null application/json;charset=utf-8 151.0145ms
2024-08-13 15:37:42.858 +05:30  INF  Request starting HTTP/2 POST https://localhost:7113/api/Account/RegisterCustomer - application/json 96
2024-08-13 15:37:42.867 +05:30  INF  Executing endpoint 'Web.Ecommerce.Controllers.Account.AccountController.RegisterCustomer (Web.Ecommerce)'
2024-08-13 15:37:42.895 +05:30  INF  Route matched with {action = "RegisterCustomer", controller = "Account"}. Executing controller action with signature System.Threading.Tasks.Task`1[Microsoft.AspNetCore.Mvc.IActionResult] RegisterCustomer(Application.Ecom.Authentication.Commands.RegisterCustomer.RegisterCustomerCommand) on controller Web.Ecommerce.Controllers.Account.AccountController (Web.Ecommerce).
2024-08-13 15:37:43.014 +05:30  INF  Executed DbCommand (2ms) [Parameters=[@__normalizedName_0='?' (Size = 256)], CommandType='"Text"', CommandTimeout='30']
SELECT TOP(1) [a].[Id], [a].[ConcurrencyStamp], [a].[Name], [a].[NormalizedName]
FROM [AspNetRoles] AS [a]
WHERE [a].[NormalizedName] = @__normalizedName_0
2024-08-13 15:37:43.128 +05:30  INF  Executed DbCommand (2ms) [Parameters=[@__normalizedUserName_0='?' (Size = 256)], CommandType='"Text"', CommandTimeout='30']
SELECT TOP(1) [a].[Id], [a].[AccessFailedCount], [a].[ConcurrencyStamp], [a].[CreatedAt], [a].[Email], [a].[EmailConfirmed], [a].[IsDeleted], [a].[IsVerified], [a].[LockoutEnabled], [a].[LockoutEnd], [a].[NormalizedEmail], [a].[NormalizedUserName], [a].[PasswordHash], [a].[PhoneNumber], [a].[PhoneNumberConfirmed], [a].[SecurityStamp], [a].[TwoFactorEnabled], [a].[UpdatedAt], [a].[UserName]
FROM [AspNetUsers] AS [a]
WHERE [a].[NormalizedUserName] = @__normalizedUserName_0
2024-08-13 15:37:43.140 +05:30  INF  Executed DbCommand (2ms) [Parameters=[@__normalizedEmail_0='?' (Size = 256)], CommandType='"Text"', CommandTimeout='30']
SELECT TOP(2) [a].[Id], [a].[AccessFailedCount], [a].[ConcurrencyStamp], [a].[CreatedAt], [a].[Email], [a].[EmailConfirmed], [a].[IsDeleted], [a].[IsVerified], [a].[LockoutEnabled], [a].[LockoutEnd], [a].[NormalizedEmail], [a].[NormalizedUserName], [a].[PasswordHash], [a].[PhoneNumber], [a].[PhoneNumberConfirmed], [a].[SecurityStamp], [a].[TwoFactorEnabled], [a].[UpdatedAt], [a].[UserName]
FROM [AspNetUsers] AS [a]
WHERE [a].[NormalizedEmail] = @__normalizedEmail_0
2024-08-13 15:37:43.261 +05:30  INF  Executed DbCommand (5ms) [Parameters=[@p0='?' (DbType = Guid), @p1='?' (DbType = Int32), @p2='?' (Size = 4000), @p3='?' (DbType = DateTime2), @p4='?' (Size = 256), @p5='?' (DbType = Boolean), @p6='?' (DbType = Boolean), @p7='?' (DbType = Boolean), @p8='?' (DbType = Boolean), @p9='?' (DbType = DateTimeOffset), @p10='?' (Size = 256), @p11='?' (Size = 256), @p12='?' (Size = 4000), @p13='?' (Size = 4000), @p14='?' (DbType = Boolean), @p15='?' (Size = 4000), @p16='?' (DbType = Boolean), @p17='?' (DbType = DateTime2), @p18='?' (Size = 256)], CommandType='"Text"', CommandTimeout='30']
SET IMPLICIT_TRANSACTIONS OFF;
SET NOCOUNT ON;
INSERT INTO [AspNetUsers] ([Id], [AccessFailedCount], [ConcurrencyStamp], [CreatedAt], [Email], [EmailConfirmed], [IsDeleted], [IsVerified], [LockoutEnabled], [LockoutEnd], [NormalizedEmail], [NormalizedUserName], [PasswordHash], [PhoneNumber], [PhoneNumberConfirmed], [SecurityStamp], [TwoFactorEnabled], [UpdatedAt], [UserName])
VALUES (@p0, @p1, @p2, @p3, @p4, @p5, @p6, @p7, @p8, @p9, @p10, @p11, @p12, @p13, @p14, @p15, @p16, @p17, @p18);
2024-08-13 15:37:43.281 +05:30  INF  Executed DbCommand (2ms) [Parameters=[@__normalizedRoleName_0='?' (Size = 256)], CommandType='"Text"', CommandTimeout='30']
SELECT TOP(2) [a].[Id], [a].[ConcurrencyStamp], [a].[Name], [a].[NormalizedName]
FROM [AspNetRoles] AS [a]
WHERE [a].[NormalizedName] = @__normalizedRoleName_0
2024-08-13 15:37:43.333 +05:30  INF  Executed DbCommand (1ms) [Parameters=[@__get_Item_0='?' (DbType = Guid), @__get_Item_1='?' (DbType = Guid)], CommandType='"Text"', CommandTimeout='30']
SELECT TOP(1) [a].[UserId], [a].[RoleId]
FROM [AspNetUserRoles] AS [a]
WHERE [a].[UserId] = @__get_Item_0 AND [a].[RoleId] = @__get_Item_1
2024-08-13 15:37:43.342 +05:30  INF  Executed DbCommand (2ms) [Parameters=[@__normalizedRoleName_0='?' (Size = 256)], CommandType='"Text"', CommandTimeout='30']
SELECT TOP(2) [a].[Id], [a].[ConcurrencyStamp], [a].[Name], [a].[NormalizedName]
FROM [AspNetRoles] AS [a]
WHERE [a].[NormalizedName] = @__normalizedRoleName_0
2024-08-13 15:37:43.361 +05:30  INF  Executed DbCommand (2ms) [Parameters=[@__normalizedUserName_0='?' (Size = 256)], CommandType='"Text"', CommandTimeout='30']
SELECT TOP(1) [a].[Id], [a].[AccessFailedCount], [a].[ConcurrencyStamp], [a].[CreatedAt], [a].[Email], [a].[EmailConfirmed], [a].[IsDeleted], [a].[IsVerified], [a].[LockoutEnabled], [a].[LockoutEnd], [a].[NormalizedEmail], [a].[NormalizedUserName], [a].[PasswordHash], [a].[PhoneNumber], [a].[PhoneNumberConfirmed], [a].[SecurityStamp], [a].[TwoFactorEnabled], [a].[UpdatedAt], [a].[UserName]
FROM [AspNetUsers] AS [a]
WHERE [a].[NormalizedUserName] = @__normalizedUserName_0
2024-08-13 15:37:43.368 +05:30  INF  Executed DbCommand (2ms) [Parameters=[@__normalizedEmail_0='?' (Size = 256)], CommandType='"Text"', CommandTimeout='30']
SELECT TOP(2) [a].[Id], [a].[AccessFailedCount], [a].[ConcurrencyStamp], [a].[CreatedAt], [a].[Email], [a].[EmailConfirmed], [a].[IsDeleted], [a].[IsVerified], [a].[LockoutEnabled], [a].[LockoutEnd], [a].[NormalizedEmail], [a].[NormalizedUserName], [a].[PasswordHash], [a].[PhoneNumber], [a].[PhoneNumberConfirmed], [a].[SecurityStamp], [a].[TwoFactorEnabled], [a].[UpdatedAt], [a].[UserName]
FROM [AspNetUsers] AS [a]
WHERE [a].[NormalizedEmail] = @__normalizedEmail_0
2024-08-13 15:37:43.536 +05:30  INF  Executed DbCommand (138ms) [Parameters=[@p0='?' (DbType = Guid), @p1='?' (DbType = Guid), @p20='?' (DbType = Guid), @p2='?' (DbType = Int32), @p3='?' (Size = 4000), @p21='?' (Size = 4000), @p4='?' (DbType = DateTime2), @p5='?' (Size = 256), @p6='?' (DbType = Boolean), @p7='?' (DbType = Boolean), @p8='?' (DbType = Boolean), @p9='?' (DbType = Boolean), @p10='?' (DbType = DateTimeOffset), @p11='?' (Size = 256), @p12='?' (Size = 256), @p13='?' (Size = 4000), @p14='?' (Size = 4000), @p15='?' (DbType = Boolean), @p16='?' (Size = 4000), @p17='?' (DbType = Boolean), @p18='?' (DbType = DateTime2), @p19='?' (Size = 256)], CommandType='"Text"', CommandTimeout='30']
SET NOCOUNT ON;
INSERT INTO [AspNetUserRoles] ([RoleId], [UserId])
VALUES (@p0, @p1);
UPDATE [AspNetUsers] SET [AccessFailedCount] = @p2, [ConcurrencyStamp] = @p3, [CreatedAt] = @p4, [Email] = @p5, [EmailConfirmed] = @p6, [IsDeleted] = @p7, [IsVerified] = @p8, [LockoutEnabled] = @p9, [LockoutEnd] = @p10, [NormalizedEmail] = @p11, [NormalizedUserName] = @p12, [PasswordHash] = @p13, [PhoneNumber] = @p14, [PhoneNumberConfirmed] = @p15, [SecurityStamp] = @p16, [TwoFactorEnabled] = @p17, [UpdatedAt] = @p18, [UserName] = @p19
OUTPUT 1
WHERE [Id] = @p20 AND [ConcurrencyStamp] = @p21;
2024-08-13 15:37:43.621 +05:30  INF  Executed DbCommand (58ms) [Parameters=[@p0='?' (DbType = Guid), @p1='?' (DbType = DateTime2), @p2='?' (Size = 4000), @p3='?' (Size = 4000)], CommandType='"Text"', CommandTimeout='30']
SET IMPLICIT_TRANSACTIONS OFF;
SET NOCOUNT ON;
INSERT INTO [Otps] ([OtpId], [CreatedAt], [Email], [OtpCode])
VALUES (@p0, @p1, @p2, @p3);
2024-08-13 15:37:43.625 +05:30  INF  Generated OTP for arjun@gmail.com: 420646
2024-08-13 15:37:47.197 +05:30  INF  Executing OkObjectResult, writing value of type 'Application.Ecom.Authentication.Commands.RegisterCustomer.RegisterCustomerResponse'.
2024-08-13 15:37:47.210 +05:30  INF  Executed action Web.Ecommerce.Controllers.Account.AccountController.RegisterCustomer (Web.Ecommerce) in 4309.2397ms
2024-08-13 15:37:47.212 +05:30  INF  Executed endpoint 'Web.Ecommerce.Controllers.Account.AccountController.RegisterCustomer (Web.Ecommerce)'
2024-08-13 15:37:47.216 +05:30  INF  Request finished HTTP/2 POST https://localhost:7113/api/Account/RegisterCustomer - 200 null application/json; charset=utf-8 4358.4673ms
2024-08-13 15:38:29.171 +05:30  INF  Request starting HTTP/2 POST https://localhost:7113/api/Account/VerifyOtp - application/json 51
2024-08-13 15:38:29.178 +05:30  INF  Executing endpoint 'Web.Ecommerce.Controllers.Account.AccountController.VerifyOtp (Web.Ecommerce)'
2024-08-13 15:38:29.182 +05:30  INF  Route matched with {action = "VerifyOtp", controller = "Account"}. Executing controller action with signature System.Threading.Tasks.Task`1[Microsoft.AspNetCore.Mvc.IActionResult] VerifyOtp(Application.Ecom.Authentication.Commands.VerifyOTP.VerifyOtpCommand) on controller Web.Ecommerce.Controllers.Account.AccountController (Web.Ecommerce).
2024-08-13 15:38:31.686 +05:30  INF  Executed DbCommand (32ms) [Parameters=[@__email_0='?' (Size = 4000), @__otp_1='?' (Size = 4000)], CommandType='"Text"', CommandTimeout='30']
SELECT TOP(1) [o].[OtpId], [o].[CreatedAt], [o].[Email], [o].[OtpCode]
FROM [Otps] AS [o]
WHERE [o].[Email] = @__email_0 AND [o].[OtpCode] = @__otp_1
ORDER BY [o].[CreatedAt] DESC
2024-08-13 15:38:31.698 +05:30  INF  Executed DbCommand (4ms) [Parameters=[@p0='?' (DbType = Guid)], CommandType='"Text"', CommandTimeout='30']
SET IMPLICIT_TRANSACTIONS OFF;
SET NOCOUNT ON;
DELETE FROM [Otps]
OUTPUT 1
WHERE [OtpId] = @p0;
2024-08-13 15:38:37.255 +05:30  INF  Executed DbCommand (3ms) [Parameters=[@__request_Email_0='?' (Size = 256)], CommandType='"Text"', CommandTimeout='30']
SELECT TOP(2) [a].[Id], [a].[AccessFailedCount], [a].[ConcurrencyStamp], [a].[CreatedAt], [a].[Email], [a].[EmailConfirmed], [a].[IsDeleted], [a].[IsVerified], [a].[LockoutEnabled], [a].[LockoutEnd], [a].[NormalizedEmail], [a].[NormalizedUserName], [a].[PasswordHash], [a].[PhoneNumber], [a].[PhoneNumberConfirmed], [a].[SecurityStamp], [a].[TwoFactorEnabled], [a].[UpdatedAt], [a].[UserName]
FROM [AspNetUsers] AS [a]
WHERE [a].[Email] = @__request_Email_0
2024-08-13 15:38:39.334 +05:30  INF  Executed DbCommand (6ms) [Parameters=[@p1='?' (DbType = Guid), @p2='?' (Size = 4000), @p0='?' (DbType = Boolean)], CommandType='"Text"', CommandTimeout='30']
SET IMPLICIT_TRANSACTIONS OFF;
SET NOCOUNT ON;
UPDATE [AspNetUsers] SET [IsVerified] = @p0
OUTPUT 1
WHERE [Id] = @p1 AND [ConcurrencyStamp] = @p2;
2024-08-13 15:38:39.338 +05:30  INF  Executing OkObjectResult, writing value of type '<>f__AnonymousType0`2[[System.String, System.Private.CoreLib, Version=8.0.0.0, Culture=neutral, PublicKeyToken=7cec85d7bea7798e],[System.Boolean, System.Private.CoreLib, Version=8.0.0.0, Culture=neutral, PublicKeyToken=7cec85d7bea7798e]]'.
2024-08-13 15:38:39.344 +05:30  INF  Executed action Web.Ecommerce.Controllers.Account.AccountController.VerifyOtp (Web.Ecommerce) in 10158.5087ms
2024-08-13 15:38:39.346 +05:30  INF  Executed endpoint 'Web.Ecommerce.Controllers.Account.AccountController.VerifyOtp (Web.Ecommerce)'
2024-08-13 15:38:39.347 +05:30  INF  Request finished HTTP/2 POST https://localhost:7113/api/Account/VerifyOtp - 200 null application/json; charset=utf-8 10178.8923ms
2024-08-13 15:39:36.695 +05:30  INF  Request starting HTTP/2 POST https://localhost:7113/api/Account/Login - application/json 60
2024-08-13 15:39:36.701 +05:30  INF  Executing endpoint 'Web.Ecommerce.Controllers.Account.AccountController.Login (Web.Ecommerce)'
2024-08-13 15:39:36.711 +05:30  INF  Route matched with {action = "Login", controller = "Account"}. Executing controller action with signature System.Threading.Tasks.Task`1[Microsoft.AspNetCore.Mvc.IActionResult] Login(Application.Ecom.Authentication.Commands.LoginUser.LoginUserCommand) on controller Web.Ecommerce.Controllers.Account.AccountController (Web.Ecommerce).
2024-08-13 15:39:36.725 +05:30  INF  Executed DbCommand (4ms) [Parameters=[@__normalizedEmail_0='?' (Size = 256)], CommandType='"Text"', CommandTimeout='30']
SELECT TOP(2) [a].[Id], [a].[AccessFailedCount], [a].[ConcurrencyStamp], [a].[CreatedAt], [a].[Email], [a].[EmailConfirmed], [a].[IsDeleted], [a].[IsVerified], [a].[LockoutEnabled], [a].[LockoutEnd], [a].[NormalizedEmail], [a].[NormalizedUserName], [a].[PasswordHash], [a].[PhoneNumber], [a].[PhoneNumberConfirmed], [a].[SecurityStamp], [a].[TwoFactorEnabled], [a].[UpdatedAt], [a].[UserName]
FROM [AspNetUsers] AS [a]
WHERE [a].[NormalizedEmail] = @__normalizedEmail_0
2024-08-13 15:39:36.832 +05:30  INF  Executed DbCommand (3ms) [Parameters=[@__userId_0='?' (DbType = Guid)], CommandType='"Text"', CommandTimeout='30']
SELECT [a0].[Name]
FROM [AspNetUserRoles] AS [a]
INNER JOIN [AspNetRoles] AS [a0] ON [a].[RoleId] = [a0].[Id]
WHERE [a].[UserId] = @__userId_0
2024-08-13 15:39:36.867 +05:30  INF  Executing OkObjectResult, writing value of type '<>f__AnonymousType1`3[[System.String, System.Private.CoreLib, Version=8.0.0.0, Culture=neutral, PublicKeyToken=7cec85d7bea7798e],[System.String, System.Private.CoreLib, Version=8.0.0.0, Culture=neutral, PublicKeyToken=7cec85d7bea7798e],[System.String, System.Private.CoreLib, Version=8.0.0.0, Culture=neutral, PublicKeyToken=7cec85d7bea7798e]]'.
2024-08-13 15:39:36.873 +05:30  INF  Executed action Web.Ecommerce.Controllers.Account.AccountController.Login (Web.Ecommerce) in 159.3453ms
2024-08-13 15:39:36.874 +05:30  INF  Executed endpoint 'Web.Ecommerce.Controllers.Account.AccountController.Login (Web.Ecommerce)'
2024-08-13 15:39:36.875 +05:30  INF  Request finished HTTP/2 POST https://localhost:7113/api/Account/Login - 200 null application/json; charset=utf-8 180.2204ms
2024-08-13 15:44:50.727 +05:30  INF  User profile is available. Using 'C:\Users\arjun.hariprasad\AppData\Local\ASP.NET\DataProtection-Keys' as key repository and Windows DPAPI to encrypt keys at rest.
2024-08-13 15:44:51.832 +05:30  INF  Executed DbCommand (37ms) [Parameters=[@__normalizedName_0='?' (Size = 256)], CommandType='"Text"', CommandTimeout='30']
SELECT TOP(1) [a].[Id], [a].[ConcurrencyStamp], [a].[Name], [a].[NormalizedName]
FROM [AspNetRoles] AS [a]
WHERE [a].[NormalizedName] = @__normalizedName_0
2024-08-13 15:44:51.904 +05:30  INF  Executed DbCommand (5ms) [Parameters=[@__normalizedName_0='?' (Size = 256)], CommandType='"Text"', CommandTimeout='30']
SELECT TOP(1) [a].[Id], [a].[ConcurrencyStamp], [a].[Name], [a].[NormalizedName]
FROM [AspNetRoles] AS [a]
WHERE [a].[NormalizedName] = @__normalizedName_0
2024-08-13 15:44:51.908 +05:30  INF  Executed DbCommand (1ms) [Parameters=[@__normalizedName_0='?' (Size = 256)], CommandType='"Text"', CommandTimeout='30']
SELECT TOP(1) [a].[Id], [a].[ConcurrencyStamp], [a].[Name], [a].[NormalizedName]
FROM [AspNetRoles] AS [a]
WHERE [a].[NormalizedName] = @__normalizedName_0
2024-08-13 15:44:51.921 +05:30  INF  Executed DbCommand (2ms) [Parameters=[@__normalizedEmail_0='?' (Size = 256)], CommandType='"Text"', CommandTimeout='30']
SELECT TOP(2) [a].[Id], [a].[AccessFailedCount], [a].[ConcurrencyStamp], [a].[CreatedAt], [a].[Email], [a].[EmailConfirmed], [a].[IsDeleted], [a].[IsVerified], [a].[LockoutEnabled], [a].[LockoutEnd], [a].[NormalizedEmail], [a].[NormalizedUserName], [a].[PasswordHash], [a].[PhoneNumber], [a].[PhoneNumberConfirmed], [a].[SecurityStamp], [a].[TwoFactorEnabled], [a].[UpdatedAt], [a].[UserName]
FROM [AspNetUsers] AS [a]
WHERE [a].[NormalizedEmail] = @__normalizedEmail_0
2024-08-13 15:44:51.967 +05:30  INF  Executed DbCommand (1ms) [Parameters=[@__normalizedEmail_0='?' (Size = 256)], CommandType='"Text"', CommandTimeout='30']
SELECT TOP(2) [a].[Id], [a].[AccessFailedCount], [a].[ConcurrencyStamp], [a].[CreatedAt], [a].[Email], [a].[EmailConfirmed], [a].[IsDeleted], [a].[IsVerified], [a].[LockoutEnabled], [a].[LockoutEnd], [a].[NormalizedEmail], [a].[NormalizedUserName], [a].[PasswordHash], [a].[PhoneNumber], [a].[PhoneNumberConfirmed], [a].[SecurityStamp], [a].[TwoFactorEnabled], [a].[UpdatedAt], [a].[UserName]
FROM [AspNetUsers] AS [a]
WHERE [a].[NormalizedEmail] = @__normalizedEmail_0
2024-08-13 15:44:51.973 +05:30  INF  Executed DbCommand (1ms) [Parameters=[@__normalizedEmail_0='?' (Size = 256)], CommandType='"Text"', CommandTimeout='30']
SELECT TOP(2) [a].[Id], [a].[AccessFailedCount], [a].[ConcurrencyStamp], [a].[CreatedAt], [a].[Email], [a].[EmailConfirmed], [a].[IsDeleted], [a].[IsVerified], [a].[LockoutEnabled], [a].[LockoutEnd], [a].[NormalizedEmail], [a].[NormalizedUserName], [a].[PasswordHash], [a].[PhoneNumber], [a].[PhoneNumberConfirmed], [a].[SecurityStamp], [a].[TwoFactorEnabled], [a].[UpdatedAt], [a].[UserName]
FROM [AspNetUsers] AS [a]
WHERE [a].[NormalizedEmail] = @__normalizedEmail_0
2024-08-13 15:44:52.137 +05:30  INF  Now listening on: https://localhost:7113
2024-08-13 15:44:52.139 +05:30  INF  Now listening on: http://localhost:5081
2024-08-13 15:44:52.141 +05:30  INF  Application started. Press Ctrl+C to shut down.
2024-08-13 15:44:52.142 +05:30  INF  Hosting environment: Development
2024-08-13 15:44:52.142 +05:30  INF  Content root path: C:\Users\arjun.hariprasad\source\.NET\Ecommerce\EcommerceSolution\CodeBase\Src\Presentation\Web.Ecommerce
2024-08-13 15:44:52.834 +05:30  INF  Request starting HTTP/2 GET https://localhost:7113/swagger/index.html - null null
2024-08-13 15:44:53.093 +05:30  INF  Request finished HTTP/2 GET https://localhost:7113/swagger/index.html - 200 null text/html;charset=utf-8 262.9913ms
2024-08-13 15:44:53.104 +05:30  INF  Request starting HTTP/2 GET https://localhost:7113/_framework/aspnetcore-browser-refresh.js - null null
2024-08-13 15:44:53.104 +05:30  INF  Request starting HTTP/2 GET https://localhost:7113/_vs/browserLink - null null
2024-08-13 15:44:53.104 +05:30  INF  Request starting HTTP/2 GET https://localhost:7113/swagger/index.js - null null
2024-08-13 15:44:53.127 +05:30  INF  Request finished HTTP/2 GET https://localhost:7113/_framework/aspnetcore-browser-refresh.js - 200 13762 application/javascript; charset=utf-8 22.9535ms
2024-08-13 15:44:53.129 +05:30  INF  Request finished HTTP/2 GET https://localhost:7113/swagger/index.js - 200 null application/javascript;charset=utf-8 24.6488ms
2024-08-13 15:44:53.160 +05:30  INF  Request finished HTTP/2 GET https://localhost:7113/_vs/browserLink - 200 null text/javascript; charset=UTF-8 55.7461ms
2024-08-13 15:44:53.204 +05:30  INF  Request starting HTTP/2 GET https://localhost:7113/swagger/v1/swagger.json - null null
2024-08-13 15:44:53.303 +05:30  INF  Request finished HTTP/2 GET https://localhost:7113/swagger/v1/swagger.json - 200 null application/json;charset=utf-8 99.138ms
2024-08-13 16:20:48.311 +05:30  INF  User profile is available. Using 'C:\Users\arjun.hariprasad\AppData\Local\ASP.NET\DataProtection-Keys' as key repository and Windows DPAPI to encrypt keys at rest.
2024-08-13 16:20:49.678 +05:30  INF  Executed DbCommand (56ms) [Parameters=[@__normalizedName_0='?' (Size = 256)], CommandType='"Text"', CommandTimeout='30']
SELECT TOP(1) [a].[Id], [a].[ConcurrencyStamp], [a].[Name], [a].[NormalizedName]
FROM [AspNetRoles] AS [a]
WHERE [a].[NormalizedName] = @__normalizedName_0
2024-08-13 16:20:49.750 +05:30  INF  Executed DbCommand (3ms) [Parameters=[@__normalizedName_0='?' (Size = 256)], CommandType='"Text"', CommandTimeout='30']
SELECT TOP(1) [a].[Id], [a].[ConcurrencyStamp], [a].[Name], [a].[NormalizedName]
FROM [AspNetRoles] AS [a]
WHERE [a].[NormalizedName] = @__normalizedName_0
2024-08-13 16:20:49.754 +05:30  INF  Executed DbCommand (1ms) [Parameters=[@__normalizedName_0='?' (Size = 256)], CommandType='"Text"', CommandTimeout='30']
SELECT TOP(1) [a].[Id], [a].[ConcurrencyStamp], [a].[Name], [a].[NormalizedName]
FROM [AspNetRoles] AS [a]
WHERE [a].[NormalizedName] = @__normalizedName_0
2024-08-13 16:20:49.769 +05:30  INF  Executed DbCommand (3ms) [Parameters=[@__normalizedEmail_0='?' (Size = 256)], CommandType='"Text"', CommandTimeout='30']
SELECT TOP(2) [a].[Id], [a].[AccessFailedCount], [a].[ConcurrencyStamp], [a].[CreatedAt], [a].[Email], [a].[EmailConfirmed], [a].[IsDeleted], [a].[IsVerified], [a].[LockoutEnabled], [a].[LockoutEnd], [a].[NormalizedEmail], [a].[NormalizedUserName], [a].[PasswordHash], [a].[PhoneNumber], [a].[PhoneNumberConfirmed], [a].[SecurityStamp], [a].[TwoFactorEnabled], [a].[UpdatedAt], [a].[UserName]
FROM [AspNetUsers] AS [a]
WHERE [a].[NormalizedEmail] = @__normalizedEmail_0
2024-08-13 16:20:49.817 +05:30  INF  Executed DbCommand (2ms) [Parameters=[@__normalizedEmail_0='?' (Size = 256)], CommandType='"Text"', CommandTimeout='30']
SELECT TOP(2) [a].[Id], [a].[AccessFailedCount], [a].[ConcurrencyStamp], [a].[CreatedAt], [a].[Email], [a].[EmailConfirmed], [a].[IsDeleted], [a].[IsVerified], [a].[LockoutEnabled], [a].[LockoutEnd], [a].[NormalizedEmail], [a].[NormalizedUserName], [a].[PasswordHash], [a].[PhoneNumber], [a].[PhoneNumberConfirmed], [a].[SecurityStamp], [a].[TwoFactorEnabled], [a].[UpdatedAt], [a].[UserName]
FROM [AspNetUsers] AS [a]
WHERE [a].[NormalizedEmail] = @__normalizedEmail_0
2024-08-13 16:20:49.822 +05:30  INF  Executed DbCommand (2ms) [Parameters=[@__normalizedEmail_0='?' (Size = 256)], CommandType='"Text"', CommandTimeout='30']
SELECT TOP(2) [a].[Id], [a].[AccessFailedCount], [a].[ConcurrencyStamp], [a].[CreatedAt], [a].[Email], [a].[EmailConfirmed], [a].[IsDeleted], [a].[IsVerified], [a].[LockoutEnabled], [a].[LockoutEnd], [a].[NormalizedEmail], [a].[NormalizedUserName], [a].[PasswordHash], [a].[PhoneNumber], [a].[PhoneNumberConfirmed], [a].[SecurityStamp], [a].[TwoFactorEnabled], [a].[UpdatedAt], [a].[UserName]
FROM [AspNetUsers] AS [a]
WHERE [a].[NormalizedEmail] = @__normalizedEmail_0
2024-08-13 16:20:50.067 +05:30  INF  Now listening on: https://localhost:7113
2024-08-13 16:20:50.068 +05:30  INF  Now listening on: http://localhost:5081
2024-08-13 16:20:50.071 +05:30  INF  Application started. Press Ctrl+C to shut down.
2024-08-13 16:20:50.071 +05:30  INF  Hosting environment: Development
2024-08-13 16:20:50.072 +05:30  INF  Content root path: C:\Users\arjun.hariprasad\source\.NET\Ecommerce\EcommerceSolution\CodeBase\Src\Presentation\Web.Ecommerce
2024-08-13 16:20:50.925 +05:30  INF  Request starting HTTP/2 GET https://localhost:7113/swagger/index.html - null null
2024-08-13 16:20:51.240 +05:30  INF  Request finished HTTP/2 GET https://localhost:7113/swagger/index.html - 200 null text/html;charset=utf-8 325.4274ms
2024-08-13 16:20:51.267 +05:30  INF  Request starting HTTP/2 GET https://localhost:7113/_framework/aspnetcore-browser-refresh.js - null null
2024-08-13 16:20:51.267 +05:30  INF  Request starting HTTP/2 GET https://localhost:7113/swagger/index.js - null null
2024-08-13 16:20:51.281 +05:30  INF  Request starting HTTP/2 GET https://localhost:7113/_vs/browserLink - null null
2024-08-13 16:20:51.286 +05:30  INF  Request finished HTTP/2 GET https://localhost:7113/_framework/aspnetcore-browser-refresh.js - 200 13762 application/javascript; charset=utf-8 19.7535ms
2024-08-13 16:20:51.287 +05:30  INF  Request finished HTTP/2 GET https://localhost:7113/swagger/index.js - 200 null application/javascript;charset=utf-8 20.0936ms
2024-08-13 16:20:51.355 +05:30  INF  Request finished HTTP/2 GET https://localhost:7113/_vs/browserLink - 200 null text/javascript; charset=UTF-8 74.2621ms
2024-08-13 16:20:51.404 +05:30  INF  Request starting HTTP/2 GET https://localhost:7113/swagger/v1/swagger.json - null null
2024-08-13 16:20:51.515 +05:30  INF  Request finished HTTP/2 GET https://localhost:7113/swagger/v1/swagger.json - 200 null application/json;charset=utf-8 110.9133ms
2024-08-13 16:22:07.462 +05:30  INF  Request starting HTTP/2 POST https://localhost:7113/api/Account/RegisterSeller - application/json 152
2024-08-13 16:22:07.476 +05:30  INF  Executing endpoint 'Web.Ecommerce.Controllers.Account.AccountController.RegisterSeller (Web.Ecommerce)'
2024-08-13 16:22:07.501 +05:30  INF  Route matched with {action = "RegisterSeller", controller = "Account"}. Executing controller action with signature System.Threading.Tasks.Task`1[Microsoft.AspNetCore.Mvc.IActionResult] RegisterSeller(Application.Ecom.Authentication.Commands.RegisterSeller.RegisterSellerCommand) on controller Web.Ecommerce.Controllers.Account.AccountController (Web.Ecommerce).
2024-08-13 16:22:07.620 +05:30  INF  Executed DbCommand (2ms) [Parameters=[@__normalizedName_0='?' (Size = 256)], CommandType='"Text"', CommandTimeout='30']
SELECT TOP(1) [a].[Id], [a].[ConcurrencyStamp], [a].[Name], [a].[NormalizedName]
FROM [AspNetRoles] AS [a]
WHERE [a].[NormalizedName] = @__normalizedName_0
2024-08-13 16:22:07.739 +05:30  INF  Executed DbCommand (3ms) [Parameters=[@__normalizedUserName_0='?' (Size = 256)], CommandType='"Text"', CommandTimeout='30']
SELECT TOP(1) [a].[Id], [a].[AccessFailedCount], [a].[ConcurrencyStamp], [a].[CreatedAt], [a].[Email], [a].[EmailConfirmed], [a].[IsDeleted], [a].[IsVerified], [a].[LockoutEnabled], [a].[LockoutEnd], [a].[NormalizedEmail], [a].[NormalizedUserName], [a].[PasswordHash], [a].[PhoneNumber], [a].[PhoneNumberConfirmed], [a].[SecurityStamp], [a].[TwoFactorEnabled], [a].[UpdatedAt], [a].[UserName]
FROM [AspNetUsers] AS [a]
WHERE [a].[NormalizedUserName] = @__normalizedUserName_0
2024-08-13 16:22:07.748 +05:30  INF  Executed DbCommand (2ms) [Parameters=[@__normalizedEmail_0='?' (Size = 256)], CommandType='"Text"', CommandTimeout='30']
SELECT TOP(2) [a].[Id], [a].[AccessFailedCount], [a].[ConcurrencyStamp], [a].[CreatedAt], [a].[Email], [a].[EmailConfirmed], [a].[IsDeleted], [a].[IsVerified], [a].[LockoutEnabled], [a].[LockoutEnd], [a].[NormalizedEmail], [a].[NormalizedUserName], [a].[PasswordHash], [a].[PhoneNumber], [a].[PhoneNumberConfirmed], [a].[SecurityStamp], [a].[TwoFactorEnabled], [a].[UpdatedAt], [a].[UserName]
FROM [AspNetUsers] AS [a]
WHERE [a].[NormalizedEmail] = @__normalizedEmail_0
2024-08-13 16:22:07.870 +05:30  INF  Executed DbCommand (7ms) [Parameters=[@p0='?' (DbType = Guid), @p1='?' (DbType = Int32), @p2='?' (Size = 4000), @p3='?' (DbType = DateTime2), @p4='?' (Size = 256), @p5='?' (DbType = Boolean), @p6='?' (DbType = Boolean), @p7='?' (DbType = Boolean), @p8='?' (DbType = Boolean), @p9='?' (DbType = DateTimeOffset), @p10='?' (Size = 256), @p11='?' (Size = 256), @p12='?' (Size = 4000), @p13='?' (Size = 4000), @p14='?' (DbType = Boolean), @p15='?' (Size = 4000), @p16='?' (DbType = Boolean), @p17='?' (DbType = DateTime2), @p18='?' (Size = 256)], CommandType='"Text"', CommandTimeout='30']
SET IMPLICIT_TRANSACTIONS OFF;
SET NOCOUNT ON;
INSERT INTO [AspNetUsers] ([Id], [AccessFailedCount], [ConcurrencyStamp], [CreatedAt], [Email], [EmailConfirmed], [IsDeleted], [IsVerified], [LockoutEnabled], [LockoutEnd], [NormalizedEmail], [NormalizedUserName], [PasswordHash], [PhoneNumber], [PhoneNumberConfirmed], [SecurityStamp], [TwoFactorEnabled], [UpdatedAt], [UserName])
VALUES (@p0, @p1, @p2, @p3, @p4, @p5, @p6, @p7, @p8, @p9, @p10, @p11, @p12, @p13, @p14, @p15, @p16, @p17, @p18);
2024-08-13 16:22:07.896 +05:30  INF  Executed DbCommand (3ms) [Parameters=[@__normalizedRoleName_0='?' (Size = 256)], CommandType='"Text"', CommandTimeout='30']
SELECT TOP(2) [a].[Id], [a].[ConcurrencyStamp], [a].[Name], [a].[NormalizedName]
FROM [AspNetRoles] AS [a]
WHERE [a].[NormalizedName] = @__normalizedRoleName_0
2024-08-13 16:22:07.957 +05:30  INF  Executed DbCommand (4ms) [Parameters=[@__get_Item_0='?' (DbType = Guid), @__get_Item_1='?' (DbType = Guid)], CommandType='"Text"', CommandTimeout='30']
SELECT TOP(1) [a].[UserId], [a].[RoleId]
FROM [AspNetUserRoles] AS [a]
WHERE [a].[UserId] = @__get_Item_0 AND [a].[RoleId] = @__get_Item_1
2024-08-13 16:22:07.965 +05:30  INF  Executed DbCommand (2ms) [Parameters=[@__normalizedRoleName_0='?' (Size = 256)], CommandType='"Text"', CommandTimeout='30']
SELECT TOP(2) [a].[Id], [a].[ConcurrencyStamp], [a].[Name], [a].[NormalizedName]
FROM [AspNetRoles] AS [a]
WHERE [a].[NormalizedName] = @__normalizedRoleName_0
2024-08-13 16:22:07.986 +05:30  INF  Executed DbCommand (4ms) [Parameters=[@__normalizedUserName_0='?' (Size = 256)], CommandType='"Text"', CommandTimeout='30']
SELECT TOP(1) [a].[Id], [a].[AccessFailedCount], [a].[ConcurrencyStamp], [a].[CreatedAt], [a].[Email], [a].[EmailConfirmed], [a].[IsDeleted], [a].[IsVerified], [a].[LockoutEnabled], [a].[LockoutEnd], [a].[NormalizedEmail], [a].[NormalizedUserName], [a].[PasswordHash], [a].[PhoneNumber], [a].[PhoneNumberConfirmed], [a].[SecurityStamp], [a].[TwoFactorEnabled], [a].[UpdatedAt], [a].[UserName]
FROM [AspNetUsers] AS [a]
WHERE [a].[NormalizedUserName] = @__normalizedUserName_0
2024-08-13 16:22:07.994 +05:30  INF  Executed DbCommand (2ms) [Parameters=[@__normalizedEmail_0='?' (Size = 256)], CommandType='"Text"', CommandTimeout='30']
SELECT TOP(2) [a].[Id], [a].[AccessFailedCount], [a].[ConcurrencyStamp], [a].[CreatedAt], [a].[Email], [a].[EmailConfirmed], [a].[IsDeleted], [a].[IsVerified], [a].[LockoutEnabled], [a].[LockoutEnd], [a].[NormalizedEmail], [a].[NormalizedUserName], [a].[PasswordHash], [a].[PhoneNumber], [a].[PhoneNumberConfirmed], [a].[SecurityStamp], [a].[TwoFactorEnabled], [a].[UpdatedAt], [a].[UserName]
FROM [AspNetUsers] AS [a]
WHERE [a].[NormalizedEmail] = @__normalizedEmail_0
2024-08-13 16:22:08.040 +05:30  INF  Executed DbCommand (10ms) [Parameters=[@p0='?' (DbType = Guid), @p1='?' (DbType = Guid), @p20='?' (DbType = Guid), @p2='?' (DbType = Int32), @p3='?' (Size = 4000), @p21='?' (Size = 4000), @p4='?' (DbType = DateTime2), @p5='?' (Size = 256), @p6='?' (DbType = Boolean), @p7='?' (DbType = Boolean), @p8='?' (DbType = Boolean), @p9='?' (DbType = Boolean), @p10='?' (DbType = DateTimeOffset), @p11='?' (Size = 256), @p12='?' (Size = 256), @p13='?' (Size = 4000), @p14='?' (Size = 4000), @p15='?' (DbType = Boolean), @p16='?' (Size = 4000), @p17='?' (DbType = Boolean), @p18='?' (DbType = DateTime2), @p19='?' (Size = 256)], CommandType='"Text"', CommandTimeout='30']
SET NOCOUNT ON;
INSERT INTO [AspNetUserRoles] ([RoleId], [UserId])
VALUES (@p0, @p1);
UPDATE [AspNetUsers] SET [AccessFailedCount] = @p2, [ConcurrencyStamp] = @p3, [CreatedAt] = @p4, [Email] = @p5, [EmailConfirmed] = @p6, [IsDeleted] = @p7, [IsVerified] = @p8, [LockoutEnabled] = @p9, [LockoutEnd] = @p10, [NormalizedEmail] = @p11, [NormalizedUserName] = @p12, [PasswordHash] = @p13, [PhoneNumber] = @p14, [PhoneNumberConfirmed] = @p15, [SecurityStamp] = @p16, [TwoFactorEnabled] = @p17, [UpdatedAt] = @p18, [UserName] = @p19
OUTPUT 1
WHERE [Id] = @p20 AND [ConcurrencyStamp] = @p21;
2024-08-13 16:22:08.072 +05:30  INF  Executed DbCommand (6ms) [Parameters=[@p0='?' (DbType = Guid), @p1='?' (DbType = DateTime2), @p2='?' (Size = 4000), @p3='?' (Size = 4000)], CommandType='"Text"', CommandTimeout='30']
SET IMPLICIT_TRANSACTIONS OFF;
SET NOCOUNT ON;
INSERT INTO [Otps] ([OtpId], [CreatedAt], [Email], [OtpCode])
VALUES (@p0, @p1, @p2, @p3);
2024-08-13 16:22:08.076 +05:30  INF  Generated OTP for hari@gmail.com: 848956
2024-08-13 16:22:11.787 +05:30  INF  Executed DbCommand (7ms) [Parameters=[@p0='?' (DbType = Guid), @p1='?' (DbType = DateTime2), @p2='?' (DbType = Boolean), @p3='?' (Size = 500), @p4='?' (Size = 100), @p5='?' (DbType = DateTime2), @p6='?' (DbType = Guid)], CommandType='"Text"', CommandTimeout='30']
SET IMPLICIT_TRANSACTIONS OFF;
SET NOCOUNT ON;
INSERT INTO [Sellers] ([SellerId], [CreatedAt], [IsDeleted], [StoreDescription], [StoreName], [UpdatedAt], [UserId])
VALUES (@p0, @p1, @p2, @p3, @p4, @p5, @p6);
2024-08-13 16:22:11.797 +05:30  INF  Executing OkObjectResult, writing value of type 'Application.Ecom.Authentication.Commands.RegisterSeller.RegisterSellerResponse'.
2024-08-13 16:22:11.810 +05:30  INF  Executed action Web.Ecommerce.Controllers.Account.AccountController.RegisterSeller (Web.Ecommerce) in 4301.4499ms
2024-08-13 16:22:11.812 +05:30  INF  Executed endpoint 'Web.Ecommerce.Controllers.Account.AccountController.RegisterSeller (Web.Ecommerce)'
2024-08-13 16:22:11.816 +05:30  INF  Request finished HTTP/2 POST https://localhost:7113/api/Account/RegisterSeller - 200 null application/json; charset=utf-8 4353.7734ms
2024-08-13 16:23:17.724 +05:30  INF  Request starting HTTP/2 POST https://localhost:7113/api/Account/VerifyOtp - application/json 50
2024-08-13 16:23:17.733 +05:30  INF  Executing endpoint 'Web.Ecommerce.Controllers.Account.AccountController.VerifyOtp (Web.Ecommerce)'
2024-08-13 16:23:17.739 +05:30  INF  Route matched with {action = "VerifyOtp", controller = "Account"}. Executing controller action with signature System.Threading.Tasks.Task`1[Microsoft.AspNetCore.Mvc.IActionResult] VerifyOtp(Application.Ecom.Authentication.Commands.VerifyOTP.VerifyOtpCommand) on controller Web.Ecommerce.Controllers.Account.AccountController (Web.Ecommerce).
2024-08-13 16:23:21.888 +05:30  INF  Executed DbCommand (4ms) [Parameters=[@__email_0='?' (Size = 4000), @__otp_1='?' (Size = 4000)], CommandType='"Text"', CommandTimeout='30']
SELECT TOP(1) [o].[OtpId], [o].[CreatedAt], [o].[Email], [o].[OtpCode]
FROM [Otps] AS [o]
WHERE [o].[Email] = @__email_0 AND [o].[OtpCode] = @__otp_1
ORDER BY [o].[CreatedAt] DESC
2024-08-13 16:23:21.898 +05:30  INF  Executed DbCommand (3ms) [Parameters=[@p0='?' (DbType = Guid)], CommandType='"Text"', CommandTimeout='30']
SET IMPLICIT_TRANSACTIONS OFF;
SET NOCOUNT ON;
DELETE FROM [Otps]
OUTPUT 1
WHERE [OtpId] = @p0;
2024-08-13 16:23:23.563 +05:30  INF  Executed DbCommand (3ms) [Parameters=[@__request_Email_0='?' (Size = 256)], CommandType='"Text"', CommandTimeout='30']
SELECT TOP(2) [a].[Id], [a].[AccessFailedCount], [a].[ConcurrencyStamp], [a].[CreatedAt], [a].[Email], [a].[EmailConfirmed], [a].[IsDeleted], [a].[IsVerified], [a].[LockoutEnabled], [a].[LockoutEnd], [a].[NormalizedEmail], [a].[NormalizedUserName], [a].[PasswordHash], [a].[PhoneNumber], [a].[PhoneNumberConfirmed], [a].[SecurityStamp], [a].[TwoFactorEnabled], [a].[UpdatedAt], [a].[UserName]
FROM [AspNetUsers] AS [a]
WHERE [a].[Email] = @__request_Email_0
2024-08-13 16:23:24.280 +05:30  INF  Executed DbCommand (4ms) [Parameters=[@p1='?' (DbType = Guid), @p2='?' (Size = 4000), @p0='?' (DbType = Boolean)], CommandType='"Text"', CommandTimeout='30']
SET IMPLICIT_TRANSACTIONS OFF;
SET NOCOUNT ON;
UPDATE [AspNetUsers] SET [IsVerified] = @p0
OUTPUT 1
WHERE [Id] = @p1 AND [ConcurrencyStamp] = @p2;
2024-08-13 16:23:24.284 +05:30  INF  Executing OkObjectResult, writing value of type '<>f__AnonymousType0`2[[System.String, System.Private.CoreLib, Version=8.0.0.0, Culture=neutral, PublicKeyToken=7cec85d7bea7798e],[System.Boolean, System.Private.CoreLib, Version=8.0.0.0, Culture=neutral, PublicKeyToken=7cec85d7bea7798e]]'.
2024-08-13 16:23:24.291 +05:30  INF  Executed action Web.Ecommerce.Controllers.Account.AccountController.VerifyOtp (Web.Ecommerce) in 6548.8638ms
2024-08-13 16:23:24.293 +05:30  INF  Executed endpoint 'Web.Ecommerce.Controllers.Account.AccountController.VerifyOtp (Web.Ecommerce)'
2024-08-13 16:23:24.294 +05:30  INF  Request finished HTTP/2 POST https://localhost:7113/api/Account/VerifyOtp - 200 null application/json; charset=utf-8 6570.2941ms
2024-08-13 16:23:53.069 +05:30  INF  Request starting HTTP/2 POST https://localhost:7113/api/Account/Login - application/json 56
2024-08-13 16:23:53.079 +05:30  INF  Executing endpoint 'Web.Ecommerce.Controllers.Account.AccountController.Login (Web.Ecommerce)'
2024-08-13 16:23:53.082 +05:30  INF  Route matched with {action = "Login", controller = "Account"}. Executing controller action with signature System.Threading.Tasks.Task`1[Microsoft.AspNetCore.Mvc.IActionResult] Login(Application.Ecom.Authentication.Commands.LoginUser.LoginUserCommand) on controller Web.Ecommerce.Controllers.Account.AccountController (Web.Ecommerce).
2024-08-13 16:23:53.098 +05:30  INF  Executing BadRequestObjectResult, writing value of type 'Microsoft.AspNetCore.Mvc.ValidationProblemDetails'.
2024-08-13 16:23:53.128 +05:30  INF  Executed action Web.Ecommerce.Controllers.Account.AccountController.Login (Web.Ecommerce) in 43.1966ms
2024-08-13 16:23:53.130 +05:30  INF  Executed endpoint 'Web.Ecommerce.Controllers.Account.AccountController.Login (Web.Ecommerce)'
2024-08-13 16:23:53.131 +05:30  INF  Request finished HTTP/2 POST https://localhost:7113/api/Account/Login - 400 null application/problem+json; charset=utf-8 61.9481ms
2024-08-13 16:24:04.148 +05:30  INF  Request starting HTTP/2 POST https://localhost:7113/api/Account/Login - application/json 56
2024-08-13 16:24:04.151 +05:30  INF  Executing endpoint 'Web.Ecommerce.Controllers.Account.AccountController.Login (Web.Ecommerce)'
2024-08-13 16:24:04.153 +05:30  INF  Route matched with {action = "Login", controller = "Account"}. Executing controller action with signature System.Threading.Tasks.Task`1[Microsoft.AspNetCore.Mvc.IActionResult] Login(Application.Ecom.Authentication.Commands.LoginUser.LoginUserCommand) on controller Web.Ecommerce.Controllers.Account.AccountController (Web.Ecommerce).
2024-08-13 16:24:04.174 +05:30  INF  Executed DbCommand (5ms) [Parameters=[@__normalizedEmail_0='?' (Size = 256)], CommandType='"Text"', CommandTimeout='30']
SELECT TOP(2) [a].[Id], [a].[AccessFailedCount], [a].[ConcurrencyStamp], [a].[CreatedAt], [a].[Email], [a].[EmailConfirmed], [a].[IsDeleted], [a].[IsVerified], [a].[LockoutEnabled], [a].[LockoutEnd], [a].[NormalizedEmail], [a].[NormalizedUserName], [a].[PasswordHash], [a].[PhoneNumber], [a].[PhoneNumberConfirmed], [a].[SecurityStamp], [a].[TwoFactorEnabled], [a].[UpdatedAt], [a].[UserName]
FROM [AspNetUsers] AS [a]
WHERE [a].[NormalizedEmail] = @__normalizedEmail_0
2024-08-13 16:24:04.276 +05:30  INF  Executed DbCommand (3ms) [Parameters=[@__userId_0='?' (DbType = Guid)], CommandType='"Text"', CommandTimeout='30']
SELECT [a0].[Name]
FROM [AspNetUserRoles] AS [a]
INNER JOIN [AspNetRoles] AS [a0] ON [a].[RoleId] = [a0].[Id]
WHERE [a].[UserId] = @__userId_0
2024-08-13 16:24:04.312 +05:30  INF  Executing OkObjectResult, writing value of type '<>f__AnonymousType1`3[[System.String, System.Private.CoreLib, Version=8.0.0.0, Culture=neutral, PublicKeyToken=7cec85d7bea7798e],[System.String, System.Private.CoreLib, Version=8.0.0.0, Culture=neutral, PublicKeyToken=7cec85d7bea7798e],[System.String, System.Private.CoreLib, Version=8.0.0.0, Culture=neutral, PublicKeyToken=7cec85d7bea7798e]]'.
2024-08-13 16:24:04.315 +05:30  INF  Executed action Web.Ecommerce.Controllers.Account.AccountController.Login (Web.Ecommerce) in 159.4349ms
2024-08-13 16:24:04.316 +05:30  INF  Executed endpoint 'Web.Ecommerce.Controllers.Account.AccountController.Login (Web.Ecommerce)'
2024-08-13 16:24:04.317 +05:30  INF  Request finished HTTP/2 POST https://localhost:7113/api/Account/Login - 200 null application/json; charset=utf-8 169.9165ms
2024-08-13 16:28:51.860 +05:30  INF  User profile is available. Using 'C:\Users\arjun.hariprasad\AppData\Local\ASP.NET\DataProtection-Keys' as key repository and Windows DPAPI to encrypt keys at rest.
2024-08-13 16:28:53.024 +05:30  INF  Executed DbCommand (39ms) [Parameters=[@__normalizedName_0='?' (Size = 256)], CommandType='"Text"', CommandTimeout='30']
SELECT TOP(1) [a].[Id], [a].[ConcurrencyStamp], [a].[Name], [a].[NormalizedName]
FROM [AspNetRoles] AS [a]
WHERE [a].[NormalizedName] = @__normalizedName_0
2024-08-13 16:28:53.102 +05:30  INF  Executed DbCommand (7ms) [Parameters=[@__normalizedName_0='?' (Size = 256)], CommandType='"Text"', CommandTimeout='30']
SELECT TOP(1) [a].[Id], [a].[ConcurrencyStamp], [a].[Name], [a].[NormalizedName]
FROM [AspNetRoles] AS [a]
WHERE [a].[NormalizedName] = @__normalizedName_0
2024-08-13 16:28:53.107 +05:30  INF  Executed DbCommand (2ms) [Parameters=[@__normalizedName_0='?' (Size = 256)], CommandType='"Text"', CommandTimeout='30']
SELECT TOP(1) [a].[Id], [a].[ConcurrencyStamp], [a].[Name], [a].[NormalizedName]
FROM [AspNetRoles] AS [a]
WHERE [a].[NormalizedName] = @__normalizedName_0
2024-08-13 16:28:53.121 +05:30  INF  Executed DbCommand (2ms) [Parameters=[@__normalizedEmail_0='?' (Size = 256)], CommandType='"Text"', CommandTimeout='30']
SELECT TOP(2) [a].[Id], [a].[AccessFailedCount], [a].[ConcurrencyStamp], [a].[CreatedAt], [a].[Email], [a].[EmailConfirmed], [a].[IsDeleted], [a].[IsVerified], [a].[LockoutEnabled], [a].[LockoutEnd], [a].[NormalizedEmail], [a].[NormalizedUserName], [a].[PasswordHash], [a].[PhoneNumber], [a].[PhoneNumberConfirmed], [a].[SecurityStamp], [a].[TwoFactorEnabled], [a].[UpdatedAt], [a].[UserName]
FROM [AspNetUsers] AS [a]
WHERE [a].[NormalizedEmail] = @__normalizedEmail_0
2024-08-13 16:28:53.169 +05:30  INF  Executed DbCommand (1ms) [Parameters=[@__normalizedEmail_0='?' (Size = 256)], CommandType='"Text"', CommandTimeout='30']
SELECT TOP(2) [a].[Id], [a].[AccessFailedCount], [a].[ConcurrencyStamp], [a].[CreatedAt], [a].[Email], [a].[EmailConfirmed], [a].[IsDeleted], [a].[IsVerified], [a].[LockoutEnabled], [a].[LockoutEnd], [a].[NormalizedEmail], [a].[NormalizedUserName], [a].[PasswordHash], [a].[PhoneNumber], [a].[PhoneNumberConfirmed], [a].[SecurityStamp], [a].[TwoFactorEnabled], [a].[UpdatedAt], [a].[UserName]
FROM [AspNetUsers] AS [a]
WHERE [a].[NormalizedEmail] = @__normalizedEmail_0
2024-08-13 16:28:53.172 +05:30  INF  Executed DbCommand (1ms) [Parameters=[@__normalizedEmail_0='?' (Size = 256)], CommandType='"Text"', CommandTimeout='30']
SELECT TOP(2) [a].[Id], [a].[AccessFailedCount], [a].[ConcurrencyStamp], [a].[CreatedAt], [a].[Email], [a].[EmailConfirmed], [a].[IsDeleted], [a].[IsVerified], [a].[LockoutEnabled], [a].[LockoutEnd], [a].[NormalizedEmail], [a].[NormalizedUserName], [a].[PasswordHash], [a].[PhoneNumber], [a].[PhoneNumberConfirmed], [a].[SecurityStamp], [a].[TwoFactorEnabled], [a].[UpdatedAt], [a].[UserName]
FROM [AspNetUsers] AS [a]
WHERE [a].[NormalizedEmail] = @__normalizedEmail_0
2024-08-13 16:28:53.395 +05:30  INF  Now listening on: https://localhost:7113
2024-08-13 16:28:53.396 +05:30  INF  Now listening on: http://localhost:5081
2024-08-13 16:28:53.399 +05:30  INF  Application started. Press Ctrl+C to shut down.
2024-08-13 16:28:53.400 +05:30  INF  Hosting environment: Development
2024-08-13 16:28:53.401 +05:30  INF  Content root path: C:\Users\arjun.hariprasad\source\.NET\Ecommerce\EcommerceSolution\CodeBase\Src\Presentation\Web.Ecommerce
2024-08-13 16:28:54.160 +05:30  INF  Request starting HTTP/2 GET https://localhost:7113/swagger/index.html - null null
2024-08-13 16:28:54.470 +05:30  INF  Request finished HTTP/2 GET https://localhost:7113/swagger/index.html - 200 null text/html;charset=utf-8 312.4116ms
2024-08-13 16:28:54.479 +05:30  INF  Request starting HTTP/2 GET https://localhost:7113/swagger/index.js - null null
2024-08-13 16:28:54.479 +05:30  INF  Request starting HTTP/2 GET https://localhost:7113/_framework/aspnetcore-browser-refresh.js - null null
2024-08-13 16:28:54.479 +05:30  INF  Request starting HTTP/2 GET https://localhost:7113/_vs/browserLink - null null
2024-08-13 16:28:54.493 +05:30  INF  Request finished HTTP/2 GET https://localhost:7113/swagger/index.js - 200 null application/javascript;charset=utf-8 13.3617ms
2024-08-13 16:28:54.537 +05:30  INF  Request finished HTTP/2 GET https://localhost:7113/_framework/aspnetcore-browser-refresh.js - 200 13762 application/javascript; charset=utf-8 58.3226ms
2024-08-13 16:28:54.563 +05:30  INF  Request finished HTTP/2 GET https://localhost:7113/_vs/browserLink - 200 null text/javascript; charset=UTF-8 83.515ms
2024-08-13 16:28:54.608 +05:30  INF  Request starting HTTP/2 GET https://localhost:7113/swagger/v1/swagger.json - null null
2024-08-13 16:28:54.721 +05:30  INF  Request finished HTTP/2 GET https://localhost:7113/swagger/v1/swagger.json - 200 null application/json;charset=utf-8 113.3856ms
2024-08-13 16:29:50.724 +05:30  INF  Request starting HTTP/2 POST https://localhost:7113/api/Account/RegisterCustomer - application/json 95
2024-08-13 16:29:50.732 +05:30  INF  Executing endpoint 'Web.Ecommerce.Controllers.Account.AccountController.RegisterCustomer (Web.Ecommerce)'
2024-08-13 16:29:50.754 +05:30  INF  Route matched with {action = "RegisterCustomer", controller = "Account"}. Executing controller action with signature System.Threading.Tasks.Task`1[Microsoft.AspNetCore.Mvc.IActionResult] RegisterCustomer(Application.Ecom.Authentication.Commands.RegisterCustomer.RegisterCustomerCommand) on controller Web.Ecommerce.Controllers.Account.AccountController (Web.Ecommerce).
2024-08-13 16:29:50.862 +05:30  INF  Executed DbCommand (2ms) [Parameters=[@__normalizedName_0='?' (Size = 256)], CommandType='"Text"', CommandTimeout='30']
SELECT TOP(1) [a].[Id], [a].[ConcurrencyStamp], [a].[Name], [a].[NormalizedName]
FROM [AspNetRoles] AS [a]
WHERE [a].[NormalizedName] = @__normalizedName_0
2024-08-13 16:29:50.978 +05:30  INF  Executed DbCommand (8ms) [Parameters=[@__normalizedUserName_0='?' (Size = 256)], CommandType='"Text"', CommandTimeout='30']
SELECT TOP(1) [a].[Id], [a].[AccessFailedCount], [a].[ConcurrencyStamp], [a].[CreatedAt], [a].[Email], [a].[EmailConfirmed], [a].[IsDeleted], [a].[IsVerified], [a].[LockoutEnabled], [a].[LockoutEnd], [a].[NormalizedEmail], [a].[NormalizedUserName], [a].[PasswordHash], [a].[PhoneNumber], [a].[PhoneNumberConfirmed], [a].[SecurityStamp], [a].[TwoFactorEnabled], [a].[UpdatedAt], [a].[UserName]
FROM [AspNetUsers] AS [a]
WHERE [a].[NormalizedUserName] = @__normalizedUserName_0
2024-08-13 16:29:50.990 +05:30  INF  Executed DbCommand (3ms) [Parameters=[@__normalizedEmail_0='?' (Size = 256)], CommandType='"Text"', CommandTimeout='30']
SELECT TOP(2) [a].[Id], [a].[AccessFailedCount], [a].[ConcurrencyStamp], [a].[CreatedAt], [a].[Email], [a].[EmailConfirmed], [a].[IsDeleted], [a].[IsVerified], [a].[LockoutEnabled], [a].[LockoutEnd], [a].[NormalizedEmail], [a].[NormalizedUserName], [a].[PasswordHash], [a].[PhoneNumber], [a].[PhoneNumberConfirmed], [a].[SecurityStamp], [a].[TwoFactorEnabled], [a].[UpdatedAt], [a].[UserName]
FROM [AspNetUsers] AS [a]
WHERE [a].[NormalizedEmail] = @__normalizedEmail_0
2024-08-13 16:29:51.124 +05:30  INF  Executed DbCommand (10ms) [Parameters=[@p0='?' (DbType = Guid), @p1='?' (DbType = Int32), @p2='?' (Size = 4000), @p3='?' (DbType = DateTime2), @p4='?' (Size = 256), @p5='?' (DbType = Boolean), @p6='?' (DbType = Boolean), @p7='?' (DbType = Boolean), @p8='?' (DbType = Boolean), @p9='?' (DbType = DateTimeOffset), @p10='?' (Size = 256), @p11='?' (Size = 256), @p12='?' (Size = 4000), @p13='?' (Size = 4000), @p14='?' (DbType = Boolean), @p15='?' (Size = 4000), @p16='?' (DbType = Boolean), @p17='?' (DbType = DateTime2), @p18='?' (Size = 256)], CommandType='"Text"', CommandTimeout='30']
SET IMPLICIT_TRANSACTIONS OFF;
SET NOCOUNT ON;
INSERT INTO [AspNetUsers] ([Id], [AccessFailedCount], [ConcurrencyStamp], [CreatedAt], [Email], [EmailConfirmed], [IsDeleted], [IsVerified], [LockoutEnabled], [LockoutEnd], [NormalizedEmail], [NormalizedUserName], [PasswordHash], [PhoneNumber], [PhoneNumberConfirmed], [SecurityStamp], [TwoFactorEnabled], [UpdatedAt], [UserName])
VALUES (@p0, @p1, @p2, @p3, @p4, @p5, @p6, @p7, @p8, @p9, @p10, @p11, @p12, @p13, @p14, @p15, @p16, @p17, @p18);
2024-08-13 16:29:51.145 +05:30  INF  Executed DbCommand (2ms) [Parameters=[@__normalizedRoleName_0='?' (Size = 256)], CommandType='"Text"', CommandTimeout='30']
SELECT TOP(2) [a].[Id], [a].[ConcurrencyStamp], [a].[Name], [a].[NormalizedName]
FROM [AspNetRoles] AS [a]
WHERE [a].[NormalizedName] = @__normalizedRoleName_0
2024-08-13 16:29:51.200 +05:30  INF  Executed DbCommand (2ms) [Parameters=[@__get_Item_0='?' (DbType = Guid), @__get_Item_1='?' (DbType = Guid)], CommandType='"Text"', CommandTimeout='30']
SELECT TOP(1) [a].[UserId], [a].[RoleId]
FROM [AspNetUserRoles] AS [a]
WHERE [a].[UserId] = @__get_Item_0 AND [a].[RoleId] = @__get_Item_1
2024-08-13 16:29:51.212 +05:30  INF  Executed DbCommand (2ms) [Parameters=[@__normalizedRoleName_0='?' (Size = 256)], CommandType='"Text"', CommandTimeout='30']
SELECT TOP(2) [a].[Id], [a].[ConcurrencyStamp], [a].[Name], [a].[NormalizedName]
FROM [AspNetRoles] AS [a]
WHERE [a].[NormalizedName] = @__normalizedRoleName_0
2024-08-13 16:29:51.244 +05:30  INF  Executed DbCommand (3ms) [Parameters=[@__normalizedUserName_0='?' (Size = 256)], CommandType='"Text"', CommandTimeout='30']
SELECT TOP(1) [a].[Id], [a].[AccessFailedCount], [a].[ConcurrencyStamp], [a].[CreatedAt], [a].[Email], [a].[EmailConfirmed], [a].[IsDeleted], [a].[IsVerified], [a].[LockoutEnabled], [a].[LockoutEnd], [a].[NormalizedEmail], [a].[NormalizedUserName], [a].[PasswordHash], [a].[PhoneNumber], [a].[PhoneNumberConfirmed], [a].[SecurityStamp], [a].[TwoFactorEnabled], [a].[UpdatedAt], [a].[UserName]
FROM [AspNetUsers] AS [a]
WHERE [a].[NormalizedUserName] = @__normalizedUserName_0
2024-08-13 16:29:51.253 +05:30  INF  Executed DbCommand (4ms) [Parameters=[@__normalizedEmail_0='?' (Size = 256)], CommandType='"Text"', CommandTimeout='30']
SELECT TOP(2) [a].[Id], [a].[AccessFailedCount], [a].[ConcurrencyStamp], [a].[CreatedAt], [a].[Email], [a].[EmailConfirmed], [a].[IsDeleted], [a].[IsVerified], [a].[LockoutEnabled], [a].[LockoutEnd], [a].[NormalizedEmail], [a].[NormalizedUserName], [a].[PasswordHash], [a].[PhoneNumber], [a].[PhoneNumberConfirmed], [a].[SecurityStamp], [a].[TwoFactorEnabled], [a].[UpdatedAt], [a].[UserName]
FROM [AspNetUsers] AS [a]
WHERE [a].[NormalizedEmail] = @__normalizedEmail_0
2024-08-13 16:29:51.297 +05:30  INF  Executed DbCommand (8ms) [Parameters=[@p0='?' (DbType = Guid), @p1='?' (DbType = Guid), @p20='?' (DbType = Guid), @p2='?' (DbType = Int32), @p3='?' (Size = 4000), @p21='?' (Size = 4000), @p4='?' (DbType = DateTime2), @p5='?' (Size = 256), @p6='?' (DbType = Boolean), @p7='?' (DbType = Boolean), @p8='?' (DbType = Boolean), @p9='?' (DbType = Boolean), @p10='?' (DbType = DateTimeOffset), @p11='?' (Size = 256), @p12='?' (Size = 256), @p13='?' (Size = 4000), @p14='?' (Size = 4000), @p15='?' (DbType = Boolean), @p16='?' (Size = 4000), @p17='?' (DbType = Boolean), @p18='?' (DbType = DateTime2), @p19='?' (Size = 256)], CommandType='"Text"', CommandTimeout='30']
SET NOCOUNT ON;
INSERT INTO [AspNetUserRoles] ([RoleId], [UserId])
VALUES (@p0, @p1);
UPDATE [AspNetUsers] SET [AccessFailedCount] = @p2, [ConcurrencyStamp] = @p3, [CreatedAt] = @p4, [Email] = @p5, [EmailConfirmed] = @p6, [IsDeleted] = @p7, [IsVerified] = @p8, [LockoutEnabled] = @p9, [LockoutEnd] = @p10, [NormalizedEmail] = @p11, [NormalizedUserName] = @p12, [PasswordHash] = @p13, [PhoneNumber] = @p14, [PhoneNumberConfirmed] = @p15, [SecurityStamp] = @p16, [TwoFactorEnabled] = @p17, [UpdatedAt] = @p18, [UserName] = @p19
OUTPUT 1
WHERE [Id] = @p20 AND [ConcurrencyStamp] = @p21;
2024-08-13 16:29:51.329 +05:30  INF  Executed DbCommand (2ms) [Parameters=[@p0='?' (DbType = Guid), @p1='?' (DbType = DateTime2), @p2='?' (Size = 4000), @p3='?' (Size = 4000)], CommandType='"Text"', CommandTimeout='30']
SET IMPLICIT_TRANSACTIONS OFF;
SET NOCOUNT ON;
INSERT INTO [Otps] ([OtpId], [CreatedAt], [Email], [OtpCode])
VALUES (@p0, @p1, @p2, @p3);
2024-08-13 16:29:51.332 +05:30  INF  Generated OTP for steve@gmail.com: 755752
2024-08-13 16:29:55.010 +05:30  INF  Executing OkObjectResult, writing value of type 'Application.Ecom.Authentication.Commands.RegisterCustomer.RegisterCustomerResponse'.
2024-08-13 16:29:55.023 +05:30  INF  Executed action Web.Ecommerce.Controllers.Account.AccountController.RegisterCustomer (Web.Ecommerce) in 4263.6875ms
2024-08-13 16:29:55.025 +05:30  INF  Executed endpoint 'Web.Ecommerce.Controllers.Account.AccountController.RegisterCustomer (Web.Ecommerce)'
2024-08-13 16:29:55.029 +05:30  INF  Request finished HTTP/2 POST https://localhost:7113/api/Account/RegisterCustomer - 200 null application/json; charset=utf-8 4305.7421ms
2024-08-13 16:31:08.434 +05:30  INF  Request starting HTTP/2 POST https://localhost:7113/api/Account/VerifyOtp - application/json 51
2024-08-13 16:31:08.443 +05:30  INF  Executing endpoint 'Web.Ecommerce.Controllers.Account.AccountController.VerifyOtp (Web.Ecommerce)'
2024-08-13 16:31:08.447 +05:30  INF  Route matched with {action = "VerifyOtp", controller = "Account"}. Executing controller action with signature System.Threading.Tasks.Task`1[Microsoft.AspNetCore.Mvc.IActionResult] VerifyOtp(Application.Ecom.Authentication.Commands.VerifyOTP.VerifyOtpCommand) on controller Web.Ecommerce.Controllers.Account.AccountController (Web.Ecommerce).
2024-08-13 16:31:08.484 +05:30  INF  Executed DbCommand (9ms) [Parameters=[@__email_0='?' (Size = 4000), @__otp_1='?' (Size = 4000)], CommandType='"Text"', CommandTimeout='30']
SELECT TOP(1) [o].[OtpId], [o].[CreatedAt], [o].[Email], [o].[OtpCode]
FROM [Otps] AS [o]
WHERE [o].[Email] = @__email_0 AND [o].[OtpCode] = @__otp_1
ORDER BY [o].[CreatedAt] DESC
2024-08-13 16:31:08.495 +05:30  INF  Executed DbCommand (2ms) [Parameters=[@p0='?' (DbType = Guid)], CommandType='"Text"', CommandTimeout='30']
SET IMPLICIT_TRANSACTIONS OFF;
SET NOCOUNT ON;
DELETE FROM [Otps]
OUTPUT 1
WHERE [OtpId] = @p0;
2024-08-13 16:31:08.507 +05:30  INF  Executed DbCommand (2ms) [Parameters=[@__request_Email_0='?' (Size = 256)], CommandType='"Text"', CommandTimeout='30']
SELECT TOP(2) [a].[Id], [a].[AccessFailedCount], [a].[ConcurrencyStamp], [a].[CreatedAt], [a].[Email], [a].[EmailConfirmed], [a].[IsDeleted], [a].[IsVerified], [a].[LockoutEnabled], [a].[LockoutEnd], [a].[NormalizedEmail], [a].[NormalizedUserName], [a].[PasswordHash], [a].[PhoneNumber], [a].[PhoneNumberConfirmed], [a].[SecurityStamp], [a].[TwoFactorEnabled], [a].[UpdatedAt], [a].[UserName]
FROM [AspNetUsers] AS [a]
WHERE [a].[Email] = @__request_Email_0
2024-08-13 16:31:08.515 +05:30  INF  Executed DbCommand (3ms) [Parameters=[@p1='?' (DbType = Guid), @p2='?' (Size = 4000), @p0='?' (DbType = Boolean)], CommandType='"Text"', CommandTimeout='30']
SET IMPLICIT_TRANSACTIONS OFF;
SET NOCOUNT ON;
UPDATE [AspNetUsers] SET [IsVerified] = @p0
OUTPUT 1
WHERE [Id] = @p1 AND [ConcurrencyStamp] = @p2;
2024-08-13 16:31:08.518 +05:30  INF  Executing OkObjectResult, writing value of type '<>f__AnonymousType0`2[[System.String, System.Private.CoreLib, Version=8.0.0.0, Culture=neutral, PublicKeyToken=7cec85d7bea7798e],[System.Boolean, System.Private.CoreLib, Version=8.0.0.0, Culture=neutral, PublicKeyToken=7cec85d7bea7798e]]'.
2024-08-13 16:31:08.525 +05:30  INF  Executed action Web.Ecommerce.Controllers.Account.AccountController.VerifyOtp (Web.Ecommerce) in 75.3843ms
2024-08-13 16:31:08.526 +05:30  INF  Executed endpoint 'Web.Ecommerce.Controllers.Account.AccountController.VerifyOtp (Web.Ecommerce)'
2024-08-13 16:31:08.527 +05:30  INF  Request finished HTTP/2 POST https://localhost:7113/api/Account/VerifyOtp - 200 null application/json; charset=utf-8 93.0173ms
2024-08-13 16:37:07.619 +05:30  INF  User profile is available. Using 'C:\Users\arjun.hariprasad\AppData\Local\ASP.NET\DataProtection-Keys' as key repository and Windows DPAPI to encrypt keys at rest.
2024-08-13 16:37:08.979 +05:30  INF  Executed DbCommand (49ms) [Parameters=[@__normalizedName_0='?' (Size = 256)], CommandType='"Text"', CommandTimeout='30']
SELECT TOP(1) [a].[Id], [a].[ConcurrencyStamp], [a].[Name], [a].[NormalizedName]
FROM [AspNetRoles] AS [a]
WHERE [a].[NormalizedName] = @__normalizedName_0
2024-08-13 16:37:09.051 +05:30  INF  Executed DbCommand (2ms) [Parameters=[@__normalizedName_0='?' (Size = 256)], CommandType='"Text"', CommandTimeout='30']
SELECT TOP(1) [a].[Id], [a].[ConcurrencyStamp], [a].[Name], [a].[NormalizedName]
FROM [AspNetRoles] AS [a]
WHERE [a].[NormalizedName] = @__normalizedName_0
2024-08-13 16:37:09.054 +05:30  INF  Executed DbCommand (0ms) [Parameters=[@__normalizedName_0='?' (Size = 256)], CommandType='"Text"', CommandTimeout='30']
SELECT TOP(1) [a].[Id], [a].[ConcurrencyStamp], [a].[Name], [a].[NormalizedName]
FROM [AspNetRoles] AS [a]
WHERE [a].[NormalizedName] = @__normalizedName_0
2024-08-13 16:37:09.068 +05:30  INF  Executed DbCommand (2ms) [Parameters=[@__normalizedEmail_0='?' (Size = 256)], CommandType='"Text"', CommandTimeout='30']
SELECT TOP(2) [a].[Id], [a].[AccessFailedCount], [a].[ConcurrencyStamp], [a].[CreatedAt], [a].[Email], [a].[EmailConfirmed], [a].[IsDeleted], [a].[IsVerified], [a].[LockoutEnabled], [a].[LockoutEnd], [a].[NormalizedEmail], [a].[NormalizedUserName], [a].[PasswordHash], [a].[PhoneNumber], [a].[PhoneNumberConfirmed], [a].[SecurityStamp], [a].[TwoFactorEnabled], [a].[UpdatedAt], [a].[UserName]
FROM [AspNetUsers] AS [a]
WHERE [a].[NormalizedEmail] = @__normalizedEmail_0
2024-08-13 16:37:09.114 +05:30  INF  Executed DbCommand (1ms) [Parameters=[@__normalizedEmail_0='?' (Size = 256)], CommandType='"Text"', CommandTimeout='30']
SELECT TOP(2) [a].[Id], [a].[AccessFailedCount], [a].[ConcurrencyStamp], [a].[CreatedAt], [a].[Email], [a].[EmailConfirmed], [a].[IsDeleted], [a].[IsVerified], [a].[LockoutEnabled], [a].[LockoutEnd], [a].[NormalizedEmail], [a].[NormalizedUserName], [a].[PasswordHash], [a].[PhoneNumber], [a].[PhoneNumberConfirmed], [a].[SecurityStamp], [a].[TwoFactorEnabled], [a].[UpdatedAt], [a].[UserName]
FROM [AspNetUsers] AS [a]
WHERE [a].[NormalizedEmail] = @__normalizedEmail_0
2024-08-13 16:37:09.117 +05:30  INF  Executed DbCommand (1ms) [Parameters=[@__normalizedEmail_0='?' (Size = 256)], CommandType='"Text"', CommandTimeout='30']
SELECT TOP(2) [a].[Id], [a].[AccessFailedCount], [a].[ConcurrencyStamp], [a].[CreatedAt], [a].[Email], [a].[EmailConfirmed], [a].[IsDeleted], [a].[IsVerified], [a].[LockoutEnabled], [a].[LockoutEnd], [a].[NormalizedEmail], [a].[NormalizedUserName], [a].[PasswordHash], [a].[PhoneNumber], [a].[PhoneNumberConfirmed], [a].[SecurityStamp], [a].[TwoFactorEnabled], [a].[UpdatedAt], [a].[UserName]
FROM [AspNetUsers] AS [a]
WHERE [a].[NormalizedEmail] = @__normalizedEmail_0
2024-08-13 16:37:09.381 +05:30  INF  Now listening on: https://localhost:7113
2024-08-13 16:37:09.382 +05:30  INF  Now listening on: http://localhost:5081
2024-08-13 16:37:09.385 +05:30  INF  Application started. Press Ctrl+C to shut down.
2024-08-13 16:37:09.385 +05:30  INF  Hosting environment: Development
2024-08-13 16:37:09.386 +05:30  INF  Content root path: C:\Users\arjun.hariprasad\source\.NET\Ecommerce\EcommerceSolution\CodeBase\Src\Presentation\Web.Ecommerce
2024-08-13 16:37:10.587 +05:30  INF  Request starting HTTP/2 GET https://localhost:7113/swagger/index.html - null null
2024-08-13 16:37:10.995 +05:30  INF  Request finished HTTP/2 GET https://localhost:7113/swagger/index.html - 200 null text/html;charset=utf-8 417.5954ms
2024-08-13 16:37:11.019 +05:30  INF  Request starting HTTP/2 GET https://localhost:7113/_framework/aspnetcore-browser-refresh.js - null null
2024-08-13 16:37:11.019 +05:30  INF  Request starting HTTP/2 GET https://localhost:7113/swagger/index.js - null null
2024-08-13 16:37:11.020 +05:30  INF  Request starting HTTP/2 GET https://localhost:7113/_vs/browserLink - null null
2024-08-13 16:37:11.027 +05:30  INF  Request finished HTTP/2 GET https://localhost:7113/swagger/index.js - 200 null application/javascript;charset=utf-8 7.4894ms
2024-08-13 16:37:11.037 +05:30  INF  Request finished HTTP/2 GET https://localhost:7113/_framework/aspnetcore-browser-refresh.js - 200 13762 application/javascript; charset=utf-8 17.4173ms
2024-08-13 16:37:11.093 +05:30  INF  Request finished HTTP/2 GET https://localhost:7113/_vs/browserLink - 200 null text/javascript; charset=UTF-8 74.0025ms
2024-08-13 16:37:11.146 +05:30  INF  Request starting HTTP/2 GET https://localhost:7113/swagger/v1/swagger.json - null null
2024-08-13 16:37:11.294 +05:30  INF  Request finished HTTP/2 GET https://localhost:7113/swagger/v1/swagger.json - 200 null application/json;charset=utf-8 148.4168ms
2024-08-13 18:16:58.359 +05:30  INF  User profile is available. Using 'C:\Users\arjun.hariprasad\AppData\Local\ASP.NET\DataProtection-Keys' as key repository and Windows DPAPI to encrypt keys at rest.
2024-08-13 18:16:59.723 +05:30  INF  Executed DbCommand (45ms) [Parameters=[@__normalizedName_0='?' (Size = 256)], CommandType='"Text"', CommandTimeout='30']
SELECT TOP(1) [a].[Id], [a].[ConcurrencyStamp], [a].[Name], [a].[NormalizedName]
FROM [AspNetRoles] AS [a]
WHERE [a].[NormalizedName] = @__normalizedName_0
2024-08-13 18:16:59.795 +05:30  INF  Executed DbCommand (3ms) [Parameters=[@__normalizedName_0='?' (Size = 256)], CommandType='"Text"', CommandTimeout='30']
SELECT TOP(1) [a].[Id], [a].[ConcurrencyStamp], [a].[Name], [a].[NormalizedName]
FROM [AspNetRoles] AS [a]
WHERE [a].[NormalizedName] = @__normalizedName_0
2024-08-13 18:16:59.798 +05:30  INF  Executed DbCommand (1ms) [Parameters=[@__normalizedName_0='?' (Size = 256)], CommandType='"Text"', CommandTimeout='30']
SELECT TOP(1) [a].[Id], [a].[ConcurrencyStamp], [a].[Name], [a].[NormalizedName]
FROM [AspNetRoles] AS [a]
WHERE [a].[NormalizedName] = @__normalizedName_0
2024-08-13 18:16:59.815 +05:30  INF  Executed DbCommand (4ms) [Parameters=[@__normalizedEmail_0='?' (Size = 256)], CommandType='"Text"', CommandTimeout='30']
SELECT TOP(2) [a].[Id], [a].[AccessFailedCount], [a].[ConcurrencyStamp], [a].[CreatedAt], [a].[Email], [a].[EmailConfirmed], [a].[IsDeleted], [a].[IsVerified], [a].[LockoutEnabled], [a].[LockoutEnd], [a].[NormalizedEmail], [a].[NormalizedUserName], [a].[PasswordHash], [a].[PhoneNumber], [a].[PhoneNumberConfirmed], [a].[SecurityStamp], [a].[TwoFactorEnabled], [a].[UpdatedAt], [a].[UserName]
FROM [AspNetUsers] AS [a]
WHERE [a].[NormalizedEmail] = @__normalizedEmail_0
2024-08-13 18:16:59.867 +05:30  INF  Executed DbCommand (2ms) [Parameters=[@__normalizedEmail_0='?' (Size = 256)], CommandType='"Text"', CommandTimeout='30']
SELECT TOP(2) [a].[Id], [a].[AccessFailedCount], [a].[ConcurrencyStamp], [a].[CreatedAt], [a].[Email], [a].[EmailConfirmed], [a].[IsDeleted], [a].[IsVerified], [a].[LockoutEnabled], [a].[LockoutEnd], [a].[NormalizedEmail], [a].[NormalizedUserName], [a].[PasswordHash], [a].[PhoneNumber], [a].[PhoneNumberConfirmed], [a].[SecurityStamp], [a].[TwoFactorEnabled], [a].[UpdatedAt], [a].[UserName]
FROM [AspNetUsers] AS [a]
WHERE [a].[NormalizedEmail] = @__normalizedEmail_0
2024-08-13 18:16:59.870 +05:30  INF  Executed DbCommand (0ms) [Parameters=[@__normalizedEmail_0='?' (Size = 256)], CommandType='"Text"', CommandTimeout='30']
SELECT TOP(2) [a].[Id], [a].[AccessFailedCount], [a].[ConcurrencyStamp], [a].[CreatedAt], [a].[Email], [a].[EmailConfirmed], [a].[IsDeleted], [a].[IsVerified], [a].[LockoutEnabled], [a].[LockoutEnd], [a].[NormalizedEmail], [a].[NormalizedUserName], [a].[PasswordHash], [a].[PhoneNumber], [a].[PhoneNumberConfirmed], [a].[SecurityStamp], [a].[TwoFactorEnabled], [a].[UpdatedAt], [a].[UserName]
FROM [AspNetUsers] AS [a]
WHERE [a].[NormalizedEmail] = @__normalizedEmail_0
2024-08-13 18:17:00.120 +05:30  INF  Now listening on: https://localhost:7113
2024-08-13 18:17:00.122 +05:30  INF  Now listening on: http://localhost:5081
2024-08-13 18:17:00.125 +05:30  INF  Application started. Press Ctrl+C to shut down.
2024-08-13 18:17:00.126 +05:30  INF  Hosting environment: Development
2024-08-13 18:17:00.126 +05:30  INF  Content root path: C:\Users\arjun.hariprasad\source\.NET\Ecommerce\EcommerceSolution\CodeBase\Src\Presentation\Web.Ecommerce
2024-08-13 18:17:01.245 +05:30  INF  Request starting HTTP/2 GET https://localhost:7113/swagger/index.html - null null
2024-08-13 18:17:01.582 +05:30  INF  Request finished HTTP/2 GET https://localhost:7113/swagger/index.html - 200 null text/html;charset=utf-8 344.2183ms
2024-08-13 18:17:01.599 +05:30  INF  Request starting HTTP/2 GET https://localhost:7113/_vs/browserLink - null null
2024-08-13 18:17:01.599 +05:30  INF  Request starting HTTP/2 GET https://localhost:7113/swagger/index.js - null null
2024-08-13 18:17:01.600 +05:30  INF  Request starting HTTP/2 GET https://localhost:7113/_framework/aspnetcore-browser-refresh.js - null null
2024-08-13 18:17:01.615 +05:30  INF  Request finished HTTP/2 GET https://localhost:7113/swagger/index.js - 200 null application/javascript;charset=utf-8 15.9867ms
2024-08-13 18:17:01.627 +05:30  INF  Request finished HTTP/2 GET https://localhost:7113/_framework/aspnetcore-browser-refresh.js - 200 13762 application/javascript; charset=utf-8 27.542ms
2024-08-13 18:17:01.655 +05:30  INF  Request finished HTTP/2 GET https://localhost:7113/_vs/browserLink - 200 null text/javascript; charset=UTF-8 56.0829ms
2024-08-13 18:17:01.700 +05:30  INF  Request starting HTTP/2 GET https://localhost:7113/swagger/v1/swagger.json - null null
2024-08-13 18:17:01.817 +05:30  INF  Request finished HTTP/2 GET https://localhost:7113/swagger/v1/swagger.json - 200 null application/json;charset=utf-8 117.4725ms
2024-08-13 18:17:13.477 +05:30  INF  Request starting HTTP/2 GET https://localhost:7113/api/Product - null null
2024-08-13 18:17:13.488 +05:30  INF  Executing endpoint 'Web.Ecommerce.Controllers.Account.ProductController.GetAllProducts (Web.Ecommerce)'
2024-08-13 18:17:13.510 +05:30  INF  Route matched with {action = "GetAllProducts", controller = "Product"}. Executing controller action with signature System.Threading.Tasks.Task`1[Microsoft.AspNetCore.Mvc.IActionResult] GetAllProducts() on controller Web.Ecommerce.Controllers.Account.ProductController (Web.Ecommerce).
2024-08-13 18:17:13.587 +05:30  INF  Executed DbCommand (8ms) [Parameters=[], CommandType='"Text"', CommandTimeout='30']
SELECT [p].[ProductId], [p].[Name], [p].[Description], [p].[Category], [p].[Price], [p].[Quantity], [p].[SellerId]
FROM [Products] AS [p]
2024-08-13 18:17:13.600 +05:30  INF  Executing OkObjectResult, writing value of type 'System.Collections.Generic.List`1[[Application.Ecom.Dtos.ProductDto, Application.Ecom, Version=1.0.0.0, Culture=neutral, PublicKeyToken=null]]'.
2024-08-13 18:17:13.632 +05:30  INF  Executed action Web.Ecommerce.Controllers.Account.ProductController.GetAllProducts (Web.Ecommerce) in 116.2249ms
2024-08-13 18:17:13.635 +05:30  INF  Executed endpoint 'Web.Ecommerce.Controllers.Account.ProductController.GetAllProducts (Web.Ecommerce)'
2024-08-13 18:17:13.641 +05:30  INF  Request finished HTTP/2 GET https://localhost:7113/api/Product - 200 null application/json; charset=utf-8 163.815ms
2024-08-13 18:17:38.534 +05:30  INF  Request starting HTTP/2 POST https://localhost:7113/api/Cart/add - application/json 130
2024-08-13 18:17:38.539 +05:30  INF  Executing endpoint 'Web.Ecommerce.Controllers.Account.CartController.AddCartItem (Web.Ecommerce)'
2024-08-13 18:17:38.550 +05:30  INF  Route matched with {action = "AddCartItem", controller = "Cart"}. Executing controller action with signature System.Threading.Tasks.Task`1[Microsoft.AspNetCore.Mvc.IActionResult] AddCartItem(Application.Ecom.CartOperations.Commands.AddCartItem.AddCartItemCommand) on controller Web.Ecommerce.Controllers.Account.CartController (Web.Ecommerce).
2024-08-13 18:17:38.689 +05:30  INF  Executed DbCommand (6ms) [Parameters=[@__request_CustomerId_0='?' (DbType = Guid)], CommandType='"Text"', CommandTimeout='30']
SELECT [t].[CartId], [t].[CreatedAt], [t].[CustomerId], [t].[UpdatedAt], [c0].[CartItemId], [c0].[CartId], [c0].[CreatedAt], [c0].[ProductId], [c0].[Quantity], [c0].[UpdatedAt]
FROM (
    SELECT TOP(2) [c].[CartId], [c].[CreatedAt], [c].[CustomerId], [c].[UpdatedAt]
    FROM [Carts] AS [c]
    WHERE [c].[CustomerId] = @__request_CustomerId_0
) AS [t]
LEFT JOIN [CartItems] AS [c0] ON [t].[CartId] = [c0].[CartId]
ORDER BY [t].[CartId]
2024-08-13 18:17:38.694 +05:30  INF  Executing BadRequestObjectResult, writing value of type 'System.String'.
2024-08-13 18:17:38.695 +05:30  INF  Executed action Web.Ecommerce.Controllers.Account.CartController.AddCartItem (Web.Ecommerce) in 141.3188ms
2024-08-13 18:17:38.696 +05:30  INF  Executed endpoint 'Web.Ecommerce.Controllers.Account.CartController.AddCartItem (Web.Ecommerce)'
2024-08-13 18:17:38.697 +05:30  INF  Request finished HTTP/2 POST https://localhost:7113/api/Cart/add - 400 null text/plain; charset=utf-8 163.1069ms
