2024-09-24 11:03:54.315 +05:30  DBG  Registered model binder providers, in the following order: ["Microsoft.AspNetCore.Mvc.ModelBinding.Binders.BinderTypeModelBinderProvider","Microsoft.AspNetCore.Mvc.ModelBinding.Binders.ServicesModelBinderProvider","Microsoft.AspNetCore.Mvc.ModelBinding.Binders.BodyModelBinderProvider","Microsoft.AspNetCore.Mvc.ModelBinding.Binders.HeaderModelBinderProvider","Microsoft.AspNetCore.Mvc.ModelBinding.Binders.FloatingPointTypeModelBinderProvider","Microsoft.AspNetCore.Mvc.ModelBinding.Binders.EnumTypeModelBinderProvider","Microsoft.AspNetCore.Mvc.ModelBinding.Binders.DateTimeModelBinderProvider","Microsoft.AspNetCore.Mvc.ModelBinding.Binders.SimpleTypeModelBinderProvider","Microsoft.AspNetCore.Mvc.ModelBinding.Binders.TryParseModelBinderProvider","Microsoft.AspNetCore.Mvc.ModelBinding.Binders.CancellationTokenModelBinderProvider","Microsoft.AspNetCore.Mvc.ModelBinding.Binders.ByteArrayModelBinderProvider","Microsoft.AspNetCore.Mvc.ModelBinding.Binders.FormFileModelBinderProvider","Microsoft.AspNetCore.Mvc.ModelBinding.Binders.FormCollectionModelBinderProvider","Microsoft.AspNetCore.Mvc.ModelBinding.Binders.KeyValuePairModelBinderProvider","Microsoft.AspNetCore.Mvc.ModelBinding.Binders.DictionaryModelBinderProvider","Microsoft.AspNetCore.Mvc.ModelBinding.Binders.ArrayModelBinderProvider","Microsoft.AspNetCore.Mvc.ModelBinding.Binders.CollectionModelBinderProvider","Microsoft.AspNetCore.Mvc.ModelBinding.Binders.ComplexObjectModelBinderProvider"]
2024-09-24 11:03:54.681 +05:30  DBG  An 'IServiceProvider' was created for internal use by Entity Framework.
2024-09-24 11:03:54.828 +05:30  INF  User profile is available. Using 'C:\Users\arjun.hariprasad\AppData\Local\ASP.NET\DataProtection-Keys' as key repository and Windows DPAPI to encrypt keys at rest.
2024-09-24 11:03:55.175 +05:30  WRN  Navigations 'Order.Payments' and 'Payment.Order' were separated into two relationships since the [ForeignKey] attribute was specified on navigations on both sides.
2024-09-24 11:03:55.180 +05:30  WRN  Navigations 'Order.Return' and 'Return.Order' were separated into two relationships since the [ForeignKey] attribute was specified on navigations on both sides.
2024-09-24 11:03:55.185 +05:30  WRN  Navigations 'Payment.Return' and 'Return.Payment' were separated into two relationships since the [ForeignKey] attribute was specified on navigations on both sides.
2024-09-24 11:03:55.260 +05:30  WRN  Navigations 'Order.Payments' and 'Payment.Order' were separated into two relationships since the [ForeignKey] attribute was specified on navigations on both sides.
2024-09-24 11:03:55.263 +05:30  WRN  Navigations 'Payment.Order' and 'Order.Payments' were separated into two relationships since the [ForeignKey] attribute was specified on navigations on both sides.
2024-09-24 11:03:55.266 +05:30  WRN  Navigations 'Payment.Order' and 'Order.Payments' were separated into two relationships since the [ForeignKey] attribute was specified on navigations on both sides.
2024-09-24 11:03:55.268 +05:30  WRN  Navigations 'Payment.Order' and 'Order.Payments' were separated into two relationships since the [ForeignKey] attribute was specified on navigations on both sides.
2024-09-24 11:03:55.271 +05:30  WRN  Navigations 'Order.Return' and 'Return.Order' were separated into two relationships since the [ForeignKey] attribute was specified on navigations on both sides.
2024-09-24 11:03:55.273 +05:30  WRN  Navigations 'Return.Order' and 'Order.Return' were separated into two relationships since the [ForeignKey] attribute was specified on navigations on both sides.
2024-09-24 11:03:55.275 +05:30  WRN  Navigations 'Return.Order' and 'Order.Return' were separated into two relationships since the [ForeignKey] attribute was specified on navigations on both sides.
2024-09-24 11:03:55.276 +05:30  WRN  Navigations 'Return.Order' and 'Order.Return' were separated into two relationships since the [ForeignKey] attribute was specified on navigations on both sides.
2024-09-24 11:03:55.295 +05:30  DBG  The index {'UserId'} was not created on entity type 'IdentityUserRole<Guid>' as the properties are already covered by the index {'UserId', 'RoleId'}.
2024-09-24 11:03:55.297 +05:30  DBG  The index {'UserId'} was not created on entity type 'IdentityUserToken<Guid>' as the properties are already covered by the index {'UserId', 'LoginProvider', 'Name'}.
2024-09-24 11:03:55.422 +05:30  DBG  The property 'Product.UserId' was created in shadow state because there are no eligible CLR members with a matching name.
2024-09-24 11:03:55.556 +05:30  DBG  Entity Framework Core 8.0.8 initialized 'EcommerceDbContext' using provider 'Microsoft.EntityFrameworkCore.SqlServer:8.0.8' with options: None
2024-09-24 11:03:55.655 +05:30  DBG  Compiling query expression: 
'DbSet<IdentityRole<Guid>>()
    .FirstOrDefault(r => r.NormalizedName == __normalizedName_0)'
2024-09-24 11:03:55.802 +05:30  DBG  Generated query execution expression: 
'queryContext => ShapedQueryCompilingExpressionVisitor.SingleOrDefaultAsync<IdentityRole<Guid>>(
    asyncEnumerable: new SingleQueryingEnumerable<IdentityRole<Guid>>(
        (RelationalQueryContext)queryContext, 
        RelationalCommandCache.QueryExpression(
            Projection Mapping:
                EmptyProjectionMember -> Dictionary<IProperty, int> { [Property: IdentityRole<Guid>.Id (Guid) Required PK AfterSave:Throw ValueGenerated.OnAdd, 0], [Property: IdentityRole<Guid>.ConcurrencyStamp (string) Concurrency, 1], [Property: IdentityRole<Guid>.Name (string) MaxLength(256), 2], [Property: IdentityRole<Guid>.NormalizedName (string) Index MaxLength(256), 3] }
            SELECT TOP(1) a.Id, a.ConcurrencyStamp, a.Name, a.NormalizedName
            FROM AspNetRoles AS a
            WHERE a.NormalizedName == @__normalizedName_0), 
        null, 
        Func<QueryContext, DbDataReader, ResultContext, SingleQueryResultCoordinator, IdentityRole<Guid>>, 
        Persistance.EcommerceDbContext, 
        False, 
        False, 
        True
    ), 
    cancellationToken: queryContext.CancellationToken)'
2024-09-24 11:03:55.846 +05:30  DBG  Creating DbConnection.
2024-09-24 11:03:55.871 +05:30  DBG  Created DbConnection. (23ms).
2024-09-24 11:03:55.875 +05:30  DBG  Opening connection to database 'Ecommerce' on server 'FGS-DSK-230\MSSQLSERVER2019'.
2024-09-24 11:03:56.161 +05:30  DBG  Opened connection to database 'Ecommerce' on server 'FGS-DSK-230\MSSQLSERVER2019'.
2024-09-24 11:03:56.165 +05:30  DBG  Creating DbCommand for 'ExecuteReader'.
2024-09-24 11:03:56.177 +05:30  DBG  Created DbCommand for 'ExecuteReader' (8ms).
2024-09-24 11:03:56.187 +05:30  DBG  Initialized DbCommand for 'ExecuteReader' (21ms).
2024-09-24 11:03:56.195 +05:30  DBG  Executing DbCommand [Parameters=[@__normalizedName_0='?' (Size = 256)], CommandType='"Text"', CommandTimeout='30']
SELECT TOP(1) [a].[Id], [a].[ConcurrencyStamp], [a].[Name], [a].[NormalizedName]
FROM [AspNetRoles] AS [a]
WHERE [a].[NormalizedName] = @__normalizedName_0
2024-09-24 11:03:56.278 +05:30  INF  Executed DbCommand (82ms) [Parameters=[@__normalizedName_0='?' (Size = 256)], CommandType='"Text"', CommandTimeout='30']
SELECT TOP(1) [a].[Id], [a].[ConcurrencyStamp], [a].[Name], [a].[NormalizedName]
FROM [AspNetRoles] AS [a]
WHERE [a].[NormalizedName] = @__normalizedName_0
2024-09-24 11:03:56.316 +05:30  DBG  Context 'EcommerceDbContext' started tracking 'IdentityRole' entity. Consider using 'DbContextOptionsBuilder.EnableSensitiveDataLogging' to see key values.
2024-09-24 11:03:56.332 +05:30  DBG  Closing data reader to 'Ecommerce' on server 'FGS-DSK-230\MSSQLSERVER2019'.
2024-09-24 11:03:56.340 +05:30  DBG  A data reader for 'Ecommerce' on server 'FGS-DSK-230\MSSQLSERVER2019' is being disposed after spending 54ms reading results.
2024-09-24 11:03:56.346 +05:30  DBG  Closing connection to database 'Ecommerce' on server 'FGS-DSK-230\MSSQLSERVER2019'.
2024-09-24 11:03:56.352 +05:30  DBG  Closed connection to database 'Ecommerce' on server 'FGS-DSK-230\MSSQLSERVER2019' (6ms).
2024-09-24 11:03:56.357 +05:30  DBG  Opening connection to database 'Ecommerce' on server 'FGS-DSK-230\MSSQLSERVER2019'.
2024-09-24 11:03:56.360 +05:30  DBG  Opened connection to database 'Ecommerce' on server 'FGS-DSK-230\MSSQLSERVER2019'.
2024-09-24 11:03:56.361 +05:30  DBG  Creating DbCommand for 'ExecuteReader'.
2024-09-24 11:03:56.362 +05:30  DBG  Created DbCommand for 'ExecuteReader' (0ms).
2024-09-24 11:03:56.363 +05:30  DBG  Initialized DbCommand for 'ExecuteReader' (1ms).
2024-09-24 11:03:56.364 +05:30  DBG  Executing DbCommand [Parameters=[@__normalizedName_0='?' (Size = 256)], CommandType='"Text"', CommandTimeout='30']
SELECT TOP(1) [a].[Id], [a].[ConcurrencyStamp], [a].[Name], [a].[NormalizedName]
FROM [AspNetRoles] AS [a]
WHERE [a].[NormalizedName] = @__normalizedName_0
2024-09-24 11:03:56.368 +05:30  INF  Executed DbCommand (4ms) [Parameters=[@__normalizedName_0='?' (Size = 256)], CommandType='"Text"', CommandTimeout='30']
SELECT TOP(1) [a].[Id], [a].[ConcurrencyStamp], [a].[Name], [a].[NormalizedName]
FROM [AspNetRoles] AS [a]
WHERE [a].[NormalizedName] = @__normalizedName_0
2024-09-24 11:03:56.372 +05:30  DBG  Context 'EcommerceDbContext' started tracking 'IdentityRole' entity. Consider using 'DbContextOptionsBuilder.EnableSensitiveDataLogging' to see key values.
2024-09-24 11:03:56.373 +05:30  DBG  Closing data reader to 'Ecommerce' on server 'FGS-DSK-230\MSSQLSERVER2019'.
2024-09-24 11:03:56.374 +05:30  DBG  A data reader for 'Ecommerce' on server 'FGS-DSK-230\MSSQLSERVER2019' is being disposed after spending 2ms reading results.
2024-09-24 11:03:56.375 +05:30  DBG  Closing connection to database 'Ecommerce' on server 'FGS-DSK-230\MSSQLSERVER2019'.
2024-09-24 11:03:56.376 +05:30  DBG  Closed connection to database 'Ecommerce' on server 'FGS-DSK-230\MSSQLSERVER2019' (1ms).
2024-09-24 11:03:56.378 +05:30  DBG  Opening connection to database 'Ecommerce' on server 'FGS-DSK-230\MSSQLSERVER2019'.
2024-09-24 11:03:56.378 +05:30  DBG  Opened connection to database 'Ecommerce' on server 'FGS-DSK-230\MSSQLSERVER2019'.
2024-09-24 11:03:56.379 +05:30  DBG  Creating DbCommand for 'ExecuteReader'.
2024-09-24 11:03:56.380 +05:30  DBG  Created DbCommand for 'ExecuteReader' (0ms).
2024-09-24 11:03:56.381 +05:30  DBG  Initialized DbCommand for 'ExecuteReader' (1ms).
2024-09-24 11:03:56.382 +05:30  DBG  Executing DbCommand [Parameters=[@__normalizedName_0='?' (Size = 256)], CommandType='"Text"', CommandTimeout='30']
SELECT TOP(1) [a].[Id], [a].[ConcurrencyStamp], [a].[Name], [a].[NormalizedName]
FROM [AspNetRoles] AS [a]
WHERE [a].[NormalizedName] = @__normalizedName_0
2024-09-24 11:03:56.385 +05:30  INF  Executed DbCommand (2ms) [Parameters=[@__normalizedName_0='?' (Size = 256)], CommandType='"Text"', CommandTimeout='30']
SELECT TOP(1) [a].[Id], [a].[ConcurrencyStamp], [a].[Name], [a].[NormalizedName]
FROM [AspNetRoles] AS [a]
WHERE [a].[NormalizedName] = @__normalizedName_0
2024-09-24 11:03:56.387 +05:30  DBG  Context 'EcommerceDbContext' started tracking 'IdentityRole' entity. Consider using 'DbContextOptionsBuilder.EnableSensitiveDataLogging' to see key values.
2024-09-24 11:03:56.388 +05:30  DBG  Closing data reader to 'Ecommerce' on server 'FGS-DSK-230\MSSQLSERVER2019'.
2024-09-24 11:03:56.389 +05:30  DBG  A data reader for 'Ecommerce' on server 'FGS-DSK-230\MSSQLSERVER2019' is being disposed after spending 2ms reading results.
2024-09-24 11:03:56.391 +05:30  DBG  Closing connection to database 'Ecommerce' on server 'FGS-DSK-230\MSSQLSERVER2019'.
2024-09-24 11:03:56.392 +05:30  DBG  Closed connection to database 'Ecommerce' on server 'FGS-DSK-230\MSSQLSERVER2019' (1ms).
2024-09-24 11:03:56.398 +05:30  DBG  Compiling query expression: 
'DbSet<User>()
    .SingleOrDefault(u => u.NormalizedEmail == __normalizedEmail_0)'
2024-09-24 11:03:56.406 +05:30  DBG  Generated query execution expression: 
'queryContext => ShapedQueryCompilingExpressionVisitor.SingleOrDefaultAsync<User>(
    asyncEnumerable: new SingleQueryingEnumerable<User>(
        (RelationalQueryContext)queryContext, 
        RelationalCommandCache.QueryExpression(
            Projection Mapping:
                EmptyProjectionMember -> Dictionary<IProperty, int> { [Property: User.Id (Guid) Required PK AfterSave:Throw ValueGenerated.OnAdd, 0], [Property: User.AccessFailedCount (int) Required, 1], [Property: User.ConcurrencyStamp (string) Concurrency, 2], [Property: User.CreatedAt (DateTime) Required, 3], [Property: User.Email (string) MaxLength(256), 4], [Property: User.EmailConfirmed (bool) Required, 5], [Property: User.IsDeleted (bool) Required, 6], [Property: User.IsVerified (bool) Required, 7], [Property: User.LockoutEnabled (bool) Required, 8], [Property: User.LockoutEnd (DateTimeOffset?), 9], [Property: User.NormalizedEmail (string) Index MaxLength(256), 10], [Property: User.NormalizedUserName (string) Index MaxLength(256), 11], [Property: User.PasswordHash (string), 12], [Property: User.PhoneNumber (string), 13], [Property: User.PhoneNumberConfirmed (bool) Required, 14], [Property: User.SecurityStamp (string), 15], [Property: User.TwoFactorEnabled (bool) Required, 16], [Property: User.UpdatedAt (DateTime) Required, 17], [Property: User.UserName (string) MaxLength(256), 18] }
            SELECT TOP(2) a.Id, a.AccessFailedCount, a.ConcurrencyStamp, a.CreatedAt, a.Email, a.EmailConfirmed, a.IsDeleted, a.IsVerified, a.LockoutEnabled, a.LockoutEnd, a.NormalizedEmail, a.NormalizedUserName, a.PasswordHash, a.PhoneNumber, a.PhoneNumberConfirmed, a.SecurityStamp, a.TwoFactorEnabled, a.UpdatedAt, a.UserName
            FROM AspNetUsers AS a
            WHERE a.NormalizedEmail == @__normalizedEmail_0), 
        null, 
        Func<QueryContext, DbDataReader, ResultContext, SingleQueryResultCoordinator, User>, 
        Persistance.EcommerceDbContext, 
        False, 
        False, 
        True
    ), 
    cancellationToken: queryContext.CancellationToken)'
2024-09-24 11:03:56.410 +05:30  DBG  Opening connection to database 'Ecommerce' on server 'FGS-DSK-230\MSSQLSERVER2019'.
2024-09-24 11:03:56.411 +05:30  DBG  Opened connection to database 'Ecommerce' on server 'FGS-DSK-230\MSSQLSERVER2019'.
2024-09-24 11:03:56.412 +05:30  DBG  Creating DbCommand for 'ExecuteReader'.
2024-09-24 11:03:56.413 +05:30  DBG  Created DbCommand for 'ExecuteReader' (0ms).
2024-09-24 11:03:56.414 +05:30  DBG  Initialized DbCommand for 'ExecuteReader' (1ms).
2024-09-24 11:03:56.415 +05:30  DBG  Executing DbCommand [Parameters=[@__normalizedEmail_0='?' (Size = 256)], CommandType='"Text"', CommandTimeout='30']
SELECT TOP(2) [a].[Id], [a].[AccessFailedCount], [a].[ConcurrencyStamp], [a].[CreatedAt], [a].[Email], [a].[EmailConfirmed], [a].[IsDeleted], [a].[IsVerified], [a].[LockoutEnabled], [a].[LockoutEnd], [a].[NormalizedEmail], [a].[NormalizedUserName], [a].[PasswordHash], [a].[PhoneNumber], [a].[PhoneNumberConfirmed], [a].[SecurityStamp], [a].[TwoFactorEnabled], [a].[UpdatedAt], [a].[UserName]
FROM [AspNetUsers] AS [a]
WHERE [a].[NormalizedEmail] = @__normalizedEmail_0
2024-09-24 11:03:56.422 +05:30  INF  Executed DbCommand (7ms) [Parameters=[@__normalizedEmail_0='?' (Size = 256)], CommandType='"Text"', CommandTimeout='30']
SELECT TOP(2) [a].[Id], [a].[AccessFailedCount], [a].[ConcurrencyStamp], [a].[CreatedAt], [a].[Email], [a].[EmailConfirmed], [a].[IsDeleted], [a].[IsVerified], [a].[LockoutEnabled], [a].[LockoutEnd], [a].[NormalizedEmail], [a].[NormalizedUserName], [a].[PasswordHash], [a].[PhoneNumber], [a].[PhoneNumberConfirmed], [a].[SecurityStamp], [a].[TwoFactorEnabled], [a].[UpdatedAt], [a].[UserName]
FROM [AspNetUsers] AS [a]
WHERE [a].[NormalizedEmail] = @__normalizedEmail_0
2024-09-24 11:03:56.441 +05:30  DBG  Context 'EcommerceDbContext' started tracking 'User' entity. Consider using 'DbContextOptionsBuilder.EnableSensitiveDataLogging' to see key values.
2024-09-24 11:03:56.469 +05:30  DBG  Closing data reader to 'Ecommerce' on server 'FGS-DSK-230\MSSQLSERVER2019'.
2024-09-24 11:03:56.471 +05:30  DBG  A data reader for 'Ecommerce' on server 'FGS-DSK-230\MSSQLSERVER2019' is being disposed after spending 45ms reading results.
2024-09-24 11:03:56.474 +05:30  DBG  Closing connection to database 'Ecommerce' on server 'FGS-DSK-230\MSSQLSERVER2019'.
2024-09-24 11:03:56.475 +05:30  DBG  Closed connection to database 'Ecommerce' on server 'FGS-DSK-230\MSSQLSERVER2019' (1ms).
2024-09-24 11:03:56.479 +05:30  DBG  'EcommerceDbContext' disposed.
2024-09-24 11:03:56.481 +05:30  DBG  Disposing connection to database 'Ecommerce' on server 'FGS-DSK-230\MSSQLSERVER2019'.
2024-09-24 11:03:56.482 +05:30  DBG  Disposed connection to database '' on server '' (1ms).
2024-09-24 11:03:56.486 +05:30  DBG  Hosting starting
2024-09-24 11:03:56.494 +05:30  DBG  Reading data from file 'C:\Users\arjun.hariprasad\AppData\Local\ASP.NET\DataProtection-Keys\key-36f6fa2d-df91-4e24-9271-a530e4737995.xml'.
2024-09-24 11:03:56.570 +05:30  DBG  Found key {36f6fa2d-df91-4e24-9271-a530e4737995}.
2024-09-24 11:03:56.581 +05:30  DBG  Considering key {36f6fa2d-df91-4e24-9271-a530e4737995} with expiration date 2024-10-20 08:26:28Z as default key.
2024-09-24 11:03:56.586 +05:30  DBG  Forwarded activator type request from Microsoft.AspNetCore.DataProtection.XmlEncryption.DpapiXmlDecryptor, Microsoft.AspNetCore.DataProtection, Version=8.0.0.0, Culture=neutral, PublicKeyToken=adb9793829ddae60 to Microsoft.AspNetCore.DataProtection.XmlEncryption.DpapiXmlDecryptor, Microsoft.AspNetCore.DataProtection, Culture=neutral, PublicKeyToken=adb9793829ddae60
2024-09-24 11:03:56.588 +05:30  DBG  Decrypting secret element using Windows DPAPI.
2024-09-24 11:03:56.590 +05:30  DBG  Forwarded activator type request from Microsoft.AspNetCore.DataProtection.AuthenticatedEncryption.ConfigurationModel.AuthenticatedEncryptorDescriptorDeserializer, Microsoft.AspNetCore.DataProtection, Version=8.0.0.0, Culture=neutral, PublicKeyToken=adb9793829ddae60 to Microsoft.AspNetCore.DataProtection.AuthenticatedEncryption.ConfigurationModel.AuthenticatedEncryptorDescriptorDeserializer, Microsoft.AspNetCore.DataProtection, Culture=neutral, PublicKeyToken=adb9793829ddae60
2024-09-24 11:03:56.592 +05:30  DBG  Opening CNG algorithm 'AES' from provider 'null' with chaining mode CBC.
2024-09-24 11:03:56.595 +05:30  DBG  Opening CNG algorithm 'SHA256' from provider 'null' with HMAC.
2024-09-24 11:03:56.599 +05:30  DBG  Using key {36f6fa2d-df91-4e24-9271-a530e4737995} as the default key.
2024-09-24 11:03:56.600 +05:30  DBG  Key ring with default key {36f6fa2d-df91-4e24-9271-a530e4737995} was loaded during application startup.
2024-09-24 11:03:56.822 +05:30  INF  Now listening on: https://localhost:7113
2024-09-24 11:03:56.823 +05:30  INF  Now listening on: http://localhost:5081
2024-09-24 11:03:56.823 +05:30  DBG  Loaded hosting startup assembly Web.Ecommerce
2024-09-24 11:03:56.824 +05:30  DBG  Loaded hosting startup assembly Microsoft.AspNetCore.Watch.BrowserRefresh
2024-09-24 11:03:56.825 +05:30  DBG  Loaded hosting startup assembly Microsoft.WebTools.BrowserLink.Net
2024-09-24 11:03:56.826 +05:30  INF  Application started. Press Ctrl+C to shut down.
2024-09-24 11:03:56.826 +05:30  INF  Hosting environment: Development
2024-09-24 11:03:56.827 +05:30  INF  Content root path: C:\Users\arjun.hariprasad\source\.NET\Ecommerce\EcommerceSolution\CodeBase\Src\Presentation\Web.Ecommerce
2024-09-24 11:03:56.828 +05:30  DBG  Hosting started
2024-09-24 11:03:57.180 +05:30  DBG  Connection id "0HN6SB9U65VRE" received FIN.
2024-09-24 11:03:57.185 +05:30  DBG  Connection id "0HN6SB9U65VRE" accepted.
2024-09-24 11:03:57.187 +05:30  DBG  Connection id "0HN6SB9U65VRE" started.
2024-09-24 11:03:57.205 +05:30  DBG  Failed to authenticate HTTPS connection.System.IO.IOException: Received an unexpected EOF or 0 bytes from the transport stream.
   at System.Net.Security.SslStream.ReceiveHandshakeFrameAsync[TIOAdapter](CancellationToken cancellationToken)
   at System.Net.Security.SslStream.ForceAuthenticationAsync[TIOAdapter](Boolean receiveFirst, Byte[] reAuthenticationData, CancellationToken cancellationToken)
   at System.Net.Security.SslStream.ProcessAuthenticationWithTelemetryAsync(Boolean isAsync, CancellationToken cancellationToken)
   at Microsoft.AspNetCore.Server.Kestrel.Https.Internal.HttpsConnectionMiddleware.OnConnectionAsync(ConnectionContext context)

2024-09-24 11:03:57.220 +05:30  DBG  Connection id "0HN6SB9U65VRE" stopped.
2024-09-24 11:03:57.222 +05:30  DBG  Connection id "0HN6SB9U65VRE" sending FIN because: "The Socket transport's send loop completed gracefully."
2024-09-24 11:03:57.929 +05:30  DBG  Connection id "0HN6SB9U65VRF" accepted.
2024-09-24 11:03:57.934 +05:30  DBG  Connection id "0HN6SB9U65VRG" accepted.
2024-09-24 11:03:57.936 +05:30  DBG  Connection id "0HN6SB9U65VRF" started.
2024-09-24 11:03:57.938 +05:30  DBG  Connection id "0HN6SB9U65VRG" started.
2024-09-24 11:03:57.983 +05:30  DBG  Connection id "0HN6SB9U65VRG" received FIN.
2024-09-24 11:03:58.061 +05:30  DBG  Connection 0HN6SB9U65VRG established using the following protocol: "Tls12"
2024-09-24 11:03:58.061 +05:30  DBG  Connection 0HN6SB9U65VRF established using the following protocol: "Tls12"
2024-09-24 11:03:58.266 +05:30  DBG  Connection id "0HN6SB9U65VRG" is closed. The last processed stream ID was 0.
2024-09-24 11:03:58.268 +05:30  DBG  Connection id "0HN6SB9U65VRG" sending FIN because: "The Socket transport's send loop completed gracefully."
2024-09-24 11:03:58.270 +05:30  VRB  Connection id "0HN6SB9U65VRF" sending "SETTINGS" frame for stream ID 0 with length 24 and flags "NONE".
2024-09-24 11:03:58.271 +05:30  DBG  The connection queue processing loop for 0HN6SB9U65VRG completed.
2024-09-24 11:03:58.278 +05:30  VRB  Connection id "0HN6SB9U65VRF" sending "WINDOW_UPDATE" frame for stream ID 0 with length 4 and flags 0x0.
2024-09-24 11:03:58.279 +05:30  DBG  Connection id "0HN6SB9U65VRG" stopped.
2024-09-24 11:03:58.281 +05:30  VRB  Connection id "0HN6SB9U65VRF" received "SETTINGS" frame for stream ID 0 with length 24 and flags "NONE".
2024-09-24 11:03:58.284 +05:30  VRB  Connection id "0HN6SB9U65VRF" sending "SETTINGS" frame for stream ID 0 with length 0 and flags "ACK".
2024-09-24 11:03:58.286 +05:30  VRB  Connection id "0HN6SB9U65VRF" received "WINDOW_UPDATE" frame for stream ID 0 with length 4 and flags 0x0.
2024-09-24 11:03:58.287 +05:30  VRB  Connection id "0HN6SB9U65VRF" received "HEADERS" frame for stream ID 1 with length 469 and flags "END_STREAM, END_HEADERS, PRIORITY".
2024-09-24 11:03:58.310 +05:30  VRB  Connection id "0HN6SB9U65VRF" received "SETTINGS" frame for stream ID 0 with length 0 and flags "ACK".
2024-09-24 11:03:58.333 +05:30  INF  Request starting HTTP/2 GET https://localhost:7113/swagger/index.html - null null
2024-09-24 11:03:58.498 +05:30  DBG  Wildcard detected, all requests with hosts will be allowed.
2024-09-24 11:03:58.498 +05:30  VRB  All hosts are allowed.
2024-09-24 11:03:58.518 +05:30  DBG  No candidates found for the request path '/swagger/index.html'
2024-09-24 11:03:58.520 +05:30  DBG  Request did not match any endpoints
2024-09-24 11:03:58.617 +05:30  DBG  Response markup is scheduled to include Browser Link script injection.
2024-09-24 11:03:58.619 +05:30  DBG  Response markup is scheduled to include browser refresh script injection.
2024-09-24 11:03:58.622 +05:30  VRB  Connection id "0HN6SB9U65VRF" sending "HEADERS" frame for stream ID 1 with length 66 and flags "END_HEADERS".
2024-09-24 11:03:58.626 +05:30  VRB  Connection id "0HN6SB9U65VRF" sending "DATA" frame for stream ID 1 with length 698 and flags "NONE".
2024-09-24 11:03:58.627 +05:30  DBG  Response markup was updated to include Browser Link script injection.
2024-09-24 11:03:58.630 +05:30  VRB  Connection id "0HN6SB9U65VRF" sending "DATA" frame for stream ID 1 with length 438 and flags "NONE".
2024-09-24 11:03:58.631 +05:30  DBG  Response markup was updated to include browser refresh script injection.
2024-09-24 11:03:58.635 +05:30  VRB  Connection id "0HN6SB9U65VRF" sending "DATA" frame for stream ID 1 with length 0 and flags "END_STREAM".
2024-09-24 11:03:58.637 +05:30  INF  Request finished HTTP/2 GET https://localhost:7113/swagger/index.html - 200 null text/html;charset=utf-8 314.5855ms
2024-09-24 11:03:58.646 +05:30  VRB  Connection id "0HN6SB9U65VRF" received "HEADERS" frame for stream ID 3 with length 115 and flags "END_STREAM, END_HEADERS, PRIORITY".
2024-09-24 11:03:58.650 +05:30  VRB  Connection id "0HN6SB9U65VRF" received "HEADERS" frame for stream ID 5 with length 35 and flags "END_STREAM, END_HEADERS, PRIORITY".
2024-09-24 11:03:58.651 +05:30  INF  Request starting HTTP/2 GET https://localhost:7113/_framework/aspnetcore-browser-refresh.js - null null
2024-09-24 11:03:58.654 +05:30  VRB  Connection id "0HN6SB9U65VRF" received "HEADERS" frame for stream ID 7 with length 100 and flags "END_STREAM, END_HEADERS, PRIORITY".
2024-09-24 11:03:58.655 +05:30  INF  Request starting HTTP/2 GET https://localhost:7113/swagger/index.js - null null
2024-09-24 11:03:58.662 +05:30  VRB  Connection id "0HN6SB9U65VRF" received "HEADERS" frame for stream ID 9 with length 57 and flags "END_STREAM, END_HEADERS, PRIORITY".
2024-09-24 11:03:58.665 +05:30  INF  Request starting HTTP/2 GET https://localhost:7113/swagger/index.css - null null
2024-09-24 11:03:58.665 +05:30  VRB  All hosts are allowed.
2024-09-24 11:03:58.667 +05:30  VRB  Connection id "0HN6SB9U65VRF" sending "HEADERS" frame for stream ID 3 with length 60 and flags "END_HEADERS".
2024-09-24 11:03:58.670 +05:30  INF  Request starting HTTP/2 GET https://localhost:7113/_vs/browserLink - null null
2024-09-24 11:03:58.672 +05:30  DBG  No candidates found for the request path '/swagger/index.js'
2024-09-24 11:03:58.676 +05:30  VRB  All hosts are allowed.
2024-09-24 11:03:58.677 +05:30  DBG  Request did not match any endpoints
2024-09-24 11:03:58.679 +05:30  VRB  Connection id "0HN6SB9U65VRF" sending "DATA" frame for stream ID 3 with length 13762 and flags "NONE".
2024-09-24 11:03:58.682 +05:30  DBG  No candidates found for the request path '/swagger/index.css'
2024-09-24 11:03:58.685 +05:30  INF  Request finished HTTP/2 GET https://localhost:7113/swagger/index.js - 200 null application/javascript;charset=utf-8 29.7261ms
2024-09-24 11:03:58.685 +05:30  VRB  Connection id "0HN6SB9U65VRF" sending "HEADERS" frame for stream ID 5 with length 41 and flags "END_HEADERS".
2024-09-24 11:03:58.694 +05:30  INF  Request finished HTTP/2 GET https://localhost:7113/_framework/aspnetcore-browser-refresh.js - 200 13762 application/javascript; charset=utf-8 44.0808ms
2024-09-24 11:03:58.695 +05:30  DBG  Request did not match any endpoints
2024-09-24 11:03:58.699 +05:30  VRB  Connection id "0HN6SB9U65VRF" sending "DATA" frame for stream ID 5 with length 3005 and flags "END_STREAM".
2024-09-24 11:03:58.702 +05:30  VRB  Range header's value is empty.
2024-09-24 11:03:58.705 +05:30  VRB  Connection id "0HN6SB9U65VRF" sending "DATA" frame for stream ID 3 with length 0 and flags "END_STREAM".
2024-09-24 11:03:58.711 +05:30  INF  The file /index.css was not modified
2024-09-24 11:03:58.718 +05:30  DBG  Handled. Status code: 304 File: /index.css
2024-09-24 11:03:58.719 +05:30  INF  Request finished HTTP/2 GET https://localhost:7113/swagger/index.css - 304 null text/css 54.4467ms
2024-09-24 11:03:58.719 +05:30  VRB  Connection id "0HN6SB9U65VRF" sending "HEADERS" frame for stream ID 7 with length 100 and flags "END_STREAM, END_HEADERS".
2024-09-24 11:03:58.743 +05:30  VRB  Connection id "0HN6SB9U65VRF" sending "HEADERS" frame for stream ID 9 with length 119 and flags "END_HEADERS".
2024-09-24 11:03:58.745 +05:30  VRB  Connection id "0HN6SB9U65VRF" sending "DATA" frame for stream ID 9 with length 9986 and flags "NONE".
2024-09-24 11:03:58.747 +05:30  VRB  Connection id "0HN6SB9U65VRF" sending "DATA" frame for stream ID 9 with length 10240 and flags "NONE".
2024-09-24 11:03:58.750 +05:30  VRB  Connection id "0HN6SB9U65VRF" sending "DATA" frame for stream ID 9 with length 10240 and flags "NONE".
2024-09-24 11:03:58.752 +05:30  VRB  Connection id "0HN6SB9U65VRF" sending "DATA" frame for stream ID 9 with length 10240 and flags "NONE".
2024-09-24 11:03:58.753 +05:30  VRB  Connection id "0HN6SB9U65VRF" sending "DATA" frame for stream ID 9 with length 10240 and flags "NONE".
2024-09-24 11:03:58.755 +05:30  VRB  Connection id "0HN6SB9U65VRF" sending "DATA" frame for stream ID 9 with length 10240 and flags "NONE".
2024-09-24 11:03:58.758 +05:30  VRB  Connection id "0HN6SB9U65VRF" sending "DATA" frame for stream ID 9 with length 10240 and flags "NONE".
2024-09-24 11:03:58.760 +05:30  VRB  Connection id "0HN6SB9U65VRF" sending "DATA" frame for stream ID 9 with length 10240 and flags "NONE".
2024-09-24 11:03:58.762 +05:30  VRB  Connection id "0HN6SB9U65VRF" sending "DATA" frame for stream ID 9 with length 10240 and flags "NONE".
2024-09-24 11:03:58.764 +05:30  VRB  Connection id "0HN6SB9U65VRF" sending "DATA" frame for stream ID 9 with length 10240 and flags "NONE".
2024-09-24 11:03:58.766 +05:30  VRB  Connection id "0HN6SB9U65VRF" sending "DATA" frame for stream ID 9 with length 10240 and flags "NONE".
2024-09-24 11:03:58.768 +05:30  VRB  Connection id "0HN6SB9U65VRF" sending "DATA" frame for stream ID 9 with length 10240 and flags "NONE".
2024-09-24 11:03:58.770 +05:30  VRB  Connection id "0HN6SB9U65VRF" sending "DATA" frame for stream ID 9 with length 10240 and flags "NONE".
2024-09-24 11:03:58.772 +05:30  VRB  Connection id "0HN6SB9U65VRF" sending "DATA" frame for stream ID 9 with length 10240 and flags "NONE".
2024-09-24 11:03:58.778 +05:30  VRB  Connection id "0HN6SB9U65VRF" sending "DATA" frame for stream ID 9 with length 10240 and flags "NONE".
2024-09-24 11:03:58.780 +05:30  VRB  Connection id "0HN6SB9U65VRF" sending "DATA" frame for stream ID 9 with length 160 and flags "NONE".
2024-09-24 11:03:58.781 +05:30  INF  Request finished HTTP/2 GET https://localhost:7113/_vs/browserLink - 200 null text/javascript; charset=UTF-8 112.5314ms
2024-09-24 11:03:58.782 +05:30  VRB  Connection id "0HN6SB9U65VRF" sending "DATA" frame for stream ID 9 with length 0 and flags "END_STREAM".
2024-09-24 11:03:58.881 +05:30  VRB  Connection id "0HN6SB9U65VRF" received "HEADERS" frame for stream ID 11 with length 74 and flags "END_STREAM, END_HEADERS, PRIORITY".
2024-09-24 11:03:58.884 +05:30  INF  Request starting HTTP/2 GET https://localhost:7113/swagger/v1/swagger.json - null null
2024-09-24 11:03:58.886 +05:30  VRB  All hosts are allowed.
2024-09-24 11:03:58.887 +05:30  DBG  No candidates found for the request path '/swagger/v1/swagger.json'
2024-09-24 11:03:58.888 +05:30  DBG  Request did not match any endpoints
2024-09-24 11:03:59.002 +05:30  VRB  Connection id "0HN6SB9U65VRF" sending "HEADERS" frame for stream ID 11 with length 35 and flags "END_HEADERS".
2024-09-24 11:03:59.006 +05:30  VRB  Connection id "0HN6SB9U65VRF" sending "DATA" frame for stream ID 11 with length 16384 and flags "NONE".
2024-09-24 11:03:59.011 +05:30  VRB  Connection id "0HN6SB9U65VRF" sending "DATA" frame for stream ID 11 with length 6521 and flags "NONE".
2024-09-24 11:03:59.015 +05:30  VRB  Connection id "0HN6SB9U65VRF" sending "DATA" frame for stream ID 11 with length 0 and flags "END_STREAM".
2024-09-24 11:03:59.015 +05:30  INF  Request finished HTTP/2 GET https://localhost:7113/swagger/v1/swagger.json - 200 null application/json;charset=utf-8 131.636ms
2024-09-24 11:04:01.508 +05:30  DBG  Connection id "0HN6SB9U65VRF" received FIN.
2024-09-24 11:04:01.510 +05:30  DBG  Connection id "0HN6SB9U65VRF" is closed. The last processed stream ID was 11.
2024-09-24 11:04:01.510 +05:30  DBG  The connection queue processing loop for 0HN6SB9U65VRF completed.
2024-09-24 11:04:01.511 +05:30  DBG  Connection id "0HN6SB9U65VRF" sending FIN because: "The Socket transport's send loop completed gracefully."
2024-09-24 11:04:01.522 +05:30  DBG  Connection id "0HN6SB9U65VRF" stopped.
2024-09-24 11:28:53.384 +05:30  DBG  Connection id "0HN6SB9U65VRH" accepted.
2024-09-24 11:28:53.390 +05:30  DBG  Connection id "0HN6SB9U65VRH" started.
2024-09-24 11:28:53.397 +05:30  DBG  Connection 0HN6SB9U65VRH established using the following protocol: "Tls12"
2024-09-24 11:28:53.400 +05:30  VRB  Connection id "0HN6SB9U65VRH" sending "SETTINGS" frame for stream ID 0 with length 24 and flags "NONE".
2024-09-24 11:28:53.401 +05:30  VRB  Connection id "0HN6SB9U65VRH" sending "WINDOW_UPDATE" frame for stream ID 0 with length 4 and flags 0x0.
2024-09-24 11:28:53.406 +05:30  VRB  Connection id "0HN6SB9U65VRH" received "SETTINGS" frame for stream ID 0 with length 24 and flags "NONE".
2024-09-24 11:28:53.407 +05:30  VRB  Connection id "0HN6SB9U65VRH" sending "SETTINGS" frame for stream ID 0 with length 0 and flags "ACK".
2024-09-24 11:28:53.409 +05:30  VRB  Connection id "0HN6SB9U65VRH" received "WINDOW_UPDATE" frame for stream ID 0 with length 4 and flags 0x0.
2024-09-24 11:28:53.410 +05:30  VRB  Connection id "0HN6SB9U65VRH" received "HEADERS" frame for stream ID 1 with length 406 and flags "END_HEADERS, PRIORITY".
2024-09-24 11:28:53.413 +05:30  VRB  Connection id "0HN6SB9U65VRH" received "DATA" frame for stream ID 1 with length 47 and flags "END_STREAM".
2024-09-24 11:28:53.414 +05:30  INF  Request starting HTTP/2 POST https://localhost:7113/api/Account/Login - application/json 47
2024-09-24 11:28:53.416 +05:30  VRB  Connection id "0HN6SB9U65VRH" received "SETTINGS" frame for stream ID 0 with length 0 and flags "ACK".
2024-09-24 11:28:53.418 +05:30  VRB  All hosts are allowed.
2024-09-24 11:28:53.422 +05:30  DBG  1 candidate(s) found for the request path '/api/Account/Login'
2024-09-24 11:28:53.423 +05:30  DBG  Endpoint 'Web.Ecommerce.Controllers.Account.AccountController.Login (Web.Ecommerce)' with route pattern 'api/Account/Login' is valid for the request path '/api/Account/Login'
2024-09-24 11:28:53.425 +05:30  DBG  Request matched endpoint 'Web.Ecommerce.Controllers.Account.AccountController.Login (Web.Ecommerce)'
2024-09-24 11:28:53.426 +05:30  VRB  The endpoint does not specify the IRequestSizeLimitMetadata.
2024-09-24 11:28:53.427 +05:30  DBG  Static files was skipped as the request already matched an endpoint.
2024-09-24 11:28:53.501 +05:30  DBG  AuthenticationScheme: Bearer was not authenticated.
2024-09-24 11:28:53.505 +05:30  INF  Executing endpoint 'Web.Ecommerce.Controllers.Account.AccountController.Login (Web.Ecommerce)'
2024-09-24 11:28:53.525 +05:30  INF  Route matched with {action = "Login", controller = "Account"}. Executing controller action with signature System.Threading.Tasks.Task`1[Microsoft.AspNetCore.Mvc.IActionResult] Login(Application.Ecom.Authentication.Commands.LoginUser.LoginUserCommand) on controller Web.Ecommerce.Controllers.Account.AccountController (Web.Ecommerce).
2024-09-24 11:28:53.529 +05:30  DBG  Execution plan of authorization filters (in the following order): ["None"]
2024-09-24 11:28:53.531 +05:30  DBG  Execution plan of resource filters (in the following order): ["None"]
2024-09-24 11:28:53.532 +05:30  DBG  Execution plan of action filters (in the following order): ["Microsoft.AspNetCore.Mvc.ModelBinding.UnsupportedContentTypeFilter (Order: -3000)","Microsoft.AspNetCore.Mvc.Infrastructure.ModelStateInvalidFilter (Order: -2000)"]
2024-09-24 11:28:53.534 +05:30  DBG  Execution plan of exception filters (in the following order): ["None"]
2024-09-24 11:28:53.535 +05:30  DBG  Execution plan of result filters (in the following order): ["Microsoft.AspNetCore.Mvc.Infrastructure.ClientErrorResultFilter (Order: -2000)"]
2024-09-24 11:28:53.538 +05:30  DBG  Executing controller factory for controller Web.Ecommerce.Controllers.Account.AccountController (Web.Ecommerce)
2024-09-24 11:28:53.540 +05:30  DBG  Executed controller factory for controller Web.Ecommerce.Controllers.Account.AccountController (Web.Ecommerce)
2024-09-24 11:28:53.555 +05:30  DBG  Attempting to bind parameter 'command' of type 'Application.Ecom.Authentication.Commands.LoginUser.LoginUserCommand' ...
2024-09-24 11:28:53.558 +05:30  DBG  Attempting to bind parameter 'command' of type 'Application.Ecom.Authentication.Commands.LoginUser.LoginUserCommand' using the name '' in request data ...
2024-09-24 11:28:53.561 +05:30  DBG  Selected input formatter 'Microsoft.AspNetCore.Mvc.Formatters.SystemTextJsonInputFormatter' for content type 'application/json'.
2024-09-24 11:28:53.586 +05:30  DBG  Connection id "0HN6SB9U65VRH", Request id "0HN6SB9U65VRH:00000001": started reading request body.
2024-09-24 11:28:53.588 +05:30  DBG  Connection id "0HN6SB9U65VRH", Request id "0HN6SB9U65VRH:00000001": done reading request body.
2024-09-24 11:28:53.599 +05:30  DBG  JSON input formatter succeeded, deserializing to type 'Application.Ecom.Authentication.Commands.LoginUser.LoginUserCommand'
2024-09-24 11:28:53.600 +05:30  DBG  Done attempting to bind parameter 'command' of type 'Application.Ecom.Authentication.Commands.LoginUser.LoginUserCommand'.
2024-09-24 11:28:53.601 +05:30  DBG  Done attempting to bind parameter 'command' of type 'Application.Ecom.Authentication.Commands.LoginUser.LoginUserCommand'.
2024-09-24 11:28:53.602 +05:30  DBG  Attempting to validate the bound parameter 'command' of type 'Application.Ecom.Authentication.Commands.LoginUser.LoginUserCommand' ...
2024-09-24 11:28:53.612 +05:30  DBG  Done attempting to validate the bound parameter 'command' of type 'Application.Ecom.Authentication.Commands.LoginUser.LoginUserCommand'.
2024-09-24 11:28:53.616 +05:30  VRB  Action Filter: Before executing OnActionExecuting on filter Microsoft.AspNetCore.Mvc.ModelBinding.UnsupportedContentTypeFilter.
2024-09-24 11:28:53.618 +05:30  VRB  Action Filter: After executing OnActionExecuting on filter Microsoft.AspNetCore.Mvc.ModelBinding.UnsupportedContentTypeFilter.
2024-09-24 11:28:53.619 +05:30  VRB  Action Filter: Before executing OnActionExecuting on filter Microsoft.AspNetCore.Mvc.Infrastructure.ModelStateInvalidFilter.
2024-09-24 11:28:53.620 +05:30  VRB  Action Filter: After executing OnActionExecuting on filter Microsoft.AspNetCore.Mvc.Infrastructure.ModelStateInvalidFilter.
2024-09-24 11:28:53.624 +05:30  INF  Executing action method Web.Ecommerce.Controllers.Account.AccountController.Login (Web.Ecommerce) - Validation state: "Valid"
2024-09-24 11:28:53.626 +05:30  VRB  Executing action method Web.Ecommerce.Controllers.Account.AccountController.Login (Web.Ecommerce) with arguments (["Application.Ecom.Authentication.Commands.LoginUser.LoginUserCommand"])
2024-09-24 11:28:53.677 +05:30  DBG  Entity Framework Core 8.0.8 initialized 'EcommerceDbContext' using provider 'Microsoft.EntityFrameworkCore.SqlServer:8.0.8' with options: None
2024-09-24 11:28:53.680 +05:30  DBG  Creating DbConnection.
2024-09-24 11:28:53.681 +05:30  DBG  Created DbConnection. (1ms).
2024-09-24 11:28:53.684 +05:30  DBG  Opening connection to database 'Ecommerce' on server 'FGS-DSK-230\MSSQLSERVER2019'.
2024-09-24 11:28:53.692 +05:30  DBG  Opened connection to database 'Ecommerce' on server 'FGS-DSK-230\MSSQLSERVER2019'.
2024-09-24 11:28:53.694 +05:30  DBG  Creating DbCommand for 'ExecuteReader'.
2024-09-24 11:28:53.695 +05:30  DBG  Created DbCommand for 'ExecuteReader' (0ms).
2024-09-24 11:28:53.696 +05:30  DBG  Initialized DbCommand for 'ExecuteReader' (1ms).
2024-09-24 11:28:53.698 +05:30  DBG  Executing DbCommand [Parameters=[@__normalizedEmail_0='?' (Size = 256)], CommandType='"Text"', CommandTimeout='30']
SELECT TOP(2) [a].[Id], [a].[AccessFailedCount], [a].[ConcurrencyStamp], [a].[CreatedAt], [a].[Email], [a].[EmailConfirmed], [a].[IsDeleted], [a].[IsVerified], [a].[LockoutEnabled], [a].[LockoutEnd], [a].[NormalizedEmail], [a].[NormalizedUserName], [a].[PasswordHash], [a].[PhoneNumber], [a].[PhoneNumberConfirmed], [a].[SecurityStamp], [a].[TwoFactorEnabled], [a].[UpdatedAt], [a].[UserName]
FROM [AspNetUsers] AS [a]
WHERE [a].[NormalizedEmail] = @__normalizedEmail_0
2024-09-24 11:28:53.706 +05:30  INF  Executed DbCommand (8ms) [Parameters=[@__normalizedEmail_0='?' (Size = 256)], CommandType='"Text"', CommandTimeout='30']
SELECT TOP(2) [a].[Id], [a].[AccessFailedCount], [a].[ConcurrencyStamp], [a].[CreatedAt], [a].[Email], [a].[EmailConfirmed], [a].[IsDeleted], [a].[IsVerified], [a].[LockoutEnabled], [a].[LockoutEnd], [a].[NormalizedEmail], [a].[NormalizedUserName], [a].[PasswordHash], [a].[PhoneNumber], [a].[PhoneNumberConfirmed], [a].[SecurityStamp], [a].[TwoFactorEnabled], [a].[UpdatedAt], [a].[UserName]
FROM [AspNetUsers] AS [a]
WHERE [a].[NormalizedEmail] = @__normalizedEmail_0
2024-09-24 11:28:53.709 +05:30  DBG  Closing data reader to 'Ecommerce' on server 'FGS-DSK-230\MSSQLSERVER2019'.
2024-09-24 11:28:53.710 +05:30  DBG  A data reader for 'Ecommerce' on server 'FGS-DSK-230\MSSQLSERVER2019' is being disposed after spending 1ms reading results.
2024-09-24 11:28:53.711 +05:30  DBG  Closing connection to database 'Ecommerce' on server 'FGS-DSK-230\MSSQLSERVER2019'.
2024-09-24 11:28:53.713 +05:30  DBG  Closed connection to database 'Ecommerce' on server 'FGS-DSK-230\MSSQLSERVER2019' (1ms).
2024-09-24 11:28:53.892 +05:30  VRB  Action Filter: Before executing OnActionExecuted on filter Microsoft.AspNetCore.Mvc.Infrastructure.ModelStateInvalidFilter.
2024-09-24 11:28:53.894 +05:30  VRB  Action Filter: After executing OnActionExecuted on filter Microsoft.AspNetCore.Mvc.Infrastructure.ModelStateInvalidFilter.
2024-09-24 11:28:53.896 +05:30  VRB  Action Filter: Before executing OnActionExecuted on filter Microsoft.AspNetCore.Mvc.ModelBinding.UnsupportedContentTypeFilter.
2024-09-24 11:28:53.898 +05:30  VRB  Action Filter: After executing OnActionExecuted on filter Microsoft.AspNetCore.Mvc.ModelBinding.UnsupportedContentTypeFilter.
2024-09-24 11:28:53.905 +05:30  INF  Executed action Web.Ecommerce.Controllers.Account.AccountController.Login (Web.Ecommerce) in 365.0162ms
2024-09-24 11:28:53.909 +05:30  INF  Executed endpoint 'Web.Ecommerce.Controllers.Account.AccountController.Login (Web.Ecommerce)'
2024-09-24 11:28:53.912 +05:30  ERR  An unhandled exception has occurred while executing the request.System.UnauthorizedAccessException: Invalid email or password.
   at Application.Ecom.Authentication.Commands.LoginUser.LoginUserCommandHandler.Handle(LoginUserCommand request, CancellationToken cancellationToken) in C:\Users\arjun.hariprasad\source\.NET\Ecommerce\EcommerceSolution\CodeBase\Src\Core\Application.Ecom\Authentication\Commands\LoginUser\LoginUserCommandHandler.cs:line 30
   at Web.Ecommerce.Controllers.Account.AccountController.Login(LoginUserCommand command) in C:\Users\arjun.hariprasad\source\.NET\Ecommerce\EcommerceSolution\CodeBase\Src\Presentation\Web.Ecommerce\Controllers\Account\AccountController.cs:line 142
   at Microsoft.AspNetCore.Mvc.Infrastructure.ActionMethodExecutor.TaskOfIActionResultExecutor.Execute(ActionContext actionContext, IActionResultTypeMapper mapper, ObjectMethodExecutor executor, Object controller, Object[] arguments)
   at Microsoft.AspNetCore.Mvc.Infrastructure.ControllerActionInvoker.<InvokeActionMethodAsync>g__Logged|12_1(ControllerActionInvoker invoker)
   at Microsoft.AspNetCore.Mvc.Infrastructure.ControllerActionInvoker.<InvokeNextActionFilterAsync>g__Awaited|10_0(ControllerActionInvoker invoker, Task lastTask, State next, Scope scope, Object state, Boolean isCompleted)
   at Microsoft.AspNetCore.Mvc.Infrastructure.ControllerActionInvoker.Rethrow(ActionExecutedContextSealed context)
   at Microsoft.AspNetCore.Mvc.Infrastructure.ControllerActionInvoker.Next(State& next, Scope& scope, Object& state, Boolean& isCompleted)
   at Microsoft.AspNetCore.Mvc.Infrastructure.ControllerActionInvoker.<InvokeInnerFilterAsync>g__Awaited|13_0(ControllerActionInvoker invoker, Task lastTask, State next, Scope scope, Object state, Boolean isCompleted)
   at Microsoft.AspNetCore.Mvc.Infrastructure.ResourceInvoker.<InvokeFilterPipelineAsync>g__Awaited|20_0(ResourceInvoker invoker, Task lastTask, State next, Scope scope, Object state, Boolean isCompleted)
   at Microsoft.AspNetCore.Mvc.Infrastructure.ResourceInvoker.<InvokeAsync>g__Logged|17_1(ResourceInvoker invoker)
   at Microsoft.AspNetCore.Mvc.Infrastructure.ResourceInvoker.<InvokeAsync>g__Logged|17_1(ResourceInvoker invoker)
   at Microsoft.AspNetCore.Routing.EndpointMiddleware.<Invoke>g__AwaitRequestTask|7_0(Endpoint endpoint, Task requestTask, ILogger logger)
   at Microsoft.AspNetCore.Authorization.AuthorizationMiddleware.Invoke(HttpContext context)
   at Microsoft.AspNetCore.Authentication.AuthenticationMiddleware.Invoke(HttpContext context)
   at Swashbuckle.AspNetCore.SwaggerUI.SwaggerUIMiddleware.Invoke(HttpContext httpContext)
   at Swashbuckle.AspNetCore.Swagger.SwaggerMiddleware.Invoke(HttpContext httpContext, ISwaggerProvider swaggerProvider)
   at Microsoft.AspNetCore.Diagnostics.DeveloperExceptionPageMiddlewareImpl.Invoke(HttpContext context)

2024-09-24 11:28:53.960 +05:30  VRB  Connection id "0HN6SB9U65VRH" sending "HEADERS" frame for stream ID 1 with length 68 and flags "END_HEADERS".
2024-09-24 11:28:53.961 +05:30  DBG  'EcommerceDbContext' disposed.
2024-09-24 11:28:53.962 +05:30  VRB  Connection id "0HN6SB9U65VRH" sending "DATA" frame for stream ID 1 with length 3418 and flags "END_STREAM".
2024-09-24 11:28:53.968 +05:30  DBG  Disposing connection to database 'Ecommerce' on server 'FGS-DSK-230\MSSQLSERVER2019'.
2024-09-24 11:28:53.970 +05:30  DBG  Disposed connection to database '' on server '' (2ms).
2024-09-24 11:28:53.971 +05:30  INF  Request finished HTTP/2 POST https://localhost:7113/api/Account/Login - 500 null text/plain; charset=utf-8 557.5695ms
2024-09-24 11:32:14.417 +05:30  DBG  Connection id "0HN6SB9U65VRH" received FIN.
2024-09-24 11:32:14.426 +05:30  DBG  Connection id "0HN6SB9U65VRH" is closed. The last processed stream ID was 1.
2024-09-24 11:32:14.429 +05:30  DBG  The connection queue processing loop for 0HN6SB9U65VRH completed.
2024-09-24 11:32:14.430 +05:30  DBG  Connection id "0HN6SB9U65VRH" sending FIN because: "The Socket transport's send loop completed gracefully."
2024-09-24 11:32:14.446 +05:30  DBG  Connection id "0HN6SB9U65VRH" stopped.
2024-09-24 11:41:10.177 +05:30  DBG  Registered model binder providers, in the following order: ["Microsoft.AspNetCore.Mvc.ModelBinding.Binders.BinderTypeModelBinderProvider","Microsoft.AspNetCore.Mvc.ModelBinding.Binders.ServicesModelBinderProvider","Microsoft.AspNetCore.Mvc.ModelBinding.Binders.BodyModelBinderProvider","Microsoft.AspNetCore.Mvc.ModelBinding.Binders.HeaderModelBinderProvider","Microsoft.AspNetCore.Mvc.ModelBinding.Binders.FloatingPointTypeModelBinderProvider","Microsoft.AspNetCore.Mvc.ModelBinding.Binders.EnumTypeModelBinderProvider","Microsoft.AspNetCore.Mvc.ModelBinding.Binders.DateTimeModelBinderProvider","Microsoft.AspNetCore.Mvc.ModelBinding.Binders.SimpleTypeModelBinderProvider","Microsoft.AspNetCore.Mvc.ModelBinding.Binders.TryParseModelBinderProvider","Microsoft.AspNetCore.Mvc.ModelBinding.Binders.CancellationTokenModelBinderProvider","Microsoft.AspNetCore.Mvc.ModelBinding.Binders.ByteArrayModelBinderProvider","Microsoft.AspNetCore.Mvc.ModelBinding.Binders.FormFileModelBinderProvider","Microsoft.AspNetCore.Mvc.ModelBinding.Binders.FormCollectionModelBinderProvider","Microsoft.AspNetCore.Mvc.ModelBinding.Binders.KeyValuePairModelBinderProvider","Microsoft.AspNetCore.Mvc.ModelBinding.Binders.DictionaryModelBinderProvider","Microsoft.AspNetCore.Mvc.ModelBinding.Binders.ArrayModelBinderProvider","Microsoft.AspNetCore.Mvc.ModelBinding.Binders.CollectionModelBinderProvider","Microsoft.AspNetCore.Mvc.ModelBinding.Binders.ComplexObjectModelBinderProvider"]
2024-09-24 11:41:10.519 +05:30  DBG  An 'IServiceProvider' was created for internal use by Entity Framework.
2024-09-24 11:41:10.663 +05:30  INF  User profile is available. Using 'C:\Users\arjun.hariprasad\AppData\Local\ASP.NET\DataProtection-Keys' as key repository and Windows DPAPI to encrypt keys at rest.
2024-09-24 11:41:10.997 +05:30  WRN  Navigations 'Order.Payments' and 'Payment.Order' were separated into two relationships since the [ForeignKey] attribute was specified on navigations on both sides.
2024-09-24 11:41:11.003 +05:30  WRN  Navigations 'Order.Return' and 'Return.Order' were separated into two relationships since the [ForeignKey] attribute was specified on navigations on both sides.
2024-09-24 11:41:11.008 +05:30  WRN  Navigations 'Payment.Return' and 'Return.Payment' were separated into two relationships since the [ForeignKey] attribute was specified on navigations on both sides.
2024-09-24 11:41:11.084 +05:30  WRN  Navigations 'Order.Payments' and 'Payment.Order' were separated into two relationships since the [ForeignKey] attribute was specified on navigations on both sides.
2024-09-24 11:41:11.087 +05:30  WRN  Navigations 'Payment.Order' and 'Order.Payments' were separated into two relationships since the [ForeignKey] attribute was specified on navigations on both sides.
2024-09-24 11:41:11.089 +05:30  WRN  Navigations 'Payment.Order' and 'Order.Payments' were separated into two relationships since the [ForeignKey] attribute was specified on navigations on both sides.
2024-09-24 11:41:11.090 +05:30  WRN  Navigations 'Payment.Order' and 'Order.Payments' were separated into two relationships since the [ForeignKey] attribute was specified on navigations on both sides.
2024-09-24 11:41:11.092 +05:30  WRN  Navigations 'Order.Return' and 'Return.Order' were separated into two relationships since the [ForeignKey] attribute was specified on navigations on both sides.
2024-09-24 11:41:11.094 +05:30  WRN  Navigations 'Return.Order' and 'Order.Return' were separated into two relationships since the [ForeignKey] attribute was specified on navigations on both sides.
2024-09-24 11:41:11.096 +05:30  WRN  Navigations 'Return.Order' and 'Order.Return' were separated into two relationships since the [ForeignKey] attribute was specified on navigations on both sides.
2024-09-24 11:41:11.098 +05:30  WRN  Navigations 'Return.Order' and 'Order.Return' were separated into two relationships since the [ForeignKey] attribute was specified on navigations on both sides.
2024-09-24 11:41:11.116 +05:30  DBG  The index {'UserId'} was not created on entity type 'IdentityUserRole<Guid>' as the properties are already covered by the index {'UserId', 'RoleId'}.
2024-09-24 11:41:11.119 +05:30  DBG  The index {'UserId'} was not created on entity type 'IdentityUserToken<Guid>' as the properties are already covered by the index {'UserId', 'LoginProvider', 'Name'}.
2024-09-24 11:41:11.247 +05:30  DBG  The property 'Product.UserId' was created in shadow state because there are no eligible CLR members with a matching name.
2024-09-24 11:41:11.404 +05:30  DBG  Entity Framework Core 8.0.8 initialized 'EcommerceDbContext' using provider 'Microsoft.EntityFrameworkCore.SqlServer:8.0.8' with options: None
2024-09-24 11:41:11.498 +05:30  DBG  Compiling query expression: 
'DbSet<IdentityRole<Guid>>()
    .FirstOrDefault(r => r.NormalizedName == __normalizedName_0)'
2024-09-24 11:41:11.637 +05:30  DBG  Generated query execution expression: 
'queryContext => ShapedQueryCompilingExpressionVisitor.SingleOrDefaultAsync<IdentityRole<Guid>>(
    asyncEnumerable: new SingleQueryingEnumerable<IdentityRole<Guid>>(
        (RelationalQueryContext)queryContext, 
        RelationalCommandCache.QueryExpression(
            Projection Mapping:
                EmptyProjectionMember -> Dictionary<IProperty, int> { [Property: IdentityRole<Guid>.Id (Guid) Required PK AfterSave:Throw ValueGenerated.OnAdd, 0], [Property: IdentityRole<Guid>.ConcurrencyStamp (string) Concurrency, 1], [Property: IdentityRole<Guid>.Name (string) MaxLength(256), 2], [Property: IdentityRole<Guid>.NormalizedName (string) Index MaxLength(256), 3] }
            SELECT TOP(1) a.Id, a.ConcurrencyStamp, a.Name, a.NormalizedName
            FROM AspNetRoles AS a
            WHERE a.NormalizedName == @__normalizedName_0), 
        null, 
        Func<QueryContext, DbDataReader, ResultContext, SingleQueryResultCoordinator, IdentityRole<Guid>>, 
        Persistance.EcommerceDbContext, 
        False, 
        False, 
        True
    ), 
    cancellationToken: queryContext.CancellationToken)'
2024-09-24 11:41:11.685 +05:30  DBG  Creating DbConnection.
2024-09-24 11:41:11.713 +05:30  DBG  Created DbConnection. (32ms).
2024-09-24 11:41:11.719 +05:30  DBG  Opening connection to database 'Ecommerce' on server 'FGS-DSK-230\MSSQLSERVER2019'.
2024-09-24 11:41:12.019 +05:30  DBG  Opened connection to database 'Ecommerce' on server 'FGS-DSK-230\MSSQLSERVER2019'.
2024-09-24 11:41:12.025 +05:30  DBG  Creating DbCommand for 'ExecuteReader'.
2024-09-24 11:41:12.046 +05:30  DBG  Created DbCommand for 'ExecuteReader' (20ms).
2024-09-24 11:41:12.060 +05:30  DBG  Initialized DbCommand for 'ExecuteReader' (37ms).
2024-09-24 11:41:12.074 +05:30  DBG  Executing DbCommand [Parameters=[@__normalizedName_0='?' (Size = 256)], CommandType='"Text"', CommandTimeout='30']
SELECT TOP(1) [a].[Id], [a].[ConcurrencyStamp], [a].[Name], [a].[NormalizedName]
FROM [AspNetRoles] AS [a]
WHERE [a].[NormalizedName] = @__normalizedName_0
2024-09-24 11:41:12.151 +05:30  INF  Executed DbCommand (76ms) [Parameters=[@__normalizedName_0='?' (Size = 256)], CommandType='"Text"', CommandTimeout='30']
SELECT TOP(1) [a].[Id], [a].[ConcurrencyStamp], [a].[Name], [a].[NormalizedName]
FROM [AspNetRoles] AS [a]
WHERE [a].[NormalizedName] = @__normalizedName_0
2024-09-24 11:41:12.191 +05:30  DBG  Context 'EcommerceDbContext' started tracking 'IdentityRole' entity. Consider using 'DbContextOptionsBuilder.EnableSensitiveDataLogging' to see key values.
2024-09-24 11:41:12.208 +05:30  DBG  Closing data reader to 'Ecommerce' on server 'FGS-DSK-230\MSSQLSERVER2019'.
2024-09-24 11:41:12.215 +05:30  DBG  A data reader for 'Ecommerce' on server 'FGS-DSK-230\MSSQLSERVER2019' is being disposed after spending 58ms reading results.
2024-09-24 11:41:12.218 +05:30  DBG  Closing connection to database 'Ecommerce' on server 'FGS-DSK-230\MSSQLSERVER2019'.
2024-09-24 11:41:12.223 +05:30  DBG  Closed connection to database 'Ecommerce' on server 'FGS-DSK-230\MSSQLSERVER2019' (5ms).
2024-09-24 11:41:12.227 +05:30  DBG  Opening connection to database 'Ecommerce' on server 'FGS-DSK-230\MSSQLSERVER2019'.
2024-09-24 11:41:12.229 +05:30  DBG  Opened connection to database 'Ecommerce' on server 'FGS-DSK-230\MSSQLSERVER2019'.
2024-09-24 11:41:12.230 +05:30  DBG  Creating DbCommand for 'ExecuteReader'.
2024-09-24 11:41:12.231 +05:30  DBG  Created DbCommand for 'ExecuteReader' (0ms).
2024-09-24 11:41:12.232 +05:30  DBG  Initialized DbCommand for 'ExecuteReader' (1ms).
2024-09-24 11:41:12.233 +05:30  DBG  Executing DbCommand [Parameters=[@__normalizedName_0='?' (Size = 256)], CommandType='"Text"', CommandTimeout='30']
SELECT TOP(1) [a].[Id], [a].[ConcurrencyStamp], [a].[Name], [a].[NormalizedName]
FROM [AspNetRoles] AS [a]
WHERE [a].[NormalizedName] = @__normalizedName_0
2024-09-24 11:41:12.238 +05:30  INF  Executed DbCommand (5ms) [Parameters=[@__normalizedName_0='?' (Size = 256)], CommandType='"Text"', CommandTimeout='30']
SELECT TOP(1) [a].[Id], [a].[ConcurrencyStamp], [a].[Name], [a].[NormalizedName]
FROM [AspNetRoles] AS [a]
WHERE [a].[NormalizedName] = @__normalizedName_0
2024-09-24 11:41:12.240 +05:30  DBG  Context 'EcommerceDbContext' started tracking 'IdentityRole' entity. Consider using 'DbContextOptionsBuilder.EnableSensitiveDataLogging' to see key values.
2024-09-24 11:41:12.242 +05:30  DBG  Closing data reader to 'Ecommerce' on server 'FGS-DSK-230\MSSQLSERVER2019'.
2024-09-24 11:41:12.243 +05:30  DBG  A data reader for 'Ecommerce' on server 'FGS-DSK-230\MSSQLSERVER2019' is being disposed after spending 2ms reading results.
2024-09-24 11:41:12.244 +05:30  DBG  Closing connection to database 'Ecommerce' on server 'FGS-DSK-230\MSSQLSERVER2019'.
2024-09-24 11:41:12.245 +05:30  DBG  Closed connection to database 'Ecommerce' on server 'FGS-DSK-230\MSSQLSERVER2019' (1ms).
2024-09-24 11:41:12.247 +05:30  DBG  Opening connection to database 'Ecommerce' on server 'FGS-DSK-230\MSSQLSERVER2019'.
2024-09-24 11:41:12.247 +05:30  DBG  Opened connection to database 'Ecommerce' on server 'FGS-DSK-230\MSSQLSERVER2019'.
2024-09-24 11:41:12.249 +05:30  DBG  Creating DbCommand for 'ExecuteReader'.
2024-09-24 11:41:12.250 +05:30  DBG  Created DbCommand for 'ExecuteReader' (1ms).
2024-09-24 11:41:12.251 +05:30  DBG  Initialized DbCommand for 'ExecuteReader' (2ms).
2024-09-24 11:41:12.252 +05:30  DBG  Executing DbCommand [Parameters=[@__normalizedName_0='?' (Size = 256)], CommandType='"Text"', CommandTimeout='30']
SELECT TOP(1) [a].[Id], [a].[ConcurrencyStamp], [a].[Name], [a].[NormalizedName]
FROM [AspNetRoles] AS [a]
WHERE [a].[NormalizedName] = @__normalizedName_0
2024-09-24 11:41:12.254 +05:30  INF  Executed DbCommand (2ms) [Parameters=[@__normalizedName_0='?' (Size = 256)], CommandType='"Text"', CommandTimeout='30']
SELECT TOP(1) [a].[Id], [a].[ConcurrencyStamp], [a].[Name], [a].[NormalizedName]
FROM [AspNetRoles] AS [a]
WHERE [a].[NormalizedName] = @__normalizedName_0
2024-09-24 11:41:12.256 +05:30  DBG  Context 'EcommerceDbContext' started tracking 'IdentityRole' entity. Consider using 'DbContextOptionsBuilder.EnableSensitiveDataLogging' to see key values.
2024-09-24 11:41:12.257 +05:30  DBG  Closing data reader to 'Ecommerce' on server 'FGS-DSK-230\MSSQLSERVER2019'.
2024-09-24 11:41:12.258 +05:30  DBG  A data reader for 'Ecommerce' on server 'FGS-DSK-230\MSSQLSERVER2019' is being disposed after spending 2ms reading results.
2024-09-24 11:41:12.259 +05:30  DBG  Closing connection to database 'Ecommerce' on server 'FGS-DSK-230\MSSQLSERVER2019'.
2024-09-24 11:41:12.260 +05:30  DBG  Closed connection to database 'Ecommerce' on server 'FGS-DSK-230\MSSQLSERVER2019' (1ms).
2024-09-24 11:41:12.267 +05:30  DBG  Compiling query expression: 
'DbSet<User>()
    .SingleOrDefault(u => u.NormalizedEmail == __normalizedEmail_0)'
2024-09-24 11:41:12.274 +05:30  DBG  Generated query execution expression: 
'queryContext => ShapedQueryCompilingExpressionVisitor.SingleOrDefaultAsync<User>(
    asyncEnumerable: new SingleQueryingEnumerable<User>(
        (RelationalQueryContext)queryContext, 
        RelationalCommandCache.QueryExpression(
            Projection Mapping:
                EmptyProjectionMember -> Dictionary<IProperty, int> { [Property: User.Id (Guid) Required PK AfterSave:Throw ValueGenerated.OnAdd, 0], [Property: User.AccessFailedCount (int) Required, 1], [Property: User.ConcurrencyStamp (string) Concurrency, 2], [Property: User.CreatedAt (DateTime) Required, 3], [Property: User.Email (string) MaxLength(256), 4], [Property: User.EmailConfirmed (bool) Required, 5], [Property: User.IsDeleted (bool) Required, 6], [Property: User.IsVerified (bool) Required, 7], [Property: User.LockoutEnabled (bool) Required, 8], [Property: User.LockoutEnd (DateTimeOffset?), 9], [Property: User.NormalizedEmail (string) Index MaxLength(256), 10], [Property: User.NormalizedUserName (string) Index MaxLength(256), 11], [Property: User.PasswordHash (string), 12], [Property: User.PhoneNumber (string), 13], [Property: User.PhoneNumberConfirmed (bool) Required, 14], [Property: User.SecurityStamp (string), 15], [Property: User.TwoFactorEnabled (bool) Required, 16], [Property: User.UpdatedAt (DateTime) Required, 17], [Property: User.UserName (string) MaxLength(256), 18] }
            SELECT TOP(2) a.Id, a.AccessFailedCount, a.ConcurrencyStamp, a.CreatedAt, a.Email, a.EmailConfirmed, a.IsDeleted, a.IsVerified, a.LockoutEnabled, a.LockoutEnd, a.NormalizedEmail, a.NormalizedUserName, a.PasswordHash, a.PhoneNumber, a.PhoneNumberConfirmed, a.SecurityStamp, a.TwoFactorEnabled, a.UpdatedAt, a.UserName
            FROM AspNetUsers AS a
            WHERE a.NormalizedEmail == @__normalizedEmail_0), 
        null, 
        Func<QueryContext, DbDataReader, ResultContext, SingleQueryResultCoordinator, User>, 
        Persistance.EcommerceDbContext, 
        False, 
        False, 
        True
    ), 
    cancellationToken: queryContext.CancellationToken)'
2024-09-24 11:41:12.281 +05:30  DBG  Opening connection to database 'Ecommerce' on server 'FGS-DSK-230\MSSQLSERVER2019'.
2024-09-24 11:41:12.284 +05:30  DBG  Opened connection to database 'Ecommerce' on server 'FGS-DSK-230\MSSQLSERVER2019'.
2024-09-24 11:41:12.285 +05:30  DBG  Creating DbCommand for 'ExecuteReader'.
2024-09-24 11:41:12.286 +05:30  DBG  Created DbCommand for 'ExecuteReader' (1ms).
2024-09-24 11:41:12.287 +05:30  DBG  Initialized DbCommand for 'ExecuteReader' (2ms).
2024-09-24 11:41:12.288 +05:30  DBG  Executing DbCommand [Parameters=[@__normalizedEmail_0='?' (Size = 256)], CommandType='"Text"', CommandTimeout='30']
SELECT TOP(2) [a].[Id], [a].[AccessFailedCount], [a].[ConcurrencyStamp], [a].[CreatedAt], [a].[Email], [a].[EmailConfirmed], [a].[IsDeleted], [a].[IsVerified], [a].[LockoutEnabled], [a].[LockoutEnd], [a].[NormalizedEmail], [a].[NormalizedUserName], [a].[PasswordHash], [a].[PhoneNumber], [a].[PhoneNumberConfirmed], [a].[SecurityStamp], [a].[TwoFactorEnabled], [a].[UpdatedAt], [a].[UserName]
FROM [AspNetUsers] AS [a]
WHERE [a].[NormalizedEmail] = @__normalizedEmail_0
2024-09-24 11:41:12.295 +05:30  INF  Executed DbCommand (6ms) [Parameters=[@__normalizedEmail_0='?' (Size = 256)], CommandType='"Text"', CommandTimeout='30']
SELECT TOP(2) [a].[Id], [a].[AccessFailedCount], [a].[ConcurrencyStamp], [a].[CreatedAt], [a].[Email], [a].[EmailConfirmed], [a].[IsDeleted], [a].[IsVerified], [a].[LockoutEnabled], [a].[LockoutEnd], [a].[NormalizedEmail], [a].[NormalizedUserName], [a].[PasswordHash], [a].[PhoneNumber], [a].[PhoneNumberConfirmed], [a].[SecurityStamp], [a].[TwoFactorEnabled], [a].[UpdatedAt], [a].[UserName]
FROM [AspNetUsers] AS [a]
WHERE [a].[NormalizedEmail] = @__normalizedEmail_0
2024-09-24 11:41:12.317 +05:30  DBG  Context 'EcommerceDbContext' started tracking 'User' entity. Consider using 'DbContextOptionsBuilder.EnableSensitiveDataLogging' to see key values.
2024-09-24 11:41:12.349 +05:30  DBG  Closing data reader to 'Ecommerce' on server 'FGS-DSK-230\MSSQLSERVER2019'.
2024-09-24 11:41:12.350 +05:30  DBG  A data reader for 'Ecommerce' on server 'FGS-DSK-230\MSSQLSERVER2019' is being disposed after spending 52ms reading results.
2024-09-24 11:41:12.352 +05:30  DBG  Closing connection to database 'Ecommerce' on server 'FGS-DSK-230\MSSQLSERVER2019'.
2024-09-24 11:41:12.354 +05:30  DBG  Closed connection to database 'Ecommerce' on server 'FGS-DSK-230\MSSQLSERVER2019' (1ms).
2024-09-24 11:41:12.357 +05:30  DBG  'EcommerceDbContext' disposed.
2024-09-24 11:41:12.359 +05:30  DBG  Disposing connection to database 'Ecommerce' on server 'FGS-DSK-230\MSSQLSERVER2019'.
2024-09-24 11:41:12.361 +05:30  DBG  Disposed connection to database '' on server '' (1ms).
2024-09-24 11:41:12.365 +05:30  DBG  Hosting starting
2024-09-24 11:41:12.372 +05:30  DBG  Reading data from file 'C:\Users\arjun.hariprasad\AppData\Local\ASP.NET\DataProtection-Keys\key-36f6fa2d-df91-4e24-9271-a530e4737995.xml'.
2024-09-24 11:41:12.389 +05:30  DBG  Found key {36f6fa2d-df91-4e24-9271-a530e4737995}.
2024-09-24 11:41:12.405 +05:30  DBG  Considering key {36f6fa2d-df91-4e24-9271-a530e4737995} with expiration date 2024-10-20 08:26:28Z as default key.
2024-09-24 11:41:12.410 +05:30  DBG  Forwarded activator type request from Microsoft.AspNetCore.DataProtection.XmlEncryption.DpapiXmlDecryptor, Microsoft.AspNetCore.DataProtection, Version=8.0.0.0, Culture=neutral, PublicKeyToken=adb9793829ddae60 to Microsoft.AspNetCore.DataProtection.XmlEncryption.DpapiXmlDecryptor, Microsoft.AspNetCore.DataProtection, Culture=neutral, PublicKeyToken=adb9793829ddae60
2024-09-24 11:41:12.412 +05:30  DBG  Decrypting secret element using Windows DPAPI.
2024-09-24 11:41:12.415 +05:30  DBG  Forwarded activator type request from Microsoft.AspNetCore.DataProtection.AuthenticatedEncryption.ConfigurationModel.AuthenticatedEncryptorDescriptorDeserializer, Microsoft.AspNetCore.DataProtection, Version=8.0.0.0, Culture=neutral, PublicKeyToken=adb9793829ddae60 to Microsoft.AspNetCore.DataProtection.AuthenticatedEncryption.ConfigurationModel.AuthenticatedEncryptorDescriptorDeserializer, Microsoft.AspNetCore.DataProtection, Culture=neutral, PublicKeyToken=adb9793829ddae60
2024-09-24 11:41:12.417 +05:30  DBG  Opening CNG algorithm 'AES' from provider 'null' with chaining mode CBC.
2024-09-24 11:41:12.421 +05:30  DBG  Opening CNG algorithm 'SHA256' from provider 'null' with HMAC.
2024-09-24 11:41:12.425 +05:30  DBG  Using key {36f6fa2d-df91-4e24-9271-a530e4737995} as the default key.
2024-09-24 11:41:12.427 +05:30  DBG  Key ring with default key {36f6fa2d-df91-4e24-9271-a530e4737995} was loaded during application startup.
2024-09-24 11:41:12.631 +05:30  DBG  Connection id "0HN6SBUOD3DJV" received FIN.
2024-09-24 11:41:12.641 +05:30  DBG  Connection id "0HN6SBUOD3DJV" accepted.
2024-09-24 11:41:12.643 +05:30  INF  Now listening on: https://localhost:7113
2024-09-24 11:41:12.643 +05:30  DBG  Connection id "0HN6SBUOD3DJV" started.
2024-09-24 11:41:12.644 +05:30  INF  Now listening on: http://localhost:5081
2024-09-24 11:41:12.646 +05:30  DBG  Loaded hosting startup assembly Web.Ecommerce
2024-09-24 11:41:12.647 +05:30  DBG  Loaded hosting startup assembly Microsoft.AspNetCore.Watch.BrowserRefresh
2024-09-24 11:41:12.647 +05:30  DBG  Loaded hosting startup assembly Microsoft.WebTools.BrowserLink.Net
2024-09-24 11:41:12.649 +05:30  INF  Application started. Press Ctrl+C to shut down.
2024-09-24 11:41:12.650 +05:30  INF  Hosting environment: Development
2024-09-24 11:41:12.651 +05:30  INF  Content root path: C:\Users\arjun.hariprasad\source\.NET\Ecommerce\EcommerceSolution\CodeBase\Src\Presentation\Web.Ecommerce
2024-09-24 11:41:12.652 +05:30  DBG  Hosting started
2024-09-24 11:41:12.663 +05:30  DBG  Failed to authenticate HTTPS connection.System.IO.IOException: Received an unexpected EOF or 0 bytes from the transport stream.
   at System.Net.Security.SslStream.ReceiveHandshakeFrameAsync[TIOAdapter](CancellationToken cancellationToken)
   at System.Net.Security.SslStream.ForceAuthenticationAsync[TIOAdapter](Boolean receiveFirst, Byte[] reAuthenticationData, CancellationToken cancellationToken)
   at System.Net.Security.SslStream.ProcessAuthenticationWithTelemetryAsync(Boolean isAsync, CancellationToken cancellationToken)
   at Microsoft.AspNetCore.Server.Kestrel.Https.Internal.HttpsConnectionMiddleware.OnConnectionAsync(ConnectionContext context)

2024-09-24 11:41:12.679 +05:30  DBG  Connection id "0HN6SBUOD3DJV" stopped.
2024-09-24 11:41:12.689 +05:30  DBG  Connection id "0HN6SBUOD3DJV" sending FIN because: "The Socket transport's send loop completed gracefully."
2024-09-24 11:41:13.226 +05:30  DBG  Connection id "0HN6SBUOD3DK0" accepted.
2024-09-24 11:41:13.258 +05:30  DBG  Connection id "0HN6SBUOD3DK0" started.
2024-09-24 11:41:13.296 +05:30  DBG  Connection 0HN6SBUOD3DK0 established using the following protocol: "Tls12"
2024-09-24 11:41:13.357 +05:30  VRB  Connection id "0HN6SBUOD3DK0" sending "SETTINGS" frame for stream ID 0 with length 24 and flags "NONE".
2024-09-24 11:41:13.361 +05:30  VRB  Connection id "0HN6SBUOD3DK0" sending "WINDOW_UPDATE" frame for stream ID 0 with length 4 and flags 0x0.
2024-09-24 11:41:13.363 +05:30  VRB  Connection id "0HN6SBUOD3DK0" received "SETTINGS" frame for stream ID 0 with length 24 and flags "NONE".
2024-09-24 11:41:13.365 +05:30  VRB  Connection id "0HN6SBUOD3DK0" sending "SETTINGS" frame for stream ID 0 with length 0 and flags "ACK".
2024-09-24 11:41:13.371 +05:30  VRB  Connection id "0HN6SBUOD3DK0" received "WINDOW_UPDATE" frame for stream ID 0 with length 4 and flags 0x0.
2024-09-24 11:41:13.373 +05:30  VRB  Connection id "0HN6SBUOD3DK0" received "HEADERS" frame for stream ID 1 with length 469 and flags "END_STREAM, END_HEADERS, PRIORITY".
2024-09-24 11:41:13.398 +05:30  VRB  Connection id "0HN6SBUOD3DK0" received "SETTINGS" frame for stream ID 0 with length 0 and flags "ACK".
2024-09-24 11:41:13.440 +05:30  INF  Request starting HTTP/2 GET https://localhost:7113/swagger/index.html - null null
2024-09-24 11:41:13.569 +05:30  DBG  Wildcard detected, all requests with hosts will be allowed.
2024-09-24 11:41:13.570 +05:30  VRB  All hosts are allowed.
2024-09-24 11:41:13.590 +05:30  DBG  No candidates found for the request path '/swagger/index.html'
2024-09-24 11:41:13.591 +05:30  DBG  Request did not match any endpoints
2024-09-24 11:41:13.701 +05:30  DBG  Response markup is scheduled to include Browser Link script injection.
2024-09-24 11:41:13.704 +05:30  DBG  Response markup is scheduled to include browser refresh script injection.
2024-09-24 11:41:13.707 +05:30  VRB  Connection id "0HN6SBUOD3DK0" sending "HEADERS" frame for stream ID 1 with length 66 and flags "END_HEADERS".
2024-09-24 11:41:13.709 +05:30  VRB  Connection id "0HN6SBUOD3DK0" sending "DATA" frame for stream ID 1 with length 698 and flags "NONE".
2024-09-24 11:41:13.709 +05:30  DBG  Response markup was updated to include Browser Link script injection.
2024-09-24 11:41:13.711 +05:30  VRB  Connection id "0HN6SBUOD3DK0" sending "DATA" frame for stream ID 1 with length 438 and flags "NONE".
2024-09-24 11:41:13.712 +05:30  DBG  Response markup was updated to include browser refresh script injection.
2024-09-24 11:41:13.719 +05:30  VRB  Connection id "0HN6SBUOD3DK0" sending "DATA" frame for stream ID 1 with length 0 and flags "END_STREAM".
2024-09-24 11:41:13.721 +05:30  INF  Request finished HTTP/2 GET https://localhost:7113/swagger/index.html - 200 null text/html;charset=utf-8 293.0962ms
2024-09-24 11:41:13.728 +05:30  VRB  Connection id "0HN6SBUOD3DK0" received "HEADERS" frame for stream ID 3 with length 115 and flags "END_STREAM, END_HEADERS, PRIORITY".
2024-09-24 11:41:13.733 +05:30  VRB  Connection id "0HN6SBUOD3DK0" received "HEADERS" frame for stream ID 5 with length 35 and flags "END_STREAM, END_HEADERS, PRIORITY".
2024-09-24 11:41:13.737 +05:30  INF  Request starting HTTP/2 GET https://localhost:7113/_framework/aspnetcore-browser-refresh.js - null null
2024-09-24 11:41:13.739 +05:30  INF  Request starting HTTP/2 GET https://localhost:7113/swagger/index.js - null null
2024-09-24 11:41:13.739 +05:30  VRB  Connection id "0HN6SBUOD3DK0" received "HEADERS" frame for stream ID 7 with length 57 and flags "END_STREAM, END_HEADERS, PRIORITY".
2024-09-24 11:41:13.744 +05:30  VRB  All hosts are allowed.
2024-09-24 11:41:13.746 +05:30  DBG  No candidates found for the request path '/swagger/index.js'
2024-09-24 11:41:13.747 +05:30  INF  Request starting HTTP/2 GET https://localhost:7113/_vs/browserLink - null null
2024-09-24 11:41:13.747 +05:30  DBG  Request did not match any endpoints
2024-09-24 11:41:13.748 +05:30  VRB  Connection id "0HN6SBUOD3DK0" sending "HEADERS" frame for stream ID 3 with length 60 and flags "END_HEADERS".
2024-09-24 11:41:13.753 +05:30  INF  Request finished HTTP/2 GET https://localhost:7113/swagger/index.js - 200 null application/javascript;charset=utf-8 14.7336ms
2024-09-24 11:41:13.754 +05:30  VRB  Connection id "0HN6SBUOD3DK0" sending "DATA" frame for stream ID 3 with length 13762 and flags "NONE".
2024-09-24 11:41:13.764 +05:30  VRB  Connection id "0HN6SBUOD3DK0" sending "HEADERS" frame for stream ID 5 with length 41 and flags "END_HEADERS".
2024-09-24 11:41:13.767 +05:30  INF  Request finished HTTP/2 GET https://localhost:7113/_framework/aspnetcore-browser-refresh.js - 200 13762 application/javascript; charset=utf-8 30.6529ms
2024-09-24 11:41:13.767 +05:30  VRB  Connection id "0HN6SBUOD3DK0" sending "DATA" frame for stream ID 5 with length 3005 and flags "END_STREAM".
2024-09-24 11:41:13.773 +05:30  VRB  Connection id "0HN6SBUOD3DK0" sending "DATA" frame for stream ID 3 with length 0 and flags "END_STREAM".
2024-09-24 11:41:13.789 +05:30  VRB  Connection id "0HN6SBUOD3DK0" sending "HEADERS" frame for stream ID 7 with length 119 and flags "END_HEADERS".
2024-09-24 11:41:13.791 +05:30  VRB  Connection id "0HN6SBUOD3DK0" sending "DATA" frame for stream ID 7 with length 9986 and flags "NONE".
2024-09-24 11:41:13.795 +05:30  VRB  Connection id "0HN6SBUOD3DK0" sending "DATA" frame for stream ID 7 with length 10240 and flags "NONE".
2024-09-24 11:41:13.798 +05:30  VRB  Connection id "0HN6SBUOD3DK0" sending "DATA" frame for stream ID 7 with length 10240 and flags "NONE".
2024-09-24 11:41:13.803 +05:30  VRB  Connection id "0HN6SBUOD3DK0" sending "DATA" frame for stream ID 7 with length 10240 and flags "NONE".
2024-09-24 11:41:13.806 +05:30  VRB  Connection id "0HN6SBUOD3DK0" sending "DATA" frame for stream ID 7 with length 10240 and flags "NONE".
2024-09-24 11:41:13.809 +05:30  VRB  Connection id "0HN6SBUOD3DK0" sending "DATA" frame for stream ID 7 with length 10240 and flags "NONE".
2024-09-24 11:41:13.812 +05:30  VRB  Connection id "0HN6SBUOD3DK0" sending "DATA" frame for stream ID 7 with length 10240 and flags "NONE".
2024-09-24 11:41:13.814 +05:30  VRB  Connection id "0HN6SBUOD3DK0" sending "DATA" frame for stream ID 7 with length 10240 and flags "NONE".
2024-09-24 11:41:13.820 +05:30  VRB  Connection id "0HN6SBUOD3DK0" sending "DATA" frame for stream ID 7 with length 10240 and flags "NONE".
2024-09-24 11:41:13.823 +05:30  VRB  Connection id "0HN6SBUOD3DK0" sending "DATA" frame for stream ID 7 with length 10240 and flags "NONE".
2024-09-24 11:41:13.825 +05:30  VRB  Connection id "0HN6SBUOD3DK0" sending "DATA" frame for stream ID 7 with length 10240 and flags "NONE".
2024-09-24 11:41:13.827 +05:30  VRB  Connection id "0HN6SBUOD3DK0" sending "DATA" frame for stream ID 7 with length 10240 and flags "NONE".
2024-09-24 11:41:13.829 +05:30  VRB  Connection id "0HN6SBUOD3DK0" sending "DATA" frame for stream ID 7 with length 10240 and flags "NONE".
2024-09-24 11:41:13.831 +05:30  VRB  Connection id "0HN6SBUOD3DK0" sending "DATA" frame for stream ID 7 with length 10240 and flags "NONE".
2024-09-24 11:41:13.838 +05:30  VRB  Connection id "0HN6SBUOD3DK0" sending "DATA" frame for stream ID 7 with length 10240 and flags "NONE".
2024-09-24 11:41:13.842 +05:30  VRB  Connection id "0HN6SBUOD3DK0" sending "DATA" frame for stream ID 7 with length 160 and flags "NONE".
2024-09-24 11:41:13.843 +05:30  INF  Request finished HTTP/2 GET https://localhost:7113/_vs/browserLink - 200 null text/javascript; charset=UTF-8 96.3411ms
2024-09-24 11:41:13.845 +05:30  VRB  Connection id "0HN6SBUOD3DK0" sending "DATA" frame for stream ID 7 with length 0 and flags "END_STREAM".
2024-09-24 11:41:13.921 +05:30  VRB  Connection id "0HN6SBUOD3DK0" received "HEADERS" frame for stream ID 9 with length 74 and flags "END_STREAM, END_HEADERS, PRIORITY".
2024-09-24 11:41:13.924 +05:30  INF  Request starting HTTP/2 GET https://localhost:7113/swagger/v1/swagger.json - null null
2024-09-24 11:41:13.927 +05:30  VRB  All hosts are allowed.
2024-09-24 11:41:13.927 +05:30  DBG  No candidates found for the request path '/swagger/v1/swagger.json'
2024-09-24 11:41:13.928 +05:30  DBG  Request did not match any endpoints
2024-09-24 11:41:14.047 +05:30  VRB  Connection id "0HN6SBUOD3DK0" sending "HEADERS" frame for stream ID 9 with length 35 and flags "END_HEADERS".
2024-09-24 11:41:14.050 +05:30  VRB  Connection id "0HN6SBUOD3DK0" sending "DATA" frame for stream ID 9 with length 16384 and flags "NONE".
2024-09-24 11:41:14.053 +05:30  VRB  Connection id "0HN6SBUOD3DK0" sending "DATA" frame for stream ID 9 with length 6588 and flags "NONE".
2024-09-24 11:41:14.057 +05:30  VRB  Connection id "0HN6SBUOD3DK0" sending "DATA" frame for stream ID 9 with length 0 and flags "END_STREAM".
2024-09-24 11:41:14.057 +05:30  INF  Request finished HTTP/2 GET https://localhost:7113/swagger/v1/swagger.json - 200 null application/json;charset=utf-8 132.7797ms
2024-09-24 11:41:15.119 +05:30  DBG  Connection id "0HN6SBUOD3DK0" received FIN.
2024-09-24 11:41:15.121 +05:30  DBG  Connection id "0HN6SBUOD3DK0" is closed. The last processed stream ID was 9.
2024-09-24 11:41:15.122 +05:30  DBG  The connection queue processing loop for 0HN6SBUOD3DK0 completed.
2024-09-24 11:41:15.122 +05:30  DBG  Connection id "0HN6SBUOD3DK0" sending FIN because: "The Socket transport's send loop completed gracefully."
2024-09-24 11:41:15.126 +05:30  DBG  Connection id "0HN6SBUOD3DK0" stopped.
2024-09-24 11:41:42.979 +05:30  DBG  Connection id "0HN6SBUOD3DK1" accepted.
2024-09-24 11:41:42.990 +05:30  DBG  Connection id "0HN6SBUOD3DK1" started.
2024-09-24 11:41:42.996 +05:30  DBG  Connection 0HN6SBUOD3DK1 established using the following protocol: "Tls12"
2024-09-24 11:41:42.997 +05:30  VRB  Connection id "0HN6SBUOD3DK1" sending "SETTINGS" frame for stream ID 0 with length 24 and flags "NONE".
2024-09-24 11:41:42.999 +05:30  VRB  Connection id "0HN6SBUOD3DK1" sending "WINDOW_UPDATE" frame for stream ID 0 with length 4 and flags 0x0.
2024-09-24 11:41:43.005 +05:30  VRB  Connection id "0HN6SBUOD3DK1" received "SETTINGS" frame for stream ID 0 with length 24 and flags "NONE".
2024-09-24 11:41:43.007 +05:30  VRB  Connection id "0HN6SBUOD3DK1" sending "SETTINGS" frame for stream ID 0 with length 0 and flags "ACK".
2024-09-24 11:41:43.008 +05:30  VRB  Connection id "0HN6SBUOD3DK1" received "WINDOW_UPDATE" frame for stream ID 0 with length 4 and flags 0x0.
2024-09-24 11:41:43.010 +05:30  VRB  Connection id "0HN6SBUOD3DK1" received "HEADERS" frame for stream ID 1 with length 335 and flags "END_STREAM, END_HEADERS, PRIORITY".
2024-09-24 11:41:43.011 +05:30  VRB  Connection id "0HN6SBUOD3DK1" received "SETTINGS" frame for stream ID 0 with length 0 and flags "ACK".
2024-09-24 11:41:43.011 +05:30  INF  Request starting HTTP/2 OPTIONS https://localhost:7113/api/Account/Login - null null
2024-09-24 11:41:43.015 +05:30  VRB  All hosts are allowed.
2024-09-24 11:41:43.021 +05:30  DBG  1 candidate(s) found for the request path '/api/Account/Login'
2024-09-24 11:41:43.023 +05:30  DBG  Request matched endpoint '405 HTTP Method Not Supported'
2024-09-24 11:41:43.024 +05:30  VRB  The endpoint does not specify the IRequestSizeLimitMetadata.
2024-09-24 11:41:43.026 +05:30  DBG  Static files was skipped as the request already matched an endpoint.
2024-09-24 11:41:43.095 +05:30  DBG  AuthenticationScheme: Bearer was not authenticated.
2024-09-24 11:41:43.098 +05:30  INF  Executing endpoint '405 HTTP Method Not Supported'
2024-09-24 11:41:43.099 +05:30  INF  Executed endpoint '405 HTTP Method Not Supported'
2024-09-24 11:41:43.100 +05:30  INF  Request finished HTTP/2 OPTIONS https://localhost:7113/api/Account/Login - 405 0 null 88.7021ms
2024-09-24 11:41:43.100 +05:30  VRB  Connection id "0HN6SBUOD3DK1" sending "HEADERS" frame for stream ID 1 with length 55 and flags "END_STREAM, END_HEADERS".
2024-09-24 11:41:50.160 +05:30  DBG  Connection id "0HN6SBUOD3DK1" received FIN.
2024-09-24 11:41:50.163 +05:30  DBG  Connection id "0HN6SBUOD3DK1" is closed. The last processed stream ID was 1.
2024-09-24 11:41:50.163 +05:30  DBG  The connection queue processing loop for 0HN6SBUOD3DK1 completed.
2024-09-24 11:41:50.164 +05:30  DBG  Connection id "0HN6SBUOD3DK1" sending FIN because: "The Socket transport's send loop completed gracefully."
2024-09-24 11:41:50.166 +05:30  DBG  Connection id "0HN6SBUOD3DK1" stopped.
2024-09-24 11:46:38.285 +05:30  DBG  Connection id "0HN6SBUOD3DK2" accepted.
2024-09-24 11:46:38.288 +05:30  DBG  Connection id "0HN6SBUOD3DK2" started.
2024-09-24 11:46:38.304 +05:30  DBG  Connection 0HN6SBUOD3DK2 established using the following protocol: "Tls12"
2024-09-24 11:46:38.309 +05:30  VRB  Connection id "0HN6SBUOD3DK2" sending "SETTINGS" frame for stream ID 0 with length 24 and flags "NONE".
2024-09-24 11:46:38.312 +05:30  VRB  Connection id "0HN6SBUOD3DK2" sending "WINDOW_UPDATE" frame for stream ID 0 with length 4 and flags 0x0.
2024-09-24 11:46:38.313 +05:30  VRB  Connection id "0HN6SBUOD3DK2" received "SETTINGS" frame for stream ID 0 with length 24 and flags "NONE".
2024-09-24 11:46:38.315 +05:30  VRB  Connection id "0HN6SBUOD3DK2" sending "SETTINGS" frame for stream ID 0 with length 0 and flags "ACK".
2024-09-24 11:46:38.317 +05:30  VRB  Connection id "0HN6SBUOD3DK2" received "WINDOW_UPDATE" frame for stream ID 0 with length 4 and flags 0x0.
2024-09-24 11:46:38.318 +05:30  VRB  Connection id "0HN6SBUOD3DK2" received "HEADERS" frame for stream ID 1 with length 500 and flags "END_STREAM, END_HEADERS, PRIORITY".
2024-09-24 11:46:38.323 +05:30  VRB  Connection id "0HN6SBUOD3DK2" received "SETTINGS" frame for stream ID 0 with length 0 and flags "ACK".
2024-09-24 11:46:38.325 +05:30  INF  Request starting HTTP/2 GET https://localhost:7113/swagger/index.html - null null
2024-09-24 11:46:38.402 +05:30  VRB  All hosts are allowed.
2024-09-24 11:46:38.404 +05:30  DBG  No candidates found for the request path '/swagger/index.html'
2024-09-24 11:46:38.405 +05:30  DBG  Request did not match any endpoints
2024-09-24 11:46:38.416 +05:30  DBG  Response markup is scheduled to include Browser Link script injection.
2024-09-24 11:46:38.416 +05:30  DBG  Response markup is scheduled to include browser refresh script injection.
2024-09-24 11:46:38.418 +05:30  VRB  Connection id "0HN6SBUOD3DK2" sending "HEADERS" frame for stream ID 1 with length 66 and flags "END_HEADERS".
2024-09-24 11:46:38.418 +05:30  DBG  Response markup was updated to include Browser Link script injection.
2024-09-24 11:46:38.420 +05:30  VRB  Connection id "0HN6SBUOD3DK2" sending "DATA" frame for stream ID 1 with length 1136 and flags "NONE".
2024-09-24 11:46:38.420 +05:30  DBG  Response markup was updated to include browser refresh script injection.
2024-09-24 11:46:38.422 +05:30  VRB  Connection id "0HN6SBUOD3DK2" sending "DATA" frame for stream ID 1 with length 0 and flags "END_STREAM".
2024-09-24 11:46:38.422 +05:30  INF  Request finished HTTP/2 GET https://localhost:7113/swagger/index.html - 200 null text/html;charset=utf-8 97.9095ms
2024-09-24 11:46:38.494 +05:30  VRB  Connection id "0HN6SBUOD3DK2" received "HEADERS" frame for stream ID 3 with length 57 and flags "END_STREAM, END_HEADERS, PRIORITY".
2024-09-24 11:46:38.497 +05:30  INF  Request starting HTTP/2 GET https://localhost:7113/swagger/index.js - null null
2024-09-24 11:46:38.499 +05:30  VRB  All hosts are allowed.
2024-09-24 11:46:38.500 +05:30  DBG  No candidates found for the request path '/swagger/index.js'
2024-09-24 11:46:38.501 +05:30  DBG  Request did not match any endpoints
2024-09-24 11:46:38.501 +05:30  VRB  Connection id "0HN6SBUOD3DK2" received "HEADERS" frame for stream ID 5 with length 52 and flags "END_STREAM, END_HEADERS, PRIORITY".
2024-09-24 11:46:38.502 +05:30  VRB  Connection id "0HN6SBUOD3DK2" sending "HEADERS" frame for stream ID 3 with length 41 and flags "END_HEADERS".
2024-09-24 11:46:38.502 +05:30  INF  Request finished HTTP/2 GET https://localhost:7113/swagger/index.js - 200 null application/javascript;charset=utf-8 5.4839ms
2024-09-24 11:46:38.503 +05:30  VRB  Connection id "0HN6SBUOD3DK2" received "HEADERS" frame for stream ID 7 with length 57 and flags "END_STREAM, END_HEADERS, PRIORITY".
2024-09-24 11:46:38.503 +05:30  INF  Request starting HTTP/2 GET https://localhost:7113/_framework/aspnetcore-browser-refresh.js - null null
2024-09-24 11:46:38.505 +05:30  VRB  Connection id "0HN6SBUOD3DK2" sending "DATA" frame for stream ID 3 with length 3005 and flags "END_STREAM".
2024-09-24 11:46:38.512 +05:30  INF  Request starting HTTP/2 GET https://localhost:7113/_vs/browserLink - null null
2024-09-24 11:46:38.518 +05:30  VRB  Connection id "0HN6SBUOD3DK2" sending "HEADERS" frame for stream ID 5 with length 60 and flags "END_HEADERS".
2024-09-24 11:46:38.522 +05:30  VRB  Connection id "0HN6SBUOD3DK2" sending "DATA" frame for stream ID 5 with length 13762 and flags "NONE".
2024-09-24 11:46:38.524 +05:30  VRB  Connection id "0HN6SBUOD3DK2" sending "DATA" frame for stream ID 5 with length 0 and flags "END_STREAM".
2024-09-24 11:46:38.524 +05:30  INF  Request finished HTTP/2 GET https://localhost:7113/_framework/aspnetcore-browser-refresh.js - 200 13762 application/javascript; charset=utf-8 20.5475ms
2024-09-24 11:46:38.529 +05:30  VRB  Connection id "0HN6SBUOD3DK2" sending "HEADERS" frame for stream ID 7 with length 149 and flags "END_HEADERS".
2024-09-24 11:46:38.532 +05:30  VRB  Connection id "0HN6SBUOD3DK2" sending "DATA" frame for stream ID 7 with length 9986 and flags "NONE".
2024-09-24 11:46:38.536 +05:30  VRB  Connection id "0HN6SBUOD3DK2" sending "DATA" frame for stream ID 7 with length 10240 and flags "NONE".
2024-09-24 11:46:38.538 +05:30  VRB  Connection id "0HN6SBUOD3DK2" sending "DATA" frame for stream ID 7 with length 10240 and flags "NONE".
2024-09-24 11:46:38.541 +05:30  VRB  Connection id "0HN6SBUOD3DK2" sending "DATA" frame for stream ID 7 with length 10240 and flags "NONE".
2024-09-24 11:46:38.544 +05:30  VRB  Connection id "0HN6SBUOD3DK2" sending "DATA" frame for stream ID 7 with length 10240 and flags "NONE".
2024-09-24 11:46:38.546 +05:30  VRB  Connection id "0HN6SBUOD3DK2" sending "DATA" frame for stream ID 7 with length 10240 and flags "NONE".
2024-09-24 11:46:38.549 +05:30  VRB  Connection id "0HN6SBUOD3DK2" sending "DATA" frame for stream ID 7 with length 10240 and flags "NONE".
2024-09-24 11:46:38.552 +05:30  VRB  Connection id "0HN6SBUOD3DK2" sending "DATA" frame for stream ID 7 with length 10240 and flags "NONE".
2024-09-24 11:46:38.556 +05:30  VRB  Connection id "0HN6SBUOD3DK2" sending "DATA" frame for stream ID 7 with length 10240 and flags "NONE".
2024-09-24 11:46:38.558 +05:30  VRB  Connection id "0HN6SBUOD3DK2" sending "DATA" frame for stream ID 7 with length 10240 and flags "NONE".
2024-09-24 11:46:38.561 +05:30  VRB  Connection id "0HN6SBUOD3DK2" sending "DATA" frame for stream ID 7 with length 10240 and flags "NONE".
2024-09-24 11:46:38.563 +05:30  VRB  Connection id "0HN6SBUOD3DK2" sending "DATA" frame for stream ID 7 with length 10240 and flags "NONE".
2024-09-24 11:46:38.566 +05:30  VRB  Connection id "0HN6SBUOD3DK2" sending "DATA" frame for stream ID 7 with length 10240 and flags "NONE".
2024-09-24 11:46:38.568 +05:30  VRB  Connection id "0HN6SBUOD3DK2" sending "DATA" frame for stream ID 7 with length 10240 and flags "NONE".
2024-09-24 11:46:38.570 +05:30  VRB  Connection id "0HN6SBUOD3DK2" sending "DATA" frame for stream ID 7 with length 10240 and flags "NONE".
2024-09-24 11:46:38.572 +05:30  VRB  Connection id "0HN6SBUOD3DK2" sending "DATA" frame for stream ID 7 with length 160 and flags "NONE".
2024-09-24 11:46:38.572 +05:30  INF  Request finished HTTP/2 GET https://localhost:7113/_vs/browserLink - 200 null text/javascript; charset=UTF-8 59.6167ms
2024-09-24 11:46:38.573 +05:30  VRB  Connection id "0HN6SBUOD3DK2" sending "DATA" frame for stream ID 7 with length 0 and flags "END_STREAM".
2024-09-24 11:46:38.607 +05:30  VRB  Connection id "0HN6SBUOD3DK2" received "HEADERS" frame for stream ID 9 with length 74 and flags "END_STREAM, END_HEADERS, PRIORITY".
2024-09-24 11:46:38.609 +05:30  INF  Request starting HTTP/2 GET https://localhost:7113/swagger/v1/swagger.json - null null
2024-09-24 11:46:38.611 +05:30  VRB  All hosts are allowed.
2024-09-24 11:46:38.611 +05:30  DBG  No candidates found for the request path '/swagger/v1/swagger.json'
2024-09-24 11:46:38.612 +05:30  DBG  Request did not match any endpoints
2024-09-24 11:46:38.626 +05:30  VRB  Connection id "0HN6SBUOD3DK2" received "HEADERS" frame for stream ID 11 with length 137 and flags "END_STREAM, END_HEADERS, PRIORITY".
2024-09-24 11:46:38.628 +05:30  INF  Request starting HTTP/2 GET https://localhost:7113/swagger/favicon-32x32.png - null null
2024-09-24 11:46:38.630 +05:30  VRB  All hosts are allowed.
2024-09-24 11:46:38.631 +05:30  DBG  No candidates found for the request path '/swagger/favicon-32x32.png'
2024-09-24 11:46:38.631 +05:30  DBG  Request did not match any endpoints
2024-09-24 11:46:38.642 +05:30  VRB  Connection id "0HN6SBUOD3DK2" sending "HEADERS" frame for stream ID 9 with length 35 and flags "END_HEADERS".
2024-09-24 11:46:38.643 +05:30  VRB  Range header's value is empty.
2024-09-24 11:46:38.644 +05:30  VRB  Connection id "0HN6SBUOD3DK2" sending "DATA" frame for stream ID 9 with length 16384 and flags "NONE".
2024-09-24 11:46:38.645 +05:30  INF  The file /favicon-32x32.png was not modified
2024-09-24 11:46:38.646 +05:30  VRB  Connection id "0HN6SBUOD3DK2" sending "DATA" frame for stream ID 9 with length 6588 and flags "NONE".
2024-09-24 11:46:38.647 +05:30  DBG  Handled. Status code: 304 File: /favicon-32x32.png
2024-09-24 11:46:38.648 +05:30  VRB  Connection id "0HN6SBUOD3DK2" sending "DATA" frame for stream ID 9 with length 0 and flags "END_STREAM".
2024-09-24 11:46:38.648 +05:30  INF  Request finished HTTP/2 GET https://localhost:7113/swagger/v1/swagger.json - 200 null application/json;charset=utf-8 39.1711ms
2024-09-24 11:46:38.649 +05:30  INF  Request finished HTTP/2 GET https://localhost:7113/swagger/favicon-32x32.png - 304 null image/png 21.7211ms
2024-09-24 11:46:38.651 +05:30  VRB  Connection id "0HN6SBUOD3DK2" sending "HEADERS" frame for stream ID 11 with length 71 and flags "END_STREAM, END_HEADERS".
2024-09-24 11:46:40.609 +05:30  DBG  Connection id "0HN6SBUOD3DK2" received FIN.
2024-09-24 11:46:40.612 +05:30  DBG  Connection id "0HN6SBUOD3DK2" is closed. The last processed stream ID was 11.
2024-09-24 11:46:40.612 +05:30  DBG  The connection queue processing loop for 0HN6SBUOD3DK2 completed.
2024-09-24 11:46:40.613 +05:30  DBG  Connection id "0HN6SBUOD3DK2" sending FIN because: "The Socket transport's send loop completed gracefully."
2024-09-24 11:46:40.616 +05:30  DBG  Connection id "0HN6SBUOD3DK2" stopped.
2024-09-24 11:46:47.524 +05:30  DBG  Connection id "0HN6SBUOD3DK3" accepted.
2024-09-24 11:46:47.526 +05:30  DBG  Connection id "0HN6SBUOD3DK3" started.
2024-09-24 11:46:47.531 +05:30  DBG  Connection 0HN6SBUOD3DK3 established using the following protocol: "Tls12"
2024-09-24 11:46:47.533 +05:30  VRB  Connection id "0HN6SBUOD3DK3" sending "SETTINGS" frame for stream ID 0 with length 24 and flags "NONE".
2024-09-24 11:46:47.535 +05:30  VRB  Connection id "0HN6SBUOD3DK3" sending "WINDOW_UPDATE" frame for stream ID 0 with length 4 and flags 0x0.
2024-09-24 11:46:47.537 +05:30  VRB  Connection id "0HN6SBUOD3DK3" received "SETTINGS" frame for stream ID 0 with length 24 and flags "NONE".
2024-09-24 11:46:47.539 +05:30  VRB  Connection id "0HN6SBUOD3DK3" sending "SETTINGS" frame for stream ID 0 with length 0 and flags "ACK".
2024-09-24 11:46:47.541 +05:30  VRB  Connection id "0HN6SBUOD3DK3" received "WINDOW_UPDATE" frame for stream ID 0 with length 4 and flags 0x0.
2024-09-24 11:46:47.543 +05:30  VRB  Connection id "0HN6SBUOD3DK3" received "HEADERS" frame for stream ID 1 with length 335 and flags "END_STREAM, END_HEADERS, PRIORITY".
2024-09-24 11:46:47.546 +05:30  VRB  Connection id "0HN6SBUOD3DK3" received "SETTINGS" frame for stream ID 0 with length 0 and flags "ACK".
2024-09-24 11:46:47.546 +05:30  INF  Request starting HTTP/2 OPTIONS https://localhost:7113/api/Account/Login - null null
2024-09-24 11:46:47.552 +05:30  VRB  All hosts are allowed.
2024-09-24 11:46:47.553 +05:30  DBG  1 candidate(s) found for the request path '/api/Account/Login'
2024-09-24 11:46:47.554 +05:30  DBG  Request matched endpoint '405 HTTP Method Not Supported'
2024-09-24 11:46:47.555 +05:30  VRB  The endpoint does not specify the IRequestSizeLimitMetadata.
2024-09-24 11:46:47.555 +05:30  DBG  Static files was skipped as the request already matched an endpoint.
2024-09-24 11:46:47.559 +05:30  DBG  AuthenticationScheme: Bearer was not authenticated.
2024-09-24 11:46:47.561 +05:30  INF  Executing endpoint '405 HTTP Method Not Supported'
2024-09-24 11:46:47.562 +05:30  INF  Executed endpoint '405 HTTP Method Not Supported'
2024-09-24 11:46:47.563 +05:30  INF  Request finished HTTP/2 OPTIONS https://localhost:7113/api/Account/Login - 405 0 null 16.6201ms
2024-09-24 11:46:47.563 +05:30  VRB  Connection id "0HN6SBUOD3DK3" sending "HEADERS" frame for stream ID 1 with length 55 and flags "END_STREAM, END_HEADERS".
2024-09-24 11:46:50.618 +05:30  DBG  Connection id "0HN6SBUOD3DK3" received FIN.
2024-09-24 11:46:50.624 +05:30  DBG  Connection id "0HN6SBUOD3DK3" is closed. The last processed stream ID was 1.
2024-09-24 11:46:50.624 +05:30  DBG  The connection queue processing loop for 0HN6SBUOD3DK3 completed.
2024-09-24 11:46:50.629 +05:30  DBG  Connection id "0HN6SBUOD3DK3" sending FIN because: "The Socket transport's send loop completed gracefully."
2024-09-24 11:46:50.634 +05:30  DBG  Connection id "0HN6SBUOD3DK3" stopped.
2024-09-24 11:47:12.324 +05:30  DBG  Registered model binder providers, in the following order: ["Microsoft.AspNetCore.Mvc.ModelBinding.Binders.BinderTypeModelBinderProvider","Microsoft.AspNetCore.Mvc.ModelBinding.Binders.ServicesModelBinderProvider","Microsoft.AspNetCore.Mvc.ModelBinding.Binders.BodyModelBinderProvider","Microsoft.AspNetCore.Mvc.ModelBinding.Binders.HeaderModelBinderProvider","Microsoft.AspNetCore.Mvc.ModelBinding.Binders.FloatingPointTypeModelBinderProvider","Microsoft.AspNetCore.Mvc.ModelBinding.Binders.EnumTypeModelBinderProvider","Microsoft.AspNetCore.Mvc.ModelBinding.Binders.DateTimeModelBinderProvider","Microsoft.AspNetCore.Mvc.ModelBinding.Binders.SimpleTypeModelBinderProvider","Microsoft.AspNetCore.Mvc.ModelBinding.Binders.TryParseModelBinderProvider","Microsoft.AspNetCore.Mvc.ModelBinding.Binders.CancellationTokenModelBinderProvider","Microsoft.AspNetCore.Mvc.ModelBinding.Binders.ByteArrayModelBinderProvider","Microsoft.AspNetCore.Mvc.ModelBinding.Binders.FormFileModelBinderProvider","Microsoft.AspNetCore.Mvc.ModelBinding.Binders.FormCollectionModelBinderProvider","Microsoft.AspNetCore.Mvc.ModelBinding.Binders.KeyValuePairModelBinderProvider","Microsoft.AspNetCore.Mvc.ModelBinding.Binders.DictionaryModelBinderProvider","Microsoft.AspNetCore.Mvc.ModelBinding.Binders.ArrayModelBinderProvider","Microsoft.AspNetCore.Mvc.ModelBinding.Binders.CollectionModelBinderProvider","Microsoft.AspNetCore.Mvc.ModelBinding.Binders.ComplexObjectModelBinderProvider"]
2024-09-24 11:47:12.615 +05:30  DBG  An 'IServiceProvider' was created for internal use by Entity Framework.
2024-09-24 11:47:12.755 +05:30  INF  User profile is available. Using 'C:\Users\arjun.hariprasad\AppData\Local\ASP.NET\DataProtection-Keys' as key repository and Windows DPAPI to encrypt keys at rest.
2024-09-24 11:47:13.110 +05:30  WRN  Navigations 'Order.Payments' and 'Payment.Order' were separated into two relationships since the [ForeignKey] attribute was specified on navigations on both sides.
2024-09-24 11:47:13.115 +05:30  WRN  Navigations 'Order.Return' and 'Return.Order' were separated into two relationships since the [ForeignKey] attribute was specified on navigations on both sides.
2024-09-24 11:47:13.120 +05:30  WRN  Navigations 'Payment.Return' and 'Return.Payment' were separated into two relationships since the [ForeignKey] attribute was specified on navigations on both sides.
2024-09-24 11:47:13.197 +05:30  WRN  Navigations 'Order.Payments' and 'Payment.Order' were separated into two relationships since the [ForeignKey] attribute was specified on navigations on both sides.
2024-09-24 11:47:13.200 +05:30  WRN  Navigations 'Payment.Order' and 'Order.Payments' were separated into two relationships since the [ForeignKey] attribute was specified on navigations on both sides.
2024-09-24 11:47:13.202 +05:30  WRN  Navigations 'Payment.Order' and 'Order.Payments' were separated into two relationships since the [ForeignKey] attribute was specified on navigations on both sides.
2024-09-24 11:47:13.204 +05:30  WRN  Navigations 'Payment.Order' and 'Order.Payments' were separated into two relationships since the [ForeignKey] attribute was specified on navigations on both sides.
2024-09-24 11:47:13.206 +05:30  WRN  Navigations 'Order.Return' and 'Return.Order' were separated into two relationships since the [ForeignKey] attribute was specified on navigations on both sides.
2024-09-24 11:47:13.209 +05:30  WRN  Navigations 'Return.Order' and 'Order.Return' were separated into two relationships since the [ForeignKey] attribute was specified on navigations on both sides.
2024-09-24 11:47:13.212 +05:30  WRN  Navigations 'Return.Order' and 'Order.Return' were separated into two relationships since the [ForeignKey] attribute was specified on navigations on both sides.
2024-09-24 11:47:13.214 +05:30  WRN  Navigations 'Return.Order' and 'Order.Return' were separated into two relationships since the [ForeignKey] attribute was specified on navigations on both sides.
2024-09-24 11:47:13.234 +05:30  DBG  The index {'UserId'} was not created on entity type 'IdentityUserRole<Guid>' as the properties are already covered by the index {'UserId', 'RoleId'}.
2024-09-24 11:47:13.237 +05:30  DBG  The index {'UserId'} was not created on entity type 'IdentityUserToken<Guid>' as the properties are already covered by the index {'UserId', 'LoginProvider', 'Name'}.
2024-09-24 11:47:13.361 +05:30  DBG  The property 'Product.UserId' was created in shadow state because there are no eligible CLR members with a matching name.
2024-09-24 11:47:13.496 +05:30  DBG  Entity Framework Core 8.0.8 initialized 'EcommerceDbContext' using provider 'Microsoft.EntityFrameworkCore.SqlServer:8.0.8' with options: None
2024-09-24 11:47:13.597 +05:30  DBG  Compiling query expression: 
'DbSet<IdentityRole<Guid>>()
    .FirstOrDefault(r => r.NormalizedName == __normalizedName_0)'
2024-09-24 11:47:13.743 +05:30  DBG  Generated query execution expression: 
'queryContext => ShapedQueryCompilingExpressionVisitor.SingleOrDefaultAsync<IdentityRole<Guid>>(
    asyncEnumerable: new SingleQueryingEnumerable<IdentityRole<Guid>>(
        (RelationalQueryContext)queryContext, 
        RelationalCommandCache.QueryExpression(
            Projection Mapping:
                EmptyProjectionMember -> Dictionary<IProperty, int> { [Property: IdentityRole<Guid>.Id (Guid) Required PK AfterSave:Throw ValueGenerated.OnAdd, 0], [Property: IdentityRole<Guid>.ConcurrencyStamp (string) Concurrency, 1], [Property: IdentityRole<Guid>.Name (string) MaxLength(256), 2], [Property: IdentityRole<Guid>.NormalizedName (string) Index MaxLength(256), 3] }
            SELECT TOP(1) a.Id, a.ConcurrencyStamp, a.Name, a.NormalizedName
            FROM AspNetRoles AS a
            WHERE a.NormalizedName == @__normalizedName_0), 
        null, 
        Func<QueryContext, DbDataReader, ResultContext, SingleQueryResultCoordinator, IdentityRole<Guid>>, 
        Persistance.EcommerceDbContext, 
        False, 
        False, 
        True
    ), 
    cancellationToken: queryContext.CancellationToken)'
2024-09-24 11:47:13.785 +05:30  DBG  Creating DbConnection.
2024-09-24 11:47:13.809 +05:30  DBG  Created DbConnection. (26ms).
2024-09-24 11:47:13.812 +05:30  DBG  Opening connection to database 'Ecommerce' on server 'FGS-DSK-230\MSSQLSERVER2019'.
2024-09-24 11:47:14.132 +05:30  DBG  Opened connection to database 'Ecommerce' on server 'FGS-DSK-230\MSSQLSERVER2019'.
2024-09-24 11:47:14.137 +05:30  DBG  Creating DbCommand for 'ExecuteReader'.
2024-09-24 11:47:14.145 +05:30  DBG  Created DbCommand for 'ExecuteReader' (5ms).
2024-09-24 11:47:14.154 +05:30  DBG  Initialized DbCommand for 'ExecuteReader' (17ms).
2024-09-24 11:47:14.162 +05:30  DBG  Executing DbCommand [Parameters=[@__normalizedName_0='?' (Size = 256)], CommandType='"Text"', CommandTimeout='30']
SELECT TOP(1) [a].[Id], [a].[ConcurrencyStamp], [a].[Name], [a].[NormalizedName]
FROM [AspNetRoles] AS [a]
WHERE [a].[NormalizedName] = @__normalizedName_0
2024-09-24 11:47:14.351 +05:30  INF  Executed DbCommand (188ms) [Parameters=[@__normalizedName_0='?' (Size = 256)], CommandType='"Text"', CommandTimeout='30']
SELECT TOP(1) [a].[Id], [a].[ConcurrencyStamp], [a].[Name], [a].[NormalizedName]
FROM [AspNetRoles] AS [a]
WHERE [a].[NormalizedName] = @__normalizedName_0
2024-09-24 11:47:14.388 +05:30  DBG  Context 'EcommerceDbContext' started tracking 'IdentityRole' entity. Consider using 'DbContextOptionsBuilder.EnableSensitiveDataLogging' to see key values.
2024-09-24 11:47:14.404 +05:30  DBG  Closing data reader to 'Ecommerce' on server 'FGS-DSK-230\MSSQLSERVER2019'.
2024-09-24 11:47:14.412 +05:30  DBG  A data reader for 'Ecommerce' on server 'FGS-DSK-230\MSSQLSERVER2019' is being disposed after spending 54ms reading results.
2024-09-24 11:47:14.416 +05:30  DBG  Closing connection to database 'Ecommerce' on server 'FGS-DSK-230\MSSQLSERVER2019'.
2024-09-24 11:47:14.422 +05:30  DBG  Closed connection to database 'Ecommerce' on server 'FGS-DSK-230\MSSQLSERVER2019' (5ms).
2024-09-24 11:47:14.426 +05:30  DBG  Opening connection to database 'Ecommerce' on server 'FGS-DSK-230\MSSQLSERVER2019'.
2024-09-24 11:47:14.427 +05:30  DBG  Opened connection to database 'Ecommerce' on server 'FGS-DSK-230\MSSQLSERVER2019'.
2024-09-24 11:47:14.429 +05:30  DBG  Creating DbCommand for 'ExecuteReader'.
2024-09-24 11:47:14.429 +05:30  DBG  Created DbCommand for 'ExecuteReader' (0ms).
2024-09-24 11:47:14.430 +05:30  DBG  Initialized DbCommand for 'ExecuteReader' (1ms).
2024-09-24 11:47:14.432 +05:30  DBG  Executing DbCommand [Parameters=[@__normalizedName_0='?' (Size = 256)], CommandType='"Text"', CommandTimeout='30']
SELECT TOP(1) [a].[Id], [a].[ConcurrencyStamp], [a].[Name], [a].[NormalizedName]
FROM [AspNetRoles] AS [a]
WHERE [a].[NormalizedName] = @__normalizedName_0
2024-09-24 11:47:14.440 +05:30  INF  Executed DbCommand (8ms) [Parameters=[@__normalizedName_0='?' (Size = 256)], CommandType='"Text"', CommandTimeout='30']
SELECT TOP(1) [a].[Id], [a].[ConcurrencyStamp], [a].[Name], [a].[NormalizedName]
FROM [AspNetRoles] AS [a]
WHERE [a].[NormalizedName] = @__normalizedName_0
2024-09-24 11:47:14.443 +05:30  DBG  Context 'EcommerceDbContext' started tracking 'IdentityRole' entity. Consider using 'DbContextOptionsBuilder.EnableSensitiveDataLogging' to see key values.
2024-09-24 11:47:14.444 +05:30  DBG  Closing data reader to 'Ecommerce' on server 'FGS-DSK-230\MSSQLSERVER2019'.
2024-09-24 11:47:14.445 +05:30  DBG  A data reader for 'Ecommerce' on server 'FGS-DSK-230\MSSQLSERVER2019' is being disposed after spending 2ms reading results.
2024-09-24 11:47:14.447 +05:30  DBG  Closing connection to database 'Ecommerce' on server 'FGS-DSK-230\MSSQLSERVER2019'.
2024-09-24 11:47:14.448 +05:30  DBG  Closed connection to database 'Ecommerce' on server 'FGS-DSK-230\MSSQLSERVER2019' (1ms).
2024-09-24 11:47:14.450 +05:30  DBG  Opening connection to database 'Ecommerce' on server 'FGS-DSK-230\MSSQLSERVER2019'.
2024-09-24 11:47:14.451 +05:30  DBG  Opened connection to database 'Ecommerce' on server 'FGS-DSK-230\MSSQLSERVER2019'.
2024-09-24 11:47:14.452 +05:30  DBG  Creating DbCommand for 'ExecuteReader'.
2024-09-24 11:47:14.453 +05:30  DBG  Created DbCommand for 'ExecuteReader' (0ms).
2024-09-24 11:47:14.454 +05:30  DBG  Initialized DbCommand for 'ExecuteReader' (1ms).
2024-09-24 11:47:14.455 +05:30  DBG  Executing DbCommand [Parameters=[@__normalizedName_0='?' (Size = 256)], CommandType='"Text"', CommandTimeout='30']
SELECT TOP(1) [a].[Id], [a].[ConcurrencyStamp], [a].[Name], [a].[NormalizedName]
FROM [AspNetRoles] AS [a]
WHERE [a].[NormalizedName] = @__normalizedName_0
2024-09-24 11:47:14.458 +05:30  INF  Executed DbCommand (3ms) [Parameters=[@__normalizedName_0='?' (Size = 256)], CommandType='"Text"', CommandTimeout='30']
SELECT TOP(1) [a].[Id], [a].[ConcurrencyStamp], [a].[Name], [a].[NormalizedName]
FROM [AspNetRoles] AS [a]
WHERE [a].[NormalizedName] = @__normalizedName_0
2024-09-24 11:47:14.460 +05:30  DBG  Context 'EcommerceDbContext' started tracking 'IdentityRole' entity. Consider using 'DbContextOptionsBuilder.EnableSensitiveDataLogging' to see key values.
2024-09-24 11:47:14.461 +05:30  DBG  Closing data reader to 'Ecommerce' on server 'FGS-DSK-230\MSSQLSERVER2019'.
2024-09-24 11:47:14.462 +05:30  DBG  A data reader for 'Ecommerce' on server 'FGS-DSK-230\MSSQLSERVER2019' is being disposed after spending 2ms reading results.
2024-09-24 11:47:14.464 +05:30  DBG  Closing connection to database 'Ecommerce' on server 'FGS-DSK-230\MSSQLSERVER2019'.
2024-09-24 11:47:14.465 +05:30  DBG  Closed connection to database 'Ecommerce' on server 'FGS-DSK-230\MSSQLSERVER2019' (1ms).
2024-09-24 11:47:14.471 +05:30  DBG  Compiling query expression: 
'DbSet<User>()
    .SingleOrDefault(u => u.NormalizedEmail == __normalizedEmail_0)'
2024-09-24 11:47:14.478 +05:30  DBG  Generated query execution expression: 
'queryContext => ShapedQueryCompilingExpressionVisitor.SingleOrDefaultAsync<User>(
    asyncEnumerable: new SingleQueryingEnumerable<User>(
        (RelationalQueryContext)queryContext, 
        RelationalCommandCache.QueryExpression(
            Projection Mapping:
                EmptyProjectionMember -> Dictionary<IProperty, int> { [Property: User.Id (Guid) Required PK AfterSave:Throw ValueGenerated.OnAdd, 0], [Property: User.AccessFailedCount (int) Required, 1], [Property: User.ConcurrencyStamp (string) Concurrency, 2], [Property: User.CreatedAt (DateTime) Required, 3], [Property: User.Email (string) MaxLength(256), 4], [Property: User.EmailConfirmed (bool) Required, 5], [Property: User.IsDeleted (bool) Required, 6], [Property: User.IsVerified (bool) Required, 7], [Property: User.LockoutEnabled (bool) Required, 8], [Property: User.LockoutEnd (DateTimeOffset?), 9], [Property: User.NormalizedEmail (string) Index MaxLength(256), 10], [Property: User.NormalizedUserName (string) Index MaxLength(256), 11], [Property: User.PasswordHash (string), 12], [Property: User.PhoneNumber (string), 13], [Property: User.PhoneNumberConfirmed (bool) Required, 14], [Property: User.SecurityStamp (string), 15], [Property: User.TwoFactorEnabled (bool) Required, 16], [Property: User.UpdatedAt (DateTime) Required, 17], [Property: User.UserName (string) MaxLength(256), 18] }
            SELECT TOP(2) a.Id, a.AccessFailedCount, a.ConcurrencyStamp, a.CreatedAt, a.Email, a.EmailConfirmed, a.IsDeleted, a.IsVerified, a.LockoutEnabled, a.LockoutEnd, a.NormalizedEmail, a.NormalizedUserName, a.PasswordHash, a.PhoneNumber, a.PhoneNumberConfirmed, a.SecurityStamp, a.TwoFactorEnabled, a.UpdatedAt, a.UserName
            FROM AspNetUsers AS a
            WHERE a.NormalizedEmail == @__normalizedEmail_0), 
        null, 
        Func<QueryContext, DbDataReader, ResultContext, SingleQueryResultCoordinator, User>, 
        Persistance.EcommerceDbContext, 
        False, 
        False, 
        True
    ), 
    cancellationToken: queryContext.CancellationToken)'
2024-09-24 11:47:14.482 +05:30  DBG  Opening connection to database 'Ecommerce' on server 'FGS-DSK-230\MSSQLSERVER2019'.
2024-09-24 11:47:14.483 +05:30  DBG  Opened connection to database 'Ecommerce' on server 'FGS-DSK-230\MSSQLSERVER2019'.
2024-09-24 11:47:14.484 +05:30  DBG  Creating DbCommand for 'ExecuteReader'.
2024-09-24 11:47:14.485 +05:30  DBG  Created DbCommand for 'ExecuteReader' (0ms).
2024-09-24 11:47:14.486 +05:30  DBG  Initialized DbCommand for 'ExecuteReader' (1ms).
2024-09-24 11:47:14.487 +05:30  DBG  Executing DbCommand [Parameters=[@__normalizedEmail_0='?' (Size = 256)], CommandType='"Text"', CommandTimeout='30']
SELECT TOP(2) [a].[Id], [a].[AccessFailedCount], [a].[ConcurrencyStamp], [a].[CreatedAt], [a].[Email], [a].[EmailConfirmed], [a].[IsDeleted], [a].[IsVerified], [a].[LockoutEnabled], [a].[LockoutEnd], [a].[NormalizedEmail], [a].[NormalizedUserName], [a].[PasswordHash], [a].[PhoneNumber], [a].[PhoneNumberConfirmed], [a].[SecurityStamp], [a].[TwoFactorEnabled], [a].[UpdatedAt], [a].[UserName]
FROM [AspNetUsers] AS [a]
WHERE [a].[NormalizedEmail] = @__normalizedEmail_0
2024-09-24 11:47:14.497 +05:30  INF  Executed DbCommand (10ms) [Parameters=[@__normalizedEmail_0='?' (Size = 256)], CommandType='"Text"', CommandTimeout='30']
SELECT TOP(2) [a].[Id], [a].[AccessFailedCount], [a].[ConcurrencyStamp], [a].[CreatedAt], [a].[Email], [a].[EmailConfirmed], [a].[IsDeleted], [a].[IsVerified], [a].[LockoutEnabled], [a].[LockoutEnd], [a].[NormalizedEmail], [a].[NormalizedUserName], [a].[PasswordHash], [a].[PhoneNumber], [a].[PhoneNumberConfirmed], [a].[SecurityStamp], [a].[TwoFactorEnabled], [a].[UpdatedAt], [a].[UserName]
FROM [AspNetUsers] AS [a]
WHERE [a].[NormalizedEmail] = @__normalizedEmail_0
2024-09-24 11:47:14.516 +05:30  DBG  Context 'EcommerceDbContext' started tracking 'User' entity. Consider using 'DbContextOptionsBuilder.EnableSensitiveDataLogging' to see key values.
2024-09-24 11:47:14.546 +05:30  DBG  Closing data reader to 'Ecommerce' on server 'FGS-DSK-230\MSSQLSERVER2019'.
2024-09-24 11:47:14.549 +05:30  DBG  A data reader for 'Ecommerce' on server 'FGS-DSK-230\MSSQLSERVER2019' is being disposed after spending 49ms reading results.
2024-09-24 11:47:14.552 +05:30  DBG  Closing connection to database 'Ecommerce' on server 'FGS-DSK-230\MSSQLSERVER2019'.
2024-09-24 11:47:14.556 +05:30  DBG  Closed connection to database 'Ecommerce' on server 'FGS-DSK-230\MSSQLSERVER2019' (4ms).
2024-09-24 11:47:14.561 +05:30  DBG  'EcommerceDbContext' disposed.
2024-09-24 11:47:14.564 +05:30  DBG  Disposing connection to database 'Ecommerce' on server 'FGS-DSK-230\MSSQLSERVER2019'.
2024-09-24 11:47:14.567 +05:30  DBG  Disposed connection to database '' on server '' (2ms).
2024-09-24 11:47:14.572 +05:30  DBG  Hosting starting
2024-09-24 11:47:14.579 +05:30  DBG  Reading data from file 'C:\Users\arjun.hariprasad\AppData\Local\ASP.NET\DataProtection-Keys\key-36f6fa2d-df91-4e24-9271-a530e4737995.xml'.
2024-09-24 11:47:14.596 +05:30  DBG  Found key {36f6fa2d-df91-4e24-9271-a530e4737995}.
2024-09-24 11:47:14.614 +05:30  DBG  Considering key {36f6fa2d-df91-4e24-9271-a530e4737995} with expiration date 2024-10-20 08:26:28Z as default key.
2024-09-24 11:47:14.619 +05:30  DBG  Forwarded activator type request from Microsoft.AspNetCore.DataProtection.XmlEncryption.DpapiXmlDecryptor, Microsoft.AspNetCore.DataProtection, Version=8.0.0.0, Culture=neutral, PublicKeyToken=adb9793829ddae60 to Microsoft.AspNetCore.DataProtection.XmlEncryption.DpapiXmlDecryptor, Microsoft.AspNetCore.DataProtection, Culture=neutral, PublicKeyToken=adb9793829ddae60
2024-09-24 11:47:14.622 +05:30  DBG  Decrypting secret element using Windows DPAPI.
2024-09-24 11:47:14.625 +05:30  DBG  Forwarded activator type request from Microsoft.AspNetCore.DataProtection.AuthenticatedEncryption.ConfigurationModel.AuthenticatedEncryptorDescriptorDeserializer, Microsoft.AspNetCore.DataProtection, Version=8.0.0.0, Culture=neutral, PublicKeyToken=adb9793829ddae60 to Microsoft.AspNetCore.DataProtection.AuthenticatedEncryption.ConfigurationModel.AuthenticatedEncryptorDescriptorDeserializer, Microsoft.AspNetCore.DataProtection, Culture=neutral, PublicKeyToken=adb9793829ddae60
2024-09-24 11:47:14.628 +05:30  DBG  Opening CNG algorithm 'AES' from provider 'null' with chaining mode CBC.
2024-09-24 11:47:14.632 +05:30  DBG  Opening CNG algorithm 'SHA256' from provider 'null' with HMAC.
2024-09-24 11:47:14.636 +05:30  DBG  Using key {36f6fa2d-df91-4e24-9271-a530e4737995} as the default key.
2024-09-24 11:47:14.638 +05:30  DBG  Key ring with default key {36f6fa2d-df91-4e24-9271-a530e4737995} was loaded during application startup.
2024-09-24 11:47:14.844 +05:30  INF  Now listening on: https://localhost:7113
2024-09-24 11:47:14.845 +05:30  INF  Now listening on: http://localhost:5081
2024-09-24 11:47:14.846 +05:30  DBG  Loaded hosting startup assembly Web.Ecommerce
2024-09-24 11:47:14.846 +05:30  DBG  Loaded hosting startup assembly Microsoft.AspNetCore.Watch.BrowserRefresh
2024-09-24 11:47:14.847 +05:30  DBG  Loaded hosting startup assembly Microsoft.WebTools.BrowserLink.Net
2024-09-24 11:47:14.848 +05:30  INF  Application started. Press Ctrl+C to shut down.
2024-09-24 11:47:14.849 +05:30  INF  Hosting environment: Development
2024-09-24 11:47:14.850 +05:30  INF  Content root path: C:\Users\arjun.hariprasad\source\.NET\Ecommerce\EcommerceSolution\CodeBase\Src\Presentation\Web.Ecommerce
2024-09-24 11:47:14.851 +05:30  DBG  Hosting started
2024-09-24 11:47:15.079 +05:30  DBG  Connection id "0HN6SC24DM0S6" accepted.
2024-09-24 11:47:15.082 +05:30  DBG  Connection id "0HN6SC24DM0S6" started.
2024-09-24 11:47:15.088 +05:30  DBG  Connection id "0HN6SC24DM0S7" accepted.
2024-09-24 11:47:15.090 +05:30  DBG  Connection id "0HN6SC24DM0S7" started.
2024-09-24 11:47:15.106 +05:30  DBG  Connection id "0HN6SC24DM0S6" received FIN.
2024-09-24 11:47:15.106 +05:30  DBG  Connection id "0HN6SC24DM0S7" received FIN.
2024-09-24 11:47:15.120 +05:30  DBG  Failed to authenticate HTTPS connection.System.IO.IOException: Received an unexpected EOF or 0 bytes from the transport stream.
   at System.Net.Security.SslStream.ReceiveHandshakeFrameAsync[TIOAdapter](CancellationToken cancellationToken)
   at System.Net.Security.SslStream.ForceAuthenticationAsync[TIOAdapter](Boolean receiveFirst, Byte[] reAuthenticationData, CancellationToken cancellationToken)
   at System.Net.Security.SslStream.ProcessAuthenticationWithTelemetryAsync(Boolean isAsync, CancellationToken cancellationToken)
   at Microsoft.AspNetCore.Server.Kestrel.Https.Internal.HttpsConnectionMiddleware.OnConnectionAsync(ConnectionContext context)

2024-09-24 11:47:15.120 +05:30  DBG  Failed to authenticate HTTPS connection.System.IO.IOException: Received an unexpected EOF or 0 bytes from the transport stream.
   at System.Net.Security.SslStream.ReceiveHandshakeFrameAsync[TIOAdapter](CancellationToken cancellationToken)
   at System.Net.Security.SslStream.ForceAuthenticationAsync[TIOAdapter](Boolean receiveFirst, Byte[] reAuthenticationData, CancellationToken cancellationToken)
   at System.Net.Security.SslStream.ProcessAuthenticationWithTelemetryAsync(Boolean isAsync, CancellationToken cancellationToken)
   at Microsoft.AspNetCore.Server.Kestrel.Https.Internal.HttpsConnectionMiddleware.OnConnectionAsync(ConnectionContext context)

2024-09-24 11:47:15.135 +05:30  DBG  Connection id "0HN6SC24DM0S6" stopped.
2024-09-24 11:47:15.135 +05:30  DBG  Connection id "0HN6SC24DM0S7" stopped.
2024-09-24 11:47:15.138 +05:30  DBG  Connection id "0HN6SC24DM0S7" sending FIN because: "The Socket transport's send loop completed gracefully."
2024-09-24 11:47:15.139 +05:30  DBG  Connection id "0HN6SC24DM0S6" sending FIN because: "The Socket transport's send loop completed gracefully."
2024-09-24 11:47:15.747 +05:30  DBG  Connection id "0HN6SC24DM0S8" accepted.
2024-09-24 11:47:15.751 +05:30  DBG  Connection id "0HN6SC24DM0S8" started.
2024-09-24 11:47:15.796 +05:30  DBG  Connection 0HN6SC24DM0S8 established using the following protocol: "Tls12"
2024-09-24 11:47:15.824 +05:30  VRB  Connection id "0HN6SC24DM0S8" sending "SETTINGS" frame for stream ID 0 with length 24 and flags "NONE".
2024-09-24 11:47:15.829 +05:30  VRB  Connection id "0HN6SC24DM0S8" sending "WINDOW_UPDATE" frame for stream ID 0 with length 4 and flags 0x0.
2024-09-24 11:47:15.831 +05:30  VRB  Connection id "0HN6SC24DM0S8" received "SETTINGS" frame for stream ID 0 with length 24 and flags "NONE".
2024-09-24 11:47:15.836 +05:30  VRB  Connection id "0HN6SC24DM0S8" sending "SETTINGS" frame for stream ID 0 with length 0 and flags "ACK".
2024-09-24 11:47:15.841 +05:30  VRB  Connection id "0HN6SC24DM0S8" received "WINDOW_UPDATE" frame for stream ID 0 with length 4 and flags 0x0.
2024-09-24 11:47:15.844 +05:30  VRB  Connection id "0HN6SC24DM0S8" received "HEADERS" frame for stream ID 1 with length 469 and flags "END_STREAM, END_HEADERS, PRIORITY".
2024-09-24 11:47:15.874 +05:30  VRB  Connection id "0HN6SC24DM0S8" received "SETTINGS" frame for stream ID 0 with length 0 and flags "ACK".
2024-09-24 11:47:15.894 +05:30  INF  Request starting HTTP/2 GET https://localhost:7113/swagger/index.html - null null
2024-09-24 11:47:16.011 +05:30  DBG  Wildcard detected, all requests with hosts will be allowed.
2024-09-24 11:47:16.012 +05:30  VRB  All hosts are allowed.
2024-09-24 11:47:16.031 +05:30  DBG  No candidates found for the request path '/swagger/index.html'
2024-09-24 11:47:16.034 +05:30  DBG  Request did not match any endpoints
2024-09-24 11:47:16.158 +05:30  DBG  Response markup is scheduled to include Browser Link script injection.
2024-09-24 11:47:16.161 +05:30  DBG  Response markup is scheduled to include browser refresh script injection.
2024-09-24 11:47:16.166 +05:30  VRB  Connection id "0HN6SC24DM0S8" sending "HEADERS" frame for stream ID 1 with length 66 and flags "END_HEADERS".
2024-09-24 11:47:16.173 +05:30  VRB  Connection id "0HN6SC24DM0S8" sending "DATA" frame for stream ID 1 with length 698 and flags "NONE".
2024-09-24 11:47:16.173 +05:30  DBG  Response markup was updated to include Browser Link script injection.
2024-09-24 11:47:16.175 +05:30  VRB  Connection id "0HN6SC24DM0S8" sending "DATA" frame for stream ID 1 with length 438 and flags "NONE".
2024-09-24 11:47:16.177 +05:30  DBG  Response markup was updated to include browser refresh script injection.
2024-09-24 11:47:16.180 +05:30  VRB  Connection id "0HN6SC24DM0S8" sending "DATA" frame for stream ID 1 with length 0 and flags "END_STREAM".
2024-09-24 11:47:16.182 +05:30  INF  Request finished HTTP/2 GET https://localhost:7113/swagger/index.html - 200 null text/html;charset=utf-8 292.7341ms
2024-09-24 11:47:16.197 +05:30  VRB  Connection id "0HN6SC24DM0S8" received "HEADERS" frame for stream ID 3 with length 115 and flags "END_STREAM, END_HEADERS, PRIORITY".
2024-09-24 11:47:16.202 +05:30  VRB  Connection id "0HN6SC24DM0S8" received "HEADERS" frame for stream ID 5 with length 35 and flags "END_STREAM, END_HEADERS, PRIORITY".
2024-09-24 11:47:16.205 +05:30  INF  Request starting HTTP/2 GET https://localhost:7113/_framework/aspnetcore-browser-refresh.js - null null
2024-09-24 11:47:16.205 +05:30  VRB  Connection id "0HN6SC24DM0S8" received "HEADERS" frame for stream ID 7 with length 57 and flags "END_STREAM, END_HEADERS, PRIORITY".
2024-09-24 11:47:16.205 +05:30  INF  Request starting HTTP/2 GET https://localhost:7113/swagger/index.js - null null
2024-09-24 11:47:16.211 +05:30  INF  Request starting HTTP/2 GET https://localhost:7113/_vs/browserLink - null null
2024-09-24 11:47:16.212 +05:30  VRB  All hosts are allowed.
2024-09-24 11:47:16.214 +05:30  VRB  Connection id "0HN6SC24DM0S8" sending "HEADERS" frame for stream ID 3 with length 60 and flags "END_HEADERS".
2024-09-24 11:47:16.216 +05:30  DBG  No candidates found for the request path '/swagger/index.js'
2024-09-24 11:47:16.220 +05:30  VRB  Connection id "0HN6SC24DM0S8" sending "DATA" frame for stream ID 3 with length 13762 and flags "NONE".
2024-09-24 11:47:16.220 +05:30  DBG  Request did not match any endpoints
2024-09-24 11:47:16.224 +05:30  INF  Request finished HTTP/2 GET https://localhost:7113/swagger/index.js - 200 null application/javascript;charset=utf-8 18.1648ms
2024-09-24 11:47:16.229 +05:30  VRB  Connection id "0HN6SC24DM0S8" sending "HEADERS" frame for stream ID 5 with length 41 and flags "END_HEADERS".
2024-09-24 11:47:16.234 +05:30  INF  Request finished HTTP/2 GET https://localhost:7113/_framework/aspnetcore-browser-refresh.js - 200 13762 application/javascript; charset=utf-8 31.0437ms
2024-09-24 11:47:16.258 +05:30  VRB  Connection id "0HN6SC24DM0S8" sending "DATA" frame for stream ID 5 with length 3005 and flags "END_STREAM".
2024-09-24 11:47:16.270 +05:30  VRB  Connection id "0HN6SC24DM0S8" sending "DATA" frame for stream ID 3 with length 0 and flags "END_STREAM".
2024-09-24 11:47:16.276 +05:30  VRB  Connection id "0HN6SC24DM0S8" sending "HEADERS" frame for stream ID 7 with length 149 and flags "END_HEADERS".
2024-09-24 11:47:16.280 +05:30  VRB  Connection id "0HN6SC24DM0S8" sending "DATA" frame for stream ID 7 with length 9986 and flags "NONE".
2024-09-24 11:47:16.283 +05:30  VRB  Connection id "0HN6SC24DM0S8" sending "DATA" frame for stream ID 7 with length 10240 and flags "NONE".
2024-09-24 11:47:16.288 +05:30  VRB  Connection id "0HN6SC24DM0S8" sending "DATA" frame for stream ID 7 with length 10240 and flags "NONE".
2024-09-24 11:47:16.291 +05:30  VRB  Connection id "0HN6SC24DM0S8" sending "DATA" frame for stream ID 7 with length 10240 and flags "NONE".
2024-09-24 11:47:16.293 +05:30  VRB  Connection id "0HN6SC24DM0S8" sending "DATA" frame for stream ID 7 with length 10240 and flags "NONE".
2024-09-24 11:47:16.295 +05:30  VRB  Connection id "0HN6SC24DM0S8" sending "DATA" frame for stream ID 7 with length 10240 and flags "NONE".
2024-09-24 11:47:16.297 +05:30  VRB  Connection id "0HN6SC24DM0S8" sending "DATA" frame for stream ID 7 with length 10240 and flags "NONE".
2024-09-24 11:47:16.298 +05:30  VRB  Connection id "0HN6SC24DM0S8" sending "DATA" frame for stream ID 7 with length 10240 and flags "NONE".
2024-09-24 11:47:16.300 +05:30  VRB  Connection id "0HN6SC24DM0S8" sending "DATA" frame for stream ID 7 with length 10240 and flags "NONE".
2024-09-24 11:47:16.303 +05:30  VRB  Connection id "0HN6SC24DM0S8" sending "DATA" frame for stream ID 7 with length 10240 and flags "NONE".
2024-09-24 11:47:16.307 +05:30  VRB  Connection id "0HN6SC24DM0S8" sending "DATA" frame for stream ID 7 with length 10240 and flags "NONE".
2024-09-24 11:47:16.308 +05:30  VRB  Connection id "0HN6SC24DM0S8" sending "DATA" frame for stream ID 7 with length 10240 and flags "NONE".
2024-09-24 11:47:16.310 +05:30  VRB  Connection id "0HN6SC24DM0S8" sending "DATA" frame for stream ID 7 with length 10240 and flags "NONE".
2024-09-24 11:47:16.312 +05:30  VRB  Connection id "0HN6SC24DM0S8" sending "DATA" frame for stream ID 7 with length 10240 and flags "NONE".
2024-09-24 11:47:16.314 +05:30  VRB  Connection id "0HN6SC24DM0S8" sending "DATA" frame for stream ID 7 with length 10240 and flags "NONE".
2024-09-24 11:47:16.315 +05:30  VRB  Connection id "0HN6SC24DM0S8" sending "DATA" frame for stream ID 7 with length 160 and flags "NONE".
2024-09-24 11:47:16.316 +05:30  INF  Request finished HTTP/2 GET https://localhost:7113/_vs/browserLink - 200 null text/javascript; charset=UTF-8 105.4011ms
2024-09-24 11:47:16.318 +05:30  VRB  Connection id "0HN6SC24DM0S8" sending "DATA" frame for stream ID 7 with length 0 and flags "END_STREAM".
2024-09-24 11:47:16.356 +05:30  VRB  Connection id "0HN6SC24DM0S8" received "HEADERS" frame for stream ID 9 with length 74 and flags "END_STREAM, END_HEADERS, PRIORITY".
2024-09-24 11:47:16.360 +05:30  INF  Request starting HTTP/2 GET https://localhost:7113/swagger/v1/swagger.json - null null
2024-09-24 11:47:16.362 +05:30  VRB  All hosts are allowed.
2024-09-24 11:47:16.363 +05:30  DBG  No candidates found for the request path '/swagger/v1/swagger.json'
2024-09-24 11:47:16.363 +05:30  DBG  Request did not match any endpoints
2024-09-24 11:47:16.493 +05:30  VRB  Connection id "0HN6SC24DM0S8" sending "HEADERS" frame for stream ID 9 with length 35 and flags "END_HEADERS".
2024-09-24 11:47:16.495 +05:30  VRB  Connection id "0HN6SC24DM0S8" sending "DATA" frame for stream ID 9 with length 16384 and flags "NONE".
2024-09-24 11:47:16.497 +05:30  VRB  Connection id "0HN6SC24DM0S8" sending "DATA" frame for stream ID 9 with length 6588 and flags "NONE".
2024-09-24 11:47:16.500 +05:30  VRB  Connection id "0HN6SC24DM0S8" sending "DATA" frame for stream ID 9 with length 0 and flags "END_STREAM".
2024-09-24 11:47:16.500 +05:30  INF  Request finished HTTP/2 GET https://localhost:7113/swagger/v1/swagger.json - 200 null application/json;charset=utf-8 139.8475ms
2024-09-24 11:47:20.664 +05:30  DBG  Connection id "0HN6SC24DM0S9" accepted.
2024-09-24 11:47:20.666 +05:30  DBG  Connection id "0HN6SC24DM0S9" started.
2024-09-24 11:47:20.673 +05:30  DBG  Connection 0HN6SC24DM0S9 established using the following protocol: "Tls12"
2024-09-24 11:47:20.676 +05:30  VRB  Connection id "0HN6SC24DM0S9" sending "SETTINGS" frame for stream ID 0 with length 24 and flags "NONE".
2024-09-24 11:47:20.678 +05:30  VRB  Connection id "0HN6SC24DM0S9" sending "WINDOW_UPDATE" frame for stream ID 0 with length 4 and flags 0x0.
2024-09-24 11:47:20.680 +05:30  VRB  Connection id "0HN6SC24DM0S9" received "SETTINGS" frame for stream ID 0 with length 24 and flags "NONE".
2024-09-24 11:47:20.683 +05:30  VRB  Connection id "0HN6SC24DM0S9" sending "SETTINGS" frame for stream ID 0 with length 0 and flags "ACK".
2024-09-24 11:47:20.705 +05:30  VRB  Connection id "0HN6SC24DM0S9" received "WINDOW_UPDATE" frame for stream ID 0 with length 4 and flags 0x0.
2024-09-24 11:47:20.709 +05:30  VRB  Connection id "0HN6SC24DM0S9" received "HEADERS" frame for stream ID 1 with length 335 and flags "END_STREAM, END_HEADERS, PRIORITY".
2024-09-24 11:47:20.711 +05:30  VRB  Connection id "0HN6SC24DM0S9" received "SETTINGS" frame for stream ID 0 with length 0 and flags "ACK".
2024-09-24 11:47:20.711 +05:30  INF  Request starting HTTP/2 OPTIONS https://localhost:7113/api/Account/Login - null null
2024-09-24 11:47:20.715 +05:30  VRB  All hosts are allowed.
2024-09-24 11:47:20.722 +05:30  DBG  1 candidate(s) found for the request path '/api/Account/Login'
2024-09-24 11:47:20.724 +05:30  DBG  Request matched endpoint '405 HTTP Method Not Supported'
2024-09-24 11:47:20.726 +05:30  VRB  The endpoint does not specify the IRequestSizeLimitMetadata.
2024-09-24 11:47:20.727 +05:30  DBG  Static files was skipped as the request already matched an endpoint.
2024-09-24 11:47:20.729 +05:30  INF  No CORS policy found for the specified request.
2024-09-24 11:47:20.873 +05:30  DBG  AuthenticationScheme: Bearer was not authenticated.
2024-09-24 11:47:20.876 +05:30  INF  Executing endpoint '405 HTTP Method Not Supported'
2024-09-24 11:47:20.876 +05:30  INF  Executed endpoint '405 HTTP Method Not Supported'
2024-09-24 11:47:20.877 +05:30  INF  Request finished HTTP/2 OPTIONS https://localhost:7113/api/Account/Login - 405 0 null 166.0344ms
2024-09-24 11:47:20.878 +05:30  VRB  Connection id "0HN6SC24DM0S9" sending "HEADERS" frame for stream ID 1 with length 55 and flags "END_STREAM, END_HEADERS".
2024-09-24 11:47:25.657 +05:30  DBG  Connection id "0HN6SC24DM0S8" received FIN.
2024-09-24 11:47:25.657 +05:30  DBG  Connection id "0HN6SC24DM0S9" received FIN.
2024-09-24 11:47:25.659 +05:30  DBG  Connection id "0HN6SC24DM0S8" is closed. The last processed stream ID was 9.
2024-09-24 11:47:25.660 +05:30  DBG  The connection queue processing loop for 0HN6SC24DM0S8 completed.
2024-09-24 11:47:25.660 +05:30  DBG  Connection id "0HN6SC24DM0S9" is closed. The last processed stream ID was 1.
2024-09-24 11:47:25.660 +05:30  DBG  The connection queue processing loop for 0HN6SC24DM0S9 completed.
2024-09-24 11:47:25.661 +05:30  DBG  Connection id "0HN6SC24DM0S8" sending FIN because: "The Socket transport's send loop completed gracefully."
2024-09-24 11:47:25.663 +05:30  DBG  Connection id "0HN6SC24DM0S9" sending FIN because: "The Socket transport's send loop completed gracefully."
2024-09-24 11:47:25.669 +05:30  DBG  Connection id "0HN6SC24DM0S9" stopped.
2024-09-24 11:47:25.669 +05:30  DBG  Connection id "0HN6SC24DM0S8" stopped.
2024-09-24 11:48:35.021 +05:30  DBG  Connection id "0HN6SC24DM0SA" accepted.
2024-09-24 11:48:35.027 +05:30  DBG  Connection id "0HN6SC24DM0SA" started.
2024-09-24 11:48:35.029 +05:30  DBG  Connection 0HN6SC24DM0SA established using the following protocol: "Tls12"
2024-09-24 11:48:35.030 +05:30  VRB  Connection id "0HN6SC24DM0SA" sending "SETTINGS" frame for stream ID 0 with length 24 and flags "NONE".
2024-09-24 11:48:35.032 +05:30  VRB  Connection id "0HN6SC24DM0SA" sending "WINDOW_UPDATE" frame for stream ID 0 with length 4 and flags 0x0.
2024-09-24 11:48:35.035 +05:30  VRB  Connection id "0HN6SC24DM0SA" received "SETTINGS" frame for stream ID 0 with length 24 and flags "NONE".
2024-09-24 11:48:35.039 +05:30  VRB  Connection id "0HN6SC24DM0SA" sending "SETTINGS" frame for stream ID 0 with length 0 and flags "ACK".
2024-09-24 11:48:35.041 +05:30  VRB  Connection id "0HN6SC24DM0SA" received "WINDOW_UPDATE" frame for stream ID 0 with length 4 and flags 0x0.
2024-09-24 11:48:35.042 +05:30  VRB  Connection id "0HN6SC24DM0SA" received "HEADERS" frame for stream ID 1 with length 406 and flags "END_HEADERS, PRIORITY".
2024-09-24 11:48:35.044 +05:30  VRB  Connection id "0HN6SC24DM0SA" received "DATA" frame for stream ID 1 with length 67 and flags "END_STREAM".
2024-09-24 11:48:35.044 +05:30  INF  Request starting HTTP/2 POST https://localhost:7113/api/Account/Login - application/json 67
2024-09-24 11:48:35.046 +05:30  VRB  Connection id "0HN6SC24DM0SA" received "SETTINGS" frame for stream ID 0 with length 0 and flags "ACK".
2024-09-24 11:48:35.048 +05:30  VRB  All hosts are allowed.
2024-09-24 11:48:35.052 +05:30  DBG  1 candidate(s) found for the request path '/api/Account/Login'
2024-09-24 11:48:35.054 +05:30  DBG  Endpoint 'Web.Ecommerce.Controllers.Account.AccountController.Login (Web.Ecommerce)' with route pattern 'api/Account/Login' is valid for the request path '/api/Account/Login'
2024-09-24 11:48:35.056 +05:30  DBG  Request matched endpoint 'Web.Ecommerce.Controllers.Account.AccountController.Login (Web.Ecommerce)'
2024-09-24 11:48:35.057 +05:30  VRB  The endpoint does not specify the IRequestSizeLimitMetadata.
2024-09-24 11:48:35.057 +05:30  DBG  Static files was skipped as the request already matched an endpoint.
2024-09-24 11:48:35.059 +05:30  INF  No CORS policy found for the specified request.
2024-09-24 11:48:35.060 +05:30  DBG  AuthenticationScheme: Bearer was not authenticated.
2024-09-24 11:48:35.060 +05:30  INF  Executing endpoint 'Web.Ecommerce.Controllers.Account.AccountController.Login (Web.Ecommerce)'
2024-09-24 11:48:35.080 +05:30  INF  Route matched with {action = "Login", controller = "Account"}. Executing controller action with signature System.Threading.Tasks.Task`1[Microsoft.AspNetCore.Mvc.IActionResult] Login(Application.Ecom.Authentication.Commands.LoginUser.LoginUserCommand) on controller Web.Ecommerce.Controllers.Account.AccountController (Web.Ecommerce).
2024-09-24 11:48:35.085 +05:30  DBG  Execution plan of authorization filters (in the following order): ["None"]
2024-09-24 11:48:35.086 +05:30  DBG  Execution plan of resource filters (in the following order): ["None"]
2024-09-24 11:48:35.087 +05:30  DBG  Execution plan of action filters (in the following order): ["Microsoft.AspNetCore.Mvc.ModelBinding.UnsupportedContentTypeFilter (Order: -3000)","Microsoft.AspNetCore.Mvc.Infrastructure.ModelStateInvalidFilter (Order: -2000)"]
2024-09-24 11:48:35.089 +05:30  DBG  Execution plan of exception filters (in the following order): ["None"]
2024-09-24 11:48:35.090 +05:30  DBG  Execution plan of result filters (in the following order): ["Microsoft.AspNetCore.Mvc.Infrastructure.ClientErrorResultFilter (Order: -2000)"]
2024-09-24 11:48:35.092 +05:30  DBG  Executing controller factory for controller Web.Ecommerce.Controllers.Account.AccountController (Web.Ecommerce)
2024-09-24 11:48:35.093 +05:30  DBG  Executed controller factory for controller Web.Ecommerce.Controllers.Account.AccountController (Web.Ecommerce)
2024-09-24 11:48:35.110 +05:30  DBG  Attempting to bind parameter 'command' of type 'Application.Ecom.Authentication.Commands.LoginUser.LoginUserCommand' ...
2024-09-24 11:48:35.113 +05:30  DBG  Attempting to bind parameter 'command' of type 'Application.Ecom.Authentication.Commands.LoginUser.LoginUserCommand' using the name '' in request data ...
2024-09-24 11:48:35.116 +05:30  DBG  Selected input formatter 'Microsoft.AspNetCore.Mvc.Formatters.SystemTextJsonInputFormatter' for content type 'application/json'.
2024-09-24 11:48:35.139 +05:30  DBG  Connection id "0HN6SC24DM0SA", Request id "0HN6SC24DM0SA:00000001": started reading request body.
2024-09-24 11:48:35.141 +05:30  DBG  Connection id "0HN6SC24DM0SA", Request id "0HN6SC24DM0SA:00000001": done reading request body.
2024-09-24 11:48:35.149 +05:30  DBG  JSON input formatter succeeded, deserializing to type 'Application.Ecom.Authentication.Commands.LoginUser.LoginUserCommand'
2024-09-24 11:48:35.152 +05:30  DBG  Done attempting to bind parameter 'command' of type 'Application.Ecom.Authentication.Commands.LoginUser.LoginUserCommand'.
2024-09-24 11:48:35.153 +05:30  DBG  Done attempting to bind parameter 'command' of type 'Application.Ecom.Authentication.Commands.LoginUser.LoginUserCommand'.
2024-09-24 11:48:35.155 +05:30  DBG  Attempting to validate the bound parameter 'command' of type 'Application.Ecom.Authentication.Commands.LoginUser.LoginUserCommand' ...
2024-09-24 11:48:35.163 +05:30  DBG  Done attempting to validate the bound parameter 'command' of type 'Application.Ecom.Authentication.Commands.LoginUser.LoginUserCommand'.
2024-09-24 11:48:35.165 +05:30  VRB  Action Filter: Before executing OnActionExecuting on filter Microsoft.AspNetCore.Mvc.ModelBinding.UnsupportedContentTypeFilter.
2024-09-24 11:48:35.167 +05:30  VRB  Action Filter: After executing OnActionExecuting on filter Microsoft.AspNetCore.Mvc.ModelBinding.UnsupportedContentTypeFilter.
2024-09-24 11:48:35.169 +05:30  VRB  Action Filter: Before executing OnActionExecuting on filter Microsoft.AspNetCore.Mvc.Infrastructure.ModelStateInvalidFilter.
2024-09-24 11:48:35.171 +05:30  VRB  Action Filter: After executing OnActionExecuting on filter Microsoft.AspNetCore.Mvc.Infrastructure.ModelStateInvalidFilter.
2024-09-24 11:48:35.175 +05:30  INF  Executing action method Web.Ecommerce.Controllers.Account.AccountController.Login (Web.Ecommerce) - Validation state: "Valid"
2024-09-24 11:48:35.176 +05:30  VRB  Executing action method Web.Ecommerce.Controllers.Account.AccountController.Login (Web.Ecommerce) with arguments (["Application.Ecom.Authentication.Commands.LoginUser.LoginUserCommand"])
2024-09-24 11:48:35.226 +05:30  DBG  Entity Framework Core 8.0.8 initialized 'EcommerceDbContext' using provider 'Microsoft.EntityFrameworkCore.SqlServer:8.0.8' with options: None
2024-09-24 11:48:35.229 +05:30  DBG  Creating DbConnection.
2024-09-24 11:48:35.230 +05:30  DBG  Created DbConnection. (0ms).
2024-09-24 11:48:35.231 +05:30  DBG  Opening connection to database 'Ecommerce' on server 'FGS-DSK-230\MSSQLSERVER2019'.
2024-09-24 11:48:35.232 +05:30  DBG  Opened connection to database 'Ecommerce' on server 'FGS-DSK-230\MSSQLSERVER2019'.
2024-09-24 11:48:35.233 +05:30  DBG  Creating DbCommand for 'ExecuteReader'.
2024-09-24 11:48:35.234 +05:30  DBG  Created DbCommand for 'ExecuteReader' (0ms).
2024-09-24 11:48:35.235 +05:30  DBG  Initialized DbCommand for 'ExecuteReader' (2ms).
2024-09-24 11:48:35.236 +05:30  DBG  Executing DbCommand [Parameters=[@__normalizedEmail_0='?' (Size = 256)], CommandType='"Text"', CommandTimeout='30']
SELECT TOP(2) [a].[Id], [a].[AccessFailedCount], [a].[ConcurrencyStamp], [a].[CreatedAt], [a].[Email], [a].[EmailConfirmed], [a].[IsDeleted], [a].[IsVerified], [a].[LockoutEnabled], [a].[LockoutEnd], [a].[NormalizedEmail], [a].[NormalizedUserName], [a].[PasswordHash], [a].[PhoneNumber], [a].[PhoneNumberConfirmed], [a].[SecurityStamp], [a].[TwoFactorEnabled], [a].[UpdatedAt], [a].[UserName]
FROM [AspNetUsers] AS [a]
WHERE [a].[NormalizedEmail] = @__normalizedEmail_0
2024-09-24 11:48:35.247 +05:30  INF  Executed DbCommand (10ms) [Parameters=[@__normalizedEmail_0='?' (Size = 256)], CommandType='"Text"', CommandTimeout='30']
SELECT TOP(2) [a].[Id], [a].[AccessFailedCount], [a].[ConcurrencyStamp], [a].[CreatedAt], [a].[Email], [a].[EmailConfirmed], [a].[IsDeleted], [a].[IsVerified], [a].[LockoutEnabled], [a].[LockoutEnd], [a].[NormalizedEmail], [a].[NormalizedUserName], [a].[PasswordHash], [a].[PhoneNumber], [a].[PhoneNumberConfirmed], [a].[SecurityStamp], [a].[TwoFactorEnabled], [a].[UpdatedAt], [a].[UserName]
FROM [AspNetUsers] AS [a]
WHERE [a].[NormalizedEmail] = @__normalizedEmail_0
2024-09-24 11:48:35.250 +05:30  DBG  Closing data reader to 'Ecommerce' on server 'FGS-DSK-230\MSSQLSERVER2019'.
2024-09-24 11:48:35.251 +05:30  DBG  A data reader for 'Ecommerce' on server 'FGS-DSK-230\MSSQLSERVER2019' is being disposed after spending 1ms reading results.
2024-09-24 11:48:35.253 +05:30  DBG  Closing connection to database 'Ecommerce' on server 'FGS-DSK-230\MSSQLSERVER2019'.
2024-09-24 11:48:35.254 +05:30  DBG  Closed connection to database 'Ecommerce' on server 'FGS-DSK-230\MSSQLSERVER2019' (1ms).
2024-09-24 11:48:35.367 +05:30  VRB  Action Filter: Before executing OnActionExecuted on filter Microsoft.AspNetCore.Mvc.Infrastructure.ModelStateInvalidFilter.
2024-09-24 11:48:35.370 +05:30  VRB  Action Filter: After executing OnActionExecuted on filter Microsoft.AspNetCore.Mvc.Infrastructure.ModelStateInvalidFilter.
2024-09-24 11:48:35.373 +05:30  VRB  Action Filter: Before executing OnActionExecuted on filter Microsoft.AspNetCore.Mvc.ModelBinding.UnsupportedContentTypeFilter.
2024-09-24 11:48:35.374 +05:30  VRB  Action Filter: After executing OnActionExecuted on filter Microsoft.AspNetCore.Mvc.ModelBinding.UnsupportedContentTypeFilter.
2024-09-24 11:48:35.379 +05:30  INF  Executed action Web.Ecommerce.Controllers.Account.AccountController.Login (Web.Ecommerce) in 286.0971ms
2024-09-24 11:48:35.381 +05:30  INF  Executed endpoint 'Web.Ecommerce.Controllers.Account.AccountController.Login (Web.Ecommerce)'
2024-09-24 11:48:35.386 +05:30  ERR  An unhandled exception has occurred while executing the request.System.UnauthorizedAccessException: Invalid email or password.
   at Application.Ecom.Authentication.Commands.LoginUser.LoginUserCommandHandler.Handle(LoginUserCommand request, CancellationToken cancellationToken) in C:\Users\arjun.hariprasad\source\.NET\Ecommerce\EcommerceSolution\CodeBase\Src\Core\Application.Ecom\Authentication\Commands\LoginUser\LoginUserCommandHandler.cs:line 30
   at Web.Ecommerce.Controllers.Account.AccountController.Login(LoginUserCommand command) in C:\Users\arjun.hariprasad\source\.NET\Ecommerce\EcommerceSolution\CodeBase\Src\Presentation\Web.Ecommerce\Controllers\Account\AccountController.cs:line 142
   at Microsoft.AspNetCore.Mvc.Infrastructure.ActionMethodExecutor.TaskOfIActionResultExecutor.Execute(ActionContext actionContext, IActionResultTypeMapper mapper, ObjectMethodExecutor executor, Object controller, Object[] arguments)
   at Microsoft.AspNetCore.Mvc.Infrastructure.ControllerActionInvoker.<InvokeActionMethodAsync>g__Logged|12_1(ControllerActionInvoker invoker)
   at Microsoft.AspNetCore.Mvc.Infrastructure.ControllerActionInvoker.<InvokeNextActionFilterAsync>g__Awaited|10_0(ControllerActionInvoker invoker, Task lastTask, State next, Scope scope, Object state, Boolean isCompleted)
   at Microsoft.AspNetCore.Mvc.Infrastructure.ControllerActionInvoker.Rethrow(ActionExecutedContextSealed context)
   at Microsoft.AspNetCore.Mvc.Infrastructure.ControllerActionInvoker.Next(State& next, Scope& scope, Object& state, Boolean& isCompleted)
   at Microsoft.AspNetCore.Mvc.Infrastructure.ControllerActionInvoker.<InvokeInnerFilterAsync>g__Awaited|13_0(ControllerActionInvoker invoker, Task lastTask, State next, Scope scope, Object state, Boolean isCompleted)
   at Microsoft.AspNetCore.Mvc.Infrastructure.ResourceInvoker.<InvokeFilterPipelineAsync>g__Awaited|20_0(ResourceInvoker invoker, Task lastTask, State next, Scope scope, Object state, Boolean isCompleted)
   at Microsoft.AspNetCore.Mvc.Infrastructure.ResourceInvoker.<InvokeAsync>g__Logged|17_1(ResourceInvoker invoker)
   at Microsoft.AspNetCore.Mvc.Infrastructure.ResourceInvoker.<InvokeAsync>g__Logged|17_1(ResourceInvoker invoker)
   at Microsoft.AspNetCore.Routing.EndpointMiddleware.<Invoke>g__AwaitRequestTask|7_0(Endpoint endpoint, Task requestTask, ILogger logger)
   at Microsoft.AspNetCore.Authorization.AuthorizationMiddleware.Invoke(HttpContext context)
   at Microsoft.AspNetCore.Authentication.AuthenticationMiddleware.Invoke(HttpContext context)
   at Swashbuckle.AspNetCore.SwaggerUI.SwaggerUIMiddleware.Invoke(HttpContext httpContext)
   at Swashbuckle.AspNetCore.Swagger.SwaggerMiddleware.Invoke(HttpContext httpContext, ISwaggerProvider swaggerProvider)
   at Microsoft.AspNetCore.Diagnostics.DeveloperExceptionPageMiddlewareImpl.Invoke(HttpContext context)

2024-09-24 11:48:35.440 +05:30  VRB  Connection id "0HN6SC24DM0SA" sending "HEADERS" frame for stream ID 1 with length 68 and flags "END_HEADERS".
2024-09-24 11:48:35.441 +05:30  DBG  'EcommerceDbContext' disposed.
2024-09-24 11:48:35.443 +05:30  VRB  Connection id "0HN6SC24DM0SA" sending "DATA" frame for stream ID 1 with length 3418 and flags "END_STREAM".
2024-09-24 11:48:35.445 +05:30  DBG  Disposing connection to database 'Ecommerce' on server 'FGS-DSK-230\MSSQLSERVER2019'.
2024-09-24 11:48:35.447 +05:30  DBG  Disposed connection to database '' on server '' (1ms).
2024-09-24 11:48:35.449 +05:30  INF  Request finished HTTP/2 POST https://localhost:7113/api/Account/Login - 500 null text/plain; charset=utf-8 404.1676ms
2024-09-24 11:48:40.731 +05:30  DBG  Connection id "0HN6SC24DM0SA" received FIN.
2024-09-24 11:48:40.733 +05:30  DBG  Connection id "0HN6SC24DM0SA" is closed. The last processed stream ID was 1.
2024-09-24 11:48:40.733 +05:30  DBG  The connection queue processing loop for 0HN6SC24DM0SA completed.
2024-09-24 11:48:40.734 +05:30  DBG  Connection id "0HN6SC24DM0SA" sending FIN because: "The Socket transport's send loop completed gracefully."
2024-09-24 11:48:40.746 +05:30  DBG  Connection id "0HN6SC24DM0SA" stopped.
2024-09-24 11:49:32.533 +05:30  DBG  Connection id "0HN6SC24DM0SB" accepted.
2024-09-24 11:49:32.539 +05:30  DBG  Connection id "0HN6SC24DM0SB" started.
2024-09-24 11:49:32.542 +05:30  DBG  Connection 0HN6SC24DM0SB established using the following protocol: "Tls12"
2024-09-24 11:49:32.547 +05:30  VRB  Connection id "0HN6SC24DM0SB" sending "SETTINGS" frame for stream ID 0 with length 24 and flags "NONE".
2024-09-24 11:49:32.551 +05:30  VRB  Connection id "0HN6SC24DM0SB" sending "WINDOW_UPDATE" frame for stream ID 0 with length 4 and flags 0x0.
2024-09-24 11:49:32.558 +05:30  VRB  Connection id "0HN6SC24DM0SB" received "SETTINGS" frame for stream ID 0 with length 24 and flags "NONE".
2024-09-24 11:49:32.560 +05:30  VRB  Connection id "0HN6SC24DM0SB" sending "SETTINGS" frame for stream ID 0 with length 0 and flags "ACK".
2024-09-24 11:49:32.561 +05:30  VRB  Connection id "0HN6SC24DM0SB" received "WINDOW_UPDATE" frame for stream ID 0 with length 4 and flags 0x0.
2024-09-24 11:49:32.563 +05:30  VRB  Connection id "0HN6SC24DM0SB" received "HEADERS" frame for stream ID 1 with length 335 and flags "END_STREAM, END_HEADERS, PRIORITY".
2024-09-24 11:49:32.564 +05:30  VRB  Connection id "0HN6SC24DM0SB" received "SETTINGS" frame for stream ID 0 with length 0 and flags "ACK".
2024-09-24 11:49:32.564 +05:30  INF  Request starting HTTP/2 OPTIONS https://localhost:7113/api/Account/Login - null null
2024-09-24 11:49:32.568 +05:30  VRB  All hosts are allowed.
2024-09-24 11:49:32.569 +05:30  DBG  1 candidate(s) found for the request path '/api/Account/Login'
2024-09-24 11:49:32.571 +05:30  DBG  Request matched endpoint '405 HTTP Method Not Supported'
2024-09-24 11:49:32.572 +05:30  VRB  The endpoint does not specify the IRequestSizeLimitMetadata.
2024-09-24 11:49:32.572 +05:30  DBG  Static files was skipped as the request already matched an endpoint.
2024-09-24 11:49:32.573 +05:30  INF  No CORS policy found for the specified request.
2024-09-24 11:49:32.575 +05:30  DBG  AuthenticationScheme: Bearer was not authenticated.
2024-09-24 11:49:32.575 +05:30  INF  Executing endpoint '405 HTTP Method Not Supported'
2024-09-24 11:49:32.576 +05:30  INF  Executed endpoint '405 HTTP Method Not Supported'
2024-09-24 11:49:32.577 +05:30  INF  Request finished HTTP/2 OPTIONS https://localhost:7113/api/Account/Login - 405 0 null 12.4977ms
2024-09-24 11:49:32.577 +05:30  VRB  Connection id "0HN6SC24DM0SB" sending "HEADERS" frame for stream ID 1 with length 55 and flags "END_STREAM, END_HEADERS".
2024-09-24 11:49:55.851 +05:30  DBG  Connection id "0HN6SC24DM0SB" received FIN.
2024-09-24 11:49:55.852 +05:30  DBG  Connection id "0HN6SC24DM0SB" is closed. The last processed stream ID was 1.
2024-09-24 11:49:55.852 +05:30  DBG  The connection queue processing loop for 0HN6SC24DM0SB completed.
2024-09-24 11:49:55.853 +05:30  DBG  Connection id "0HN6SC24DM0SB" sending FIN because: "The Socket transport's send loop completed gracefully."
2024-09-24 11:49:55.866 +05:30  DBG  Connection id "0HN6SC24DM0SB" stopped.
2024-09-24 11:50:04.415 +05:30  DBG  Connection id "0HN6SC24DM0SC" accepted.
2024-09-24 11:50:04.417 +05:30  DBG  Connection id "0HN6SC24DM0SC" started.
2024-09-24 11:50:04.422 +05:30  DBG  Connection 0HN6SC24DM0SC established using the following protocol: "Tls12"
2024-09-24 11:50:04.424 +05:30  VRB  Connection id "0HN6SC24DM0SC" sending "SETTINGS" frame for stream ID 0 with length 24 and flags "NONE".
2024-09-24 11:50:04.426 +05:30  VRB  Connection id "0HN6SC24DM0SC" sending "WINDOW_UPDATE" frame for stream ID 0 with length 4 and flags 0x0.
2024-09-24 11:50:04.429 +05:30  VRB  Connection id "0HN6SC24DM0SC" received "SETTINGS" frame for stream ID 0 with length 24 and flags "NONE".
2024-09-24 11:50:04.431 +05:30  VRB  Connection id "0HN6SC24DM0SC" sending "SETTINGS" frame for stream ID 0 with length 0 and flags "ACK".
2024-09-24 11:50:04.438 +05:30  VRB  Connection id "0HN6SC24DM0SC" received "WINDOW_UPDATE" frame for stream ID 0 with length 4 and flags 0x0.
2024-09-24 11:50:04.441 +05:30  VRB  Connection id "0HN6SC24DM0SC" received "HEADERS" frame for stream ID 1 with length 335 and flags "END_STREAM, END_HEADERS, PRIORITY".
2024-09-24 11:50:04.445 +05:30  VRB  Connection id "0HN6SC24DM0SC" received "SETTINGS" frame for stream ID 0 with length 0 and flags "ACK".
2024-09-24 11:50:04.446 +05:30  INF  Request starting HTTP/2 OPTIONS https://localhost:7113/api/Account/Login - null null
2024-09-24 11:50:04.453 +05:30  VRB  All hosts are allowed.
2024-09-24 11:50:04.454 +05:30  DBG  1 candidate(s) found for the request path '/api/Account/Login'
2024-09-24 11:50:04.456 +05:30  DBG  Request matched endpoint '405 HTTP Method Not Supported'
2024-09-24 11:50:04.457 +05:30  VRB  The endpoint does not specify the IRequestSizeLimitMetadata.
2024-09-24 11:50:04.459 +05:30  DBG  Static files was skipped as the request already matched an endpoint.
2024-09-24 11:50:04.459 +05:30  INF  No CORS policy found for the specified request.
2024-09-24 11:50:04.460 +05:30  DBG  AuthenticationScheme: Bearer was not authenticated.
2024-09-24 11:50:04.460 +05:30  INF  Executing endpoint '405 HTTP Method Not Supported'
2024-09-24 11:50:04.461 +05:30  INF  Executed endpoint '405 HTTP Method Not Supported'
2024-09-24 11:50:04.462 +05:30  INF  Request finished HTTP/2 OPTIONS https://localhost:7113/api/Account/Login - 405 0 null 16.124ms
2024-09-24 11:50:04.462 +05:30  VRB  Connection id "0HN6SC24DM0SC" sending "HEADERS" frame for stream ID 1 with length 55 and flags "END_STREAM, END_HEADERS".
2024-09-24 11:50:05.852 +05:30  DBG  Connection id "0HN6SC24DM0SC" received FIN.
2024-09-24 11:50:05.854 +05:30  DBG  Connection id "0HN6SC24DM0SC" is closed. The last processed stream ID was 1.
2024-09-24 11:50:05.854 +05:30  DBG  The connection queue processing loop for 0HN6SC24DM0SC completed.
2024-09-24 11:50:05.855 +05:30  DBG  Connection id "0HN6SC24DM0SC" sending FIN because: "The Socket transport's send loop completed gracefully."
2024-09-24 11:50:05.857 +05:30  DBG  Connection id "0HN6SC24DM0SC" stopped.
2024-09-24 11:50:34.178 +05:30  DBG  Connection id "0HN6SC24DM0SD" accepted.
2024-09-24 11:50:34.180 +05:30  DBG  Connection id "0HN6SC24DM0SD" started.
2024-09-24 11:50:34.182 +05:30  DBG  Connection 0HN6SC24DM0SD established using the following protocol: "Tls12"
2024-09-24 11:50:34.184 +05:30  VRB  Connection id "0HN6SC24DM0SD" sending "SETTINGS" frame for stream ID 0 with length 24 and flags "NONE".
2024-09-24 11:50:34.187 +05:30  VRB  Connection id "0HN6SC24DM0SD" sending "WINDOW_UPDATE" frame for stream ID 0 with length 4 and flags 0x0.
2024-09-24 11:50:34.189 +05:30  VRB  Connection id "0HN6SC24DM0SD" received "SETTINGS" frame for stream ID 0 with length 24 and flags "NONE".
2024-09-24 11:50:34.191 +05:30  VRB  Connection id "0HN6SC24DM0SD" sending "SETTINGS" frame for stream ID 0 with length 0 and flags "ACK".
2024-09-24 11:50:34.192 +05:30  VRB  Connection id "0HN6SC24DM0SD" received "WINDOW_UPDATE" frame for stream ID 0 with length 4 and flags 0x0.
2024-09-24 11:50:34.194 +05:30  VRB  Connection id "0HN6SC24DM0SD" received "HEADERS" frame for stream ID 1 with length 500 and flags "END_STREAM, END_HEADERS, PRIORITY".
2024-09-24 11:50:34.196 +05:30  VRB  Connection id "0HN6SC24DM0SD" received "SETTINGS" frame for stream ID 0 with length 0 and flags "ACK".
2024-09-24 11:50:34.196 +05:30  INF  Request starting HTTP/2 GET https://localhost:7113/swagger/index.html - null null
2024-09-24 11:50:34.204 +05:30  VRB  All hosts are allowed.
2024-09-24 11:50:34.205 +05:30  DBG  No candidates found for the request path '/swagger/index.html'
2024-09-24 11:50:34.206 +05:30  DBG  Request did not match any endpoints
2024-09-24 11:50:34.206 +05:30  DBG  Response markup is scheduled to include Browser Link script injection.
2024-09-24 11:50:34.207 +05:30  DBG  Response markup is scheduled to include browser refresh script injection.
2024-09-24 11:50:34.207 +05:30  VRB  Connection id "0HN6SC24DM0SD" sending "HEADERS" frame for stream ID 1 with length 66 and flags "END_HEADERS".
2024-09-24 11:50:34.207 +05:30  DBG  Response markup was updated to include Browser Link script injection.
2024-09-24 11:50:34.209 +05:30  VRB  Connection id "0HN6SC24DM0SD" sending "DATA" frame for stream ID 1 with length 1136 and flags "NONE".
2024-09-24 11:50:34.209 +05:30  DBG  Response markup was updated to include browser refresh script injection.
2024-09-24 11:50:34.212 +05:30  VRB  Connection id "0HN6SC24DM0SD" sending "DATA" frame for stream ID 1 with length 0 and flags "END_STREAM".
2024-09-24 11:50:34.212 +05:30  INF  Request finished HTTP/2 GET https://localhost:7113/swagger/index.html - 200 null text/html;charset=utf-8 15.9497ms
2024-09-24 11:50:34.220 +05:30  VRB  Connection id "0HN6SC24DM0SD" received "HEADERS" frame for stream ID 3 with length 57 and flags "END_STREAM, END_HEADERS, PRIORITY".
2024-09-24 11:50:34.222 +05:30  VRB  Connection id "0HN6SC24DM0SD" received "HEADERS" frame for stream ID 5 with length 52 and flags "END_STREAM, END_HEADERS, PRIORITY".
2024-09-24 11:50:34.223 +05:30  INF  Request starting HTTP/2 GET https://localhost:7113/swagger/index.js - null null
2024-09-24 11:50:34.225 +05:30  VRB  Connection id "0HN6SC24DM0SD" received "HEADERS" frame for stream ID 7 with length 57 and flags "END_STREAM, END_HEADERS, PRIORITY".
2024-09-24 11:50:34.225 +05:30  INF  Request starting HTTP/2 GET https://localhost:7113/_framework/aspnetcore-browser-refresh.js - null null
2024-09-24 11:50:34.226 +05:30  VRB  All hosts are allowed.
2024-09-24 11:50:34.230 +05:30  INF  Request starting HTTP/2 GET https://localhost:7113/_vs/browserLink - null null
2024-09-24 11:50:34.235 +05:30  VRB  Connection id "0HN6SC24DM0SD" sending "HEADERS" frame for stream ID 5 with length 60 and flags "END_HEADERS".
2024-09-24 11:50:34.236 +05:30  DBG  No candidates found for the request path '/swagger/index.js'
2024-09-24 11:50:34.243 +05:30  VRB  Connection id "0HN6SC24DM0SD" sending "DATA" frame for stream ID 5 with length 13762 and flags "NONE".
2024-09-24 11:50:34.251 +05:30  INF  Request finished HTTP/2 GET https://localhost:7113/_framework/aspnetcore-browser-refresh.js - 200 13762 application/javascript; charset=utf-8 25.8938ms
2024-09-24 11:50:34.251 +05:30  VRB  Connection id "0HN6SC24DM0SD" sending "DATA" frame for stream ID 5 with length 0 and flags "END_STREAM".
2024-09-24 11:50:34.254 +05:30  DBG  Request did not match any endpoints
2024-09-24 11:50:34.261 +05:30  INF  Request finished HTTP/2 GET https://localhost:7113/swagger/index.js - 200 null application/javascript;charset=utf-8 38.0772ms
2024-09-24 11:50:34.262 +05:30  VRB  Connection id "0HN6SC24DM0SD" sending "HEADERS" frame for stream ID 7 with length 149 and flags "END_HEADERS".
2024-09-24 11:50:34.267 +05:30  VRB  Connection id "0HN6SC24DM0SD" sending "DATA" frame for stream ID 7 with length 9986 and flags "NONE".
2024-09-24 11:50:34.269 +05:30  VRB  Connection id "0HN6SC24DM0SD" sending "HEADERS" frame for stream ID 3 with length 41 and flags "END_HEADERS".
2024-09-24 11:50:34.271 +05:30  VRB  Connection id "0HN6SC24DM0SD" sending "DATA" frame for stream ID 3 with length 3005 and flags "END_STREAM".
2024-09-24 11:50:34.272 +05:30  VRB  Connection id "0HN6SC24DM0SD" sending "DATA" frame for stream ID 7 with length 10240 and flags "NONE".
2024-09-24 11:50:34.274 +05:30  VRB  Connection id "0HN6SC24DM0SD" sending "DATA" frame for stream ID 7 with length 10240 and flags "NONE".
2024-09-24 11:50:34.276 +05:30  VRB  Connection id "0HN6SC24DM0SD" sending "DATA" frame for stream ID 7 with length 10240 and flags "NONE".
2024-09-24 11:50:34.278 +05:30  VRB  Connection id "0HN6SC24DM0SD" sending "DATA" frame for stream ID 7 with length 10240 and flags "NONE".
2024-09-24 11:50:34.279 +05:30  VRB  Connection id "0HN6SC24DM0SD" sending "DATA" frame for stream ID 7 with length 10240 and flags "NONE".
2024-09-24 11:50:34.281 +05:30  VRB  Connection id "0HN6SC24DM0SD" sending "DATA" frame for stream ID 7 with length 10240 and flags "NONE".
2024-09-24 11:50:34.283 +05:30  VRB  Connection id "0HN6SC24DM0SD" sending "DATA" frame for stream ID 7 with length 10240 and flags "NONE".
2024-09-24 11:50:34.284 +05:30  VRB  Connection id "0HN6SC24DM0SD" sending "DATA" frame for stream ID 7 with length 10240 and flags "NONE".
2024-09-24 11:50:34.286 +05:30  VRB  Connection id "0HN6SC24DM0SD" sending "DATA" frame for stream ID 7 with length 10240 and flags "NONE".
2024-09-24 11:50:34.288 +05:30  VRB  Connection id "0HN6SC24DM0SD" sending "DATA" frame for stream ID 7 with length 10240 and flags "NONE".
2024-09-24 11:50:34.289 +05:30  VRB  Connection id "0HN6SC24DM0SD" sending "DATA" frame for stream ID 7 with length 10240 and flags "NONE".
2024-09-24 11:50:34.291 +05:30  VRB  Connection id "0HN6SC24DM0SD" sending "DATA" frame for stream ID 7 with length 10240 and flags "NONE".
2024-09-24 11:50:34.292 +05:30  VRB  Connection id "0HN6SC24DM0SD" sending "DATA" frame for stream ID 7 with length 10240 and flags "NONE".
2024-09-24 11:50:34.294 +05:30  VRB  Connection id "0HN6SC24DM0SD" sending "DATA" frame for stream ID 7 with length 10240 and flags "NONE".
2024-09-24 11:50:34.295 +05:30  VRB  Connection id "0HN6SC24DM0SD" sending "DATA" frame for stream ID 7 with length 160 and flags "NONE".
2024-09-24 11:50:34.295 +05:30  INF  Request finished HTTP/2 GET https://localhost:7113/_vs/browserLink - 200 null text/javascript; charset=UTF-8 66.1252ms
2024-09-24 11:50:34.296 +05:30  VRB  Connection id "0HN6SC24DM0SD" sending "DATA" frame for stream ID 7 with length 0 and flags "END_STREAM".
2024-09-24 11:50:34.319 +05:30  VRB  Connection id "0HN6SC24DM0SD" received "HEADERS" frame for stream ID 9 with length 74 and flags "END_STREAM, END_HEADERS, PRIORITY".
2024-09-24 11:50:34.321 +05:30  INF  Request starting HTTP/2 GET https://localhost:7113/swagger/v1/swagger.json - null null
2024-09-24 11:50:34.324 +05:30  VRB  All hosts are allowed.
2024-09-24 11:50:34.325 +05:30  DBG  No candidates found for the request path '/swagger/v1/swagger.json'
2024-09-24 11:50:34.326 +05:30  DBG  Request did not match any endpoints
2024-09-24 11:50:34.337 +05:30  VRB  Connection id "0HN6SC24DM0SD" sending "HEADERS" frame for stream ID 9 with length 35 and flags "END_HEADERS".
2024-09-24 11:50:34.339 +05:30  VRB  Connection id "0HN6SC24DM0SD" sending "DATA" frame for stream ID 9 with length 16384 and flags "NONE".
2024-09-24 11:50:34.341 +05:30  VRB  Connection id "0HN6SC24DM0SD" sending "DATA" frame for stream ID 9 with length 6588 and flags "NONE".
2024-09-24 11:50:34.344 +05:30  VRB  Connection id "0HN6SC24DM0SD" sending "DATA" frame for stream ID 9 with length 0 and flags "END_STREAM".
2024-09-24 11:50:34.344 +05:30  INF  Request finished HTTP/2 GET https://localhost:7113/swagger/v1/swagger.json - 200 null application/json;charset=utf-8 22.454ms
2024-09-24 11:50:35.894 +05:30  DBG  Connection id "0HN6SC24DM0SD" received FIN.
2024-09-24 11:50:35.895 +05:30  DBG  Connection id "0HN6SC24DM0SD" is closed. The last processed stream ID was 9.
2024-09-24 11:50:35.895 +05:30  DBG  The connection queue processing loop for 0HN6SC24DM0SD completed.
2024-09-24 11:50:35.896 +05:30  DBG  Connection id "0HN6SC24DM0SD" sending FIN because: "The Socket transport's send loop completed gracefully."
2024-09-24 11:50:35.909 +05:30  DBG  Connection id "0HN6SC24DM0SD" stopped.
2024-09-24 11:50:55.323 +05:30  DBG  Connection id "0HN6SC24DM0SE" accepted.
2024-09-24 11:50:55.325 +05:30  DBG  Connection id "0HN6SC24DM0SE" started.
2024-09-24 11:50:55.327 +05:30  DBG  Connection 0HN6SC24DM0SE established using the following protocol: "Tls12"
2024-09-24 11:50:55.329 +05:30  VRB  Connection id "0HN6SC24DM0SE" sending "SETTINGS" frame for stream ID 0 with length 24 and flags "NONE".
2024-09-24 11:50:55.330 +05:30  VRB  Connection id "0HN6SC24DM0SE" sending "WINDOW_UPDATE" frame for stream ID 0 with length 4 and flags 0x0.
2024-09-24 11:50:55.332 +05:30  VRB  Connection id "0HN6SC24DM0SE" received "SETTINGS" frame for stream ID 0 with length 24 and flags "NONE".
2024-09-24 11:50:55.333 +05:30  VRB  Connection id "0HN6SC24DM0SE" sending "SETTINGS" frame for stream ID 0 with length 0 and flags "ACK".
2024-09-24 11:50:55.336 +05:30  VRB  Connection id "0HN6SC24DM0SE" received "WINDOW_UPDATE" frame for stream ID 0 with length 4 and flags 0x0.
2024-09-24 11:50:55.337 +05:30  VRB  Connection id "0HN6SC24DM0SE" received "HEADERS" frame for stream ID 1 with length 335 and flags "END_STREAM, END_HEADERS, PRIORITY".
2024-09-24 11:50:55.339 +05:30  VRB  Connection id "0HN6SC24DM0SE" received "SETTINGS" frame for stream ID 0 with length 0 and flags "ACK".
2024-09-24 11:50:55.339 +05:30  INF  Request starting HTTP/2 OPTIONS https://localhost:7113/api/Account/Login - null null
2024-09-24 11:50:55.343 +05:30  VRB  All hosts are allowed.
2024-09-24 11:50:55.344 +05:30  DBG  1 candidate(s) found for the request path '/api/Account/Login'
2024-09-24 11:50:55.345 +05:30  DBG  Request matched endpoint '405 HTTP Method Not Supported'
2024-09-24 11:50:55.347 +05:30  VRB  The endpoint does not specify the IRequestSizeLimitMetadata.
2024-09-24 11:50:55.347 +05:30  DBG  Static files was skipped as the request already matched an endpoint.
2024-09-24 11:50:55.348 +05:30  INF  No CORS policy found for the specified request.
2024-09-24 11:50:55.348 +05:30  DBG  AuthenticationScheme: Bearer was not authenticated.
2024-09-24 11:50:55.350 +05:30  INF  Executing endpoint '405 HTTP Method Not Supported'
2024-09-24 11:50:55.351 +05:30  INF  Executed endpoint '405 HTTP Method Not Supported'
2024-09-24 11:50:55.352 +05:30  INF  Request finished HTTP/2 OPTIONS https://localhost:7113/api/Account/Login - 405 0 null 13.1119ms
2024-09-24 11:50:55.352 +05:30  VRB  Connection id "0HN6SC24DM0SE" sending "HEADERS" frame for stream ID 1 with length 55 and flags "END_STREAM, END_HEADERS".
2024-09-24 11:50:55.934 +05:30  DBG  Connection id "0HN6SC24DM0SE" received FIN.
2024-09-24 11:50:55.939 +05:30  DBG  Connection id "0HN6SC24DM0SE" is closed. The last processed stream ID was 1.
2024-09-24 11:50:55.939 +05:30  DBG  The connection queue processing loop for 0HN6SC24DM0SE completed.
2024-09-24 11:50:55.943 +05:30  DBG  Connection id "0HN6SC24DM0SE" sending FIN because: "The Socket transport's send loop completed gracefully."
2024-09-24 11:50:55.951 +05:30  DBG  Connection id "0HN6SC24DM0SE" stopped.
2024-09-24 11:51:08.743 +05:30  DBG  Registered model binder providers, in the following order: ["Microsoft.AspNetCore.Mvc.ModelBinding.Binders.BinderTypeModelBinderProvider","Microsoft.AspNetCore.Mvc.ModelBinding.Binders.ServicesModelBinderProvider","Microsoft.AspNetCore.Mvc.ModelBinding.Binders.BodyModelBinderProvider","Microsoft.AspNetCore.Mvc.ModelBinding.Binders.HeaderModelBinderProvider","Microsoft.AspNetCore.Mvc.ModelBinding.Binders.FloatingPointTypeModelBinderProvider","Microsoft.AspNetCore.Mvc.ModelBinding.Binders.EnumTypeModelBinderProvider","Microsoft.AspNetCore.Mvc.ModelBinding.Binders.DateTimeModelBinderProvider","Microsoft.AspNetCore.Mvc.ModelBinding.Binders.SimpleTypeModelBinderProvider","Microsoft.AspNetCore.Mvc.ModelBinding.Binders.TryParseModelBinderProvider","Microsoft.AspNetCore.Mvc.ModelBinding.Binders.CancellationTokenModelBinderProvider","Microsoft.AspNetCore.Mvc.ModelBinding.Binders.ByteArrayModelBinderProvider","Microsoft.AspNetCore.Mvc.ModelBinding.Binders.FormFileModelBinderProvider","Microsoft.AspNetCore.Mvc.ModelBinding.Binders.FormCollectionModelBinderProvider","Microsoft.AspNetCore.Mvc.ModelBinding.Binders.KeyValuePairModelBinderProvider","Microsoft.AspNetCore.Mvc.ModelBinding.Binders.DictionaryModelBinderProvider","Microsoft.AspNetCore.Mvc.ModelBinding.Binders.ArrayModelBinderProvider","Microsoft.AspNetCore.Mvc.ModelBinding.Binders.CollectionModelBinderProvider","Microsoft.AspNetCore.Mvc.ModelBinding.Binders.ComplexObjectModelBinderProvider"]
2024-09-24 11:51:08.937 +05:30  DBG  An 'IServiceProvider' was created for internal use by Entity Framework.
2024-09-24 11:51:09.016 +05:30  INF  User profile is available. Using 'C:\Users\arjun.hariprasad\AppData\Local\ASP.NET\DataProtection-Keys' as key repository and Windows DPAPI to encrypt keys at rest.
2024-09-24 11:51:09.322 +05:30  WRN  Navigations 'Order.Payments' and 'Payment.Order' were separated into two relationships since the [ForeignKey] attribute was specified on navigations on both sides.
2024-09-24 11:51:09.326 +05:30  WRN  Navigations 'Order.Return' and 'Return.Order' were separated into two relationships since the [ForeignKey] attribute was specified on navigations on both sides.
2024-09-24 11:51:09.331 +05:30  WRN  Navigations 'Payment.Return' and 'Return.Payment' were separated into two relationships since the [ForeignKey] attribute was specified on navigations on both sides.
2024-09-24 11:51:09.409 +05:30  WRN  Navigations 'Order.Payments' and 'Payment.Order' were separated into two relationships since the [ForeignKey] attribute was specified on navigations on both sides.
2024-09-24 11:51:09.413 +05:30  WRN  Navigations 'Payment.Order' and 'Order.Payments' were separated into two relationships since the [ForeignKey] attribute was specified on navigations on both sides.
2024-09-24 11:51:09.415 +05:30  WRN  Navigations 'Payment.Order' and 'Order.Payments' were separated into two relationships since the [ForeignKey] attribute was specified on navigations on both sides.
2024-09-24 11:51:09.416 +05:30  WRN  Navigations 'Payment.Order' and 'Order.Payments' were separated into two relationships since the [ForeignKey] attribute was specified on navigations on both sides.
2024-09-24 11:51:09.418 +05:30  WRN  Navigations 'Order.Return' and 'Return.Order' were separated into two relationships since the [ForeignKey] attribute was specified on navigations on both sides.
2024-09-24 11:51:09.421 +05:30  WRN  Navigations 'Return.Order' and 'Order.Return' were separated into two relationships since the [ForeignKey] attribute was specified on navigations on both sides.
2024-09-24 11:51:09.422 +05:30  WRN  Navigations 'Return.Order' and 'Order.Return' were separated into two relationships since the [ForeignKey] attribute was specified on navigations on both sides.
2024-09-24 11:51:09.424 +05:30  WRN  Navigations 'Return.Order' and 'Order.Return' were separated into two relationships since the [ForeignKey] attribute was specified on navigations on both sides.
2024-09-24 11:51:09.441 +05:30  DBG  The index {'UserId'} was not created on entity type 'IdentityUserRole<Guid>' as the properties are already covered by the index {'UserId', 'RoleId'}.
2024-09-24 11:51:09.444 +05:30  DBG  The index {'UserId'} was not created on entity type 'IdentityUserToken<Guid>' as the properties are already covered by the index {'UserId', 'LoginProvider', 'Name'}.
2024-09-24 11:51:09.555 +05:30  DBG  The property 'Product.UserId' was created in shadow state because there are no eligible CLR members with a matching name.
2024-09-24 11:51:09.678 +05:30  DBG  Entity Framework Core 8.0.8 initialized 'EcommerceDbContext' using provider 'Microsoft.EntityFrameworkCore.SqlServer:8.0.8' with options: None
2024-09-24 11:51:09.748 +05:30  DBG  Compiling query expression: 
'DbSet<IdentityRole<Guid>>()
    .FirstOrDefault(r => r.NormalizedName == __normalizedName_0)'
2024-09-24 11:51:09.872 +05:30  DBG  Generated query execution expression: 
'queryContext => ShapedQueryCompilingExpressionVisitor.SingleOrDefaultAsync<IdentityRole<Guid>>(
    asyncEnumerable: new SingleQueryingEnumerable<IdentityRole<Guid>>(
        (RelationalQueryContext)queryContext, 
        RelationalCommandCache.QueryExpression(
            Projection Mapping:
                EmptyProjectionMember -> Dictionary<IProperty, int> { [Property: IdentityRole<Guid>.Id (Guid) Required PK AfterSave:Throw ValueGenerated.OnAdd, 0], [Property: IdentityRole<Guid>.ConcurrencyStamp (string) Concurrency, 1], [Property: IdentityRole<Guid>.Name (string) MaxLength(256), 2], [Property: IdentityRole<Guid>.NormalizedName (string) Index MaxLength(256), 3] }
            SELECT TOP(1) a.Id, a.ConcurrencyStamp, a.Name, a.NormalizedName
            FROM AspNetRoles AS a
            WHERE a.NormalizedName == @__normalizedName_0), 
        null, 
        Func<QueryContext, DbDataReader, ResultContext, SingleQueryResultCoordinator, IdentityRole<Guid>>, 
        Persistance.EcommerceDbContext, 
        False, 
        False, 
        True
    ), 
    cancellationToken: queryContext.CancellationToken)'
2024-09-24 11:51:09.906 +05:30  DBG  Creating DbConnection.
2024-09-24 11:51:09.922 +05:30  DBG  Created DbConnection. (17ms).
2024-09-24 11:51:09.927 +05:30  DBG  Opening connection to database 'Ecommerce' on server 'FGS-DSK-230\MSSQLSERVER2019'.
2024-09-24 11:51:10.118 +05:30  DBG  Opened connection to database 'Ecommerce' on server 'FGS-DSK-230\MSSQLSERVER2019'.
2024-09-24 11:51:10.122 +05:30  DBG  Creating DbCommand for 'ExecuteReader'.
2024-09-24 11:51:10.128 +05:30  DBG  Created DbCommand for 'ExecuteReader' (3ms).
2024-09-24 11:51:10.136 +05:30  DBG  Initialized DbCommand for 'ExecuteReader' (13ms).
2024-09-24 11:51:10.143 +05:30  DBG  Executing DbCommand [Parameters=[@__normalizedName_0='?' (Size = 256)], CommandType='"Text"', CommandTimeout='30']
SELECT TOP(1) [a].[Id], [a].[ConcurrencyStamp], [a].[Name], [a].[NormalizedName]
FROM [AspNetRoles] AS [a]
WHERE [a].[NormalizedName] = @__normalizedName_0
2024-09-24 11:51:10.200 +05:30  INF  Executed DbCommand (56ms) [Parameters=[@__normalizedName_0='?' (Size = 256)], CommandType='"Text"', CommandTimeout='30']
SELECT TOP(1) [a].[Id], [a].[ConcurrencyStamp], [a].[Name], [a].[NormalizedName]
FROM [AspNetRoles] AS [a]
WHERE [a].[NormalizedName] = @__normalizedName_0
2024-09-24 11:51:10.242 +05:30  DBG  Context 'EcommerceDbContext' started tracking 'IdentityRole' entity. Consider using 'DbContextOptionsBuilder.EnableSensitiveDataLogging' to see key values.
2024-09-24 11:51:10.258 +05:30  DBG  Closing data reader to 'Ecommerce' on server 'FGS-DSK-230\MSSQLSERVER2019'.
2024-09-24 11:51:10.265 +05:30  DBG  A data reader for 'Ecommerce' on server 'FGS-DSK-230\MSSQLSERVER2019' is being disposed after spending 59ms reading results.
2024-09-24 11:51:10.270 +05:30  DBG  Closing connection to database 'Ecommerce' on server 'FGS-DSK-230\MSSQLSERVER2019'.
2024-09-24 11:51:10.275 +05:30  DBG  Closed connection to database 'Ecommerce' on server 'FGS-DSK-230\MSSQLSERVER2019' (4ms).
2024-09-24 11:51:10.279 +05:30  DBG  Opening connection to database 'Ecommerce' on server 'FGS-DSK-230\MSSQLSERVER2019'.
2024-09-24 11:51:10.280 +05:30  DBG  Opened connection to database 'Ecommerce' on server 'FGS-DSK-230\MSSQLSERVER2019'.
2024-09-24 11:51:10.281 +05:30  DBG  Creating DbCommand for 'ExecuteReader'.
2024-09-24 11:51:10.282 +05:30  DBG  Created DbCommand for 'ExecuteReader' (0ms).
2024-09-24 11:51:10.283 +05:30  DBG  Initialized DbCommand for 'ExecuteReader' (1ms).
2024-09-24 11:51:10.284 +05:30  DBG  Executing DbCommand [Parameters=[@__normalizedName_0='?' (Size = 256)], CommandType='"Text"', CommandTimeout='30']
SELECT TOP(1) [a].[Id], [a].[ConcurrencyStamp], [a].[Name], [a].[NormalizedName]
FROM [AspNetRoles] AS [a]
WHERE [a].[NormalizedName] = @__normalizedName_0
2024-09-24 11:51:10.288 +05:30  INF  Executed DbCommand (4ms) [Parameters=[@__normalizedName_0='?' (Size = 256)], CommandType='"Text"', CommandTimeout='30']
SELECT TOP(1) [a].[Id], [a].[ConcurrencyStamp], [a].[Name], [a].[NormalizedName]
FROM [AspNetRoles] AS [a]
WHERE [a].[NormalizedName] = @__normalizedName_0
2024-09-24 11:51:10.290 +05:30  DBG  Context 'EcommerceDbContext' started tracking 'IdentityRole' entity. Consider using 'DbContextOptionsBuilder.EnableSensitiveDataLogging' to see key values.
2024-09-24 11:51:10.291 +05:30  DBG  Closing data reader to 'Ecommerce' on server 'FGS-DSK-230\MSSQLSERVER2019'.
2024-09-24 11:51:10.292 +05:30  DBG  A data reader for 'Ecommerce' on server 'FGS-DSK-230\MSSQLSERVER2019' is being disposed after spending 2ms reading results.
2024-09-24 11:51:10.294 +05:30  DBG  Closing connection to database 'Ecommerce' on server 'FGS-DSK-230\MSSQLSERVER2019'.
2024-09-24 11:51:10.295 +05:30  DBG  Closed connection to database 'Ecommerce' on server 'FGS-DSK-230\MSSQLSERVER2019' (1ms).
2024-09-24 11:51:10.296 +05:30  DBG  Opening connection to database 'Ecommerce' on server 'FGS-DSK-230\MSSQLSERVER2019'.
2024-09-24 11:51:10.297 +05:30  DBG  Opened connection to database 'Ecommerce' on server 'FGS-DSK-230\MSSQLSERVER2019'.
2024-09-24 11:51:10.298 +05:30  DBG  Creating DbCommand for 'ExecuteReader'.
2024-09-24 11:51:10.299 +05:30  DBG  Created DbCommand for 'ExecuteReader' (1ms).
2024-09-24 11:51:10.301 +05:30  DBG  Initialized DbCommand for 'ExecuteReader' (2ms).
2024-09-24 11:51:10.302 +05:30  DBG  Executing DbCommand [Parameters=[@__normalizedName_0='?' (Size = 256)], CommandType='"Text"', CommandTimeout='30']
SELECT TOP(1) [a].[Id], [a].[ConcurrencyStamp], [a].[Name], [a].[NormalizedName]
FROM [AspNetRoles] AS [a]
WHERE [a].[NormalizedName] = @__normalizedName_0
2024-09-24 11:51:10.304 +05:30  INF  Executed DbCommand (2ms) [Parameters=[@__normalizedName_0='?' (Size = 256)], CommandType='"Text"', CommandTimeout='30']
SELECT TOP(1) [a].[Id], [a].[ConcurrencyStamp], [a].[Name], [a].[NormalizedName]
FROM [AspNetRoles] AS [a]
WHERE [a].[NormalizedName] = @__normalizedName_0
2024-09-24 11:51:10.306 +05:30  DBG  Context 'EcommerceDbContext' started tracking 'IdentityRole' entity. Consider using 'DbContextOptionsBuilder.EnableSensitiveDataLogging' to see key values.
2024-09-24 11:51:10.307 +05:30  DBG  Closing data reader to 'Ecommerce' on server 'FGS-DSK-230\MSSQLSERVER2019'.
2024-09-24 11:51:10.308 +05:30  DBG  A data reader for 'Ecommerce' on server 'FGS-DSK-230\MSSQLSERVER2019' is being disposed after spending 2ms reading results.
2024-09-24 11:51:10.309 +05:30  DBG  Closing connection to database 'Ecommerce' on server 'FGS-DSK-230\MSSQLSERVER2019'.
2024-09-24 11:51:10.310 +05:30  DBG  Closed connection to database 'Ecommerce' on server 'FGS-DSK-230\MSSQLSERVER2019' (1ms).
2024-09-24 11:51:10.316 +05:30  DBG  Compiling query expression: 
'DbSet<User>()
    .SingleOrDefault(u => u.NormalizedEmail == __normalizedEmail_0)'
2024-09-24 11:51:10.323 +05:30  DBG  Generated query execution expression: 
'queryContext => ShapedQueryCompilingExpressionVisitor.SingleOrDefaultAsync<User>(
    asyncEnumerable: new SingleQueryingEnumerable<User>(
        (RelationalQueryContext)queryContext, 
        RelationalCommandCache.QueryExpression(
            Projection Mapping:
                EmptyProjectionMember -> Dictionary<IProperty, int> { [Property: User.Id (Guid) Required PK AfterSave:Throw ValueGenerated.OnAdd, 0], [Property: User.AccessFailedCount (int) Required, 1], [Property: User.ConcurrencyStamp (string) Concurrency, 2], [Property: User.CreatedAt (DateTime) Required, 3], [Property: User.Email (string) MaxLength(256), 4], [Property: User.EmailConfirmed (bool) Required, 5], [Property: User.IsDeleted (bool) Required, 6], [Property: User.IsVerified (bool) Required, 7], [Property: User.LockoutEnabled (bool) Required, 8], [Property: User.LockoutEnd (DateTimeOffset?), 9], [Property: User.NormalizedEmail (string) Index MaxLength(256), 10], [Property: User.NormalizedUserName (string) Index MaxLength(256), 11], [Property: User.PasswordHash (string), 12], [Property: User.PhoneNumber (string), 13], [Property: User.PhoneNumberConfirmed (bool) Required, 14], [Property: User.SecurityStamp (string), 15], [Property: User.TwoFactorEnabled (bool) Required, 16], [Property: User.UpdatedAt (DateTime) Required, 17], [Property: User.UserName (string) MaxLength(256), 18] }
            SELECT TOP(2) a.Id, a.AccessFailedCount, a.ConcurrencyStamp, a.CreatedAt, a.Email, a.EmailConfirmed, a.IsDeleted, a.IsVerified, a.LockoutEnabled, a.LockoutEnd, a.NormalizedEmail, a.NormalizedUserName, a.PasswordHash, a.PhoneNumber, a.PhoneNumberConfirmed, a.SecurityStamp, a.TwoFactorEnabled, a.UpdatedAt, a.UserName
            FROM AspNetUsers AS a
            WHERE a.NormalizedEmail == @__normalizedEmail_0), 
        null, 
        Func<QueryContext, DbDataReader, ResultContext, SingleQueryResultCoordinator, User>, 
        Persistance.EcommerceDbContext, 
        False, 
        False, 
        True
    ), 
    cancellationToken: queryContext.CancellationToken)'
2024-09-24 11:51:10.328 +05:30  DBG  Opening connection to database 'Ecommerce' on server 'FGS-DSK-230\MSSQLSERVER2019'.
2024-09-24 11:51:10.329 +05:30  DBG  Opened connection to database 'Ecommerce' on server 'FGS-DSK-230\MSSQLSERVER2019'.
2024-09-24 11:51:10.331 +05:30  DBG  Creating DbCommand for 'ExecuteReader'.
2024-09-24 11:51:10.332 +05:30  DBG  Created DbCommand for 'ExecuteReader' (1ms).
2024-09-24 11:51:10.333 +05:30  DBG  Initialized DbCommand for 'ExecuteReader' (2ms).
2024-09-24 11:51:10.335 +05:30  DBG  Executing DbCommand [Parameters=[@__normalizedEmail_0='?' (Size = 256)], CommandType='"Text"', CommandTimeout='30']
SELECT TOP(2) [a].[Id], [a].[AccessFailedCount], [a].[ConcurrencyStamp], [a].[CreatedAt], [a].[Email], [a].[EmailConfirmed], [a].[IsDeleted], [a].[IsVerified], [a].[LockoutEnabled], [a].[LockoutEnd], [a].[NormalizedEmail], [a].[NormalizedUserName], [a].[PasswordHash], [a].[PhoneNumber], [a].[PhoneNumberConfirmed], [a].[SecurityStamp], [a].[TwoFactorEnabled], [a].[UpdatedAt], [a].[UserName]
FROM [AspNetUsers] AS [a]
WHERE [a].[NormalizedEmail] = @__normalizedEmail_0
2024-09-24 11:51:10.340 +05:30  INF  Executed DbCommand (5ms) [Parameters=[@__normalizedEmail_0='?' (Size = 256)], CommandType='"Text"', CommandTimeout='30']
SELECT TOP(2) [a].[Id], [a].[AccessFailedCount], [a].[ConcurrencyStamp], [a].[CreatedAt], [a].[Email], [a].[EmailConfirmed], [a].[IsDeleted], [a].[IsVerified], [a].[LockoutEnabled], [a].[LockoutEnd], [a].[NormalizedEmail], [a].[NormalizedUserName], [a].[PasswordHash], [a].[PhoneNumber], [a].[PhoneNumberConfirmed], [a].[SecurityStamp], [a].[TwoFactorEnabled], [a].[UpdatedAt], [a].[UserName]
FROM [AspNetUsers] AS [a]
WHERE [a].[NormalizedEmail] = @__normalizedEmail_0
2024-09-24 11:51:10.358 +05:30  DBG  Context 'EcommerceDbContext' started tracking 'User' entity. Consider using 'DbContextOptionsBuilder.EnableSensitiveDataLogging' to see key values.
2024-09-24 11:51:10.385 +05:30  DBG  Closing data reader to 'Ecommerce' on server 'FGS-DSK-230\MSSQLSERVER2019'.
2024-09-24 11:51:10.387 +05:30  DBG  A data reader for 'Ecommerce' on server 'FGS-DSK-230\MSSQLSERVER2019' is being disposed after spending 43ms reading results.
2024-09-24 11:51:10.388 +05:30  DBG  Closing connection to database 'Ecommerce' on server 'FGS-DSK-230\MSSQLSERVER2019'.
2024-09-24 11:51:10.389 +05:30  DBG  Closed connection to database 'Ecommerce' on server 'FGS-DSK-230\MSSQLSERVER2019' (0ms).
2024-09-24 11:51:10.392 +05:30  DBG  'EcommerceDbContext' disposed.
2024-09-24 11:51:10.394 +05:30  DBG  Disposing connection to database 'Ecommerce' on server 'FGS-DSK-230\MSSQLSERVER2019'.
2024-09-24 11:51:10.395 +05:30  DBG  Disposed connection to database '' on server '' (1ms).
2024-09-24 11:51:10.401 +05:30  DBG  Hosting starting
2024-09-24 11:51:10.409 +05:30  DBG  Reading data from file 'C:\Users\arjun.hariprasad\AppData\Local\ASP.NET\DataProtection-Keys\key-36f6fa2d-df91-4e24-9271-a530e4737995.xml'.
2024-09-24 11:51:10.422 +05:30  DBG  Found key {36f6fa2d-df91-4e24-9271-a530e4737995}.
2024-09-24 11:51:10.430 +05:30  DBG  Considering key {36f6fa2d-df91-4e24-9271-a530e4737995} with expiration date 2024-10-20 08:26:28Z as default key.
2024-09-24 11:51:10.436 +05:30  DBG  Forwarded activator type request from Microsoft.AspNetCore.DataProtection.XmlEncryption.DpapiXmlDecryptor, Microsoft.AspNetCore.DataProtection, Version=8.0.0.0, Culture=neutral, PublicKeyToken=adb9793829ddae60 to Microsoft.AspNetCore.DataProtection.XmlEncryption.DpapiXmlDecryptor, Microsoft.AspNetCore.DataProtection, Culture=neutral, PublicKeyToken=adb9793829ddae60
2024-09-24 11:51:10.438 +05:30  DBG  Decrypting secret element using Windows DPAPI.
2024-09-24 11:51:10.440 +05:30  DBG  Forwarded activator type request from Microsoft.AspNetCore.DataProtection.AuthenticatedEncryption.ConfigurationModel.AuthenticatedEncryptorDescriptorDeserializer, Microsoft.AspNetCore.DataProtection, Version=8.0.0.0, Culture=neutral, PublicKeyToken=adb9793829ddae60 to Microsoft.AspNetCore.DataProtection.AuthenticatedEncryption.ConfigurationModel.AuthenticatedEncryptorDescriptorDeserializer, Microsoft.AspNetCore.DataProtection, Culture=neutral, PublicKeyToken=adb9793829ddae60
2024-09-24 11:51:10.442 +05:30  DBG  Opening CNG algorithm 'AES' from provider 'null' with chaining mode CBC.
2024-09-24 11:51:10.445 +05:30  DBG  Opening CNG algorithm 'SHA256' from provider 'null' with HMAC.
2024-09-24 11:51:10.448 +05:30  DBG  Using key {36f6fa2d-df91-4e24-9271-a530e4737995} as the default key.
2024-09-24 11:51:10.450 +05:30  DBG  Key ring with default key {36f6fa2d-df91-4e24-9271-a530e4737995} was loaded during application startup.
2024-09-24 11:51:10.634 +05:30  INF  Now listening on: https://localhost:7113
2024-09-24 11:51:10.635 +05:30  INF  Now listening on: http://localhost:5081
2024-09-24 11:51:10.636 +05:30  DBG  Loaded hosting startup assembly Web.Ecommerce
2024-09-24 11:51:10.637 +05:30  DBG  Loaded hosting startup assembly Microsoft.AspNetCore.Watch.BrowserRefresh
2024-09-24 11:51:10.637 +05:30  DBG  Loaded hosting startup assembly Microsoft.WebTools.BrowserLink.Net
2024-09-24 11:51:10.638 +05:30  INF  Application started. Press Ctrl+C to shut down.
2024-09-24 11:51:10.639 +05:30  INF  Hosting environment: Development
2024-09-24 11:51:10.639 +05:30  INF  Content root path: C:\Users\arjun.hariprasad\source\.NET\Ecommerce\EcommerceSolution\CodeBase\Src\Presentation\Web.Ecommerce
2024-09-24 11:51:10.641 +05:30  DBG  Hosting started
2024-09-24 11:51:10.682 +05:30  DBG  Connection id "0HN6SC4AKI4VH" received FIN.
2024-09-24 11:51:10.682 +05:30  DBG  Connection id "0HN6SC4AKI4VG" received FIN.
2024-09-24 11:51:10.690 +05:30  DBG  Connection id "0HN6SC4AKI4VH" accepted.
2024-09-24 11:51:10.690 +05:30  DBG  Connection id "0HN6SC4AKI4VG" accepted.
2024-09-24 11:51:10.693 +05:30  DBG  Connection id "0HN6SC4AKI4VH" started.
2024-09-24 11:51:10.703 +05:30  DBG  Connection id "0HN6SC4AKI4VG" started.
2024-09-24 11:51:10.715 +05:30  DBG  Failed to authenticate HTTPS connection.System.IO.IOException: Received an unexpected EOF or 0 bytes from the transport stream.
   at System.Net.Security.SslStream.ReceiveHandshakeFrameAsync[TIOAdapter](CancellationToken cancellationToken)
   at System.Net.Security.SslStream.ForceAuthenticationAsync[TIOAdapter](Boolean receiveFirst, Byte[] reAuthenticationData, CancellationToken cancellationToken)
   at System.Net.Security.SslStream.ProcessAuthenticationWithTelemetryAsync(Boolean isAsync, CancellationToken cancellationToken)
   at Microsoft.AspNetCore.Server.Kestrel.Https.Internal.HttpsConnectionMiddleware.OnConnectionAsync(ConnectionContext context)

2024-09-24 11:51:10.715 +05:30  DBG  Failed to authenticate HTTPS connection.System.IO.IOException: Received an unexpected EOF or 0 bytes from the transport stream.
   at System.Net.Security.SslStream.ReceiveHandshakeFrameAsync[TIOAdapter](CancellationToken cancellationToken)
   at System.Net.Security.SslStream.ForceAuthenticationAsync[TIOAdapter](Boolean receiveFirst, Byte[] reAuthenticationData, CancellationToken cancellationToken)
   at System.Net.Security.SslStream.ProcessAuthenticationWithTelemetryAsync(Boolean isAsync, CancellationToken cancellationToken)
   at Microsoft.AspNetCore.Server.Kestrel.Https.Internal.HttpsConnectionMiddleware.OnConnectionAsync(ConnectionContext context)

2024-09-24 11:51:10.728 +05:30  DBG  Connection id "0HN6SC4AKI4VG" stopped.
2024-09-24 11:51:10.728 +05:30  DBG  Connection id "0HN6SC4AKI4VH" stopped.
2024-09-24 11:51:10.732 +05:30  DBG  Connection id "0HN6SC4AKI4VG" sending FIN because: "The Socket transport's send loop completed gracefully."
2024-09-24 11:51:10.732 +05:30  DBG  Connection id "0HN6SC4AKI4VH" sending FIN because: "The Socket transport's send loop completed gracefully."
2024-09-24 11:51:11.239 +05:30  DBG  Connection id "0HN6SC4AKI4VI" accepted.
2024-09-24 11:51:11.242 +05:30  DBG  Connection id "0HN6SC4AKI4VI" started.
2024-09-24 11:51:11.282 +05:30  DBG  Connection 0HN6SC4AKI4VI established using the following protocol: "Tls12"
2024-09-24 11:51:11.310 +05:30  VRB  Connection id "0HN6SC4AKI4VI" sending "SETTINGS" frame for stream ID 0 with length 24 and flags "NONE".
2024-09-24 11:51:11.316 +05:30  VRB  Connection id "0HN6SC4AKI4VI" sending "WINDOW_UPDATE" frame for stream ID 0 with length 4 and flags 0x0.
2024-09-24 11:51:11.319 +05:30  VRB  Connection id "0HN6SC4AKI4VI" received "SETTINGS" frame for stream ID 0 with length 24 and flags "NONE".
2024-09-24 11:51:11.323 +05:30  VRB  Connection id "0HN6SC4AKI4VI" sending "SETTINGS" frame for stream ID 0 with length 0 and flags "ACK".
2024-09-24 11:51:11.327 +05:30  VRB  Connection id "0HN6SC4AKI4VI" received "WINDOW_UPDATE" frame for stream ID 0 with length 4 and flags 0x0.
2024-09-24 11:51:11.328 +05:30  VRB  Connection id "0HN6SC4AKI4VI" received "HEADERS" frame for stream ID 1 with length 469 and flags "END_STREAM, END_HEADERS, PRIORITY".
2024-09-24 11:51:11.347 +05:30  VRB  Connection id "0HN6SC4AKI4VI" received "SETTINGS" frame for stream ID 0 with length 0 and flags "ACK".
2024-09-24 11:51:11.421 +05:30  INF  Request starting HTTP/2 GET https://localhost:7113/swagger/index.html - null null
2024-09-24 11:51:11.515 +05:30  DBG  Wildcard detected, all requests with hosts will be allowed.
2024-09-24 11:51:11.516 +05:30  VRB  All hosts are allowed.
2024-09-24 11:51:11.538 +05:30  DBG  No candidates found for the request path '/swagger/index.html'
2024-09-24 11:51:11.540 +05:30  DBG  Request did not match any endpoints
2024-09-24 11:51:11.641 +05:30  DBG  Response markup is scheduled to include Browser Link script injection.
2024-09-24 11:51:11.643 +05:30  DBG  Response markup is scheduled to include browser refresh script injection.
2024-09-24 11:51:11.645 +05:30  VRB  Connection id "0HN6SC4AKI4VI" sending "HEADERS" frame for stream ID 1 with length 66 and flags "END_HEADERS".
2024-09-24 11:51:11.648 +05:30  VRB  Connection id "0HN6SC4AKI4VI" sending "DATA" frame for stream ID 1 with length 698 and flags "NONE".
2024-09-24 11:51:11.649 +05:30  DBG  Response markup was updated to include Browser Link script injection.
2024-09-24 11:51:11.652 +05:30  VRB  Connection id "0HN6SC4AKI4VI" sending "DATA" frame for stream ID 1 with length 438 and flags "NONE".
2024-09-24 11:51:11.655 +05:30  DBG  Response markup was updated to include browser refresh script injection.
2024-09-24 11:51:11.659 +05:30  VRB  Connection id "0HN6SC4AKI4VI" sending "DATA" frame for stream ID 1 with length 0 and flags "END_STREAM".
2024-09-24 11:51:11.660 +05:30  INF  Request finished HTTP/2 GET https://localhost:7113/swagger/index.html - 200 null text/html;charset=utf-8 245.436ms
2024-09-24 11:51:11.666 +05:30  VRB  Connection id "0HN6SC4AKI4VI" received "HEADERS" frame for stream ID 3 with length 115 and flags "END_STREAM, END_HEADERS, PRIORITY".
2024-09-24 11:51:11.675 +05:30  VRB  Connection id "0HN6SC4AKI4VI" received "HEADERS" frame for stream ID 5 with length 35 and flags "END_STREAM, END_HEADERS, PRIORITY".
2024-09-24 11:51:11.676 +05:30  INF  Request starting HTTP/2 GET https://localhost:7113/_framework/aspnetcore-browser-refresh.js - null null
2024-09-24 11:51:11.679 +05:30  VRB  Connection id "0HN6SC4AKI4VI" received "HEADERS" frame for stream ID 7 with length 57 and flags "END_STREAM, END_HEADERS, PRIORITY".
2024-09-24 11:51:11.679 +05:30  INF  Request starting HTTP/2 GET https://localhost:7113/swagger/index.js - null null
2024-09-24 11:51:11.683 +05:30  INF  Request starting HTTP/2 GET https://localhost:7113/_vs/browserLink - null null
2024-09-24 11:51:11.687 +05:30  VRB  All hosts are allowed.
2024-09-24 11:51:11.688 +05:30  VRB  Connection id "0HN6SC4AKI4VI" sending "HEADERS" frame for stream ID 3 with length 60 and flags "END_HEADERS".
2024-09-24 11:51:11.691 +05:30  VRB  Connection id "0HN6SC4AKI4VI" sending "DATA" frame for stream ID 3 with length 13762 and flags "NONE".
2024-09-24 11:51:11.692 +05:30  DBG  No candidates found for the request path '/swagger/index.js'
2024-09-24 11:51:11.700 +05:30  DBG  Request did not match any endpoints
2024-09-24 11:51:11.713 +05:30  VRB  Connection id "0HN6SC4AKI4VI" sending "DATA" frame for stream ID 3 with length 0 and flags "END_STREAM".
2024-09-24 11:51:11.713 +05:30  INF  Request finished HTTP/2 GET https://localhost:7113/_framework/aspnetcore-browser-refresh.js - 200 13762 application/javascript; charset=utf-8 37.2722ms
2024-09-24 11:51:11.714 +05:30  INF  Request finished HTTP/2 GET https://localhost:7113/swagger/index.js - 200 null application/javascript;charset=utf-8 35.1873ms
2024-09-24 11:51:11.715 +05:30  VRB  Connection id "0HN6SC4AKI4VI" sending "HEADERS" frame for stream ID 5 with length 41 and flags "END_HEADERS".
2024-09-24 11:51:11.724 +05:30  VRB  Connection id "0HN6SC4AKI4VI" sending "DATA" frame for stream ID 5 with length 3005 and flags "END_STREAM".
2024-09-24 11:51:11.729 +05:30  VRB  Connection id "0HN6SC4AKI4VI" sending "HEADERS" frame for stream ID 7 with length 119 and flags "END_HEADERS".
2024-09-24 11:51:11.731 +05:30  VRB  Connection id "0HN6SC4AKI4VI" sending "DATA" frame for stream ID 7 with length 9986 and flags "NONE".
2024-09-24 11:51:11.736 +05:30  VRB  Connection id "0HN6SC4AKI4VI" sending "DATA" frame for stream ID 7 with length 10240 and flags "NONE".
2024-09-24 11:51:11.740 +05:30  VRB  Connection id "0HN6SC4AKI4VI" sending "DATA" frame for stream ID 7 with length 10240 and flags "NONE".
2024-09-24 11:51:11.742 +05:30  VRB  Connection id "0HN6SC4AKI4VI" sending "DATA" frame for stream ID 7 with length 10240 and flags "NONE".
2024-09-24 11:51:11.744 +05:30  VRB  Connection id "0HN6SC4AKI4VI" sending "DATA" frame for stream ID 7 with length 10240 and flags "NONE".
2024-09-24 11:51:11.746 +05:30  VRB  Connection id "0HN6SC4AKI4VI" sending "DATA" frame for stream ID 7 with length 10240 and flags "NONE".
2024-09-24 11:51:11.748 +05:30  VRB  Connection id "0HN6SC4AKI4VI" sending "DATA" frame for stream ID 7 with length 10240 and flags "NONE".
2024-09-24 11:51:11.749 +05:30  VRB  Connection id "0HN6SC4AKI4VI" sending "DATA" frame for stream ID 7 with length 10240 and flags "NONE".
2024-09-24 11:51:11.754 +05:30  VRB  Connection id "0HN6SC4AKI4VI" sending "DATA" frame for stream ID 7 with length 10240 and flags "NONE".
2024-09-24 11:51:11.756 +05:30  VRB  Connection id "0HN6SC4AKI4VI" sending "DATA" frame for stream ID 7 with length 10240 and flags "NONE".
2024-09-24 11:51:11.758 +05:30  VRB  Connection id "0HN6SC4AKI4VI" sending "DATA" frame for stream ID 7 with length 10240 and flags "NONE".
2024-09-24 11:51:11.760 +05:30  VRB  Connection id "0HN6SC4AKI4VI" sending "DATA" frame for stream ID 7 with length 10240 and flags "NONE".
2024-09-24 11:51:11.762 +05:30  VRB  Connection id "0HN6SC4AKI4VI" sending "DATA" frame for stream ID 7 with length 10240 and flags "NONE".
2024-09-24 11:51:11.763 +05:30  VRB  Connection id "0HN6SC4AKI4VI" sending "DATA" frame for stream ID 7 with length 10240 and flags "NONE".
2024-09-24 11:51:11.765 +05:30  VRB  Connection id "0HN6SC4AKI4VI" sending "DATA" frame for stream ID 7 with length 10240 and flags "NONE".
2024-09-24 11:51:11.767 +05:30  VRB  Connection id "0HN6SC4AKI4VI" sending "DATA" frame for stream ID 7 with length 160 and flags "NONE".
2024-09-24 11:51:11.768 +05:30  INF  Request finished HTTP/2 GET https://localhost:7113/_vs/browserLink - 200 null text/javascript; charset=UTF-8 86.0829ms
2024-09-24 11:51:11.770 +05:30  VRB  Connection id "0HN6SC4AKI4VI" sending "DATA" frame for stream ID 7 with length 0 and flags "END_STREAM".
2024-09-24 11:51:11.807 +05:30  VRB  Connection id "0HN6SC4AKI4VI" received "HEADERS" frame for stream ID 9 with length 74 and flags "END_STREAM, END_HEADERS, PRIORITY".
2024-09-24 11:51:11.809 +05:30  INF  Request starting HTTP/2 GET https://localhost:7113/swagger/v1/swagger.json - null null
2024-09-24 11:51:11.811 +05:30  VRB  All hosts are allowed.
2024-09-24 11:51:11.812 +05:30  DBG  No candidates found for the request path '/swagger/v1/swagger.json'
2024-09-24 11:51:11.813 +05:30  DBG  Request did not match any endpoints
2024-09-24 11:51:11.931 +05:30  VRB  Connection id "0HN6SC4AKI4VI" sending "HEADERS" frame for stream ID 9 with length 35 and flags "END_HEADERS".
2024-09-24 11:51:11.933 +05:30  VRB  Connection id "0HN6SC4AKI4VI" sending "DATA" frame for stream ID 9 with length 16384 and flags "NONE".
2024-09-24 11:51:11.936 +05:30  VRB  Connection id "0HN6SC4AKI4VI" sending "DATA" frame for stream ID 9 with length 6588 and flags "NONE".
2024-09-24 11:51:11.939 +05:30  VRB  Connection id "0HN6SC4AKI4VI" sending "DATA" frame for stream ID 9 with length 0 and flags "END_STREAM".
2024-09-24 11:51:11.939 +05:30  INF  Request finished HTTP/2 GET https://localhost:7113/swagger/v1/swagger.json - 200 null application/json;charset=utf-8 130.2938ms
2024-09-24 11:51:20.979 +05:30  DBG  Connection id "0HN6SC4AKI4VI" received FIN.
2024-09-24 11:51:20.985 +05:30  DBG  Connection id "0HN6SC4AKI4VI" is closed. The last processed stream ID was 9.
2024-09-24 11:51:20.986 +05:30  DBG  The connection queue processing loop for 0HN6SC4AKI4VI completed.
2024-09-24 11:51:20.986 +05:30  DBG  Connection id "0HN6SC4AKI4VI" sending FIN because: "The Socket transport's send loop completed gracefully."
2024-09-24 11:51:20.993 +05:30  DBG  Connection id "0HN6SC4AKI4VI" stopped.
2024-09-24 11:51:42.597 +05:30  DBG  Connection id "0HN6SC4AKI4VJ" accepted.
2024-09-24 11:51:42.604 +05:30  DBG  Connection id "0HN6SC4AKI4VJ" started.
2024-09-24 11:51:42.615 +05:30  DBG  Connection 0HN6SC4AKI4VJ established using the following protocol: "Tls12"
2024-09-24 11:51:42.616 +05:30  VRB  Connection id "0HN6SC4AKI4VJ" sending "SETTINGS" frame for stream ID 0 with length 24 and flags "NONE".
2024-09-24 11:51:42.618 +05:30  VRB  Connection id "0HN6SC4AKI4VJ" sending "WINDOW_UPDATE" frame for stream ID 0 with length 4 and flags 0x0.
2024-09-24 11:51:42.621 +05:30  VRB  Connection id "0HN6SC4AKI4VJ" received "SETTINGS" frame for stream ID 0 with length 24 and flags "NONE".
2024-09-24 11:51:42.622 +05:30  VRB  Connection id "0HN6SC4AKI4VJ" sending "SETTINGS" frame for stream ID 0 with length 0 and flags "ACK".
2024-09-24 11:51:42.624 +05:30  VRB  Connection id "0HN6SC4AKI4VJ" received "WINDOW_UPDATE" frame for stream ID 0 with length 4 and flags 0x0.
2024-09-24 11:51:42.625 +05:30  VRB  Connection id "0HN6SC4AKI4VJ" received "HEADERS" frame for stream ID 1 with length 335 and flags "END_STREAM, END_HEADERS, PRIORITY".
2024-09-24 11:51:42.627 +05:30  VRB  Connection id "0HN6SC4AKI4VJ" received "SETTINGS" frame for stream ID 0 with length 0 and flags "ACK".
2024-09-24 11:51:42.627 +05:30  INF  Request starting HTTP/2 OPTIONS https://localhost:7113/api/Account/Login - null null
2024-09-24 11:51:42.630 +05:30  VRB  All hosts are allowed.
2024-09-24 11:51:42.636 +05:30  DBG  1 candidate(s) found for the request path '/api/Account/Login'
2024-09-24 11:51:42.638 +05:30  DBG  Request matched endpoint '405 HTTP Method Not Supported'
2024-09-24 11:51:42.640 +05:30  VRB  The endpoint does not specify the IRequestSizeLimitMetadata.
2024-09-24 11:51:42.641 +05:30  DBG  Static files was skipped as the request already matched an endpoint.
2024-09-24 11:51:42.643 +05:30  DBG  The request has an origin header: 'http://localhost:4200'.
2024-09-24 11:51:42.644 +05:30  INF  CORS policy execution successful.
2024-09-24 11:51:42.644 +05:30  DBG  The request is a preflight request.
2024-09-24 11:51:42.645 +05:30  INF  Request finished HTTP/2 OPTIONS https://localhost:7113/api/Account/Login - 204 null null 18.6902ms
2024-09-24 11:51:42.645 +05:30  VRB  Connection id "0HN6SC4AKI4VJ" sending "HEADERS" frame for stream ID 1 with length 122 and flags "END_STREAM, END_HEADERS".
2024-09-24 11:51:42.651 +05:30  VRB  Connection id "0HN6SC4AKI4VJ" received "HEADERS" frame for stream ID 3 with length 182 and flags "END_HEADERS, PRIORITY".
2024-09-24 11:51:42.654 +05:30  VRB  Connection id "0HN6SC4AKI4VJ" received "DATA" frame for stream ID 3 with length 67 and flags "END_STREAM".
2024-09-24 11:51:42.654 +05:30  INF  Request starting HTTP/2 POST https://localhost:7113/api/Account/Login - application/json 67
2024-09-24 11:51:42.658 +05:30  VRB  All hosts are allowed.
2024-09-24 11:51:42.660 +05:30  DBG  1 candidate(s) found for the request path '/api/Account/Login'
2024-09-24 11:51:42.662 +05:30  DBG  Endpoint 'Web.Ecommerce.Controllers.Account.AccountController.Login (Web.Ecommerce)' with route pattern 'api/Account/Login' is valid for the request path '/api/Account/Login'
2024-09-24 11:51:42.664 +05:30  DBG  Request matched endpoint 'Web.Ecommerce.Controllers.Account.AccountController.Login (Web.Ecommerce)'
2024-09-24 11:51:42.665 +05:30  VRB  The endpoint does not specify the IRequestSizeLimitMetadata.
2024-09-24 11:51:42.665 +05:30  DBG  Static files was skipped as the request already matched an endpoint.
2024-09-24 11:51:42.666 +05:30  DBG  The request has an origin header: 'http://localhost:4200'.
2024-09-24 11:51:42.667 +05:30  INF  CORS policy execution successful.
2024-09-24 11:51:42.756 +05:30  DBG  AuthenticationScheme: Bearer was not authenticated.
2024-09-24 11:51:42.760 +05:30  INF  Executing endpoint 'Web.Ecommerce.Controllers.Account.AccountController.Login (Web.Ecommerce)'
2024-09-24 11:51:42.778 +05:30  INF  Route matched with {action = "Login", controller = "Account"}. Executing controller action with signature System.Threading.Tasks.Task`1[Microsoft.AspNetCore.Mvc.IActionResult] Login(Application.Ecom.Authentication.Commands.LoginUser.LoginUserCommand) on controller Web.Ecommerce.Controllers.Account.AccountController (Web.Ecommerce).
2024-09-24 11:51:42.782 +05:30  DBG  Execution plan of authorization filters (in the following order): ["None"]
2024-09-24 11:51:42.783 +05:30  DBG  Execution plan of resource filters (in the following order): ["None"]
2024-09-24 11:51:42.785 +05:30  DBG  Execution plan of action filters (in the following order): ["Microsoft.AspNetCore.Mvc.ModelBinding.UnsupportedContentTypeFilter (Order: -3000)","Microsoft.AspNetCore.Mvc.Infrastructure.ModelStateInvalidFilter (Order: -2000)"]
2024-09-24 11:51:42.787 +05:30  DBG  Execution plan of exception filters (in the following order): ["None"]
2024-09-24 11:51:42.788 +05:30  DBG  Execution plan of result filters (in the following order): ["Microsoft.AspNetCore.Mvc.Infrastructure.ClientErrorResultFilter (Order: -2000)"]
2024-09-24 11:51:42.791 +05:30  DBG  Executing controller factory for controller Web.Ecommerce.Controllers.Account.AccountController (Web.Ecommerce)
2024-09-24 11:51:42.793 +05:30  DBG  Executed controller factory for controller Web.Ecommerce.Controllers.Account.AccountController (Web.Ecommerce)
2024-09-24 11:51:42.807 +05:30  DBG  Attempting to bind parameter 'command' of type 'Application.Ecom.Authentication.Commands.LoginUser.LoginUserCommand' ...
2024-09-24 11:51:42.811 +05:30  DBG  Attempting to bind parameter 'command' of type 'Application.Ecom.Authentication.Commands.LoginUser.LoginUserCommand' using the name '' in request data ...
2024-09-24 11:51:42.813 +05:30  DBG  Selected input formatter 'Microsoft.AspNetCore.Mvc.Formatters.SystemTextJsonInputFormatter' for content type 'application/json'.
2024-09-24 11:51:42.835 +05:30  DBG  Connection id "0HN6SC4AKI4VJ", Request id "0HN6SC4AKI4VJ:00000003": started reading request body.
2024-09-24 11:51:42.837 +05:30  DBG  Connection id "0HN6SC4AKI4VJ", Request id "0HN6SC4AKI4VJ:00000003": done reading request body.
2024-09-24 11:51:42.852 +05:30  DBG  JSON input formatter threw an exception: The JSON value could not be converted to System.Boolean. Path: $.Remember | LineNumber: 0 | BytePositionInLine: 66.
2024-09-24 11:51:42.854 +05:30  DBG  Done attempting to bind parameter 'command' of type 'Application.Ecom.Authentication.Commands.LoginUser.LoginUserCommand'.
2024-09-24 11:51:42.855 +05:30  DBG  Done attempting to bind parameter 'command' of type 'Application.Ecom.Authentication.Commands.LoginUser.LoginUserCommand'.
2024-09-24 11:51:42.856 +05:30  DBG  Attempting to validate the bound parameter 'command' of type 'Application.Ecom.Authentication.Commands.LoginUser.LoginUserCommand' ...
2024-09-24 11:51:42.862 +05:30  DBG  Done attempting to validate the bound parameter 'command' of type 'Application.Ecom.Authentication.Commands.LoginUser.LoginUserCommand'.
2024-09-24 11:51:42.864 +05:30  VRB  Action Filter: Before executing OnActionExecuting on filter Microsoft.AspNetCore.Mvc.ModelBinding.UnsupportedContentTypeFilter.
2024-09-24 11:51:42.866 +05:30  VRB  Action Filter: After executing OnActionExecuting on filter Microsoft.AspNetCore.Mvc.ModelBinding.UnsupportedContentTypeFilter.
2024-09-24 11:51:42.868 +05:30  VRB  Action Filter: Before executing OnActionExecuting on filter Microsoft.AspNetCore.Mvc.Infrastructure.ModelStateInvalidFilter.
2024-09-24 11:51:42.869 +05:30  DBG  The request has model state errors, returning an error response.
2024-09-24 11:51:42.870 +05:30  VRB  Action Filter: After executing OnActionExecuting on filter Microsoft.AspNetCore.Mvc.Infrastructure.ModelStateInvalidFilter.
2024-09-24 11:51:42.872 +05:30  DBG  Request was short circuited at action filter 'Microsoft.AspNetCore.Mvc.Infrastructure.ModelStateInvalidFilter'.
2024-09-24 11:51:42.872 +05:30  VRB  Action Filter: Before executing OnActionExecuted on filter Microsoft.AspNetCore.Mvc.ModelBinding.UnsupportedContentTypeFilter.
2024-09-24 11:51:42.874 +05:30  VRB  Action Filter: After executing OnActionExecuted on filter Microsoft.AspNetCore.Mvc.ModelBinding.UnsupportedContentTypeFilter.
2024-09-24 11:51:42.875 +05:30  VRB  Result Filter: Before executing OnResultExecuting on filter Microsoft.AspNetCore.Mvc.Infrastructure.ClientErrorResultFilter.
2024-09-24 11:51:42.876 +05:30  VRB  Result Filter: After executing OnResultExecuting on filter Microsoft.AspNetCore.Mvc.Infrastructure.ClientErrorResultFilter.
2024-09-24 11:51:42.878 +05:30  VRB  Before executing action result Microsoft.AspNetCore.Mvc.BadRequestObjectResult.
2024-09-24 11:51:42.880 +05:30  DBG  List of registered output formatters, in the following order: ["Microsoft.AspNetCore.Mvc.Formatters.HttpNoContentOutputFormatter","Microsoft.AspNetCore.Mvc.Formatters.StringOutputFormatter","Microsoft.AspNetCore.Mvc.Formatters.StreamOutputFormatter","Microsoft.AspNetCore.Mvc.Formatters.SystemTextJsonOutputFormatter"]
2024-09-24 11:51:42.882 +05:30  DBG  No information found on request to perform content negotiation.
2024-09-24 11:51:42.883 +05:30  DBG  Attempting to select the first output formatter in the output formatters list which supports a content type from the explicitly specified content types '["application/problem+json","application/problem+xml","application/problem+json","application/problem+xml"]'.
2024-09-24 11:51:42.886 +05:30  DBG  Selected output formatter 'Microsoft.AspNetCore.Mvc.Formatters.SystemTextJsonOutputFormatter' and content type 'application/problem+json' to write the response.
2024-09-24 11:51:42.887 +05:30  INF  Executing BadRequestObjectResult, writing value of type 'Microsoft.AspNetCore.Mvc.ValidationProblemDetails'.
2024-09-24 11:51:42.915 +05:30  VRB  Connection id "0HN6SC4AKI4VJ" sending "HEADERS" frame for stream ID 3 with length 75 and flags "END_HEADERS".
2024-09-24 11:51:42.915 +05:30  VRB  After executing action result Microsoft.AspNetCore.Mvc.BadRequestObjectResult.
2024-09-24 11:51:42.917 +05:30  VRB  Connection id "0HN6SC4AKI4VJ" sending "DATA" frame for stream ID 3 with length 381 and flags "NONE".
2024-09-24 11:51:42.918 +05:30  VRB  Result Filter: Before executing OnResultExecuted on filter Microsoft.AspNetCore.Mvc.Infrastructure.ClientErrorResultFilter.
2024-09-24 11:51:42.921 +05:30  VRB  Result Filter: After executing OnResultExecuted on filter Microsoft.AspNetCore.Mvc.Infrastructure.ClientErrorResultFilter.
2024-09-24 11:51:42.925 +05:30  INF  Executed action Web.Ecommerce.Controllers.Account.AccountController.Login (Web.Ecommerce) in 133.2221ms
2024-09-24 11:51:42.928 +05:30  INF  Executed endpoint 'Web.Ecommerce.Controllers.Account.AccountController.Login (Web.Ecommerce)'
2024-09-24 11:51:42.929 +05:30  VRB  Connection id "0HN6SC4AKI4VJ" sending "DATA" frame for stream ID 3 with length 0 and flags "END_STREAM".
2024-09-24 11:51:42.929 +05:30  INF  Request finished HTTP/2 POST https://localhost:7113/api/Account/Login - 400 null application/problem+json; charset=utf-8 274.7361ms
2024-09-24 11:51:51.016 +05:30  DBG  Connection id "0HN6SC4AKI4VJ" received FIN.
2024-09-24 11:51:51.022 +05:30  DBG  Connection id "0HN6SC4AKI4VJ" is closed. The last processed stream ID was 3.
2024-09-24 11:51:51.022 +05:30  DBG  The connection queue processing loop for 0HN6SC4AKI4VJ completed.
2024-09-24 11:51:51.028 +05:30  DBG  Connection id "0HN6SC4AKI4VJ" sending FIN because: "The Socket transport's send loop completed gracefully."
2024-09-24 11:51:51.046 +05:30  DBG  Connection id "0HN6SC4AKI4VJ" stopped.
2024-09-24 12:00:55.810 +05:30  DBG  Registered model binder providers, in the following order: ["Microsoft.AspNetCore.Mvc.ModelBinding.Binders.BinderTypeModelBinderProvider","Microsoft.AspNetCore.Mvc.ModelBinding.Binders.ServicesModelBinderProvider","Microsoft.AspNetCore.Mvc.ModelBinding.Binders.BodyModelBinderProvider","Microsoft.AspNetCore.Mvc.ModelBinding.Binders.HeaderModelBinderProvider","Microsoft.AspNetCore.Mvc.ModelBinding.Binders.FloatingPointTypeModelBinderProvider","Microsoft.AspNetCore.Mvc.ModelBinding.Binders.EnumTypeModelBinderProvider","Microsoft.AspNetCore.Mvc.ModelBinding.Binders.DateTimeModelBinderProvider","Microsoft.AspNetCore.Mvc.ModelBinding.Binders.SimpleTypeModelBinderProvider","Microsoft.AspNetCore.Mvc.ModelBinding.Binders.TryParseModelBinderProvider","Microsoft.AspNetCore.Mvc.ModelBinding.Binders.CancellationTokenModelBinderProvider","Microsoft.AspNetCore.Mvc.ModelBinding.Binders.ByteArrayModelBinderProvider","Microsoft.AspNetCore.Mvc.ModelBinding.Binders.FormFileModelBinderProvider","Microsoft.AspNetCore.Mvc.ModelBinding.Binders.FormCollectionModelBinderProvider","Microsoft.AspNetCore.Mvc.ModelBinding.Binders.KeyValuePairModelBinderProvider","Microsoft.AspNetCore.Mvc.ModelBinding.Binders.DictionaryModelBinderProvider","Microsoft.AspNetCore.Mvc.ModelBinding.Binders.ArrayModelBinderProvider","Microsoft.AspNetCore.Mvc.ModelBinding.Binders.CollectionModelBinderProvider","Microsoft.AspNetCore.Mvc.ModelBinding.Binders.ComplexObjectModelBinderProvider"]
2024-09-24 12:00:56.117 +05:30  DBG  An 'IServiceProvider' was created for internal use by Entity Framework.
2024-09-24 12:00:56.258 +05:30  INF  User profile is available. Using 'C:\Users\arjun.hariprasad\AppData\Local\ASP.NET\DataProtection-Keys' as key repository and Windows DPAPI to encrypt keys at rest.
2024-09-24 12:00:56.640 +05:30  WRN  Navigations 'Order.Payments' and 'Payment.Order' were separated into two relationships since the [ForeignKey] attribute was specified on navigations on both sides.
2024-09-24 12:00:56.645 +05:30  WRN  Navigations 'Order.Return' and 'Return.Order' were separated into two relationships since the [ForeignKey] attribute was specified on navigations on both sides.
2024-09-24 12:00:56.650 +05:30  WRN  Navigations 'Payment.Return' and 'Return.Payment' were separated into two relationships since the [ForeignKey] attribute was specified on navigations on both sides.
2024-09-24 12:00:56.723 +05:30  WRN  Navigations 'Order.Payments' and 'Payment.Order' were separated into two relationships since the [ForeignKey] attribute was specified on navigations on both sides.
2024-09-24 12:00:56.726 +05:30  WRN  Navigations 'Payment.Order' and 'Order.Payments' were separated into two relationships since the [ForeignKey] attribute was specified on navigations on both sides.
2024-09-24 12:00:56.728 +05:30  WRN  Navigations 'Payment.Order' and 'Order.Payments' were separated into two relationships since the [ForeignKey] attribute was specified on navigations on both sides.
2024-09-24 12:00:56.730 +05:30  WRN  Navigations 'Payment.Order' and 'Order.Payments' were separated into two relationships since the [ForeignKey] attribute was specified on navigations on both sides.
2024-09-24 12:00:56.732 +05:30  WRN  Navigations 'Order.Return' and 'Return.Order' were separated into two relationships since the [ForeignKey] attribute was specified on navigations on both sides.
2024-09-24 12:00:56.734 +05:30  WRN  Navigations 'Return.Order' and 'Order.Return' were separated into two relationships since the [ForeignKey] attribute was specified on navigations on both sides.
2024-09-24 12:00:56.735 +05:30  WRN  Navigations 'Return.Order' and 'Order.Return' were separated into two relationships since the [ForeignKey] attribute was specified on navigations on both sides.
2024-09-24 12:00:56.737 +05:30  WRN  Navigations 'Return.Order' and 'Order.Return' were separated into two relationships since the [ForeignKey] attribute was specified on navigations on both sides.
2024-09-24 12:00:56.759 +05:30  DBG  The index {'UserId'} was not created on entity type 'IdentityUserRole<Guid>' as the properties are already covered by the index {'UserId', 'RoleId'}.
2024-09-24 12:00:56.761 +05:30  DBG  The index {'UserId'} was not created on entity type 'IdentityUserToken<Guid>' as the properties are already covered by the index {'UserId', 'LoginProvider', 'Name'}.
2024-09-24 12:00:56.883 +05:30  DBG  The property 'Product.UserId' was created in shadow state because there are no eligible CLR members with a matching name.
2024-09-24 12:00:57.021 +05:30  DBG  Entity Framework Core 8.0.8 initialized 'EcommerceDbContext' using provider 'Microsoft.EntityFrameworkCore.SqlServer:8.0.8' with options: None
2024-09-24 12:00:57.135 +05:30  DBG  Compiling query expression: 
'DbSet<IdentityRole<Guid>>()
    .FirstOrDefault(r => r.NormalizedName == __normalizedName_0)'
2024-09-24 12:00:57.284 +05:30  DBG  Generated query execution expression: 
'queryContext => ShapedQueryCompilingExpressionVisitor.SingleOrDefaultAsync<IdentityRole<Guid>>(
    asyncEnumerable: new SingleQueryingEnumerable<IdentityRole<Guid>>(
        (RelationalQueryContext)queryContext, 
        RelationalCommandCache.QueryExpression(
            Projection Mapping:
                EmptyProjectionMember -> Dictionary<IProperty, int> { [Property: IdentityRole<Guid>.Id (Guid) Required PK AfterSave:Throw ValueGenerated.OnAdd, 0], [Property: IdentityRole<Guid>.ConcurrencyStamp (string) Concurrency, 1], [Property: IdentityRole<Guid>.Name (string) MaxLength(256), 2], [Property: IdentityRole<Guid>.NormalizedName (string) Index MaxLength(256), 3] }
            SELECT TOP(1) a.Id, a.ConcurrencyStamp, a.Name, a.NormalizedName
            FROM AspNetRoles AS a
            WHERE a.NormalizedName == @__normalizedName_0), 
        null, 
        Func<QueryContext, DbDataReader, ResultContext, SingleQueryResultCoordinator, IdentityRole<Guid>>, 
        Persistance.EcommerceDbContext, 
        False, 
        False, 
        True
    ), 
    cancellationToken: queryContext.CancellationToken)'
2024-09-24 12:00:57.344 +05:30  DBG  Creating DbConnection.
2024-09-24 12:00:57.369 +05:30  DBG  Created DbConnection. (27ms).
2024-09-24 12:00:57.375 +05:30  DBG  Opening connection to database 'Ecommerce' on server 'FGS-DSK-230\MSSQLSERVER2019'.
2024-09-24 12:00:57.697 +05:30  DBG  Opened connection to database 'Ecommerce' on server 'FGS-DSK-230\MSSQLSERVER2019'.
2024-09-24 12:00:57.701 +05:30  DBG  Creating DbCommand for 'ExecuteReader'.
2024-09-24 12:00:57.709 +05:30  DBG  Created DbCommand for 'ExecuteReader' (5ms).
2024-09-24 12:00:57.718 +05:30  DBG  Initialized DbCommand for 'ExecuteReader' (16ms).
2024-09-24 12:00:57.727 +05:30  DBG  Executing DbCommand [Parameters=[@__normalizedName_0='?' (Size = 256)], CommandType='"Text"', CommandTimeout='30']
SELECT TOP(1) [a].[Id], [a].[ConcurrencyStamp], [a].[Name], [a].[NormalizedName]
FROM [AspNetRoles] AS [a]
WHERE [a].[NormalizedName] = @__normalizedName_0
2024-09-24 12:00:57.804 +05:30  INF  Executed DbCommand (77ms) [Parameters=[@__normalizedName_0='?' (Size = 256)], CommandType='"Text"', CommandTimeout='30']
SELECT TOP(1) [a].[Id], [a].[ConcurrencyStamp], [a].[Name], [a].[NormalizedName]
FROM [AspNetRoles] AS [a]
WHERE [a].[NormalizedName] = @__normalizedName_0
2024-09-24 12:00:57.848 +05:30  DBG  Context 'EcommerceDbContext' started tracking 'IdentityRole' entity. Consider using 'DbContextOptionsBuilder.EnableSensitiveDataLogging' to see key values.
2024-09-24 12:00:57.866 +05:30  DBG  Closing data reader to 'Ecommerce' on server 'FGS-DSK-230\MSSQLSERVER2019'.
2024-09-24 12:00:57.873 +05:30  DBG  A data reader for 'Ecommerce' on server 'FGS-DSK-230\MSSQLSERVER2019' is being disposed after spending 62ms reading results.
2024-09-24 12:00:57.877 +05:30  DBG  Closing connection to database 'Ecommerce' on server 'FGS-DSK-230\MSSQLSERVER2019'.
2024-09-24 12:00:57.882 +05:30  DBG  Closed connection to database 'Ecommerce' on server 'FGS-DSK-230\MSSQLSERVER2019' (5ms).
2024-09-24 12:00:57.887 +05:30  DBG  Opening connection to database 'Ecommerce' on server 'FGS-DSK-230\MSSQLSERVER2019'.
2024-09-24 12:00:57.889 +05:30  DBG  Opened connection to database 'Ecommerce' on server 'FGS-DSK-230\MSSQLSERVER2019'.
2024-09-24 12:00:57.890 +05:30  DBG  Creating DbCommand for 'ExecuteReader'.
2024-09-24 12:00:57.891 +05:30  DBG  Created DbCommand for 'ExecuteReader' (0ms).
2024-09-24 12:00:57.892 +05:30  DBG  Initialized DbCommand for 'ExecuteReader' (1ms).
2024-09-24 12:00:57.892 +05:30  DBG  Executing DbCommand [Parameters=[@__normalizedName_0='?' (Size = 256)], CommandType='"Text"', CommandTimeout='30']
SELECT TOP(1) [a].[Id], [a].[ConcurrencyStamp], [a].[Name], [a].[NormalizedName]
FROM [AspNetRoles] AS [a]
WHERE [a].[NormalizedName] = @__normalizedName_0
2024-09-24 12:00:57.899 +05:30  INF  Executed DbCommand (7ms) [Parameters=[@__normalizedName_0='?' (Size = 256)], CommandType='"Text"', CommandTimeout='30']
SELECT TOP(1) [a].[Id], [a].[ConcurrencyStamp], [a].[Name], [a].[NormalizedName]
FROM [AspNetRoles] AS [a]
WHERE [a].[NormalizedName] = @__normalizedName_0
2024-09-24 12:00:57.902 +05:30  DBG  Context 'EcommerceDbContext' started tracking 'IdentityRole' entity. Consider using 'DbContextOptionsBuilder.EnableSensitiveDataLogging' to see key values.
2024-09-24 12:00:57.903 +05:30  DBG  Closing data reader to 'Ecommerce' on server 'FGS-DSK-230\MSSQLSERVER2019'.
2024-09-24 12:00:57.904 +05:30  DBG  A data reader for 'Ecommerce' on server 'FGS-DSK-230\MSSQLSERVER2019' is being disposed after spending 2ms reading results.
2024-09-24 12:00:57.905 +05:30  DBG  Closing connection to database 'Ecommerce' on server 'FGS-DSK-230\MSSQLSERVER2019'.
2024-09-24 12:00:57.906 +05:30  DBG  Closed connection to database 'Ecommerce' on server 'FGS-DSK-230\MSSQLSERVER2019' (1ms).
2024-09-24 12:00:57.908 +05:30  DBG  Opening connection to database 'Ecommerce' on server 'FGS-DSK-230\MSSQLSERVER2019'.
2024-09-24 12:00:57.908 +05:30  DBG  Opened connection to database 'Ecommerce' on server 'FGS-DSK-230\MSSQLSERVER2019'.
2024-09-24 12:00:57.909 +05:30  DBG  Creating DbCommand for 'ExecuteReader'.
2024-09-24 12:00:57.910 +05:30  DBG  Created DbCommand for 'ExecuteReader' (0ms).
2024-09-24 12:00:57.911 +05:30  DBG  Initialized DbCommand for 'ExecuteReader' (1ms).
2024-09-24 12:00:57.912 +05:30  DBG  Executing DbCommand [Parameters=[@__normalizedName_0='?' (Size = 256)], CommandType='"Text"', CommandTimeout='30']
SELECT TOP(1) [a].[Id], [a].[ConcurrencyStamp], [a].[Name], [a].[NormalizedName]
FROM [AspNetRoles] AS [a]
WHERE [a].[NormalizedName] = @__normalizedName_0
2024-09-24 12:00:57.916 +05:30  INF  Executed DbCommand (4ms) [Parameters=[@__normalizedName_0='?' (Size = 256)], CommandType='"Text"', CommandTimeout='30']
SELECT TOP(1) [a].[Id], [a].[ConcurrencyStamp], [a].[Name], [a].[NormalizedName]
FROM [AspNetRoles] AS [a]
WHERE [a].[NormalizedName] = @__normalizedName_0
2024-09-24 12:00:57.918 +05:30  DBG  Context 'EcommerceDbContext' started tracking 'IdentityRole' entity. Consider using 'DbContextOptionsBuilder.EnableSensitiveDataLogging' to see key values.
2024-09-24 12:00:57.919 +05:30  DBG  Closing data reader to 'Ecommerce' on server 'FGS-DSK-230\MSSQLSERVER2019'.
2024-09-24 12:00:57.920 +05:30  DBG  A data reader for 'Ecommerce' on server 'FGS-DSK-230\MSSQLSERVER2019' is being disposed after spending 2ms reading results.
2024-09-24 12:00:57.922 +05:30  DBG  Closing connection to database 'Ecommerce' on server 'FGS-DSK-230\MSSQLSERVER2019'.
2024-09-24 12:00:57.923 +05:30  DBG  Closed connection to database 'Ecommerce' on server 'FGS-DSK-230\MSSQLSERVER2019' (1ms).
2024-09-24 12:00:57.929 +05:30  DBG  Compiling query expression: 
'DbSet<User>()
    .SingleOrDefault(u => u.NormalizedEmail == __normalizedEmail_0)'
2024-09-24 12:00:57.936 +05:30  DBG  Generated query execution expression: 
'queryContext => ShapedQueryCompilingExpressionVisitor.SingleOrDefaultAsync<User>(
    asyncEnumerable: new SingleQueryingEnumerable<User>(
        (RelationalQueryContext)queryContext, 
        RelationalCommandCache.QueryExpression(
            Projection Mapping:
                EmptyProjectionMember -> Dictionary<IProperty, int> { [Property: User.Id (Guid) Required PK AfterSave:Throw ValueGenerated.OnAdd, 0], [Property: User.AccessFailedCount (int) Required, 1], [Property: User.ConcurrencyStamp (string) Concurrency, 2], [Property: User.CreatedAt (DateTime) Required, 3], [Property: User.Email (string) MaxLength(256), 4], [Property: User.EmailConfirmed (bool) Required, 5], [Property: User.IsDeleted (bool) Required, 6], [Property: User.IsVerified (bool) Required, 7], [Property: User.LockoutEnabled (bool) Required, 8], [Property: User.LockoutEnd (DateTimeOffset?), 9], [Property: User.NormalizedEmail (string) Index MaxLength(256), 10], [Property: User.NormalizedUserName (string) Index MaxLength(256), 11], [Property: User.PasswordHash (string), 12], [Property: User.PhoneNumber (string), 13], [Property: User.PhoneNumberConfirmed (bool) Required, 14], [Property: User.SecurityStamp (string), 15], [Property: User.TwoFactorEnabled (bool) Required, 16], [Property: User.UpdatedAt (DateTime) Required, 17], [Property: User.UserName (string) MaxLength(256), 18] }
            SELECT TOP(2) a.Id, a.AccessFailedCount, a.ConcurrencyStamp, a.CreatedAt, a.Email, a.EmailConfirmed, a.IsDeleted, a.IsVerified, a.LockoutEnabled, a.LockoutEnd, a.NormalizedEmail, a.NormalizedUserName, a.PasswordHash, a.PhoneNumber, a.PhoneNumberConfirmed, a.SecurityStamp, a.TwoFactorEnabled, a.UpdatedAt, a.UserName
            FROM AspNetUsers AS a
            WHERE a.NormalizedEmail == @__normalizedEmail_0), 
        null, 
        Func<QueryContext, DbDataReader, ResultContext, SingleQueryResultCoordinator, User>, 
        Persistance.EcommerceDbContext, 
        False, 
        False, 
        True
    ), 
    cancellationToken: queryContext.CancellationToken)'
2024-09-24 12:00:57.941 +05:30  DBG  Opening connection to database 'Ecommerce' on server 'FGS-DSK-230\MSSQLSERVER2019'.
2024-09-24 12:00:57.942 +05:30  DBG  Opened connection to database 'Ecommerce' on server 'FGS-DSK-230\MSSQLSERVER2019'.
2024-09-24 12:00:57.943 +05:30  DBG  Creating DbCommand for 'ExecuteReader'.
2024-09-24 12:00:57.944 +05:30  DBG  Created DbCommand for 'ExecuteReader' (0ms).
2024-09-24 12:00:57.945 +05:30  DBG  Initialized DbCommand for 'ExecuteReader' (1ms).
2024-09-24 12:00:57.946 +05:30  DBG  Executing DbCommand [Parameters=[@__normalizedEmail_0='?' (Size = 256)], CommandType='"Text"', CommandTimeout='30']
SELECT TOP(2) [a].[Id], [a].[AccessFailedCount], [a].[ConcurrencyStamp], [a].[CreatedAt], [a].[Email], [a].[EmailConfirmed], [a].[IsDeleted], [a].[IsVerified], [a].[LockoutEnabled], [a].[LockoutEnd], [a].[NormalizedEmail], [a].[NormalizedUserName], [a].[PasswordHash], [a].[PhoneNumber], [a].[PhoneNumberConfirmed], [a].[SecurityStamp], [a].[TwoFactorEnabled], [a].[UpdatedAt], [a].[UserName]
FROM [AspNetUsers] AS [a]
WHERE [a].[NormalizedEmail] = @__normalizedEmail_0
2024-09-24 12:00:57.950 +05:30  INF  Executed DbCommand (5ms) [Parameters=[@__normalizedEmail_0='?' (Size = 256)], CommandType='"Text"', CommandTimeout='30']
SELECT TOP(2) [a].[Id], [a].[AccessFailedCount], [a].[ConcurrencyStamp], [a].[CreatedAt], [a].[Email], [a].[EmailConfirmed], [a].[IsDeleted], [a].[IsVerified], [a].[LockoutEnabled], [a].[LockoutEnd], [a].[NormalizedEmail], [a].[NormalizedUserName], [a].[PasswordHash], [a].[PhoneNumber], [a].[PhoneNumberConfirmed], [a].[SecurityStamp], [a].[TwoFactorEnabled], [a].[UpdatedAt], [a].[UserName]
FROM [AspNetUsers] AS [a]
WHERE [a].[NormalizedEmail] = @__normalizedEmail_0
2024-09-24 12:00:57.969 +05:30  DBG  Context 'EcommerceDbContext' started tracking 'User' entity. Consider using 'DbContextOptionsBuilder.EnableSensitiveDataLogging' to see key values.
2024-09-24 12:00:57.997 +05:30  DBG  Closing data reader to 'Ecommerce' on server 'FGS-DSK-230\MSSQLSERVER2019'.
2024-09-24 12:00:57.999 +05:30  DBG  A data reader for 'Ecommerce' on server 'FGS-DSK-230\MSSQLSERVER2019' is being disposed after spending 46ms reading results.
2024-09-24 12:00:58.001 +05:30  DBG  Closing connection to database 'Ecommerce' on server 'FGS-DSK-230\MSSQLSERVER2019'.
2024-09-24 12:00:58.002 +05:30  DBG  Closed connection to database 'Ecommerce' on server 'FGS-DSK-230\MSSQLSERVER2019' (1ms).
2024-09-24 12:00:58.005 +05:30  DBG  'EcommerceDbContext' disposed.
2024-09-24 12:00:58.007 +05:30  DBG  Disposing connection to database 'Ecommerce' on server 'FGS-DSK-230\MSSQLSERVER2019'.
2024-09-24 12:00:58.009 +05:30  DBG  Disposed connection to database '' on server '' (1ms).
2024-09-24 12:00:58.012 +05:30  DBG  Hosting starting
2024-09-24 12:00:58.019 +05:30  DBG  Reading data from file 'C:\Users\arjun.hariprasad\AppData\Local\ASP.NET\DataProtection-Keys\key-36f6fa2d-df91-4e24-9271-a530e4737995.xml'.
2024-09-24 12:00:58.034 +05:30  DBG  Found key {36f6fa2d-df91-4e24-9271-a530e4737995}.
2024-09-24 12:00:58.048 +05:30  DBG  Considering key {36f6fa2d-df91-4e24-9271-a530e4737995} with expiration date 2024-10-20 08:26:28Z as default key.
2024-09-24 12:00:58.053 +05:30  DBG  Forwarded activator type request from Microsoft.AspNetCore.DataProtection.XmlEncryption.DpapiXmlDecryptor, Microsoft.AspNetCore.DataProtection, Version=8.0.0.0, Culture=neutral, PublicKeyToken=adb9793829ddae60 to Microsoft.AspNetCore.DataProtection.XmlEncryption.DpapiXmlDecryptor, Microsoft.AspNetCore.DataProtection, Culture=neutral, PublicKeyToken=adb9793829ddae60
2024-09-24 12:00:58.055 +05:30  DBG  Decrypting secret element using Windows DPAPI.
2024-09-24 12:00:58.058 +05:30  DBG  Forwarded activator type request from Microsoft.AspNetCore.DataProtection.AuthenticatedEncryption.ConfigurationModel.AuthenticatedEncryptorDescriptorDeserializer, Microsoft.AspNetCore.DataProtection, Version=8.0.0.0, Culture=neutral, PublicKeyToken=adb9793829ddae60 to Microsoft.AspNetCore.DataProtection.AuthenticatedEncryption.ConfigurationModel.AuthenticatedEncryptorDescriptorDeserializer, Microsoft.AspNetCore.DataProtection, Culture=neutral, PublicKeyToken=adb9793829ddae60
2024-09-24 12:00:58.060 +05:30  DBG  Opening CNG algorithm 'AES' from provider 'null' with chaining mode CBC.
2024-09-24 12:00:58.064 +05:30  DBG  Opening CNG algorithm 'SHA256' from provider 'null' with HMAC.
2024-09-24 12:00:58.067 +05:30  DBG  Using key {36f6fa2d-df91-4e24-9271-a530e4737995} as the default key.
2024-09-24 12:00:58.069 +05:30  DBG  Key ring with default key {36f6fa2d-df91-4e24-9271-a530e4737995} was loaded during application startup.
2024-09-24 12:00:58.264 +05:30  INF  Now listening on: https://localhost:7113
2024-09-24 12:00:58.265 +05:30  INF  Now listening on: http://localhost:5081
2024-09-24 12:00:58.266 +05:30  DBG  Loaded hosting startup assembly Web.Ecommerce
2024-09-24 12:00:58.266 +05:30  DBG  Loaded hosting startup assembly Microsoft.AspNetCore.Watch.BrowserRefresh
2024-09-24 12:00:58.267 +05:30  DBG  Loaded hosting startup assembly Microsoft.WebTools.BrowserLink.Net
2024-09-24 12:00:58.268 +05:30  INF  Application started. Press Ctrl+C to shut down.
2024-09-24 12:00:58.269 +05:30  INF  Hosting environment: Development
2024-09-24 12:00:58.270 +05:30  INF  Content root path: C:\Users\arjun.hariprasad\source\.NET\Ecommerce\EcommerceSolution\CodeBase\Src\Presentation\Web.Ecommerce
2024-09-24 12:00:58.272 +05:30  DBG  Hosting started
2024-09-24 12:00:58.428 +05:30  DBG  Connection id "0HN6SC9PPO254" accepted.
2024-09-24 12:00:58.429 +05:30  DBG  Connection id "0HN6SC9PPO254" started.
2024-09-24 12:00:58.431 +05:30  DBG  Connection id "0HN6SC9PPO255" accepted.
2024-09-24 12:00:58.431 +05:30  DBG  Connection id "0HN6SC9PPO255" started.
2024-09-24 12:00:58.448 +05:30  DBG  Connection id "0HN6SC9PPO255" received FIN.
2024-09-24 12:00:58.448 +05:30  DBG  Connection id "0HN6SC9PPO254" received FIN.
2024-09-24 12:00:58.459 +05:30  DBG  Failed to authenticate HTTPS connection.System.IO.IOException: Received an unexpected EOF or 0 bytes from the transport stream.
   at System.Net.Security.SslStream.ReceiveHandshakeFrameAsync[TIOAdapter](CancellationToken cancellationToken)
   at System.Net.Security.SslStream.ForceAuthenticationAsync[TIOAdapter](Boolean receiveFirst, Byte[] reAuthenticationData, CancellationToken cancellationToken)
   at System.Net.Security.SslStream.ProcessAuthenticationWithTelemetryAsync(Boolean isAsync, CancellationToken cancellationToken)
   at Microsoft.AspNetCore.Server.Kestrel.Https.Internal.HttpsConnectionMiddleware.OnConnectionAsync(ConnectionContext context)

2024-09-24 12:00:58.459 +05:30  DBG  Failed to authenticate HTTPS connection.System.IO.IOException: Received an unexpected EOF or 0 bytes from the transport stream.
   at System.Net.Security.SslStream.ReceiveHandshakeFrameAsync[TIOAdapter](CancellationToken cancellationToken)
   at System.Net.Security.SslStream.ForceAuthenticationAsync[TIOAdapter](Boolean receiveFirst, Byte[] reAuthenticationData, CancellationToken cancellationToken)
   at System.Net.Security.SslStream.ProcessAuthenticationWithTelemetryAsync(Boolean isAsync, CancellationToken cancellationToken)
   at Microsoft.AspNetCore.Server.Kestrel.Https.Internal.HttpsConnectionMiddleware.OnConnectionAsync(ConnectionContext context)

2024-09-24 12:00:58.473 +05:30  DBG  Connection id "0HN6SC9PPO254" stopped.
2024-09-24 12:00:58.473 +05:30  DBG  Connection id "0HN6SC9PPO255" stopped.
2024-09-24 12:00:58.476 +05:30  DBG  Connection id "0HN6SC9PPO254" sending FIN because: "The Socket transport's send loop completed gracefully."
2024-09-24 12:00:58.476 +05:30  DBG  Connection id "0HN6SC9PPO255" sending FIN because: "The Socket transport's send loop completed gracefully."
2024-09-24 12:00:59.064 +05:30  DBG  Connection id "0HN6SC9PPO256" accepted.
2024-09-24 12:00:59.088 +05:30  DBG  Connection id "0HN6SC9PPO256" started.
2024-09-24 12:00:59.127 +05:30  DBG  Connection 0HN6SC9PPO256 established using the following protocol: "Tls12"
2024-09-24 12:00:59.178 +05:30  VRB  Connection id "0HN6SC9PPO256" sending "SETTINGS" frame for stream ID 0 with length 24 and flags "NONE".
2024-09-24 12:00:59.187 +05:30  VRB  Connection id "0HN6SC9PPO256" sending "WINDOW_UPDATE" frame for stream ID 0 with length 4 and flags 0x0.
2024-09-24 12:00:59.190 +05:30  VRB  Connection id "0HN6SC9PPO256" received "SETTINGS" frame for stream ID 0 with length 24 and flags "NONE".
2024-09-24 12:00:59.195 +05:30  VRB  Connection id "0HN6SC9PPO256" sending "SETTINGS" frame for stream ID 0 with length 0 and flags "ACK".
2024-09-24 12:00:59.197 +05:30  VRB  Connection id "0HN6SC9PPO256" received "WINDOW_UPDATE" frame for stream ID 0 with length 4 and flags 0x0.
2024-09-24 12:00:59.199 +05:30  VRB  Connection id "0HN6SC9PPO256" received "HEADERS" frame for stream ID 1 with length 469 and flags "END_STREAM, END_HEADERS, PRIORITY".
2024-09-24 12:00:59.237 +05:30  VRB  Connection id "0HN6SC9PPO256" received "SETTINGS" frame for stream ID 0 with length 0 and flags "ACK".
2024-09-24 12:00:59.264 +05:30  INF  Request starting HTTP/2 GET https://localhost:7113/swagger/index.html - null null
2024-09-24 12:00:59.366 +05:30  DBG  Wildcard detected, all requests with hosts will be allowed.
2024-09-24 12:00:59.367 +05:30  VRB  All hosts are allowed.
2024-09-24 12:00:59.385 +05:30  DBG  No candidates found for the request path '/swagger/index.html'
2024-09-24 12:00:59.386 +05:30  DBG  Request did not match any endpoints
2024-09-24 12:00:59.491 +05:30  DBG  Response markup is scheduled to include Browser Link script injection.
2024-09-24 12:00:59.497 +05:30  DBG  Response markup is scheduled to include browser refresh script injection.
2024-09-24 12:00:59.500 +05:30  VRB  Connection id "0HN6SC9PPO256" sending "HEADERS" frame for stream ID 1 with length 66 and flags "END_HEADERS".
2024-09-24 12:00:59.503 +05:30  VRB  Connection id "0HN6SC9PPO256" sending "DATA" frame for stream ID 1 with length 698 and flags "NONE".
2024-09-24 12:00:59.503 +05:30  DBG  Response markup was updated to include Browser Link script injection.
2024-09-24 12:00:59.505 +05:30  VRB  Connection id "0HN6SC9PPO256" sending "DATA" frame for stream ID 1 with length 438 and flags "NONE".
2024-09-24 12:00:59.506 +05:30  DBG  Response markup was updated to include browser refresh script injection.
2024-09-24 12:00:59.521 +05:30  VRB  Connection id "0HN6SC9PPO256" sending "DATA" frame for stream ID 1 with length 0 and flags "END_STREAM".
2024-09-24 12:00:59.522 +05:30  INF  Request finished HTTP/2 GET https://localhost:7113/swagger/index.html - 200 null text/html;charset=utf-8 268.0956ms
2024-09-24 12:00:59.535 +05:30  VRB  Connection id "0HN6SC9PPO256" received "HEADERS" frame for stream ID 3 with length 115 and flags "END_STREAM, END_HEADERS, PRIORITY".
2024-09-24 12:00:59.540 +05:30  VRB  Connection id "0HN6SC9PPO256" received "HEADERS" frame for stream ID 5 with length 57 and flags "END_STREAM, END_HEADERS, PRIORITY".
2024-09-24 12:00:59.542 +05:30  INF  Request starting HTTP/2 GET https://localhost:7113/_framework/aspnetcore-browser-refresh.js - null null
2024-09-24 12:00:59.545 +05:30  VRB  Connection id "0HN6SC9PPO256" received "HEADERS" frame for stream ID 7 with length 35 and flags "END_STREAM, END_HEADERS, PRIORITY".
2024-09-24 12:00:59.545 +05:30  INF  Request starting HTTP/2 GET https://localhost:7113/_vs/browserLink - null null
2024-09-24 12:00:59.550 +05:30  INF  Request starting HTTP/2 GET https://localhost:7113/swagger/index.js - null null
2024-09-24 12:00:59.553 +05:30  VRB  Connection id "0HN6SC9PPO256" sending "HEADERS" frame for stream ID 3 with length 60 and flags "END_HEADERS".
2024-09-24 12:00:59.555 +05:30  VRB  All hosts are allowed.
2024-09-24 12:00:59.562 +05:30  VRB  Connection id "0HN6SC9PPO256" sending "DATA" frame for stream ID 3 with length 13762 and flags "NONE".
2024-09-24 12:00:59.563 +05:30  DBG  No candidates found for the request path '/swagger/index.js'
2024-09-24 12:00:59.571 +05:30  DBG  Request did not match any endpoints
2024-09-24 12:00:59.573 +05:30  INF  Request finished HTTP/2 GET https://localhost:7113/_framework/aspnetcore-browser-refresh.js - 200 13762 application/javascript; charset=utf-8 31.4323ms
2024-09-24 12:00:59.573 +05:30  VRB  Connection id "0HN6SC9PPO256" sending "DATA" frame for stream ID 3 with length 0 and flags "END_STREAM".
2024-09-24 12:00:59.578 +05:30  INF  Request finished HTTP/2 GET https://localhost:7113/swagger/index.js - 200 null application/javascript;charset=utf-8 28.2719ms
2024-09-24 12:00:59.582 +05:30  VRB  Connection id "0HN6SC9PPO256" sending "HEADERS" frame for stream ID 7 with length 41 and flags "END_HEADERS".
2024-09-24 12:00:59.596 +05:30  VRB  Connection id "0HN6SC9PPO256" sending "DATA" frame for stream ID 7 with length 3005 and flags "END_STREAM".
2024-09-24 12:00:59.598 +05:30  VRB  Connection id "0HN6SC9PPO256" sending "HEADERS" frame for stream ID 5 with length 119 and flags "END_HEADERS".
2024-09-24 12:00:59.600 +05:30  VRB  Connection id "0HN6SC9PPO256" sending "DATA" frame for stream ID 5 with length 9986 and flags "NONE".
2024-09-24 12:00:59.603 +05:30  VRB  Connection id "0HN6SC9PPO256" sending "DATA" frame for stream ID 5 with length 10240 and flags "NONE".
2024-09-24 12:00:59.605 +05:30  VRB  Connection id "0HN6SC9PPO256" sending "DATA" frame for stream ID 5 with length 10240 and flags "NONE".
2024-09-24 12:00:59.607 +05:30  VRB  Connection id "0HN6SC9PPO256" sending "DATA" frame for stream ID 5 with length 10240 and flags "NONE".
2024-09-24 12:00:59.613 +05:30  VRB  Connection id "0HN6SC9PPO256" sending "DATA" frame for stream ID 5 with length 10240 and flags "NONE".
2024-09-24 12:00:59.619 +05:30  VRB  Connection id "0HN6SC9PPO256" sending "DATA" frame for stream ID 5 with length 10240 and flags "NONE".
2024-09-24 12:00:59.622 +05:30  VRB  Connection id "0HN6SC9PPO256" sending "DATA" frame for stream ID 5 with length 10240 and flags "NONE".
2024-09-24 12:00:59.634 +05:30  VRB  Connection id "0HN6SC9PPO256" sending "DATA" frame for stream ID 5 with length 10240 and flags "NONE".
2024-09-24 12:00:59.636 +05:30  VRB  Connection id "0HN6SC9PPO256" sending "DATA" frame for stream ID 5 with length 10240 and flags "NONE".
2024-09-24 12:00:59.638 +05:30  VRB  Connection id "0HN6SC9PPO256" sending "DATA" frame for stream ID 5 with length 10240 and flags "NONE".
2024-09-24 12:00:59.641 +05:30  VRB  Connection id "0HN6SC9PPO256" sending "DATA" frame for stream ID 5 with length 10240 and flags "NONE".
2024-09-24 12:00:59.644 +05:30  VRB  Connection id "0HN6SC9PPO256" sending "DATA" frame for stream ID 5 with length 10240 and flags "NONE".
2024-09-24 12:00:59.646 +05:30  VRB  Connection id "0HN6SC9PPO256" sending "DATA" frame for stream ID 5 with length 10240 and flags "NONE".
2024-09-24 12:00:59.647 +05:30  VRB  Connection id "0HN6SC9PPO256" sending "DATA" frame for stream ID 5 with length 10240 and flags "NONE".
2024-09-24 12:00:59.649 +05:30  VRB  Connection id "0HN6SC9PPO256" sending "DATA" frame for stream ID 5 with length 10240 and flags "NONE".
2024-09-24 12:00:59.650 +05:30  VRB  Connection id "0HN6SC9PPO256" sending "DATA" frame for stream ID 5 with length 160 and flags "NONE".
2024-09-24 12:00:59.651 +05:30  INF  Request finished HTTP/2 GET https://localhost:7113/_vs/browserLink - 200 null text/javascript; charset=UTF-8 106.2564ms
2024-09-24 12:00:59.652 +05:30  VRB  Connection id "0HN6SC9PPO256" sending "DATA" frame for stream ID 5 with length 0 and flags "END_STREAM".
2024-09-24 12:00:59.689 +05:30  VRB  Connection id "0HN6SC9PPO256" received "HEADERS" frame for stream ID 9 with length 74 and flags "END_STREAM, END_HEADERS, PRIORITY".
2024-09-24 12:00:59.697 +05:30  INF  Request starting HTTP/2 GET https://localhost:7113/swagger/v1/swagger.json - null null
2024-09-24 12:00:59.699 +05:30  VRB  All hosts are allowed.
2024-09-24 12:00:59.699 +05:30  DBG  No candidates found for the request path '/swagger/v1/swagger.json'
2024-09-24 12:00:59.700 +05:30  DBG  Request did not match any endpoints
2024-09-24 12:00:59.844 +05:30  VRB  Connection id "0HN6SC9PPO256" sending "HEADERS" frame for stream ID 9 with length 35 and flags "END_HEADERS".
2024-09-24 12:00:59.846 +05:30  VRB  Connection id "0HN6SC9PPO256" sending "DATA" frame for stream ID 9 with length 16384 and flags "NONE".
2024-09-24 12:00:59.848 +05:30  VRB  Connection id "0HN6SC9PPO256" sending "DATA" frame for stream ID 9 with length 6588 and flags "NONE".
2024-09-24 12:00:59.853 +05:30  VRB  Connection id "0HN6SC9PPO256" sending "DATA" frame for stream ID 9 with length 0 and flags "END_STREAM".
2024-09-24 12:00:59.853 +05:30  INF  Request finished HTTP/2 GET https://localhost:7113/swagger/v1/swagger.json - 200 null application/json;charset=utf-8 156.0829ms
2024-09-24 12:01:06.825 +05:30  DBG  Connection id "0HN6SC9PPO256" received FIN.
2024-09-24 12:01:06.830 +05:30  DBG  Connection id "0HN6SC9PPO256" is closed. The last processed stream ID was 9.
2024-09-24 12:01:06.832 +05:30  DBG  Connection id "0HN6SC9PPO256" sending FIN because: "The Socket transport's send loop completed gracefully."
2024-09-24 12:01:06.836 +05:30  DBG  The connection queue processing loop for 0HN6SC9PPO256 completed.
2024-09-24 12:01:06.838 +05:30  DBG  Connection id "0HN6SC9PPO256" stopped.
2024-09-24 12:01:09.512 +05:30  DBG  Connection id "0HN6SC9PPO257" accepted.
2024-09-24 12:01:09.516 +05:30  DBG  Connection id "0HN6SC9PPO257" started.
2024-09-24 12:01:09.522 +05:30  DBG  Connection 0HN6SC9PPO257 established using the following protocol: "Tls12"
2024-09-24 12:01:09.524 +05:30  VRB  Connection id "0HN6SC9PPO257" sending "SETTINGS" frame for stream ID 0 with length 24 and flags "NONE".
2024-09-24 12:01:09.527 +05:30  VRB  Connection id "0HN6SC9PPO257" sending "WINDOW_UPDATE" frame for stream ID 0 with length 4 and flags 0x0.
2024-09-24 12:01:09.528 +05:30  VRB  Connection id "0HN6SC9PPO257" received "SETTINGS" frame for stream ID 0 with length 24 and flags "NONE".
2024-09-24 12:01:09.530 +05:30  VRB  Connection id "0HN6SC9PPO257" sending "SETTINGS" frame for stream ID 0 with length 0 and flags "ACK".
2024-09-24 12:01:09.532 +05:30  VRB  Connection id "0HN6SC9PPO257" received "WINDOW_UPDATE" frame for stream ID 0 with length 4 and flags 0x0.
2024-09-24 12:01:09.533 +05:30  VRB  Connection id "0HN6SC9PPO257" received "HEADERS" frame for stream ID 1 with length 335 and flags "END_STREAM, END_HEADERS, PRIORITY".
2024-09-24 12:01:09.535 +05:30  VRB  Connection id "0HN6SC9PPO257" received "SETTINGS" frame for stream ID 0 with length 0 and flags "ACK".
2024-09-24 12:01:09.535 +05:30  INF  Request starting HTTP/2 OPTIONS https://localhost:7113/api/Account/Login - null null
2024-09-24 12:01:09.539 +05:30  VRB  All hosts are allowed.
2024-09-24 12:01:09.545 +05:30  DBG  1 candidate(s) found for the request path '/api/Account/Login'
2024-09-24 12:01:09.547 +05:30  DBG  Request matched endpoint '405 HTTP Method Not Supported'
2024-09-24 12:01:09.549 +05:30  VRB  The endpoint does not specify the IRequestSizeLimitMetadata.
2024-09-24 12:01:09.550 +05:30  DBG  Static files was skipped as the request already matched an endpoint.
2024-09-24 12:01:09.552 +05:30  DBG  The request has an origin header: 'http://localhost:4200'.
2024-09-24 12:01:09.553 +05:30  INF  CORS policy execution successful.
2024-09-24 12:01:09.554 +05:30  DBG  The request is a preflight request.
2024-09-24 12:01:09.555 +05:30  INF  Request finished HTTP/2 OPTIONS https://localhost:7113/api/Account/Login - 204 null null 19.3949ms
2024-09-24 12:01:09.555 +05:30  VRB  Connection id "0HN6SC9PPO257" sending "HEADERS" frame for stream ID 1 with length 122 and flags "END_STREAM, END_HEADERS".
2024-09-24 12:01:09.562 +05:30  VRB  Connection id "0HN6SC9PPO257" received "HEADERS" frame for stream ID 3 with length 182 and flags "END_HEADERS, PRIORITY".
2024-09-24 12:01:09.566 +05:30  VRB  Connection id "0HN6SC9PPO257" received "DATA" frame for stream ID 3 with length 67 and flags "END_STREAM".
2024-09-24 12:01:09.566 +05:30  INF  Request starting HTTP/2 POST https://localhost:7113/api/Account/Login - application/json 67
2024-09-24 12:01:09.570 +05:30  VRB  All hosts are allowed.
2024-09-24 12:01:09.572 +05:30  DBG  1 candidate(s) found for the request path '/api/Account/Login'
2024-09-24 12:01:09.573 +05:30  DBG  Endpoint 'Web.Ecommerce.Controllers.Account.AccountController.Login (Web.Ecommerce)' with route pattern 'api/Account/Login' is valid for the request path '/api/Account/Login'
2024-09-24 12:01:09.574 +05:30  DBG  Request matched endpoint 'Web.Ecommerce.Controllers.Account.AccountController.Login (Web.Ecommerce)'
2024-09-24 12:01:09.576 +05:30  VRB  The endpoint does not specify the IRequestSizeLimitMetadata.
2024-09-24 12:01:09.577 +05:30  DBG  Static files was skipped as the request already matched an endpoint.
2024-09-24 12:01:09.579 +05:30  DBG  The request has an origin header: 'http://localhost:4200'.
2024-09-24 12:01:09.580 +05:30  INF  CORS policy execution successful.
2024-09-24 12:01:09.644 +05:30  DBG  AuthenticationScheme: Bearer was not authenticated.
2024-09-24 12:01:09.647 +05:30  INF  Executing endpoint 'Web.Ecommerce.Controllers.Account.AccountController.Login (Web.Ecommerce)'
2024-09-24 12:01:09.665 +05:30  INF  Route matched with {action = "Login", controller = "Account"}. Executing controller action with signature System.Threading.Tasks.Task`1[Microsoft.AspNetCore.Mvc.IActionResult] Login(Application.Ecom.Authentication.Commands.LoginUser.LoginUserCommand) on controller Web.Ecommerce.Controllers.Account.AccountController (Web.Ecommerce).
2024-09-24 12:01:09.668 +05:30  DBG  Execution plan of authorization filters (in the following order): ["None"]
2024-09-24 12:01:09.669 +05:30  DBG  Execution plan of resource filters (in the following order): ["None"]
2024-09-24 12:01:09.670 +05:30  DBG  Execution plan of action filters (in the following order): ["Microsoft.AspNetCore.Mvc.ModelBinding.UnsupportedContentTypeFilter (Order: -3000)","Microsoft.AspNetCore.Mvc.Infrastructure.ModelStateInvalidFilter (Order: -2000)"]
2024-09-24 12:01:09.672 +05:30  DBG  Execution plan of exception filters (in the following order): ["None"]
2024-09-24 12:01:09.673 +05:30  DBG  Execution plan of result filters (in the following order): ["Microsoft.AspNetCore.Mvc.Infrastructure.ClientErrorResultFilter (Order: -2000)"]
2024-09-24 12:01:09.676 +05:30  DBG  Executing controller factory for controller Web.Ecommerce.Controllers.Account.AccountController (Web.Ecommerce)
2024-09-24 12:01:09.677 +05:30  DBG  Executed controller factory for controller Web.Ecommerce.Controllers.Account.AccountController (Web.Ecommerce)
2024-09-24 12:01:09.690 +05:30  DBG  Attempting to bind parameter 'command' of type 'Application.Ecom.Authentication.Commands.LoginUser.LoginUserCommand' ...
2024-09-24 12:01:09.694 +05:30  DBG  Attempting to bind parameter 'command' of type 'Application.Ecom.Authentication.Commands.LoginUser.LoginUserCommand' using the name '' in request data ...
2024-09-24 12:01:09.697 +05:30  DBG  Selected input formatter 'Microsoft.AspNetCore.Mvc.Formatters.SystemTextJsonInputFormatter' for content type 'application/json'.
2024-09-24 12:01:09.718 +05:30  DBG  Connection id "0HN6SC9PPO257", Request id "0HN6SC9PPO257:00000003": started reading request body.
2024-09-24 12:01:09.719 +05:30  DBG  Connection id "0HN6SC9PPO257", Request id "0HN6SC9PPO257:00000003": done reading request body.
2024-09-24 12:01:09.734 +05:30  DBG  JSON input formatter threw an exception: The JSON value could not be converted to System.Boolean. Path: $.Remember | LineNumber: 0 | BytePositionInLine: 66.
2024-09-24 12:01:09.736 +05:30  DBG  Done attempting to bind parameter 'command' of type 'Application.Ecom.Authentication.Commands.LoginUser.LoginUserCommand'.
2024-09-24 12:01:09.737 +05:30  DBG  Done attempting to bind parameter 'command' of type 'Application.Ecom.Authentication.Commands.LoginUser.LoginUserCommand'.
2024-09-24 12:01:09.739 +05:30  DBG  Attempting to validate the bound parameter 'command' of type 'Application.Ecom.Authentication.Commands.LoginUser.LoginUserCommand' ...
2024-09-24 12:01:09.745 +05:30  DBG  Done attempting to validate the bound parameter 'command' of type 'Application.Ecom.Authentication.Commands.LoginUser.LoginUserCommand'.
2024-09-24 12:01:09.747 +05:30  VRB  Action Filter: Before executing OnActionExecuting on filter Microsoft.AspNetCore.Mvc.ModelBinding.UnsupportedContentTypeFilter.
2024-09-24 12:01:09.749 +05:30  VRB  Action Filter: After executing OnActionExecuting on filter Microsoft.AspNetCore.Mvc.ModelBinding.UnsupportedContentTypeFilter.
2024-09-24 12:01:09.751 +05:30  VRB  Action Filter: Before executing OnActionExecuting on filter Microsoft.AspNetCore.Mvc.Infrastructure.ModelStateInvalidFilter.
2024-09-24 12:01:09.752 +05:30  DBG  The request has model state errors, returning an error response.
2024-09-24 12:01:09.754 +05:30  VRB  Action Filter: After executing OnActionExecuting on filter Microsoft.AspNetCore.Mvc.Infrastructure.ModelStateInvalidFilter.
2024-09-24 12:01:09.756 +05:30  DBG  Request was short circuited at action filter 'Microsoft.AspNetCore.Mvc.Infrastructure.ModelStateInvalidFilter'.
2024-09-24 12:01:09.756 +05:30  VRB  Action Filter: Before executing OnActionExecuted on filter Microsoft.AspNetCore.Mvc.ModelBinding.UnsupportedContentTypeFilter.
2024-09-24 12:01:09.758 +05:30  VRB  Action Filter: After executing OnActionExecuted on filter Microsoft.AspNetCore.Mvc.ModelBinding.UnsupportedContentTypeFilter.
2024-09-24 12:01:09.759 +05:30  VRB  Result Filter: Before executing OnResultExecuting on filter Microsoft.AspNetCore.Mvc.Infrastructure.ClientErrorResultFilter.
2024-09-24 12:01:09.760 +05:30  VRB  Result Filter: After executing OnResultExecuting on filter Microsoft.AspNetCore.Mvc.Infrastructure.ClientErrorResultFilter.
2024-09-24 12:01:09.762 +05:30  VRB  Before executing action result Microsoft.AspNetCore.Mvc.BadRequestObjectResult.
2024-09-24 12:01:09.763 +05:30  DBG  List of registered output formatters, in the following order: ["Microsoft.AspNetCore.Mvc.Formatters.HttpNoContentOutputFormatter","Microsoft.AspNetCore.Mvc.Formatters.StringOutputFormatter","Microsoft.AspNetCore.Mvc.Formatters.StreamOutputFormatter","Microsoft.AspNetCore.Mvc.Formatters.SystemTextJsonOutputFormatter"]
2024-09-24 12:01:09.766 +05:30  DBG  No information found on request to perform content negotiation.
2024-09-24 12:01:09.767 +05:30  DBG  Attempting to select the first output formatter in the output formatters list which supports a content type from the explicitly specified content types '["application/problem+json","application/problem+xml","application/problem+json","application/problem+xml"]'.
2024-09-24 12:01:09.769 +05:30  DBG  Selected output formatter 'Microsoft.AspNetCore.Mvc.Formatters.SystemTextJsonOutputFormatter' and content type 'application/problem+json' to write the response.
2024-09-24 12:01:09.770 +05:30  INF  Executing BadRequestObjectResult, writing value of type 'Microsoft.AspNetCore.Mvc.ValidationProblemDetails'.
2024-09-24 12:01:09.799 +05:30  VRB  Connection id "0HN6SC9PPO257" sending "HEADERS" frame for stream ID 3 with length 45 and flags "END_HEADERS".
2024-09-24 12:01:09.799 +05:30  VRB  After executing action result Microsoft.AspNetCore.Mvc.BadRequestObjectResult.
2024-09-24 12:01:09.801 +05:30  VRB  Connection id "0HN6SC9PPO257" sending "DATA" frame for stream ID 3 with length 381 and flags "NONE".
2024-09-24 12:01:09.802 +05:30  VRB  Result Filter: Before executing OnResultExecuted on filter Microsoft.AspNetCore.Mvc.Infrastructure.ClientErrorResultFilter.
2024-09-24 12:01:09.804 +05:30  VRB  Result Filter: After executing OnResultExecuted on filter Microsoft.AspNetCore.Mvc.Infrastructure.ClientErrorResultFilter.
2024-09-24 12:01:09.809 +05:30  INF  Executed action Web.Ecommerce.Controllers.Account.AccountController.Login (Web.Ecommerce) in 131.8638ms
2024-09-24 12:01:09.810 +05:30  INF  Executed endpoint 'Web.Ecommerce.Controllers.Account.AccountController.Login (Web.Ecommerce)'
2024-09-24 12:01:09.811 +05:30  INF  Request finished HTTP/2 POST https://localhost:7113/api/Account/Login - 400 null application/problem+json; charset=utf-8 245.5762ms
2024-09-24 12:01:09.811 +05:30  VRB  Connection id "0HN6SC9PPO257" sending "DATA" frame for stream ID 3 with length 0 and flags "END_STREAM".
2024-09-24 12:01:16.834 +05:30  DBG  Connection id "0HN6SC9PPO257" received FIN.
2024-09-24 12:01:16.835 +05:30  DBG  Connection id "0HN6SC9PPO257" is closed. The last processed stream ID was 3.
2024-09-24 12:01:16.835 +05:30  DBG  The connection queue processing loop for 0HN6SC9PPO257 completed.
2024-09-24 12:01:16.837 +05:30  DBG  Connection id "0HN6SC9PPO257" sending FIN because: "The Socket transport's send loop completed gracefully."
2024-09-24 12:01:16.842 +05:30  DBG  Connection id "0HN6SC9PPO257" stopped.
2024-09-24 12:03:54.981 +05:30  DBG  Connection id "0HN6SC9PPO258" accepted.
2024-09-24 12:03:55.018 +05:30  DBG  Connection id "0HN6SC9PPO258" started.
2024-09-24 12:03:55.062 +05:30  DBG  Connection 0HN6SC9PPO258 established using the following protocol: "Tls12"
2024-09-24 12:03:55.065 +05:30  VRB  Connection id "0HN6SC9PPO258" sending "SETTINGS" frame for stream ID 0 with length 24 and flags "NONE".
2024-09-24 12:03:55.066 +05:30  VRB  Connection id "0HN6SC9PPO258" sending "WINDOW_UPDATE" frame for stream ID 0 with length 4 and flags 0x0.
2024-09-24 12:03:55.068 +05:30  VRB  Connection id "0HN6SC9PPO258" received "SETTINGS" frame for stream ID 0 with length 24 and flags "NONE".
2024-09-24 12:03:55.069 +05:30  VRB  Connection id "0HN6SC9PPO258" sending "SETTINGS" frame for stream ID 0 with length 0 and flags "ACK".
2024-09-24 12:03:55.071 +05:30  VRB  Connection id "0HN6SC9PPO258" received "WINDOW_UPDATE" frame for stream ID 0 with length 4 and flags 0x0.
2024-09-24 12:03:55.072 +05:30  VRB  Connection id "0HN6SC9PPO258" received "HEADERS" frame for stream ID 1 with length 335 and flags "END_STREAM, END_HEADERS, PRIORITY".
2024-09-24 12:03:55.074 +05:30  VRB  Connection id "0HN6SC9PPO258" received "SETTINGS" frame for stream ID 0 with length 0 and flags "ACK".
2024-09-24 12:03:55.074 +05:30  INF  Request starting HTTP/2 OPTIONS https://localhost:7113/api/Account/Login - null null
2024-09-24 12:03:55.078 +05:30  VRB  All hosts are allowed.
2024-09-24 12:03:55.079 +05:30  DBG  1 candidate(s) found for the request path '/api/Account/Login'
2024-09-24 12:03:55.080 +05:30  DBG  Request matched endpoint '405 HTTP Method Not Supported'
2024-09-24 12:03:55.080 +05:30  VRB  The endpoint does not specify the IRequestSizeLimitMetadata.
2024-09-24 12:03:55.081 +05:30  DBG  Static files was skipped as the request already matched an endpoint.
2024-09-24 12:03:55.082 +05:30  DBG  The request has an origin header: 'http://localhost:4200'.
2024-09-24 12:03:55.082 +05:30  INF  CORS policy execution successful.
2024-09-24 12:03:55.083 +05:30  DBG  The request is a preflight request.
2024-09-24 12:03:55.083 +05:30  INF  Request finished HTTP/2 OPTIONS https://localhost:7113/api/Account/Login - 204 null null 9.2254ms
2024-09-24 12:03:55.083 +05:30  VRB  Connection id "0HN6SC9PPO258" sending "HEADERS" frame for stream ID 1 with length 122 and flags "END_STREAM, END_HEADERS".
2024-09-24 12:03:55.088 +05:30  VRB  Connection id "0HN6SC9PPO258" received "HEADERS" frame for stream ID 3 with length 182 and flags "END_HEADERS, PRIORITY".
2024-09-24 12:03:55.090 +05:30  VRB  Connection id "0HN6SC9PPO258" received "DATA" frame for stream ID 3 with length 68 and flags "END_STREAM".
2024-09-24 12:03:55.090 +05:30  INF  Request starting HTTP/2 POST https://localhost:7113/api/Account/Login - application/json 68
2024-09-24 12:03:55.095 +05:30  VRB  All hosts are allowed.
2024-09-24 12:03:55.095 +05:30  DBG  1 candidate(s) found for the request path '/api/Account/Login'
2024-09-24 12:03:55.096 +05:30  DBG  Endpoint 'Web.Ecommerce.Controllers.Account.AccountController.Login (Web.Ecommerce)' with route pattern 'api/Account/Login' is valid for the request path '/api/Account/Login'
2024-09-24 12:03:55.097 +05:30  DBG  Request matched endpoint 'Web.Ecommerce.Controllers.Account.AccountController.Login (Web.Ecommerce)'
2024-09-24 12:03:55.098 +05:30  VRB  The endpoint does not specify the IRequestSizeLimitMetadata.
2024-09-24 12:03:55.099 +05:30  DBG  Static files was skipped as the request already matched an endpoint.
2024-09-24 12:03:55.099 +05:30  DBG  The request has an origin header: 'http://localhost:4200'.
2024-09-24 12:03:55.100 +05:30  INF  CORS policy execution successful.
2024-09-24 12:03:55.101 +05:30  DBG  AuthenticationScheme: Bearer was not authenticated.
2024-09-24 12:03:55.102 +05:30  INF  Executing endpoint 'Web.Ecommerce.Controllers.Account.AccountController.Login (Web.Ecommerce)'
2024-09-24 12:03:55.103 +05:30  INF  Route matched with {action = "Login", controller = "Account"}. Executing controller action with signature System.Threading.Tasks.Task`1[Microsoft.AspNetCore.Mvc.IActionResult] Login(Application.Ecom.Authentication.Commands.LoginUser.LoginUserCommand) on controller Web.Ecommerce.Controllers.Account.AccountController (Web.Ecommerce).
2024-09-24 12:03:55.105 +05:30  DBG  Execution plan of authorization filters (in the following order): ["None"]
2024-09-24 12:03:55.106 +05:30  DBG  Execution plan of resource filters (in the following order): ["None"]
2024-09-24 12:03:55.107 +05:30  DBG  Execution plan of action filters (in the following order): ["Microsoft.AspNetCore.Mvc.ModelBinding.UnsupportedContentTypeFilter (Order: -3000)","Microsoft.AspNetCore.Mvc.Infrastructure.ModelStateInvalidFilter (Order: -2000)"]
2024-09-24 12:03:55.108 +05:30  DBG  Execution plan of exception filters (in the following order): ["None"]
2024-09-24 12:03:55.109 +05:30  DBG  Execution plan of result filters (in the following order): ["Microsoft.AspNetCore.Mvc.Infrastructure.ClientErrorResultFilter (Order: -2000)"]
2024-09-24 12:03:55.110 +05:30  DBG  Executing controller factory for controller Web.Ecommerce.Controllers.Account.AccountController (Web.Ecommerce)
2024-09-24 12:03:55.112 +05:30  DBG  Executed controller factory for controller Web.Ecommerce.Controllers.Account.AccountController (Web.Ecommerce)
2024-09-24 12:03:55.113 +05:30  DBG  Attempting to bind parameter 'command' of type 'Application.Ecom.Authentication.Commands.LoginUser.LoginUserCommand' ...
2024-09-24 12:03:55.114 +05:30  DBG  Attempting to bind parameter 'command' of type 'Application.Ecom.Authentication.Commands.LoginUser.LoginUserCommand' using the name '' in request data ...
2024-09-24 12:03:55.115 +05:30  DBG  Selected input formatter 'Microsoft.AspNetCore.Mvc.Formatters.SystemTextJsonInputFormatter' for content type 'application/json'.
2024-09-24 12:03:55.116 +05:30  DBG  Connection id "0HN6SC9PPO258", Request id "0HN6SC9PPO258:00000003": started reading request body.
2024-09-24 12:03:55.117 +05:30  DBG  Connection id "0HN6SC9PPO258", Request id "0HN6SC9PPO258:00000003": done reading request body.
2024-09-24 12:03:55.119 +05:30  DBG  JSON input formatter succeeded, deserializing to type 'Application.Ecom.Authentication.Commands.LoginUser.LoginUserCommand'
2024-09-24 12:03:55.120 +05:30  DBG  Done attempting to bind parameter 'command' of type 'Application.Ecom.Authentication.Commands.LoginUser.LoginUserCommand'.
2024-09-24 12:03:55.121 +05:30  DBG  Done attempting to bind parameter 'command' of type 'Application.Ecom.Authentication.Commands.LoginUser.LoginUserCommand'.
2024-09-24 12:03:55.122 +05:30  DBG  Attempting to validate the bound parameter 'command' of type 'Application.Ecom.Authentication.Commands.LoginUser.LoginUserCommand' ...
2024-09-24 12:03:55.127 +05:30  DBG  Done attempting to validate the bound parameter 'command' of type 'Application.Ecom.Authentication.Commands.LoginUser.LoginUserCommand'.
2024-09-24 12:03:55.129 +05:30  VRB  Action Filter: Before executing OnActionExecuting on filter Microsoft.AspNetCore.Mvc.ModelBinding.UnsupportedContentTypeFilter.
2024-09-24 12:03:55.130 +05:30  VRB  Action Filter: After executing OnActionExecuting on filter Microsoft.AspNetCore.Mvc.ModelBinding.UnsupportedContentTypeFilter.
2024-09-24 12:03:55.131 +05:30  VRB  Action Filter: Before executing OnActionExecuting on filter Microsoft.AspNetCore.Mvc.Infrastructure.ModelStateInvalidFilter.
2024-09-24 12:03:55.132 +05:30  VRB  Action Filter: After executing OnActionExecuting on filter Microsoft.AspNetCore.Mvc.Infrastructure.ModelStateInvalidFilter.
2024-09-24 12:03:55.136 +05:30  INF  Executing action method Web.Ecommerce.Controllers.Account.AccountController.Login (Web.Ecommerce) - Validation state: "Valid"
2024-09-24 12:03:55.137 +05:30  VRB  Executing action method Web.Ecommerce.Controllers.Account.AccountController.Login (Web.Ecommerce) with arguments (["Application.Ecom.Authentication.Commands.LoginUser.LoginUserCommand"])
2024-09-24 12:03:55.184 +05:30  DBG  Entity Framework Core 8.0.8 initialized 'EcommerceDbContext' using provider 'Microsoft.EntityFrameworkCore.SqlServer:8.0.8' with options: None
2024-09-24 12:03:55.187 +05:30  DBG  Creating DbConnection.
2024-09-24 12:03:55.188 +05:30  DBG  Created DbConnection. (0ms).
2024-09-24 12:03:55.188 +05:30  DBG  Opening connection to database 'Ecommerce' on server 'FGS-DSK-230\MSSQLSERVER2019'.
2024-09-24 12:03:55.189 +05:30  DBG  Opened connection to database 'Ecommerce' on server 'FGS-DSK-230\MSSQLSERVER2019'.
2024-09-24 12:03:55.190 +05:30  DBG  Creating DbCommand for 'ExecuteReader'.
2024-09-24 12:03:55.191 +05:30  DBG  Created DbCommand for 'ExecuteReader' (0ms).
2024-09-24 12:03:55.192 +05:30  DBG  Initialized DbCommand for 'ExecuteReader' (1ms).
2024-09-24 12:03:55.193 +05:30  DBG  Executing DbCommand [Parameters=[@__normalizedEmail_0='?' (Size = 256)], CommandType='"Text"', CommandTimeout='30']
SELECT TOP(2) [a].[Id], [a].[AccessFailedCount], [a].[ConcurrencyStamp], [a].[CreatedAt], [a].[Email], [a].[EmailConfirmed], [a].[IsDeleted], [a].[IsVerified], [a].[LockoutEnabled], [a].[LockoutEnd], [a].[NormalizedEmail], [a].[NormalizedUserName], [a].[PasswordHash], [a].[PhoneNumber], [a].[PhoneNumberConfirmed], [a].[SecurityStamp], [a].[TwoFactorEnabled], [a].[UpdatedAt], [a].[UserName]
FROM [AspNetUsers] AS [a]
WHERE [a].[NormalizedEmail] = @__normalizedEmail_0
2024-09-24 12:03:55.198 +05:30  INF  Executed DbCommand (6ms) [Parameters=[@__normalizedEmail_0='?' (Size = 256)], CommandType='"Text"', CommandTimeout='30']
SELECT TOP(2) [a].[Id], [a].[AccessFailedCount], [a].[ConcurrencyStamp], [a].[CreatedAt], [a].[Email], [a].[EmailConfirmed], [a].[IsDeleted], [a].[IsVerified], [a].[LockoutEnabled], [a].[LockoutEnd], [a].[NormalizedEmail], [a].[NormalizedUserName], [a].[PasswordHash], [a].[PhoneNumber], [a].[PhoneNumberConfirmed], [a].[SecurityStamp], [a].[TwoFactorEnabled], [a].[UpdatedAt], [a].[UserName]
FROM [AspNetUsers] AS [a]
WHERE [a].[NormalizedEmail] = @__normalizedEmail_0
2024-09-24 12:03:55.201 +05:30  DBG  Closing data reader to 'Ecommerce' on server 'FGS-DSK-230\MSSQLSERVER2019'.
2024-09-24 12:03:55.202 +05:30  DBG  A data reader for 'Ecommerce' on server 'FGS-DSK-230\MSSQLSERVER2019' is being disposed after spending 1ms reading results.
2024-09-24 12:03:55.204 +05:30  DBG  Closing connection to database 'Ecommerce' on server 'FGS-DSK-230\MSSQLSERVER2019'.
2024-09-24 12:03:55.205 +05:30  DBG  Closed connection to database 'Ecommerce' on server 'FGS-DSK-230\MSSQLSERVER2019' (0ms).
2024-09-24 12:03:55.324 +05:30  VRB  Action Filter: Before executing OnActionExecuted on filter Microsoft.AspNetCore.Mvc.Infrastructure.ModelStateInvalidFilter.
2024-09-24 12:03:55.326 +05:30  VRB  Action Filter: After executing OnActionExecuted on filter Microsoft.AspNetCore.Mvc.Infrastructure.ModelStateInvalidFilter.
2024-09-24 12:03:55.328 +05:30  VRB  Action Filter: Before executing OnActionExecuted on filter Microsoft.AspNetCore.Mvc.ModelBinding.UnsupportedContentTypeFilter.
2024-09-24 12:03:55.330 +05:30  VRB  Action Filter: After executing OnActionExecuted on filter Microsoft.AspNetCore.Mvc.ModelBinding.UnsupportedContentTypeFilter.
2024-09-24 12:03:55.332 +05:30  INF  Executed action Web.Ecommerce.Controllers.Account.AccountController.Login (Web.Ecommerce) in 221.9458ms
2024-09-24 12:03:55.334 +05:30  INF  Executed endpoint 'Web.Ecommerce.Controllers.Account.AccountController.Login (Web.Ecommerce)'
2024-09-24 12:03:55.338 +05:30  ERR  An unhandled exception has occurred while executing the request.System.UnauthorizedAccessException: Invalid email or password.
   at Application.Ecom.Authentication.Commands.LoginUser.LoginUserCommandHandler.Handle(LoginUserCommand request, CancellationToken cancellationToken) in C:\Users\arjun.hariprasad\source\.NET\Ecommerce\EcommerceSolution\CodeBase\Src\Core\Application.Ecom\Authentication\Commands\LoginUser\LoginUserCommandHandler.cs:line 30
   at Web.Ecommerce.Controllers.Account.AccountController.Login(LoginUserCommand command) in C:\Users\arjun.hariprasad\source\.NET\Ecommerce\EcommerceSolution\CodeBase\Src\Presentation\Web.Ecommerce\Controllers\Account\AccountController.cs:line 142
   at Microsoft.AspNetCore.Mvc.Infrastructure.ActionMethodExecutor.TaskOfIActionResultExecutor.Execute(ActionContext actionContext, IActionResultTypeMapper mapper, ObjectMethodExecutor executor, Object controller, Object[] arguments)
   at Microsoft.AspNetCore.Mvc.Infrastructure.ControllerActionInvoker.<InvokeActionMethodAsync>g__Logged|12_1(ControllerActionInvoker invoker)
   at Microsoft.AspNetCore.Mvc.Infrastructure.ControllerActionInvoker.<InvokeNextActionFilterAsync>g__Awaited|10_0(ControllerActionInvoker invoker, Task lastTask, State next, Scope scope, Object state, Boolean isCompleted)
   at Microsoft.AspNetCore.Mvc.Infrastructure.ControllerActionInvoker.Rethrow(ActionExecutedContextSealed context)
   at Microsoft.AspNetCore.Mvc.Infrastructure.ControllerActionInvoker.Next(State& next, Scope& scope, Object& state, Boolean& isCompleted)
   at Microsoft.AspNetCore.Mvc.Infrastructure.ControllerActionInvoker.<InvokeInnerFilterAsync>g__Awaited|13_0(ControllerActionInvoker invoker, Task lastTask, State next, Scope scope, Object state, Boolean isCompleted)
   at Microsoft.AspNetCore.Mvc.Infrastructure.ResourceInvoker.<InvokeFilterPipelineAsync>g__Awaited|20_0(ResourceInvoker invoker, Task lastTask, State next, Scope scope, Object state, Boolean isCompleted)
   at Microsoft.AspNetCore.Mvc.Infrastructure.ResourceInvoker.<InvokeAsync>g__Logged|17_1(ResourceInvoker invoker)
   at Microsoft.AspNetCore.Mvc.Infrastructure.ResourceInvoker.<InvokeAsync>g__Logged|17_1(ResourceInvoker invoker)
   at Microsoft.AspNetCore.Routing.EndpointMiddleware.<Invoke>g__AwaitRequestTask|7_0(Endpoint endpoint, Task requestTask, ILogger logger)
   at Microsoft.AspNetCore.Authorization.AuthorizationMiddleware.Invoke(HttpContext context)
   at Microsoft.AspNetCore.Authentication.AuthenticationMiddleware.Invoke(HttpContext context)
   at Swashbuckle.AspNetCore.SwaggerUI.SwaggerUIMiddleware.Invoke(HttpContext httpContext)
   at Swashbuckle.AspNetCore.Swagger.SwaggerMiddleware.Invoke(HttpContext httpContext, ISwaggerProvider swaggerProvider)
   at Microsoft.AspNetCore.Diagnostics.DeveloperExceptionPageMiddlewareImpl.Invoke(HttpContext context)

2024-09-24 12:03:55.373 +05:30  VRB  Connection id "0HN6SC9PPO258" sending "HEADERS" frame for stream ID 3 with length 61 and flags "END_HEADERS".
2024-09-24 12:03:55.374 +05:30  DBG  'EcommerceDbContext' disposed.
2024-09-24 12:03:55.375 +05:30  VRB  Connection id "0HN6SC9PPO258" sending "DATA" frame for stream ID 3 with length 3427 and flags "NONE".
2024-09-24 12:03:55.378 +05:30  DBG  Disposing connection to database 'Ecommerce' on server 'FGS-DSK-230\MSSQLSERVER2019'.
2024-09-24 12:03:55.378 +05:30  VRB  Connection id "0HN6SC9PPO258" sending "DATA" frame for stream ID 3 with length 0 and flags "END_STREAM".
2024-09-24 12:03:55.380 +05:30  DBG  Disposed connection to database '' on server '' (1ms).
2024-09-24 12:03:55.383 +05:30  INF  Request finished HTTP/2 POST https://localhost:7113/api/Account/Login - 500 null text/plain; charset=utf-8 292.3923ms
2024-09-24 12:03:57.046 +05:30  DBG  Connection id "0HN6SC9PPO258" received FIN.
2024-09-24 12:03:57.048 +05:30  DBG  Connection id "0HN6SC9PPO258" is closed. The last processed stream ID was 3.
2024-09-24 12:03:57.048 +05:30  DBG  The connection queue processing loop for 0HN6SC9PPO258 completed.
2024-09-24 12:03:57.050 +05:30  DBG  Connection id "0HN6SC9PPO258" sending FIN because: "The Socket transport's send loop completed gracefully."
2024-09-24 12:03:57.054 +05:30  DBG  Connection id "0HN6SC9PPO258" stopped.
2024-09-24 13:50:51.069 +05:30  DBG  Connection id "0HN6SC9PPO259" accepted.
2024-09-24 13:50:51.070 +05:30  DBG  Connection id "0HN6SC9PPO259" started.
2024-09-24 13:50:51.080 +05:30  DBG  Connection 0HN6SC9PPO259 established using the following protocol: "Tls12"
2024-09-24 13:50:51.086 +05:30  VRB  Connection id "0HN6SC9PPO259" sending "SETTINGS" frame for stream ID 0 with length 24 and flags "NONE".
2024-09-24 13:50:51.087 +05:30  VRB  Connection id "0HN6SC9PPO259" sending "WINDOW_UPDATE" frame for stream ID 0 with length 4 and flags 0x0.
2024-09-24 13:50:51.089 +05:30  VRB  Connection id "0HN6SC9PPO259" received "SETTINGS" frame for stream ID 0 with length 24 and flags "NONE".
2024-09-24 13:50:51.090 +05:30  VRB  Connection id "0HN6SC9PPO259" sending "SETTINGS" frame for stream ID 0 with length 0 and flags "ACK".
2024-09-24 13:50:51.092 +05:30  VRB  Connection id "0HN6SC9PPO259" received "WINDOW_UPDATE" frame for stream ID 0 with length 4 and flags 0x0.
2024-09-24 13:50:51.095 +05:30  VRB  Connection id "0HN6SC9PPO259" received "HEADERS" frame for stream ID 1 with length 335 and flags "END_STREAM, END_HEADERS, PRIORITY".
2024-09-24 13:50:51.097 +05:30  VRB  Connection id "0HN6SC9PPO259" received "SETTINGS" frame for stream ID 0 with length 0 and flags "ACK".
2024-09-24 13:50:51.097 +05:30  INF  Request starting HTTP/2 OPTIONS https://localhost:7113/api/Account/Login - null null
2024-09-24 13:50:51.103 +05:30  VRB  All hosts are allowed.
2024-09-24 13:50:51.103 +05:30  DBG  1 candidate(s) found for the request path '/api/Account/Login'
2024-09-24 13:50:51.104 +05:30  DBG  Request matched endpoint '405 HTTP Method Not Supported'
2024-09-24 13:50:51.105 +05:30  VRB  The endpoint does not specify the IRequestSizeLimitMetadata.
2024-09-24 13:50:51.106 +05:30  DBG  Static files was skipped as the request already matched an endpoint.
2024-09-24 13:50:51.107 +05:30  DBG  The request has an origin header: 'http://localhost:4200'.
2024-09-24 13:50:51.107 +05:30  INF  CORS policy execution successful.
2024-09-24 13:50:51.108 +05:30  DBG  The request is a preflight request.
2024-09-24 13:50:51.109 +05:30  INF  Request finished HTTP/2 OPTIONS https://localhost:7113/api/Account/Login - 204 null null 11.4657ms
2024-09-24 13:50:51.109 +05:30  VRB  Connection id "0HN6SC9PPO259" sending "HEADERS" frame for stream ID 1 with length 122 and flags "END_STREAM, END_HEADERS".
2024-09-24 13:50:51.115 +05:30  VRB  Connection id "0HN6SC9PPO259" received "HEADERS" frame for stream ID 3 with length 182 and flags "END_HEADERS, PRIORITY".
2024-09-24 13:50:51.117 +05:30  VRB  Connection id "0HN6SC9PPO259" received "DATA" frame for stream ID 3 with length 67 and flags "END_STREAM".
2024-09-24 13:50:51.117 +05:30  INF  Request starting HTTP/2 POST https://localhost:7113/api/Account/Login - application/json 67
2024-09-24 13:50:51.122 +05:30  VRB  All hosts are allowed.
2024-09-24 13:50:51.122 +05:30  DBG  1 candidate(s) found for the request path '/api/Account/Login'
2024-09-24 13:50:51.124 +05:30  DBG  Endpoint 'Web.Ecommerce.Controllers.Account.AccountController.Login (Web.Ecommerce)' with route pattern 'api/Account/Login' is valid for the request path '/api/Account/Login'
2024-09-24 13:50:51.125 +05:30  DBG  Request matched endpoint 'Web.Ecommerce.Controllers.Account.AccountController.Login (Web.Ecommerce)'
2024-09-24 13:50:51.127 +05:30  VRB  The endpoint does not specify the IRequestSizeLimitMetadata.
2024-09-24 13:50:51.127 +05:30  DBG  Static files was skipped as the request already matched an endpoint.
2024-09-24 13:50:51.128 +05:30  DBG  The request has an origin header: 'http://localhost:4200'.
2024-09-24 13:50:51.129 +05:30  INF  CORS policy execution successful.
2024-09-24 13:50:51.133 +05:30  DBG  AuthenticationScheme: Bearer was not authenticated.
2024-09-24 13:50:51.135 +05:30  INF  Executing endpoint 'Web.Ecommerce.Controllers.Account.AccountController.Login (Web.Ecommerce)'
2024-09-24 13:50:51.137 +05:30  INF  Route matched with {action = "Login", controller = "Account"}. Executing controller action with signature System.Threading.Tasks.Task`1[Microsoft.AspNetCore.Mvc.IActionResult] Login(Application.Ecom.Authentication.Commands.LoginUser.LoginUserCommand) on controller Web.Ecommerce.Controllers.Account.AccountController (Web.Ecommerce).
2024-09-24 13:50:51.140 +05:30  DBG  Execution plan of authorization filters (in the following order): ["None"]
2024-09-24 13:50:51.141 +05:30  DBG  Execution plan of resource filters (in the following order): ["None"]
2024-09-24 13:50:51.143 +05:30  DBG  Execution plan of action filters (in the following order): ["Microsoft.AspNetCore.Mvc.ModelBinding.UnsupportedContentTypeFilter (Order: -3000)","Microsoft.AspNetCore.Mvc.Infrastructure.ModelStateInvalidFilter (Order: -2000)"]
2024-09-24 13:50:51.145 +05:30  DBG  Execution plan of exception filters (in the following order): ["None"]
2024-09-24 13:50:51.146 +05:30  DBG  Execution plan of result filters (in the following order): ["Microsoft.AspNetCore.Mvc.Infrastructure.ClientErrorResultFilter (Order: -2000)"]
2024-09-24 13:50:51.148 +05:30  DBG  Executing controller factory for controller Web.Ecommerce.Controllers.Account.AccountController (Web.Ecommerce)
2024-09-24 13:50:51.149 +05:30  DBG  Executed controller factory for controller Web.Ecommerce.Controllers.Account.AccountController (Web.Ecommerce)
2024-09-24 13:50:51.150 +05:30  DBG  Attempting to bind parameter 'command' of type 'Application.Ecom.Authentication.Commands.LoginUser.LoginUserCommand' ...
2024-09-24 13:50:51.151 +05:30  DBG  Attempting to bind parameter 'command' of type 'Application.Ecom.Authentication.Commands.LoginUser.LoginUserCommand' using the name '' in request data ...
2024-09-24 13:50:51.152 +05:30  DBG  Selected input formatter 'Microsoft.AspNetCore.Mvc.Formatters.SystemTextJsonInputFormatter' for content type 'application/json'.
2024-09-24 13:50:51.153 +05:30  DBG  Connection id "0HN6SC9PPO259", Request id "0HN6SC9PPO259:00000003": started reading request body.
2024-09-24 13:50:51.154 +05:30  DBG  Connection id "0HN6SC9PPO259", Request id "0HN6SC9PPO259:00000003": done reading request body.
2024-09-24 13:50:51.161 +05:30  DBG  JSON input formatter threw an exception: The JSON value could not be converted to System.Boolean. Path: $.remember | LineNumber: 0 | BytePositionInLine: 66.
2024-09-24 13:50:51.162 +05:30  DBG  Done attempting to bind parameter 'command' of type 'Application.Ecom.Authentication.Commands.LoginUser.LoginUserCommand'.
2024-09-24 13:50:51.163 +05:30  DBG  Done attempting to bind parameter 'command' of type 'Application.Ecom.Authentication.Commands.LoginUser.LoginUserCommand'.
2024-09-24 13:50:51.164 +05:30  DBG  Attempting to validate the bound parameter 'command' of type 'Application.Ecom.Authentication.Commands.LoginUser.LoginUserCommand' ...
2024-09-24 13:50:51.165 +05:30  DBG  Done attempting to validate the bound parameter 'command' of type 'Application.Ecom.Authentication.Commands.LoginUser.LoginUserCommand'.
2024-09-24 13:50:51.166 +05:30  VRB  Action Filter: Before executing OnActionExecuting on filter Microsoft.AspNetCore.Mvc.ModelBinding.UnsupportedContentTypeFilter.
2024-09-24 13:50:51.167 +05:30  VRB  Action Filter: After executing OnActionExecuting on filter Microsoft.AspNetCore.Mvc.ModelBinding.UnsupportedContentTypeFilter.
2024-09-24 13:50:51.169 +05:30  VRB  Action Filter: Before executing OnActionExecuting on filter Microsoft.AspNetCore.Mvc.Infrastructure.ModelStateInvalidFilter.
2024-09-24 13:50:51.171 +05:30  DBG  The request has model state errors, returning an error response.
2024-09-24 13:50:51.172 +05:30  VRB  Action Filter: After executing OnActionExecuting on filter Microsoft.AspNetCore.Mvc.Infrastructure.ModelStateInvalidFilter.
2024-09-24 13:50:51.174 +05:30  DBG  Request was short circuited at action filter 'Microsoft.AspNetCore.Mvc.Infrastructure.ModelStateInvalidFilter'.
2024-09-24 13:50:51.174 +05:30  VRB  Action Filter: Before executing OnActionExecuted on filter Microsoft.AspNetCore.Mvc.ModelBinding.UnsupportedContentTypeFilter.
2024-09-24 13:50:51.176 +05:30  VRB  Action Filter: After executing OnActionExecuted on filter Microsoft.AspNetCore.Mvc.ModelBinding.UnsupportedContentTypeFilter.
2024-09-24 13:50:51.177 +05:30  VRB  Result Filter: Before executing OnResultExecuting on filter Microsoft.AspNetCore.Mvc.Infrastructure.ClientErrorResultFilter.
2024-09-24 13:50:51.178 +05:30  VRB  Result Filter: After executing OnResultExecuting on filter Microsoft.AspNetCore.Mvc.Infrastructure.ClientErrorResultFilter.
2024-09-24 13:50:51.180 +05:30  VRB  Before executing action result Microsoft.AspNetCore.Mvc.BadRequestObjectResult.
2024-09-24 13:50:51.180 +05:30  DBG  List of registered output formatters, in the following order: ["Microsoft.AspNetCore.Mvc.Formatters.HttpNoContentOutputFormatter","Microsoft.AspNetCore.Mvc.Formatters.StringOutputFormatter","Microsoft.AspNetCore.Mvc.Formatters.StreamOutputFormatter","Microsoft.AspNetCore.Mvc.Formatters.SystemTextJsonOutputFormatter"]
2024-09-24 13:50:51.182 +05:30  DBG  No information found on request to perform content negotiation.
2024-09-24 13:50:51.182 +05:30  DBG  Attempting to select the first output formatter in the output formatters list which supports a content type from the explicitly specified content types '["application/problem+json","application/problem+xml","application/problem+json","application/problem+xml"]'.
2024-09-24 13:50:51.184 +05:30  DBG  Selected output formatter 'Microsoft.AspNetCore.Mvc.Formatters.SystemTextJsonOutputFormatter' and content type 'application/problem+json' to write the response.
2024-09-24 13:50:51.185 +05:30  INF  Executing BadRequestObjectResult, writing value of type 'Microsoft.AspNetCore.Mvc.ValidationProblemDetails'.
2024-09-24 13:50:51.188 +05:30  VRB  Connection id "0HN6SC9PPO259" sending "HEADERS" frame for stream ID 3 with length 45 and flags "END_HEADERS".
2024-09-24 13:50:51.188 +05:30  VRB  After executing action result Microsoft.AspNetCore.Mvc.BadRequestObjectResult.
2024-09-24 13:50:51.189 +05:30  VRB  Connection id "0HN6SC9PPO259" sending "DATA" frame for stream ID 3 with length 381 and flags "NONE".
2024-09-24 13:50:51.190 +05:30  VRB  Result Filter: Before executing OnResultExecuted on filter Microsoft.AspNetCore.Mvc.Infrastructure.ClientErrorResultFilter.
2024-09-24 13:50:51.191 +05:30  VRB  Result Filter: After executing OnResultExecuted on filter Microsoft.AspNetCore.Mvc.Infrastructure.ClientErrorResultFilter.
2024-09-24 13:50:51.195 +05:30  INF  Executed action Web.Ecommerce.Controllers.Account.AccountController.Login (Web.Ecommerce) in 47.1035ms
2024-09-24 13:50:51.196 +05:30  INF  Executed endpoint 'Web.Ecommerce.Controllers.Account.AccountController.Login (Web.Ecommerce)'
2024-09-24 13:50:51.197 +05:30  INF  Request finished HTTP/2 POST https://localhost:7113/api/Account/Login - 400 null application/problem+json; charset=utf-8 79.544ms
2024-09-24 13:50:51.197 +05:30  VRB  Connection id "0HN6SC9PPO259" sending "DATA" frame for stream ID 3 with length 0 and flags "END_STREAM".
2024-09-24 13:50:53.056 +05:30  DBG  Connection id "0HN6SC9PPO259" received FIN.
2024-09-24 13:50:53.061 +05:30  DBG  Connection id "0HN6SC9PPO259" is closed. The last processed stream ID was 3.
2024-09-24 13:50:53.061 +05:30  DBG  The connection queue processing loop for 0HN6SC9PPO259 completed.
2024-09-24 13:50:53.062 +05:30  DBG  Connection id "0HN6SC9PPO259" sending FIN because: "The Socket transport's send loop completed gracefully."
2024-09-24 13:50:53.069 +05:30  DBG  Connection id "0HN6SC9PPO259" stopped.
2024-09-24 13:51:44.225 +05:30  DBG  Registered model binder providers, in the following order: ["Microsoft.AspNetCore.Mvc.ModelBinding.Binders.BinderTypeModelBinderProvider","Microsoft.AspNetCore.Mvc.ModelBinding.Binders.ServicesModelBinderProvider","Microsoft.AspNetCore.Mvc.ModelBinding.Binders.BodyModelBinderProvider","Microsoft.AspNetCore.Mvc.ModelBinding.Binders.HeaderModelBinderProvider","Microsoft.AspNetCore.Mvc.ModelBinding.Binders.FloatingPointTypeModelBinderProvider","Microsoft.AspNetCore.Mvc.ModelBinding.Binders.EnumTypeModelBinderProvider","Microsoft.AspNetCore.Mvc.ModelBinding.Binders.DateTimeModelBinderProvider","Microsoft.AspNetCore.Mvc.ModelBinding.Binders.SimpleTypeModelBinderProvider","Microsoft.AspNetCore.Mvc.ModelBinding.Binders.TryParseModelBinderProvider","Microsoft.AspNetCore.Mvc.ModelBinding.Binders.CancellationTokenModelBinderProvider","Microsoft.AspNetCore.Mvc.ModelBinding.Binders.ByteArrayModelBinderProvider","Microsoft.AspNetCore.Mvc.ModelBinding.Binders.FormFileModelBinderProvider","Microsoft.AspNetCore.Mvc.ModelBinding.Binders.FormCollectionModelBinderProvider","Microsoft.AspNetCore.Mvc.ModelBinding.Binders.KeyValuePairModelBinderProvider","Microsoft.AspNetCore.Mvc.ModelBinding.Binders.DictionaryModelBinderProvider","Microsoft.AspNetCore.Mvc.ModelBinding.Binders.ArrayModelBinderProvider","Microsoft.AspNetCore.Mvc.ModelBinding.Binders.CollectionModelBinderProvider","Microsoft.AspNetCore.Mvc.ModelBinding.Binders.ComplexObjectModelBinderProvider"]
2024-09-24 13:51:44.535 +05:30  DBG  An 'IServiceProvider' was created for internal use by Entity Framework.
2024-09-24 13:51:44.679 +05:30  INF  User profile is available. Using 'C:\Users\arjun.hariprasad\AppData\Local\ASP.NET\DataProtection-Keys' as key repository and Windows DPAPI to encrypt keys at rest.
2024-09-24 13:51:45.038 +05:30  WRN  Navigations 'Order.Payments' and 'Payment.Order' were separated into two relationships since the [ForeignKey] attribute was specified on navigations on both sides.
2024-09-24 13:51:45.044 +05:30  WRN  Navigations 'Order.Return' and 'Return.Order' were separated into two relationships since the [ForeignKey] attribute was specified on navigations on both sides.
2024-09-24 13:51:45.049 +05:30  WRN  Navigations 'Payment.Return' and 'Return.Payment' were separated into two relationships since the [ForeignKey] attribute was specified on navigations on both sides.
2024-09-24 13:51:45.135 +05:30  WRN  Navigations 'Order.Payments' and 'Payment.Order' were separated into two relationships since the [ForeignKey] attribute was specified on navigations on both sides.
2024-09-24 13:51:45.138 +05:30  WRN  Navigations 'Payment.Order' and 'Order.Payments' were separated into two relationships since the [ForeignKey] attribute was specified on navigations on both sides.
2024-09-24 13:51:45.140 +05:30  WRN  Navigations 'Payment.Order' and 'Order.Payments' were separated into two relationships since the [ForeignKey] attribute was specified on navigations on both sides.
2024-09-24 13:51:45.142 +05:30  WRN  Navigations 'Payment.Order' and 'Order.Payments' were separated into two relationships since the [ForeignKey] attribute was specified on navigations on both sides.
2024-09-24 13:51:45.144 +05:30  WRN  Navigations 'Order.Return' and 'Return.Order' were separated into two relationships since the [ForeignKey] attribute was specified on navigations on both sides.
2024-09-24 13:51:45.147 +05:30  WRN  Navigations 'Return.Order' and 'Order.Return' were separated into two relationships since the [ForeignKey] attribute was specified on navigations on both sides.
2024-09-24 13:51:45.149 +05:30  WRN  Navigations 'Return.Order' and 'Order.Return' were separated into two relationships since the [ForeignKey] attribute was specified on navigations on both sides.
2024-09-24 13:51:45.151 +05:30  WRN  Navigations 'Return.Order' and 'Order.Return' were separated into two relationships since the [ForeignKey] attribute was specified on navigations on both sides.
2024-09-24 13:51:45.171 +05:30  DBG  The index {'UserId'} was not created on entity type 'IdentityUserRole<Guid>' as the properties are already covered by the index {'UserId', 'RoleId'}.
2024-09-24 13:51:45.173 +05:30  DBG  The index {'UserId'} was not created on entity type 'IdentityUserToken<Guid>' as the properties are already covered by the index {'UserId', 'LoginProvider', 'Name'}.
2024-09-24 13:51:45.298 +05:30  DBG  The property 'Product.UserId' was created in shadow state because there are no eligible CLR members with a matching name.
2024-09-24 13:51:45.428 +05:30  DBG  Entity Framework Core 8.0.8 initialized 'EcommerceDbContext' using provider 'Microsoft.EntityFrameworkCore.SqlServer:8.0.8' with options: None
2024-09-24 13:51:45.528 +05:30  DBG  Compiling query expression: 
'DbSet<IdentityRole<Guid>>()
    .FirstOrDefault(r => r.NormalizedName == __normalizedName_0)'
2024-09-24 13:51:45.673 +05:30  DBG  Generated query execution expression: 
'queryContext => ShapedQueryCompilingExpressionVisitor.SingleOrDefaultAsync<IdentityRole<Guid>>(
    asyncEnumerable: new SingleQueryingEnumerable<IdentityRole<Guid>>(
        (RelationalQueryContext)queryContext, 
        RelationalCommandCache.QueryExpression(
            Projection Mapping:
                EmptyProjectionMember -> Dictionary<IProperty, int> { [Property: IdentityRole<Guid>.Id (Guid) Required PK AfterSave:Throw ValueGenerated.OnAdd, 0], [Property: IdentityRole<Guid>.ConcurrencyStamp (string) Concurrency, 1], [Property: IdentityRole<Guid>.Name (string) MaxLength(256), 2], [Property: IdentityRole<Guid>.NormalizedName (string) Index MaxLength(256), 3] }
            SELECT TOP(1) a.Id, a.ConcurrencyStamp, a.Name, a.NormalizedName
            FROM AspNetRoles AS a
            WHERE a.NormalizedName == @__normalizedName_0), 
        null, 
        Func<QueryContext, DbDataReader, ResultContext, SingleQueryResultCoordinator, IdentityRole<Guid>>, 
        Persistance.EcommerceDbContext, 
        False, 
        False, 
        True
    ), 
    cancellationToken: queryContext.CancellationToken)'
2024-09-24 13:51:45.711 +05:30  DBG  Creating DbConnection.
2024-09-24 13:51:45.732 +05:30  DBG  Created DbConnection. (23ms).
2024-09-24 13:51:45.736 +05:30  DBG  Opening connection to database 'Ecommerce' on server 'FGS-DSK-230\MSSQLSERVER2019'.
2024-09-24 13:51:46.028 +05:30  DBG  Opened connection to database 'Ecommerce' on server 'FGS-DSK-230\MSSQLSERVER2019'.
2024-09-24 13:51:46.033 +05:30  DBG  Creating DbCommand for 'ExecuteReader'.
2024-09-24 13:51:46.041 +05:30  DBG  Created DbCommand for 'ExecuteReader' (5ms).
2024-09-24 13:51:46.049 +05:30  DBG  Initialized DbCommand for 'ExecuteReader' (16ms).
2024-09-24 13:51:46.057 +05:30  DBG  Executing DbCommand [Parameters=[@__normalizedName_0='?' (Size = 256)], CommandType='"Text"', CommandTimeout='30']
SELECT TOP(1) [a].[Id], [a].[ConcurrencyStamp], [a].[Name], [a].[NormalizedName]
FROM [AspNetRoles] AS [a]
WHERE [a].[NormalizedName] = @__normalizedName_0
2024-09-24 13:51:46.109 +05:30  INF  Executed DbCommand (51ms) [Parameters=[@__normalizedName_0='?' (Size = 256)], CommandType='"Text"', CommandTimeout='30']
SELECT TOP(1) [a].[Id], [a].[ConcurrencyStamp], [a].[Name], [a].[NormalizedName]
FROM [AspNetRoles] AS [a]
WHERE [a].[NormalizedName] = @__normalizedName_0
2024-09-24 13:51:46.146 +05:30  DBG  Context 'EcommerceDbContext' started tracking 'IdentityRole' entity. Consider using 'DbContextOptionsBuilder.EnableSensitiveDataLogging' to see key values.
2024-09-24 13:51:46.165 +05:30  DBG  Closing data reader to 'Ecommerce' on server 'FGS-DSK-230\MSSQLSERVER2019'.
2024-09-24 13:51:46.173 +05:30  DBG  A data reader for 'Ecommerce' on server 'FGS-DSK-230\MSSQLSERVER2019' is being disposed after spending 57ms reading results.
2024-09-24 13:51:46.177 +05:30  DBG  Closing connection to database 'Ecommerce' on server 'FGS-DSK-230\MSSQLSERVER2019'.
2024-09-24 13:51:46.183 +05:30  DBG  Closed connection to database 'Ecommerce' on server 'FGS-DSK-230\MSSQLSERVER2019' (5ms).
2024-09-24 13:51:46.187 +05:30  DBG  Opening connection to database 'Ecommerce' on server 'FGS-DSK-230\MSSQLSERVER2019'.
2024-09-24 13:51:46.189 +05:30  DBG  Opened connection to database 'Ecommerce' on server 'FGS-DSK-230\MSSQLSERVER2019'.
2024-09-24 13:51:46.190 +05:30  DBG  Creating DbCommand for 'ExecuteReader'.
2024-09-24 13:51:46.191 +05:30  DBG  Created DbCommand for 'ExecuteReader' (0ms).
2024-09-24 13:51:46.192 +05:30  DBG  Initialized DbCommand for 'ExecuteReader' (1ms).
2024-09-24 13:51:46.193 +05:30  DBG  Executing DbCommand [Parameters=[@__normalizedName_0='?' (Size = 256)], CommandType='"Text"', CommandTimeout='30']
SELECT TOP(1) [a].[Id], [a].[ConcurrencyStamp], [a].[Name], [a].[NormalizedName]
FROM [AspNetRoles] AS [a]
WHERE [a].[NormalizedName] = @__normalizedName_0
2024-09-24 13:51:46.203 +05:30  INF  Executed DbCommand (10ms) [Parameters=[@__normalizedName_0='?' (Size = 256)], CommandType='"Text"', CommandTimeout='30']
SELECT TOP(1) [a].[Id], [a].[ConcurrencyStamp], [a].[Name], [a].[NormalizedName]
FROM [AspNetRoles] AS [a]
WHERE [a].[NormalizedName] = @__normalizedName_0
2024-09-24 13:51:46.206 +05:30  DBG  Context 'EcommerceDbContext' started tracking 'IdentityRole' entity. Consider using 'DbContextOptionsBuilder.EnableSensitiveDataLogging' to see key values.
2024-09-24 13:51:46.207 +05:30  DBG  Closing data reader to 'Ecommerce' on server 'FGS-DSK-230\MSSQLSERVER2019'.
2024-09-24 13:51:46.208 +05:30  DBG  A data reader for 'Ecommerce' on server 'FGS-DSK-230\MSSQLSERVER2019' is being disposed after spending 2ms reading results.
2024-09-24 13:51:46.210 +05:30  DBG  Closing connection to database 'Ecommerce' on server 'FGS-DSK-230\MSSQLSERVER2019'.
2024-09-24 13:51:46.211 +05:30  DBG  Closed connection to database 'Ecommerce' on server 'FGS-DSK-230\MSSQLSERVER2019' (0ms).
2024-09-24 13:51:46.212 +05:30  DBG  Opening connection to database 'Ecommerce' on server 'FGS-DSK-230\MSSQLSERVER2019'.
2024-09-24 13:51:46.213 +05:30  DBG  Opened connection to database 'Ecommerce' on server 'FGS-DSK-230\MSSQLSERVER2019'.
2024-09-24 13:51:46.214 +05:30  DBG  Creating DbCommand for 'ExecuteReader'.
2024-09-24 13:51:46.215 +05:30  DBG  Created DbCommand for 'ExecuteReader' (0ms).
2024-09-24 13:51:46.216 +05:30  DBG  Initialized DbCommand for 'ExecuteReader' (1ms).
2024-09-24 13:51:46.217 +05:30  DBG  Executing DbCommand [Parameters=[@__normalizedName_0='?' (Size = 256)], CommandType='"Text"', CommandTimeout='30']
SELECT TOP(1) [a].[Id], [a].[ConcurrencyStamp], [a].[Name], [a].[NormalizedName]
FROM [AspNetRoles] AS [a]
WHERE [a].[NormalizedName] = @__normalizedName_0
2024-09-24 13:51:46.220 +05:30  INF  Executed DbCommand (3ms) [Parameters=[@__normalizedName_0='?' (Size = 256)], CommandType='"Text"', CommandTimeout='30']
SELECT TOP(1) [a].[Id], [a].[ConcurrencyStamp], [a].[Name], [a].[NormalizedName]
FROM [AspNetRoles] AS [a]
WHERE [a].[NormalizedName] = @__normalizedName_0
2024-09-24 13:51:46.222 +05:30  DBG  Context 'EcommerceDbContext' started tracking 'IdentityRole' entity. Consider using 'DbContextOptionsBuilder.EnableSensitiveDataLogging' to see key values.
2024-09-24 13:51:46.223 +05:30  DBG  Closing data reader to 'Ecommerce' on server 'FGS-DSK-230\MSSQLSERVER2019'.
2024-09-24 13:51:46.224 +05:30  DBG  A data reader for 'Ecommerce' on server 'FGS-DSK-230\MSSQLSERVER2019' is being disposed after spending 2ms reading results.
2024-09-24 13:51:46.226 +05:30  DBG  Closing connection to database 'Ecommerce' on server 'FGS-DSK-230\MSSQLSERVER2019'.
2024-09-24 13:51:46.227 +05:30  DBG  Closed connection to database 'Ecommerce' on server 'FGS-DSK-230\MSSQLSERVER2019' (0ms).
2024-09-24 13:51:46.233 +05:30  DBG  Compiling query expression: 
'DbSet<User>()
    .SingleOrDefault(u => u.NormalizedEmail == __normalizedEmail_0)'
2024-09-24 13:51:46.240 +05:30  DBG  Generated query execution expression: 
'queryContext => ShapedQueryCompilingExpressionVisitor.SingleOrDefaultAsync<User>(
    asyncEnumerable: new SingleQueryingEnumerable<User>(
        (RelationalQueryContext)queryContext, 
        RelationalCommandCache.QueryExpression(
            Projection Mapping:
                EmptyProjectionMember -> Dictionary<IProperty, int> { [Property: User.Id (Guid) Required PK AfterSave:Throw ValueGenerated.OnAdd, 0], [Property: User.AccessFailedCount (int) Required, 1], [Property: User.ConcurrencyStamp (string) Concurrency, 2], [Property: User.CreatedAt (DateTime) Required, 3], [Property: User.Email (string) MaxLength(256), 4], [Property: User.EmailConfirmed (bool) Required, 5], [Property: User.IsDeleted (bool) Required, 6], [Property: User.IsVerified (bool) Required, 7], [Property: User.LockoutEnabled (bool) Required, 8], [Property: User.LockoutEnd (DateTimeOffset?), 9], [Property: User.NormalizedEmail (string) Index MaxLength(256), 10], [Property: User.NormalizedUserName (string) Index MaxLength(256), 11], [Property: User.PasswordHash (string), 12], [Property: User.PhoneNumber (string), 13], [Property: User.PhoneNumberConfirmed (bool) Required, 14], [Property: User.SecurityStamp (string), 15], [Property: User.TwoFactorEnabled (bool) Required, 16], [Property: User.UpdatedAt (DateTime) Required, 17], [Property: User.UserName (string) MaxLength(256), 18] }
            SELECT TOP(2) a.Id, a.AccessFailedCount, a.ConcurrencyStamp, a.CreatedAt, a.Email, a.EmailConfirmed, a.IsDeleted, a.IsVerified, a.LockoutEnabled, a.LockoutEnd, a.NormalizedEmail, a.NormalizedUserName, a.PasswordHash, a.PhoneNumber, a.PhoneNumberConfirmed, a.SecurityStamp, a.TwoFactorEnabled, a.UpdatedAt, a.UserName
            FROM AspNetUsers AS a
            WHERE a.NormalizedEmail == @__normalizedEmail_0), 
        null, 
        Func<QueryContext, DbDataReader, ResultContext, SingleQueryResultCoordinator, User>, 
        Persistance.EcommerceDbContext, 
        False, 
        False, 
        True
    ), 
    cancellationToken: queryContext.CancellationToken)'
2024-09-24 13:51:46.245 +05:30  DBG  Opening connection to database 'Ecommerce' on server 'FGS-DSK-230\MSSQLSERVER2019'.
2024-09-24 13:51:46.246 +05:30  DBG  Opened connection to database 'Ecommerce' on server 'FGS-DSK-230\MSSQLSERVER2019'.
2024-09-24 13:51:46.247 +05:30  DBG  Creating DbCommand for 'ExecuteReader'.
2024-09-24 13:51:46.248 +05:30  DBG  Created DbCommand for 'ExecuteReader' (0ms).
2024-09-24 13:51:46.249 +05:30  DBG  Initialized DbCommand for 'ExecuteReader' (1ms).
2024-09-24 13:51:46.250 +05:30  DBG  Executing DbCommand [Parameters=[@__normalizedEmail_0='?' (Size = 256)], CommandType='"Text"', CommandTimeout='30']
SELECT TOP(2) [a].[Id], [a].[AccessFailedCount], [a].[ConcurrencyStamp], [a].[CreatedAt], [a].[Email], [a].[EmailConfirmed], [a].[IsDeleted], [a].[IsVerified], [a].[LockoutEnabled], [a].[LockoutEnd], [a].[NormalizedEmail], [a].[NormalizedUserName], [a].[PasswordHash], [a].[PhoneNumber], [a].[PhoneNumberConfirmed], [a].[SecurityStamp], [a].[TwoFactorEnabled], [a].[UpdatedAt], [a].[UserName]
FROM [AspNetUsers] AS [a]
WHERE [a].[NormalizedEmail] = @__normalizedEmail_0
2024-09-24 13:51:46.254 +05:30  INF  Executed DbCommand (4ms) [Parameters=[@__normalizedEmail_0='?' (Size = 256)], CommandType='"Text"', CommandTimeout='30']
SELECT TOP(2) [a].[Id], [a].[AccessFailedCount], [a].[ConcurrencyStamp], [a].[CreatedAt], [a].[Email], [a].[EmailConfirmed], [a].[IsDeleted], [a].[IsVerified], [a].[LockoutEnabled], [a].[LockoutEnd], [a].[NormalizedEmail], [a].[NormalizedUserName], [a].[PasswordHash], [a].[PhoneNumber], [a].[PhoneNumberConfirmed], [a].[SecurityStamp], [a].[TwoFactorEnabled], [a].[UpdatedAt], [a].[UserName]
FROM [AspNetUsers] AS [a]
WHERE [a].[NormalizedEmail] = @__normalizedEmail_0
2024-09-24 13:51:46.274 +05:30  DBG  Context 'EcommerceDbContext' started tracking 'User' entity. Consider using 'DbContextOptionsBuilder.EnableSensitiveDataLogging' to see key values.
2024-09-24 13:51:46.307 +05:30  DBG  Closing data reader to 'Ecommerce' on server 'FGS-DSK-230\MSSQLSERVER2019'.
2024-09-24 13:51:46.308 +05:30  DBG  A data reader for 'Ecommerce' on server 'FGS-DSK-230\MSSQLSERVER2019' is being disposed after spending 52ms reading results.
2024-09-24 13:51:46.310 +05:30  DBG  Closing connection to database 'Ecommerce' on server 'FGS-DSK-230\MSSQLSERVER2019'.
2024-09-24 13:51:46.311 +05:30  DBG  Closed connection to database 'Ecommerce' on server 'FGS-DSK-230\MSSQLSERVER2019' (1ms).
2024-09-24 13:51:46.314 +05:30  DBG  'EcommerceDbContext' disposed.
2024-09-24 13:51:46.316 +05:30  DBG  Disposing connection to database 'Ecommerce' on server 'FGS-DSK-230\MSSQLSERVER2019'.
2024-09-24 13:51:46.318 +05:30  DBG  Disposed connection to database '' on server '' (1ms).
2024-09-24 13:51:46.321 +05:30  DBG  Hosting starting
2024-09-24 13:51:46.328 +05:30  DBG  Reading data from file 'C:\Users\arjun.hariprasad\AppData\Local\ASP.NET\DataProtection-Keys\key-36f6fa2d-df91-4e24-9271-a530e4737995.xml'.
2024-09-24 13:51:46.342 +05:30  DBG  Found key {36f6fa2d-df91-4e24-9271-a530e4737995}.
2024-09-24 13:51:46.354 +05:30  DBG  Considering key {36f6fa2d-df91-4e24-9271-a530e4737995} with expiration date 2024-10-20 08:26:28Z as default key.
2024-09-24 13:51:46.359 +05:30  DBG  Forwarded activator type request from Microsoft.AspNetCore.DataProtection.XmlEncryption.DpapiXmlDecryptor, Microsoft.AspNetCore.DataProtection, Version=8.0.0.0, Culture=neutral, PublicKeyToken=adb9793829ddae60 to Microsoft.AspNetCore.DataProtection.XmlEncryption.DpapiXmlDecryptor, Microsoft.AspNetCore.DataProtection, Culture=neutral, PublicKeyToken=adb9793829ddae60
2024-09-24 13:51:46.361 +05:30  DBG  Decrypting secret element using Windows DPAPI.
2024-09-24 13:51:46.364 +05:30  DBG  Forwarded activator type request from Microsoft.AspNetCore.DataProtection.AuthenticatedEncryption.ConfigurationModel.AuthenticatedEncryptorDescriptorDeserializer, Microsoft.AspNetCore.DataProtection, Version=8.0.0.0, Culture=neutral, PublicKeyToken=adb9793829ddae60 to Microsoft.AspNetCore.DataProtection.AuthenticatedEncryption.ConfigurationModel.AuthenticatedEncryptorDescriptorDeserializer, Microsoft.AspNetCore.DataProtection, Culture=neutral, PublicKeyToken=adb9793829ddae60
2024-09-24 13:51:46.366 +05:30  DBG  Opening CNG algorithm 'AES' from provider 'null' with chaining mode CBC.
2024-09-24 13:51:46.369 +05:30  DBG  Opening CNG algorithm 'SHA256' from provider 'null' with HMAC.
2024-09-24 13:51:46.373 +05:30  DBG  Using key {36f6fa2d-df91-4e24-9271-a530e4737995} as the default key.
2024-09-24 13:51:46.375 +05:30  DBG  Key ring with default key {36f6fa2d-df91-4e24-9271-a530e4737995} was loaded during application startup.
2024-09-24 13:51:46.559 +05:30  INF  Now listening on: https://localhost:7113
2024-09-24 13:51:46.560 +05:30  INF  Now listening on: http://localhost:5081
2024-09-24 13:51:46.561 +05:30  DBG  Loaded hosting startup assembly Web.Ecommerce
2024-09-24 13:51:46.562 +05:30  DBG  Loaded hosting startup assembly Microsoft.AspNetCore.Watch.BrowserRefresh
2024-09-24 13:51:46.563 +05:30  DBG  Loaded hosting startup assembly Microsoft.WebTools.BrowserLink.Net
2024-09-24 13:51:46.564 +05:30  INF  Application started. Press Ctrl+C to shut down.
2024-09-24 13:51:46.565 +05:30  INF  Hosting environment: Development
2024-09-24 13:51:46.566 +05:30  INF  Content root path: C:\Users\arjun.hariprasad\source\.NET\Ecommerce\EcommerceSolution\CodeBase\Src\Presentation\Web.Ecommerce
2024-09-24 13:51:46.567 +05:30  DBG  Hosting started
2024-09-24 13:51:47.018 +05:30  DBG  Connection id "0HN6SE7N7KR8G" accepted.
2024-09-24 13:51:47.020 +05:30  DBG  Connection id "0HN6SE7N7KR8G" started.
2024-09-24 13:51:47.027 +05:30  DBG  Connection id "0HN6SE7N7KR8G" received FIN.
2024-09-24 13:51:47.027 +05:30  DBG  Connection id "0HN6SE7N7KR8H" received FIN.
2024-09-24 13:51:47.030 +05:30  DBG  Connection id "0HN6SE7N7KR8H" accepted.
2024-09-24 13:51:47.031 +05:30  DBG  Connection id "0HN6SE7N7KR8H" started.
2024-09-24 13:51:47.034 +05:30  DBG  Failed to authenticate HTTPS connection.System.IO.IOException: Received an unexpected EOF or 0 bytes from the transport stream.
   at System.Net.Security.SslStream.ReceiveHandshakeFrameAsync[TIOAdapter](CancellationToken cancellationToken)
   at System.Net.Security.SslStream.ForceAuthenticationAsync[TIOAdapter](Boolean receiveFirst, Byte[] reAuthenticationData, CancellationToken cancellationToken)
   at System.Net.Security.SslStream.ProcessAuthenticationWithTelemetryAsync(Boolean isAsync, CancellationToken cancellationToken)
   at Microsoft.AspNetCore.Server.Kestrel.Https.Internal.HttpsConnectionMiddleware.OnConnectionAsync(ConnectionContext context)

2024-09-24 13:51:47.034 +05:30  DBG  Failed to authenticate HTTPS connection.System.IO.IOException: Received an unexpected EOF or 0 bytes from the transport stream.
   at System.Net.Security.SslStream.ReceiveHandshakeFrameAsync[TIOAdapter](CancellationToken cancellationToken)
   at System.Net.Security.SslStream.ForceAuthenticationAsync[TIOAdapter](Boolean receiveFirst, Byte[] reAuthenticationData, CancellationToken cancellationToken)
   at System.Net.Security.SslStream.ProcessAuthenticationWithTelemetryAsync(Boolean isAsync, CancellationToken cancellationToken)
   at Microsoft.AspNetCore.Server.Kestrel.Https.Internal.HttpsConnectionMiddleware.OnConnectionAsync(ConnectionContext context)

2024-09-24 13:51:47.048 +05:30  DBG  Connection id "0HN6SE7N7KR8H" stopped.
2024-09-24 13:51:47.048 +05:30  DBG  Connection id "0HN6SE7N7KR8G" stopped.
2024-09-24 13:51:47.051 +05:30  DBG  Connection id "0HN6SE7N7KR8G" sending FIN because: "The Socket transport's send loop completed gracefully."
2024-09-24 13:51:47.051 +05:30  DBG  Connection id "0HN6SE7N7KR8H" sending FIN because: "The Socket transport's send loop completed gracefully."
2024-09-24 13:51:47.615 +05:30  DBG  Connection id "0HN6SE7N7KR8I" accepted.
2024-09-24 13:51:47.625 +05:30  DBG  Connection id "0HN6SE7N7KR8I" started.
2024-09-24 13:51:47.673 +05:30  DBG  Connection 0HN6SE7N7KR8I established using the following protocol: "Tls12"
2024-09-24 13:51:47.716 +05:30  VRB  Connection id "0HN6SE7N7KR8I" sending "SETTINGS" frame for stream ID 0 with length 24 and flags "NONE".
2024-09-24 13:51:47.727 +05:30  VRB  Connection id "0HN6SE7N7KR8I" sending "WINDOW_UPDATE" frame for stream ID 0 with length 4 and flags 0x0.
2024-09-24 13:51:47.734 +05:30  VRB  Connection id "0HN6SE7N7KR8I" received "SETTINGS" frame for stream ID 0 with length 24 and flags "NONE".
2024-09-24 13:51:47.737 +05:30  VRB  Connection id "0HN6SE7N7KR8I" sending "SETTINGS" frame for stream ID 0 with length 0 and flags "ACK".
2024-09-24 13:51:47.739 +05:30  VRB  Connection id "0HN6SE7N7KR8I" received "WINDOW_UPDATE" frame for stream ID 0 with length 4 and flags 0x0.
2024-09-24 13:51:47.742 +05:30  VRB  Connection id "0HN6SE7N7KR8I" received "HEADERS" frame for stream ID 1 with length 469 and flags "END_STREAM, END_HEADERS, PRIORITY".
2024-09-24 13:51:47.783 +05:30  VRB  Connection id "0HN6SE7N7KR8I" received "SETTINGS" frame for stream ID 0 with length 0 and flags "ACK".
2024-09-24 13:51:47.808 +05:30  INF  Request starting HTTP/2 GET https://localhost:7113/swagger/index.html - null null
2024-09-24 13:51:47.940 +05:30  DBG  Wildcard detected, all requests with hosts will be allowed.
2024-09-24 13:51:47.941 +05:30  VRB  All hosts are allowed.
2024-09-24 13:51:47.966 +05:30  DBG  No candidates found for the request path '/swagger/index.html'
2024-09-24 13:51:47.967 +05:30  DBG  Request did not match any endpoints
2024-09-24 13:51:48.348 +05:30  DBG  Response markup is scheduled to include Browser Link script injection.
2024-09-24 13:51:48.350 +05:30  DBG  Response markup is scheduled to include browser refresh script injection.
2024-09-24 13:51:48.354 +05:30  VRB  Connection id "0HN6SE7N7KR8I" sending "HEADERS" frame for stream ID 1 with length 66 and flags "END_HEADERS".
2024-09-24 13:51:48.357 +05:30  VRB  Connection id "0HN6SE7N7KR8I" sending "DATA" frame for stream ID 1 with length 698 and flags "NONE".
2024-09-24 13:51:48.357 +05:30  DBG  Response markup was updated to include Browser Link script injection.
2024-09-24 13:51:48.359 +05:30  VRB  Connection id "0HN6SE7N7KR8I" sending "DATA" frame for stream ID 1 with length 438 and flags "NONE".
2024-09-24 13:51:48.363 +05:30  DBG  Response markup was updated to include browser refresh script injection.
2024-09-24 13:51:48.368 +05:30  VRB  Connection id "0HN6SE7N7KR8I" sending "DATA" frame for stream ID 1 with length 0 and flags "END_STREAM".
2024-09-24 13:51:48.370 +05:30  INF  Request finished HTTP/2 GET https://localhost:7113/swagger/index.html - 200 null text/html;charset=utf-8 568.5185ms
2024-09-24 13:51:48.382 +05:30  VRB  Connection id "0HN6SE7N7KR8I" received "HEADERS" frame for stream ID 3 with length 115 and flags "END_STREAM, END_HEADERS, PRIORITY".
2024-09-24 13:51:48.386 +05:30  VRB  Connection id "0HN6SE7N7KR8I" received "HEADERS" frame for stream ID 5 with length 35 and flags "END_STREAM, END_HEADERS, PRIORITY".
2024-09-24 13:51:48.386 +05:30  INF  Request starting HTTP/2 GET https://localhost:7113/_framework/aspnetcore-browser-refresh.js - null null
2024-09-24 13:51:48.388 +05:30  VRB  Connection id "0HN6SE7N7KR8I" received "HEADERS" frame for stream ID 7 with length 57 and flags "END_STREAM, END_HEADERS, PRIORITY".
2024-09-24 13:51:48.388 +05:30  INF  Request starting HTTP/2 GET https://localhost:7113/swagger/index.js - null null
2024-09-24 13:51:48.396 +05:30  INF  Request starting HTTP/2 GET https://localhost:7113/_vs/browserLink - null null
2024-09-24 13:51:48.398 +05:30  VRB  All hosts are allowed.
2024-09-24 13:51:48.400 +05:30  VRB  Connection id "0HN6SE7N7KR8I" sending "HEADERS" frame for stream ID 3 with length 60 and flags "END_HEADERS".
2024-09-24 13:51:48.401 +05:30  DBG  No candidates found for the request path '/swagger/index.js'
2024-09-24 13:51:48.403 +05:30  VRB  Connection id "0HN6SE7N7KR8I" sending "DATA" frame for stream ID 3 with length 13762 and flags "NONE".
2024-09-24 13:51:48.404 +05:30  DBG  Request did not match any endpoints
2024-09-24 13:51:48.411 +05:30  INF  Request finished HTTP/2 GET https://localhost:7113/swagger/index.js - 200 null application/javascript;charset=utf-8 23.0482ms
2024-09-24 13:51:48.418 +05:30  VRB  Connection id "0HN6SE7N7KR8I" sending "HEADERS" frame for stream ID 5 with length 41 and flags "END_HEADERS".
2024-09-24 13:51:48.425 +05:30  INF  Request finished HTTP/2 GET https://localhost:7113/_framework/aspnetcore-browser-refresh.js - 200 13762 application/javascript; charset=utf-8 38.7865ms
2024-09-24 13:51:48.431 +05:30  VRB  Connection id "0HN6SE7N7KR8I" sending "DATA" frame for stream ID 5 with length 3005 and flags "END_STREAM".
2024-09-24 13:51:48.437 +05:30  VRB  Connection id "0HN6SE7N7KR8I" sending "DATA" frame for stream ID 3 with length 0 and flags "END_STREAM".
2024-09-24 13:51:48.447 +05:30  VRB  Connection id "0HN6SE7N7KR8I" sending "HEADERS" frame for stream ID 7 with length 119 and flags "END_HEADERS".
2024-09-24 13:51:48.449 +05:30  VRB  Connection id "0HN6SE7N7KR8I" sending "DATA" frame for stream ID 7 with length 9986 and flags "NONE".
2024-09-24 13:51:48.451 +05:30  VRB  Connection id "0HN6SE7N7KR8I" sending "DATA" frame for stream ID 7 with length 10240 and flags "NONE".
2024-09-24 13:51:48.453 +05:30  VRB  Connection id "0HN6SE7N7KR8I" sending "DATA" frame for stream ID 7 with length 10240 and flags "NONE".
2024-09-24 13:51:48.455 +05:30  VRB  Connection id "0HN6SE7N7KR8I" sending "DATA" frame for stream ID 7 with length 10240 and flags "NONE".
2024-09-24 13:51:48.457 +05:30  VRB  Connection id "0HN6SE7N7KR8I" sending "DATA" frame for stream ID 7 with length 10240 and flags "NONE".
2024-09-24 13:51:48.459 +05:30  VRB  Connection id "0HN6SE7N7KR8I" sending "DATA" frame for stream ID 7 with length 10240 and flags "NONE".
2024-09-24 13:51:48.464 +05:30  VRB  Connection id "0HN6SE7N7KR8I" sending "DATA" frame for stream ID 7 with length 10240 and flags "NONE".
2024-09-24 13:51:48.466 +05:30  VRB  Connection id "0HN6SE7N7KR8I" sending "DATA" frame for stream ID 7 with length 10240 and flags "NONE".
2024-09-24 13:51:48.468 +05:30  VRB  Connection id "0HN6SE7N7KR8I" sending "DATA" frame for stream ID 7 with length 10240 and flags "NONE".
2024-09-24 13:51:48.470 +05:30  VRB  Connection id "0HN6SE7N7KR8I" sending "DATA" frame for stream ID 7 with length 10240 and flags "NONE".
2024-09-24 13:51:48.473 +05:30  VRB  Connection id "0HN6SE7N7KR8I" sending "DATA" frame for stream ID 7 with length 10240 and flags "NONE".
2024-09-24 13:51:48.476 +05:30  VRB  Connection id "0HN6SE7N7KR8I" sending "DATA" frame for stream ID 7 with length 10240 and flags "NONE".
2024-09-24 13:51:48.480 +05:30  VRB  Connection id "0HN6SE7N7KR8I" sending "DATA" frame for stream ID 7 with length 10240 and flags "NONE".
2024-09-24 13:51:48.482 +05:30  VRB  Connection id "0HN6SE7N7KR8I" sending "DATA" frame for stream ID 7 with length 10240 and flags "NONE".
2024-09-24 13:51:48.484 +05:30  VRB  Connection id "0HN6SE7N7KR8I" sending "DATA" frame for stream ID 7 with length 10240 and flags "NONE".
2024-09-24 13:51:48.486 +05:30  VRB  Connection id "0HN6SE7N7KR8I" sending "DATA" frame for stream ID 7 with length 160 and flags "NONE".
2024-09-24 13:51:48.487 +05:30  INF  Request finished HTTP/2 GET https://localhost:7113/_vs/browserLink - 200 null text/javascript; charset=UTF-8 90.5743ms
2024-09-24 13:51:48.487 +05:30  VRB  Connection id "0HN6SE7N7KR8I" sending "DATA" frame for stream ID 7 with length 0 and flags "END_STREAM".
2024-09-24 13:51:48.533 +05:30  VRB  Connection id "0HN6SE7N7KR8I" received "HEADERS" frame for stream ID 9 with length 74 and flags "END_STREAM, END_HEADERS, PRIORITY".
2024-09-24 13:51:48.537 +05:30  INF  Request starting HTTP/2 GET https://localhost:7113/swagger/v1/swagger.json - null null
2024-09-24 13:51:48.539 +05:30  VRB  All hosts are allowed.
2024-09-24 13:51:48.540 +05:30  DBG  No candidates found for the request path '/swagger/v1/swagger.json'
2024-09-24 13:51:48.540 +05:30  DBG  Request did not match any endpoints
2024-09-24 13:51:48.702 +05:30  VRB  Connection id "0HN6SE7N7KR8I" sending "HEADERS" frame for stream ID 9 with length 65 and flags "END_HEADERS".
2024-09-24 13:51:48.704 +05:30  VRB  Connection id "0HN6SE7N7KR8I" sending "DATA" frame for stream ID 9 with length 16384 and flags "NONE".
2024-09-24 13:51:48.707 +05:30  VRB  Connection id "0HN6SE7N7KR8I" sending "DATA" frame for stream ID 9 with length 6588 and flags "NONE".
2024-09-24 13:51:48.717 +05:30  INF  Request finished HTTP/2 GET https://localhost:7113/swagger/v1/swagger.json - 200 null application/json;charset=utf-8 180.4681ms
2024-09-24 13:51:48.718 +05:30  VRB  Connection id "0HN6SE7N7KR8I" sending "DATA" frame for stream ID 9 with length 0 and flags "END_STREAM".
2024-09-24 13:51:53.141 +05:30  DBG  Connection id "0HN6SE7N7KR8I" received FIN.
2024-09-24 13:51:53.144 +05:30  DBG  Connection id "0HN6SE7N7KR8I" is closed. The last processed stream ID was 9.
2024-09-24 13:51:53.145 +05:30  DBG  Connection id "0HN6SE7N7KR8I" sending FIN because: "The Socket transport's send loop completed gracefully."
2024-09-24 13:51:53.150 +05:30  DBG  The connection queue processing loop for 0HN6SE7N7KR8I completed.
2024-09-24 13:51:53.152 +05:30  DBG  Connection id "0HN6SE7N7KR8I" stopped.
2024-09-24 13:53:53.384 +05:30  DBG  Connection id "0HN6SE7N7KR8J" accepted.
2024-09-24 13:53:53.389 +05:30  DBG  Connection id "0HN6SE7N7KR8J" started.
2024-09-24 13:53:53.396 +05:30  DBG  Connection 0HN6SE7N7KR8J established using the following protocol: "Tls12"
2024-09-24 13:53:53.399 +05:30  VRB  Connection id "0HN6SE7N7KR8J" sending "SETTINGS" frame for stream ID 0 with length 24 and flags "NONE".
2024-09-24 13:53:53.400 +05:30  VRB  Connection id "0HN6SE7N7KR8J" sending "WINDOW_UPDATE" frame for stream ID 0 with length 4 and flags 0x0.
2024-09-24 13:53:53.402 +05:30  VRB  Connection id "0HN6SE7N7KR8J" received "SETTINGS" frame for stream ID 0 with length 24 and flags "NONE".
2024-09-24 13:53:53.403 +05:30  VRB  Connection id "0HN6SE7N7KR8J" sending "SETTINGS" frame for stream ID 0 with length 0 and flags "ACK".
2024-09-24 13:53:53.405 +05:30  VRB  Connection id "0HN6SE7N7KR8J" received "WINDOW_UPDATE" frame for stream ID 0 with length 4 and flags 0x0.
2024-09-24 13:53:53.406 +05:30  VRB  Connection id "0HN6SE7N7KR8J" received "HEADERS" frame for stream ID 1 with length 406 and flags "END_HEADERS, PRIORITY".
2024-09-24 13:53:53.408 +05:30  VRB  Connection id "0HN6SE7N7KR8J" received "DATA" frame for stream ID 1 with length 67 and flags "END_STREAM".
2024-09-24 13:53:53.408 +05:30  INF  Request starting HTTP/2 POST https://localhost:7113/api/Account/Login - application/json 67
2024-09-24 13:53:53.410 +05:30  VRB  Connection id "0HN6SE7N7KR8J" received "SETTINGS" frame for stream ID 0 with length 0 and flags "ACK".
2024-09-24 13:53:53.413 +05:30  VRB  All hosts are allowed.
2024-09-24 13:53:53.419 +05:30  DBG  1 candidate(s) found for the request path '/api/Account/Login'
2024-09-24 13:53:53.421 +05:30  DBG  Endpoint 'Web.Ecommerce.Controllers.Account.AccountController.Login (Web.Ecommerce)' with route pattern 'api/Account/Login' is valid for the request path '/api/Account/Login'
2024-09-24 13:53:53.422 +05:30  DBG  Request matched endpoint 'Web.Ecommerce.Controllers.Account.AccountController.Login (Web.Ecommerce)'
2024-09-24 13:53:53.424 +05:30  VRB  The endpoint does not specify the IRequestSizeLimitMetadata.
2024-09-24 13:53:53.425 +05:30  DBG  Static files was skipped as the request already matched an endpoint.
2024-09-24 13:53:53.428 +05:30  DBG  The request has an origin header: 'https://localhost:7113'.
2024-09-24 13:53:53.429 +05:30  INF  CORS policy execution successful.
2024-09-24 13:53:53.501 +05:30  DBG  AuthenticationScheme: Bearer was not authenticated.
2024-09-24 13:53:53.504 +05:30  INF  Executing endpoint 'Web.Ecommerce.Controllers.Account.AccountController.Login (Web.Ecommerce)'
2024-09-24 13:53:53.523 +05:30  INF  Route matched with {action = "Login", controller = "Account"}. Executing controller action with signature System.Threading.Tasks.Task`1[Microsoft.AspNetCore.Mvc.IActionResult] Login(Application.Ecom.Authentication.Commands.LoginUser.LoginUserCommand) on controller Web.Ecommerce.Controllers.Account.AccountController (Web.Ecommerce).
2024-09-24 13:53:53.528 +05:30  DBG  Execution plan of authorization filters (in the following order): ["None"]
2024-09-24 13:53:53.530 +05:30  DBG  Execution plan of resource filters (in the following order): ["None"]
2024-09-24 13:53:53.532 +05:30  DBG  Execution plan of action filters (in the following order): ["Microsoft.AspNetCore.Mvc.ModelBinding.UnsupportedContentTypeFilter (Order: -3000)","Microsoft.AspNetCore.Mvc.Infrastructure.ModelStateInvalidFilter (Order: -2000)"]
2024-09-24 13:53:53.533 +05:30  DBG  Execution plan of exception filters (in the following order): ["None"]
2024-09-24 13:53:53.535 +05:30  DBG  Execution plan of result filters (in the following order): ["Microsoft.AspNetCore.Mvc.Infrastructure.ClientErrorResultFilter (Order: -2000)"]
2024-09-24 13:53:53.537 +05:30  DBG  Executing controller factory for controller Web.Ecommerce.Controllers.Account.AccountController (Web.Ecommerce)
2024-09-24 13:53:53.538 +05:30  DBG  Executed controller factory for controller Web.Ecommerce.Controllers.Account.AccountController (Web.Ecommerce)
2024-09-24 13:53:53.554 +05:30  DBG  Attempting to bind parameter 'command' of type 'Application.Ecom.Authentication.Commands.LoginUser.LoginUserCommand' ...
2024-09-24 13:53:53.558 +05:30  DBG  Attempting to bind parameter 'command' of type 'Application.Ecom.Authentication.Commands.LoginUser.LoginUserCommand' using the name '' in request data ...
2024-09-24 13:53:53.563 +05:30  DBG  Selected input formatter 'Microsoft.AspNetCore.Mvc.Formatters.SystemTextJsonInputFormatter' for content type 'application/json'.
2024-09-24 13:53:53.586 +05:30  DBG  Connection id "0HN6SE7N7KR8J", Request id "0HN6SE7N7KR8J:00000001": started reading request body.
2024-09-24 13:53:53.588 +05:30  DBG  Connection id "0HN6SE7N7KR8J", Request id "0HN6SE7N7KR8J:00000001": done reading request body.
2024-09-24 13:53:53.599 +05:30  DBG  JSON input formatter succeeded, deserializing to type 'Application.Ecom.Authentication.Commands.LoginUser.LoginUserCommand'
2024-09-24 13:53:53.601 +05:30  DBG  Done attempting to bind parameter 'command' of type 'Application.Ecom.Authentication.Commands.LoginUser.LoginUserCommand'.
2024-09-24 13:53:53.602 +05:30  DBG  Done attempting to bind parameter 'command' of type 'Application.Ecom.Authentication.Commands.LoginUser.LoginUserCommand'.
2024-09-24 13:53:53.603 +05:30  DBG  Attempting to validate the bound parameter 'command' of type 'Application.Ecom.Authentication.Commands.LoginUser.LoginUserCommand' ...
2024-09-24 13:53:53.613 +05:30  DBG  Done attempting to validate the bound parameter 'command' of type 'Application.Ecom.Authentication.Commands.LoginUser.LoginUserCommand'.
2024-09-24 13:53:53.617 +05:30  VRB  Action Filter: Before executing OnActionExecuting on filter Microsoft.AspNetCore.Mvc.ModelBinding.UnsupportedContentTypeFilter.
2024-09-24 13:53:53.618 +05:30  VRB  Action Filter: After executing OnActionExecuting on filter Microsoft.AspNetCore.Mvc.ModelBinding.UnsupportedContentTypeFilter.
2024-09-24 13:53:53.619 +05:30  VRB  Action Filter: Before executing OnActionExecuting on filter Microsoft.AspNetCore.Mvc.Infrastructure.ModelStateInvalidFilter.
2024-09-24 13:53:53.621 +05:30  VRB  Action Filter: After executing OnActionExecuting on filter Microsoft.AspNetCore.Mvc.Infrastructure.ModelStateInvalidFilter.
2024-09-24 13:53:53.625 +05:30  INF  Executing action method Web.Ecommerce.Controllers.Account.AccountController.Login (Web.Ecommerce) - Validation state: "Valid"
2024-09-24 13:53:53.626 +05:30  VRB  Executing action method Web.Ecommerce.Controllers.Account.AccountController.Login (Web.Ecommerce) with arguments (["Application.Ecom.Authentication.Commands.LoginUser.LoginUserCommand"])
2024-09-24 13:53:53.677 +05:30  DBG  Entity Framework Core 8.0.8 initialized 'EcommerceDbContext' using provider 'Microsoft.EntityFrameworkCore.SqlServer:8.0.8' with options: None
2024-09-24 13:53:53.681 +05:30  DBG  Creating DbConnection.
2024-09-24 13:53:53.682 +05:30  DBG  Created DbConnection. (0ms).
2024-09-24 13:53:53.683 +05:30  DBG  Opening connection to database 'Ecommerce' on server 'FGS-DSK-230\MSSQLSERVER2019'.
2024-09-24 13:53:53.684 +05:30  DBG  Opened connection to database 'Ecommerce' on server 'FGS-DSK-230\MSSQLSERVER2019'.
2024-09-24 13:53:53.685 +05:30  DBG  Creating DbCommand for 'ExecuteReader'.
2024-09-24 13:53:53.685 +05:30  DBG  Created DbCommand for 'ExecuteReader' (0ms).
2024-09-24 13:53:53.686 +05:30  DBG  Initialized DbCommand for 'ExecuteReader' (1ms).
2024-09-24 13:53:53.687 +05:30  DBG  Executing DbCommand [Parameters=[@__normalizedEmail_0='?' (Size = 256)], CommandType='"Text"', CommandTimeout='30']
SELECT TOP(2) [a].[Id], [a].[AccessFailedCount], [a].[ConcurrencyStamp], [a].[CreatedAt], [a].[Email], [a].[EmailConfirmed], [a].[IsDeleted], [a].[IsVerified], [a].[LockoutEnabled], [a].[LockoutEnd], [a].[NormalizedEmail], [a].[NormalizedUserName], [a].[PasswordHash], [a].[PhoneNumber], [a].[PhoneNumberConfirmed], [a].[SecurityStamp], [a].[TwoFactorEnabled], [a].[UpdatedAt], [a].[UserName]
FROM [AspNetUsers] AS [a]
WHERE [a].[NormalizedEmail] = @__normalizedEmail_0
2024-09-24 13:53:53.692 +05:30  INF  Executed DbCommand (4ms) [Parameters=[@__normalizedEmail_0='?' (Size = 256)], CommandType='"Text"', CommandTimeout='30']
SELECT TOP(2) [a].[Id], [a].[AccessFailedCount], [a].[ConcurrencyStamp], [a].[CreatedAt], [a].[Email], [a].[EmailConfirmed], [a].[IsDeleted], [a].[IsVerified], [a].[LockoutEnabled], [a].[LockoutEnd], [a].[NormalizedEmail], [a].[NormalizedUserName], [a].[PasswordHash], [a].[PhoneNumber], [a].[PhoneNumberConfirmed], [a].[SecurityStamp], [a].[TwoFactorEnabled], [a].[UpdatedAt], [a].[UserName]
FROM [AspNetUsers] AS [a]
WHERE [a].[NormalizedEmail] = @__normalizedEmail_0
2024-09-24 13:53:53.697 +05:30  DBG  Closing data reader to 'Ecommerce' on server 'FGS-DSK-230\MSSQLSERVER2019'.
2024-09-24 13:53:53.699 +05:30  DBG  A data reader for 'Ecommerce' on server 'FGS-DSK-230\MSSQLSERVER2019' is being disposed after spending 2ms reading results.
2024-09-24 13:53:53.701 +05:30  DBG  Closing connection to database 'Ecommerce' on server 'FGS-DSK-230\MSSQLSERVER2019'.
2024-09-24 13:53:53.702 +05:30  DBG  Closed connection to database 'Ecommerce' on server 'FGS-DSK-230\MSSQLSERVER2019' (1ms).
2024-09-24 13:53:53.821 +05:30  VRB  Action Filter: Before executing OnActionExecuted on filter Microsoft.AspNetCore.Mvc.Infrastructure.ModelStateInvalidFilter.
2024-09-24 13:53:53.823 +05:30  VRB  Action Filter: After executing OnActionExecuted on filter Microsoft.AspNetCore.Mvc.Infrastructure.ModelStateInvalidFilter.
2024-09-24 13:53:53.825 +05:30  VRB  Action Filter: Before executing OnActionExecuted on filter Microsoft.AspNetCore.Mvc.ModelBinding.UnsupportedContentTypeFilter.
2024-09-24 13:53:53.826 +05:30  VRB  Action Filter: After executing OnActionExecuted on filter Microsoft.AspNetCore.Mvc.ModelBinding.UnsupportedContentTypeFilter.
2024-09-24 13:53:53.833 +05:30  INF  Executed action Web.Ecommerce.Controllers.Account.AccountController.Login (Web.Ecommerce) in 295.0854ms
2024-09-24 13:53:53.836 +05:30  INF  Executed endpoint 'Web.Ecommerce.Controllers.Account.AccountController.Login (Web.Ecommerce)'
2024-09-24 13:53:53.840 +05:30  ERR  An unhandled exception has occurred while executing the request.System.UnauthorizedAccessException: Invalid email or password.
   at Application.Ecom.Authentication.Commands.LoginUser.LoginUserCommandHandler.Handle(LoginUserCommand request, CancellationToken cancellationToken) in C:\Users\arjun.hariprasad\source\.NET\Ecommerce\EcommerceSolution\CodeBase\Src\Core\Application.Ecom\Authentication\Commands\LoginUser\LoginUserCommandHandler.cs:line 30
   at Web.Ecommerce.Controllers.Account.AccountController.Login(LoginUserCommand command) in C:\Users\arjun.hariprasad\source\.NET\Ecommerce\EcommerceSolution\CodeBase\Src\Presentation\Web.Ecommerce\Controllers\Account\AccountController.cs:line 142
   at Microsoft.AspNetCore.Mvc.Infrastructure.ActionMethodExecutor.TaskOfIActionResultExecutor.Execute(ActionContext actionContext, IActionResultTypeMapper mapper, ObjectMethodExecutor executor, Object controller, Object[] arguments)
   at Microsoft.AspNetCore.Mvc.Infrastructure.ControllerActionInvoker.<InvokeActionMethodAsync>g__Logged|12_1(ControllerActionInvoker invoker)
   at Microsoft.AspNetCore.Mvc.Infrastructure.ControllerActionInvoker.<InvokeNextActionFilterAsync>g__Awaited|10_0(ControllerActionInvoker invoker, Task lastTask, State next, Scope scope, Object state, Boolean isCompleted)
   at Microsoft.AspNetCore.Mvc.Infrastructure.ControllerActionInvoker.Rethrow(ActionExecutedContextSealed context)
   at Microsoft.AspNetCore.Mvc.Infrastructure.ControllerActionInvoker.Next(State& next, Scope& scope, Object& state, Boolean& isCompleted)
   at Microsoft.AspNetCore.Mvc.Infrastructure.ControllerActionInvoker.<InvokeInnerFilterAsync>g__Awaited|13_0(ControllerActionInvoker invoker, Task lastTask, State next, Scope scope, Object state, Boolean isCompleted)
   at Microsoft.AspNetCore.Mvc.Infrastructure.ResourceInvoker.<InvokeFilterPipelineAsync>g__Awaited|20_0(ResourceInvoker invoker, Task lastTask, State next, Scope scope, Object state, Boolean isCompleted)
   at Microsoft.AspNetCore.Mvc.Infrastructure.ResourceInvoker.<InvokeAsync>g__Logged|17_1(ResourceInvoker invoker)
   at Microsoft.AspNetCore.Mvc.Infrastructure.ResourceInvoker.<InvokeAsync>g__Logged|17_1(ResourceInvoker invoker)
   at Microsoft.AspNetCore.Routing.EndpointMiddleware.<Invoke>g__AwaitRequestTask|7_0(Endpoint endpoint, Task requestTask, ILogger logger)
   at Microsoft.AspNetCore.Authorization.AuthorizationMiddleware.Invoke(HttpContext context)
   at Microsoft.AspNetCore.Authentication.AuthenticationMiddleware.Invoke(HttpContext context)
   at Swashbuckle.AspNetCore.SwaggerUI.SwaggerUIMiddleware.Invoke(HttpContext httpContext)
   at Swashbuckle.AspNetCore.Swagger.SwaggerMiddleware.Invoke(HttpContext httpContext, ISwaggerProvider swaggerProvider)
   at Microsoft.AspNetCore.Diagnostics.DeveloperExceptionPageMiddlewareImpl.Invoke(HttpContext context)

2024-09-24 13:53:53.864 +05:30  VRB  Connection id "0HN6SE7N7KR8J" sending "HEADERS" frame for stream ID 1 with length 71 and flags "END_HEADERS".
2024-09-24 13:53:53.864 +05:30  DBG  'EcommerceDbContext' disposed.
2024-09-24 13:53:53.866 +05:30  VRB  Connection id "0HN6SE7N7KR8J" sending "DATA" frame for stream ID 1 with length 3418 and flags "NONE".
2024-09-24 13:53:53.869 +05:30  VRB  Connection id "0HN6SE7N7KR8J" sending "DATA" frame for stream ID 1 with length 0 and flags "END_STREAM".
2024-09-24 13:53:53.869 +05:30  DBG  Disposing connection to database 'Ecommerce' on server 'FGS-DSK-230\MSSQLSERVER2019'.
2024-09-24 13:53:53.872 +05:30  DBG  Disposed connection to database '' on server '' (2ms).
2024-09-24 13:53:53.873 +05:30  INF  Request finished HTTP/2 POST https://localhost:7113/api/Account/Login - 500 null text/plain; charset=utf-8 464.92ms
2024-09-24 13:54:03.331 +05:30  DBG  Connection id "0HN6SE7N7KR8J" received FIN.
2024-09-24 13:54:03.335 +05:30  DBG  Connection id "0HN6SE7N7KR8J" is closed. The last processed stream ID was 1.
2024-09-24 13:54:03.335 +05:30  DBG  The connection queue processing loop for 0HN6SE7N7KR8J completed.
2024-09-24 13:54:03.336 +05:30  DBG  Connection id "0HN6SE7N7KR8J" sending FIN because: "The Socket transport's send loop completed gracefully."
2024-09-24 13:54:03.346 +05:30  DBG  Connection id "0HN6SE7N7KR8J" stopped.
2024-09-24 13:54:07.340 +05:30  DBG  Connection id "0HN6SE7N7KR8K" accepted.
2024-09-24 13:54:07.341 +05:30  DBG  Connection id "0HN6SE7N7KR8K" started.
2024-09-24 13:54:07.344 +05:30  DBG  Connection 0HN6SE7N7KR8K established using the following protocol: "Tls12"
2024-09-24 13:54:07.345 +05:30  VRB  Connection id "0HN6SE7N7KR8K" sending "SETTINGS" frame for stream ID 0 with length 24 and flags "NONE".
2024-09-24 13:54:07.347 +05:30  VRB  Connection id "0HN6SE7N7KR8K" sending "WINDOW_UPDATE" frame for stream ID 0 with length 4 and flags 0x0.
2024-09-24 13:54:07.349 +05:30  VRB  Connection id "0HN6SE7N7KR8K" received "SETTINGS" frame for stream ID 0 with length 24 and flags "NONE".
2024-09-24 13:54:07.350 +05:30  VRB  Connection id "0HN6SE7N7KR8K" sending "SETTINGS" frame for stream ID 0 with length 0 and flags "ACK".
2024-09-24 13:54:07.351 +05:30  VRB  Connection id "0HN6SE7N7KR8K" received "WINDOW_UPDATE" frame for stream ID 0 with length 4 and flags 0x0.
2024-09-24 13:54:07.353 +05:30  VRB  Connection id "0HN6SE7N7KR8K" received "HEADERS" frame for stream ID 1 with length 406 and flags "END_HEADERS, PRIORITY".
2024-09-24 13:54:07.354 +05:30  VRB  Connection id "0HN6SE7N7KR8K" received "DATA" frame for stream ID 1 with length 80 and flags "END_STREAM".
2024-09-24 13:54:07.355 +05:30  INF  Request starting HTTP/2 POST https://localhost:7113/api/Account/Login - application/json 80
2024-09-24 13:54:07.356 +05:30  VRB  Connection id "0HN6SE7N7KR8K" received "SETTINGS" frame for stream ID 0 with length 0 and flags "ACK".
2024-09-24 13:54:07.358 +05:30  VRB  All hosts are allowed.
2024-09-24 13:54:07.364 +05:30  DBG  1 candidate(s) found for the request path '/api/Account/Login'
2024-09-24 13:54:07.366 +05:30  DBG  Endpoint 'Web.Ecommerce.Controllers.Account.AccountController.Login (Web.Ecommerce)' with route pattern 'api/Account/Login' is valid for the request path '/api/Account/Login'
2024-09-24 13:54:07.368 +05:30  DBG  Request matched endpoint 'Web.Ecommerce.Controllers.Account.AccountController.Login (Web.Ecommerce)'
2024-09-24 13:54:07.369 +05:30  VRB  The endpoint does not specify the IRequestSizeLimitMetadata.
2024-09-24 13:54:07.369 +05:30  DBG  Static files was skipped as the request already matched an endpoint.
2024-09-24 13:54:07.370 +05:30  DBG  The request has an origin header: 'https://localhost:7113'.
2024-09-24 13:54:07.371 +05:30  INF  CORS policy execution successful.
2024-09-24 13:54:07.372 +05:30  DBG  AuthenticationScheme: Bearer was not authenticated.
2024-09-24 13:54:07.373 +05:30  INF  Executing endpoint 'Web.Ecommerce.Controllers.Account.AccountController.Login (Web.Ecommerce)'
2024-09-24 13:54:07.374 +05:30  INF  Route matched with {action = "Login", controller = "Account"}. Executing controller action with signature System.Threading.Tasks.Task`1[Microsoft.AspNetCore.Mvc.IActionResult] Login(Application.Ecom.Authentication.Commands.LoginUser.LoginUserCommand) on controller Web.Ecommerce.Controllers.Account.AccountController (Web.Ecommerce).
2024-09-24 13:54:07.376 +05:30  DBG  Execution plan of authorization filters (in the following order): ["None"]
2024-09-24 13:54:07.378 +05:30  DBG  Execution plan of resource filters (in the following order): ["None"]
2024-09-24 13:54:07.380 +05:30  DBG  Execution plan of action filters (in the following order): ["Microsoft.AspNetCore.Mvc.ModelBinding.UnsupportedContentTypeFilter (Order: -3000)","Microsoft.AspNetCore.Mvc.Infrastructure.ModelStateInvalidFilter (Order: -2000)"]
2024-09-24 13:54:07.382 +05:30  DBG  Execution plan of exception filters (in the following order): ["None"]
2024-09-24 13:54:07.383 +05:30  DBG  Execution plan of result filters (in the following order): ["Microsoft.AspNetCore.Mvc.Infrastructure.ClientErrorResultFilter (Order: -2000)"]
2024-09-24 13:54:07.384 +05:30  DBG  Executing controller factory for controller Web.Ecommerce.Controllers.Account.AccountController (Web.Ecommerce)
2024-09-24 13:54:07.385 +05:30  DBG  Executed controller factory for controller Web.Ecommerce.Controllers.Account.AccountController (Web.Ecommerce)
2024-09-24 13:54:07.386 +05:30  DBG  Attempting to bind parameter 'command' of type 'Application.Ecom.Authentication.Commands.LoginUser.LoginUserCommand' ...
2024-09-24 13:54:07.387 +05:30  DBG  Attempting to bind parameter 'command' of type 'Application.Ecom.Authentication.Commands.LoginUser.LoginUserCommand' using the name '' in request data ...
2024-09-24 13:54:07.388 +05:30  DBG  Selected input formatter 'Microsoft.AspNetCore.Mvc.Formatters.SystemTextJsonInputFormatter' for content type 'application/json'.
2024-09-24 13:54:07.389 +05:30  DBG  Connection id "0HN6SE7N7KR8K", Request id "0HN6SE7N7KR8K:00000001": started reading request body.
2024-09-24 13:54:07.390 +05:30  DBG  Connection id "0HN6SE7N7KR8K", Request id "0HN6SE7N7KR8K:00000001": done reading request body.
2024-09-24 13:54:07.392 +05:30  DBG  JSON input formatter succeeded, deserializing to type 'Application.Ecom.Authentication.Commands.LoginUser.LoginUserCommand'
2024-09-24 13:54:07.392 +05:30  DBG  Done attempting to bind parameter 'command' of type 'Application.Ecom.Authentication.Commands.LoginUser.LoginUserCommand'.
2024-09-24 13:54:07.395 +05:30  DBG  Done attempting to bind parameter 'command' of type 'Application.Ecom.Authentication.Commands.LoginUser.LoginUserCommand'.
2024-09-24 13:54:07.396 +05:30  DBG  Attempting to validate the bound parameter 'command' of type 'Application.Ecom.Authentication.Commands.LoginUser.LoginUserCommand' ...
2024-09-24 13:54:07.397 +05:30  DBG  Done attempting to validate the bound parameter 'command' of type 'Application.Ecom.Authentication.Commands.LoginUser.LoginUserCommand'.
2024-09-24 13:54:07.398 +05:30  VRB  Action Filter: Before executing OnActionExecuting on filter Microsoft.AspNetCore.Mvc.ModelBinding.UnsupportedContentTypeFilter.
2024-09-24 13:54:07.400 +05:30  VRB  Action Filter: After executing OnActionExecuting on filter Microsoft.AspNetCore.Mvc.ModelBinding.UnsupportedContentTypeFilter.
2024-09-24 13:54:07.401 +05:30  VRB  Action Filter: Before executing OnActionExecuting on filter Microsoft.AspNetCore.Mvc.Infrastructure.ModelStateInvalidFilter.
2024-09-24 13:54:07.402 +05:30  VRB  Action Filter: After executing OnActionExecuting on filter Microsoft.AspNetCore.Mvc.Infrastructure.ModelStateInvalidFilter.
2024-09-24 13:54:07.403 +05:30  INF  Executing action method Web.Ecommerce.Controllers.Account.AccountController.Login (Web.Ecommerce) - Validation state: "Valid"
2024-09-24 13:54:07.404 +05:30  VRB  Executing action method Web.Ecommerce.Controllers.Account.AccountController.Login (Web.Ecommerce) with arguments (["Application.Ecom.Authentication.Commands.LoginUser.LoginUserCommand"])
2024-09-24 13:54:07.415 +05:30  DBG  Entity Framework Core 8.0.8 initialized 'EcommerceDbContext' using provider 'Microsoft.EntityFrameworkCore.SqlServer:8.0.8' with options: None
2024-09-24 13:54:07.418 +05:30  DBG  Creating DbConnection.
2024-09-24 13:54:07.418 +05:30  DBG  Created DbConnection. (0ms).
2024-09-24 13:54:07.419 +05:30  DBG  Opening connection to database 'Ecommerce' on server 'FGS-DSK-230\MSSQLSERVER2019'.
2024-09-24 13:54:07.420 +05:30  DBG  Opened connection to database 'Ecommerce' on server 'FGS-DSK-230\MSSQLSERVER2019'.
2024-09-24 13:54:07.421 +05:30  DBG  Creating DbCommand for 'ExecuteReader'.
2024-09-24 13:54:07.421 +05:30  DBG  Created DbCommand for 'ExecuteReader' (0ms).
2024-09-24 13:54:07.422 +05:30  DBG  Initialized DbCommand for 'ExecuteReader' (1ms).
2024-09-24 13:54:07.423 +05:30  DBG  Executing DbCommand [Parameters=[@__normalizedEmail_0='?' (Size = 256)], CommandType='"Text"', CommandTimeout='30']
SELECT TOP(2) [a].[Id], [a].[AccessFailedCount], [a].[ConcurrencyStamp], [a].[CreatedAt], [a].[Email], [a].[EmailConfirmed], [a].[IsDeleted], [a].[IsVerified], [a].[LockoutEnabled], [a].[LockoutEnd], [a].[NormalizedEmail], [a].[NormalizedUserName], [a].[PasswordHash], [a].[PhoneNumber], [a].[PhoneNumberConfirmed], [a].[SecurityStamp], [a].[TwoFactorEnabled], [a].[UpdatedAt], [a].[UserName]
FROM [AspNetUsers] AS [a]
WHERE [a].[NormalizedEmail] = @__normalizedEmail_0
2024-09-24 13:54:07.428 +05:30  INF  Executed DbCommand (5ms) [Parameters=[@__normalizedEmail_0='?' (Size = 256)], CommandType='"Text"', CommandTimeout='30']
SELECT TOP(2) [a].[Id], [a].[AccessFailedCount], [a].[ConcurrencyStamp], [a].[CreatedAt], [a].[Email], [a].[EmailConfirmed], [a].[IsDeleted], [a].[IsVerified], [a].[LockoutEnabled], [a].[LockoutEnd], [a].[NormalizedEmail], [a].[NormalizedUserName], [a].[PasswordHash], [a].[PhoneNumber], [a].[PhoneNumberConfirmed], [a].[SecurityStamp], [a].[TwoFactorEnabled], [a].[UpdatedAt], [a].[UserName]
FROM [AspNetUsers] AS [a]
WHERE [a].[NormalizedEmail] = @__normalizedEmail_0
2024-09-24 13:54:07.431 +05:30  DBG  Closing data reader to 'Ecommerce' on server 'FGS-DSK-230\MSSQLSERVER2019'.
2024-09-24 13:54:07.432 +05:30  DBG  A data reader for 'Ecommerce' on server 'FGS-DSK-230\MSSQLSERVER2019' is being disposed after spending 1ms reading results.
2024-09-24 13:54:07.434 +05:30  DBG  Closing connection to database 'Ecommerce' on server 'FGS-DSK-230\MSSQLSERVER2019'.
2024-09-24 13:54:07.435 +05:30  DBG  Closed connection to database 'Ecommerce' on server 'FGS-DSK-230\MSSQLSERVER2019' (1ms).
2024-09-24 13:54:07.490 +05:30  VRB  Action Filter: Before executing OnActionExecuted on filter Microsoft.AspNetCore.Mvc.Infrastructure.ModelStateInvalidFilter.
2024-09-24 13:54:07.492 +05:30  VRB  Action Filter: After executing OnActionExecuted on filter Microsoft.AspNetCore.Mvc.Infrastructure.ModelStateInvalidFilter.
2024-09-24 13:54:07.493 +05:30  VRB  Action Filter: Before executing OnActionExecuted on filter Microsoft.AspNetCore.Mvc.ModelBinding.UnsupportedContentTypeFilter.
2024-09-24 13:54:07.495 +05:30  VRB  Action Filter: After executing OnActionExecuted on filter Microsoft.AspNetCore.Mvc.ModelBinding.UnsupportedContentTypeFilter.
2024-09-24 13:54:07.496 +05:30  INF  Executed action Web.Ecommerce.Controllers.Account.AccountController.Login (Web.Ecommerce) in 112.5319ms
2024-09-24 13:54:07.497 +05:30  INF  Executed endpoint 'Web.Ecommerce.Controllers.Account.AccountController.Login (Web.Ecommerce)'
2024-09-24 13:54:07.499 +05:30  ERR  An unhandled exception has occurred while executing the request.System.UnauthorizedAccessException: Invalid email or password.
   at Application.Ecom.Authentication.Commands.LoginUser.LoginUserCommandHandler.Handle(LoginUserCommand request, CancellationToken cancellationToken) in C:\Users\arjun.hariprasad\source\.NET\Ecommerce\EcommerceSolution\CodeBase\Src\Core\Application.Ecom\Authentication\Commands\LoginUser\LoginUserCommandHandler.cs:line 30
   at Web.Ecommerce.Controllers.Account.AccountController.Login(LoginUserCommand command) in C:\Users\arjun.hariprasad\source\.NET\Ecommerce\EcommerceSolution\CodeBase\Src\Presentation\Web.Ecommerce\Controllers\Account\AccountController.cs:line 142
   at Microsoft.AspNetCore.Mvc.Infrastructure.ActionMethodExecutor.TaskOfIActionResultExecutor.Execute(ActionContext actionContext, IActionResultTypeMapper mapper, ObjectMethodExecutor executor, Object controller, Object[] arguments)
   at Microsoft.AspNetCore.Mvc.Infrastructure.ControllerActionInvoker.<InvokeActionMethodAsync>g__Logged|12_1(ControllerActionInvoker invoker)
   at Microsoft.AspNetCore.Mvc.Infrastructure.ControllerActionInvoker.<InvokeNextActionFilterAsync>g__Awaited|10_0(ControllerActionInvoker invoker, Task lastTask, State next, Scope scope, Object state, Boolean isCompleted)
   at Microsoft.AspNetCore.Mvc.Infrastructure.ControllerActionInvoker.Rethrow(ActionExecutedContextSealed context)
   at Microsoft.AspNetCore.Mvc.Infrastructure.ControllerActionInvoker.Next(State& next, Scope& scope, Object& state, Boolean& isCompleted)
   at Microsoft.AspNetCore.Mvc.Infrastructure.ControllerActionInvoker.<InvokeInnerFilterAsync>g__Awaited|13_0(ControllerActionInvoker invoker, Task lastTask, State next, Scope scope, Object state, Boolean isCompleted)
   at Microsoft.AspNetCore.Mvc.Infrastructure.ResourceInvoker.<InvokeFilterPipelineAsync>g__Awaited|20_0(ResourceInvoker invoker, Task lastTask, State next, Scope scope, Object state, Boolean isCompleted)
   at Microsoft.AspNetCore.Mvc.Infrastructure.ResourceInvoker.<InvokeAsync>g__Logged|17_1(ResourceInvoker invoker)
   at Microsoft.AspNetCore.Mvc.Infrastructure.ResourceInvoker.<InvokeAsync>g__Logged|17_1(ResourceInvoker invoker)
   at Microsoft.AspNetCore.Routing.EndpointMiddleware.<Invoke>g__AwaitRequestTask|7_0(Endpoint endpoint, Task requestTask, ILogger logger)
   at Microsoft.AspNetCore.Authorization.AuthorizationMiddleware.Invoke(HttpContext context)
   at Microsoft.AspNetCore.Authentication.AuthenticationMiddleware.Invoke(HttpContext context)
   at Swashbuckle.AspNetCore.SwaggerUI.SwaggerUIMiddleware.Invoke(HttpContext httpContext)
   at Swashbuckle.AspNetCore.Swagger.SwaggerMiddleware.Invoke(HttpContext httpContext, ISwaggerProvider swaggerProvider)
   at Microsoft.AspNetCore.Diagnostics.DeveloperExceptionPageMiddlewareImpl.Invoke(HttpContext context)

2024-09-24 13:54:07.506 +05:30  VRB  Connection id "0HN6SE7N7KR8K" sending "HEADERS" frame for stream ID 1 with length 71 and flags "END_HEADERS".
2024-09-24 13:54:07.506 +05:30  DBG  'EcommerceDbContext' disposed.
2024-09-24 13:54:07.508 +05:30  VRB  Connection id "0HN6SE7N7KR8K" sending "DATA" frame for stream ID 1 with length 3418 and flags "END_STREAM".
2024-09-24 13:54:07.510 +05:30  DBG  Disposing connection to database 'Ecommerce' on server 'FGS-DSK-230\MSSQLSERVER2019'.
2024-09-24 13:54:07.512 +05:30  DBG  Disposed connection to database '' on server '' (1ms).
2024-09-24 13:54:07.513 +05:30  INF  Request finished HTTP/2 POST https://localhost:7113/api/Account/Login - 500 null text/plain; charset=utf-8 158.7271ms
2024-09-24 13:54:13.342 +05:30  DBG  Connection id "0HN6SE7N7KR8K" received FIN.
2024-09-24 13:54:13.344 +05:30  DBG  Connection id "0HN6SE7N7KR8K" is closed. The last processed stream ID was 1.
2024-09-24 13:54:13.345 +05:30  DBG  The connection queue processing loop for 0HN6SE7N7KR8K completed.
2024-09-24 13:54:13.349 +05:30  DBG  Connection id "0HN6SE7N7KR8K" sending FIN because: "The Socket transport's send loop completed gracefully."
2024-09-24 13:54:13.359 +05:30  DBG  Connection id "0HN6SE7N7KR8K" stopped.
2024-09-24 14:01:19.750 +05:30  DBG  Connection id "0HN6SE7N7KR8L" accepted.
2024-09-24 14:01:19.752 +05:30  DBG  Connection id "0HN6SE7N7KR8L" started.
2024-09-24 14:01:19.757 +05:30  DBG  Connection 0HN6SE7N7KR8L established using the following protocol: "Tls12"
2024-09-24 14:01:19.766 +05:30  VRB  Connection id "0HN6SE7N7KR8L" sending "SETTINGS" frame for stream ID 0 with length 24 and flags "NONE".
2024-09-24 14:01:19.769 +05:30  VRB  Connection id "0HN6SE7N7KR8L" sending "WINDOW_UPDATE" frame for stream ID 0 with length 4 and flags 0x0.
2024-09-24 14:01:19.770 +05:30  VRB  Connection id "0HN6SE7N7KR8L" received "SETTINGS" frame for stream ID 0 with length 24 and flags "NONE".
2024-09-24 14:01:19.772 +05:30  VRB  Connection id "0HN6SE7N7KR8L" sending "SETTINGS" frame for stream ID 0 with length 0 and flags "ACK".
2024-09-24 14:01:19.773 +05:30  VRB  Connection id "0HN6SE7N7KR8L" received "WINDOW_UPDATE" frame for stream ID 0 with length 4 and flags 0x0.
2024-09-24 14:01:19.774 +05:30  VRB  Connection id "0HN6SE7N7KR8L" received "HEADERS" frame for stream ID 1 with length 335 and flags "END_STREAM, END_HEADERS, PRIORITY".
2024-09-24 14:01:19.776 +05:30  VRB  Connection id "0HN6SE7N7KR8L" received "SETTINGS" frame for stream ID 0 with length 0 and flags "ACK".
2024-09-24 14:01:19.776 +05:30  INF  Request starting HTTP/2 OPTIONS https://localhost:7113/api/Account/Login - null null
2024-09-24 14:01:19.781 +05:30  VRB  All hosts are allowed.
2024-09-24 14:01:19.782 +05:30  DBG  1 candidate(s) found for the request path '/api/Account/Login'
2024-09-24 14:01:19.783 +05:30  DBG  Request matched endpoint '405 HTTP Method Not Supported'
2024-09-24 14:01:19.784 +05:30  VRB  The endpoint does not specify the IRequestSizeLimitMetadata.
2024-09-24 14:01:19.784 +05:30  DBG  Static files was skipped as the request already matched an endpoint.
2024-09-24 14:01:19.785 +05:30  DBG  The request has an origin header: 'http://localhost:4200'.
2024-09-24 14:01:19.786 +05:30  INF  CORS policy execution successful.
2024-09-24 14:01:19.787 +05:30  DBG  The request is a preflight request.
2024-09-24 14:01:19.788 +05:30  INF  Request finished HTTP/2 OPTIONS https://localhost:7113/api/Account/Login - 204 null null 11.4048ms
2024-09-24 14:01:19.788 +05:30  VRB  Connection id "0HN6SE7N7KR8L" sending "HEADERS" frame for stream ID 1 with length 122 and flags "END_STREAM, END_HEADERS".
2024-09-24 14:01:19.793 +05:30  VRB  Connection id "0HN6SE7N7KR8L" received "HEADERS" frame for stream ID 3 with length 182 and flags "END_HEADERS, PRIORITY".
2024-09-24 14:01:19.794 +05:30  VRB  Connection id "0HN6SE7N7KR8L" received "DATA" frame for stream ID 3 with length 67 and flags "END_STREAM".
2024-09-24 14:01:19.794 +05:30  INF  Request starting HTTP/2 POST https://localhost:7113/api/Account/Login - application/json 67
2024-09-24 14:01:19.799 +05:30  VRB  All hosts are allowed.
2024-09-24 14:01:19.800 +05:30  DBG  1 candidate(s) found for the request path '/api/Account/Login'
2024-09-24 14:01:19.801 +05:30  DBG  Endpoint 'Web.Ecommerce.Controllers.Account.AccountController.Login (Web.Ecommerce)' with route pattern 'api/Account/Login' is valid for the request path '/api/Account/Login'
2024-09-24 14:01:19.802 +05:30  DBG  Request matched endpoint 'Web.Ecommerce.Controllers.Account.AccountController.Login (Web.Ecommerce)'
2024-09-24 14:01:19.803 +05:30  VRB  The endpoint does not specify the IRequestSizeLimitMetadata.
2024-09-24 14:01:19.804 +05:30  DBG  Static files was skipped as the request already matched an endpoint.
2024-09-24 14:01:19.805 +05:30  DBG  The request has an origin header: 'http://localhost:4200'.
2024-09-24 14:01:19.806 +05:30  INF  CORS policy execution successful.
2024-09-24 14:01:19.808 +05:30  DBG  AuthenticationScheme: Bearer was not authenticated.
2024-09-24 14:01:19.809 +05:30  INF  Executing endpoint 'Web.Ecommerce.Controllers.Account.AccountController.Login (Web.Ecommerce)'
2024-09-24 14:01:19.810 +05:30  INF  Route matched with {action = "Login", controller = "Account"}. Executing controller action with signature System.Threading.Tasks.Task`1[Microsoft.AspNetCore.Mvc.IActionResult] Login(Application.Ecom.Authentication.Commands.LoginUser.LoginUserCommand) on controller Web.Ecommerce.Controllers.Account.AccountController (Web.Ecommerce).
2024-09-24 14:01:19.815 +05:30  DBG  Execution plan of authorization filters (in the following order): ["None"]
2024-09-24 14:01:19.817 +05:30  DBG  Execution plan of resource filters (in the following order): ["None"]
2024-09-24 14:01:19.818 +05:30  DBG  Execution plan of action filters (in the following order): ["Microsoft.AspNetCore.Mvc.ModelBinding.UnsupportedContentTypeFilter (Order: -3000)","Microsoft.AspNetCore.Mvc.Infrastructure.ModelStateInvalidFilter (Order: -2000)"]
2024-09-24 14:01:19.820 +05:30  DBG  Execution plan of exception filters (in the following order): ["None"]
2024-09-24 14:01:19.820 +05:30  DBG  Execution plan of result filters (in the following order): ["Microsoft.AspNetCore.Mvc.Infrastructure.ClientErrorResultFilter (Order: -2000)"]
2024-09-24 14:01:19.822 +05:30  DBG  Executing controller factory for controller Web.Ecommerce.Controllers.Account.AccountController (Web.Ecommerce)
2024-09-24 14:01:19.823 +05:30  DBG  Executed controller factory for controller Web.Ecommerce.Controllers.Account.AccountController (Web.Ecommerce)
2024-09-24 14:01:19.824 +05:30  DBG  Attempting to bind parameter 'command' of type 'Application.Ecom.Authentication.Commands.LoginUser.LoginUserCommand' ...
2024-09-24 14:01:19.825 +05:30  DBG  Attempting to bind parameter 'command' of type 'Application.Ecom.Authentication.Commands.LoginUser.LoginUserCommand' using the name '' in request data ...
2024-09-24 14:01:19.826 +05:30  DBG  Selected input formatter 'Microsoft.AspNetCore.Mvc.Formatters.SystemTextJsonInputFormatter' for content type 'application/json'.
2024-09-24 14:01:19.827 +05:30  DBG  Connection id "0HN6SE7N7KR8L", Request id "0HN6SE7N7KR8L:00000003": started reading request body.
2024-09-24 14:01:19.828 +05:30  DBG  Connection id "0HN6SE7N7KR8L", Request id "0HN6SE7N7KR8L:00000003": done reading request body.
2024-09-24 14:01:19.836 +05:30  DBG  JSON input formatter threw an exception: The JSON value could not be converted to System.Boolean. Path: $.remember | LineNumber: 0 | BytePositionInLine: 66.
2024-09-24 14:01:19.837 +05:30  DBG  Done attempting to bind parameter 'command' of type 'Application.Ecom.Authentication.Commands.LoginUser.LoginUserCommand'.
2024-09-24 14:01:19.838 +05:30  DBG  Done attempting to bind parameter 'command' of type 'Application.Ecom.Authentication.Commands.LoginUser.LoginUserCommand'.
2024-09-24 14:01:19.839 +05:30  DBG  Attempting to validate the bound parameter 'command' of type 'Application.Ecom.Authentication.Commands.LoginUser.LoginUserCommand' ...
2024-09-24 14:01:19.841 +05:30  DBG  Done attempting to validate the bound parameter 'command' of type 'Application.Ecom.Authentication.Commands.LoginUser.LoginUserCommand'.
2024-09-24 14:01:19.842 +05:30  VRB  Action Filter: Before executing OnActionExecuting on filter Microsoft.AspNetCore.Mvc.ModelBinding.UnsupportedContentTypeFilter.
2024-09-24 14:01:19.843 +05:30  VRB  Action Filter: After executing OnActionExecuting on filter Microsoft.AspNetCore.Mvc.ModelBinding.UnsupportedContentTypeFilter.
2024-09-24 14:01:19.844 +05:30  VRB  Action Filter: Before executing OnActionExecuting on filter Microsoft.AspNetCore.Mvc.Infrastructure.ModelStateInvalidFilter.
2024-09-24 14:01:19.847 +05:30  DBG  The request has model state errors, returning an error response.
2024-09-24 14:01:19.849 +05:30  VRB  Action Filter: After executing OnActionExecuting on filter Microsoft.AspNetCore.Mvc.Infrastructure.ModelStateInvalidFilter.
2024-09-24 14:01:19.851 +05:30  DBG  Request was short circuited at action filter 'Microsoft.AspNetCore.Mvc.Infrastructure.ModelStateInvalidFilter'.
2024-09-24 14:01:19.852 +05:30  VRB  Action Filter: Before executing OnActionExecuted on filter Microsoft.AspNetCore.Mvc.ModelBinding.UnsupportedContentTypeFilter.
2024-09-24 14:01:19.854 +05:30  VRB  Action Filter: After executing OnActionExecuted on filter Microsoft.AspNetCore.Mvc.ModelBinding.UnsupportedContentTypeFilter.
2024-09-24 14:01:19.855 +05:30  VRB  Result Filter: Before executing OnResultExecuting on filter Microsoft.AspNetCore.Mvc.Infrastructure.ClientErrorResultFilter.
2024-09-24 14:01:19.857 +05:30  VRB  Result Filter: After executing OnResultExecuting on filter Microsoft.AspNetCore.Mvc.Infrastructure.ClientErrorResultFilter.
2024-09-24 14:01:19.859 +05:30  VRB  Before executing action result Microsoft.AspNetCore.Mvc.BadRequestObjectResult.
2024-09-24 14:01:19.862 +05:30  DBG  List of registered output formatters, in the following order: ["Microsoft.AspNetCore.Mvc.Formatters.HttpNoContentOutputFormatter","Microsoft.AspNetCore.Mvc.Formatters.StringOutputFormatter","Microsoft.AspNetCore.Mvc.Formatters.StreamOutputFormatter","Microsoft.AspNetCore.Mvc.Formatters.SystemTextJsonOutputFormatter"]
2024-09-24 14:01:19.866 +05:30  DBG  No information found on request to perform content negotiation.
2024-09-24 14:01:19.866 +05:30  DBG  Attempting to select the first output formatter in the output formatters list which supports a content type from the explicitly specified content types '["application/problem+json","application/problem+xml","application/problem+json","application/problem+xml"]'.
2024-09-24 14:01:19.869 +05:30  DBG  Selected output formatter 'Microsoft.AspNetCore.Mvc.Formatters.SystemTextJsonOutputFormatter' and content type 'application/problem+json' to write the response.
2024-09-24 14:01:19.871 +05:30  INF  Executing BadRequestObjectResult, writing value of type 'Microsoft.AspNetCore.Mvc.ValidationProblemDetails'.
2024-09-24 14:01:19.905 +05:30  VRB  Connection id "0HN6SE7N7KR8L" sending "HEADERS" frame for stream ID 3 with length 75 and flags "END_HEADERS".
2024-09-24 14:01:19.905 +05:30  VRB  After executing action result Microsoft.AspNetCore.Mvc.BadRequestObjectResult.
2024-09-24 14:01:19.907 +05:30  VRB  Connection id "0HN6SE7N7KR8L" sending "DATA" frame for stream ID 3 with length 381 and flags "NONE".
2024-09-24 14:01:19.910 +05:30  VRB  Result Filter: Before executing OnResultExecuted on filter Microsoft.AspNetCore.Mvc.Infrastructure.ClientErrorResultFilter.
2024-09-24 14:01:19.912 +05:30  VRB  Result Filter: After executing OnResultExecuted on filter Microsoft.AspNetCore.Mvc.Infrastructure.ClientErrorResultFilter.
2024-09-24 14:01:19.913 +05:30  INF  Executed action Web.Ecommerce.Controllers.Account.AccountController.Login (Web.Ecommerce) in 91.3961ms
2024-09-24 14:01:19.914 +05:30  INF  Executed endpoint 'Web.Ecommerce.Controllers.Account.AccountController.Login (Web.Ecommerce)'
2024-09-24 14:01:19.916 +05:30  INF  Request finished HTTP/2 POST https://localhost:7113/api/Account/Login - 400 null application/problem+json; charset=utf-8 121.2588ms
2024-09-24 14:01:19.916 +05:30  VRB  Connection id "0HN6SE7N7KR8L" sending "DATA" frame for stream ID 3 with length 0 and flags "END_STREAM".
2024-09-24 14:01:42.165 +05:30  DBG  Registered model binder providers, in the following order: ["Microsoft.AspNetCore.Mvc.ModelBinding.Binders.BinderTypeModelBinderProvider","Microsoft.AspNetCore.Mvc.ModelBinding.Binders.ServicesModelBinderProvider","Microsoft.AspNetCore.Mvc.ModelBinding.Binders.BodyModelBinderProvider","Microsoft.AspNetCore.Mvc.ModelBinding.Binders.HeaderModelBinderProvider","Microsoft.AspNetCore.Mvc.ModelBinding.Binders.FloatingPointTypeModelBinderProvider","Microsoft.AspNetCore.Mvc.ModelBinding.Binders.EnumTypeModelBinderProvider","Microsoft.AspNetCore.Mvc.ModelBinding.Binders.DateTimeModelBinderProvider","Microsoft.AspNetCore.Mvc.ModelBinding.Binders.SimpleTypeModelBinderProvider","Microsoft.AspNetCore.Mvc.ModelBinding.Binders.TryParseModelBinderProvider","Microsoft.AspNetCore.Mvc.ModelBinding.Binders.CancellationTokenModelBinderProvider","Microsoft.AspNetCore.Mvc.ModelBinding.Binders.ByteArrayModelBinderProvider","Microsoft.AspNetCore.Mvc.ModelBinding.Binders.FormFileModelBinderProvider","Microsoft.AspNetCore.Mvc.ModelBinding.Binders.FormCollectionModelBinderProvider","Microsoft.AspNetCore.Mvc.ModelBinding.Binders.KeyValuePairModelBinderProvider","Microsoft.AspNetCore.Mvc.ModelBinding.Binders.DictionaryModelBinderProvider","Microsoft.AspNetCore.Mvc.ModelBinding.Binders.ArrayModelBinderProvider","Microsoft.AspNetCore.Mvc.ModelBinding.Binders.CollectionModelBinderProvider","Microsoft.AspNetCore.Mvc.ModelBinding.Binders.ComplexObjectModelBinderProvider"]
2024-09-24 14:01:42.363 +05:30  DBG  An 'IServiceProvider' was created for internal use by Entity Framework.
2024-09-24 14:01:42.443 +05:30  INF  User profile is available. Using 'C:\Users\arjun.hariprasad\AppData\Local\ASP.NET\DataProtection-Keys' as key repository and Windows DPAPI to encrypt keys at rest.
2024-09-24 14:01:42.750 +05:30  WRN  Navigations 'Order.Payments' and 'Payment.Order' were separated into two relationships since the [ForeignKey] attribute was specified on navigations on both sides.
2024-09-24 14:01:42.756 +05:30  WRN  Navigations 'Order.Return' and 'Return.Order' were separated into two relationships since the [ForeignKey] attribute was specified on navigations on both sides.
2024-09-24 14:01:42.762 +05:30  WRN  Navigations 'Payment.Return' and 'Return.Payment' were separated into two relationships since the [ForeignKey] attribute was specified on navigations on both sides.
2024-09-24 14:01:42.839 +05:30  WRN  Navigations 'Order.Payments' and 'Payment.Order' were separated into two relationships since the [ForeignKey] attribute was specified on navigations on both sides.
2024-09-24 14:01:42.842 +05:30  WRN  Navigations 'Payment.Order' and 'Order.Payments' were separated into two relationships since the [ForeignKey] attribute was specified on navigations on both sides.
2024-09-24 14:01:42.844 +05:30  WRN  Navigations 'Payment.Order' and 'Order.Payments' were separated into two relationships since the [ForeignKey] attribute was specified on navigations on both sides.
2024-09-24 14:01:42.845 +05:30  WRN  Navigations 'Payment.Order' and 'Order.Payments' were separated into two relationships since the [ForeignKey] attribute was specified on navigations on both sides.
2024-09-24 14:01:42.848 +05:30  WRN  Navigations 'Order.Return' and 'Return.Order' were separated into two relationships since the [ForeignKey] attribute was specified on navigations on both sides.
2024-09-24 14:01:42.850 +05:30  WRN  Navigations 'Return.Order' and 'Order.Return' were separated into two relationships since the [ForeignKey] attribute was specified on navigations on both sides.
2024-09-24 14:01:42.852 +05:30  WRN  Navigations 'Return.Order' and 'Order.Return' were separated into two relationships since the [ForeignKey] attribute was specified on navigations on both sides.
2024-09-24 14:01:42.854 +05:30  WRN  Navigations 'Return.Order' and 'Order.Return' were separated into two relationships since the [ForeignKey] attribute was specified on navigations on both sides.
2024-09-24 14:01:42.872 +05:30  DBG  The index {'UserId'} was not created on entity type 'IdentityUserRole<Guid>' as the properties are already covered by the index {'UserId', 'RoleId'}.
2024-09-24 14:01:42.874 +05:30  DBG  The index {'UserId'} was not created on entity type 'IdentityUserToken<Guid>' as the properties are already covered by the index {'UserId', 'LoginProvider', 'Name'}.
2024-09-24 14:01:43.003 +05:30  DBG  The property 'Product.UserId' was created in shadow state because there are no eligible CLR members with a matching name.
2024-09-24 14:01:43.126 +05:30  DBG  Entity Framework Core 8.0.8 initialized 'EcommerceDbContext' using provider 'Microsoft.EntityFrameworkCore.SqlServer:8.0.8' with options: None
2024-09-24 14:01:43.202 +05:30  DBG  Compiling query expression: 
'DbSet<IdentityRole<Guid>>()
    .FirstOrDefault(r => r.NormalizedName == __normalizedName_0)'
2024-09-24 14:01:43.333 +05:30  DBG  Generated query execution expression: 
'queryContext => ShapedQueryCompilingExpressionVisitor.SingleOrDefaultAsync<IdentityRole<Guid>>(
    asyncEnumerable: new SingleQueryingEnumerable<IdentityRole<Guid>>(
        (RelationalQueryContext)queryContext, 
        RelationalCommandCache.QueryExpression(
            Projection Mapping:
                EmptyProjectionMember -> Dictionary<IProperty, int> { [Property: IdentityRole<Guid>.Id (Guid) Required PK AfterSave:Throw ValueGenerated.OnAdd, 0], [Property: IdentityRole<Guid>.ConcurrencyStamp (string) Concurrency, 1], [Property: IdentityRole<Guid>.Name (string) MaxLength(256), 2], [Property: IdentityRole<Guid>.NormalizedName (string) Index MaxLength(256), 3] }
            SELECT TOP(1) a.Id, a.ConcurrencyStamp, a.Name, a.NormalizedName
            FROM AspNetRoles AS a
            WHERE a.NormalizedName == @__normalizedName_0), 
        null, 
        Func<QueryContext, DbDataReader, ResultContext, SingleQueryResultCoordinator, IdentityRole<Guid>>, 
        Persistance.EcommerceDbContext, 
        False, 
        False, 
        True
    ), 
    cancellationToken: queryContext.CancellationToken)'
2024-09-24 14:01:43.389 +05:30  DBG  Creating DbConnection.
2024-09-24 14:01:43.405 +05:30  DBG  Created DbConnection. (18ms).
2024-09-24 14:01:43.409 +05:30  DBG  Opening connection to database 'Ecommerce' on server 'FGS-DSK-230\MSSQLSERVER2019'.
2024-09-24 14:01:43.598 +05:30  DBG  Opened connection to database 'Ecommerce' on server 'FGS-DSK-230\MSSQLSERVER2019'.
2024-09-24 14:01:43.603 +05:30  DBG  Creating DbCommand for 'ExecuteReader'.
2024-09-24 14:01:43.611 +05:30  DBG  Created DbCommand for 'ExecuteReader' (4ms).
2024-09-24 14:01:43.619 +05:30  DBG  Initialized DbCommand for 'ExecuteReader' (15ms).
2024-09-24 14:01:43.626 +05:30  DBG  Executing DbCommand [Parameters=[@__normalizedName_0='?' (Size = 256)], CommandType='"Text"', CommandTimeout='30']
SELECT TOP(1) [a].[Id], [a].[ConcurrencyStamp], [a].[Name], [a].[NormalizedName]
FROM [AspNetRoles] AS [a]
WHERE [a].[NormalizedName] = @__normalizedName_0
2024-09-24 14:01:43.697 +05:30  INF  Executed DbCommand (70ms) [Parameters=[@__normalizedName_0='?' (Size = 256)], CommandType='"Text"', CommandTimeout='30']
SELECT TOP(1) [a].[Id], [a].[ConcurrencyStamp], [a].[Name], [a].[NormalizedName]
FROM [AspNetRoles] AS [a]
WHERE [a].[NormalizedName] = @__normalizedName_0
2024-09-24 14:01:43.733 +05:30  DBG  Context 'EcommerceDbContext' started tracking 'IdentityRole' entity. Consider using 'DbContextOptionsBuilder.EnableSensitiveDataLogging' to see key values.
2024-09-24 14:01:43.750 +05:30  DBG  Closing data reader to 'Ecommerce' on server 'FGS-DSK-230\MSSQLSERVER2019'.
2024-09-24 14:01:43.757 +05:30  DBG  A data reader for 'Ecommerce' on server 'FGS-DSK-230\MSSQLSERVER2019' is being disposed after spending 54ms reading results.
2024-09-24 14:01:43.761 +05:30  DBG  Closing connection to database 'Ecommerce' on server 'FGS-DSK-230\MSSQLSERVER2019'.
2024-09-24 14:01:43.768 +05:30  DBG  Closed connection to database 'Ecommerce' on server 'FGS-DSK-230\MSSQLSERVER2019' (6ms).
2024-09-24 14:01:43.773 +05:30  DBG  Opening connection to database 'Ecommerce' on server 'FGS-DSK-230\MSSQLSERVER2019'.
2024-09-24 14:01:43.775 +05:30  DBG  Opened connection to database 'Ecommerce' on server 'FGS-DSK-230\MSSQLSERVER2019'.
2024-09-24 14:01:43.776 +05:30  DBG  Creating DbCommand for 'ExecuteReader'.
2024-09-24 14:01:43.777 +05:30  DBG  Created DbCommand for 'ExecuteReader' (1ms).
2024-09-24 14:01:43.778 +05:30  DBG  Initialized DbCommand for 'ExecuteReader' (2ms).
2024-09-24 14:01:43.779 +05:30  DBG  Executing DbCommand [Parameters=[@__normalizedName_0='?' (Size = 256)], CommandType='"Text"', CommandTimeout='30']
SELECT TOP(1) [a].[Id], [a].[ConcurrencyStamp], [a].[Name], [a].[NormalizedName]
FROM [AspNetRoles] AS [a]
WHERE [a].[NormalizedName] = @__normalizedName_0
2024-09-24 14:01:43.783 +05:30  INF  Executed DbCommand (4ms) [Parameters=[@__normalizedName_0='?' (Size = 256)], CommandType='"Text"', CommandTimeout='30']
SELECT TOP(1) [a].[Id], [a].[ConcurrencyStamp], [a].[Name], [a].[NormalizedName]
FROM [AspNetRoles] AS [a]
WHERE [a].[NormalizedName] = @__normalizedName_0
2024-09-24 14:01:43.785 +05:30  DBG  Context 'EcommerceDbContext' started tracking 'IdentityRole' entity. Consider using 'DbContextOptionsBuilder.EnableSensitiveDataLogging' to see key values.
2024-09-24 14:01:43.786 +05:30  DBG  Closing data reader to 'Ecommerce' on server 'FGS-DSK-230\MSSQLSERVER2019'.
2024-09-24 14:01:43.787 +05:30  DBG  A data reader for 'Ecommerce' on server 'FGS-DSK-230\MSSQLSERVER2019' is being disposed after spending 2ms reading results.
2024-09-24 14:01:43.789 +05:30  DBG  Closing connection to database 'Ecommerce' on server 'FGS-DSK-230\MSSQLSERVER2019'.
2024-09-24 14:01:43.790 +05:30  DBG  Closed connection to database 'Ecommerce' on server 'FGS-DSK-230\MSSQLSERVER2019' (1ms).
2024-09-24 14:01:43.791 +05:30  DBG  Opening connection to database 'Ecommerce' on server 'FGS-DSK-230\MSSQLSERVER2019'.
2024-09-24 14:01:43.792 +05:30  DBG  Opened connection to database 'Ecommerce' on server 'FGS-DSK-230\MSSQLSERVER2019'.
2024-09-24 14:01:43.794 +05:30  DBG  Creating DbCommand for 'ExecuteReader'.
2024-09-24 14:01:43.795 +05:30  DBG  Created DbCommand for 'ExecuteReader' (0ms).
2024-09-24 14:01:43.796 +05:30  DBG  Initialized DbCommand for 'ExecuteReader' (2ms).
2024-09-24 14:01:43.797 +05:30  DBG  Executing DbCommand [Parameters=[@__normalizedName_0='?' (Size = 256)], CommandType='"Text"', CommandTimeout='30']
SELECT TOP(1) [a].[Id], [a].[ConcurrencyStamp], [a].[Name], [a].[NormalizedName]
FROM [AspNetRoles] AS [a]
WHERE [a].[NormalizedName] = @__normalizedName_0
2024-09-24 14:01:43.799 +05:30  INF  Executed DbCommand (2ms) [Parameters=[@__normalizedName_0='?' (Size = 256)], CommandType='"Text"', CommandTimeout='30']
SELECT TOP(1) [a].[Id], [a].[ConcurrencyStamp], [a].[Name], [a].[NormalizedName]
FROM [AspNetRoles] AS [a]
WHERE [a].[NormalizedName] = @__normalizedName_0
2024-09-24 14:01:43.802 +05:30  DBG  Context 'EcommerceDbContext' started tracking 'IdentityRole' entity. Consider using 'DbContextOptionsBuilder.EnableSensitiveDataLogging' to see key values.
2024-09-24 14:01:43.803 +05:30  DBG  Closing data reader to 'Ecommerce' on server 'FGS-DSK-230\MSSQLSERVER2019'.
2024-09-24 14:01:43.804 +05:30  DBG  A data reader for 'Ecommerce' on server 'FGS-DSK-230\MSSQLSERVER2019' is being disposed after spending 2ms reading results.
2024-09-24 14:01:43.805 +05:30  DBG  Closing connection to database 'Ecommerce' on server 'FGS-DSK-230\MSSQLSERVER2019'.
2024-09-24 14:01:43.806 +05:30  DBG  Closed connection to database 'Ecommerce' on server 'FGS-DSK-230\MSSQLSERVER2019' (0ms).
2024-09-24 14:01:43.812 +05:30  DBG  Compiling query expression: 
'DbSet<User>()
    .SingleOrDefault(u => u.NormalizedEmail == __normalizedEmail_0)'
2024-09-24 14:01:43.819 +05:30  DBG  Generated query execution expression: 
'queryContext => ShapedQueryCompilingExpressionVisitor.SingleOrDefaultAsync<User>(
    asyncEnumerable: new SingleQueryingEnumerable<User>(
        (RelationalQueryContext)queryContext, 
        RelationalCommandCache.QueryExpression(
            Projection Mapping:
                EmptyProjectionMember -> Dictionary<IProperty, int> { [Property: User.Id (Guid) Required PK AfterSave:Throw ValueGenerated.OnAdd, 0], [Property: User.AccessFailedCount (int) Required, 1], [Property: User.ConcurrencyStamp (string) Concurrency, 2], [Property: User.CreatedAt (DateTime) Required, 3], [Property: User.Email (string) MaxLength(256), 4], [Property: User.EmailConfirmed (bool) Required, 5], [Property: User.IsDeleted (bool) Required, 6], [Property: User.IsVerified (bool) Required, 7], [Property: User.LockoutEnabled (bool) Required, 8], [Property: User.LockoutEnd (DateTimeOffset?), 9], [Property: User.NormalizedEmail (string) Index MaxLength(256), 10], [Property: User.NormalizedUserName (string) Index MaxLength(256), 11], [Property: User.PasswordHash (string), 12], [Property: User.PhoneNumber (string), 13], [Property: User.PhoneNumberConfirmed (bool) Required, 14], [Property: User.SecurityStamp (string), 15], [Property: User.TwoFactorEnabled (bool) Required, 16], [Property: User.UpdatedAt (DateTime) Required, 17], [Property: User.UserName (string) MaxLength(256), 18] }
            SELECT TOP(2) a.Id, a.AccessFailedCount, a.ConcurrencyStamp, a.CreatedAt, a.Email, a.EmailConfirmed, a.IsDeleted, a.IsVerified, a.LockoutEnabled, a.LockoutEnd, a.NormalizedEmail, a.NormalizedUserName, a.PasswordHash, a.PhoneNumber, a.PhoneNumberConfirmed, a.SecurityStamp, a.TwoFactorEnabled, a.UpdatedAt, a.UserName
            FROM AspNetUsers AS a
            WHERE a.NormalizedEmail == @__normalizedEmail_0), 
        null, 
        Func<QueryContext, DbDataReader, ResultContext, SingleQueryResultCoordinator, User>, 
        Persistance.EcommerceDbContext, 
        False, 
        False, 
        True
    ), 
    cancellationToken: queryContext.CancellationToken)'
2024-09-24 14:01:43.824 +05:30  DBG  Opening connection to database 'Ecommerce' on server 'FGS-DSK-230\MSSQLSERVER2019'.
2024-09-24 14:01:43.825 +05:30  DBG  Opened connection to database 'Ecommerce' on server 'FGS-DSK-230\MSSQLSERVER2019'.
2024-09-24 14:01:43.826 +05:30  DBG  Creating DbCommand for 'ExecuteReader'.
2024-09-24 14:01:43.827 +05:30  DBG  Created DbCommand for 'ExecuteReader' (0ms).
2024-09-24 14:01:43.828 +05:30  DBG  Initialized DbCommand for 'ExecuteReader' (1ms).
2024-09-24 14:01:43.829 +05:30  DBG  Executing DbCommand [Parameters=[@__normalizedEmail_0='?' (Size = 256)], CommandType='"Text"', CommandTimeout='30']
SELECT TOP(2) [a].[Id], [a].[AccessFailedCount], [a].[ConcurrencyStamp], [a].[CreatedAt], [a].[Email], [a].[EmailConfirmed], [a].[IsDeleted], [a].[IsVerified], [a].[LockoutEnabled], [a].[LockoutEnd], [a].[NormalizedEmail], [a].[NormalizedUserName], [a].[PasswordHash], [a].[PhoneNumber], [a].[PhoneNumberConfirmed], [a].[SecurityStamp], [a].[TwoFactorEnabled], [a].[UpdatedAt], [a].[UserName]
FROM [AspNetUsers] AS [a]
WHERE [a].[NormalizedEmail] = @__normalizedEmail_0
2024-09-24 14:01:43.839 +05:30  INF  Executed DbCommand (10ms) [Parameters=[@__normalizedEmail_0='?' (Size = 256)], CommandType='"Text"', CommandTimeout='30']
SELECT TOP(2) [a].[Id], [a].[AccessFailedCount], [a].[ConcurrencyStamp], [a].[CreatedAt], [a].[Email], [a].[EmailConfirmed], [a].[IsDeleted], [a].[IsVerified], [a].[LockoutEnabled], [a].[LockoutEnd], [a].[NormalizedEmail], [a].[NormalizedUserName], [a].[PasswordHash], [a].[PhoneNumber], [a].[PhoneNumberConfirmed], [a].[SecurityStamp], [a].[TwoFactorEnabled], [a].[UpdatedAt], [a].[UserName]
FROM [AspNetUsers] AS [a]
WHERE [a].[NormalizedEmail] = @__normalizedEmail_0
2024-09-24 14:01:43.842 +05:30  DBG  Closing data reader to 'Ecommerce' on server 'FGS-DSK-230\MSSQLSERVER2019'.
2024-09-24 14:01:43.844 +05:30  DBG  A data reader for 'Ecommerce' on server 'FGS-DSK-230\MSSQLSERVER2019' is being disposed after spending 1ms reading results.
2024-09-24 14:01:43.845 +05:30  DBG  Closing connection to database 'Ecommerce' on server 'FGS-DSK-230\MSSQLSERVER2019'.
2024-09-24 14:01:43.846 +05:30  DBG  Closed connection to database 'Ecommerce' on server 'FGS-DSK-230\MSSQLSERVER2019' (0ms).
2024-09-24 14:01:43.971 +05:30  DBG  Compiling query expression: 
'DbSet<User>()
    .FirstOrDefault(u => u.NormalizedUserName == __normalizedUserName_0)'
2024-09-24 14:01:43.977 +05:30  DBG  Generated query execution expression: 
'queryContext => ShapedQueryCompilingExpressionVisitor.SingleOrDefaultAsync<User>(
    asyncEnumerable: new SingleQueryingEnumerable<User>(
        (RelationalQueryContext)queryContext, 
        RelationalCommandCache.QueryExpression(
            Projection Mapping:
                EmptyProjectionMember -> Dictionary<IProperty, int> { [Property: User.Id (Guid) Required PK AfterSave:Throw ValueGenerated.OnAdd, 0], [Property: User.AccessFailedCount (int) Required, 1], [Property: User.ConcurrencyStamp (string) Concurrency, 2], [Property: User.CreatedAt (DateTime) Required, 3], [Property: User.Email (string) MaxLength(256), 4], [Property: User.EmailConfirmed (bool) Required, 5], [Property: User.IsDeleted (bool) Required, 6], [Property: User.IsVerified (bool) Required, 7], [Property: User.LockoutEnabled (bool) Required, 8], [Property: User.LockoutEnd (DateTimeOffset?), 9], [Property: User.NormalizedEmail (string) Index MaxLength(256), 10], [Property: User.NormalizedUserName (string) Index MaxLength(256), 11], [Property: User.PasswordHash (string), 12], [Property: User.PhoneNumber (string), 13], [Property: User.PhoneNumberConfirmed (bool) Required, 14], [Property: User.SecurityStamp (string), 15], [Property: User.TwoFactorEnabled (bool) Required, 16], [Property: User.UpdatedAt (DateTime) Required, 17], [Property: User.UserName (string) MaxLength(256), 18] }
            SELECT TOP(1) a.Id, a.AccessFailedCount, a.ConcurrencyStamp, a.CreatedAt, a.Email, a.EmailConfirmed, a.IsDeleted, a.IsVerified, a.LockoutEnabled, a.LockoutEnd, a.NormalizedEmail, a.NormalizedUserName, a.PasswordHash, a.PhoneNumber, a.PhoneNumberConfirmed, a.SecurityStamp, a.TwoFactorEnabled, a.UpdatedAt, a.UserName
            FROM AspNetUsers AS a
            WHERE a.NormalizedUserName == @__normalizedUserName_0), 
        null, 
        Func<QueryContext, DbDataReader, ResultContext, SingleQueryResultCoordinator, User>, 
        Persistance.EcommerceDbContext, 
        False, 
        False, 
        True
    ), 
    cancellationToken: queryContext.CancellationToken)'
2024-09-24 14:01:43.983 +05:30  DBG  Opening connection to database 'Ecommerce' on server 'FGS-DSK-230\MSSQLSERVER2019'.
2024-09-24 14:01:43.984 +05:30  DBG  Opened connection to database 'Ecommerce' on server 'FGS-DSK-230\MSSQLSERVER2019'.
2024-09-24 14:01:43.985 +05:30  DBG  Creating DbCommand for 'ExecuteReader'.
2024-09-24 14:01:43.986 +05:30  DBG  Created DbCommand for 'ExecuteReader' (0ms).
2024-09-24 14:01:43.987 +05:30  DBG  Initialized DbCommand for 'ExecuteReader' (2ms).
2024-09-24 14:01:43.988 +05:30  DBG  Executing DbCommand [Parameters=[@__normalizedUserName_0='?' (Size = 256)], CommandType='"Text"', CommandTimeout='30']
SELECT TOP(1) [a].[Id], [a].[AccessFailedCount], [a].[ConcurrencyStamp], [a].[CreatedAt], [a].[Email], [a].[EmailConfirmed], [a].[IsDeleted], [a].[IsVerified], [a].[LockoutEnabled], [a].[LockoutEnd], [a].[NormalizedEmail], [a].[NormalizedUserName], [a].[PasswordHash], [a].[PhoneNumber], [a].[PhoneNumberConfirmed], [a].[SecurityStamp], [a].[TwoFactorEnabled], [a].[UpdatedAt], [a].[UserName]
FROM [AspNetUsers] AS [a]
WHERE [a].[NormalizedUserName] = @__normalizedUserName_0
2024-09-24 14:01:43.992 +05:30  INF  Executed DbCommand (4ms) [Parameters=[@__normalizedUserName_0='?' (Size = 256)], CommandType='"Text"', CommandTimeout='30']
SELECT TOP(1) [a].[Id], [a].[AccessFailedCount], [a].[ConcurrencyStamp], [a].[CreatedAt], [a].[Email], [a].[EmailConfirmed], [a].[IsDeleted], [a].[IsVerified], [a].[LockoutEnabled], [a].[LockoutEnd], [a].[NormalizedEmail], [a].[NormalizedUserName], [a].[PasswordHash], [a].[PhoneNumber], [a].[PhoneNumberConfirmed], [a].[SecurityStamp], [a].[TwoFactorEnabled], [a].[UpdatedAt], [a].[UserName]
FROM [AspNetUsers] AS [a]
WHERE [a].[NormalizedUserName] = @__normalizedUserName_0
2024-09-24 14:01:43.995 +05:30  DBG  Closing data reader to 'Ecommerce' on server 'FGS-DSK-230\MSSQLSERVER2019'.
2024-09-24 14:01:43.996 +05:30  DBG  A data reader for 'Ecommerce' on server 'FGS-DSK-230\MSSQLSERVER2019' is being disposed after spending 1ms reading results.
2024-09-24 14:01:43.997 +05:30  DBG  Closing connection to database 'Ecommerce' on server 'FGS-DSK-230\MSSQLSERVER2019'.
2024-09-24 14:01:43.998 +05:30  DBG  Closed connection to database 'Ecommerce' on server 'FGS-DSK-230\MSSQLSERVER2019' (1ms).
2024-09-24 14:01:44.004 +05:30  DBG  Opening connection to database 'Ecommerce' on server 'FGS-DSK-230\MSSQLSERVER2019'.
2024-09-24 14:01:44.006 +05:30  DBG  Opened connection to database 'Ecommerce' on server 'FGS-DSK-230\MSSQLSERVER2019'.
2024-09-24 14:01:44.007 +05:30  DBG  Creating DbCommand for 'ExecuteReader'.
2024-09-24 14:01:44.008 +05:30  DBG  Created DbCommand for 'ExecuteReader' (0ms).
2024-09-24 14:01:44.008 +05:30  DBG  Initialized DbCommand for 'ExecuteReader' (1ms).
2024-09-24 14:01:44.009 +05:30  DBG  Executing DbCommand [Parameters=[@__normalizedEmail_0='?' (Size = 256)], CommandType='"Text"', CommandTimeout='30']
SELECT TOP(2) [a].[Id], [a].[AccessFailedCount], [a].[ConcurrencyStamp], [a].[CreatedAt], [a].[Email], [a].[EmailConfirmed], [a].[IsDeleted], [a].[IsVerified], [a].[LockoutEnabled], [a].[LockoutEnd], [a].[NormalizedEmail], [a].[NormalizedUserName], [a].[PasswordHash], [a].[PhoneNumber], [a].[PhoneNumberConfirmed], [a].[SecurityStamp], [a].[TwoFactorEnabled], [a].[UpdatedAt], [a].[UserName]
FROM [AspNetUsers] AS [a]
WHERE [a].[NormalizedEmail] = @__normalizedEmail_0
2024-09-24 14:01:44.014 +05:30  INF  Executed DbCommand (4ms) [Parameters=[@__normalizedEmail_0='?' (Size = 256)], CommandType='"Text"', CommandTimeout='30']
SELECT TOP(2) [a].[Id], [a].[AccessFailedCount], [a].[ConcurrencyStamp], [a].[CreatedAt], [a].[Email], [a].[EmailConfirmed], [a].[IsDeleted], [a].[IsVerified], [a].[LockoutEnabled], [a].[LockoutEnd], [a].[NormalizedEmail], [a].[NormalizedUserName], [a].[PasswordHash], [a].[PhoneNumber], [a].[PhoneNumberConfirmed], [a].[SecurityStamp], [a].[TwoFactorEnabled], [a].[UpdatedAt], [a].[UserName]
FROM [AspNetUsers] AS [a]
WHERE [a].[NormalizedEmail] = @__normalizedEmail_0
2024-09-24 14:01:44.016 +05:30  DBG  Closing data reader to 'Ecommerce' on server 'FGS-DSK-230\MSSQLSERVER2019'.
2024-09-24 14:01:44.017 +05:30  DBG  A data reader for 'Ecommerce' on server 'FGS-DSK-230\MSSQLSERVER2019' is being disposed after spending 1ms reading results.
2024-09-24 14:01:44.018 +05:30  DBG  Closing connection to database 'Ecommerce' on server 'FGS-DSK-230\MSSQLSERVER2019'.
2024-09-24 14:01:44.019 +05:30  DBG  Closed connection to database 'Ecommerce' on server 'FGS-DSK-230\MSSQLSERVER2019' (0ms).
2024-09-24 14:01:44.037 +05:30  DBG  'EcommerceDbContext' generated a value for the property 'User.Id'. Consider using 'DbContextOptionsBuilder.EnableSensitiveDataLogging' to see key values.
2024-09-24 14:01:44.087 +05:30  DBG  Context 'EcommerceDbContext' started tracking 'User' entity. Consider using 'DbContextOptionsBuilder.EnableSensitiveDataLogging' to see key values.
2024-09-24 14:01:44.092 +05:30  DBG  SaveChanges starting for 'EcommerceDbContext'.
2024-09-24 14:01:44.096 +05:30  DBG  DetectChanges starting for 'EcommerceDbContext'.
2024-09-24 14:01:44.118 +05:30  DBG  DetectChanges completed for 'EcommerceDbContext'.
2024-09-24 14:01:44.168 +05:30  DBG  Opening connection to database 'Ecommerce' on server 'FGS-DSK-230\MSSQLSERVER2019'.
2024-09-24 14:01:44.170 +05:30  DBG  Opened connection to database 'Ecommerce' on server 'FGS-DSK-230\MSSQLSERVER2019'.
2024-09-24 14:01:44.174 +05:30  DBG  Creating DbCommand for 'ExecuteReader'.
2024-09-24 14:01:44.176 +05:30  DBG  Created DbCommand for 'ExecuteReader' (2ms).
2024-09-24 14:01:44.178 +05:30  DBG  Initialized DbCommand for 'ExecuteReader' (4ms).
2024-09-24 14:01:44.180 +05:30  DBG  Executing DbCommand [Parameters=[@p0='?' (DbType = Guid), @p1='?' (DbType = Int32), @p2='?' (Size = 4000), @p3='?' (DbType = DateTime2), @p4='?' (Size = 256), @p5='?' (DbType = Boolean), @p6='?' (DbType = Boolean), @p7='?' (DbType = Boolean), @p8='?' (DbType = Boolean), @p9='?' (DbType = DateTimeOffset), @p10='?' (Size = 256), @p11='?' (Size = 256), @p12='?' (Size = 4000), @p13='?' (Size = 4000), @p14='?' (DbType = Boolean), @p15='?' (Size = 4000), @p16='?' (DbType = Boolean), @p17='?' (DbType = DateTime2), @p18='?' (Size = 256)], CommandType='"Text"', CommandTimeout='30']
SET IMPLICIT_TRANSACTIONS OFF;
SET NOCOUNT ON;
INSERT INTO [AspNetUsers] ([Id], [AccessFailedCount], [ConcurrencyStamp], [CreatedAt], [Email], [EmailConfirmed], [IsDeleted], [IsVerified], [LockoutEnabled], [LockoutEnd], [NormalizedEmail], [NormalizedUserName], [PasswordHash], [PhoneNumber], [PhoneNumberConfirmed], [SecurityStamp], [TwoFactorEnabled], [UpdatedAt], [UserName])
VALUES (@p0, @p1, @p2, @p3, @p4, @p5, @p6, @p7, @p8, @p9, @p10, @p11, @p12, @p13, @p14, @p15, @p16, @p17, @p18);
2024-09-24 14:01:44.190 +05:30  INF  Executed DbCommand (11ms) [Parameters=[@p0='?' (DbType = Guid), @p1='?' (DbType = Int32), @p2='?' (Size = 4000), @p3='?' (DbType = DateTime2), @p4='?' (Size = 256), @p5='?' (DbType = Boolean), @p6='?' (DbType = Boolean), @p7='?' (DbType = Boolean), @p8='?' (DbType = Boolean), @p9='?' (DbType = DateTimeOffset), @p10='?' (Size = 256), @p11='?' (Size = 256), @p12='?' (Size = 4000), @p13='?' (Size = 4000), @p14='?' (DbType = Boolean), @p15='?' (Size = 4000), @p16='?' (DbType = Boolean), @p17='?' (DbType = DateTime2), @p18='?' (Size = 256)], CommandType='"Text"', CommandTimeout='30']
SET IMPLICIT_TRANSACTIONS OFF;
SET NOCOUNT ON;
INSERT INTO [AspNetUsers] ([Id], [AccessFailedCount], [ConcurrencyStamp], [CreatedAt], [Email], [EmailConfirmed], [IsDeleted], [IsVerified], [LockoutEnabled], [LockoutEnd], [NormalizedEmail], [NormalizedUserName], [PasswordHash], [PhoneNumber], [PhoneNumberConfirmed], [SecurityStamp], [TwoFactorEnabled], [UpdatedAt], [UserName])
VALUES (@p0, @p1, @p2, @p3, @p4, @p5, @p6, @p7, @p8, @p9, @p10, @p11, @p12, @p13, @p14, @p15, @p16, @p17, @p18);
2024-09-24 14:01:44.195 +05:30  DBG  Closing data reader to 'Ecommerce' on server 'FGS-DSK-230\MSSQLSERVER2019'.
2024-09-24 14:01:44.197 +05:30  DBG  A data reader for 'Ecommerce' on server 'FGS-DSK-230\MSSQLSERVER2019' is being disposed after spending 3ms reading results.
2024-09-24 14:01:44.198 +05:30  DBG  Closing connection to database 'Ecommerce' on server 'FGS-DSK-230\MSSQLSERVER2019'.
2024-09-24 14:01:44.199 +05:30  DBG  Closed connection to database 'Ecommerce' on server 'FGS-DSK-230\MSSQLSERVER2019' (0ms).
2024-09-24 14:01:44.207 +05:30  DBG  An entity of type 'User' tracked by 'EcommerceDbContext' changed state from '"Added"' to '"Unchanged"'. Consider using 'DbContextOptionsBuilder.EnableSensitiveDataLogging' to see key values.
2024-09-24 14:01:44.210 +05:30  DBG  SaveChanges completed for 'EcommerceDbContext' with 1 entities written to the database.
2024-09-24 14:01:44.216 +05:30  DBG  Compiling query expression: 
'DbSet<IdentityRole<Guid>>()
    .SingleOrDefault(r => r.NormalizedName == __normalizedRoleName_0)'
2024-09-24 14:01:44.220 +05:30  DBG  Generated query execution expression: 
'queryContext => ShapedQueryCompilingExpressionVisitor.SingleOrDefaultAsync<IdentityRole<Guid>>(
    asyncEnumerable: new SingleQueryingEnumerable<IdentityRole<Guid>>(
        (RelationalQueryContext)queryContext, 
        RelationalCommandCache.QueryExpression(
            Projection Mapping:
                EmptyProjectionMember -> Dictionary<IProperty, int> { [Property: IdentityRole<Guid>.Id (Guid) Required PK AfterSave:Throw ValueGenerated.OnAdd, 0], [Property: IdentityRole<Guid>.ConcurrencyStamp (string) Concurrency, 1], [Property: IdentityRole<Guid>.Name (string) MaxLength(256), 2], [Property: IdentityRole<Guid>.NormalizedName (string) Index MaxLength(256), 3] }
            SELECT TOP(2) a.Id, a.ConcurrencyStamp, a.Name, a.NormalizedName
            FROM AspNetRoles AS a
            WHERE a.NormalizedName == @__normalizedRoleName_0), 
        null, 
        Func<QueryContext, DbDataReader, ResultContext, SingleQueryResultCoordinator, IdentityRole<Guid>>, 
        Persistance.EcommerceDbContext, 
        False, 
        False, 
        True
    ), 
    cancellationToken: queryContext.CancellationToken)'
2024-09-24 14:01:44.225 +05:30  DBG  Opening connection to database 'Ecommerce' on server 'FGS-DSK-230\MSSQLSERVER2019'.
2024-09-24 14:01:44.226 +05:30  DBG  Opened connection to database 'Ecommerce' on server 'FGS-DSK-230\MSSQLSERVER2019'.
2024-09-24 14:01:44.227 +05:30  DBG  Creating DbCommand for 'ExecuteReader'.
2024-09-24 14:01:44.227 +05:30  DBG  Created DbCommand for 'ExecuteReader' (0ms).
2024-09-24 14:01:44.228 +05:30  DBG  Initialized DbCommand for 'ExecuteReader' (1ms).
2024-09-24 14:01:44.229 +05:30  DBG  Executing DbCommand [Parameters=[@__normalizedRoleName_0='?' (Size = 256)], CommandType='"Text"', CommandTimeout='30']
SELECT TOP(2) [a].[Id], [a].[ConcurrencyStamp], [a].[Name], [a].[NormalizedName]
FROM [AspNetRoles] AS [a]
WHERE [a].[NormalizedName] = @__normalizedRoleName_0
2024-09-24 14:01:44.233 +05:30  INF  Executed DbCommand (4ms) [Parameters=[@__normalizedRoleName_0='?' (Size = 256)], CommandType='"Text"', CommandTimeout='30']
SELECT TOP(2) [a].[Id], [a].[ConcurrencyStamp], [a].[Name], [a].[NormalizedName]
FROM [AspNetRoles] AS [a]
WHERE [a].[NormalizedName] = @__normalizedRoleName_0
2024-09-24 14:01:44.236 +05:30  DBG  Closing data reader to 'Ecommerce' on server 'FGS-DSK-230\MSSQLSERVER2019'.
2024-09-24 14:01:44.237 +05:30  DBG  A data reader for 'Ecommerce' on server 'FGS-DSK-230\MSSQLSERVER2019' is being disposed after spending 1ms reading results.
2024-09-24 14:01:44.238 +05:30  DBG  Closing connection to database 'Ecommerce' on server 'FGS-DSK-230\MSSQLSERVER2019'.
2024-09-24 14:01:44.239 +05:30  DBG  Closed connection to database 'Ecommerce' on server 'FGS-DSK-230\MSSQLSERVER2019' (1ms).
2024-09-24 14:01:44.252 +05:30  DBG  Compiling query expression: 
'DbSet<IdentityUserRole<Guid>>()
    .FirstOrDefault(e => object.Equals(
        objA: EF.Property<object>(e, "UserId"), 
        objB: __get_Item_0) && object.Equals(
        objA: EF.Property<object>(e, "RoleId"), 
        objB: __get_Item_1))'
2024-09-24 14:01:44.283 +05:30  DBG  Generated query execution expression: 
'queryContext => ShapedQueryCompilingExpressionVisitor.SingleOrDefaultAsync<IdentityUserRole<Guid>>(
    asyncEnumerable: new SingleQueryingEnumerable<IdentityUserRole<Guid>>(
        (RelationalQueryContext)queryContext, 
        RelationalCommandCache.QueryExpression(
            Projection Mapping:
                EmptyProjectionMember -> Dictionary<IProperty, int> { [Property: IdentityUserRole<Guid>.UserId (Guid) Required PK FK AfterSave:Throw, 0], [Property: IdentityUserRole<Guid>.RoleId (Guid) Required PK FK Index AfterSave:Throw, 1] }
            SELECT TOP(1) a.UserId, a.RoleId
            FROM AspNetUserRoles AS a
            WHERE (a.UserId == @__get_Item_0) && (a.RoleId == @__get_Item_1)), 
        null, 
        Func<QueryContext, DbDataReader, ResultContext, SingleQueryResultCoordinator, IdentityUserRole<Guid>>, 
        Persistance.EcommerceDbContext, 
        False, 
        False, 
        True
    ), 
    cancellationToken: queryContext.CancellationToken)'
2024-09-24 14:01:44.289 +05:30  DBG  Opening connection to database 'Ecommerce' on server 'FGS-DSK-230\MSSQLSERVER2019'.
2024-09-24 14:01:44.290 +05:30  DBG  Opened connection to database 'Ecommerce' on server 'FGS-DSK-230\MSSQLSERVER2019'.
2024-09-24 14:01:44.291 +05:30  DBG  Creating DbCommand for 'ExecuteReader'.
2024-09-24 14:01:44.292 +05:30  DBG  Created DbCommand for 'ExecuteReader' (0ms).
2024-09-24 14:01:44.293 +05:30  DBG  Initialized DbCommand for 'ExecuteReader' (1ms).
2024-09-24 14:01:44.294 +05:30  DBG  Executing DbCommand [Parameters=[@__get_Item_0='?' (DbType = Guid), @__get_Item_1='?' (DbType = Guid)], CommandType='"Text"', CommandTimeout='30']
SELECT TOP(1) [a].[UserId], [a].[RoleId]
FROM [AspNetUserRoles] AS [a]
WHERE [a].[UserId] = @__get_Item_0 AND [a].[RoleId] = @__get_Item_1
2024-09-24 14:01:44.298 +05:30  INF  Executed DbCommand (4ms) [Parameters=[@__get_Item_0='?' (DbType = Guid), @__get_Item_1='?' (DbType = Guid)], CommandType='"Text"', CommandTimeout='30']
SELECT TOP(1) [a].[UserId], [a].[RoleId]
FROM [AspNetUserRoles] AS [a]
WHERE [a].[UserId] = @__get_Item_0 AND [a].[RoleId] = @__get_Item_1
2024-09-24 14:01:44.300 +05:30  DBG  Closing data reader to 'Ecommerce' on server 'FGS-DSK-230\MSSQLSERVER2019'.
2024-09-24 14:01:44.301 +05:30  DBG  A data reader for 'Ecommerce' on server 'FGS-DSK-230\MSSQLSERVER2019' is being disposed after spending 1ms reading results.
2024-09-24 14:01:44.303 +05:30  DBG  Closing connection to database 'Ecommerce' on server 'FGS-DSK-230\MSSQLSERVER2019'.
2024-09-24 14:01:44.303 +05:30  DBG  Closed connection to database 'Ecommerce' on server 'FGS-DSK-230\MSSQLSERVER2019' (0ms).
2024-09-24 14:01:44.307 +05:30  DBG  Opening connection to database 'Ecommerce' on server 'FGS-DSK-230\MSSQLSERVER2019'.
2024-09-24 14:01:44.308 +05:30  DBG  Opened connection to database 'Ecommerce' on server 'FGS-DSK-230\MSSQLSERVER2019'.
2024-09-24 14:01:44.309 +05:30  DBG  Creating DbCommand for 'ExecuteReader'.
2024-09-24 14:01:44.309 +05:30  DBG  Created DbCommand for 'ExecuteReader' (0ms).
2024-09-24 14:01:44.310 +05:30  DBG  Initialized DbCommand for 'ExecuteReader' (1ms).
2024-09-24 14:01:44.311 +05:30  DBG  Executing DbCommand [Parameters=[@__normalizedRoleName_0='?' (Size = 256)], CommandType='"Text"', CommandTimeout='30']
SELECT TOP(2) [a].[Id], [a].[ConcurrencyStamp], [a].[Name], [a].[NormalizedName]
FROM [AspNetRoles] AS [a]
WHERE [a].[NormalizedName] = @__normalizedRoleName_0
2024-09-24 14:01:44.315 +05:30  INF  Executed DbCommand (3ms) [Parameters=[@__normalizedRoleName_0='?' (Size = 256)], CommandType='"Text"', CommandTimeout='30']
SELECT TOP(2) [a].[Id], [a].[ConcurrencyStamp], [a].[Name], [a].[NormalizedName]
FROM [AspNetRoles] AS [a]
WHERE [a].[NormalizedName] = @__normalizedRoleName_0
2024-09-24 14:01:44.317 +05:30  DBG  Closing data reader to 'Ecommerce' on server 'FGS-DSK-230\MSSQLSERVER2019'.
2024-09-24 14:01:44.318 +05:30  DBG  A data reader for 'Ecommerce' on server 'FGS-DSK-230\MSSQLSERVER2019' is being disposed after spending 1ms reading results.
2024-09-24 14:01:44.319 +05:30  DBG  Closing connection to database 'Ecommerce' on server 'FGS-DSK-230\MSSQLSERVER2019'.
2024-09-24 14:01:44.320 +05:30  DBG  Closed connection to database 'Ecommerce' on server 'FGS-DSK-230\MSSQLSERVER2019' (1ms).
2024-09-24 14:01:44.331 +05:30  DBG  Context 'EcommerceDbContext' started tracking 'IdentityUserRole' entity. Consider using 'DbContextOptionsBuilder.EnableSensitiveDataLogging' to see key values.
2024-09-24 14:01:44.334 +05:30  DBG  Opening connection to database 'Ecommerce' on server 'FGS-DSK-230\MSSQLSERVER2019'.
2024-09-24 14:01:44.335 +05:30  DBG  Opened connection to database 'Ecommerce' on server 'FGS-DSK-230\MSSQLSERVER2019'.
2024-09-24 14:01:44.336 +05:30  DBG  Creating DbCommand for 'ExecuteReader'.
2024-09-24 14:01:44.337 +05:30  DBG  Created DbCommand for 'ExecuteReader' (0ms).
2024-09-24 14:01:44.338 +05:30  DBG  Initialized DbCommand for 'ExecuteReader' (1ms).
2024-09-24 14:01:44.339 +05:30  DBG  Executing DbCommand [Parameters=[@__normalizedUserName_0='?' (Size = 256)], CommandType='"Text"', CommandTimeout='30']
SELECT TOP(1) [a].[Id], [a].[AccessFailedCount], [a].[ConcurrencyStamp], [a].[CreatedAt], [a].[Email], [a].[EmailConfirmed], [a].[IsDeleted], [a].[IsVerified], [a].[LockoutEnabled], [a].[LockoutEnd], [a].[NormalizedEmail], [a].[NormalizedUserName], [a].[PasswordHash], [a].[PhoneNumber], [a].[PhoneNumberConfirmed], [a].[SecurityStamp], [a].[TwoFactorEnabled], [a].[UpdatedAt], [a].[UserName]
FROM [AspNetUsers] AS [a]
WHERE [a].[NormalizedUserName] = @__normalizedUserName_0
2024-09-24 14:01:44.343 +05:30  INF  Executed DbCommand (4ms) [Parameters=[@__normalizedUserName_0='?' (Size = 256)], CommandType='"Text"', CommandTimeout='30']
SELECT TOP(1) [a].[Id], [a].[AccessFailedCount], [a].[ConcurrencyStamp], [a].[CreatedAt], [a].[Email], [a].[EmailConfirmed], [a].[IsDeleted], [a].[IsVerified], [a].[LockoutEnabled], [a].[LockoutEnd], [a].[NormalizedEmail], [a].[NormalizedUserName], [a].[PasswordHash], [a].[PhoneNumber], [a].[PhoneNumberConfirmed], [a].[SecurityStamp], [a].[TwoFactorEnabled], [a].[UpdatedAt], [a].[UserName]
FROM [AspNetUsers] AS [a]
WHERE [a].[NormalizedUserName] = @__normalizedUserName_0
2024-09-24 14:01:44.346 +05:30  DBG  Closing data reader to 'Ecommerce' on server 'FGS-DSK-230\MSSQLSERVER2019'.
2024-09-24 14:01:44.348 +05:30  DBG  A data reader for 'Ecommerce' on server 'FGS-DSK-230\MSSQLSERVER2019' is being disposed after spending 3ms reading results.
2024-09-24 14:01:44.350 +05:30  DBG  Closing connection to database 'Ecommerce' on server 'FGS-DSK-230\MSSQLSERVER2019'.
2024-09-24 14:01:44.351 +05:30  DBG  Closed connection to database 'Ecommerce' on server 'FGS-DSK-230\MSSQLSERVER2019' (1ms).
2024-09-24 14:01:44.354 +05:30  DBG  Opening connection to database 'Ecommerce' on server 'FGS-DSK-230\MSSQLSERVER2019'.
2024-09-24 14:01:44.355 +05:30  DBG  Opened connection to database 'Ecommerce' on server 'FGS-DSK-230\MSSQLSERVER2019'.
2024-09-24 14:01:44.356 +05:30  DBG  Creating DbCommand for 'ExecuteReader'.
2024-09-24 14:01:44.356 +05:30  DBG  Created DbCommand for 'ExecuteReader' (0ms).
2024-09-24 14:01:44.357 +05:30  DBG  Initialized DbCommand for 'ExecuteReader' (1ms).
2024-09-24 14:01:44.358 +05:30  DBG  Executing DbCommand [Parameters=[@__normalizedEmail_0='?' (Size = 256)], CommandType='"Text"', CommandTimeout='30']
SELECT TOP(2) [a].[Id], [a].[AccessFailedCount], [a].[ConcurrencyStamp], [a].[CreatedAt], [a].[Email], [a].[EmailConfirmed], [a].[IsDeleted], [a].[IsVerified], [a].[LockoutEnabled], [a].[LockoutEnd], [a].[NormalizedEmail], [a].[NormalizedUserName], [a].[PasswordHash], [a].[PhoneNumber], [a].[PhoneNumberConfirmed], [a].[SecurityStamp], [a].[TwoFactorEnabled], [a].[UpdatedAt], [a].[UserName]
FROM [AspNetUsers] AS [a]
WHERE [a].[NormalizedEmail] = @__normalizedEmail_0
2024-09-24 14:01:44.362 +05:30  INF  Executed DbCommand (4ms) [Parameters=[@__normalizedEmail_0='?' (Size = 256)], CommandType='"Text"', CommandTimeout='30']
SELECT TOP(2) [a].[Id], [a].[AccessFailedCount], [a].[ConcurrencyStamp], [a].[CreatedAt], [a].[Email], [a].[EmailConfirmed], [a].[IsDeleted], [a].[IsVerified], [a].[LockoutEnabled], [a].[LockoutEnd], [a].[NormalizedEmail], [a].[NormalizedUserName], [a].[PasswordHash], [a].[PhoneNumber], [a].[PhoneNumberConfirmed], [a].[SecurityStamp], [a].[TwoFactorEnabled], [a].[UpdatedAt], [a].[UserName]
FROM [AspNetUsers] AS [a]
WHERE [a].[NormalizedEmail] = @__normalizedEmail_0
2024-09-24 14:01:44.365 +05:30  DBG  Closing data reader to 'Ecommerce' on server 'FGS-DSK-230\MSSQLSERVER2019'.
2024-09-24 14:01:44.366 +05:30  DBG  A data reader for 'Ecommerce' on server 'FGS-DSK-230\MSSQLSERVER2019' is being disposed after spending 1ms reading results.
2024-09-24 14:01:44.367 +05:30  DBG  Closing connection to database 'Ecommerce' on server 'FGS-DSK-230\MSSQLSERVER2019'.
2024-09-24 14:01:44.368 +05:30  DBG  Closed connection to database 'Ecommerce' on server 'FGS-DSK-230\MSSQLSERVER2019' (1ms).
2024-09-24 14:01:44.372 +05:30  DBG  An entity of type 'User' tracked by 'EcommerceDbContext' changed state from '"Unchanged"' to '"Modified"'. Consider using 'DbContextOptionsBuilder.EnableSensitiveDataLogging' to see key values.
2024-09-24 14:01:44.373 +05:30  DBG  SaveChanges starting for 'EcommerceDbContext'.
2024-09-24 14:01:44.374 +05:30  DBG  DetectChanges starting for 'EcommerceDbContext'.
2024-09-24 14:01:44.375 +05:30  DBG  DetectChanges completed for 'EcommerceDbContext'.
2024-09-24 14:01:44.396 +05:30  DBG  Executing 2 update commands as a batch.
2024-09-24 14:01:44.398 +05:30  DBG  Opening connection to database 'Ecommerce' on server 'FGS-DSK-230\MSSQLSERVER2019'.
2024-09-24 14:01:44.399 +05:30  DBG  Opened connection to database 'Ecommerce' on server 'FGS-DSK-230\MSSQLSERVER2019'.
2024-09-24 14:01:44.402 +05:30  DBG  Beginning transaction with isolation level 'Unspecified'.
2024-09-24 14:01:44.407 +05:30  DBG  Began transaction with isolation level 'ReadCommitted'.
2024-09-24 14:01:44.409 +05:30  DBG  Creating DbCommand for 'ExecuteReader'.
2024-09-24 14:01:44.410 +05:30  DBG  Created DbCommand for 'ExecuteReader' (1ms).
2024-09-24 14:01:44.412 +05:30  DBG  Initialized DbCommand for 'ExecuteReader' (3ms).
2024-09-24 14:01:44.414 +05:30  DBG  Executing DbCommand [Parameters=[@p0='?' (DbType = Guid), @p1='?' (DbType = Guid), @p20='?' (DbType = Guid), @p2='?' (DbType = Int32), @p3='?' (Size = 4000), @p21='?' (Size = 4000), @p4='?' (DbType = DateTime2), @p5='?' (Size = 256), @p6='?' (DbType = Boolean), @p7='?' (DbType = Boolean), @p8='?' (DbType = Boolean), @p9='?' (DbType = Boolean), @p10='?' (DbType = DateTimeOffset), @p11='?' (Size = 256), @p12='?' (Size = 256), @p13='?' (Size = 4000), @p14='?' (Size = 4000), @p15='?' (DbType = Boolean), @p16='?' (Size = 4000), @p17='?' (DbType = Boolean), @p18='?' (DbType = DateTime2), @p19='?' (Size = 256)], CommandType='"Text"', CommandTimeout='30']
SET NOCOUNT ON;
INSERT INTO [AspNetUserRoles] ([RoleId], [UserId])
VALUES (@p0, @p1);
UPDATE [AspNetUsers] SET [AccessFailedCount] = @p2, [ConcurrencyStamp] = @p3, [CreatedAt] = @p4, [Email] = @p5, [EmailConfirmed] = @p6, [IsDeleted] = @p7, [IsVerified] = @p8, [LockoutEnabled] = @p9, [LockoutEnd] = @p10, [NormalizedEmail] = @p11, [NormalizedUserName] = @p12, [PasswordHash] = @p13, [PhoneNumber] = @p14, [PhoneNumberConfirmed] = @p15, [SecurityStamp] = @p16, [TwoFactorEnabled] = @p17, [UpdatedAt] = @p18, [UserName] = @p19
OUTPUT 1
WHERE [Id] = @p20 AND [ConcurrencyStamp] = @p21;
2024-09-24 14:01:44.544 +05:30  INF  Executed DbCommand (130ms) [Parameters=[@p0='?' (DbType = Guid), @p1='?' (DbType = Guid), @p20='?' (DbType = Guid), @p2='?' (DbType = Int32), @p3='?' (Size = 4000), @p21='?' (Size = 4000), @p4='?' (DbType = DateTime2), @p5='?' (Size = 256), @p6='?' (DbType = Boolean), @p7='?' (DbType = Boolean), @p8='?' (DbType = Boolean), @p9='?' (DbType = Boolean), @p10='?' (DbType = DateTimeOffset), @p11='?' (Size = 256), @p12='?' (Size = 256), @p13='?' (Size = 4000), @p14='?' (Size = 4000), @p15='?' (DbType = Boolean), @p16='?' (Size = 4000), @p17='?' (DbType = Boolean), @p18='?' (DbType = DateTime2), @p19='?' (Size = 256)], CommandType='"Text"', CommandTimeout='30']
SET NOCOUNT ON;
INSERT INTO [AspNetUserRoles] ([RoleId], [UserId])
VALUES (@p0, @p1);
UPDATE [AspNetUsers] SET [AccessFailedCount] = @p2, [ConcurrencyStamp] = @p3, [CreatedAt] = @p4, [Email] = @p5, [EmailConfirmed] = @p6, [IsDeleted] = @p7, [IsVerified] = @p8, [LockoutEnabled] = @p9, [LockoutEnd] = @p10, [NormalizedEmail] = @p11, [NormalizedUserName] = @p12, [PasswordHash] = @p13, [PhoneNumber] = @p14, [PhoneNumberConfirmed] = @p15, [SecurityStamp] = @p16, [TwoFactorEnabled] = @p17, [UpdatedAt] = @p18, [UserName] = @p19
OUTPUT 1
WHERE [Id] = @p20 AND [ConcurrencyStamp] = @p21;
2024-09-24 14:01:44.551 +05:30  DBG  Closing data reader to 'Ecommerce' on server 'FGS-DSK-230\MSSQLSERVER2019'.
2024-09-24 14:01:44.553 +05:30  DBG  A data reader for 'Ecommerce' on server 'FGS-DSK-230\MSSQLSERVER2019' is being disposed after spending 3ms reading results.
2024-09-24 14:01:44.564 +05:30  DBG  Committing transaction.
2024-09-24 14:01:44.570 +05:30  DBG  Committed transaction.
2024-09-24 14:01:44.572 +05:30  DBG  Closing connection to database 'Ecommerce' on server 'FGS-DSK-230\MSSQLSERVER2019'.
2024-09-24 14:01:44.573 +05:30  DBG  Closed connection to database 'Ecommerce' on server 'FGS-DSK-230\MSSQLSERVER2019' (0ms).
2024-09-24 14:01:44.575 +05:30  DBG  Disposing transaction.
2024-09-24 14:01:44.576 +05:30  DBG  An entity of type 'IdentityUserRole' tracked by 'EcommerceDbContext' changed state from '"Added"' to '"Unchanged"'. Consider using 'DbContextOptionsBuilder.EnableSensitiveDataLogging' to see key values.
2024-09-24 14:01:44.578 +05:30  DBG  An entity of type 'User' tracked by 'EcommerceDbContext' changed state from '"Modified"' to '"Unchanged"'. Consider using 'DbContextOptionsBuilder.EnableSensitiveDataLogging' to see key values.
2024-09-24 14:01:44.579 +05:30  DBG  SaveChanges completed for 'EcommerceDbContext' with 2 entities written to the database.
2024-09-24 14:01:44.582 +05:30  DBG  'EcommerceDbContext' disposed.
2024-09-24 14:01:44.584 +05:30  DBG  Disposing connection to database 'Ecommerce' on server 'FGS-DSK-230\MSSQLSERVER2019'.
2024-09-24 14:01:44.585 +05:30  DBG  Disposed connection to database '' on server '' (1ms).
2024-09-24 14:01:44.589 +05:30  DBG  Hosting starting
2024-09-24 14:01:44.596 +05:30  DBG  Reading data from file 'C:\Users\arjun.hariprasad\AppData\Local\ASP.NET\DataProtection-Keys\key-36f6fa2d-df91-4e24-9271-a530e4737995.xml'.
2024-09-24 14:01:44.604 +05:30  DBG  Found key {36f6fa2d-df91-4e24-9271-a530e4737995}.
2024-09-24 14:01:44.614 +05:30  DBG  Considering key {36f6fa2d-df91-4e24-9271-a530e4737995} with expiration date 2024-10-20 08:26:28Z as default key.
2024-09-24 14:01:44.618 +05:30  DBG  Forwarded activator type request from Microsoft.AspNetCore.DataProtection.XmlEncryption.DpapiXmlDecryptor, Microsoft.AspNetCore.DataProtection, Version=8.0.0.0, Culture=neutral, PublicKeyToken=adb9793829ddae60 to Microsoft.AspNetCore.DataProtection.XmlEncryption.DpapiXmlDecryptor, Microsoft.AspNetCore.DataProtection, Culture=neutral, PublicKeyToken=adb9793829ddae60
2024-09-24 14:01:44.620 +05:30  DBG  Decrypting secret element using Windows DPAPI.
2024-09-24 14:01:44.623 +05:30  DBG  Forwarded activator type request from Microsoft.AspNetCore.DataProtection.AuthenticatedEncryption.ConfigurationModel.AuthenticatedEncryptorDescriptorDeserializer, Microsoft.AspNetCore.DataProtection, Version=8.0.0.0, Culture=neutral, PublicKeyToken=adb9793829ddae60 to Microsoft.AspNetCore.DataProtection.AuthenticatedEncryption.ConfigurationModel.AuthenticatedEncryptorDescriptorDeserializer, Microsoft.AspNetCore.DataProtection, Culture=neutral, PublicKeyToken=adb9793829ddae60
2024-09-24 14:01:44.625 +05:30  DBG  Opening CNG algorithm 'AES' from provider 'null' with chaining mode CBC.
2024-09-24 14:01:44.629 +05:30  DBG  Opening CNG algorithm 'SHA256' from provider 'null' with HMAC.
2024-09-24 14:01:44.632 +05:30  DBG  Using key {36f6fa2d-df91-4e24-9271-a530e4737995} as the default key.
2024-09-24 14:01:44.633 +05:30  DBG  Key ring with default key {36f6fa2d-df91-4e24-9271-a530e4737995} was loaded during application startup.
2024-09-24 14:01:44.782 +05:30  INF  Now listening on: https://localhost:7113
2024-09-24 14:01:44.783 +05:30  INF  Now listening on: http://localhost:5081
2024-09-24 14:01:44.784 +05:30  DBG  Loaded hosting startup assembly Web.Ecommerce
2024-09-24 14:01:44.785 +05:30  DBG  Loaded hosting startup assembly Microsoft.AspNetCore.Watch.BrowserRefresh
2024-09-24 14:01:44.785 +05:30  DBG  Loaded hosting startup assembly Microsoft.WebTools.BrowserLink.Net
2024-09-24 14:01:44.786 +05:30  INF  Application started. Press Ctrl+C to shut down.
2024-09-24 14:01:44.787 +05:30  INF  Hosting environment: Development
2024-09-24 14:01:44.787 +05:30  INF  Content root path: C:\Users\arjun.hariprasad\source\.NET\Ecommerce\EcommerceSolution\CodeBase\Src\Presentation\Web.Ecommerce
2024-09-24 14:01:44.789 +05:30  DBG  Hosting started
2024-09-24 14:01:45.081 +05:30  DBG  Connection id "0HN6SED9F77P9" received FIN.
2024-09-24 14:01:45.087 +05:30  DBG  Connection id "0HN6SED9F77P9" accepted.
2024-09-24 14:01:45.089 +05:30  DBG  Connection id "0HN6SED9F77P9" started.
2024-09-24 14:01:45.101 +05:30  DBG  Failed to authenticate HTTPS connection.System.IO.IOException: Received an unexpected EOF or 0 bytes from the transport stream.
   at System.Net.Security.SslStream.ReceiveHandshakeFrameAsync[TIOAdapter](CancellationToken cancellationToken)
   at System.Net.Security.SslStream.ForceAuthenticationAsync[TIOAdapter](Boolean receiveFirst, Byte[] reAuthenticationData, CancellationToken cancellationToken)
   at System.Net.Security.SslStream.ProcessAuthenticationWithTelemetryAsync(Boolean isAsync, CancellationToken cancellationToken)
   at Microsoft.AspNetCore.Server.Kestrel.Https.Internal.HttpsConnectionMiddleware.OnConnectionAsync(ConnectionContext context)

2024-09-24 14:01:45.114 +05:30  DBG  Connection id "0HN6SED9F77P9" stopped.
2024-09-24 14:01:45.117 +05:30  DBG  Connection id "0HN6SED9F77P9" sending FIN because: "The Socket transport's send loop completed gracefully."
2024-09-24 14:01:45.629 +05:30  DBG  Connection id "0HN6SED9F77PA" accepted.
2024-09-24 14:01:45.635 +05:30  DBG  Connection id "0HN6SED9F77PA" started.
2024-09-24 14:01:45.676 +05:30  DBG  Connection 0HN6SED9F77PA established using the following protocol: "Tls12"
2024-09-24 14:01:45.709 +05:30  VRB  Connection id "0HN6SED9F77PA" sending "SETTINGS" frame for stream ID 0 with length 24 and flags "NONE".
2024-09-24 14:01:45.716 +05:30  VRB  Connection id "0HN6SED9F77PA" sending "WINDOW_UPDATE" frame for stream ID 0 with length 4 and flags 0x0.
2024-09-24 14:01:45.720 +05:30  VRB  Connection id "0HN6SED9F77PA" received "SETTINGS" frame for stream ID 0 with length 24 and flags "NONE".
2024-09-24 14:01:45.723 +05:30  VRB  Connection id "0HN6SED9F77PA" sending "SETTINGS" frame for stream ID 0 with length 0 and flags "ACK".
2024-09-24 14:01:45.725 +05:30  VRB  Connection id "0HN6SED9F77PA" received "WINDOW_UPDATE" frame for stream ID 0 with length 4 and flags 0x0.
2024-09-24 14:01:45.727 +05:30  VRB  Connection id "0HN6SED9F77PA" received "HEADERS" frame for stream ID 1 with length 469 and flags "END_STREAM, END_HEADERS, PRIORITY".
2024-09-24 14:01:45.744 +05:30  VRB  Connection id "0HN6SED9F77PA" received "SETTINGS" frame for stream ID 0 with length 0 and flags "ACK".
2024-09-24 14:01:45.760 +05:30  INF  Request starting HTTP/2 GET https://localhost:7113/swagger/index.html - null null
2024-09-24 14:01:45.890 +05:30  DBG  Wildcard detected, all requests with hosts will be allowed.
2024-09-24 14:01:45.892 +05:30  VRB  All hosts are allowed.
2024-09-24 14:01:45.912 +05:30  DBG  No candidates found for the request path '/swagger/index.html'
2024-09-24 14:01:45.916 +05:30  DBG  Request did not match any endpoints
2024-09-24 14:01:46.036 +05:30  DBG  Response markup is scheduled to include Browser Link script injection.
2024-09-24 14:01:46.038 +05:30  DBG  Response markup is scheduled to include browser refresh script injection.
2024-09-24 14:01:46.041 +05:30  VRB  Connection id "0HN6SED9F77PA" sending "HEADERS" frame for stream ID 1 with length 66 and flags "END_HEADERS".
2024-09-24 14:01:46.043 +05:30  VRB  Connection id "0HN6SED9F77PA" sending "DATA" frame for stream ID 1 with length 698 and flags "NONE".
2024-09-24 14:01:46.044 +05:30  DBG  Response markup was updated to include Browser Link script injection.
2024-09-24 14:01:46.045 +05:30  VRB  Connection id "0HN6SED9F77PA" sending "DATA" frame for stream ID 1 with length 438 and flags "NONE".
2024-09-24 14:01:46.047 +05:30  DBG  Response markup was updated to include browser refresh script injection.
2024-09-24 14:01:46.052 +05:30  VRB  Connection id "0HN6SED9F77PA" sending "DATA" frame for stream ID 1 with length 0 and flags "END_STREAM".
2024-09-24 14:01:46.054 +05:30  INF  Request finished HTTP/2 GET https://localhost:7113/swagger/index.html - 200 null text/html;charset=utf-8 298.0371ms
2024-09-24 14:01:46.068 +05:30  VRB  Connection id "0HN6SED9F77PA" received "HEADERS" frame for stream ID 3 with length 115 and flags "END_STREAM, END_HEADERS, PRIORITY".
2024-09-24 14:01:46.072 +05:30  VRB  Connection id "0HN6SED9F77PA" received "HEADERS" frame for stream ID 5 with length 35 and flags "END_STREAM, END_HEADERS, PRIORITY".
2024-09-24 14:01:46.073 +05:30  INF  Request starting HTTP/2 GET https://localhost:7113/_framework/aspnetcore-browser-refresh.js - null null
2024-09-24 14:01:46.075 +05:30  VRB  Connection id "0HN6SED9F77PA" received "HEADERS" frame for stream ID 7 with length 57 and flags "END_STREAM, END_HEADERS, PRIORITY".
2024-09-24 14:01:46.075 +05:30  INF  Request starting HTTP/2 GET https://localhost:7113/swagger/index.js - null null
2024-09-24 14:01:46.080 +05:30  INF  Request starting HTTP/2 GET https://localhost:7113/_vs/browserLink - null null
2024-09-24 14:01:46.082 +05:30  VRB  All hosts are allowed.
2024-09-24 14:01:46.085 +05:30  DBG  No candidates found for the request path '/swagger/index.js'
2024-09-24 14:01:46.085 +05:30  VRB  Connection id "0HN6SED9F77PA" sending "HEADERS" frame for stream ID 3 with length 60 and flags "END_HEADERS".
2024-09-24 14:01:46.086 +05:30  DBG  Request did not match any endpoints
2024-09-24 14:01:46.088 +05:30  VRB  Connection id "0HN6SED9F77PA" sending "DATA" frame for stream ID 3 with length 13762 and flags "NONE".
2024-09-24 14:01:46.100 +05:30  INF  Request finished HTTP/2 GET https://localhost:7113/swagger/index.js - 200 null application/javascript;charset=utf-8 24.3571ms
2024-09-24 14:01:46.100 +05:30  VRB  Connection id "0HN6SED9F77PA" sending "HEADERS" frame for stream ID 5 with length 41 and flags "END_HEADERS".
2024-09-24 14:01:46.103 +05:30  INF  Request finished HTTP/2 GET https://localhost:7113/_framework/aspnetcore-browser-refresh.js - 200 13762 application/javascript; charset=utf-8 30.3852ms
2024-09-24 14:01:46.105 +05:30  VRB  Connection id "0HN6SED9F77PA" sending "DATA" frame for stream ID 5 with length 3005 and flags "END_STREAM".
2024-09-24 14:01:46.110 +05:30  VRB  Connection id "0HN6SED9F77PA" sending "DATA" frame for stream ID 3 with length 0 and flags "END_STREAM".
2024-09-24 14:01:46.125 +05:30  VRB  Connection id "0HN6SED9F77PA" sending "HEADERS" frame for stream ID 7 with length 119 and flags "END_HEADERS".
2024-09-24 14:01:46.127 +05:30  VRB  Connection id "0HN6SED9F77PA" sending "DATA" frame for stream ID 7 with length 9986 and flags "NONE".
2024-09-24 14:01:46.133 +05:30  VRB  Connection id "0HN6SED9F77PA" sending "DATA" frame for stream ID 7 with length 10240 and flags "NONE".
2024-09-24 14:01:46.136 +05:30  VRB  Connection id "0HN6SED9F77PA" sending "DATA" frame for stream ID 7 with length 10240 and flags "NONE".
2024-09-24 14:01:46.138 +05:30  VRB  Connection id "0HN6SED9F77PA" sending "DATA" frame for stream ID 7 with length 10240 and flags "NONE".
2024-09-24 14:01:46.140 +05:30  VRB  Connection id "0HN6SED9F77PA" sending "DATA" frame for stream ID 7 with length 10240 and flags "NONE".
2024-09-24 14:01:46.142 +05:30  VRB  Connection id "0HN6SED9F77PA" sending "DATA" frame for stream ID 7 with length 10240 and flags "NONE".
2024-09-24 14:01:46.144 +05:30  VRB  Connection id "0HN6SED9F77PA" sending "DATA" frame for stream ID 7 with length 10240 and flags "NONE".
2024-09-24 14:01:46.146 +05:30  VRB  Connection id "0HN6SED9F77PA" sending "DATA" frame for stream ID 7 with length 10240 and flags "NONE".
2024-09-24 14:01:46.150 +05:30  VRB  Connection id "0HN6SED9F77PA" sending "DATA" frame for stream ID 7 with length 10240 and flags "NONE".
2024-09-24 14:01:46.153 +05:30  VRB  Connection id "0HN6SED9F77PA" sending "DATA" frame for stream ID 7 with length 10240 and flags "NONE".
2024-09-24 14:01:46.155 +05:30  VRB  Connection id "0HN6SED9F77PA" sending "DATA" frame for stream ID 7 with length 10240 and flags "NONE".
2024-09-24 14:01:46.157 +05:30  VRB  Connection id "0HN6SED9F77PA" sending "DATA" frame for stream ID 7 with length 10240 and flags "NONE".
2024-09-24 14:01:46.159 +05:30  VRB  Connection id "0HN6SED9F77PA" sending "DATA" frame for stream ID 7 with length 10240 and flags "NONE".
2024-09-24 14:01:46.161 +05:30  VRB  Connection id "0HN6SED9F77PA" sending "DATA" frame for stream ID 7 with length 10240 and flags "NONE".
2024-09-24 14:01:46.165 +05:30  VRB  Connection id "0HN6SED9F77PA" sending "DATA" frame for stream ID 7 with length 10240 and flags "NONE".
2024-09-24 14:01:46.167 +05:30  VRB  Connection id "0HN6SED9F77PA" sending "DATA" frame for stream ID 7 with length 160 and flags "NONE".
2024-09-24 14:01:46.168 +05:30  INF  Request finished HTTP/2 GET https://localhost:7113/_vs/browserLink - 200 null text/javascript; charset=UTF-8 87.6243ms
2024-09-24 14:01:46.169 +05:30  VRB  Connection id "0HN6SED9F77PA" sending "DATA" frame for stream ID 7 with length 0 and flags "END_STREAM".
2024-09-24 14:01:46.207 +05:30  VRB  Connection id "0HN6SED9F77PA" received "HEADERS" frame for stream ID 9 with length 74 and flags "END_STREAM, END_HEADERS, PRIORITY".
2024-09-24 14:01:46.209 +05:30  INF  Request starting HTTP/2 GET https://localhost:7113/swagger/v1/swagger.json - null null
2024-09-24 14:01:46.212 +05:30  VRB  All hosts are allowed.
2024-09-24 14:01:46.213 +05:30  DBG  No candidates found for the request path '/swagger/v1/swagger.json'
2024-09-24 14:01:46.214 +05:30  DBG  Request did not match any endpoints
2024-09-24 14:01:46.343 +05:30  VRB  Connection id "0HN6SED9F77PA" sending "HEADERS" frame for stream ID 9 with length 35 and flags "END_HEADERS".
2024-09-24 14:01:46.345 +05:30  VRB  Connection id "0HN6SED9F77PA" sending "DATA" frame for stream ID 9 with length 16384 and flags "NONE".
2024-09-24 14:01:46.348 +05:30  VRB  Connection id "0HN6SED9F77PA" sending "DATA" frame for stream ID 9 with length 6588 and flags "NONE".
2024-09-24 14:01:46.351 +05:30  VRB  Connection id "0HN6SED9F77PA" sending "DATA" frame for stream ID 9 with length 0 and flags "END_STREAM".
2024-09-24 14:01:46.351 +05:30  INF  Request finished HTTP/2 GET https://localhost:7113/swagger/v1/swagger.json - 200 null application/json;charset=utf-8 141.8639ms
2024-09-24 14:01:54.086 +05:30  DBG  Connection id "0HN6SED9F77PA" received FIN.
2024-09-24 14:01:54.090 +05:30  DBG  Connection id "0HN6SED9F77PA" is closed. The last processed stream ID was 9.
2024-09-24 14:01:54.091 +05:30  DBG  The connection queue processing loop for 0HN6SED9F77PA completed.
2024-09-24 14:01:54.091 +05:30  DBG  Connection id "0HN6SED9F77PA" sending FIN because: "The Socket transport's send loop completed gracefully."
2024-09-24 14:01:54.100 +05:30  DBG  Connection id "0HN6SED9F77PA" stopped.
2024-09-24 14:02:25.905 +05:30  DBG  Connection id "0HN6SED9F77PB" accepted.
2024-09-24 14:02:25.907 +05:30  DBG  Connection id "0HN6SED9F77PB" started.
2024-09-24 14:02:25.912 +05:30  DBG  Connection 0HN6SED9F77PB established using the following protocol: "Tls12"
2024-09-24 14:02:25.915 +05:30  VRB  Connection id "0HN6SED9F77PB" sending "SETTINGS" frame for stream ID 0 with length 24 and flags "NONE".
2024-09-24 14:02:25.916 +05:30  VRB  Connection id "0HN6SED9F77PB" sending "WINDOW_UPDATE" frame for stream ID 0 with length 4 and flags 0x0.
2024-09-24 14:02:25.918 +05:30  VRB  Connection id "0HN6SED9F77PB" received "SETTINGS" frame for stream ID 0 with length 24 and flags "NONE".
2024-09-24 14:02:25.920 +05:30  VRB  Connection id "0HN6SED9F77PB" sending "SETTINGS" frame for stream ID 0 with length 0 and flags "ACK".
2024-09-24 14:02:25.923 +05:30  VRB  Connection id "0HN6SED9F77PB" received "WINDOW_UPDATE" frame for stream ID 0 with length 4 and flags 0x0.
2024-09-24 14:02:25.924 +05:30  VRB  Connection id "0HN6SED9F77PB" received "HEADERS" frame for stream ID 1 with length 406 and flags "END_HEADERS, PRIORITY".
2024-09-24 14:02:25.926 +05:30  VRB  Connection id "0HN6SED9F77PB" received "DATA" frame for stream ID 1 with length 80 and flags "END_STREAM".
2024-09-24 14:02:25.926 +05:30  INF  Request starting HTTP/2 POST https://localhost:7113/api/Account/Login - application/json 80
2024-09-24 14:02:25.928 +05:30  VRB  Connection id "0HN6SED9F77PB" received "SETTINGS" frame for stream ID 0 with length 0 and flags "ACK".
2024-09-24 14:02:25.933 +05:30  VRB  All hosts are allowed.
2024-09-24 14:02:25.942 +05:30  DBG  1 candidate(s) found for the request path '/api/Account/Login'
2024-09-24 14:02:25.943 +05:30  DBG  Endpoint 'Web.Ecommerce.Controllers.Account.AccountController.Login (Web.Ecommerce)' with route pattern 'api/Account/Login' is valid for the request path '/api/Account/Login'
2024-09-24 14:02:25.945 +05:30  DBG  Request matched endpoint 'Web.Ecommerce.Controllers.Account.AccountController.Login (Web.Ecommerce)'
2024-09-24 14:02:25.949 +05:30  VRB  The endpoint does not specify the IRequestSizeLimitMetadata.
2024-09-24 14:02:25.952 +05:30  DBG  Static files was skipped as the request already matched an endpoint.
2024-09-24 14:02:25.954 +05:30  DBG  The request has an origin header: 'https://localhost:7113'.
2024-09-24 14:02:25.955 +05:30  INF  CORS policy execution successful.
2024-09-24 14:02:26.023 +05:30  DBG  AuthenticationScheme: Bearer was not authenticated.
2024-09-24 14:02:26.026 +05:30  INF  Executing endpoint 'Web.Ecommerce.Controllers.Account.AccountController.Login (Web.Ecommerce)'
2024-09-24 14:02:26.041 +05:30  INF  Route matched with {action = "Login", controller = "Account"}. Executing controller action with signature System.Threading.Tasks.Task`1[Microsoft.AspNetCore.Mvc.IActionResult] Login(Application.Ecom.Authentication.Commands.LoginUser.LoginUserCommand) on controller Web.Ecommerce.Controllers.Account.AccountController (Web.Ecommerce).
2024-09-24 14:02:26.044 +05:30  DBG  Execution plan of authorization filters (in the following order): ["None"]
2024-09-24 14:02:26.045 +05:30  DBG  Execution plan of resource filters (in the following order): ["None"]
2024-09-24 14:02:26.046 +05:30  DBG  Execution plan of action filters (in the following order): ["Microsoft.AspNetCore.Mvc.ModelBinding.UnsupportedContentTypeFilter (Order: -3000)","Microsoft.AspNetCore.Mvc.Infrastructure.ModelStateInvalidFilter (Order: -2000)"]
2024-09-24 14:02:26.050 +05:30  DBG  Execution plan of exception filters (in the following order): ["None"]
2024-09-24 14:02:26.051 +05:30  DBG  Execution plan of result filters (in the following order): ["Microsoft.AspNetCore.Mvc.Infrastructure.ClientErrorResultFilter (Order: -2000)"]
2024-09-24 14:02:26.053 +05:30  DBG  Executing controller factory for controller Web.Ecommerce.Controllers.Account.AccountController (Web.Ecommerce)
2024-09-24 14:02:26.055 +05:30  DBG  Executed controller factory for controller Web.Ecommerce.Controllers.Account.AccountController (Web.Ecommerce)
2024-09-24 14:02:26.072 +05:30  DBG  Attempting to bind parameter 'command' of type 'Application.Ecom.Authentication.Commands.LoginUser.LoginUserCommand' ...
2024-09-24 14:02:26.076 +05:30  DBG  Attempting to bind parameter 'command' of type 'Application.Ecom.Authentication.Commands.LoginUser.LoginUserCommand' using the name '' in request data ...
2024-09-24 14:02:26.078 +05:30  DBG  Selected input formatter 'Microsoft.AspNetCore.Mvc.Formatters.SystemTextJsonInputFormatter' for content type 'application/json'.
2024-09-24 14:02:26.101 +05:30  DBG  Connection id "0HN6SED9F77PB", Request id "0HN6SED9F77PB:00000001": started reading request body.
2024-09-24 14:02:26.102 +05:30  DBG  Connection id "0HN6SED9F77PB", Request id "0HN6SED9F77PB:00000001": done reading request body.
2024-09-24 14:02:26.112 +05:30  DBG  JSON input formatter succeeded, deserializing to type 'Application.Ecom.Authentication.Commands.LoginUser.LoginUserCommand'
2024-09-24 14:02:26.114 +05:30  DBG  Done attempting to bind parameter 'command' of type 'Application.Ecom.Authentication.Commands.LoginUser.LoginUserCommand'.
2024-09-24 14:02:26.116 +05:30  DBG  Done attempting to bind parameter 'command' of type 'Application.Ecom.Authentication.Commands.LoginUser.LoginUserCommand'.
2024-09-24 14:02:26.117 +05:30  DBG  Attempting to validate the bound parameter 'command' of type 'Application.Ecom.Authentication.Commands.LoginUser.LoginUserCommand' ...
2024-09-24 14:02:26.124 +05:30  DBG  Done attempting to validate the bound parameter 'command' of type 'Application.Ecom.Authentication.Commands.LoginUser.LoginUserCommand'.
2024-09-24 14:02:26.127 +05:30  VRB  Action Filter: Before executing OnActionExecuting on filter Microsoft.AspNetCore.Mvc.ModelBinding.UnsupportedContentTypeFilter.
2024-09-24 14:02:26.128 +05:30  VRB  Action Filter: After executing OnActionExecuting on filter Microsoft.AspNetCore.Mvc.ModelBinding.UnsupportedContentTypeFilter.
2024-09-24 14:02:26.130 +05:30  VRB  Action Filter: Before executing OnActionExecuting on filter Microsoft.AspNetCore.Mvc.Infrastructure.ModelStateInvalidFilter.
2024-09-24 14:02:26.131 +05:30  VRB  Action Filter: After executing OnActionExecuting on filter Microsoft.AspNetCore.Mvc.Infrastructure.ModelStateInvalidFilter.
2024-09-24 14:02:26.136 +05:30  INF  Executing action method Web.Ecommerce.Controllers.Account.AccountController.Login (Web.Ecommerce) - Validation state: "Valid"
2024-09-24 14:02:26.138 +05:30  VRB  Executing action method Web.Ecommerce.Controllers.Account.AccountController.Login (Web.Ecommerce) with arguments (["Application.Ecom.Authentication.Commands.LoginUser.LoginUserCommand"])
2024-09-24 14:02:26.191 +05:30  DBG  Entity Framework Core 8.0.8 initialized 'EcommerceDbContext' using provider 'Microsoft.EntityFrameworkCore.SqlServer:8.0.8' with options: None
2024-09-24 14:02:26.194 +05:30  DBG  Creating DbConnection.
2024-09-24 14:02:26.195 +05:30  DBG  Created DbConnection. (0ms).
2024-09-24 14:02:26.196 +05:30  DBG  Opening connection to database 'Ecommerce' on server 'FGS-DSK-230\MSSQLSERVER2019'.
2024-09-24 14:02:26.198 +05:30  DBG  Opened connection to database 'Ecommerce' on server 'FGS-DSK-230\MSSQLSERVER2019'.
2024-09-24 14:02:26.199 +05:30  DBG  Creating DbCommand for 'ExecuteReader'.
2024-09-24 14:02:26.200 +05:30  DBG  Created DbCommand for 'ExecuteReader' (1ms).
2024-09-24 14:02:26.202 +05:30  DBG  Initialized DbCommand for 'ExecuteReader' (2ms).
2024-09-24 14:02:26.203 +05:30  DBG  Executing DbCommand [Parameters=[@__normalizedEmail_0='?' (Size = 256)], CommandType='"Text"', CommandTimeout='30']
SELECT TOP(2) [a].[Id], [a].[AccessFailedCount], [a].[ConcurrencyStamp], [a].[CreatedAt], [a].[Email], [a].[EmailConfirmed], [a].[IsDeleted], [a].[IsVerified], [a].[LockoutEnabled], [a].[LockoutEnd], [a].[NormalizedEmail], [a].[NormalizedUserName], [a].[PasswordHash], [a].[PhoneNumber], [a].[PhoneNumberConfirmed], [a].[SecurityStamp], [a].[TwoFactorEnabled], [a].[UpdatedAt], [a].[UserName]
FROM [AspNetUsers] AS [a]
WHERE [a].[NormalizedEmail] = @__normalizedEmail_0
2024-09-24 14:02:26.207 +05:30  INF  Executed DbCommand (4ms) [Parameters=[@__normalizedEmail_0='?' (Size = 256)], CommandType='"Text"', CommandTimeout='30']
SELECT TOP(2) [a].[Id], [a].[AccessFailedCount], [a].[ConcurrencyStamp], [a].[CreatedAt], [a].[Email], [a].[EmailConfirmed], [a].[IsDeleted], [a].[IsVerified], [a].[LockoutEnabled], [a].[LockoutEnd], [a].[NormalizedEmail], [a].[NormalizedUserName], [a].[PasswordHash], [a].[PhoneNumber], [a].[PhoneNumberConfirmed], [a].[SecurityStamp], [a].[TwoFactorEnabled], [a].[UpdatedAt], [a].[UserName]
FROM [AspNetUsers] AS [a]
WHERE [a].[NormalizedEmail] = @__normalizedEmail_0
2024-09-24 14:02:26.215 +05:30  DBG  Context 'EcommerceDbContext' started tracking 'User' entity. Consider using 'DbContextOptionsBuilder.EnableSensitiveDataLogging' to see key values.
2024-09-24 14:02:26.217 +05:30  DBG  Closing data reader to 'Ecommerce' on server 'FGS-DSK-230\MSSQLSERVER2019'.
2024-09-24 14:02:26.218 +05:30  DBG  A data reader for 'Ecommerce' on server 'FGS-DSK-230\MSSQLSERVER2019' is being disposed after spending 8ms reading results.
2024-09-24 14:02:26.219 +05:30  DBG  Closing connection to database 'Ecommerce' on server 'FGS-DSK-230\MSSQLSERVER2019'.
2024-09-24 14:02:26.220 +05:30  DBG  Closed connection to database 'Ecommerce' on server 'FGS-DSK-230\MSSQLSERVER2019' (0ms).
2024-09-24 14:02:26.309 +05:30  DBG  Compiling query expression: 
'DbSet<IdentityUserRole<Guid>>()
    .Join(
        inner: DbSet<IdentityRole<Guid>>(), 
        outerKeySelector: userRole => userRole.RoleId, 
        innerKeySelector: role => role.Id, 
        resultSelector: (userRole, role) => new { 
            userRole = userRole, 
            role = role
         })
    .Where(<>h__TransparentIdentifier0 => <>h__TransparentIdentifier0.userRole.UserId.Equals(__userId_0))
    .Select(<>h__TransparentIdentifier0 => <>h__TransparentIdentifier0.role.Name)'
2024-09-24 14:02:26.327 +05:30  DBG  Generated query execution expression: 
'queryContext => new SingleQueryingEnumerable<string>(
    (RelationalQueryContext)queryContext, 
    RelationalCommandCache.QueryExpression(
        Projection Mapping:
            EmptyProjectionMember -> 0
        SELECT a0.Name
        FROM AspNetUserRoles AS a
        INNER JOIN AspNetRoles AS a0 ON a.RoleId == a0.Id
        WHERE a.UserId == @__userId_0), 
    null, 
    Func<QueryContext, DbDataReader, ResultContext, SingleQueryResultCoordinator, string>, 
    Persistance.EcommerceDbContext, 
    False, 
    False, 
    True
)'
2024-09-24 14:02:26.332 +05:30  DBG  Opening connection to database 'Ecommerce' on server 'FGS-DSK-230\MSSQLSERVER2019'.
2024-09-24 14:02:26.333 +05:30  DBG  Opened connection to database 'Ecommerce' on server 'FGS-DSK-230\MSSQLSERVER2019'.
2024-09-24 14:02:26.334 +05:30  DBG  Creating DbCommand for 'ExecuteReader'.
2024-09-24 14:02:26.335 +05:30  DBG  Created DbCommand for 'ExecuteReader' (0ms).
2024-09-24 14:02:26.335 +05:30  DBG  Initialized DbCommand for 'ExecuteReader' (1ms).
2024-09-24 14:02:26.336 +05:30  DBG  Executing DbCommand [Parameters=[@__userId_0='?' (DbType = Guid)], CommandType='"Text"', CommandTimeout='30']
SELECT [a0].[Name]
FROM [AspNetUserRoles] AS [a]
INNER JOIN [AspNetRoles] AS [a0] ON [a].[RoleId] = [a0].[Id]
WHERE [a].[UserId] = @__userId_0
2024-09-24 14:02:26.365 +05:30  INF  Executed DbCommand (28ms) [Parameters=[@__userId_0='?' (DbType = Guid)], CommandType='"Text"', CommandTimeout='30']
SELECT [a0].[Name]
FROM [AspNetUserRoles] AS [a]
INNER JOIN [AspNetRoles] AS [a0] ON [a].[RoleId] = [a0].[Id]
WHERE [a].[UserId] = @__userId_0
2024-09-24 14:02:26.371 +05:30  DBG  Closing data reader to 'Ecommerce' on server 'FGS-DSK-230\MSSQLSERVER2019'.
2024-09-24 14:02:26.372 +05:30  DBG  A data reader for 'Ecommerce' on server 'FGS-DSK-230\MSSQLSERVER2019' is being disposed after spending 1ms reading results.
2024-09-24 14:02:26.373 +05:30  DBG  Closing connection to database 'Ecommerce' on server 'FGS-DSK-230\MSSQLSERVER2019'.
2024-09-24 14:02:26.374 +05:30  DBG  Closed connection to database 'Ecommerce' on server 'FGS-DSK-230\MSSQLSERVER2019' (1ms).
2024-09-24 14:02:26.407 +05:30  INF  Executed action method Web.Ecommerce.Controllers.Account.AccountController.Login (Web.Ecommerce), returned result Microsoft.AspNetCore.Mvc.OkObjectResult in 265.4373ms.
2024-09-24 14:02:26.410 +05:30  VRB  Action Filter: Before executing OnActionExecuted on filter Microsoft.AspNetCore.Mvc.Infrastructure.ModelStateInvalidFilter.
2024-09-24 14:02:26.411 +05:30  VRB  Action Filter: After executing OnActionExecuted on filter Microsoft.AspNetCore.Mvc.Infrastructure.ModelStateInvalidFilter.
2024-09-24 14:02:26.412 +05:30  VRB  Action Filter: Before executing OnActionExecuted on filter Microsoft.AspNetCore.Mvc.ModelBinding.UnsupportedContentTypeFilter.
2024-09-24 14:02:26.414 +05:30  VRB  Action Filter: After executing OnActionExecuted on filter Microsoft.AspNetCore.Mvc.ModelBinding.UnsupportedContentTypeFilter.
2024-09-24 14:02:26.416 +05:30  VRB  Result Filter: Before executing OnResultExecuting on filter Microsoft.AspNetCore.Mvc.Infrastructure.ClientErrorResultFilter.
2024-09-24 14:02:26.417 +05:30  VRB  Result Filter: After executing OnResultExecuting on filter Microsoft.AspNetCore.Mvc.Infrastructure.ClientErrorResultFilter.
2024-09-24 14:02:26.419 +05:30  VRB  Before executing action result Microsoft.AspNetCore.Mvc.OkObjectResult.
2024-09-24 14:02:26.421 +05:30  DBG  List of registered output formatters, in the following order: ["Microsoft.AspNetCore.Mvc.Formatters.HttpNoContentOutputFormatter","Microsoft.AspNetCore.Mvc.Formatters.StringOutputFormatter","Microsoft.AspNetCore.Mvc.Formatters.StreamOutputFormatter","Microsoft.AspNetCore.Mvc.Formatters.SystemTextJsonOutputFormatter"]
2024-09-24 14:02:26.424 +05:30  DBG  No information found on request to perform content negotiation.
2024-09-24 14:02:26.424 +05:30  DBG  Attempting to select an output formatter without using a content type as no explicit content types were specified for the response.
2024-09-24 14:02:26.425 +05:30  DBG  Attempting to select the first formatter in the output formatters list which can write the result.
2024-09-24 14:02:26.426 +05:30  DBG  Selected output formatter 'Microsoft.AspNetCore.Mvc.Formatters.SystemTextJsonOutputFormatter' and content type 'application/json' to write the response.
2024-09-24 14:02:26.427 +05:30  INF  Executing OkObjectResult, writing value of type '<>f__AnonymousType1`3[[System.String, System.Private.CoreLib, Version=8.0.0.0, Culture=neutral, PublicKeyToken=7cec85d7bea7798e],[System.String, System.Private.CoreLib, Version=8.0.0.0, Culture=neutral, PublicKeyToken=7cec85d7bea7798e],[System.Collections.Generic.IEnumerable`1[[System.String, System.Private.CoreLib, Version=8.0.0.0, Culture=neutral, PublicKeyToken=7cec85d7bea7798e]], System.Private.CoreLib, Version=8.0.0.0, Culture=neutral, PublicKeyToken=7cec85d7bea7798e]]'.
2024-09-24 14:02:26.445 +05:30  VRB  Connection id "0HN6SED9F77PB" sending "HEADERS" frame for stream ID 1 with length 77 and flags "END_HEADERS".
2024-09-24 14:02:26.445 +05:30  VRB  After executing action result Microsoft.AspNetCore.Mvc.OkObjectResult.
2024-09-24 14:02:26.448 +05:30  VRB  Connection id "0HN6SED9F77PB" sending "DATA" frame for stream ID 1 with length 582 and flags "NONE".
2024-09-24 14:02:26.449 +05:30  VRB  Result Filter: Before executing OnResultExecuted on filter Microsoft.AspNetCore.Mvc.Infrastructure.ClientErrorResultFilter.
2024-09-24 14:02:26.453 +05:30  VRB  Result Filter: After executing OnResultExecuted on filter Microsoft.AspNetCore.Mvc.Infrastructure.ClientErrorResultFilter.
2024-09-24 14:02:26.457 +05:30  INF  Executed action Web.Ecommerce.Controllers.Account.AccountController.Login (Web.Ecommerce) in 402.5525ms
2024-09-24 14:02:26.459 +05:30  INF  Executed endpoint 'Web.Ecommerce.Controllers.Account.AccountController.Login (Web.Ecommerce)'
2024-09-24 14:02:26.461 +05:30  VRB  Connection id "0HN6SED9F77PB" sending "DATA" frame for stream ID 1 with length 0 and flags "END_STREAM".
2024-09-24 14:02:26.462 +05:30  DBG  'EcommerceDbContext' disposed.
2024-09-24 14:02:26.467 +05:30  DBG  Disposing connection to database 'Ecommerce' on server 'FGS-DSK-230\MSSQLSERVER2019'.
2024-09-24 14:02:26.469 +05:30  DBG  Disposed connection to database '' on server '' (2ms).
2024-09-24 14:02:26.471 +05:30  INF  Request finished HTTP/2 POST https://localhost:7113/api/Account/Login - 200 null application/json; charset=utf-8 545.141ms
2024-09-24 14:02:34.130 +05:30  DBG  Connection id "0HN6SED9F77PB" received FIN.
2024-09-24 14:02:34.134 +05:30  DBG  Connection id "0HN6SED9F77PB" is closed. The last processed stream ID was 1.
2024-09-24 14:02:34.134 +05:30  DBG  The connection queue processing loop for 0HN6SED9F77PB completed.
2024-09-24 14:02:34.136 +05:30  DBG  Connection id "0HN6SED9F77PB" sending FIN because: "The Socket transport's send loop completed gracefully."
2024-09-24 14:02:34.153 +05:30  DBG  Connection id "0HN6SED9F77PB" stopped.
2024-09-24 14:02:44.008 +05:30  DBG  Connection id "0HN6SED9F77PC" accepted.
2024-09-24 14:02:44.009 +05:30  DBG  Connection id "0HN6SED9F77PC" started.
2024-09-24 14:02:44.011 +05:30  DBG  Connection 0HN6SED9F77PC established using the following protocol: "Tls12"
2024-09-24 14:02:44.013 +05:30  VRB  Connection id "0HN6SED9F77PC" sending "SETTINGS" frame for stream ID 0 with length 24 and flags "NONE".
2024-09-24 14:02:44.015 +05:30  VRB  Connection id "0HN6SED9F77PC" sending "WINDOW_UPDATE" frame for stream ID 0 with length 4 and flags 0x0.
2024-09-24 14:02:44.017 +05:30  VRB  Connection id "0HN6SED9F77PC" received "SETTINGS" frame for stream ID 0 with length 24 and flags "NONE".
2024-09-24 14:02:44.019 +05:30  VRB  Connection id "0HN6SED9F77PC" sending "SETTINGS" frame for stream ID 0 with length 0 and flags "ACK".
2024-09-24 14:02:44.021 +05:30  VRB  Connection id "0HN6SED9F77PC" received "WINDOW_UPDATE" frame for stream ID 0 with length 4 and flags 0x0.
2024-09-24 14:02:44.022 +05:30  VRB  Connection id "0HN6SED9F77PC" received "HEADERS" frame for stream ID 1 with length 406 and flags "END_HEADERS, PRIORITY".
2024-09-24 14:02:44.024 +05:30  VRB  Connection id "0HN6SED9F77PC" received "DATA" frame for stream ID 1 with length 81 and flags "END_STREAM".
2024-09-24 14:02:44.024 +05:30  INF  Request starting HTTP/2 POST https://localhost:7113/api/Account/Login - application/json 81
2024-09-24 14:02:44.026 +05:30  VRB  Connection id "0HN6SED9F77PC" received "SETTINGS" frame for stream ID 0 with length 0 and flags "ACK".
2024-09-24 14:02:44.029 +05:30  VRB  All hosts are allowed.
2024-09-24 14:02:44.034 +05:30  DBG  1 candidate(s) found for the request path '/api/Account/Login'
2024-09-24 14:02:44.035 +05:30  DBG  Endpoint 'Web.Ecommerce.Controllers.Account.AccountController.Login (Web.Ecommerce)' with route pattern 'api/Account/Login' is valid for the request path '/api/Account/Login'
2024-09-24 14:02:44.036 +05:30  DBG  Request matched endpoint 'Web.Ecommerce.Controllers.Account.AccountController.Login (Web.Ecommerce)'
2024-09-24 14:02:44.037 +05:30  VRB  The endpoint does not specify the IRequestSizeLimitMetadata.
2024-09-24 14:02:44.037 +05:30  DBG  Static files was skipped as the request already matched an endpoint.
2024-09-24 14:02:44.038 +05:30  DBG  The request has an origin header: 'https://localhost:7113'.
2024-09-24 14:02:44.039 +05:30  INF  CORS policy execution successful.
2024-09-24 14:02:44.040 +05:30  DBG  AuthenticationScheme: Bearer was not authenticated.
2024-09-24 14:02:44.041 +05:30  INF  Executing endpoint 'Web.Ecommerce.Controllers.Account.AccountController.Login (Web.Ecommerce)'
2024-09-24 14:02:44.042 +05:30  INF  Route matched with {action = "Login", controller = "Account"}. Executing controller action with signature System.Threading.Tasks.Task`1[Microsoft.AspNetCore.Mvc.IActionResult] Login(Application.Ecom.Authentication.Commands.LoginUser.LoginUserCommand) on controller Web.Ecommerce.Controllers.Account.AccountController (Web.Ecommerce).
2024-09-24 14:02:44.044 +05:30  DBG  Execution plan of authorization filters (in the following order): ["None"]
2024-09-24 14:02:44.044 +05:30  DBG  Execution plan of resource filters (in the following order): ["None"]
2024-09-24 14:02:44.045 +05:30  DBG  Execution plan of action filters (in the following order): ["Microsoft.AspNetCore.Mvc.ModelBinding.UnsupportedContentTypeFilter (Order: -3000)","Microsoft.AspNetCore.Mvc.Infrastructure.ModelStateInvalidFilter (Order: -2000)"]
2024-09-24 14:02:44.050 +05:30  DBG  Execution plan of exception filters (in the following order): ["None"]
2024-09-24 14:02:44.052 +05:30  DBG  Execution plan of result filters (in the following order): ["Microsoft.AspNetCore.Mvc.Infrastructure.ClientErrorResultFilter (Order: -2000)"]
2024-09-24 14:02:44.053 +05:30  DBG  Executing controller factory for controller Web.Ecommerce.Controllers.Account.AccountController (Web.Ecommerce)
2024-09-24 14:02:44.054 +05:30  DBG  Executed controller factory for controller Web.Ecommerce.Controllers.Account.AccountController (Web.Ecommerce)
2024-09-24 14:02:44.055 +05:30  DBG  Attempting to bind parameter 'command' of type 'Application.Ecom.Authentication.Commands.LoginUser.LoginUserCommand' ...
2024-09-24 14:02:44.057 +05:30  DBG  Attempting to bind parameter 'command' of type 'Application.Ecom.Authentication.Commands.LoginUser.LoginUserCommand' using the name '' in request data ...
2024-09-24 14:02:44.058 +05:30  DBG  Selected input formatter 'Microsoft.AspNetCore.Mvc.Formatters.SystemTextJsonInputFormatter' for content type 'application/json'.
2024-09-24 14:02:44.059 +05:30  DBG  Connection id "0HN6SED9F77PC", Request id "0HN6SED9F77PC:00000001": started reading request body.
2024-09-24 14:02:44.060 +05:30  DBG  Connection id "0HN6SED9F77PC", Request id "0HN6SED9F77PC:00000001": done reading request body.
2024-09-24 14:02:44.061 +05:30  DBG  JSON input formatter succeeded, deserializing to type 'Application.Ecom.Authentication.Commands.LoginUser.LoginUserCommand'
2024-09-24 14:02:44.062 +05:30  DBG  Done attempting to bind parameter 'command' of type 'Application.Ecom.Authentication.Commands.LoginUser.LoginUserCommand'.
2024-09-24 14:02:44.063 +05:30  DBG  Done attempting to bind parameter 'command' of type 'Application.Ecom.Authentication.Commands.LoginUser.LoginUserCommand'.
2024-09-24 14:02:44.065 +05:30  DBG  Attempting to validate the bound parameter 'command' of type 'Application.Ecom.Authentication.Commands.LoginUser.LoginUserCommand' ...
2024-09-24 14:02:44.066 +05:30  DBG  Done attempting to validate the bound parameter 'command' of type 'Application.Ecom.Authentication.Commands.LoginUser.LoginUserCommand'.
2024-09-24 14:02:44.067 +05:30  VRB  Action Filter: Before executing OnActionExecuting on filter Microsoft.AspNetCore.Mvc.ModelBinding.UnsupportedContentTypeFilter.
2024-09-24 14:02:44.069 +05:30  VRB  Action Filter: After executing OnActionExecuting on filter Microsoft.AspNetCore.Mvc.ModelBinding.UnsupportedContentTypeFilter.
2024-09-24 14:02:44.070 +05:30  VRB  Action Filter: Before executing OnActionExecuting on filter Microsoft.AspNetCore.Mvc.Infrastructure.ModelStateInvalidFilter.
2024-09-24 14:02:44.071 +05:30  VRB  Action Filter: After executing OnActionExecuting on filter Microsoft.AspNetCore.Mvc.Infrastructure.ModelStateInvalidFilter.
2024-09-24 14:02:44.072 +05:30  INF  Executing action method Web.Ecommerce.Controllers.Account.AccountController.Login (Web.Ecommerce) - Validation state: "Valid"
2024-09-24 14:02:44.073 +05:30  VRB  Executing action method Web.Ecommerce.Controllers.Account.AccountController.Login (Web.Ecommerce) with arguments (["Application.Ecom.Authentication.Commands.LoginUser.LoginUserCommand"])
2024-09-24 14:02:44.084 +05:30  DBG  Entity Framework Core 8.0.8 initialized 'EcommerceDbContext' using provider 'Microsoft.EntityFrameworkCore.SqlServer:8.0.8' with options: None
2024-09-24 14:02:44.088 +05:30  DBG  Creating DbConnection.
2024-09-24 14:02:44.089 +05:30  DBG  Created DbConnection. (0ms).
2024-09-24 14:02:44.090 +05:30  DBG  Opening connection to database 'Ecommerce' on server 'FGS-DSK-230\MSSQLSERVER2019'.
2024-09-24 14:02:44.091 +05:30  DBG  Opened connection to database 'Ecommerce' on server 'FGS-DSK-230\MSSQLSERVER2019'.
2024-09-24 14:02:44.092 +05:30  DBG  Creating DbCommand for 'ExecuteReader'.
2024-09-24 14:02:44.093 +05:30  DBG  Created DbCommand for 'ExecuteReader' (0ms).
2024-09-24 14:02:44.093 +05:30  DBG  Initialized DbCommand for 'ExecuteReader' (1ms).
2024-09-24 14:02:44.094 +05:30  DBG  Executing DbCommand [Parameters=[@__normalizedEmail_0='?' (Size = 256)], CommandType='"Text"', CommandTimeout='30']
SELECT TOP(2) [a].[Id], [a].[AccessFailedCount], [a].[ConcurrencyStamp], [a].[CreatedAt], [a].[Email], [a].[EmailConfirmed], [a].[IsDeleted], [a].[IsVerified], [a].[LockoutEnabled], [a].[LockoutEnd], [a].[NormalizedEmail], [a].[NormalizedUserName], [a].[PasswordHash], [a].[PhoneNumber], [a].[PhoneNumberConfirmed], [a].[SecurityStamp], [a].[TwoFactorEnabled], [a].[UpdatedAt], [a].[UserName]
FROM [AspNetUsers] AS [a]
WHERE [a].[NormalizedEmail] = @__normalizedEmail_0
2024-09-24 14:02:44.100 +05:30  INF  Executed DbCommand (6ms) [Parameters=[@__normalizedEmail_0='?' (Size = 256)], CommandType='"Text"', CommandTimeout='30']
SELECT TOP(2) [a].[Id], [a].[AccessFailedCount], [a].[ConcurrencyStamp], [a].[CreatedAt], [a].[Email], [a].[EmailConfirmed], [a].[IsDeleted], [a].[IsVerified], [a].[LockoutEnabled], [a].[LockoutEnd], [a].[NormalizedEmail], [a].[NormalizedUserName], [a].[PasswordHash], [a].[PhoneNumber], [a].[PhoneNumberConfirmed], [a].[SecurityStamp], [a].[TwoFactorEnabled], [a].[UpdatedAt], [a].[UserName]
FROM [AspNetUsers] AS [a]
WHERE [a].[NormalizedEmail] = @__normalizedEmail_0
2024-09-24 14:02:44.102 +05:30  DBG  Context 'EcommerceDbContext' started tracking 'User' entity. Consider using 'DbContextOptionsBuilder.EnableSensitiveDataLogging' to see key values.
2024-09-24 14:02:44.103 +05:30  DBG  Closing data reader to 'Ecommerce' on server 'FGS-DSK-230\MSSQLSERVER2019'.
2024-09-24 14:02:44.104 +05:30  DBG  A data reader for 'Ecommerce' on server 'FGS-DSK-230\MSSQLSERVER2019' is being disposed after spending 2ms reading results.
2024-09-24 14:02:44.105 +05:30  DBG  Closing connection to database 'Ecommerce' on server 'FGS-DSK-230\MSSQLSERVER2019'.
2024-09-24 14:02:44.106 +05:30  DBG  Closed connection to database 'Ecommerce' on server 'FGS-DSK-230\MSSQLSERVER2019' (0ms).
2024-09-24 14:02:44.179 +05:30  DBG  Opening connection to database 'Ecommerce' on server 'FGS-DSK-230\MSSQLSERVER2019'.
2024-09-24 14:02:44.181 +05:30  DBG  Opened connection to database 'Ecommerce' on server 'FGS-DSK-230\MSSQLSERVER2019'.
2024-09-24 14:02:44.183 +05:30  DBG  Creating DbCommand for 'ExecuteReader'.
2024-09-24 14:02:44.183 +05:30  DBG  Created DbCommand for 'ExecuteReader' (0ms).
2024-09-24 14:02:44.184 +05:30  DBG  Initialized DbCommand for 'ExecuteReader' (1ms).
2024-09-24 14:02:44.185 +05:30  DBG  Executing DbCommand [Parameters=[@__userId_0='?' (DbType = Guid)], CommandType='"Text"', CommandTimeout='30']
SELECT [a0].[Name]
FROM [AspNetUserRoles] AS [a]
INNER JOIN [AspNetRoles] AS [a0] ON [a].[RoleId] = [a0].[Id]
WHERE [a].[UserId] = @__userId_0
2024-09-24 14:02:44.189 +05:30  INF  Executed DbCommand (4ms) [Parameters=[@__userId_0='?' (DbType = Guid)], CommandType='"Text"', CommandTimeout='30']
SELECT [a0].[Name]
FROM [AspNetUserRoles] AS [a]
INNER JOIN [AspNetRoles] AS [a0] ON [a].[RoleId] = [a0].[Id]
WHERE [a].[UserId] = @__userId_0
2024-09-24 14:02:44.191 +05:30  DBG  Closing data reader to 'Ecommerce' on server 'FGS-DSK-230\MSSQLSERVER2019'.
2024-09-24 14:02:44.192 +05:30  DBG  A data reader for 'Ecommerce' on server 'FGS-DSK-230\MSSQLSERVER2019' is being disposed after spending 0ms reading results.
2024-09-24 14:02:44.193 +05:30  DBG  Closing connection to database 'Ecommerce' on server 'FGS-DSK-230\MSSQLSERVER2019'.
2024-09-24 14:02:44.194 +05:30  DBG  Closed connection to database 'Ecommerce' on server 'FGS-DSK-230\MSSQLSERVER2019' (0ms).
2024-09-24 14:02:44.195 +05:30  INF  Executed action method Web.Ecommerce.Controllers.Account.AccountController.Login (Web.Ecommerce), returned result Microsoft.AspNetCore.Mvc.OkObjectResult in 121.1863ms.
2024-09-24 14:02:44.197 +05:30  VRB  Action Filter: Before executing OnActionExecuted on filter Microsoft.AspNetCore.Mvc.Infrastructure.ModelStateInvalidFilter.
2024-09-24 14:02:44.199 +05:30  VRB  Action Filter: After executing OnActionExecuted on filter Microsoft.AspNetCore.Mvc.Infrastructure.ModelStateInvalidFilter.
2024-09-24 14:02:44.200 +05:30  VRB  Action Filter: Before executing OnActionExecuted on filter Microsoft.AspNetCore.Mvc.ModelBinding.UnsupportedContentTypeFilter.
2024-09-24 14:02:44.201 +05:30  VRB  Action Filter: After executing OnActionExecuted on filter Microsoft.AspNetCore.Mvc.ModelBinding.UnsupportedContentTypeFilter.
2024-09-24 14:02:44.202 +05:30  VRB  Result Filter: Before executing OnResultExecuting on filter Microsoft.AspNetCore.Mvc.Infrastructure.ClientErrorResultFilter.
2024-09-24 14:02:44.203 +05:30  VRB  Result Filter: After executing OnResultExecuting on filter Microsoft.AspNetCore.Mvc.Infrastructure.ClientErrorResultFilter.
2024-09-24 14:02:44.204 +05:30  VRB  Before executing action result Microsoft.AspNetCore.Mvc.OkObjectResult.
2024-09-24 14:02:44.205 +05:30  DBG  List of registered output formatters, in the following order: ["Microsoft.AspNetCore.Mvc.Formatters.HttpNoContentOutputFormatter","Microsoft.AspNetCore.Mvc.Formatters.StringOutputFormatter","Microsoft.AspNetCore.Mvc.Formatters.StreamOutputFormatter","Microsoft.AspNetCore.Mvc.Formatters.SystemTextJsonOutputFormatter"]
2024-09-24 14:02:44.207 +05:30  DBG  No information found on request to perform content negotiation.
2024-09-24 14:02:44.207 +05:30  DBG  Attempting to select an output formatter without using a content type as no explicit content types were specified for the response.
2024-09-24 14:02:44.208 +05:30  DBG  Attempting to select the first formatter in the output formatters list which can write the result.
2024-09-24 14:02:44.209 +05:30  DBG  Selected output formatter 'Microsoft.AspNetCore.Mvc.Formatters.SystemTextJsonOutputFormatter' and content type 'application/json' to write the response.
2024-09-24 14:02:44.209 +05:30  INF  Executing OkObjectResult, writing value of type '<>f__AnonymousType1`3[[System.String, System.Private.CoreLib, Version=8.0.0.0, Culture=neutral, PublicKeyToken=7cec85d7bea7798e],[System.String, System.Private.CoreLib, Version=8.0.0.0, Culture=neutral, PublicKeyToken=7cec85d7bea7798e],[System.Collections.Generic.IEnumerable`1[[System.String, System.Private.CoreLib, Version=8.0.0.0, Culture=neutral, PublicKeyToken=7cec85d7bea7798e]], System.Private.CoreLib, Version=8.0.0.0, Culture=neutral, PublicKeyToken=7cec85d7bea7798e]]'.
2024-09-24 14:02:44.211 +05:30  VRB  After executing action result Microsoft.AspNetCore.Mvc.OkObjectResult.
2024-09-24 14:02:44.211 +05:30  VRB  Connection id "0HN6SED9F77PC" sending "HEADERS" frame for stream ID 1 with length 77 and flags "END_HEADERS".
2024-09-24 14:02:44.211 +05:30  VRB  Result Filter: Before executing OnResultExecuted on filter Microsoft.AspNetCore.Mvc.Infrastructure.ClientErrorResultFilter.
2024-09-24 14:02:44.213 +05:30  VRB  Result Filter: After executing OnResultExecuted on filter Microsoft.AspNetCore.Mvc.Infrastructure.ClientErrorResultFilter.
2024-09-24 14:02:44.215 +05:30  VRB  Connection id "0HN6SED9F77PC" sending "DATA" frame for stream ID 1 with length 582 and flags "NONE".
2024-09-24 14:02:44.216 +05:30  INF  Executed action Web.Ecommerce.Controllers.Account.AccountController.Login (Web.Ecommerce) in 163.0893ms
2024-09-24 14:02:44.219 +05:30  INF  Executed endpoint 'Web.Ecommerce.Controllers.Account.AccountController.Login (Web.Ecommerce)'
2024-09-24 14:02:44.220 +05:30  VRB  Connection id "0HN6SED9F77PC" sending "DATA" frame for stream ID 1 with length 0 and flags "END_STREAM".
2024-09-24 14:02:44.220 +05:30  DBG  'EcommerceDbContext' disposed.
2024-09-24 14:02:44.222 +05:30  DBG  Disposing connection to database 'Ecommerce' on server 'FGS-DSK-230\MSSQLSERVER2019'.
2024-09-24 14:02:44.223 +05:30  DBG  Disposed connection to database '' on server '' (0ms).
2024-09-24 14:02:44.224 +05:30  INF  Request finished HTTP/2 POST https://localhost:7113/api/Account/Login - 200 null application/json; charset=utf-8 199.3876ms
2024-09-24 14:02:54.153 +05:30  DBG  Connection id "0HN6SED9F77PC" received FIN.
2024-09-24 14:02:54.155 +05:30  DBG  Connection id "0HN6SED9F77PC" is closed. The last processed stream ID was 1.
2024-09-24 14:02:54.155 +05:30  DBG  The connection queue processing loop for 0HN6SED9F77PC completed.
2024-09-24 14:02:54.156 +05:30  DBG  Connection id "0HN6SED9F77PC" sending FIN because: "The Socket transport's send loop completed gracefully."
2024-09-24 14:02:54.162 +05:30  DBG  Connection id "0HN6SED9F77PC" stopped.
2024-09-24 14:02:58.118 +05:30  DBG  Connection id "0HN6SED9F77PD" accepted.
2024-09-24 14:02:58.120 +05:30  DBG  Connection id "0HN6SED9F77PD" started.
2024-09-24 14:02:58.127 +05:30  DBG  Connection 0HN6SED9F77PD established using the following protocol: "Tls12"
2024-09-24 14:02:58.129 +05:30  VRB  Connection id "0HN6SED9F77PD" sending "SETTINGS" frame for stream ID 0 with length 24 and flags "NONE".
2024-09-24 14:02:58.132 +05:30  VRB  Connection id "0HN6SED9F77PD" sending "WINDOW_UPDATE" frame for stream ID 0 with length 4 and flags 0x0.
2024-09-24 14:02:58.133 +05:30  VRB  Connection id "0HN6SED9F77PD" received "SETTINGS" frame for stream ID 0 with length 24 and flags "NONE".
2024-09-24 14:02:58.135 +05:30  VRB  Connection id "0HN6SED9F77PD" sending "SETTINGS" frame for stream ID 0 with length 0 and flags "ACK".
2024-09-24 14:02:58.136 +05:30  VRB  Connection id "0HN6SED9F77PD" received "WINDOW_UPDATE" frame for stream ID 0 with length 4 and flags 0x0.
2024-09-24 14:02:58.139 +05:30  VRB  Connection id "0HN6SED9F77PD" received "HEADERS" frame for stream ID 1 with length 335 and flags "END_STREAM, END_HEADERS, PRIORITY".
2024-09-24 14:02:58.141 +05:30  VRB  Connection id "0HN6SED9F77PD" received "SETTINGS" frame for stream ID 0 with length 0 and flags "ACK".
2024-09-24 14:02:58.141 +05:30  INF  Request starting HTTP/2 OPTIONS https://localhost:7113/api/Account/Login - null null
2024-09-24 14:02:58.145 +05:30  VRB  All hosts are allowed.
2024-09-24 14:02:58.145 +05:30  DBG  1 candidate(s) found for the request path '/api/Account/Login'
2024-09-24 14:02:58.146 +05:30  DBG  Request matched endpoint '405 HTTP Method Not Supported'
2024-09-24 14:02:58.147 +05:30  VRB  The endpoint does not specify the IRequestSizeLimitMetadata.
2024-09-24 14:02:58.148 +05:30  DBG  Static files was skipped as the request already matched an endpoint.
2024-09-24 14:02:58.149 +05:30  DBG  The request has an origin header: 'http://localhost:4200'.
2024-09-24 14:02:58.152 +05:30  INF  CORS policy execution successful.
2024-09-24 14:02:58.154 +05:30  DBG  The request is a preflight request.
2024-09-24 14:02:58.155 +05:30  INF  Request finished HTTP/2 OPTIONS https://localhost:7113/api/Account/Login - 204 null null 13.8768ms
2024-09-24 14:02:58.155 +05:30  VRB  Connection id "0HN6SED9F77PD" sending "HEADERS" frame for stream ID 1 with length 122 and flags "END_STREAM, END_HEADERS".
2024-09-24 14:02:58.160 +05:30  VRB  Connection id "0HN6SED9F77PD" received "HEADERS" frame for stream ID 3 with length 182 and flags "END_HEADERS, PRIORITY".
2024-09-24 14:02:58.162 +05:30  VRB  Connection id "0HN6SED9F77PD" received "DATA" frame for stream ID 3 with length 68 and flags "END_STREAM".
2024-09-24 14:02:58.162 +05:30  INF  Request starting HTTP/2 POST https://localhost:7113/api/Account/Login - application/json 68
2024-09-24 14:02:58.166 +05:30  VRB  All hosts are allowed.
2024-09-24 14:02:58.167 +05:30  DBG  1 candidate(s) found for the request path '/api/Account/Login'
2024-09-24 14:02:58.167 +05:30  DBG  Endpoint 'Web.Ecommerce.Controllers.Account.AccountController.Login (Web.Ecommerce)' with route pattern 'api/Account/Login' is valid for the request path '/api/Account/Login'
2024-09-24 14:02:58.169 +05:30  DBG  Request matched endpoint 'Web.Ecommerce.Controllers.Account.AccountController.Login (Web.Ecommerce)'
2024-09-24 14:02:58.170 +05:30  VRB  The endpoint does not specify the IRequestSizeLimitMetadata.
2024-09-24 14:02:58.170 +05:30  DBG  Static files was skipped as the request already matched an endpoint.
2024-09-24 14:02:58.171 +05:30  DBG  The request has an origin header: 'http://localhost:4200'.
2024-09-24 14:02:58.172 +05:30  INF  CORS policy execution successful.
2024-09-24 14:02:58.173 +05:30  DBG  AuthenticationScheme: Bearer was not authenticated.
2024-09-24 14:02:58.174 +05:30  INF  Executing endpoint 'Web.Ecommerce.Controllers.Account.AccountController.Login (Web.Ecommerce)'
2024-09-24 14:02:58.175 +05:30  INF  Route matched with {action = "Login", controller = "Account"}. Executing controller action with signature System.Threading.Tasks.Task`1[Microsoft.AspNetCore.Mvc.IActionResult] Login(Application.Ecom.Authentication.Commands.LoginUser.LoginUserCommand) on controller Web.Ecommerce.Controllers.Account.AccountController (Web.Ecommerce).
2024-09-24 14:02:58.177 +05:30  DBG  Execution plan of authorization filters (in the following order): ["None"]
2024-09-24 14:02:58.178 +05:30  DBG  Execution plan of resource filters (in the following order): ["None"]
2024-09-24 14:02:58.179 +05:30  DBG  Execution plan of action filters (in the following order): ["Microsoft.AspNetCore.Mvc.ModelBinding.UnsupportedContentTypeFilter (Order: -3000)","Microsoft.AspNetCore.Mvc.Infrastructure.ModelStateInvalidFilter (Order: -2000)"]
2024-09-24 14:02:58.181 +05:30  DBG  Execution plan of exception filters (in the following order): ["None"]
2024-09-24 14:02:58.183 +05:30  DBG  Execution plan of result filters (in the following order): ["Microsoft.AspNetCore.Mvc.Infrastructure.ClientErrorResultFilter (Order: -2000)"]
2024-09-24 14:02:58.184 +05:30  DBG  Executing controller factory for controller Web.Ecommerce.Controllers.Account.AccountController (Web.Ecommerce)
2024-09-24 14:02:58.185 +05:30  DBG  Executed controller factory for controller Web.Ecommerce.Controllers.Account.AccountController (Web.Ecommerce)
2024-09-24 14:02:58.186 +05:30  DBG  Attempting to bind parameter 'command' of type 'Application.Ecom.Authentication.Commands.LoginUser.LoginUserCommand' ...
2024-09-24 14:02:58.187 +05:30  DBG  Attempting to bind parameter 'command' of type 'Application.Ecom.Authentication.Commands.LoginUser.LoginUserCommand' using the name '' in request data ...
2024-09-24 14:02:58.189 +05:30  DBG  Selected input formatter 'Microsoft.AspNetCore.Mvc.Formatters.SystemTextJsonInputFormatter' for content type 'application/json'.
2024-09-24 14:02:58.190 +05:30  DBG  Connection id "0HN6SED9F77PD", Request id "0HN6SED9F77PD:00000003": started reading request body.
2024-09-24 14:02:58.191 +05:30  DBG  Connection id "0HN6SED9F77PD", Request id "0HN6SED9F77PD:00000003": done reading request body.
2024-09-24 14:02:58.192 +05:30  DBG  JSON input formatter succeeded, deserializing to type 'Application.Ecom.Authentication.Commands.LoginUser.LoginUserCommand'
2024-09-24 14:02:58.193 +05:30  DBG  Done attempting to bind parameter 'command' of type 'Application.Ecom.Authentication.Commands.LoginUser.LoginUserCommand'.
2024-09-24 14:02:58.194 +05:30  DBG  Done attempting to bind parameter 'command' of type 'Application.Ecom.Authentication.Commands.LoginUser.LoginUserCommand'.
2024-09-24 14:02:58.195 +05:30  DBG  Attempting to validate the bound parameter 'command' of type 'Application.Ecom.Authentication.Commands.LoginUser.LoginUserCommand' ...
2024-09-24 14:02:58.196 +05:30  DBG  Done attempting to validate the bound parameter 'command' of type 'Application.Ecom.Authentication.Commands.LoginUser.LoginUserCommand'.
2024-09-24 14:02:58.198 +05:30  VRB  Action Filter: Before executing OnActionExecuting on filter Microsoft.AspNetCore.Mvc.ModelBinding.UnsupportedContentTypeFilter.
2024-09-24 14:02:58.199 +05:30  VRB  Action Filter: After executing OnActionExecuting on filter Microsoft.AspNetCore.Mvc.ModelBinding.UnsupportedContentTypeFilter.
2024-09-24 14:02:58.200 +05:30  VRB  Action Filter: Before executing OnActionExecuting on filter Microsoft.AspNetCore.Mvc.Infrastructure.ModelStateInvalidFilter.
2024-09-24 14:02:58.201 +05:30  VRB  Action Filter: After executing OnActionExecuting on filter Microsoft.AspNetCore.Mvc.Infrastructure.ModelStateInvalidFilter.
2024-09-24 14:02:58.202 +05:30  INF  Executing action method Web.Ecommerce.Controllers.Account.AccountController.Login (Web.Ecommerce) - Validation state: "Valid"
2024-09-24 14:02:58.203 +05:30  VRB  Executing action method Web.Ecommerce.Controllers.Account.AccountController.Login (Web.Ecommerce) with arguments (["Application.Ecom.Authentication.Commands.LoginUser.LoginUserCommand"])
2024-09-24 14:02:58.211 +05:30  DBG  Entity Framework Core 8.0.8 initialized 'EcommerceDbContext' using provider 'Microsoft.EntityFrameworkCore.SqlServer:8.0.8' with options: None
2024-09-24 14:02:58.214 +05:30  DBG  Creating DbConnection.
2024-09-24 14:02:58.215 +05:30  DBG  Created DbConnection. (1ms).
2024-09-24 14:02:58.216 +05:30  DBG  Opening connection to database 'Ecommerce' on server 'FGS-DSK-230\MSSQLSERVER2019'.
2024-09-24 14:02:58.217 +05:30  DBG  Opened connection to database 'Ecommerce' on server 'FGS-DSK-230\MSSQLSERVER2019'.
2024-09-24 14:02:58.218 +05:30  DBG  Creating DbCommand for 'ExecuteReader'.
2024-09-24 14:02:58.218 +05:30  DBG  Created DbCommand for 'ExecuteReader' (0ms).
2024-09-24 14:02:58.219 +05:30  DBG  Initialized DbCommand for 'ExecuteReader' (1ms).
2024-09-24 14:02:58.220 +05:30  DBG  Executing DbCommand [Parameters=[@__normalizedEmail_0='?' (Size = 256)], CommandType='"Text"', CommandTimeout='30']
SELECT TOP(2) [a].[Id], [a].[AccessFailedCount], [a].[ConcurrencyStamp], [a].[CreatedAt], [a].[Email], [a].[EmailConfirmed], [a].[IsDeleted], [a].[IsVerified], [a].[LockoutEnabled], [a].[LockoutEnd], [a].[NormalizedEmail], [a].[NormalizedUserName], [a].[PasswordHash], [a].[PhoneNumber], [a].[PhoneNumberConfirmed], [a].[SecurityStamp], [a].[TwoFactorEnabled], [a].[UpdatedAt], [a].[UserName]
FROM [AspNetUsers] AS [a]
WHERE [a].[NormalizedEmail] = @__normalizedEmail_0
2024-09-24 14:02:58.224 +05:30  INF  Executed DbCommand (4ms) [Parameters=[@__normalizedEmail_0='?' (Size = 256)], CommandType='"Text"', CommandTimeout='30']
SELECT TOP(2) [a].[Id], [a].[AccessFailedCount], [a].[ConcurrencyStamp], [a].[CreatedAt], [a].[Email], [a].[EmailConfirmed], [a].[IsDeleted], [a].[IsVerified], [a].[LockoutEnabled], [a].[LockoutEnd], [a].[NormalizedEmail], [a].[NormalizedUserName], [a].[PasswordHash], [a].[PhoneNumber], [a].[PhoneNumberConfirmed], [a].[SecurityStamp], [a].[TwoFactorEnabled], [a].[UpdatedAt], [a].[UserName]
FROM [AspNetUsers] AS [a]
WHERE [a].[NormalizedEmail] = @__normalizedEmail_0
2024-09-24 14:02:58.227 +05:30  DBG  Context 'EcommerceDbContext' started tracking 'User' entity. Consider using 'DbContextOptionsBuilder.EnableSensitiveDataLogging' to see key values.
2024-09-24 14:02:58.228 +05:30  DBG  Closing data reader to 'Ecommerce' on server 'FGS-DSK-230\MSSQLSERVER2019'.
2024-09-24 14:02:58.230 +05:30  DBG  A data reader for 'Ecommerce' on server 'FGS-DSK-230\MSSQLSERVER2019' is being disposed after spending 2ms reading results.
2024-09-24 14:02:58.233 +05:30  DBG  Closing connection to database 'Ecommerce' on server 'FGS-DSK-230\MSSQLSERVER2019'.
2024-09-24 14:02:58.235 +05:30  DBG  Closed connection to database 'Ecommerce' on server 'FGS-DSK-230\MSSQLSERVER2019' (1ms).
2024-09-24 14:02:58.310 +05:30  DBG  Opening connection to database 'Ecommerce' on server 'FGS-DSK-230\MSSQLSERVER2019'.
2024-09-24 14:02:58.312 +05:30  DBG  Opened connection to database 'Ecommerce' on server 'FGS-DSK-230\MSSQLSERVER2019'.
2024-09-24 14:02:58.313 +05:30  DBG  Creating DbCommand for 'ExecuteReader'.
2024-09-24 14:02:58.314 +05:30  DBG  Created DbCommand for 'ExecuteReader' (1ms).
2024-09-24 14:02:58.315 +05:30  DBG  Initialized DbCommand for 'ExecuteReader' (2ms).
2024-09-24 14:02:58.316 +05:30  DBG  Executing DbCommand [Parameters=[@__userId_0='?' (DbType = Guid)], CommandType='"Text"', CommandTimeout='30']
SELECT [a0].[Name]
FROM [AspNetUserRoles] AS [a]
INNER JOIN [AspNetRoles] AS [a0] ON [a].[RoleId] = [a0].[Id]
WHERE [a].[UserId] = @__userId_0
2024-09-24 14:02:58.320 +05:30  INF  Executed DbCommand (4ms) [Parameters=[@__userId_0='?' (DbType = Guid)], CommandType='"Text"', CommandTimeout='30']
SELECT [a0].[Name]
FROM [AspNetUserRoles] AS [a]
INNER JOIN [AspNetRoles] AS [a0] ON [a].[RoleId] = [a0].[Id]
WHERE [a].[UserId] = @__userId_0
2024-09-24 14:02:58.322 +05:30  DBG  Closing data reader to 'Ecommerce' on server 'FGS-DSK-230\MSSQLSERVER2019'.
2024-09-24 14:02:58.323 +05:30  DBG  A data reader for 'Ecommerce' on server 'FGS-DSK-230\MSSQLSERVER2019' is being disposed after spending 0ms reading results.
2024-09-24 14:02:58.324 +05:30  DBG  Closing connection to database 'Ecommerce' on server 'FGS-DSK-230\MSSQLSERVER2019'.
2024-09-24 14:02:58.325 +05:30  DBG  Closed connection to database 'Ecommerce' on server 'FGS-DSK-230\MSSQLSERVER2019' (0ms).
2024-09-24 14:02:58.327 +05:30  INF  Executed action method Web.Ecommerce.Controllers.Account.AccountController.Login (Web.Ecommerce), returned result Microsoft.AspNetCore.Mvc.OkObjectResult in 122.1197ms.
2024-09-24 14:02:58.328 +05:30  VRB  Action Filter: Before executing OnActionExecuted on filter Microsoft.AspNetCore.Mvc.Infrastructure.ModelStateInvalidFilter.
2024-09-24 14:02:58.329 +05:30  VRB  Action Filter: After executing OnActionExecuted on filter Microsoft.AspNetCore.Mvc.Infrastructure.ModelStateInvalidFilter.
2024-09-24 14:02:58.331 +05:30  VRB  Action Filter: Before executing OnActionExecuted on filter Microsoft.AspNetCore.Mvc.ModelBinding.UnsupportedContentTypeFilter.
2024-09-24 14:02:58.332 +05:30  VRB  Action Filter: After executing OnActionExecuted on filter Microsoft.AspNetCore.Mvc.ModelBinding.UnsupportedContentTypeFilter.
2024-09-24 14:02:58.334 +05:30  VRB  Result Filter: Before executing OnResultExecuting on filter Microsoft.AspNetCore.Mvc.Infrastructure.ClientErrorResultFilter.
2024-09-24 14:02:58.335 +05:30  VRB  Result Filter: After executing OnResultExecuting on filter Microsoft.AspNetCore.Mvc.Infrastructure.ClientErrorResultFilter.
2024-09-24 14:02:58.336 +05:30  VRB  Before executing action result Microsoft.AspNetCore.Mvc.OkObjectResult.
2024-09-24 14:02:58.338 +05:30  DBG  List of registered output formatters, in the following order: ["Microsoft.AspNetCore.Mvc.Formatters.HttpNoContentOutputFormatter","Microsoft.AspNetCore.Mvc.Formatters.StringOutputFormatter","Microsoft.AspNetCore.Mvc.Formatters.StreamOutputFormatter","Microsoft.AspNetCore.Mvc.Formatters.SystemTextJsonOutputFormatter"]
2024-09-24 14:02:58.339 +05:30  DBG  No information found on request to perform content negotiation.
2024-09-24 14:02:58.340 +05:30  DBG  Attempting to select an output formatter without using a content type as no explicit content types were specified for the response.
2024-09-24 14:02:58.340 +05:30  DBG  Attempting to select the first formatter in the output formatters list which can write the result.
2024-09-24 14:02:58.341 +05:30  DBG  Selected output formatter 'Microsoft.AspNetCore.Mvc.Formatters.SystemTextJsonOutputFormatter' and content type 'application/json' to write the response.
2024-09-24 14:02:58.342 +05:30  INF  Executing OkObjectResult, writing value of type '<>f__AnonymousType1`3[[System.String, System.Private.CoreLib, Version=8.0.0.0, Culture=neutral, PublicKeyToken=7cec85d7bea7798e],[System.String, System.Private.CoreLib, Version=8.0.0.0, Culture=neutral, PublicKeyToken=7cec85d7bea7798e],[System.Collections.Generic.IEnumerable`1[[System.String, System.Private.CoreLib, Version=8.0.0.0, Culture=neutral, PublicKeyToken=7cec85d7bea7798e]], System.Private.CoreLib, Version=8.0.0.0, Culture=neutral, PublicKeyToken=7cec85d7bea7798e]]'.
2024-09-24 14:02:58.343 +05:30  VRB  After executing action result Microsoft.AspNetCore.Mvc.OkObjectResult.
2024-09-24 14:02:58.343 +05:30  VRB  Connection id "0HN6SED9F77PD" sending "HEADERS" frame for stream ID 3 with length 67 and flags "END_HEADERS".
2024-09-24 14:02:58.344 +05:30  VRB  Result Filter: Before executing OnResultExecuted on filter Microsoft.AspNetCore.Mvc.Infrastructure.ClientErrorResultFilter.
2024-09-24 14:02:58.346 +05:30  VRB  Result Filter: After executing OnResultExecuted on filter Microsoft.AspNetCore.Mvc.Infrastructure.ClientErrorResultFilter.
2024-09-24 14:02:58.349 +05:30  INF  Executed action Web.Ecommerce.Controllers.Account.AccountController.Login (Web.Ecommerce) in 164.389ms
2024-09-24 14:02:58.350 +05:30  VRB  Connection id "0HN6SED9F77PD" sending "DATA" frame for stream ID 3 with length 582 and flags "NONE".
2024-09-24 14:02:58.352 +05:30  INF  Executed endpoint 'Web.Ecommerce.Controllers.Account.AccountController.Login (Web.Ecommerce)'
2024-09-24 14:02:58.355 +05:30  DBG  'EcommerceDbContext' disposed.
2024-09-24 14:02:58.355 +05:30  VRB  Connection id "0HN6SED9F77PD" sending "DATA" frame for stream ID 3 with length 0 and flags "END_STREAM".
2024-09-24 14:02:58.356 +05:30  DBG  Disposing connection to database 'Ecommerce' on server 'FGS-DSK-230\MSSQLSERVER2019'.
2024-09-24 14:02:58.358 +05:30  DBG  Disposed connection to database '' on server '' (2ms).
2024-09-24 14:02:58.360 +05:30  INF  Request finished HTTP/2 POST https://localhost:7113/api/Account/Login - 200 null application/json; charset=utf-8 197.7644ms
2024-09-24 14:03:04.165 +05:30  DBG  Connection id "0HN6SED9F77PD" received FIN.
2024-09-24 14:03:04.169 +05:30  DBG  Connection id "0HN6SED9F77PD" is closed. The last processed stream ID was 3.
2024-09-24 14:03:04.169 +05:30  DBG  The connection queue processing loop for 0HN6SED9F77PD completed.
2024-09-24 14:03:04.171 +05:30  DBG  Connection id "0HN6SED9F77PD" sending FIN because: "The Socket transport's send loop completed gracefully."
2024-09-24 14:03:04.183 +05:30  DBG  Connection id "0HN6SED9F77PD" stopped.
2024-09-24 14:03:19.580 +05:30  DBG  Connection id "0HN6SED9F77PE" accepted.
2024-09-24 14:03:19.582 +05:30  DBG  Connection id "0HN6SED9F77PE" started.
2024-09-24 14:03:19.585 +05:30  DBG  Connection 0HN6SED9F77PE established using the following protocol: "Tls12"
2024-09-24 14:03:19.586 +05:30  VRB  Connection id "0HN6SED9F77PE" sending "SETTINGS" frame for stream ID 0 with length 24 and flags "NONE".
2024-09-24 14:03:19.589 +05:30  VRB  Connection id "0HN6SED9F77PE" sending "WINDOW_UPDATE" frame for stream ID 0 with length 4 and flags 0x0.
2024-09-24 14:03:19.591 +05:30  VRB  Connection id "0HN6SED9F77PE" received "SETTINGS" frame for stream ID 0 with length 24 and flags "NONE".
2024-09-24 14:03:19.593 +05:30  VRB  Connection id "0HN6SED9F77PE" sending "SETTINGS" frame for stream ID 0 with length 0 and flags "ACK".
2024-09-24 14:03:19.594 +05:30  VRB  Connection id "0HN6SED9F77PE" received "WINDOW_UPDATE" frame for stream ID 0 with length 4 and flags 0x0.
2024-09-24 14:03:19.596 +05:30  VRB  Connection id "0HN6SED9F77PE" received "HEADERS" frame for stream ID 1 with length 335 and flags "END_STREAM, END_HEADERS, PRIORITY".
2024-09-24 14:03:19.598 +05:30  VRB  Connection id "0HN6SED9F77PE" received "SETTINGS" frame for stream ID 0 with length 0 and flags "ACK".
2024-09-24 14:03:19.598 +05:30  INF  Request starting HTTP/2 OPTIONS https://localhost:7113/api/Account/Login - null null
2024-09-24 14:03:19.603 +05:30  VRB  All hosts are allowed.
2024-09-24 14:03:19.604 +05:30  DBG  1 candidate(s) found for the request path '/api/Account/Login'
2024-09-24 14:03:19.605 +05:30  DBG  Request matched endpoint '405 HTTP Method Not Supported'
2024-09-24 14:03:19.606 +05:30  VRB  The endpoint does not specify the IRequestSizeLimitMetadata.
2024-09-24 14:03:19.607 +05:30  DBG  Static files was skipped as the request already matched an endpoint.
2024-09-24 14:03:19.608 +05:30  DBG  The request has an origin header: 'http://localhost:4200'.
2024-09-24 14:03:19.609 +05:30  INF  CORS policy execution successful.
2024-09-24 14:03:19.609 +05:30  DBG  The request is a preflight request.
2024-09-24 14:03:19.610 +05:30  INF  Request finished HTTP/2 OPTIONS https://localhost:7113/api/Account/Login - 204 null null 11.4775ms
2024-09-24 14:03:19.610 +05:30  VRB  Connection id "0HN6SED9F77PE" sending "HEADERS" frame for stream ID 1 with length 122 and flags "END_STREAM, END_HEADERS".
2024-09-24 14:03:19.616 +05:30  VRB  Connection id "0HN6SED9F77PE" received "HEADERS" frame for stream ID 3 with length 182 and flags "END_HEADERS, PRIORITY".
2024-09-24 14:03:19.619 +05:30  VRB  Connection id "0HN6SED9F77PE" received "DATA" frame for stream ID 3 with length 67 and flags "END_STREAM".
2024-09-24 14:03:19.619 +05:30  INF  Request starting HTTP/2 POST https://localhost:7113/api/Account/Login - application/json 67
2024-09-24 14:03:19.623 +05:30  VRB  All hosts are allowed.
2024-09-24 14:03:19.623 +05:30  DBG  1 candidate(s) found for the request path '/api/Account/Login'
2024-09-24 14:03:19.624 +05:30  DBG  Endpoint 'Web.Ecommerce.Controllers.Account.AccountController.Login (Web.Ecommerce)' with route pattern 'api/Account/Login' is valid for the request path '/api/Account/Login'
2024-09-24 14:03:19.625 +05:30  DBG  Request matched endpoint 'Web.Ecommerce.Controllers.Account.AccountController.Login (Web.Ecommerce)'
2024-09-24 14:03:19.626 +05:30  VRB  The endpoint does not specify the IRequestSizeLimitMetadata.
2024-09-24 14:03:19.627 +05:30  DBG  Static files was skipped as the request already matched an endpoint.
2024-09-24 14:03:19.627 +05:30  DBG  The request has an origin header: 'http://localhost:4200'.
2024-09-24 14:03:19.628 +05:30  INF  CORS policy execution successful.
2024-09-24 14:03:19.628 +05:30  DBG  AuthenticationScheme: Bearer was not authenticated.
2024-09-24 14:03:19.629 +05:30  INF  Executing endpoint 'Web.Ecommerce.Controllers.Account.AccountController.Login (Web.Ecommerce)'
2024-09-24 14:03:19.630 +05:30  INF  Route matched with {action = "Login", controller = "Account"}. Executing controller action with signature System.Threading.Tasks.Task`1[Microsoft.AspNetCore.Mvc.IActionResult] Login(Application.Ecom.Authentication.Commands.LoginUser.LoginUserCommand) on controller Web.Ecommerce.Controllers.Account.AccountController (Web.Ecommerce).
2024-09-24 14:03:19.633 +05:30  DBG  Execution plan of authorization filters (in the following order): ["None"]
2024-09-24 14:03:19.634 +05:30  DBG  Execution plan of resource filters (in the following order): ["None"]
2024-09-24 14:03:19.635 +05:30  DBG  Execution plan of action filters (in the following order): ["Microsoft.AspNetCore.Mvc.ModelBinding.UnsupportedContentTypeFilter (Order: -3000)","Microsoft.AspNetCore.Mvc.Infrastructure.ModelStateInvalidFilter (Order: -2000)"]
2024-09-24 14:03:19.637 +05:30  DBG  Execution plan of exception filters (in the following order): ["None"]
2024-09-24 14:03:19.638 +05:30  DBG  Execution plan of result filters (in the following order): ["Microsoft.AspNetCore.Mvc.Infrastructure.ClientErrorResultFilter (Order: -2000)"]
2024-09-24 14:03:19.640 +05:30  DBG  Executing controller factory for controller Web.Ecommerce.Controllers.Account.AccountController (Web.Ecommerce)
2024-09-24 14:03:19.641 +05:30  DBG  Executed controller factory for controller Web.Ecommerce.Controllers.Account.AccountController (Web.Ecommerce)
2024-09-24 14:03:19.642 +05:30  DBG  Attempting to bind parameter 'command' of type 'Application.Ecom.Authentication.Commands.LoginUser.LoginUserCommand' ...
2024-09-24 14:03:19.643 +05:30  DBG  Attempting to bind parameter 'command' of type 'Application.Ecom.Authentication.Commands.LoginUser.LoginUserCommand' using the name '' in request data ...
2024-09-24 14:03:19.645 +05:30  DBG  Selected input formatter 'Microsoft.AspNetCore.Mvc.Formatters.SystemTextJsonInputFormatter' for content type 'application/json'.
2024-09-24 14:03:19.646 +05:30  DBG  Connection id "0HN6SED9F77PE", Request id "0HN6SED9F77PE:00000003": started reading request body.
2024-09-24 14:03:19.648 +05:30  DBG  Connection id "0HN6SED9F77PE", Request id "0HN6SED9F77PE:00000003": done reading request body.
2024-09-24 14:03:19.655 +05:30  DBG  JSON input formatter threw an exception: The JSON value could not be converted to System.Boolean. Path: $.remember | LineNumber: 0 | BytePositionInLine: 66.
2024-09-24 14:03:19.657 +05:30  DBG  Done attempting to bind parameter 'command' of type 'Application.Ecom.Authentication.Commands.LoginUser.LoginUserCommand'.
2024-09-24 14:03:19.658 +05:30  DBG  Done attempting to bind parameter 'command' of type 'Application.Ecom.Authentication.Commands.LoginUser.LoginUserCommand'.
2024-09-24 14:03:19.659 +05:30  DBG  Attempting to validate the bound parameter 'command' of type 'Application.Ecom.Authentication.Commands.LoginUser.LoginUserCommand' ...
2024-09-24 14:03:19.660 +05:30  DBG  Done attempting to validate the bound parameter 'command' of type 'Application.Ecom.Authentication.Commands.LoginUser.LoginUserCommand'.
2024-09-24 14:03:19.661 +05:30  VRB  Action Filter: Before executing OnActionExecuting on filter Microsoft.AspNetCore.Mvc.ModelBinding.UnsupportedContentTypeFilter.
2024-09-24 14:03:19.663 +05:30  VRB  Action Filter: After executing OnActionExecuting on filter Microsoft.AspNetCore.Mvc.ModelBinding.UnsupportedContentTypeFilter.
2024-09-24 14:03:19.664 +05:30  VRB  Action Filter: Before executing OnActionExecuting on filter Microsoft.AspNetCore.Mvc.Infrastructure.ModelStateInvalidFilter.
2024-09-24 14:03:19.666 +05:30  DBG  The request has model state errors, returning an error response.
2024-09-24 14:03:19.667 +05:30  VRB  Action Filter: After executing OnActionExecuting on filter Microsoft.AspNetCore.Mvc.Infrastructure.ModelStateInvalidFilter.
2024-09-24 14:03:19.668 +05:30  DBG  Request was short circuited at action filter 'Microsoft.AspNetCore.Mvc.Infrastructure.ModelStateInvalidFilter'.
2024-09-24 14:03:19.669 +05:30  VRB  Action Filter: Before executing OnActionExecuted on filter Microsoft.AspNetCore.Mvc.ModelBinding.UnsupportedContentTypeFilter.
2024-09-24 14:03:19.670 +05:30  VRB  Action Filter: After executing OnActionExecuted on filter Microsoft.AspNetCore.Mvc.ModelBinding.UnsupportedContentTypeFilter.
2024-09-24 14:03:19.671 +05:30  VRB  Result Filter: Before executing OnResultExecuting on filter Microsoft.AspNetCore.Mvc.Infrastructure.ClientErrorResultFilter.
2024-09-24 14:03:19.672 +05:30  VRB  Result Filter: After executing OnResultExecuting on filter Microsoft.AspNetCore.Mvc.Infrastructure.ClientErrorResultFilter.
2024-09-24 14:03:19.674 +05:30  VRB  Before executing action result Microsoft.AspNetCore.Mvc.BadRequestObjectResult.
2024-09-24 14:03:19.674 +05:30  DBG  List of registered output formatters, in the following order: ["Microsoft.AspNetCore.Mvc.Formatters.HttpNoContentOutputFormatter","Microsoft.AspNetCore.Mvc.Formatters.StringOutputFormatter","Microsoft.AspNetCore.Mvc.Formatters.StreamOutputFormatter","Microsoft.AspNetCore.Mvc.Formatters.SystemTextJsonOutputFormatter"]
2024-09-24 14:03:19.676 +05:30  DBG  No information found on request to perform content negotiation.
2024-09-24 14:03:19.677 +05:30  DBG  Attempting to select the first output formatter in the output formatters list which supports a content type from the explicitly specified content types '["application/problem+json","application/problem+xml","application/problem+json","application/problem+xml"]'.
2024-09-24 14:03:19.678 +05:30  DBG  Selected output formatter 'Microsoft.AspNetCore.Mvc.Formatters.SystemTextJsonOutputFormatter' and content type 'application/problem+json' to write the response.
2024-09-24 14:03:19.679 +05:30  INF  Executing BadRequestObjectResult, writing value of type 'Microsoft.AspNetCore.Mvc.ValidationProblemDetails'.
2024-09-24 14:03:19.700 +05:30  VRB  After executing action result Microsoft.AspNetCore.Mvc.BadRequestObjectResult.
2024-09-24 14:03:19.700 +05:30  VRB  Connection id "0HN6SED9F77PE" sending "HEADERS" frame for stream ID 3 with length 45 and flags "END_HEADERS".
2024-09-24 14:03:19.701 +05:30  VRB  Result Filter: Before executing OnResultExecuted on filter Microsoft.AspNetCore.Mvc.Infrastructure.ClientErrorResultFilter.
2024-09-24 14:03:19.703 +05:30  VRB  Connection id "0HN6SED9F77PE" sending "DATA" frame for stream ID 3 with length 381 and flags "NONE".
2024-09-24 14:03:19.704 +05:30  VRB  Result Filter: After executing OnResultExecuted on filter Microsoft.AspNetCore.Mvc.Infrastructure.ClientErrorResultFilter.
2024-09-24 14:03:19.708 +05:30  INF  Executed action Web.Ecommerce.Controllers.Account.AccountController.Login (Web.Ecommerce) in 67.5933ms
2024-09-24 14:03:19.709 +05:30  INF  Executed endpoint 'Web.Ecommerce.Controllers.Account.AccountController.Login (Web.Ecommerce)'
2024-09-24 14:03:19.709 +05:30  INF  Request finished HTTP/2 POST https://localhost:7113/api/Account/Login - 400 null application/problem+json; charset=utf-8 90.1239ms
2024-09-24 14:03:19.709 +05:30  VRB  Connection id "0HN6SED9F77PE" sending "DATA" frame for stream ID 3 with length 0 and flags "END_STREAM".
2024-09-24 14:03:24.189 +05:30  DBG  Connection id "0HN6SED9F77PE" received FIN.
2024-09-24 14:03:24.192 +05:30  DBG  Connection id "0HN6SED9F77PE" is closed. The last processed stream ID was 3.
2024-09-24 14:03:24.192 +05:30  DBG  The connection queue processing loop for 0HN6SED9F77PE completed.
2024-09-24 14:03:24.193 +05:30  DBG  Connection id "0HN6SED9F77PE" sending FIN because: "The Socket transport's send loop completed gracefully."
2024-09-24 14:03:24.203 +05:30  DBG  Connection id "0HN6SED9F77PE" stopped.
2024-09-24 14:04:13.177 +05:30  DBG  Connection id "0HN6SED9F77PF" accepted.
2024-09-24 14:04:13.186 +05:30  DBG  Connection id "0HN6SED9F77PF" started.
2024-09-24 14:04:13.189 +05:30  DBG  Connection 0HN6SED9F77PF established using the following protocol: "Tls12"
2024-09-24 14:04:13.190 +05:30  VRB  Connection id "0HN6SED9F77PF" sending "SETTINGS" frame for stream ID 0 with length 24 and flags "NONE".
2024-09-24 14:04:13.191 +05:30  VRB  Connection id "0HN6SED9F77PF" sending "WINDOW_UPDATE" frame for stream ID 0 with length 4 and flags 0x0.
2024-09-24 14:04:13.193 +05:30  VRB  Connection id "0HN6SED9F77PF" received "SETTINGS" frame for stream ID 0 with length 24 and flags "NONE".
2024-09-24 14:04:13.194 +05:30  VRB  Connection id "0HN6SED9F77PF" sending "SETTINGS" frame for stream ID 0 with length 0 and flags "ACK".
2024-09-24 14:04:13.196 +05:30  VRB  Connection id "0HN6SED9F77PF" received "WINDOW_UPDATE" frame for stream ID 0 with length 4 and flags 0x0.
2024-09-24 14:04:13.199 +05:30  VRB  Connection id "0HN6SED9F77PF" received "HEADERS" frame for stream ID 1 with length 335 and flags "END_STREAM, END_HEADERS, PRIORITY".
2024-09-24 14:04:13.201 +05:30  VRB  Connection id "0HN6SED9F77PF" received "SETTINGS" frame for stream ID 0 with length 0 and flags "ACK".
2024-09-24 14:04:13.201 +05:30  INF  Request starting HTTP/2 OPTIONS https://localhost:7113/api/Account/Login - null null
2024-09-24 14:04:13.204 +05:30  VRB  All hosts are allowed.
2024-09-24 14:04:13.205 +05:30  DBG  1 candidate(s) found for the request path '/api/Account/Login'
2024-09-24 14:04:13.206 +05:30  DBG  Request matched endpoint '405 HTTP Method Not Supported'
2024-09-24 14:04:13.206 +05:30  VRB  The endpoint does not specify the IRequestSizeLimitMetadata.
2024-09-24 14:04:13.207 +05:30  DBG  Static files was skipped as the request already matched an endpoint.
2024-09-24 14:04:13.208 +05:30  DBG  The request has an origin header: 'http://localhost:4200'.
2024-09-24 14:04:13.208 +05:30  INF  CORS policy execution successful.
2024-09-24 14:04:13.209 +05:30  DBG  The request is a preflight request.
2024-09-24 14:04:13.209 +05:30  INF  Request finished HTTP/2 OPTIONS https://localhost:7113/api/Account/Login - 204 null null 8.1753ms
2024-09-24 14:04:13.209 +05:30  VRB  Connection id "0HN6SED9F77PF" sending "HEADERS" frame for stream ID 1 with length 122 and flags "END_STREAM, END_HEADERS".
2024-09-24 14:04:13.216 +05:30  VRB  Connection id "0HN6SED9F77PF" received "HEADERS" frame for stream ID 3 with length 182 and flags "END_HEADERS, PRIORITY".
2024-09-24 14:04:13.219 +05:30  VRB  Connection id "0HN6SED9F77PF" received "DATA" frame for stream ID 3 with length 68 and flags "END_STREAM".
2024-09-24 14:04:13.219 +05:30  INF  Request starting HTTP/2 POST https://localhost:7113/api/Account/Login - application/json 68
2024-09-24 14:04:13.223 +05:30  VRB  All hosts are allowed.
2024-09-24 14:04:13.224 +05:30  DBG  1 candidate(s) found for the request path '/api/Account/Login'
2024-09-24 14:04:13.224 +05:30  DBG  Endpoint 'Web.Ecommerce.Controllers.Account.AccountController.Login (Web.Ecommerce)' with route pattern 'api/Account/Login' is valid for the request path '/api/Account/Login'
2024-09-24 14:04:13.226 +05:30  DBG  Request matched endpoint 'Web.Ecommerce.Controllers.Account.AccountController.Login (Web.Ecommerce)'
2024-09-24 14:04:13.227 +05:30  VRB  The endpoint does not specify the IRequestSizeLimitMetadata.
2024-09-24 14:04:13.227 +05:30  DBG  Static files was skipped as the request already matched an endpoint.
2024-09-24 14:04:13.228 +05:30  DBG  The request has an origin header: 'http://localhost:4200'.
2024-09-24 14:04:13.228 +05:30  INF  CORS policy execution successful.
2024-09-24 14:04:13.229 +05:30  DBG  AuthenticationScheme: Bearer was not authenticated.
2024-09-24 14:04:13.230 +05:30  INF  Executing endpoint 'Web.Ecommerce.Controllers.Account.AccountController.Login (Web.Ecommerce)'
2024-09-24 14:04:13.231 +05:30  INF  Route matched with {action = "Login", controller = "Account"}. Executing controller action with signature System.Threading.Tasks.Task`1[Microsoft.AspNetCore.Mvc.IActionResult] Login(Application.Ecom.Authentication.Commands.LoginUser.LoginUserCommand) on controller Web.Ecommerce.Controllers.Account.AccountController (Web.Ecommerce).
2024-09-24 14:04:13.233 +05:30  DBG  Execution plan of authorization filters (in the following order): ["None"]
2024-09-24 14:04:13.234 +05:30  DBG  Execution plan of resource filters (in the following order): ["None"]
2024-09-24 14:04:13.235 +05:30  DBG  Execution plan of action filters (in the following order): ["Microsoft.AspNetCore.Mvc.ModelBinding.UnsupportedContentTypeFilter (Order: -3000)","Microsoft.AspNetCore.Mvc.Infrastructure.ModelStateInvalidFilter (Order: -2000)"]
2024-09-24 14:04:13.236 +05:30  DBG  Execution plan of exception filters (in the following order): ["None"]
2024-09-24 14:04:13.237 +05:30  DBG  Execution plan of result filters (in the following order): ["Microsoft.AspNetCore.Mvc.Infrastructure.ClientErrorResultFilter (Order: -2000)"]
2024-09-24 14:04:13.239 +05:30  DBG  Executing controller factory for controller Web.Ecommerce.Controllers.Account.AccountController (Web.Ecommerce)
2024-09-24 14:04:13.240 +05:30  DBG  Executed controller factory for controller Web.Ecommerce.Controllers.Account.AccountController (Web.Ecommerce)
2024-09-24 14:04:13.241 +05:30  DBG  Attempting to bind parameter 'command' of type 'Application.Ecom.Authentication.Commands.LoginUser.LoginUserCommand' ...
2024-09-24 14:04:13.242 +05:30  DBG  Attempting to bind parameter 'command' of type 'Application.Ecom.Authentication.Commands.LoginUser.LoginUserCommand' using the name '' in request data ...
2024-09-24 14:04:13.243 +05:30  DBG  Selected input formatter 'Microsoft.AspNetCore.Mvc.Formatters.SystemTextJsonInputFormatter' for content type 'application/json'.
2024-09-24 14:04:13.244 +05:30  DBG  Connection id "0HN6SED9F77PF", Request id "0HN6SED9F77PF:00000003": started reading request body.
2024-09-24 14:04:13.245 +05:30  DBG  Connection id "0HN6SED9F77PF", Request id "0HN6SED9F77PF:00000003": done reading request body.
2024-09-24 14:04:13.246 +05:30  DBG  JSON input formatter succeeded, deserializing to type 'Application.Ecom.Authentication.Commands.LoginUser.LoginUserCommand'
2024-09-24 14:04:13.247 +05:30  DBG  Done attempting to bind parameter 'command' of type 'Application.Ecom.Authentication.Commands.LoginUser.LoginUserCommand'.
2024-09-24 14:04:13.248 +05:30  DBG  Done attempting to bind parameter 'command' of type 'Application.Ecom.Authentication.Commands.LoginUser.LoginUserCommand'.
2024-09-24 14:04:13.249 +05:30  DBG  Attempting to validate the bound parameter 'command' of type 'Application.Ecom.Authentication.Commands.LoginUser.LoginUserCommand' ...
2024-09-24 14:04:13.250 +05:30  DBG  Done attempting to validate the bound parameter 'command' of type 'Application.Ecom.Authentication.Commands.LoginUser.LoginUserCommand'.
2024-09-24 14:04:13.251 +05:30  VRB  Action Filter: Before executing OnActionExecuting on filter Microsoft.AspNetCore.Mvc.ModelBinding.UnsupportedContentTypeFilter.
2024-09-24 14:04:13.253 +05:30  VRB  Action Filter: After executing OnActionExecuting on filter Microsoft.AspNetCore.Mvc.ModelBinding.UnsupportedContentTypeFilter.
2024-09-24 14:04:13.254 +05:30  VRB  Action Filter: Before executing OnActionExecuting on filter Microsoft.AspNetCore.Mvc.Infrastructure.ModelStateInvalidFilter.
2024-09-24 14:04:13.255 +05:30  VRB  Action Filter: After executing OnActionExecuting on filter Microsoft.AspNetCore.Mvc.Infrastructure.ModelStateInvalidFilter.
2024-09-24 14:04:13.256 +05:30  INF  Executing action method Web.Ecommerce.Controllers.Account.AccountController.Login (Web.Ecommerce) - Validation state: "Valid"
2024-09-24 14:04:13.257 +05:30  VRB  Executing action method Web.Ecommerce.Controllers.Account.AccountController.Login (Web.Ecommerce) with arguments (["Application.Ecom.Authentication.Commands.LoginUser.LoginUserCommand"])
2024-09-24 14:04:13.259 +05:30  DBG  Entity Framework Core 8.0.8 initialized 'EcommerceDbContext' using provider 'Microsoft.EntityFrameworkCore.SqlServer:8.0.8' with options: None
2024-09-24 14:04:13.261 +05:30  DBG  Creating DbConnection.
2024-09-24 14:04:13.261 +05:30  DBG  Created DbConnection. (0ms).
2024-09-24 14:04:13.262 +05:30  DBG  Opening connection to database 'Ecommerce' on server 'FGS-DSK-230\MSSQLSERVER2019'.
2024-09-24 14:04:13.263 +05:30  DBG  Opened connection to database 'Ecommerce' on server 'FGS-DSK-230\MSSQLSERVER2019'.
2024-09-24 14:04:13.266 +05:30  DBG  Creating DbCommand for 'ExecuteReader'.
2024-09-24 14:04:13.267 +05:30  DBG  Created DbCommand for 'ExecuteReader' (0ms).
2024-09-24 14:04:13.268 +05:30  DBG  Initialized DbCommand for 'ExecuteReader' (1ms).
2024-09-24 14:04:13.269 +05:30  DBG  Executing DbCommand [Parameters=[@__normalizedEmail_0='?' (Size = 256)], CommandType='"Text"', CommandTimeout='30']
SELECT TOP(2) [a].[Id], [a].[AccessFailedCount], [a].[ConcurrencyStamp], [a].[CreatedAt], [a].[Email], [a].[EmailConfirmed], [a].[IsDeleted], [a].[IsVerified], [a].[LockoutEnabled], [a].[LockoutEnd], [a].[NormalizedEmail], [a].[NormalizedUserName], [a].[PasswordHash], [a].[PhoneNumber], [a].[PhoneNumberConfirmed], [a].[SecurityStamp], [a].[TwoFactorEnabled], [a].[UpdatedAt], [a].[UserName]
FROM [AspNetUsers] AS [a]
WHERE [a].[NormalizedEmail] = @__normalizedEmail_0
2024-09-24 14:04:13.273 +05:30  INF  Executed DbCommand (4ms) [Parameters=[@__normalizedEmail_0='?' (Size = 256)], CommandType='"Text"', CommandTimeout='30']
SELECT TOP(2) [a].[Id], [a].[AccessFailedCount], [a].[ConcurrencyStamp], [a].[CreatedAt], [a].[Email], [a].[EmailConfirmed], [a].[IsDeleted], [a].[IsVerified], [a].[LockoutEnabled], [a].[LockoutEnd], [a].[NormalizedEmail], [a].[NormalizedUserName], [a].[PasswordHash], [a].[PhoneNumber], [a].[PhoneNumberConfirmed], [a].[SecurityStamp], [a].[TwoFactorEnabled], [a].[UpdatedAt], [a].[UserName]
FROM [AspNetUsers] AS [a]
WHERE [a].[NormalizedEmail] = @__normalizedEmail_0
2024-09-24 14:04:13.275 +05:30  DBG  Context 'EcommerceDbContext' started tracking 'User' entity. Consider using 'DbContextOptionsBuilder.EnableSensitiveDataLogging' to see key values.
2024-09-24 14:04:13.277 +05:30  DBG  Closing data reader to 'Ecommerce' on server 'FGS-DSK-230\MSSQLSERVER2019'.
2024-09-24 14:04:13.278 +05:30  DBG  A data reader for 'Ecommerce' on server 'FGS-DSK-230\MSSQLSERVER2019' is being disposed after spending 2ms reading results.
2024-09-24 14:04:13.279 +05:30  DBG  Closing connection to database 'Ecommerce' on server 'FGS-DSK-230\MSSQLSERVER2019'.
2024-09-24 14:04:13.281 +05:30  DBG  Closed connection to database 'Ecommerce' on server 'FGS-DSK-230\MSSQLSERVER2019' (1ms).
2024-09-24 14:04:13.354 +05:30  DBG  Opening connection to database 'Ecommerce' on server 'FGS-DSK-230\MSSQLSERVER2019'.
2024-09-24 14:04:13.355 +05:30  DBG  Opened connection to database 'Ecommerce' on server 'FGS-DSK-230\MSSQLSERVER2019'.
2024-09-24 14:04:13.356 +05:30  DBG  Creating DbCommand for 'ExecuteReader'.
2024-09-24 14:04:13.357 +05:30  DBG  Created DbCommand for 'ExecuteReader' (0ms).
2024-09-24 14:04:13.358 +05:30  DBG  Initialized DbCommand for 'ExecuteReader' (1ms).
2024-09-24 14:04:13.358 +05:30  DBG  Executing DbCommand [Parameters=[@__userId_0='?' (DbType = Guid)], CommandType='"Text"', CommandTimeout='30']
SELECT [a0].[Name]
FROM [AspNetUserRoles] AS [a]
INNER JOIN [AspNetRoles] AS [a0] ON [a].[RoleId] = [a0].[Id]
WHERE [a].[UserId] = @__userId_0
2024-09-24 14:04:13.362 +05:30  INF  Executed DbCommand (4ms) [Parameters=[@__userId_0='?' (DbType = Guid)], CommandType='"Text"', CommandTimeout='30']
SELECT [a0].[Name]
FROM [AspNetUserRoles] AS [a]
INNER JOIN [AspNetRoles] AS [a0] ON [a].[RoleId] = [a0].[Id]
WHERE [a].[UserId] = @__userId_0
2024-09-24 14:04:13.365 +05:30  DBG  Closing data reader to 'Ecommerce' on server 'FGS-DSK-230\MSSQLSERVER2019'.
2024-09-24 14:04:13.366 +05:30  DBG  A data reader for 'Ecommerce' on server 'FGS-DSK-230\MSSQLSERVER2019' is being disposed after spending 0ms reading results.
2024-09-24 14:04:13.367 +05:30  DBG  Closing connection to database 'Ecommerce' on server 'FGS-DSK-230\MSSQLSERVER2019'.
2024-09-24 14:04:13.368 +05:30  DBG  Closed connection to database 'Ecommerce' on server 'FGS-DSK-230\MSSQLSERVER2019' (0ms).
2024-09-24 14:04:13.369 +05:30  INF  Executed action method Web.Ecommerce.Controllers.Account.AccountController.Login (Web.Ecommerce), returned result Microsoft.AspNetCore.Mvc.OkObjectResult in 111.2405ms.
2024-09-24 14:04:13.371 +05:30  VRB  Action Filter: Before executing OnActionExecuted on filter Microsoft.AspNetCore.Mvc.Infrastructure.ModelStateInvalidFilter.
2024-09-24 14:04:13.372 +05:30  VRB  Action Filter: After executing OnActionExecuted on filter Microsoft.AspNetCore.Mvc.Infrastructure.ModelStateInvalidFilter.
2024-09-24 14:04:13.373 +05:30  VRB  Action Filter: Before executing OnActionExecuted on filter Microsoft.AspNetCore.Mvc.ModelBinding.UnsupportedContentTypeFilter.
2024-09-24 14:04:13.374 +05:30  VRB  Action Filter: After executing OnActionExecuted on filter Microsoft.AspNetCore.Mvc.ModelBinding.UnsupportedContentTypeFilter.
2024-09-24 14:04:13.375 +05:30  VRB  Result Filter: Before executing OnResultExecuting on filter Microsoft.AspNetCore.Mvc.Infrastructure.ClientErrorResultFilter.
2024-09-24 14:04:13.377 +05:30  VRB  Result Filter: After executing OnResultExecuting on filter Microsoft.AspNetCore.Mvc.Infrastructure.ClientErrorResultFilter.
2024-09-24 14:04:13.378 +05:30  VRB  Before executing action result Microsoft.AspNetCore.Mvc.OkObjectResult.
2024-09-24 14:04:13.379 +05:30  DBG  List of registered output formatters, in the following order: ["Microsoft.AspNetCore.Mvc.Formatters.HttpNoContentOutputFormatter","Microsoft.AspNetCore.Mvc.Formatters.StringOutputFormatter","Microsoft.AspNetCore.Mvc.Formatters.StreamOutputFormatter","Microsoft.AspNetCore.Mvc.Formatters.SystemTextJsonOutputFormatter"]
2024-09-24 14:04:13.381 +05:30  DBG  No information found on request to perform content negotiation.
2024-09-24 14:04:13.382 +05:30  DBG  Attempting to select an output formatter without using a content type as no explicit content types were specified for the response.
2024-09-24 14:04:13.382 +05:30  DBG  Attempting to select the first formatter in the output formatters list which can write the result.
2024-09-24 14:04:13.383 +05:30  DBG  Selected output formatter 'Microsoft.AspNetCore.Mvc.Formatters.SystemTextJsonOutputFormatter' and content type 'application/json' to write the response.
2024-09-24 14:04:13.384 +05:30  INF  Executing OkObjectResult, writing value of type '<>f__AnonymousType1`3[[System.String, System.Private.CoreLib, Version=8.0.0.0, Culture=neutral, PublicKeyToken=7cec85d7bea7798e],[System.String, System.Private.CoreLib, Version=8.0.0.0, Culture=neutral, PublicKeyToken=7cec85d7bea7798e],[System.Collections.Generic.IEnumerable`1[[System.String, System.Private.CoreLib, Version=8.0.0.0, Culture=neutral, PublicKeyToken=7cec85d7bea7798e]], System.Private.CoreLib, Version=8.0.0.0, Culture=neutral, PublicKeyToken=7cec85d7bea7798e]]'.
2024-09-24 14:04:13.386 +05:30  VRB  After executing action result Microsoft.AspNetCore.Mvc.OkObjectResult.
2024-09-24 14:04:13.386 +05:30  VRB  Connection id "0HN6SED9F77PF" sending "HEADERS" frame for stream ID 3 with length 37 and flags "END_HEADERS".
2024-09-24 14:04:13.386 +05:30  VRB  Result Filter: Before executing OnResultExecuted on filter Microsoft.AspNetCore.Mvc.Infrastructure.ClientErrorResultFilter.
2024-09-24 14:04:13.388 +05:30  VRB  Connection id "0HN6SED9F77PF" sending "DATA" frame for stream ID 3 with length 582 and flags "NONE".
2024-09-24 14:04:13.389 +05:30  VRB  Result Filter: After executing OnResultExecuted on filter Microsoft.AspNetCore.Mvc.Infrastructure.ClientErrorResultFilter.
2024-09-24 14:04:13.392 +05:30  INF  Executed action Web.Ecommerce.Controllers.Account.AccountController.Login (Web.Ecommerce) in 153.4029ms
2024-09-24 14:04:13.393 +05:30  INF  Executed endpoint 'Web.Ecommerce.Controllers.Account.AccountController.Login (Web.Ecommerce)'
2024-09-24 14:04:13.394 +05:30  DBG  'EcommerceDbContext' disposed.
2024-09-24 14:04:13.394 +05:30  VRB  Connection id "0HN6SED9F77PF" sending "DATA" frame for stream ID 3 with length 0 and flags "END_STREAM".
2024-09-24 14:04:13.395 +05:30  DBG  Disposing connection to database 'Ecommerce' on server 'FGS-DSK-230\MSSQLSERVER2019'.
2024-09-24 14:04:13.398 +05:30  DBG  Disposed connection to database '' on server '' (2ms).
2024-09-24 14:04:13.400 +05:30  INF  Request finished HTTP/2 POST https://localhost:7113/api/Account/Login - 200 null application/json; charset=utf-8 180.6577ms
2024-09-24 14:04:14.232 +05:30  DBG  Connection id "0HN6SED9F77PF" received FIN.
2024-09-24 14:04:14.235 +05:30  DBG  Connection id "0HN6SED9F77PF" is closed. The last processed stream ID was 3.
2024-09-24 14:04:14.235 +05:30  DBG  The connection queue processing loop for 0HN6SED9F77PF completed.
2024-09-24 14:04:14.236 +05:30  DBG  Connection id "0HN6SED9F77PF" sending FIN because: "The Socket transport's send loop completed gracefully."
2024-09-24 14:04:14.241 +05:30  DBG  Connection id "0HN6SED9F77PF" stopped.
2024-09-24 14:05:37.195 +05:30  DBG  Connection id "0HN6SED9F77PG" accepted.
2024-09-24 14:05:37.203 +05:30  DBG  Connection id "0HN6SED9F77PG" started.
2024-09-24 14:05:37.206 +05:30  DBG  Connection 0HN6SED9F77PG established using the following protocol: "Tls12"
2024-09-24 14:05:37.207 +05:30  VRB  Connection id "0HN6SED9F77PG" sending "SETTINGS" frame for stream ID 0 with length 24 and flags "NONE".
2024-09-24 14:05:37.210 +05:30  VRB  Connection id "0HN6SED9F77PG" sending "WINDOW_UPDATE" frame for stream ID 0 with length 4 and flags 0x0.
2024-09-24 14:05:37.216 +05:30  VRB  Connection id "0HN6SED9F77PG" received "SETTINGS" frame for stream ID 0 with length 24 and flags "NONE".
2024-09-24 14:05:37.217 +05:30  VRB  Connection id "0HN6SED9F77PG" sending "SETTINGS" frame for stream ID 0 with length 0 and flags "ACK".
2024-09-24 14:05:37.219 +05:30  VRB  Connection id "0HN6SED9F77PG" received "WINDOW_UPDATE" frame for stream ID 0 with length 4 and flags 0x0.
2024-09-24 14:05:37.220 +05:30  VRB  Connection id "0HN6SED9F77PG" received "HEADERS" frame for stream ID 1 with length 335 and flags "END_STREAM, END_HEADERS, PRIORITY".
2024-09-24 14:05:37.222 +05:30  VRB  Connection id "0HN6SED9F77PG" received "SETTINGS" frame for stream ID 0 with length 0 and flags "ACK".
2024-09-24 14:05:37.222 +05:30  INF  Request starting HTTP/2 OPTIONS https://localhost:7113/api/Account/Login - null null
2024-09-24 14:05:37.226 +05:30  VRB  All hosts are allowed.
2024-09-24 14:05:37.227 +05:30  DBG  1 candidate(s) found for the request path '/api/Account/Login'
2024-09-24 14:05:37.228 +05:30  DBG  Request matched endpoint '405 HTTP Method Not Supported'
2024-09-24 14:05:37.228 +05:30  VRB  The endpoint does not specify the IRequestSizeLimitMetadata.
2024-09-24 14:05:37.229 +05:30  DBG  Static files was skipped as the request already matched an endpoint.
2024-09-24 14:05:37.229 +05:30  DBG  The request has an origin header: 'http://localhost:4200'.
2024-09-24 14:05:37.230 +05:30  INF  CORS policy execution successful.
2024-09-24 14:05:37.231 +05:30  DBG  The request is a preflight request.
2024-09-24 14:05:37.233 +05:30  INF  Request finished HTTP/2 OPTIONS https://localhost:7113/api/Account/Login - 204 null null 11.2655ms
2024-09-24 14:05:37.233 +05:30  VRB  Connection id "0HN6SED9F77PG" sending "HEADERS" frame for stream ID 1 with length 122 and flags "END_STREAM, END_HEADERS".
2024-09-24 14:05:37.238 +05:30  VRB  Connection id "0HN6SED9F77PG" received "HEADERS" frame for stream ID 3 with length 182 and flags "END_HEADERS, PRIORITY".
2024-09-24 14:05:37.241 +05:30  VRB  Connection id "0HN6SED9F77PG" received "DATA" frame for stream ID 3 with length 68 and flags "END_STREAM".
2024-09-24 14:05:37.241 +05:30  INF  Request starting HTTP/2 POST https://localhost:7113/api/Account/Login - application/json 68
2024-09-24 14:05:37.245 +05:30  VRB  All hosts are allowed.
2024-09-24 14:05:37.245 +05:30  DBG  1 candidate(s) found for the request path '/api/Account/Login'
2024-09-24 14:05:37.246 +05:30  DBG  Endpoint 'Web.Ecommerce.Controllers.Account.AccountController.Login (Web.Ecommerce)' with route pattern 'api/Account/Login' is valid for the request path '/api/Account/Login'
2024-09-24 14:05:37.247 +05:30  DBG  Request matched endpoint 'Web.Ecommerce.Controllers.Account.AccountController.Login (Web.Ecommerce)'
2024-09-24 14:05:37.249 +05:30  VRB  The endpoint does not specify the IRequestSizeLimitMetadata.
2024-09-24 14:05:37.249 +05:30  DBG  Static files was skipped as the request already matched an endpoint.
2024-09-24 14:05:37.250 +05:30  DBG  The request has an origin header: 'http://localhost:4200'.
2024-09-24 14:05:37.250 +05:30  INF  CORS policy execution successful.
2024-09-24 14:05:37.251 +05:30  DBG  AuthenticationScheme: Bearer was not authenticated.
2024-09-24 14:05:37.252 +05:30  INF  Executing endpoint 'Web.Ecommerce.Controllers.Account.AccountController.Login (Web.Ecommerce)'
2024-09-24 14:05:37.252 +05:30  INF  Route matched with {action = "Login", controller = "Account"}. Executing controller action with signature System.Threading.Tasks.Task`1[Microsoft.AspNetCore.Mvc.IActionResult] Login(Application.Ecom.Authentication.Commands.LoginUser.LoginUserCommand) on controller Web.Ecommerce.Controllers.Account.AccountController (Web.Ecommerce).
2024-09-24 14:05:37.254 +05:30  DBG  Execution plan of authorization filters (in the following order): ["None"]
2024-09-24 14:05:37.255 +05:30  DBG  Execution plan of resource filters (in the following order): ["None"]
2024-09-24 14:05:37.256 +05:30  DBG  Execution plan of action filters (in the following order): ["Microsoft.AspNetCore.Mvc.ModelBinding.UnsupportedContentTypeFilter (Order: -3000)","Microsoft.AspNetCore.Mvc.Infrastructure.ModelStateInvalidFilter (Order: -2000)"]
2024-09-24 14:05:37.257 +05:30  DBG  Execution plan of exception filters (in the following order): ["None"]
2024-09-24 14:05:37.258 +05:30  DBG  Execution plan of result filters (in the following order): ["Microsoft.AspNetCore.Mvc.Infrastructure.ClientErrorResultFilter (Order: -2000)"]
2024-09-24 14:05:37.260 +05:30  DBG  Executing controller factory for controller Web.Ecommerce.Controllers.Account.AccountController (Web.Ecommerce)
2024-09-24 14:05:37.261 +05:30  DBG  Executed controller factory for controller Web.Ecommerce.Controllers.Account.AccountController (Web.Ecommerce)
2024-09-24 14:05:37.262 +05:30  DBG  Attempting to bind parameter 'command' of type 'Application.Ecom.Authentication.Commands.LoginUser.LoginUserCommand' ...
2024-09-24 14:05:37.263 +05:30  DBG  Attempting to bind parameter 'command' of type 'Application.Ecom.Authentication.Commands.LoginUser.LoginUserCommand' using the name '' in request data ...
2024-09-24 14:05:37.266 +05:30  DBG  Selected input formatter 'Microsoft.AspNetCore.Mvc.Formatters.SystemTextJsonInputFormatter' for content type 'application/json'.
2024-09-24 14:05:37.267 +05:30  DBG  Connection id "0HN6SED9F77PG", Request id "0HN6SED9F77PG:00000003": started reading request body.
2024-09-24 14:05:37.268 +05:30  DBG  Connection id "0HN6SED9F77PG", Request id "0HN6SED9F77PG:00000003": done reading request body.
2024-09-24 14:05:37.269 +05:30  DBG  JSON input formatter succeeded, deserializing to type 'Application.Ecom.Authentication.Commands.LoginUser.LoginUserCommand'
2024-09-24 14:05:37.270 +05:30  DBG  Done attempting to bind parameter 'command' of type 'Application.Ecom.Authentication.Commands.LoginUser.LoginUserCommand'.
2024-09-24 14:05:37.271 +05:30  DBG  Done attempting to bind parameter 'command' of type 'Application.Ecom.Authentication.Commands.LoginUser.LoginUserCommand'.
2024-09-24 14:05:37.272 +05:30  DBG  Attempting to validate the bound parameter 'command' of type 'Application.Ecom.Authentication.Commands.LoginUser.LoginUserCommand' ...
2024-09-24 14:05:37.273 +05:30  DBG  Done attempting to validate the bound parameter 'command' of type 'Application.Ecom.Authentication.Commands.LoginUser.LoginUserCommand'.
2024-09-24 14:05:37.274 +05:30  VRB  Action Filter: Before executing OnActionExecuting on filter Microsoft.AspNetCore.Mvc.ModelBinding.UnsupportedContentTypeFilter.
2024-09-24 14:05:37.275 +05:30  VRB  Action Filter: After executing OnActionExecuting on filter Microsoft.AspNetCore.Mvc.ModelBinding.UnsupportedContentTypeFilter.
2024-09-24 14:05:37.276 +05:30  VRB  Action Filter: Before executing OnActionExecuting on filter Microsoft.AspNetCore.Mvc.Infrastructure.ModelStateInvalidFilter.
2024-09-24 14:05:37.277 +05:30  VRB  Action Filter: After executing OnActionExecuting on filter Microsoft.AspNetCore.Mvc.Infrastructure.ModelStateInvalidFilter.
2024-09-24 14:05:37.278 +05:30  INF  Executing action method Web.Ecommerce.Controllers.Account.AccountController.Login (Web.Ecommerce) - Validation state: "Valid"
2024-09-24 14:05:37.279 +05:30  VRB  Executing action method Web.Ecommerce.Controllers.Account.AccountController.Login (Web.Ecommerce) with arguments (["Application.Ecom.Authentication.Commands.LoginUser.LoginUserCommand"])
2024-09-24 14:05:37.282 +05:30  DBG  Entity Framework Core 8.0.8 initialized 'EcommerceDbContext' using provider 'Microsoft.EntityFrameworkCore.SqlServer:8.0.8' with options: None
2024-09-24 14:05:37.285 +05:30  DBG  Creating DbConnection.
2024-09-24 14:05:37.285 +05:30  DBG  Created DbConnection. (0ms).
2024-09-24 14:05:37.286 +05:30  DBG  Opening connection to database 'Ecommerce' on server 'FGS-DSK-230\MSSQLSERVER2019'.
2024-09-24 14:05:37.287 +05:30  DBG  Opened connection to database 'Ecommerce' on server 'FGS-DSK-230\MSSQLSERVER2019'.
2024-09-24 14:05:37.288 +05:30  DBG  Creating DbCommand for 'ExecuteReader'.
2024-09-24 14:05:37.288 +05:30  DBG  Created DbCommand for 'ExecuteReader' (0ms).
2024-09-24 14:05:37.289 +05:30  DBG  Initialized DbCommand for 'ExecuteReader' (1ms).
2024-09-24 14:05:37.290 +05:30  DBG  Executing DbCommand [Parameters=[@__normalizedEmail_0='?' (Size = 256)], CommandType='"Text"', CommandTimeout='30']
SELECT TOP(2) [a].[Id], [a].[AccessFailedCount], [a].[ConcurrencyStamp], [a].[CreatedAt], [a].[Email], [a].[EmailConfirmed], [a].[IsDeleted], [a].[IsVerified], [a].[LockoutEnabled], [a].[LockoutEnd], [a].[NormalizedEmail], [a].[NormalizedUserName], [a].[PasswordHash], [a].[PhoneNumber], [a].[PhoneNumberConfirmed], [a].[SecurityStamp], [a].[TwoFactorEnabled], [a].[UpdatedAt], [a].[UserName]
FROM [AspNetUsers] AS [a]
WHERE [a].[NormalizedEmail] = @__normalizedEmail_0
2024-09-24 14:05:37.294 +05:30  INF  Executed DbCommand (4ms) [Parameters=[@__normalizedEmail_0='?' (Size = 256)], CommandType='"Text"', CommandTimeout='30']
SELECT TOP(2) [a].[Id], [a].[AccessFailedCount], [a].[ConcurrencyStamp], [a].[CreatedAt], [a].[Email], [a].[EmailConfirmed], [a].[IsDeleted], [a].[IsVerified], [a].[LockoutEnabled], [a].[LockoutEnd], [a].[NormalizedEmail], [a].[NormalizedUserName], [a].[PasswordHash], [a].[PhoneNumber], [a].[PhoneNumberConfirmed], [a].[SecurityStamp], [a].[TwoFactorEnabled], [a].[UpdatedAt], [a].[UserName]
FROM [AspNetUsers] AS [a]
WHERE [a].[NormalizedEmail] = @__normalizedEmail_0
2024-09-24 14:05:37.297 +05:30  DBG  Context 'EcommerceDbContext' started tracking 'User' entity. Consider using 'DbContextOptionsBuilder.EnableSensitiveDataLogging' to see key values.
2024-09-24 14:05:37.298 +05:30  DBG  Closing data reader to 'Ecommerce' on server 'FGS-DSK-230\MSSQLSERVER2019'.
2024-09-24 14:05:37.299 +05:30  DBG  A data reader for 'Ecommerce' on server 'FGS-DSK-230\MSSQLSERVER2019' is being disposed after spending 2ms reading results.
2024-09-24 14:05:37.300 +05:30  DBG  Closing connection to database 'Ecommerce' on server 'FGS-DSK-230\MSSQLSERVER2019'.
2024-09-24 14:05:37.301 +05:30  DBG  Closed connection to database 'Ecommerce' on server 'FGS-DSK-230\MSSQLSERVER2019' (0ms).
2024-09-24 14:05:37.374 +05:30  DBG  Opening connection to database 'Ecommerce' on server 'FGS-DSK-230\MSSQLSERVER2019'.
2024-09-24 14:05:37.375 +05:30  DBG  Opened connection to database 'Ecommerce' on server 'FGS-DSK-230\MSSQLSERVER2019'.
2024-09-24 14:05:37.376 +05:30  DBG  Creating DbCommand for 'ExecuteReader'.
2024-09-24 14:05:37.377 +05:30  DBG  Created DbCommand for 'ExecuteReader' (0ms).
2024-09-24 14:05:37.378 +05:30  DBG  Initialized DbCommand for 'ExecuteReader' (1ms).
2024-09-24 14:05:37.379 +05:30  DBG  Executing DbCommand [Parameters=[@__userId_0='?' (DbType = Guid)], CommandType='"Text"', CommandTimeout='30']
SELECT [a0].[Name]
FROM [AspNetUserRoles] AS [a]
INNER JOIN [AspNetRoles] AS [a0] ON [a].[RoleId] = [a0].[Id]
WHERE [a].[UserId] = @__userId_0
2024-09-24 14:05:37.383 +05:30  INF  Executed DbCommand (4ms) [Parameters=[@__userId_0='?' (DbType = Guid)], CommandType='"Text"', CommandTimeout='30']
SELECT [a0].[Name]
FROM [AspNetUserRoles] AS [a]
INNER JOIN [AspNetRoles] AS [a0] ON [a].[RoleId] = [a0].[Id]
WHERE [a].[UserId] = @__userId_0
2024-09-24 14:05:37.385 +05:30  DBG  Closing data reader to 'Ecommerce' on server 'FGS-DSK-230\MSSQLSERVER2019'.
2024-09-24 14:05:37.386 +05:30  DBG  A data reader for 'Ecommerce' on server 'FGS-DSK-230\MSSQLSERVER2019' is being disposed after spending 0ms reading results.
2024-09-24 14:05:37.387 +05:30  DBG  Closing connection to database 'Ecommerce' on server 'FGS-DSK-230\MSSQLSERVER2019'.
2024-09-24 14:05:37.388 +05:30  DBG  Closed connection to database 'Ecommerce' on server 'FGS-DSK-230\MSSQLSERVER2019' (0ms).
2024-09-24 14:05:37.389 +05:30  INF  Executed action method Web.Ecommerce.Controllers.Account.AccountController.Login (Web.Ecommerce), returned result Microsoft.AspNetCore.Mvc.OkObjectResult in 108.4603ms.
2024-09-24 14:05:37.390 +05:30  VRB  Action Filter: Before executing OnActionExecuted on filter Microsoft.AspNetCore.Mvc.Infrastructure.ModelStateInvalidFilter.
2024-09-24 14:05:37.391 +05:30  VRB  Action Filter: After executing OnActionExecuted on filter Microsoft.AspNetCore.Mvc.Infrastructure.ModelStateInvalidFilter.
2024-09-24 14:05:37.393 +05:30  VRB  Action Filter: Before executing OnActionExecuted on filter Microsoft.AspNetCore.Mvc.ModelBinding.UnsupportedContentTypeFilter.
2024-09-24 14:05:37.394 +05:30  VRB  Action Filter: After executing OnActionExecuted on filter Microsoft.AspNetCore.Mvc.ModelBinding.UnsupportedContentTypeFilter.
2024-09-24 14:05:37.396 +05:30  VRB  Result Filter: Before executing OnResultExecuting on filter Microsoft.AspNetCore.Mvc.Infrastructure.ClientErrorResultFilter.
2024-09-24 14:05:37.397 +05:30  VRB  Result Filter: After executing OnResultExecuting on filter Microsoft.AspNetCore.Mvc.Infrastructure.ClientErrorResultFilter.
2024-09-24 14:05:37.399 +05:30  VRB  Before executing action result Microsoft.AspNetCore.Mvc.OkObjectResult.
2024-09-24 14:05:37.400 +05:30  DBG  List of registered output formatters, in the following order: ["Microsoft.AspNetCore.Mvc.Formatters.HttpNoContentOutputFormatter","Microsoft.AspNetCore.Mvc.Formatters.StringOutputFormatter","Microsoft.AspNetCore.Mvc.Formatters.StreamOutputFormatter","Microsoft.AspNetCore.Mvc.Formatters.SystemTextJsonOutputFormatter"]
2024-09-24 14:05:37.402 +05:30  DBG  No information found on request to perform content negotiation.
2024-09-24 14:05:37.402 +05:30  DBG  Attempting to select an output formatter without using a content type as no explicit content types were specified for the response.
2024-09-24 14:05:37.403 +05:30  DBG  Attempting to select the first formatter in the output formatters list which can write the result.
2024-09-24 14:05:37.404 +05:30  DBG  Selected output formatter 'Microsoft.AspNetCore.Mvc.Formatters.SystemTextJsonOutputFormatter' and content type 'application/json' to write the response.
2024-09-24 14:05:37.405 +05:30  INF  Executing OkObjectResult, writing value of type '<>f__AnonymousType1`3[[System.String, System.Private.CoreLib, Version=8.0.0.0, Culture=neutral, PublicKeyToken=7cec85d7bea7798e],[System.String, System.Private.CoreLib, Version=8.0.0.0, Culture=neutral, PublicKeyToken=7cec85d7bea7798e],[System.Collections.Generic.IEnumerable`1[[System.String, System.Private.CoreLib, Version=8.0.0.0, Culture=neutral, PublicKeyToken=7cec85d7bea7798e]], System.Private.CoreLib, Version=8.0.0.0, Culture=neutral, PublicKeyToken=7cec85d7bea7798e]]'.
2024-09-24 14:05:37.407 +05:30  VRB  After executing action result Microsoft.AspNetCore.Mvc.OkObjectResult.
2024-09-24 14:05:37.407 +05:30  VRB  Connection id "0HN6SED9F77PG" sending "HEADERS" frame for stream ID 3 with length 67 and flags "END_HEADERS".
2024-09-24 14:05:37.407 +05:30  VRB  Result Filter: Before executing OnResultExecuted on filter Microsoft.AspNetCore.Mvc.Infrastructure.ClientErrorResultFilter.
2024-09-24 14:05:37.409 +05:30  VRB  Connection id "0HN6SED9F77PG" sending "DATA" frame for stream ID 3 with length 582 and flags "NONE".
2024-09-24 14:05:37.410 +05:30  VRB  Result Filter: After executing OnResultExecuted on filter Microsoft.AspNetCore.Mvc.Infrastructure.ClientErrorResultFilter.
2024-09-24 14:05:37.413 +05:30  INF  Executed action Web.Ecommerce.Controllers.Account.AccountController.Login (Web.Ecommerce) in 152.7947ms
2024-09-24 14:05:37.414 +05:30  INF  Executed endpoint 'Web.Ecommerce.Controllers.Account.AccountController.Login (Web.Ecommerce)'
2024-09-24 14:05:37.416 +05:30  VRB  Connection id "0HN6SED9F77PG" sending "DATA" frame for stream ID 3 with length 0 and flags "END_STREAM".
2024-09-24 14:05:37.416 +05:30  DBG  'EcommerceDbContext' disposed.
2024-09-24 14:05:37.418 +05:30  DBG  Disposing connection to database 'Ecommerce' on server 'FGS-DSK-230\MSSQLSERVER2019'.
2024-09-24 14:05:37.419 +05:30  DBG  Disposed connection to database '' on server '' (1ms).
2024-09-24 14:05:37.421 +05:30  INF  Request finished HTTP/2 POST https://localhost:7113/api/Account/Login - 200 null application/json; charset=utf-8 179.8851ms
2024-09-24 14:05:44.325 +05:30  DBG  Connection id "0HN6SED9F77PG" received FIN.
2024-09-24 14:05:44.328 +05:30  DBG  Connection id "0HN6SED9F77PG" is closed. The last processed stream ID was 3.
2024-09-24 14:05:44.330 +05:30  DBG  The connection queue processing loop for 0HN6SED9F77PG completed.
2024-09-24 14:05:44.332 +05:30  DBG  Connection id "0HN6SED9F77PG" sending FIN because: "The Socket transport's send loop completed gracefully."
2024-09-24 14:05:44.340 +05:30  DBG  Connection id "0HN6SED9F77PG" stopped.
2024-09-24 14:10:04.716 +05:30  DBG  Connection id "0HN6SED9F77PH" accepted.
2024-09-24 14:10:04.722 +05:30  DBG  Connection id "0HN6SED9F77PH" started.
2024-09-24 14:10:04.724 +05:30  DBG  Connection 0HN6SED9F77PH established using the following protocol: "Tls12"
2024-09-24 14:10:04.731 +05:30  VRB  Connection id "0HN6SED9F77PH" sending "SETTINGS" frame for stream ID 0 with length 24 and flags "NONE".
2024-09-24 14:10:04.735 +05:30  VRB  Connection id "0HN6SED9F77PH" sending "WINDOW_UPDATE" frame for stream ID 0 with length 4 and flags 0x0.
2024-09-24 14:10:04.736 +05:30  VRB  Connection id "0HN6SED9F77PH" received "SETTINGS" frame for stream ID 0 with length 24 and flags "NONE".
2024-09-24 14:10:04.738 +05:30  VRB  Connection id "0HN6SED9F77PH" sending "SETTINGS" frame for stream ID 0 with length 0 and flags "ACK".
2024-09-24 14:10:04.740 +05:30  VRB  Connection id "0HN6SED9F77PH" received "WINDOW_UPDATE" frame for stream ID 0 with length 4 and flags 0x0.
2024-09-24 14:10:04.741 +05:30  VRB  Connection id "0HN6SED9F77PH" received "HEADERS" frame for stream ID 1 with length 335 and flags "END_STREAM, END_HEADERS, PRIORITY".
2024-09-24 14:10:04.743 +05:30  VRB  Connection id "0HN6SED9F77PH" received "SETTINGS" frame for stream ID 0 with length 0 and flags "ACK".
2024-09-24 14:10:04.743 +05:30  INF  Request starting HTTP/2 OPTIONS https://localhost:7113/api/Account/Login - null null
2024-09-24 14:10:04.747 +05:30  VRB  All hosts are allowed.
2024-09-24 14:10:04.747 +05:30  DBG  1 candidate(s) found for the request path '/api/Account/Login'
2024-09-24 14:10:04.749 +05:30  DBG  Request matched endpoint '405 HTTP Method Not Supported'
2024-09-24 14:10:04.750 +05:30  VRB  The endpoint does not specify the IRequestSizeLimitMetadata.
2024-09-24 14:10:04.751 +05:30  DBG  Static files was skipped as the request already matched an endpoint.
2024-09-24 14:10:04.751 +05:30  DBG  The request has an origin header: 'http://localhost:4200'.
2024-09-24 14:10:04.752 +05:30  INF  CORS policy execution successful.
2024-09-24 14:10:04.753 +05:30  DBG  The request is a preflight request.
2024-09-24 14:10:04.753 +05:30  INF  Request finished HTTP/2 OPTIONS https://localhost:7113/api/Account/Login - 204 null null 10.5242ms
2024-09-24 14:10:04.753 +05:30  VRB  Connection id "0HN6SED9F77PH" sending "HEADERS" frame for stream ID 1 with length 122 and flags "END_STREAM, END_HEADERS".
2024-09-24 14:10:04.758 +05:30  VRB  Connection id "0HN6SED9F77PH" received "HEADERS" frame for stream ID 3 with length 182 and flags "END_HEADERS, PRIORITY".
2024-09-24 14:10:04.760 +05:30  VRB  Connection id "0HN6SED9F77PH" received "DATA" frame for stream ID 3 with length 68 and flags "END_STREAM".
2024-09-24 14:10:04.760 +05:30  INF  Request starting HTTP/2 POST https://localhost:7113/api/Account/Login - application/json 68
2024-09-24 14:10:04.763 +05:30  VRB  All hosts are allowed.
2024-09-24 14:10:04.764 +05:30  DBG  1 candidate(s) found for the request path '/api/Account/Login'
2024-09-24 14:10:04.765 +05:30  DBG  Endpoint 'Web.Ecommerce.Controllers.Account.AccountController.Login (Web.Ecommerce)' with route pattern 'api/Account/Login' is valid for the request path '/api/Account/Login'
2024-09-24 14:10:04.767 +05:30  DBG  Request matched endpoint 'Web.Ecommerce.Controllers.Account.AccountController.Login (Web.Ecommerce)'
2024-09-24 14:10:04.768 +05:30  VRB  The endpoint does not specify the IRequestSizeLimitMetadata.
2024-09-24 14:10:04.769 +05:30  DBG  Static files was skipped as the request already matched an endpoint.
2024-09-24 14:10:04.769 +05:30  DBG  The request has an origin header: 'http://localhost:4200'.
2024-09-24 14:10:04.770 +05:30  INF  CORS policy execution successful.
2024-09-24 14:10:04.770 +05:30  DBG  AuthenticationScheme: Bearer was not authenticated.
2024-09-24 14:10:04.771 +05:30  INF  Executing endpoint 'Web.Ecommerce.Controllers.Account.AccountController.Login (Web.Ecommerce)'
2024-09-24 14:10:04.772 +05:30  INF  Route matched with {action = "Login", controller = "Account"}. Executing controller action with signature System.Threading.Tasks.Task`1[Microsoft.AspNetCore.Mvc.IActionResult] Login(Application.Ecom.Authentication.Commands.LoginUser.LoginUserCommand) on controller Web.Ecommerce.Controllers.Account.AccountController (Web.Ecommerce).
2024-09-24 14:10:04.774 +05:30  DBG  Execution plan of authorization filters (in the following order): ["None"]
2024-09-24 14:10:04.775 +05:30  DBG  Execution plan of resource filters (in the following order): ["None"]
2024-09-24 14:10:04.776 +05:30  DBG  Execution plan of action filters (in the following order): ["Microsoft.AspNetCore.Mvc.ModelBinding.UnsupportedContentTypeFilter (Order: -3000)","Microsoft.AspNetCore.Mvc.Infrastructure.ModelStateInvalidFilter (Order: -2000)"]
2024-09-24 14:10:04.777 +05:30  DBG  Execution plan of exception filters (in the following order): ["None"]
2024-09-24 14:10:04.778 +05:30  DBG  Execution plan of result filters (in the following order): ["Microsoft.AspNetCore.Mvc.Infrastructure.ClientErrorResultFilter (Order: -2000)"]
2024-09-24 14:10:04.779 +05:30  DBG  Executing controller factory for controller Web.Ecommerce.Controllers.Account.AccountController (Web.Ecommerce)
2024-09-24 14:10:04.780 +05:30  DBG  Executed controller factory for controller Web.Ecommerce.Controllers.Account.AccountController (Web.Ecommerce)
2024-09-24 14:10:04.782 +05:30  DBG  Attempting to bind parameter 'command' of type 'Application.Ecom.Authentication.Commands.LoginUser.LoginUserCommand' ...
2024-09-24 14:10:04.783 +05:30  DBG  Attempting to bind parameter 'command' of type 'Application.Ecom.Authentication.Commands.LoginUser.LoginUserCommand' using the name '' in request data ...
2024-09-24 14:10:04.784 +05:30  DBG  Selected input formatter 'Microsoft.AspNetCore.Mvc.Formatters.SystemTextJsonInputFormatter' for content type 'application/json'.
2024-09-24 14:10:04.785 +05:30  DBG  Connection id "0HN6SED9F77PH", Request id "0HN6SED9F77PH:00000003": started reading request body.
2024-09-24 14:10:04.786 +05:30  DBG  Connection id "0HN6SED9F77PH", Request id "0HN6SED9F77PH:00000003": done reading request body.
2024-09-24 14:10:04.787 +05:30  DBG  JSON input formatter succeeded, deserializing to type 'Application.Ecom.Authentication.Commands.LoginUser.LoginUserCommand'
2024-09-24 14:10:04.788 +05:30  DBG  Done attempting to bind parameter 'command' of type 'Application.Ecom.Authentication.Commands.LoginUser.LoginUserCommand'.
2024-09-24 14:10:04.789 +05:30  DBG  Done attempting to bind parameter 'command' of type 'Application.Ecom.Authentication.Commands.LoginUser.LoginUserCommand'.
2024-09-24 14:10:04.790 +05:30  DBG  Attempting to validate the bound parameter 'command' of type 'Application.Ecom.Authentication.Commands.LoginUser.LoginUserCommand' ...
2024-09-24 14:10:04.791 +05:30  DBG  Done attempting to validate the bound parameter 'command' of type 'Application.Ecom.Authentication.Commands.LoginUser.LoginUserCommand'.
2024-09-24 14:10:04.792 +05:30  VRB  Action Filter: Before executing OnActionExecuting on filter Microsoft.AspNetCore.Mvc.ModelBinding.UnsupportedContentTypeFilter.
2024-09-24 14:10:04.794 +05:30  VRB  Action Filter: After executing OnActionExecuting on filter Microsoft.AspNetCore.Mvc.ModelBinding.UnsupportedContentTypeFilter.
2024-09-24 14:10:04.795 +05:30  VRB  Action Filter: Before executing OnActionExecuting on filter Microsoft.AspNetCore.Mvc.Infrastructure.ModelStateInvalidFilter.
2024-09-24 14:10:04.796 +05:30  VRB  Action Filter: After executing OnActionExecuting on filter Microsoft.AspNetCore.Mvc.Infrastructure.ModelStateInvalidFilter.
2024-09-24 14:10:04.797 +05:30  INF  Executing action method Web.Ecommerce.Controllers.Account.AccountController.Login (Web.Ecommerce) - Validation state: "Valid"
2024-09-24 14:10:04.798 +05:30  VRB  Executing action method Web.Ecommerce.Controllers.Account.AccountController.Login (Web.Ecommerce) with arguments (["Application.Ecom.Authentication.Commands.LoginUser.LoginUserCommand"])
2024-09-24 14:10:04.800 +05:30  DBG  Entity Framework Core 8.0.8 initialized 'EcommerceDbContext' using provider 'Microsoft.EntityFrameworkCore.SqlServer:8.0.8' with options: None
2024-09-24 14:10:04.802 +05:30  DBG  Creating DbConnection.
2024-09-24 14:10:04.802 +05:30  DBG  Created DbConnection. (0ms).
2024-09-24 14:10:04.803 +05:30  DBG  Opening connection to database 'Ecommerce' on server 'FGS-DSK-230\MSSQLSERVER2019'.
2024-09-24 14:10:04.804 +05:30  DBG  Opened connection to database 'Ecommerce' on server 'FGS-DSK-230\MSSQLSERVER2019'.
2024-09-24 14:10:04.805 +05:30  DBG  Creating DbCommand for 'ExecuteReader'.
2024-09-24 14:10:04.806 +05:30  DBG  Created DbCommand for 'ExecuteReader' (0ms).
2024-09-24 14:10:04.807 +05:30  DBG  Initialized DbCommand for 'ExecuteReader' (1ms).
2024-09-24 14:10:04.807 +05:30  DBG  Executing DbCommand [Parameters=[@__normalizedEmail_0='?' (Size = 256)], CommandType='"Text"', CommandTimeout='30']
SELECT TOP(2) [a].[Id], [a].[AccessFailedCount], [a].[ConcurrencyStamp], [a].[CreatedAt], [a].[Email], [a].[EmailConfirmed], [a].[IsDeleted], [a].[IsVerified], [a].[LockoutEnabled], [a].[LockoutEnd], [a].[NormalizedEmail], [a].[NormalizedUserName], [a].[PasswordHash], [a].[PhoneNumber], [a].[PhoneNumberConfirmed], [a].[SecurityStamp], [a].[TwoFactorEnabled], [a].[UpdatedAt], [a].[UserName]
FROM [AspNetUsers] AS [a]
WHERE [a].[NormalizedEmail] = @__normalizedEmail_0
2024-09-24 14:10:04.812 +05:30  INF  Executed DbCommand (5ms) [Parameters=[@__normalizedEmail_0='?' (Size = 256)], CommandType='"Text"', CommandTimeout='30']
SELECT TOP(2) [a].[Id], [a].[AccessFailedCount], [a].[ConcurrencyStamp], [a].[CreatedAt], [a].[Email], [a].[EmailConfirmed], [a].[IsDeleted], [a].[IsVerified], [a].[LockoutEnabled], [a].[LockoutEnd], [a].[NormalizedEmail], [a].[NormalizedUserName], [a].[PasswordHash], [a].[PhoneNumber], [a].[PhoneNumberConfirmed], [a].[SecurityStamp], [a].[TwoFactorEnabled], [a].[UpdatedAt], [a].[UserName]
FROM [AspNetUsers] AS [a]
WHERE [a].[NormalizedEmail] = @__normalizedEmail_0
2024-09-24 14:10:04.815 +05:30  DBG  Context 'EcommerceDbContext' started tracking 'User' entity. Consider using 'DbContextOptionsBuilder.EnableSensitiveDataLogging' to see key values.
2024-09-24 14:10:04.816 +05:30  DBG  Closing data reader to 'Ecommerce' on server 'FGS-DSK-230\MSSQLSERVER2019'.
2024-09-24 14:10:04.817 +05:30  DBG  A data reader for 'Ecommerce' on server 'FGS-DSK-230\MSSQLSERVER2019' is being disposed after spending 2ms reading results.
2024-09-24 14:10:04.818 +05:30  DBG  Closing connection to database 'Ecommerce' on server 'FGS-DSK-230\MSSQLSERVER2019'.
2024-09-24 14:10:04.819 +05:30  DBG  Closed connection to database 'Ecommerce' on server 'FGS-DSK-230\MSSQLSERVER2019' (0ms).
2024-09-24 14:10:04.891 +05:30  DBG  Opening connection to database 'Ecommerce' on server 'FGS-DSK-230\MSSQLSERVER2019'.
2024-09-24 14:10:04.893 +05:30  DBG  Opened connection to database 'Ecommerce' on server 'FGS-DSK-230\MSSQLSERVER2019'.
2024-09-24 14:10:04.894 +05:30  DBG  Creating DbCommand for 'ExecuteReader'.
2024-09-24 14:10:04.895 +05:30  DBG  Created DbCommand for 'ExecuteReader' (0ms).
2024-09-24 14:10:04.896 +05:30  DBG  Initialized DbCommand for 'ExecuteReader' (1ms).
2024-09-24 14:10:04.896 +05:30  DBG  Executing DbCommand [Parameters=[@__userId_0='?' (DbType = Guid)], CommandType='"Text"', CommandTimeout='30']
SELECT [a0].[Name]
FROM [AspNetUserRoles] AS [a]
INNER JOIN [AspNetRoles] AS [a0] ON [a].[RoleId] = [a0].[Id]
WHERE [a].[UserId] = @__userId_0
2024-09-24 14:10:04.901 +05:30  INF  Executed DbCommand (4ms) [Parameters=[@__userId_0='?' (DbType = Guid)], CommandType='"Text"', CommandTimeout='30']
SELECT [a0].[Name]
FROM [AspNetUserRoles] AS [a]
INNER JOIN [AspNetRoles] AS [a0] ON [a].[RoleId] = [a0].[Id]
WHERE [a].[UserId] = @__userId_0
2024-09-24 14:10:04.903 +05:30  DBG  Closing data reader to 'Ecommerce' on server 'FGS-DSK-230\MSSQLSERVER2019'.
2024-09-24 14:10:04.904 +05:30  DBG  A data reader for 'Ecommerce' on server 'FGS-DSK-230\MSSQLSERVER2019' is being disposed after spending 1ms reading results.
2024-09-24 14:10:04.905 +05:30  DBG  Closing connection to database 'Ecommerce' on server 'FGS-DSK-230\MSSQLSERVER2019'.
2024-09-24 14:10:04.906 +05:30  DBG  Closed connection to database 'Ecommerce' on server 'FGS-DSK-230\MSSQLSERVER2019' (1ms).
2024-09-24 14:10:04.908 +05:30  INF  Executed action method Web.Ecommerce.Controllers.Account.AccountController.Login (Web.Ecommerce), returned result Microsoft.AspNetCore.Mvc.OkObjectResult in 108.3845ms.
2024-09-24 14:10:04.909 +05:30  VRB  Action Filter: Before executing OnActionExecuted on filter Microsoft.AspNetCore.Mvc.Infrastructure.ModelStateInvalidFilter.
2024-09-24 14:10:04.911 +05:30  VRB  Action Filter: After executing OnActionExecuted on filter Microsoft.AspNetCore.Mvc.Infrastructure.ModelStateInvalidFilter.
2024-09-24 14:10:04.913 +05:30  VRB  Action Filter: Before executing OnActionExecuted on filter Microsoft.AspNetCore.Mvc.ModelBinding.UnsupportedContentTypeFilter.
2024-09-24 14:10:04.914 +05:30  VRB  Action Filter: After executing OnActionExecuted on filter Microsoft.AspNetCore.Mvc.ModelBinding.UnsupportedContentTypeFilter.
2024-09-24 14:10:04.916 +05:30  VRB  Result Filter: Before executing OnResultExecuting on filter Microsoft.AspNetCore.Mvc.Infrastructure.ClientErrorResultFilter.
2024-09-24 14:10:04.918 +05:30  VRB  Result Filter: After executing OnResultExecuting on filter Microsoft.AspNetCore.Mvc.Infrastructure.ClientErrorResultFilter.
2024-09-24 14:10:04.919 +05:30  VRB  Before executing action result Microsoft.AspNetCore.Mvc.OkObjectResult.
2024-09-24 14:10:04.920 +05:30  DBG  List of registered output formatters, in the following order: ["Microsoft.AspNetCore.Mvc.Formatters.HttpNoContentOutputFormatter","Microsoft.AspNetCore.Mvc.Formatters.StringOutputFormatter","Microsoft.AspNetCore.Mvc.Formatters.StreamOutputFormatter","Microsoft.AspNetCore.Mvc.Formatters.SystemTextJsonOutputFormatter"]
2024-09-24 14:10:04.922 +05:30  DBG  No information found on request to perform content negotiation.
2024-09-24 14:10:04.923 +05:30  DBG  Attempting to select an output formatter without using a content type as no explicit content types were specified for the response.
2024-09-24 14:10:04.923 +05:30  DBG  Attempting to select the first formatter in the output formatters list which can write the result.
2024-09-24 14:10:04.924 +05:30  DBG  Selected output formatter 'Microsoft.AspNetCore.Mvc.Formatters.SystemTextJsonOutputFormatter' and content type 'application/json' to write the response.
2024-09-24 14:10:04.925 +05:30  INF  Executing OkObjectResult, writing value of type '<>f__AnonymousType1`3[[System.String, System.Private.CoreLib, Version=8.0.0.0, Culture=neutral, PublicKeyToken=7cec85d7bea7798e],[System.String, System.Private.CoreLib, Version=8.0.0.0, Culture=neutral, PublicKeyToken=7cec85d7bea7798e],[System.Collections.Generic.IEnumerable`1[[System.String, System.Private.CoreLib, Version=8.0.0.0, Culture=neutral, PublicKeyToken=7cec85d7bea7798e]], System.Private.CoreLib, Version=8.0.0.0, Culture=neutral, PublicKeyToken=7cec85d7bea7798e]]'.
2024-09-24 14:10:04.927 +05:30  VRB  After executing action result Microsoft.AspNetCore.Mvc.OkObjectResult.
2024-09-24 14:10:04.927 +05:30  VRB  Connection id "0HN6SED9F77PH" sending "HEADERS" frame for stream ID 3 with length 37 and flags "END_HEADERS".
2024-09-24 14:10:04.927 +05:30  VRB  Result Filter: Before executing OnResultExecuted on filter Microsoft.AspNetCore.Mvc.Infrastructure.ClientErrorResultFilter.
2024-09-24 14:10:04.928 +05:30  VRB  Result Filter: After executing OnResultExecuted on filter Microsoft.AspNetCore.Mvc.Infrastructure.ClientErrorResultFilter.
2024-09-24 14:10:04.930 +05:30  INF  Executed action Web.Ecommerce.Controllers.Account.AccountController.Login (Web.Ecommerce) in 150.2967ms
2024-09-24 14:10:04.931 +05:30  VRB  Connection id "0HN6SED9F77PH" sending "DATA" frame for stream ID 3 with length 582 and flags "NONE".
2024-09-24 14:10:04.934 +05:30  INF  Executed endpoint 'Web.Ecommerce.Controllers.Account.AccountController.Login (Web.Ecommerce)'
2024-09-24 14:10:04.935 +05:30  DBG  'EcommerceDbContext' disposed.
2024-09-24 14:10:04.935 +05:30  VRB  Connection id "0HN6SED9F77PH" sending "DATA" frame for stream ID 3 with length 0 and flags "END_STREAM".
2024-09-24 14:10:04.936 +05:30  DBG  Disposing connection to database 'Ecommerce' on server 'FGS-DSK-230\MSSQLSERVER2019'.
2024-09-24 14:10:04.939 +05:30  DBG  Disposed connection to database '' on server '' (3ms).
2024-09-24 14:10:04.940 +05:30  INF  Request finished HTTP/2 POST https://localhost:7113/api/Account/Login - 200 null application/json; charset=utf-8 180.7709ms
2024-09-24 14:10:09.716 +05:30  DBG  Connection id "0HN6SED9F77PH" received FIN.
2024-09-24 14:10:09.718 +05:30  DBG  Connection id "0HN6SED9F77PH" is closed. The last processed stream ID was 3.
2024-09-24 14:10:09.718 +05:30  DBG  The connection queue processing loop for 0HN6SED9F77PH completed.
2024-09-24 14:10:09.719 +05:30  DBG  Connection id "0HN6SED9F77PH" sending FIN because: "The Socket transport's send loop completed gracefully."
2024-09-24 14:10:09.730 +05:30  DBG  Connection id "0HN6SED9F77PH" stopped.
2024-09-24 14:23:16.587 +05:30  DBG  Connection id "0HN6SED9F77PI" accepted.
2024-09-24 14:23:16.594 +05:30  DBG  Connection id "0HN6SED9F77PI" started.
2024-09-24 14:23:16.597 +05:30  DBG  Connection 0HN6SED9F77PI established using the following protocol: "Tls12"
2024-09-24 14:23:16.601 +05:30  VRB  Connection id "0HN6SED9F77PI" sending "SETTINGS" frame for stream ID 0 with length 24 and flags "NONE".
2024-09-24 14:23:16.603 +05:30  VRB  Connection id "0HN6SED9F77PI" sending "WINDOW_UPDATE" frame for stream ID 0 with length 4 and flags 0x0.
2024-09-24 14:23:16.604 +05:30  VRB  Connection id "0HN6SED9F77PI" received "SETTINGS" frame for stream ID 0 with length 24 and flags "NONE".
2024-09-24 14:23:16.607 +05:30  VRB  Connection id "0HN6SED9F77PI" sending "SETTINGS" frame for stream ID 0 with length 0 and flags "ACK".
2024-09-24 14:23:16.608 +05:30  VRB  Connection id "0HN6SED9F77PI" received "WINDOW_UPDATE" frame for stream ID 0 with length 4 and flags 0x0.
2024-09-24 14:23:16.610 +05:30  VRB  Connection id "0HN6SED9F77PI" received "HEADERS" frame for stream ID 1 with length 335 and flags "END_STREAM, END_HEADERS, PRIORITY".
2024-09-24 14:23:16.611 +05:30  VRB  Connection id "0HN6SED9F77PI" received "SETTINGS" frame for stream ID 0 with length 0 and flags "ACK".
2024-09-24 14:23:16.611 +05:30  INF  Request starting HTTP/2 OPTIONS https://localhost:7113/api/Account/Login - null null
2024-09-24 14:23:16.615 +05:30  VRB  All hosts are allowed.
2024-09-24 14:23:16.615 +05:30  DBG  1 candidate(s) found for the request path '/api/Account/Login'
2024-09-24 14:23:16.616 +05:30  DBG  Request matched endpoint '405 HTTP Method Not Supported'
2024-09-24 14:23:16.617 +05:30  VRB  The endpoint does not specify the IRequestSizeLimitMetadata.
2024-09-24 14:23:16.617 +05:30  DBG  Static files was skipped as the request already matched an endpoint.
2024-09-24 14:23:16.618 +05:30  DBG  The request has an origin header: 'http://localhost:4200'.
2024-09-24 14:23:16.618 +05:30  INF  CORS policy execution successful.
2024-09-24 14:23:16.619 +05:30  DBG  The request is a preflight request.
2024-09-24 14:23:16.619 +05:30  VRB  Connection id "0HN6SED9F77PI" sending "HEADERS" frame for stream ID 1 with length 122 and flags "END_STREAM, END_HEADERS".
2024-09-24 14:23:16.619 +05:30  INF  Request finished HTTP/2 OPTIONS https://localhost:7113/api/Account/Login - 204 null null 8.2322ms
2024-09-24 14:23:16.623 +05:30  VRB  Connection id "0HN6SED9F77PI" received "HEADERS" frame for stream ID 3 with length 182 and flags "END_HEADERS, PRIORITY".
2024-09-24 14:23:16.626 +05:30  VRB  Connection id "0HN6SED9F77PI" received "DATA" frame for stream ID 3 with length 68 and flags "END_STREAM".
2024-09-24 14:23:16.626 +05:30  INF  Request starting HTTP/2 POST https://localhost:7113/api/Account/Login - application/json 68
2024-09-24 14:23:16.630 +05:30  VRB  All hosts are allowed.
2024-09-24 14:23:16.630 +05:30  DBG  1 candidate(s) found for the request path '/api/Account/Login'
2024-09-24 14:23:16.631 +05:30  DBG  Endpoint 'Web.Ecommerce.Controllers.Account.AccountController.Login (Web.Ecommerce)' with route pattern 'api/Account/Login' is valid for the request path '/api/Account/Login'
2024-09-24 14:23:16.632 +05:30  DBG  Request matched endpoint 'Web.Ecommerce.Controllers.Account.AccountController.Login (Web.Ecommerce)'
2024-09-24 14:23:16.633 +05:30  VRB  The endpoint does not specify the IRequestSizeLimitMetadata.
2024-09-24 14:23:16.634 +05:30  DBG  Static files was skipped as the request already matched an endpoint.
2024-09-24 14:23:16.634 +05:30  DBG  The request has an origin header: 'http://localhost:4200'.
2024-09-24 14:23:16.635 +05:30  INF  CORS policy execution successful.
2024-09-24 14:23:16.635 +05:30  DBG  AuthenticationScheme: Bearer was not authenticated.
2024-09-24 14:23:16.636 +05:30  INF  Executing endpoint 'Web.Ecommerce.Controllers.Account.AccountController.Login (Web.Ecommerce)'
2024-09-24 14:23:16.637 +05:30  INF  Route matched with {action = "Login", controller = "Account"}. Executing controller action with signature System.Threading.Tasks.Task`1[Microsoft.AspNetCore.Mvc.IActionResult] Login(Application.Ecom.Authentication.Commands.LoginUser.LoginUserCommand) on controller Web.Ecommerce.Controllers.Account.AccountController (Web.Ecommerce).
2024-09-24 14:23:16.640 +05:30  DBG  Execution plan of authorization filters (in the following order): ["None"]
2024-09-24 14:23:16.641 +05:30  DBG  Execution plan of resource filters (in the following order): ["None"]
2024-09-24 14:23:16.642 +05:30  DBG  Execution plan of action filters (in the following order): ["Microsoft.AspNetCore.Mvc.ModelBinding.UnsupportedContentTypeFilter (Order: -3000)","Microsoft.AspNetCore.Mvc.Infrastructure.ModelStateInvalidFilter (Order: -2000)"]
2024-09-24 14:23:16.644 +05:30  DBG  Execution plan of exception filters (in the following order): ["None"]
2024-09-24 14:23:16.645 +05:30  DBG  Execution plan of result filters (in the following order): ["Microsoft.AspNetCore.Mvc.Infrastructure.ClientErrorResultFilter (Order: -2000)"]
2024-09-24 14:23:16.646 +05:30  DBG  Executing controller factory for controller Web.Ecommerce.Controllers.Account.AccountController (Web.Ecommerce)
2024-09-24 14:23:16.648 +05:30  DBG  Executed controller factory for controller Web.Ecommerce.Controllers.Account.AccountController (Web.Ecommerce)
2024-09-24 14:23:16.649 +05:30  DBG  Attempting to bind parameter 'command' of type 'Application.Ecom.Authentication.Commands.LoginUser.LoginUserCommand' ...
2024-09-24 14:23:16.650 +05:30  DBG  Attempting to bind parameter 'command' of type 'Application.Ecom.Authentication.Commands.LoginUser.LoginUserCommand' using the name '' in request data ...
2024-09-24 14:23:16.652 +05:30  DBG  Selected input formatter 'Microsoft.AspNetCore.Mvc.Formatters.SystemTextJsonInputFormatter' for content type 'application/json'.
2024-09-24 14:23:16.653 +05:30  DBG  Connection id "0HN6SED9F77PI", Request id "0HN6SED9F77PI:00000003": started reading request body.
2024-09-24 14:23:16.654 +05:30  DBG  Connection id "0HN6SED9F77PI", Request id "0HN6SED9F77PI:00000003": done reading request body.
2024-09-24 14:23:16.656 +05:30  DBG  JSON input formatter succeeded, deserializing to type 'Application.Ecom.Authentication.Commands.LoginUser.LoginUserCommand'
2024-09-24 14:23:16.657 +05:30  DBG  Done attempting to bind parameter 'command' of type 'Application.Ecom.Authentication.Commands.LoginUser.LoginUserCommand'.
2024-09-24 14:23:16.658 +05:30  DBG  Done attempting to bind parameter 'command' of type 'Application.Ecom.Authentication.Commands.LoginUser.LoginUserCommand'.
2024-09-24 14:23:16.659 +05:30  DBG  Attempting to validate the bound parameter 'command' of type 'Application.Ecom.Authentication.Commands.LoginUser.LoginUserCommand' ...
2024-09-24 14:23:16.660 +05:30  DBG  Done attempting to validate the bound parameter 'command' of type 'Application.Ecom.Authentication.Commands.LoginUser.LoginUserCommand'.
2024-09-24 14:23:16.661 +05:30  VRB  Action Filter: Before executing OnActionExecuting on filter Microsoft.AspNetCore.Mvc.ModelBinding.UnsupportedContentTypeFilter.
2024-09-24 14:23:16.662 +05:30  VRB  Action Filter: After executing OnActionExecuting on filter Microsoft.AspNetCore.Mvc.ModelBinding.UnsupportedContentTypeFilter.
2024-09-24 14:23:16.663 +05:30  VRB  Action Filter: Before executing OnActionExecuting on filter Microsoft.AspNetCore.Mvc.Infrastructure.ModelStateInvalidFilter.
2024-09-24 14:23:16.665 +05:30  VRB  Action Filter: After executing OnActionExecuting on filter Microsoft.AspNetCore.Mvc.Infrastructure.ModelStateInvalidFilter.
2024-09-24 14:23:16.666 +05:30  INF  Executing action method Web.Ecommerce.Controllers.Account.AccountController.Login (Web.Ecommerce) - Validation state: "Valid"
2024-09-24 14:23:16.667 +05:30  VRB  Executing action method Web.Ecommerce.Controllers.Account.AccountController.Login (Web.Ecommerce) with arguments (["Application.Ecom.Authentication.Commands.LoginUser.LoginUserCommand"])
2024-09-24 14:23:16.669 +05:30  DBG  Entity Framework Core 8.0.8 initialized 'EcommerceDbContext' using provider 'Microsoft.EntityFrameworkCore.SqlServer:8.0.8' with options: None
2024-09-24 14:23:16.670 +05:30  DBG  Creating DbConnection.
2024-09-24 14:23:16.671 +05:30  DBG  Created DbConnection. (0ms).
2024-09-24 14:23:16.672 +05:30  DBG  Opening connection to database 'Ecommerce' on server 'FGS-DSK-230\MSSQLSERVER2019'.
2024-09-24 14:23:16.683 +05:30  DBG  Opened connection to database 'Ecommerce' on server 'FGS-DSK-230\MSSQLSERVER2019'.
2024-09-24 14:23:16.686 +05:30  DBG  Creating DbCommand for 'ExecuteReader'.
2024-09-24 14:23:16.686 +05:30  DBG  Created DbCommand for 'ExecuteReader' (0ms).
2024-09-24 14:23:16.688 +05:30  DBG  Initialized DbCommand for 'ExecuteReader' (2ms).
2024-09-24 14:23:16.689 +05:30  DBG  Executing DbCommand [Parameters=[@__normalizedEmail_0='?' (Size = 256)], CommandType='"Text"', CommandTimeout='30']
SELECT TOP(2) [a].[Id], [a].[AccessFailedCount], [a].[ConcurrencyStamp], [a].[CreatedAt], [a].[Email], [a].[EmailConfirmed], [a].[IsDeleted], [a].[IsVerified], [a].[LockoutEnabled], [a].[LockoutEnd], [a].[NormalizedEmail], [a].[NormalizedUserName], [a].[PasswordHash], [a].[PhoneNumber], [a].[PhoneNumberConfirmed], [a].[SecurityStamp], [a].[TwoFactorEnabled], [a].[UpdatedAt], [a].[UserName]
FROM [AspNetUsers] AS [a]
WHERE [a].[NormalizedEmail] = @__normalizedEmail_0
2024-09-24 14:23:16.693 +05:30  INF  Executed DbCommand (4ms) [Parameters=[@__normalizedEmail_0='?' (Size = 256)], CommandType='"Text"', CommandTimeout='30']
SELECT TOP(2) [a].[Id], [a].[AccessFailedCount], [a].[ConcurrencyStamp], [a].[CreatedAt], [a].[Email], [a].[EmailConfirmed], [a].[IsDeleted], [a].[IsVerified], [a].[LockoutEnabled], [a].[LockoutEnd], [a].[NormalizedEmail], [a].[NormalizedUserName], [a].[PasswordHash], [a].[PhoneNumber], [a].[PhoneNumberConfirmed], [a].[SecurityStamp], [a].[TwoFactorEnabled], [a].[UpdatedAt], [a].[UserName]
FROM [AspNetUsers] AS [a]
WHERE [a].[NormalizedEmail] = @__normalizedEmail_0
2024-09-24 14:23:16.695 +05:30  DBG  Context 'EcommerceDbContext' started tracking 'User' entity. Consider using 'DbContextOptionsBuilder.EnableSensitiveDataLogging' to see key values.
2024-09-24 14:23:16.696 +05:30  DBG  Closing data reader to 'Ecommerce' on server 'FGS-DSK-230\MSSQLSERVER2019'.
2024-09-24 14:23:16.697 +05:30  DBG  A data reader for 'Ecommerce' on server 'FGS-DSK-230\MSSQLSERVER2019' is being disposed after spending 2ms reading results.
2024-09-24 14:23:16.698 +05:30  DBG  Closing connection to database 'Ecommerce' on server 'FGS-DSK-230\MSSQLSERVER2019'.
2024-09-24 14:23:16.699 +05:30  DBG  Closed connection to database 'Ecommerce' on server 'FGS-DSK-230\MSSQLSERVER2019' (0ms).
2024-09-24 14:23:16.771 +05:30  DBG  Opening connection to database 'Ecommerce' on server 'FGS-DSK-230\MSSQLSERVER2019'.
2024-09-24 14:23:16.773 +05:30  DBG  Opened connection to database 'Ecommerce' on server 'FGS-DSK-230\MSSQLSERVER2019'.
2024-09-24 14:23:16.775 +05:30  DBG  Creating DbCommand for 'ExecuteReader'.
2024-09-24 14:23:16.776 +05:30  DBG  Created DbCommand for 'ExecuteReader' (0ms).
2024-09-24 14:23:16.777 +05:30  DBG  Initialized DbCommand for 'ExecuteReader' (2ms).
2024-09-24 14:23:16.779 +05:30  DBG  Executing DbCommand [Parameters=[@__userId_0='?' (DbType = Guid)], CommandType='"Text"', CommandTimeout='30']
SELECT [a0].[Name]
FROM [AspNetUserRoles] AS [a]
INNER JOIN [AspNetRoles] AS [a0] ON [a].[RoleId] = [a0].[Id]
WHERE [a].[UserId] = @__userId_0
2024-09-24 14:23:16.784 +05:30  INF  Executed DbCommand (5ms) [Parameters=[@__userId_0='?' (DbType = Guid)], CommandType='"Text"', CommandTimeout='30']
SELECT [a0].[Name]
FROM [AspNetUserRoles] AS [a]
INNER JOIN [AspNetRoles] AS [a0] ON [a].[RoleId] = [a0].[Id]
WHERE [a].[UserId] = @__userId_0
2024-09-24 14:23:16.787 +05:30  DBG  Closing data reader to 'Ecommerce' on server 'FGS-DSK-230\MSSQLSERVER2019'.
2024-09-24 14:23:16.788 +05:30  DBG  A data reader for 'Ecommerce' on server 'FGS-DSK-230\MSSQLSERVER2019' is being disposed after spending 0ms reading results.
2024-09-24 14:23:16.789 +05:30  DBG  Closing connection to database 'Ecommerce' on server 'FGS-DSK-230\MSSQLSERVER2019'.
2024-09-24 14:23:16.790 +05:30  DBG  Closed connection to database 'Ecommerce' on server 'FGS-DSK-230\MSSQLSERVER2019' (0ms).
2024-09-24 14:23:16.791 +05:30  INF  Executed action method Web.Ecommerce.Controllers.Account.AccountController.Login (Web.Ecommerce), returned result Microsoft.AspNetCore.Mvc.OkObjectResult in 123.4222ms.
2024-09-24 14:23:16.792 +05:30  VRB  Action Filter: Before executing OnActionExecuted on filter Microsoft.AspNetCore.Mvc.Infrastructure.ModelStateInvalidFilter.
2024-09-24 14:23:16.794 +05:30  VRB  Action Filter: After executing OnActionExecuted on filter Microsoft.AspNetCore.Mvc.Infrastructure.ModelStateInvalidFilter.
2024-09-24 14:23:16.795 +05:30  VRB  Action Filter: Before executing OnActionExecuted on filter Microsoft.AspNetCore.Mvc.ModelBinding.UnsupportedContentTypeFilter.
2024-09-24 14:23:16.796 +05:30  VRB  Action Filter: After executing OnActionExecuted on filter Microsoft.AspNetCore.Mvc.ModelBinding.UnsupportedContentTypeFilter.
2024-09-24 14:23:16.797 +05:30  VRB  Result Filter: Before executing OnResultExecuting on filter Microsoft.AspNetCore.Mvc.Infrastructure.ClientErrorResultFilter.
2024-09-24 14:23:16.798 +05:30  VRB  Result Filter: After executing OnResultExecuting on filter Microsoft.AspNetCore.Mvc.Infrastructure.ClientErrorResultFilter.
2024-09-24 14:23:16.800 +05:30  VRB  Before executing action result Microsoft.AspNetCore.Mvc.OkObjectResult.
2024-09-24 14:23:16.801 +05:30  DBG  List of registered output formatters, in the following order: ["Microsoft.AspNetCore.Mvc.Formatters.HttpNoContentOutputFormatter","Microsoft.AspNetCore.Mvc.Formatters.StringOutputFormatter","Microsoft.AspNetCore.Mvc.Formatters.StreamOutputFormatter","Microsoft.AspNetCore.Mvc.Formatters.SystemTextJsonOutputFormatter"]
2024-09-24 14:23:16.802 +05:30  DBG  No information found on request to perform content negotiation.
2024-09-24 14:23:16.803 +05:30  DBG  Attempting to select an output formatter without using a content type as no explicit content types were specified for the response.
2024-09-24 14:23:16.803 +05:30  DBG  Attempting to select the first formatter in the output formatters list which can write the result.
2024-09-24 14:23:16.804 +05:30  DBG  Selected output formatter 'Microsoft.AspNetCore.Mvc.Formatters.SystemTextJsonOutputFormatter' and content type 'application/json' to write the response.
2024-09-24 14:23:16.805 +05:30  INF  Executing OkObjectResult, writing value of type '<>f__AnonymousType1`3[[System.String, System.Private.CoreLib, Version=8.0.0.0, Culture=neutral, PublicKeyToken=7cec85d7bea7798e],[System.String, System.Private.CoreLib, Version=8.0.0.0, Culture=neutral, PublicKeyToken=7cec85d7bea7798e],[System.Collections.Generic.IEnumerable`1[[System.String, System.Private.CoreLib, Version=8.0.0.0, Culture=neutral, PublicKeyToken=7cec85d7bea7798e]], System.Private.CoreLib, Version=8.0.0.0, Culture=neutral, PublicKeyToken=7cec85d7bea7798e]]'.
2024-09-24 14:23:16.806 +05:30  VRB  After executing action result Microsoft.AspNetCore.Mvc.OkObjectResult.
2024-09-24 14:23:16.806 +05:30  VRB  Connection id "0HN6SED9F77PI" sending "HEADERS" frame for stream ID 3 with length 37 and flags "END_HEADERS".
2024-09-24 14:23:16.807 +05:30  VRB  Result Filter: Before executing OnResultExecuted on filter Microsoft.AspNetCore.Mvc.Infrastructure.ClientErrorResultFilter.
2024-09-24 14:23:16.809 +05:30  VRB  Connection id "0HN6SED9F77PI" sending "DATA" frame for stream ID 3 with length 582 and flags "NONE".
2024-09-24 14:23:16.810 +05:30  VRB  Result Filter: After executing OnResultExecuted on filter Microsoft.AspNetCore.Mvc.Infrastructure.ClientErrorResultFilter.
2024-09-24 14:23:16.813 +05:30  INF  Executed action Web.Ecommerce.Controllers.Account.AccountController.Login (Web.Ecommerce) in 166.2666ms
2024-09-24 14:23:16.814 +05:30  INF  Executed endpoint 'Web.Ecommerce.Controllers.Account.AccountController.Login (Web.Ecommerce)'
2024-09-24 14:23:16.815 +05:30  DBG  'EcommerceDbContext' disposed.
2024-09-24 14:23:16.815 +05:30  VRB  Connection id "0HN6SED9F77PI" sending "DATA" frame for stream ID 3 with length 0 and flags "END_STREAM".
2024-09-24 14:23:16.816 +05:30  DBG  Disposing connection to database 'Ecommerce' on server 'FGS-DSK-230\MSSQLSERVER2019'.
2024-09-24 14:23:16.819 +05:30  DBG  Disposed connection to database '' on server '' (2ms).
2024-09-24 14:23:16.820 +05:30  INF  Request finished HTTP/2 POST https://localhost:7113/api/Account/Login - 200 null application/json; charset=utf-8 194.2557ms
2024-09-24 14:23:25.923 +05:30  DBG  Connection id "0HN6SED9F77PI" received FIN.
2024-09-24 14:23:25.925 +05:30  DBG  Connection id "0HN6SED9F77PI" is closed. The last processed stream ID was 3.
2024-09-24 14:23:25.926 +05:30  DBG  The connection queue processing loop for 0HN6SED9F77PI completed.
2024-09-24 14:23:25.927 +05:30  DBG  Connection id "0HN6SED9F77PI" sending FIN because: "The Socket transport's send loop completed gracefully."
2024-09-24 14:23:25.938 +05:30  DBG  Connection id "0HN6SED9F77PI" stopped.
2024-09-24 14:38:46.472 +05:30  DBG  Connection id "0HN6SED9F77PJ" accepted.
2024-09-24 14:38:46.482 +05:30  DBG  Connection id "0HN6SED9F77PJ" started.
2024-09-24 14:38:46.488 +05:30  DBG  Connection 0HN6SED9F77PJ established using the following protocol: "Tls12"
2024-09-24 14:38:46.492 +05:30  VRB  Connection id "0HN6SED9F77PJ" sending "SETTINGS" frame for stream ID 0 with length 24 and flags "NONE".
2024-09-24 14:38:46.493 +05:30  VRB  Connection id "0HN6SED9F77PJ" sending "WINDOW_UPDATE" frame for stream ID 0 with length 4 and flags 0x0.
2024-09-24 14:38:46.495 +05:30  VRB  Connection id "0HN6SED9F77PJ" received "SETTINGS" frame for stream ID 0 with length 24 and flags "NONE".
2024-09-24 14:38:46.497 +05:30  VRB  Connection id "0HN6SED9F77PJ" sending "SETTINGS" frame for stream ID 0 with length 0 and flags "ACK".
2024-09-24 14:38:46.498 +05:30  VRB  Connection id "0HN6SED9F77PJ" received "WINDOW_UPDATE" frame for stream ID 0 with length 4 and flags 0x0.
2024-09-24 14:38:46.500 +05:30  VRB  Connection id "0HN6SED9F77PJ" received "HEADERS" frame for stream ID 1 with length 335 and flags "END_STREAM, END_HEADERS, PRIORITY".
2024-09-24 14:38:46.501 +05:30  VRB  Connection id "0HN6SED9F77PJ" received "SETTINGS" frame for stream ID 0 with length 0 and flags "ACK".
2024-09-24 14:38:46.502 +05:30  INF  Request starting HTTP/2 OPTIONS https://localhost:7113/api/Account/Login - null null
2024-09-24 14:38:46.505 +05:30  VRB  All hosts are allowed.
2024-09-24 14:38:46.505 +05:30  DBG  1 candidate(s) found for the request path '/api/Account/Login'
2024-09-24 14:38:46.506 +05:30  DBG  Request matched endpoint '405 HTTP Method Not Supported'
2024-09-24 14:38:46.507 +05:30  VRB  The endpoint does not specify the IRequestSizeLimitMetadata.
2024-09-24 14:38:46.507 +05:30  DBG  Static files was skipped as the request already matched an endpoint.
2024-09-24 14:38:46.508 +05:30  DBG  The request has an origin header: 'http://localhost:4200'.
2024-09-24 14:38:46.509 +05:30  INF  CORS policy execution successful.
2024-09-24 14:38:46.509 +05:30  DBG  The request is a preflight request.
2024-09-24 14:38:46.510 +05:30  VRB  Connection id "0HN6SED9F77PJ" sending "HEADERS" frame for stream ID 1 with length 122 and flags "END_STREAM, END_HEADERS".
2024-09-24 14:38:46.510 +05:30  INF  Request finished HTTP/2 OPTIONS https://localhost:7113/api/Account/Login - 204 null null 8.156ms
2024-09-24 14:38:46.512 +05:30  VRB  Connection id "0HN6SED9F77PJ" received "HEADERS" frame for stream ID 3 with length 182 and flags "END_HEADERS, PRIORITY".
2024-09-24 14:38:46.516 +05:30  VRB  Connection id "0HN6SED9F77PJ" received "DATA" frame for stream ID 3 with length 68 and flags "END_STREAM".
2024-09-24 14:38:46.516 +05:30  INF  Request starting HTTP/2 POST https://localhost:7113/api/Account/Login - application/json 68
2024-09-24 14:38:46.519 +05:30  VRB  All hosts are allowed.
2024-09-24 14:38:46.520 +05:30  DBG  1 candidate(s) found for the request path '/api/Account/Login'
2024-09-24 14:38:46.521 +05:30  DBG  Endpoint 'Web.Ecommerce.Controllers.Account.AccountController.Login (Web.Ecommerce)' with route pattern 'api/Account/Login' is valid for the request path '/api/Account/Login'
2024-09-24 14:38:46.522 +05:30  DBG  Request matched endpoint 'Web.Ecommerce.Controllers.Account.AccountController.Login (Web.Ecommerce)'
2024-09-24 14:38:46.523 +05:30  VRB  The endpoint does not specify the IRequestSizeLimitMetadata.
2024-09-24 14:38:46.523 +05:30  DBG  Static files was skipped as the request already matched an endpoint.
2024-09-24 14:38:46.524 +05:30  DBG  The request has an origin header: 'http://localhost:4200'.
2024-09-24 14:38:46.524 +05:30  INF  CORS policy execution successful.
2024-09-24 14:38:46.525 +05:30  DBG  AuthenticationScheme: Bearer was not authenticated.
2024-09-24 14:38:46.526 +05:30  INF  Executing endpoint 'Web.Ecommerce.Controllers.Account.AccountController.Login (Web.Ecommerce)'
2024-09-24 14:38:46.527 +05:30  INF  Route matched with {action = "Login", controller = "Account"}. Executing controller action with signature System.Threading.Tasks.Task`1[Microsoft.AspNetCore.Mvc.IActionResult] Login(Application.Ecom.Authentication.Commands.LoginUser.LoginUserCommand) on controller Web.Ecommerce.Controllers.Account.AccountController (Web.Ecommerce).
2024-09-24 14:38:46.529 +05:30  DBG  Execution plan of authorization filters (in the following order): ["None"]
2024-09-24 14:38:46.530 +05:30  DBG  Execution plan of resource filters (in the following order): ["None"]
2024-09-24 14:38:46.531 +05:30  DBG  Execution plan of action filters (in the following order): ["Microsoft.AspNetCore.Mvc.ModelBinding.UnsupportedContentTypeFilter (Order: -3000)","Microsoft.AspNetCore.Mvc.Infrastructure.ModelStateInvalidFilter (Order: -2000)"]
2024-09-24 14:38:46.533 +05:30  DBG  Execution plan of exception filters (in the following order): ["None"]
2024-09-24 14:38:46.534 +05:30  DBG  Execution plan of result filters (in the following order): ["Microsoft.AspNetCore.Mvc.Infrastructure.ClientErrorResultFilter (Order: -2000)"]
2024-09-24 14:38:46.535 +05:30  DBG  Executing controller factory for controller Web.Ecommerce.Controllers.Account.AccountController (Web.Ecommerce)
2024-09-24 14:38:46.536 +05:30  DBG  Executed controller factory for controller Web.Ecommerce.Controllers.Account.AccountController (Web.Ecommerce)
2024-09-24 14:38:46.537 +05:30  DBG  Attempting to bind parameter 'command' of type 'Application.Ecom.Authentication.Commands.LoginUser.LoginUserCommand' ...
2024-09-24 14:38:46.538 +05:30  DBG  Attempting to bind parameter 'command' of type 'Application.Ecom.Authentication.Commands.LoginUser.LoginUserCommand' using the name '' in request data ...
2024-09-24 14:38:46.539 +05:30  DBG  Selected input formatter 'Microsoft.AspNetCore.Mvc.Formatters.SystemTextJsonInputFormatter' for content type 'application/json'.
2024-09-24 14:38:46.540 +05:30  DBG  Connection id "0HN6SED9F77PJ", Request id "0HN6SED9F77PJ:00000003": started reading request body.
2024-09-24 14:38:46.541 +05:30  DBG  Connection id "0HN6SED9F77PJ", Request id "0HN6SED9F77PJ:00000003": done reading request body.
2024-09-24 14:38:46.542 +05:30  DBG  JSON input formatter succeeded, deserializing to type 'Application.Ecom.Authentication.Commands.LoginUser.LoginUserCommand'
2024-09-24 14:38:46.543 +05:30  DBG  Done attempting to bind parameter 'command' of type 'Application.Ecom.Authentication.Commands.LoginUser.LoginUserCommand'.
2024-09-24 14:38:46.546 +05:30  DBG  Done attempting to bind parameter 'command' of type 'Application.Ecom.Authentication.Commands.LoginUser.LoginUserCommand'.
2024-09-24 14:38:46.547 +05:30  DBG  Attempting to validate the bound parameter 'command' of type 'Application.Ecom.Authentication.Commands.LoginUser.LoginUserCommand' ...
2024-09-24 14:38:46.548 +05:30  DBG  Done attempting to validate the bound parameter 'command' of type 'Application.Ecom.Authentication.Commands.LoginUser.LoginUserCommand'.
2024-09-24 14:38:46.549 +05:30  VRB  Action Filter: Before executing OnActionExecuting on filter Microsoft.AspNetCore.Mvc.ModelBinding.UnsupportedContentTypeFilter.
2024-09-24 14:38:46.550 +05:30  VRB  Action Filter: After executing OnActionExecuting on filter Microsoft.AspNetCore.Mvc.ModelBinding.UnsupportedContentTypeFilter.
2024-09-24 14:38:46.551 +05:30  VRB  Action Filter: Before executing OnActionExecuting on filter Microsoft.AspNetCore.Mvc.Infrastructure.ModelStateInvalidFilter.
2024-09-24 14:38:46.552 +05:30  VRB  Action Filter: After executing OnActionExecuting on filter Microsoft.AspNetCore.Mvc.Infrastructure.ModelStateInvalidFilter.
2024-09-24 14:38:46.553 +05:30  INF  Executing action method Web.Ecommerce.Controllers.Account.AccountController.Login (Web.Ecommerce) - Validation state: "Valid"
2024-09-24 14:38:46.555 +05:30  VRB  Executing action method Web.Ecommerce.Controllers.Account.AccountController.Login (Web.Ecommerce) with arguments (["Application.Ecom.Authentication.Commands.LoginUser.LoginUserCommand"])
2024-09-24 14:38:46.557 +05:30  DBG  Entity Framework Core 8.0.8 initialized 'EcommerceDbContext' using provider 'Microsoft.EntityFrameworkCore.SqlServer:8.0.8' with options: None
2024-09-24 14:38:46.559 +05:30  DBG  Creating DbConnection.
2024-09-24 14:38:46.559 +05:30  DBG  Created DbConnection. (0ms).
2024-09-24 14:38:46.560 +05:30  DBG  Opening connection to database 'Ecommerce' on server 'FGS-DSK-230\MSSQLSERVER2019'.
2024-09-24 14:38:46.569 +05:30  DBG  Opened connection to database 'Ecommerce' on server 'FGS-DSK-230\MSSQLSERVER2019'.
2024-09-24 14:38:46.571 +05:30  DBG  Creating DbCommand for 'ExecuteReader'.
2024-09-24 14:38:46.572 +05:30  DBG  Created DbCommand for 'ExecuteReader' (0ms).
2024-09-24 14:38:46.573 +05:30  DBG  Initialized DbCommand for 'ExecuteReader' (1ms).
2024-09-24 14:38:46.574 +05:30  DBG  Executing DbCommand [Parameters=[@__normalizedEmail_0='?' (Size = 256)], CommandType='"Text"', CommandTimeout='30']
SELECT TOP(2) [a].[Id], [a].[AccessFailedCount], [a].[ConcurrencyStamp], [a].[CreatedAt], [a].[Email], [a].[EmailConfirmed], [a].[IsDeleted], [a].[IsVerified], [a].[LockoutEnabled], [a].[LockoutEnd], [a].[NormalizedEmail], [a].[NormalizedUserName], [a].[PasswordHash], [a].[PhoneNumber], [a].[PhoneNumberConfirmed], [a].[SecurityStamp], [a].[TwoFactorEnabled], [a].[UpdatedAt], [a].[UserName]
FROM [AspNetUsers] AS [a]
WHERE [a].[NormalizedEmail] = @__normalizedEmail_0
2024-09-24 14:38:46.579 +05:30  INF  Executed DbCommand (5ms) [Parameters=[@__normalizedEmail_0='?' (Size = 256)], CommandType='"Text"', CommandTimeout='30']
SELECT TOP(2) [a].[Id], [a].[AccessFailedCount], [a].[ConcurrencyStamp], [a].[CreatedAt], [a].[Email], [a].[EmailConfirmed], [a].[IsDeleted], [a].[IsVerified], [a].[LockoutEnabled], [a].[LockoutEnd], [a].[NormalizedEmail], [a].[NormalizedUserName], [a].[PasswordHash], [a].[PhoneNumber], [a].[PhoneNumberConfirmed], [a].[SecurityStamp], [a].[TwoFactorEnabled], [a].[UpdatedAt], [a].[UserName]
FROM [AspNetUsers] AS [a]
WHERE [a].[NormalizedEmail] = @__normalizedEmail_0
2024-09-24 14:38:46.582 +05:30  DBG  Context 'EcommerceDbContext' started tracking 'User' entity. Consider using 'DbContextOptionsBuilder.EnableSensitiveDataLogging' to see key values.
2024-09-24 14:38:46.584 +05:30  DBG  Closing data reader to 'Ecommerce' on server 'FGS-DSK-230\MSSQLSERVER2019'.
2024-09-24 14:38:46.585 +05:30  DBG  A data reader for 'Ecommerce' on server 'FGS-DSK-230\MSSQLSERVER2019' is being disposed after spending 2ms reading results.
2024-09-24 14:38:46.586 +05:30  DBG  Closing connection to database 'Ecommerce' on server 'FGS-DSK-230\MSSQLSERVER2019'.
2024-09-24 14:38:46.588 +05:30  DBG  Closed connection to database 'Ecommerce' on server 'FGS-DSK-230\MSSQLSERVER2019' (1ms).
2024-09-24 14:38:46.662 +05:30  DBG  Opening connection to database 'Ecommerce' on server 'FGS-DSK-230\MSSQLSERVER2019'.
2024-09-24 14:38:46.664 +05:30  DBG  Opened connection to database 'Ecommerce' on server 'FGS-DSK-230\MSSQLSERVER2019'.
2024-09-24 14:38:46.665 +05:30  DBG  Creating DbCommand for 'ExecuteReader'.
2024-09-24 14:38:46.666 +05:30  DBG  Created DbCommand for 'ExecuteReader' (1ms).
2024-09-24 14:38:46.668 +05:30  DBG  Initialized DbCommand for 'ExecuteReader' (2ms).
2024-09-24 14:38:46.669 +05:30  DBG  Executing DbCommand [Parameters=[@__userId_0='?' (DbType = Guid)], CommandType='"Text"', CommandTimeout='30']
SELECT [a0].[Name]
FROM [AspNetUserRoles] AS [a]
INNER JOIN [AspNetRoles] AS [a0] ON [a].[RoleId] = [a0].[Id]
WHERE [a].[UserId] = @__userId_0
2024-09-24 14:38:46.676 +05:30  INF  Executed DbCommand (7ms) [Parameters=[@__userId_0='?' (DbType = Guid)], CommandType='"Text"', CommandTimeout='30']
SELECT [a0].[Name]
FROM [AspNetUserRoles] AS [a]
INNER JOIN [AspNetRoles] AS [a0] ON [a].[RoleId] = [a0].[Id]
WHERE [a].[UserId] = @__userId_0
2024-09-24 14:38:46.679 +05:30  DBG  Closing data reader to 'Ecommerce' on server 'FGS-DSK-230\MSSQLSERVER2019'.
2024-09-24 14:38:46.680 +05:30  DBG  A data reader for 'Ecommerce' on server 'FGS-DSK-230\MSSQLSERVER2019' is being disposed after spending 1ms reading results.
2024-09-24 14:38:46.681 +05:30  DBG  Closing connection to database 'Ecommerce' on server 'FGS-DSK-230\MSSQLSERVER2019'.
2024-09-24 14:38:46.682 +05:30  DBG  Closed connection to database 'Ecommerce' on server 'FGS-DSK-230\MSSQLSERVER2019' (1ms).
2024-09-24 14:38:46.684 +05:30  INF  Executed action method Web.Ecommerce.Controllers.Account.AccountController.Login (Web.Ecommerce), returned result Microsoft.AspNetCore.Mvc.OkObjectResult in 127.7751ms.
2024-09-24 14:38:46.685 +05:30  VRB  Action Filter: Before executing OnActionExecuted on filter Microsoft.AspNetCore.Mvc.Infrastructure.ModelStateInvalidFilter.
2024-09-24 14:38:46.686 +05:30  VRB  Action Filter: After executing OnActionExecuted on filter Microsoft.AspNetCore.Mvc.Infrastructure.ModelStateInvalidFilter.
2024-09-24 14:38:46.687 +05:30  VRB  Action Filter: Before executing OnActionExecuted on filter Microsoft.AspNetCore.Mvc.ModelBinding.UnsupportedContentTypeFilter.
2024-09-24 14:38:46.688 +05:30  VRB  Action Filter: After executing OnActionExecuted on filter Microsoft.AspNetCore.Mvc.ModelBinding.UnsupportedContentTypeFilter.
2024-09-24 14:38:46.690 +05:30  VRB  Result Filter: Before executing OnResultExecuting on filter Microsoft.AspNetCore.Mvc.Infrastructure.ClientErrorResultFilter.
2024-09-24 14:38:46.691 +05:30  VRB  Result Filter: After executing OnResultExecuting on filter Microsoft.AspNetCore.Mvc.Infrastructure.ClientErrorResultFilter.
2024-09-24 14:38:46.693 +05:30  VRB  Before executing action result Microsoft.AspNetCore.Mvc.OkObjectResult.
2024-09-24 14:38:46.694 +05:30  DBG  List of registered output formatters, in the following order: ["Microsoft.AspNetCore.Mvc.Formatters.HttpNoContentOutputFormatter","Microsoft.AspNetCore.Mvc.Formatters.StringOutputFormatter","Microsoft.AspNetCore.Mvc.Formatters.StreamOutputFormatter","Microsoft.AspNetCore.Mvc.Formatters.SystemTextJsonOutputFormatter"]
2024-09-24 14:38:46.695 +05:30  DBG  No information found on request to perform content negotiation.
2024-09-24 14:38:46.696 +05:30  DBG  Attempting to select an output formatter without using a content type as no explicit content types were specified for the response.
2024-09-24 14:38:46.697 +05:30  DBG  Attempting to select the first formatter in the output formatters list which can write the result.
2024-09-24 14:38:46.697 +05:30  DBG  Selected output formatter 'Microsoft.AspNetCore.Mvc.Formatters.SystemTextJsonOutputFormatter' and content type 'application/json' to write the response.
2024-09-24 14:38:46.698 +05:30  INF  Executing OkObjectResult, writing value of type '<>f__AnonymousType1`3[[System.String, System.Private.CoreLib, Version=8.0.0.0, Culture=neutral, PublicKeyToken=7cec85d7bea7798e],[System.String, System.Private.CoreLib, Version=8.0.0.0, Culture=neutral, PublicKeyToken=7cec85d7bea7798e],[System.Collections.Generic.IEnumerable`1[[System.String, System.Private.CoreLib, Version=8.0.0.0, Culture=neutral, PublicKeyToken=7cec85d7bea7798e]], System.Private.CoreLib, Version=8.0.0.0, Culture=neutral, PublicKeyToken=7cec85d7bea7798e]]'.
2024-09-24 14:38:46.700 +05:30  VRB  Connection id "0HN6SED9F77PJ" sending "HEADERS" frame for stream ID 3 with length 37 and flags "END_HEADERS".
2024-09-24 14:38:46.700 +05:30  VRB  After executing action result Microsoft.AspNetCore.Mvc.OkObjectResult.
2024-09-24 14:38:46.701 +05:30  VRB  Connection id "0HN6SED9F77PJ" sending "DATA" frame for stream ID 3 with length 582 and flags "NONE".
2024-09-24 14:38:46.702 +05:30  VRB  Result Filter: Before executing OnResultExecuted on filter Microsoft.AspNetCore.Mvc.Infrastructure.ClientErrorResultFilter.
2024-09-24 14:38:46.703 +05:30  VRB  Result Filter: After executing OnResultExecuted on filter Microsoft.AspNetCore.Mvc.Infrastructure.ClientErrorResultFilter.
2024-09-24 14:38:46.704 +05:30  INF  Executed action Web.Ecommerce.Controllers.Account.AccountController.Login (Web.Ecommerce) in 169.2671ms
2024-09-24 14:38:46.707 +05:30  INF  Executed endpoint 'Web.Ecommerce.Controllers.Account.AccountController.Login (Web.Ecommerce)'
2024-09-24 14:38:46.709 +05:30  VRB  Connection id "0HN6SED9F77PJ" sending "DATA" frame for stream ID 3 with length 0 and flags "END_STREAM".
2024-09-24 14:38:46.709 +05:30  DBG  'EcommerceDbContext' disposed.
2024-09-24 14:38:46.712 +05:30  DBG  Disposing connection to database 'Ecommerce' on server 'FGS-DSK-230\MSSQLSERVER2019'.
2024-09-24 14:38:46.713 +05:30  DBG  Disposed connection to database '' on server '' (1ms).
2024-09-24 14:38:46.714 +05:30  INF  Request finished HTTP/2 POST https://localhost:7113/api/Account/Login - 200 null application/json; charset=utf-8 198.4308ms
2024-09-24 14:38:47.387 +05:30  DBG  Connection id "0HN6SED9F77PJ" received FIN.
2024-09-24 14:38:47.389 +05:30  DBG  Connection id "0HN6SED9F77PJ" is closed. The last processed stream ID was 3.
2024-09-24 14:38:47.389 +05:30  DBG  The connection queue processing loop for 0HN6SED9F77PJ completed.
2024-09-24 14:38:47.390 +05:30  DBG  Connection id "0HN6SED9F77PJ" sending FIN because: "The Socket transport's send loop completed gracefully."
2024-09-24 14:38:47.408 +05:30  DBG  Connection id "0HN6SED9F77PJ" stopped.
2024-09-24 14:41:55.319 +05:30  DBG  Connection id "0HN6SED9F77PK" accepted.
2024-09-24 14:41:55.325 +05:30  DBG  Connection id "0HN6SED9F77PK" started.
2024-09-24 14:41:55.327 +05:30  DBG  Connection 0HN6SED9F77PK established using the following protocol: "Tls12"
2024-09-24 14:41:55.328 +05:30  VRB  Connection id "0HN6SED9F77PK" sending "SETTINGS" frame for stream ID 0 with length 24 and flags "NONE".
2024-09-24 14:41:55.330 +05:30  VRB  Connection id "0HN6SED9F77PK" sending "WINDOW_UPDATE" frame for stream ID 0 with length 4 and flags 0x0.
2024-09-24 14:41:55.335 +05:30  VRB  Connection id "0HN6SED9F77PK" received "SETTINGS" frame for stream ID 0 with length 24 and flags "NONE".
2024-09-24 14:41:55.336 +05:30  VRB  Connection id "0HN6SED9F77PK" sending "SETTINGS" frame for stream ID 0 with length 0 and flags "ACK".
2024-09-24 14:41:55.337 +05:30  VRB  Connection id "0HN6SED9F77PK" received "WINDOW_UPDATE" frame for stream ID 0 with length 4 and flags 0x0.
2024-09-24 14:41:55.339 +05:30  VRB  Connection id "0HN6SED9F77PK" received "HEADERS" frame for stream ID 1 with length 335 and flags "END_STREAM, END_HEADERS, PRIORITY".
2024-09-24 14:41:55.341 +05:30  VRB  Connection id "0HN6SED9F77PK" received "SETTINGS" frame for stream ID 0 with length 0 and flags "ACK".
2024-09-24 14:41:55.341 +05:30  INF  Request starting HTTP/2 OPTIONS https://localhost:7113/api/Account/Login - null null
2024-09-24 14:41:55.345 +05:30  VRB  All hosts are allowed.
2024-09-24 14:41:55.346 +05:30  DBG  1 candidate(s) found for the request path '/api/Account/Login'
2024-09-24 14:41:55.347 +05:30  DBG  Request matched endpoint '405 HTTP Method Not Supported'
2024-09-24 14:41:55.348 +05:30  VRB  The endpoint does not specify the IRequestSizeLimitMetadata.
2024-09-24 14:41:55.349 +05:30  DBG  Static files was skipped as the request already matched an endpoint.
2024-09-24 14:41:55.349 +05:30  DBG  The request has an origin header: 'http://localhost:4200'.
2024-09-24 14:41:55.350 +05:30  INF  CORS policy execution successful.
2024-09-24 14:41:55.350 +05:30  DBG  The request is a preflight request.
2024-09-24 14:41:55.351 +05:30  VRB  Connection id "0HN6SED9F77PK" sending "HEADERS" frame for stream ID 1 with length 122 and flags "END_STREAM, END_HEADERS".
2024-09-24 14:41:55.351 +05:30  INF  Request finished HTTP/2 OPTIONS https://localhost:7113/api/Account/Login - 204 null null 10.287ms
2024-09-24 14:41:55.353 +05:30  VRB  Connection id "0HN6SED9F77PK" received "HEADERS" frame for stream ID 3 with length 182 and flags "END_HEADERS, PRIORITY".
2024-09-24 14:41:55.357 +05:30  VRB  Connection id "0HN6SED9F77PK" received "DATA" frame for stream ID 3 with length 68 and flags "END_STREAM".
2024-09-24 14:41:55.357 +05:30  INF  Request starting HTTP/2 POST https://localhost:7113/api/Account/Login - application/json 68
2024-09-24 14:41:55.361 +05:30  VRB  All hosts are allowed.
2024-09-24 14:41:55.361 +05:30  DBG  1 candidate(s) found for the request path '/api/Account/Login'
2024-09-24 14:41:55.362 +05:30  DBG  Endpoint 'Web.Ecommerce.Controllers.Account.AccountController.Login (Web.Ecommerce)' with route pattern 'api/Account/Login' is valid for the request path '/api/Account/Login'
2024-09-24 14:41:55.364 +05:30  DBG  Request matched endpoint 'Web.Ecommerce.Controllers.Account.AccountController.Login (Web.Ecommerce)'
2024-09-24 14:41:55.365 +05:30  VRB  The endpoint does not specify the IRequestSizeLimitMetadata.
2024-09-24 14:41:55.365 +05:30  DBG  Static files was skipped as the request already matched an endpoint.
2024-09-24 14:41:55.366 +05:30  DBG  The request has an origin header: 'http://localhost:4200'.
2024-09-24 14:41:55.367 +05:30  INF  CORS policy execution successful.
2024-09-24 14:41:55.367 +05:30  DBG  AuthenticationScheme: Bearer was not authenticated.
2024-09-24 14:41:55.368 +05:30  INF  Executing endpoint 'Web.Ecommerce.Controllers.Account.AccountController.Login (Web.Ecommerce)'
2024-09-24 14:41:55.369 +05:30  INF  Route matched with {action = "Login", controller = "Account"}. Executing controller action with signature System.Threading.Tasks.Task`1[Microsoft.AspNetCore.Mvc.IActionResult] Login(Application.Ecom.Authentication.Commands.LoginUser.LoginUserCommand) on controller Web.Ecommerce.Controllers.Account.AccountController (Web.Ecommerce).
2024-09-24 14:41:55.371 +05:30  DBG  Execution plan of authorization filters (in the following order): ["None"]
2024-09-24 14:41:55.372 +05:30  DBG  Execution plan of resource filters (in the following order): ["None"]
2024-09-24 14:41:55.373 +05:30  DBG  Execution plan of action filters (in the following order): ["Microsoft.AspNetCore.Mvc.ModelBinding.UnsupportedContentTypeFilter (Order: -3000)","Microsoft.AspNetCore.Mvc.Infrastructure.ModelStateInvalidFilter (Order: -2000)"]
2024-09-24 14:41:55.374 +05:30  DBG  Execution plan of exception filters (in the following order): ["None"]
2024-09-24 14:41:55.375 +05:30  DBG  Execution plan of result filters (in the following order): ["Microsoft.AspNetCore.Mvc.Infrastructure.ClientErrorResultFilter (Order: -2000)"]
2024-09-24 14:41:55.376 +05:30  DBG  Executing controller factory for controller Web.Ecommerce.Controllers.Account.AccountController (Web.Ecommerce)
2024-09-24 14:41:55.377 +05:30  DBG  Executed controller factory for controller Web.Ecommerce.Controllers.Account.AccountController (Web.Ecommerce)
2024-09-24 14:41:55.379 +05:30  DBG  Attempting to bind parameter 'command' of type 'Application.Ecom.Authentication.Commands.LoginUser.LoginUserCommand' ...
2024-09-24 14:41:55.381 +05:30  DBG  Attempting to bind parameter 'command' of type 'Application.Ecom.Authentication.Commands.LoginUser.LoginUserCommand' using the name '' in request data ...
2024-09-24 14:41:55.382 +05:30  DBG  Selected input formatter 'Microsoft.AspNetCore.Mvc.Formatters.SystemTextJsonInputFormatter' for content type 'application/json'.
2024-09-24 14:41:55.383 +05:30  DBG  Connection id "0HN6SED9F77PK", Request id "0HN6SED9F77PK:00000003": started reading request body.
2024-09-24 14:41:55.384 +05:30  DBG  Connection id "0HN6SED9F77PK", Request id "0HN6SED9F77PK:00000003": done reading request body.
2024-09-24 14:41:55.386 +05:30  DBG  JSON input formatter succeeded, deserializing to type 'Application.Ecom.Authentication.Commands.LoginUser.LoginUserCommand'
2024-09-24 14:41:55.386 +05:30  DBG  Done attempting to bind parameter 'command' of type 'Application.Ecom.Authentication.Commands.LoginUser.LoginUserCommand'.
2024-09-24 14:41:55.387 +05:30  DBG  Done attempting to bind parameter 'command' of type 'Application.Ecom.Authentication.Commands.LoginUser.LoginUserCommand'.
2024-09-24 14:41:55.388 +05:30  DBG  Attempting to validate the bound parameter 'command' of type 'Application.Ecom.Authentication.Commands.LoginUser.LoginUserCommand' ...
2024-09-24 14:41:55.390 +05:30  DBG  Done attempting to validate the bound parameter 'command' of type 'Application.Ecom.Authentication.Commands.LoginUser.LoginUserCommand'.
2024-09-24 14:41:55.391 +05:30  VRB  Action Filter: Before executing OnActionExecuting on filter Microsoft.AspNetCore.Mvc.ModelBinding.UnsupportedContentTypeFilter.
2024-09-24 14:41:55.392 +05:30  VRB  Action Filter: After executing OnActionExecuting on filter Microsoft.AspNetCore.Mvc.ModelBinding.UnsupportedContentTypeFilter.
2024-09-24 14:41:55.393 +05:30  VRB  Action Filter: Before executing OnActionExecuting on filter Microsoft.AspNetCore.Mvc.Infrastructure.ModelStateInvalidFilter.
2024-09-24 14:41:55.394 +05:30  VRB  Action Filter: After executing OnActionExecuting on filter Microsoft.AspNetCore.Mvc.Infrastructure.ModelStateInvalidFilter.
2024-09-24 14:41:55.396 +05:30  INF  Executing action method Web.Ecommerce.Controllers.Account.AccountController.Login (Web.Ecommerce) - Validation state: "Valid"
2024-09-24 14:41:55.397 +05:30  VRB  Executing action method Web.Ecommerce.Controllers.Account.AccountController.Login (Web.Ecommerce) with arguments (["Application.Ecom.Authentication.Commands.LoginUser.LoginUserCommand"])
2024-09-24 14:41:55.399 +05:30  DBG  Entity Framework Core 8.0.8 initialized 'EcommerceDbContext' using provider 'Microsoft.EntityFrameworkCore.SqlServer:8.0.8' with options: None
2024-09-24 14:41:55.401 +05:30  DBG  Creating DbConnection.
2024-09-24 14:41:55.402 +05:30  DBG  Created DbConnection. (0ms).
2024-09-24 14:41:55.403 +05:30  DBG  Opening connection to database 'Ecommerce' on server 'FGS-DSK-230\MSSQLSERVER2019'.
2024-09-24 14:41:55.404 +05:30  DBG  Opened connection to database 'Ecommerce' on server 'FGS-DSK-230\MSSQLSERVER2019'.
2024-09-24 14:41:55.405 +05:30  DBG  Creating DbCommand for 'ExecuteReader'.
2024-09-24 14:41:55.405 +05:30  DBG  Created DbCommand for 'ExecuteReader' (0ms).
2024-09-24 14:41:55.406 +05:30  DBG  Initialized DbCommand for 'ExecuteReader' (1ms).
2024-09-24 14:41:55.407 +05:30  DBG  Executing DbCommand [Parameters=[@__normalizedEmail_0='?' (Size = 256)], CommandType='"Text"', CommandTimeout='30']
SELECT TOP(2) [a].[Id], [a].[AccessFailedCount], [a].[ConcurrencyStamp], [a].[CreatedAt], [a].[Email], [a].[EmailConfirmed], [a].[IsDeleted], [a].[IsVerified], [a].[LockoutEnabled], [a].[LockoutEnd], [a].[NormalizedEmail], [a].[NormalizedUserName], [a].[PasswordHash], [a].[PhoneNumber], [a].[PhoneNumberConfirmed], [a].[SecurityStamp], [a].[TwoFactorEnabled], [a].[UpdatedAt], [a].[UserName]
FROM [AspNetUsers] AS [a]
WHERE [a].[NormalizedEmail] = @__normalizedEmail_0
2024-09-24 14:41:55.411 +05:30  INF  Executed DbCommand (4ms) [Parameters=[@__normalizedEmail_0='?' (Size = 256)], CommandType='"Text"', CommandTimeout='30']
SELECT TOP(2) [a].[Id], [a].[AccessFailedCount], [a].[ConcurrencyStamp], [a].[CreatedAt], [a].[Email], [a].[EmailConfirmed], [a].[IsDeleted], [a].[IsVerified], [a].[LockoutEnabled], [a].[LockoutEnd], [a].[NormalizedEmail], [a].[NormalizedUserName], [a].[PasswordHash], [a].[PhoneNumber], [a].[PhoneNumberConfirmed], [a].[SecurityStamp], [a].[TwoFactorEnabled], [a].[UpdatedAt], [a].[UserName]
FROM [AspNetUsers] AS [a]
WHERE [a].[NormalizedEmail] = @__normalizedEmail_0
2024-09-24 14:41:55.415 +05:30  DBG  Context 'EcommerceDbContext' started tracking 'User' entity. Consider using 'DbContextOptionsBuilder.EnableSensitiveDataLogging' to see key values.
2024-09-24 14:41:55.416 +05:30  DBG  Closing data reader to 'Ecommerce' on server 'FGS-DSK-230\MSSQLSERVER2019'.
2024-09-24 14:41:55.416 +05:30  DBG  A data reader for 'Ecommerce' on server 'FGS-DSK-230\MSSQLSERVER2019' is being disposed after spending 2ms reading results.
2024-09-24 14:41:55.418 +05:30  DBG  Closing connection to database 'Ecommerce' on server 'FGS-DSK-230\MSSQLSERVER2019'.
2024-09-24 14:41:55.419 +05:30  DBG  Closed connection to database 'Ecommerce' on server 'FGS-DSK-230\MSSQLSERVER2019' (1ms).
2024-09-24 14:41:55.491 +05:30  DBG  Opening connection to database 'Ecommerce' on server 'FGS-DSK-230\MSSQLSERVER2019'.
2024-09-24 14:41:55.493 +05:30  DBG  Opened connection to database 'Ecommerce' on server 'FGS-DSK-230\MSSQLSERVER2019'.
2024-09-24 14:41:55.495 +05:30  DBG  Creating DbCommand for 'ExecuteReader'.
2024-09-24 14:41:55.496 +05:30  DBG  Created DbCommand for 'ExecuteReader' (1ms).
2024-09-24 14:41:55.497 +05:30  DBG  Initialized DbCommand for 'ExecuteReader' (1ms).
2024-09-24 14:41:55.498 +05:30  DBG  Executing DbCommand [Parameters=[@__userId_0='?' (DbType = Guid)], CommandType='"Text"', CommandTimeout='30']
SELECT [a0].[Name]
FROM [AspNetUserRoles] AS [a]
INNER JOIN [AspNetRoles] AS [a0] ON [a].[RoleId] = [a0].[Id]
WHERE [a].[UserId] = @__userId_0
2024-09-24 14:41:55.501 +05:30  INF  Executed DbCommand (4ms) [Parameters=[@__userId_0='?' (DbType = Guid)], CommandType='"Text"', CommandTimeout='30']
SELECT [a0].[Name]
FROM [AspNetUserRoles] AS [a]
INNER JOIN [AspNetRoles] AS [a0] ON [a].[RoleId] = [a0].[Id]
WHERE [a].[UserId] = @__userId_0
2024-09-24 14:41:55.504 +05:30  DBG  Closing data reader to 'Ecommerce' on server 'FGS-DSK-230\MSSQLSERVER2019'.
2024-09-24 14:41:55.505 +05:30  DBG  A data reader for 'Ecommerce' on server 'FGS-DSK-230\MSSQLSERVER2019' is being disposed after spending 0ms reading results.
2024-09-24 14:41:55.506 +05:30  DBG  Closing connection to database 'Ecommerce' on server 'FGS-DSK-230\MSSQLSERVER2019'.
2024-09-24 14:41:55.507 +05:30  DBG  Closed connection to database 'Ecommerce' on server 'FGS-DSK-230\MSSQLSERVER2019' (0ms).
2024-09-24 14:41:55.508 +05:30  INF  Executed action method Web.Ecommerce.Controllers.Account.AccountController.Login (Web.Ecommerce), returned result Microsoft.AspNetCore.Mvc.OkObjectResult in 110.3908ms.
2024-09-24 14:41:55.510 +05:30  VRB  Action Filter: Before executing OnActionExecuted on filter Microsoft.AspNetCore.Mvc.Infrastructure.ModelStateInvalidFilter.
2024-09-24 14:41:55.512 +05:30  VRB  Action Filter: After executing OnActionExecuted on filter Microsoft.AspNetCore.Mvc.Infrastructure.ModelStateInvalidFilter.
2024-09-24 14:41:55.513 +05:30  VRB  Action Filter: Before executing OnActionExecuted on filter Microsoft.AspNetCore.Mvc.ModelBinding.UnsupportedContentTypeFilter.
2024-09-24 14:41:55.514 +05:30  VRB  Action Filter: After executing OnActionExecuted on filter Microsoft.AspNetCore.Mvc.ModelBinding.UnsupportedContentTypeFilter.
2024-09-24 14:41:55.515 +05:30  VRB  Result Filter: Before executing OnResultExecuting on filter Microsoft.AspNetCore.Mvc.Infrastructure.ClientErrorResultFilter.
2024-09-24 14:41:55.516 +05:30  VRB  Result Filter: After executing OnResultExecuting on filter Microsoft.AspNetCore.Mvc.Infrastructure.ClientErrorResultFilter.
2024-09-24 14:41:55.517 +05:30  VRB  Before executing action result Microsoft.AspNetCore.Mvc.OkObjectResult.
2024-09-24 14:41:55.518 +05:30  DBG  List of registered output formatters, in the following order: ["Microsoft.AspNetCore.Mvc.Formatters.HttpNoContentOutputFormatter","Microsoft.AspNetCore.Mvc.Formatters.StringOutputFormatter","Microsoft.AspNetCore.Mvc.Formatters.StreamOutputFormatter","Microsoft.AspNetCore.Mvc.Formatters.SystemTextJsonOutputFormatter"]
2024-09-24 14:41:55.519 +05:30  DBG  No information found on request to perform content negotiation.
2024-09-24 14:41:55.520 +05:30  DBG  Attempting to select an output formatter without using a content type as no explicit content types were specified for the response.
2024-09-24 14:41:55.521 +05:30  DBG  Attempting to select the first formatter in the output formatters list which can write the result.
2024-09-24 14:41:55.521 +05:30  DBG  Selected output formatter 'Microsoft.AspNetCore.Mvc.Formatters.SystemTextJsonOutputFormatter' and content type 'application/json' to write the response.
2024-09-24 14:41:55.523 +05:30  INF  Executing OkObjectResult, writing value of type '<>f__AnonymousType1`3[[System.String, System.Private.CoreLib, Version=8.0.0.0, Culture=neutral, PublicKeyToken=7cec85d7bea7798e],[System.String, System.Private.CoreLib, Version=8.0.0.0, Culture=neutral, PublicKeyToken=7cec85d7bea7798e],[System.Collections.Generic.IEnumerable`1[[System.String, System.Private.CoreLib, Version=8.0.0.0, Culture=neutral, PublicKeyToken=7cec85d7bea7798e]], System.Private.CoreLib, Version=8.0.0.0, Culture=neutral, PublicKeyToken=7cec85d7bea7798e]]'.
2024-09-24 14:41:55.524 +05:30  VRB  After executing action result Microsoft.AspNetCore.Mvc.OkObjectResult.
2024-09-24 14:41:55.524 +05:30  VRB  Connection id "0HN6SED9F77PK" sending "HEADERS" frame for stream ID 3 with length 67 and flags "END_HEADERS".
2024-09-24 14:41:55.525 +05:30  VRB  Result Filter: Before executing OnResultExecuted on filter Microsoft.AspNetCore.Mvc.Infrastructure.ClientErrorResultFilter.
2024-09-24 14:41:55.527 +05:30  VRB  Connection id "0HN6SED9F77PK" sending "DATA" frame for stream ID 3 with length 582 and flags "NONE".
2024-09-24 14:41:55.528 +05:30  VRB  Result Filter: After executing OnResultExecuted on filter Microsoft.AspNetCore.Mvc.Infrastructure.ClientErrorResultFilter.
2024-09-24 14:41:55.531 +05:30  INF  Executed action Web.Ecommerce.Controllers.Account.AccountController.Login (Web.Ecommerce) in 154.373ms
2024-09-24 14:41:55.532 +05:30  INF  Executed endpoint 'Web.Ecommerce.Controllers.Account.AccountController.Login (Web.Ecommerce)'
2024-09-24 14:41:55.532 +05:30  VRB  Connection id "0HN6SED9F77PK" sending "DATA" frame for stream ID 3 with length 0 and flags "END_STREAM".
2024-09-24 14:41:55.532 +05:30  DBG  'EcommerceDbContext' disposed.
2024-09-24 14:41:55.535 +05:30  DBG  Disposing connection to database 'Ecommerce' on server 'FGS-DSK-230\MSSQLSERVER2019'.
2024-09-24 14:41:55.536 +05:30  DBG  Disposed connection to database '' on server '' (1ms).
2024-09-24 14:41:55.537 +05:30  INF  Request finished HTTP/2 POST https://localhost:7113/api/Account/Login - 200 null application/json; charset=utf-8 179.9007ms
2024-09-24 14:41:57.691 +05:30  DBG  Connection id "0HN6SED9F77PK" received FIN.
2024-09-24 14:41:57.695 +05:30  DBG  Connection id "0HN6SED9F77PK" is closed. The last processed stream ID was 3.
2024-09-24 14:41:57.695 +05:30  DBG  The connection queue processing loop for 0HN6SED9F77PK completed.
2024-09-24 14:41:57.697 +05:30  DBG  Connection id "0HN6SED9F77PK" sending FIN because: "The Socket transport's send loop completed gracefully."
2024-09-24 14:41:57.701 +05:30  DBG  Connection id "0HN6SED9F77PK" stopped.
2024-09-24 14:43:59.395 +05:30  DBG  Connection id "0HN6SED9F77PL" accepted.
2024-09-24 14:43:59.403 +05:30  DBG  Connection id "0HN6SED9F77PL" started.
2024-09-24 14:43:59.410 +05:30  DBG  Connection 0HN6SED9F77PL established using the following protocol: "Tls12"
2024-09-24 14:43:59.417 +05:30  VRB  Connection id "0HN6SED9F77PL" sending "SETTINGS" frame for stream ID 0 with length 24 and flags "NONE".
2024-09-24 14:43:59.419 +05:30  VRB  Connection id "0HN6SED9F77PL" sending "WINDOW_UPDATE" frame for stream ID 0 with length 4 and flags 0x0.
2024-09-24 14:43:59.421 +05:30  VRB  Connection id "0HN6SED9F77PL" received "SETTINGS" frame for stream ID 0 with length 24 and flags "NONE".
2024-09-24 14:43:59.422 +05:30  VRB  Connection id "0HN6SED9F77PL" sending "SETTINGS" frame for stream ID 0 with length 0 and flags "ACK".
2024-09-24 14:43:59.424 +05:30  VRB  Connection id "0HN6SED9F77PL" received "WINDOW_UPDATE" frame for stream ID 0 with length 4 and flags 0x0.
2024-09-24 14:43:59.425 +05:30  VRB  Connection id "0HN6SED9F77PL" received "HEADERS" frame for stream ID 1 with length 335 and flags "END_STREAM, END_HEADERS, PRIORITY".
2024-09-24 14:43:59.427 +05:30  VRB  Connection id "0HN6SED9F77PL" received "SETTINGS" frame for stream ID 0 with length 0 and flags "ACK".
2024-09-24 14:43:59.427 +05:30  INF  Request starting HTTP/2 OPTIONS https://localhost:7113/api/Account/Login - null null
2024-09-24 14:43:59.431 +05:30  VRB  All hosts are allowed.
2024-09-24 14:43:59.432 +05:30  DBG  1 candidate(s) found for the request path '/api/Account/Login'
2024-09-24 14:43:59.433 +05:30  DBG  Request matched endpoint '405 HTTP Method Not Supported'
2024-09-24 14:43:59.433 +05:30  VRB  The endpoint does not specify the IRequestSizeLimitMetadata.
2024-09-24 14:43:59.434 +05:30  DBG  Static files was skipped as the request already matched an endpoint.
2024-09-24 14:43:59.435 +05:30  DBG  The request has an origin header: 'http://localhost:4200'.
2024-09-24 14:43:59.435 +05:30  INF  CORS policy execution successful.
2024-09-24 14:43:59.436 +05:30  DBG  The request is a preflight request.
2024-09-24 14:43:59.437 +05:30  INF  Request finished HTTP/2 OPTIONS https://localhost:7113/api/Account/Login - 204 null null 9.8297ms
2024-09-24 14:43:59.437 +05:30  VRB  Connection id "0HN6SED9F77PL" sending "HEADERS" frame for stream ID 1 with length 122 and flags "END_STREAM, END_HEADERS".
2024-09-24 14:43:59.442 +05:30  VRB  Connection id "0HN6SED9F77PL" received "HEADERS" frame for stream ID 3 with length 182 and flags "END_HEADERS, PRIORITY".
2024-09-24 14:43:59.444 +05:30  VRB  Connection id "0HN6SED9F77PL" received "DATA" frame for stream ID 3 with length 68 and flags "END_STREAM".
2024-09-24 14:43:59.444 +05:30  INF  Request starting HTTP/2 POST https://localhost:7113/api/Account/Login - application/json 68
2024-09-24 14:43:59.450 +05:30  VRB  All hosts are allowed.
2024-09-24 14:43:59.451 +05:30  DBG  1 candidate(s) found for the request path '/api/Account/Login'
2024-09-24 14:43:59.452 +05:30  DBG  Endpoint 'Web.Ecommerce.Controllers.Account.AccountController.Login (Web.Ecommerce)' with route pattern 'api/Account/Login' is valid for the request path '/api/Account/Login'
2024-09-24 14:43:59.453 +05:30  DBG  Request matched endpoint 'Web.Ecommerce.Controllers.Account.AccountController.Login (Web.Ecommerce)'
2024-09-24 14:43:59.454 +05:30  VRB  The endpoint does not specify the IRequestSizeLimitMetadata.
2024-09-24 14:43:59.455 +05:30  DBG  Static files was skipped as the request already matched an endpoint.
2024-09-24 14:43:59.455 +05:30  DBG  The request has an origin header: 'http://localhost:4200'.
2024-09-24 14:43:59.457 +05:30  INF  CORS policy execution successful.
2024-09-24 14:43:59.458 +05:30  DBG  AuthenticationScheme: Bearer was not authenticated.
2024-09-24 14:43:59.458 +05:30  INF  Executing endpoint 'Web.Ecommerce.Controllers.Account.AccountController.Login (Web.Ecommerce)'
2024-09-24 14:43:59.459 +05:30  INF  Route matched with {action = "Login", controller = "Account"}. Executing controller action with signature System.Threading.Tasks.Task`1[Microsoft.AspNetCore.Mvc.IActionResult] Login(Application.Ecom.Authentication.Commands.LoginUser.LoginUserCommand) on controller Web.Ecommerce.Controllers.Account.AccountController (Web.Ecommerce).
2024-09-24 14:43:59.462 +05:30  DBG  Execution plan of authorization filters (in the following order): ["None"]
2024-09-24 14:43:59.464 +05:30  DBG  Execution plan of resource filters (in the following order): ["None"]
2024-09-24 14:43:59.465 +05:30  DBG  Execution plan of action filters (in the following order): ["Microsoft.AspNetCore.Mvc.ModelBinding.UnsupportedContentTypeFilter (Order: -3000)","Microsoft.AspNetCore.Mvc.Infrastructure.ModelStateInvalidFilter (Order: -2000)"]
2024-09-24 14:43:59.467 +05:30  DBG  Execution plan of exception filters (in the following order): ["None"]
2024-09-24 14:43:59.468 +05:30  DBG  Execution plan of result filters (in the following order): ["Microsoft.AspNetCore.Mvc.Infrastructure.ClientErrorResultFilter (Order: -2000)"]
2024-09-24 14:43:59.469 +05:30  DBG  Executing controller factory for controller Web.Ecommerce.Controllers.Account.AccountController (Web.Ecommerce)
2024-09-24 14:43:59.470 +05:30  DBG  Executed controller factory for controller Web.Ecommerce.Controllers.Account.AccountController (Web.Ecommerce)
2024-09-24 14:43:59.471 +05:30  DBG  Attempting to bind parameter 'command' of type 'Application.Ecom.Authentication.Commands.LoginUser.LoginUserCommand' ...
2024-09-24 14:43:59.472 +05:30  DBG  Attempting to bind parameter 'command' of type 'Application.Ecom.Authentication.Commands.LoginUser.LoginUserCommand' using the name '' in request data ...
2024-09-24 14:43:59.473 +05:30  DBG  Selected input formatter 'Microsoft.AspNetCore.Mvc.Formatters.SystemTextJsonInputFormatter' for content type 'application/json'.
2024-09-24 14:43:59.474 +05:30  DBG  Connection id "0HN6SED9F77PL", Request id "0HN6SED9F77PL:00000003": started reading request body.
2024-09-24 14:43:59.475 +05:30  DBG  Connection id "0HN6SED9F77PL", Request id "0HN6SED9F77PL:00000003": done reading request body.
2024-09-24 14:43:59.476 +05:30  DBG  JSON input formatter succeeded, deserializing to type 'Application.Ecom.Authentication.Commands.LoginUser.LoginUserCommand'
2024-09-24 14:43:59.477 +05:30  DBG  Done attempting to bind parameter 'command' of type 'Application.Ecom.Authentication.Commands.LoginUser.LoginUserCommand'.
2024-09-24 14:43:59.478 +05:30  DBG  Done attempting to bind parameter 'command' of type 'Application.Ecom.Authentication.Commands.LoginUser.LoginUserCommand'.
2024-09-24 14:43:59.480 +05:30  DBG  Attempting to validate the bound parameter 'command' of type 'Application.Ecom.Authentication.Commands.LoginUser.LoginUserCommand' ...
2024-09-24 14:43:59.482 +05:30  DBG  Done attempting to validate the bound parameter 'command' of type 'Application.Ecom.Authentication.Commands.LoginUser.LoginUserCommand'.
2024-09-24 14:43:59.483 +05:30  VRB  Action Filter: Before executing OnActionExecuting on filter Microsoft.AspNetCore.Mvc.ModelBinding.UnsupportedContentTypeFilter.
2024-09-24 14:43:59.484 +05:30  VRB  Action Filter: After executing OnActionExecuting on filter Microsoft.AspNetCore.Mvc.ModelBinding.UnsupportedContentTypeFilter.
2024-09-24 14:43:59.485 +05:30  VRB  Action Filter: Before executing OnActionExecuting on filter Microsoft.AspNetCore.Mvc.Infrastructure.ModelStateInvalidFilter.
2024-09-24 14:43:59.486 +05:30  VRB  Action Filter: After executing OnActionExecuting on filter Microsoft.AspNetCore.Mvc.Infrastructure.ModelStateInvalidFilter.
2024-09-24 14:43:59.487 +05:30  INF  Executing action method Web.Ecommerce.Controllers.Account.AccountController.Login (Web.Ecommerce) - Validation state: "Valid"
2024-09-24 14:43:59.488 +05:30  VRB  Executing action method Web.Ecommerce.Controllers.Account.AccountController.Login (Web.Ecommerce) with arguments (["Application.Ecom.Authentication.Commands.LoginUser.LoginUserCommand"])
2024-09-24 14:43:59.490 +05:30  DBG  Entity Framework Core 8.0.8 initialized 'EcommerceDbContext' using provider 'Microsoft.EntityFrameworkCore.SqlServer:8.0.8' with options: None
2024-09-24 14:43:59.492 +05:30  DBG  Creating DbConnection.
2024-09-24 14:43:59.493 +05:30  DBG  Created DbConnection. (0ms).
2024-09-24 14:43:59.494 +05:30  DBG  Opening connection to database 'Ecommerce' on server 'FGS-DSK-230\MSSQLSERVER2019'.
2024-09-24 14:43:59.495 +05:30  DBG  Opened connection to database 'Ecommerce' on server 'FGS-DSK-230\MSSQLSERVER2019'.
2024-09-24 14:43:59.497 +05:30  DBG  Creating DbCommand for 'ExecuteReader'.
2024-09-24 14:43:59.499 +05:30  DBG  Created DbCommand for 'ExecuteReader' (2ms).
2024-09-24 14:43:59.500 +05:30  DBG  Initialized DbCommand for 'ExecuteReader' (3ms).
2024-09-24 14:43:59.501 +05:30  DBG  Executing DbCommand [Parameters=[@__normalizedEmail_0='?' (Size = 256)], CommandType='"Text"', CommandTimeout='30']
SELECT TOP(2) [a].[Id], [a].[AccessFailedCount], [a].[ConcurrencyStamp], [a].[CreatedAt], [a].[Email], [a].[EmailConfirmed], [a].[IsDeleted], [a].[IsVerified], [a].[LockoutEnabled], [a].[LockoutEnd], [a].[NormalizedEmail], [a].[NormalizedUserName], [a].[PasswordHash], [a].[PhoneNumber], [a].[PhoneNumberConfirmed], [a].[SecurityStamp], [a].[TwoFactorEnabled], [a].[UpdatedAt], [a].[UserName]
FROM [AspNetUsers] AS [a]
WHERE [a].[NormalizedEmail] = @__normalizedEmail_0
2024-09-24 14:43:59.506 +05:30  INF  Executed DbCommand (5ms) [Parameters=[@__normalizedEmail_0='?' (Size = 256)], CommandType='"Text"', CommandTimeout='30']
SELECT TOP(2) [a].[Id], [a].[AccessFailedCount], [a].[ConcurrencyStamp], [a].[CreatedAt], [a].[Email], [a].[EmailConfirmed], [a].[IsDeleted], [a].[IsVerified], [a].[LockoutEnabled], [a].[LockoutEnd], [a].[NormalizedEmail], [a].[NormalizedUserName], [a].[PasswordHash], [a].[PhoneNumber], [a].[PhoneNumberConfirmed], [a].[SecurityStamp], [a].[TwoFactorEnabled], [a].[UpdatedAt], [a].[UserName]
FROM [AspNetUsers] AS [a]
WHERE [a].[NormalizedEmail] = @__normalizedEmail_0
2024-09-24 14:43:59.509 +05:30  DBG  Context 'EcommerceDbContext' started tracking 'User' entity. Consider using 'DbContextOptionsBuilder.EnableSensitiveDataLogging' to see key values.
2024-09-24 14:43:59.510 +05:30  DBG  Closing data reader to 'Ecommerce' on server 'FGS-DSK-230\MSSQLSERVER2019'.
2024-09-24 14:43:59.511 +05:30  DBG  A data reader for 'Ecommerce' on server 'FGS-DSK-230\MSSQLSERVER2019' is being disposed after spending 2ms reading results.
2024-09-24 14:43:59.513 +05:30  DBG  Closing connection to database 'Ecommerce' on server 'FGS-DSK-230\MSSQLSERVER2019'.
2024-09-24 14:43:59.514 +05:30  DBG  Closed connection to database 'Ecommerce' on server 'FGS-DSK-230\MSSQLSERVER2019' (1ms).
2024-09-24 14:43:59.592 +05:30  DBG  Opening connection to database 'Ecommerce' on server 'FGS-DSK-230\MSSQLSERVER2019'.
2024-09-24 14:43:59.597 +05:30  DBG  Opened connection to database 'Ecommerce' on server 'FGS-DSK-230\MSSQLSERVER2019'.
2024-09-24 14:43:59.600 +05:30  DBG  Creating DbCommand for 'ExecuteReader'.
2024-09-24 14:43:59.601 +05:30  DBG  Created DbCommand for 'ExecuteReader' (0ms).
2024-09-24 14:43:59.601 +05:30  DBG  Initialized DbCommand for 'ExecuteReader' (1ms).
2024-09-24 14:43:59.602 +05:30  DBG  Executing DbCommand [Parameters=[@__userId_0='?' (DbType = Guid)], CommandType='"Text"', CommandTimeout='30']
SELECT [a0].[Name]
FROM [AspNetUserRoles] AS [a]
INNER JOIN [AspNetRoles] AS [a0] ON [a].[RoleId] = [a0].[Id]
WHERE [a].[UserId] = @__userId_0
2024-09-24 14:43:59.606 +05:30  INF  Executed DbCommand (4ms) [Parameters=[@__userId_0='?' (DbType = Guid)], CommandType='"Text"', CommandTimeout='30']
SELECT [a0].[Name]
FROM [AspNetUserRoles] AS [a]
INNER JOIN [AspNetRoles] AS [a0] ON [a].[RoleId] = [a0].[Id]
WHERE [a].[UserId] = @__userId_0
2024-09-24 14:43:59.608 +05:30  DBG  Closing data reader to 'Ecommerce' on server 'FGS-DSK-230\MSSQLSERVER2019'.
2024-09-24 14:43:59.609 +05:30  DBG  A data reader for 'Ecommerce' on server 'FGS-DSK-230\MSSQLSERVER2019' is being disposed after spending 0ms reading results.
2024-09-24 14:43:59.610 +05:30  DBG  Closing connection to database 'Ecommerce' on server 'FGS-DSK-230\MSSQLSERVER2019'.
2024-09-24 14:43:59.611 +05:30  DBG  Closed connection to database 'Ecommerce' on server 'FGS-DSK-230\MSSQLSERVER2019' (0ms).
2024-09-24 14:43:59.614 +05:30  INF  Executed action method Web.Ecommerce.Controllers.Account.AccountController.Login (Web.Ecommerce), returned result Microsoft.AspNetCore.Mvc.OkObjectResult in 124.2026ms.
2024-09-24 14:43:59.615 +05:30  VRB  Action Filter: Before executing OnActionExecuted on filter Microsoft.AspNetCore.Mvc.Infrastructure.ModelStateInvalidFilter.
2024-09-24 14:43:59.616 +05:30  VRB  Action Filter: After executing OnActionExecuted on filter Microsoft.AspNetCore.Mvc.Infrastructure.ModelStateInvalidFilter.
2024-09-24 14:43:59.617 +05:30  VRB  Action Filter: Before executing OnActionExecuted on filter Microsoft.AspNetCore.Mvc.ModelBinding.UnsupportedContentTypeFilter.
2024-09-24 14:43:59.618 +05:30  VRB  Action Filter: After executing OnActionExecuted on filter Microsoft.AspNetCore.Mvc.ModelBinding.UnsupportedContentTypeFilter.
2024-09-24 14:43:59.619 +05:30  VRB  Result Filter: Before executing OnResultExecuting on filter Microsoft.AspNetCore.Mvc.Infrastructure.ClientErrorResultFilter.
2024-09-24 14:43:59.621 +05:30  VRB  Result Filter: After executing OnResultExecuting on filter Microsoft.AspNetCore.Mvc.Infrastructure.ClientErrorResultFilter.
2024-09-24 14:43:59.622 +05:30  VRB  Before executing action result Microsoft.AspNetCore.Mvc.OkObjectResult.
2024-09-24 14:43:59.622 +05:30  DBG  List of registered output formatters, in the following order: ["Microsoft.AspNetCore.Mvc.Formatters.HttpNoContentOutputFormatter","Microsoft.AspNetCore.Mvc.Formatters.StringOutputFormatter","Microsoft.AspNetCore.Mvc.Formatters.StreamOutputFormatter","Microsoft.AspNetCore.Mvc.Formatters.SystemTextJsonOutputFormatter"]
2024-09-24 14:43:59.624 +05:30  DBG  No information found on request to perform content negotiation.
2024-09-24 14:43:59.625 +05:30  DBG  Attempting to select an output formatter without using a content type as no explicit content types were specified for the response.
2024-09-24 14:43:59.625 +05:30  DBG  Attempting to select the first formatter in the output formatters list which can write the result.
2024-09-24 14:43:59.626 +05:30  DBG  Selected output formatter 'Microsoft.AspNetCore.Mvc.Formatters.SystemTextJsonOutputFormatter' and content type 'application/json' to write the response.
2024-09-24 14:43:59.627 +05:30  INF  Executing OkObjectResult, writing value of type '<>f__AnonymousType1`3[[System.String, System.Private.CoreLib, Version=8.0.0.0, Culture=neutral, PublicKeyToken=7cec85d7bea7798e],[System.String, System.Private.CoreLib, Version=8.0.0.0, Culture=neutral, PublicKeyToken=7cec85d7bea7798e],[System.Collections.Generic.IEnumerable`1[[System.String, System.Private.CoreLib, Version=8.0.0.0, Culture=neutral, PublicKeyToken=7cec85d7bea7798e]], System.Private.CoreLib, Version=8.0.0.0, Culture=neutral, PublicKeyToken=7cec85d7bea7798e]]'.
2024-09-24 14:43:59.628 +05:30  VRB  Connection id "0HN6SED9F77PL" sending "HEADERS" frame for stream ID 3 with length 37 and flags "END_HEADERS".
2024-09-24 14:43:59.628 +05:30  VRB  After executing action result Microsoft.AspNetCore.Mvc.OkObjectResult.
2024-09-24 14:43:59.631 +05:30  VRB  Connection id "0HN6SED9F77PL" sending "DATA" frame for stream ID 3 with length 582 and flags "NONE".
2024-09-24 14:43:59.631 +05:30  VRB  Result Filter: Before executing OnResultExecuted on filter Microsoft.AspNetCore.Mvc.Infrastructure.ClientErrorResultFilter.
2024-09-24 14:43:59.634 +05:30  VRB  Result Filter: After executing OnResultExecuted on filter Microsoft.AspNetCore.Mvc.Infrastructure.ClientErrorResultFilter.
2024-09-24 14:43:59.635 +05:30  INF  Executed action Web.Ecommerce.Controllers.Account.AccountController.Login (Web.Ecommerce) in 166.3824ms
2024-09-24 14:43:59.636 +05:30  INF  Executed endpoint 'Web.Ecommerce.Controllers.Account.AccountController.Login (Web.Ecommerce)'
2024-09-24 14:43:59.638 +05:30  DBG  'EcommerceDbContext' disposed.
2024-09-24 14:43:59.638 +05:30  VRB  Connection id "0HN6SED9F77PL" sending "DATA" frame for stream ID 3 with length 0 and flags "END_STREAM".
2024-09-24 14:43:59.639 +05:30  DBG  Disposing connection to database 'Ecommerce' on server 'FGS-DSK-230\MSSQLSERVER2019'.
2024-09-24 14:43:59.642 +05:30  DBG  Disposed connection to database '' on server '' (2ms).
2024-09-24 14:43:59.643 +05:30  INF  Request finished HTTP/2 POST https://localhost:7113/api/Account/Login - 200 null application/json; charset=utf-8 198.6802ms
2024-09-24 14:44:42.954 +05:30  DBG  Connection id "0HN6SED9F77PL" received FIN.
2024-09-24 14:44:42.956 +05:30  DBG  Connection id "0HN6SED9F77PL" is closed. The last processed stream ID was 3.
2024-09-24 14:44:42.957 +05:30  DBG  The connection queue processing loop for 0HN6SED9F77PL completed.
2024-09-24 14:44:42.961 +05:30  DBG  Connection id "0HN6SED9F77PL" sending FIN because: "The Socket transport's send loop completed gracefully."
2024-09-24 14:44:42.978 +05:30  DBG  Connection id "0HN6SED9F77PL" stopped.
2024-09-24 16:31:30.633 +05:30  DBG  Connection id "0HN6SED9F77PM" accepted.
2024-09-24 16:31:30.644 +05:30  DBG  Connection id "0HN6SED9F77PM" started.
2024-09-24 16:31:30.668 +05:30  DBG  Connection 0HN6SED9F77PM established using the following protocol: "Tls12"
2024-09-24 16:31:30.674 +05:30  VRB  Connection id "0HN6SED9F77PM" sending "SETTINGS" frame for stream ID 0 with length 24 and flags "NONE".
2024-09-24 16:31:30.677 +05:30  VRB  Connection id "0HN6SED9F77PM" sending "WINDOW_UPDATE" frame for stream ID 0 with length 4 and flags 0x0.
2024-09-24 16:31:30.678 +05:30  VRB  Connection id "0HN6SED9F77PM" received "SETTINGS" frame for stream ID 0 with length 24 and flags "NONE".
2024-09-24 16:31:30.680 +05:30  VRB  Connection id "0HN6SED9F77PM" sending "SETTINGS" frame for stream ID 0 with length 0 and flags "ACK".
2024-09-24 16:31:30.681 +05:30  VRB  Connection id "0HN6SED9F77PM" received "WINDOW_UPDATE" frame for stream ID 0 with length 4 and flags 0x0.
2024-09-24 16:31:30.683 +05:30  VRB  Connection id "0HN6SED9F77PM" received "HEADERS" frame for stream ID 1 with length 335 and flags "END_STREAM, END_HEADERS, PRIORITY".
2024-09-24 16:31:30.686 +05:30  VRB  Connection id "0HN6SED9F77PM" received "SETTINGS" frame for stream ID 0 with length 0 and flags "ACK".
2024-09-24 16:31:30.695 +05:30  INF  Request starting HTTP/2 OPTIONS https://localhost:7113/api/Account/Login - null null
2024-09-24 16:31:30.699 +05:30  VRB  All hosts are allowed.
2024-09-24 16:31:30.701 +05:30  DBG  1 candidate(s) found for the request path '/api/Account/Login'
2024-09-24 16:31:30.702 +05:30  DBG  Request matched endpoint '405 HTTP Method Not Supported'
2024-09-24 16:31:30.703 +05:30  VRB  The endpoint does not specify the IRequestSizeLimitMetadata.
2024-09-24 16:31:30.706 +05:30  DBG  Static files was skipped as the request already matched an endpoint.
2024-09-24 16:31:30.707 +05:30  DBG  The request has an origin header: 'http://localhost:4200'.
2024-09-24 16:31:30.708 +05:30  INF  CORS policy execution successful.
2024-09-24 16:31:30.710 +05:30  DBG  The request is a preflight request.
2024-09-24 16:31:30.712 +05:30  VRB  Connection id "0HN6SED9F77PM" sending "HEADERS" frame for stream ID 1 with length 122 and flags "END_STREAM, END_HEADERS".
2024-09-24 16:31:30.712 +05:30  INF  Request finished HTTP/2 OPTIONS https://localhost:7113/api/Account/Login - 204 null null 17.5085ms
2024-09-24 16:31:30.715 +05:30  VRB  Connection id "0HN6SED9F77PM" received "HEADERS" frame for stream ID 3 with length 182 and flags "END_HEADERS, PRIORITY".
2024-09-24 16:31:30.718 +05:30  VRB  Connection id "0HN6SED9F77PM" received "DATA" frame for stream ID 3 with length 68 and flags "END_STREAM".
2024-09-24 16:31:30.719 +05:30  INF  Request starting HTTP/2 POST https://localhost:7113/api/Account/Login - application/json 68
2024-09-24 16:31:30.723 +05:30  VRB  All hosts are allowed.
2024-09-24 16:31:30.723 +05:30  DBG  1 candidate(s) found for the request path '/api/Account/Login'
2024-09-24 16:31:30.724 +05:30  DBG  Endpoint 'Web.Ecommerce.Controllers.Account.AccountController.Login (Web.Ecommerce)' with route pattern 'api/Account/Login' is valid for the request path '/api/Account/Login'
2024-09-24 16:31:30.726 +05:30  DBG  Request matched endpoint 'Web.Ecommerce.Controllers.Account.AccountController.Login (Web.Ecommerce)'
2024-09-24 16:31:30.727 +05:30  VRB  The endpoint does not specify the IRequestSizeLimitMetadata.
2024-09-24 16:31:30.727 +05:30  DBG  Static files was skipped as the request already matched an endpoint.
2024-09-24 16:31:30.728 +05:30  DBG  The request has an origin header: 'http://localhost:4200'.
2024-09-24 16:31:30.728 +05:30  INF  CORS policy execution successful.
2024-09-24 16:31:30.731 +05:30  DBG  AuthenticationScheme: Bearer was not authenticated.
2024-09-24 16:31:30.733 +05:30  INF  Executing endpoint 'Web.Ecommerce.Controllers.Account.AccountController.Login (Web.Ecommerce)'
2024-09-24 16:31:30.735 +05:30  INF  Route matched with {action = "Login", controller = "Account"}. Executing controller action with signature System.Threading.Tasks.Task`1[Microsoft.AspNetCore.Mvc.IActionResult] Login(Application.Ecom.Authentication.Commands.LoginUser.LoginUserCommand) on controller Web.Ecommerce.Controllers.Account.AccountController (Web.Ecommerce).
2024-09-24 16:31:30.738 +05:30  DBG  Execution plan of authorization filters (in the following order): ["None"]
2024-09-24 16:31:30.739 +05:30  DBG  Execution plan of resource filters (in the following order): ["None"]
2024-09-24 16:31:30.742 +05:30  DBG  Execution plan of action filters (in the following order): ["Microsoft.AspNetCore.Mvc.ModelBinding.UnsupportedContentTypeFilter (Order: -3000)","Microsoft.AspNetCore.Mvc.Infrastructure.ModelStateInvalidFilter (Order: -2000)"]
2024-09-24 16:31:30.744 +05:30  DBG  Execution plan of exception filters (in the following order): ["None"]
2024-09-24 16:31:30.745 +05:30  DBG  Execution plan of result filters (in the following order): ["Microsoft.AspNetCore.Mvc.Infrastructure.ClientErrorResultFilter (Order: -2000)"]
2024-09-24 16:31:30.747 +05:30  DBG  Executing controller factory for controller Web.Ecommerce.Controllers.Account.AccountController (Web.Ecommerce)
2024-09-24 16:31:30.748 +05:30  DBG  Executed controller factory for controller Web.Ecommerce.Controllers.Account.AccountController (Web.Ecommerce)
2024-09-24 16:31:30.750 +05:30  DBG  Attempting to bind parameter 'command' of type 'Application.Ecom.Authentication.Commands.LoginUser.LoginUserCommand' ...
2024-09-24 16:31:30.752 +05:30  DBG  Attempting to bind parameter 'command' of type 'Application.Ecom.Authentication.Commands.LoginUser.LoginUserCommand' using the name '' in request data ...
2024-09-24 16:31:30.754 +05:30  DBG  Selected input formatter 'Microsoft.AspNetCore.Mvc.Formatters.SystemTextJsonInputFormatter' for content type 'application/json'.
2024-09-24 16:31:30.757 +05:30  DBG  Connection id "0HN6SED9F77PM", Request id "0HN6SED9F77PM:00000003": started reading request body.
2024-09-24 16:31:30.758 +05:30  DBG  Connection id "0HN6SED9F77PM", Request id "0HN6SED9F77PM:00000003": done reading request body.
2024-09-24 16:31:30.760 +05:30  DBG  JSON input formatter succeeded, deserializing to type 'Application.Ecom.Authentication.Commands.LoginUser.LoginUserCommand'
2024-09-24 16:31:30.761 +05:30  DBG  Done attempting to bind parameter 'command' of type 'Application.Ecom.Authentication.Commands.LoginUser.LoginUserCommand'.
2024-09-24 16:31:30.762 +05:30  DBG  Done attempting to bind parameter 'command' of type 'Application.Ecom.Authentication.Commands.LoginUser.LoginUserCommand'.
2024-09-24 16:31:30.763 +05:30  DBG  Attempting to validate the bound parameter 'command' of type 'Application.Ecom.Authentication.Commands.LoginUser.LoginUserCommand' ...
2024-09-24 16:31:30.765 +05:30  DBG  Done attempting to validate the bound parameter 'command' of type 'Application.Ecom.Authentication.Commands.LoginUser.LoginUserCommand'.
2024-09-24 16:31:30.766 +05:30  VRB  Action Filter: Before executing OnActionExecuting on filter Microsoft.AspNetCore.Mvc.ModelBinding.UnsupportedContentTypeFilter.
2024-09-24 16:31:30.767 +05:30  VRB  Action Filter: After executing OnActionExecuting on filter Microsoft.AspNetCore.Mvc.ModelBinding.UnsupportedContentTypeFilter.
2024-09-24 16:31:30.769 +05:30  VRB  Action Filter: Before executing OnActionExecuting on filter Microsoft.AspNetCore.Mvc.Infrastructure.ModelStateInvalidFilter.
2024-09-24 16:31:30.770 +05:30  VRB  Action Filter: After executing OnActionExecuting on filter Microsoft.AspNetCore.Mvc.Infrastructure.ModelStateInvalidFilter.
2024-09-24 16:31:30.771 +05:30  INF  Executing action method Web.Ecommerce.Controllers.Account.AccountController.Login (Web.Ecommerce) - Validation state: "Valid"
2024-09-24 16:31:30.772 +05:30  VRB  Executing action method Web.Ecommerce.Controllers.Account.AccountController.Login (Web.Ecommerce) with arguments (["Application.Ecom.Authentication.Commands.LoginUser.LoginUserCommand"])
2024-09-24 16:31:30.793 +05:30  DBG  Entity Framework Core 8.0.8 initialized 'EcommerceDbContext' using provider 'Microsoft.EntityFrameworkCore.SqlServer:8.0.8' with options: None
2024-09-24 16:31:30.802 +05:30  DBG  Creating DbConnection.
2024-09-24 16:31:30.806 +05:30  DBG  Created DbConnection. (4ms).
2024-09-24 16:31:30.807 +05:30  DBG  Opening connection to database 'Ecommerce' on server 'FGS-DSK-230\MSSQLSERVER2019'.
2024-09-24 16:31:30.824 +05:30  DBG  Opened connection to database 'Ecommerce' on server 'FGS-DSK-230\MSSQLSERVER2019'.
2024-09-24 16:31:30.829 +05:30  DBG  Creating DbCommand for 'ExecuteReader'.
2024-09-24 16:31:30.830 +05:30  DBG  Created DbCommand for 'ExecuteReader' (2ms).
2024-09-24 16:31:30.831 +05:30  DBG  Initialized DbCommand for 'ExecuteReader' (4ms).
2024-09-24 16:31:30.832 +05:30  DBG  Executing DbCommand [Parameters=[@__normalizedEmail_0='?' (Size = 256)], CommandType='"Text"', CommandTimeout='30']
SELECT TOP(2) [a].[Id], [a].[AccessFailedCount], [a].[ConcurrencyStamp], [a].[CreatedAt], [a].[Email], [a].[EmailConfirmed], [a].[IsDeleted], [a].[IsVerified], [a].[LockoutEnabled], [a].[LockoutEnd], [a].[NormalizedEmail], [a].[NormalizedUserName], [a].[PasswordHash], [a].[PhoneNumber], [a].[PhoneNumberConfirmed], [a].[SecurityStamp], [a].[TwoFactorEnabled], [a].[UpdatedAt], [a].[UserName]
FROM [AspNetUsers] AS [a]
WHERE [a].[NormalizedEmail] = @__normalizedEmail_0
2024-09-24 16:31:30.839 +05:30  INF  Executed DbCommand (7ms) [Parameters=[@__normalizedEmail_0='?' (Size = 256)], CommandType='"Text"', CommandTimeout='30']
SELECT TOP(2) [a].[Id], [a].[AccessFailedCount], [a].[ConcurrencyStamp], [a].[CreatedAt], [a].[Email], [a].[EmailConfirmed], [a].[IsDeleted], [a].[IsVerified], [a].[LockoutEnabled], [a].[LockoutEnd], [a].[NormalizedEmail], [a].[NormalizedUserName], [a].[PasswordHash], [a].[PhoneNumber], [a].[PhoneNumberConfirmed], [a].[SecurityStamp], [a].[TwoFactorEnabled], [a].[UpdatedAt], [a].[UserName]
FROM [AspNetUsers] AS [a]
WHERE [a].[NormalizedEmail] = @__normalizedEmail_0
2024-09-24 16:31:30.844 +05:30  DBG  Context 'EcommerceDbContext' started tracking 'User' entity. Consider using 'DbContextOptionsBuilder.EnableSensitiveDataLogging' to see key values.
2024-09-24 16:31:30.846 +05:30  DBG  Closing data reader to 'Ecommerce' on server 'FGS-DSK-230\MSSQLSERVER2019'.
2024-09-24 16:31:30.847 +05:30  DBG  A data reader for 'Ecommerce' on server 'FGS-DSK-230\MSSQLSERVER2019' is being disposed after spending 4ms reading results.
2024-09-24 16:31:30.848 +05:30  DBG  Closing connection to database 'Ecommerce' on server 'FGS-DSK-230\MSSQLSERVER2019'.
2024-09-24 16:31:30.849 +05:30  DBG  Closed connection to database 'Ecommerce' on server 'FGS-DSK-230\MSSQLSERVER2019' (0ms).
2024-09-24 16:31:30.924 +05:30  DBG  Opening connection to database 'Ecommerce' on server 'FGS-DSK-230\MSSQLSERVER2019'.
2024-09-24 16:31:30.936 +05:30  DBG  Opened connection to database 'Ecommerce' on server 'FGS-DSK-230\MSSQLSERVER2019'.
2024-09-24 16:31:30.939 +05:30  DBG  Creating DbCommand for 'ExecuteReader'.
2024-09-24 16:31:30.940 +05:30  DBG  Created DbCommand for 'ExecuteReader' (1ms).
2024-09-24 16:31:30.940 +05:30  DBG  Initialized DbCommand for 'ExecuteReader' (1ms).
2024-09-24 16:31:30.941 +05:30  DBG  Executing DbCommand [Parameters=[@__userId_0='?' (DbType = Guid)], CommandType='"Text"', CommandTimeout='30']
SELECT [a0].[Name]
FROM [AspNetUserRoles] AS [a]
INNER JOIN [AspNetRoles] AS [a0] ON [a].[RoleId] = [a0].[Id]
WHERE [a].[UserId] = @__userId_0
2024-09-24 16:31:30.946 +05:30  INF  Executed DbCommand (4ms) [Parameters=[@__userId_0='?' (DbType = Guid)], CommandType='"Text"', CommandTimeout='30']
SELECT [a0].[Name]
FROM [AspNetUserRoles] AS [a]
INNER JOIN [AspNetRoles] AS [a0] ON [a].[RoleId] = [a0].[Id]
WHERE [a].[UserId] = @__userId_0
2024-09-24 16:31:30.948 +05:30  DBG  Closing data reader to 'Ecommerce' on server 'FGS-DSK-230\MSSQLSERVER2019'.
2024-09-24 16:31:30.949 +05:30  DBG  A data reader for 'Ecommerce' on server 'FGS-DSK-230\MSSQLSERVER2019' is being disposed after spending 0ms reading results.
2024-09-24 16:31:30.950 +05:30  DBG  Closing connection to database 'Ecommerce' on server 'FGS-DSK-230\MSSQLSERVER2019'.
2024-09-24 16:31:30.951 +05:30  DBG  Closed connection to database 'Ecommerce' on server 'FGS-DSK-230\MSSQLSERVER2019' (0ms).
2024-09-24 16:31:30.954 +05:30  INF  Executed action method Web.Ecommerce.Controllers.Account.AccountController.Login (Web.Ecommerce), returned result Microsoft.AspNetCore.Mvc.OkObjectResult in 180.9901ms.
2024-09-24 16:31:30.955 +05:30  VRB  Action Filter: Before executing OnActionExecuted on filter Microsoft.AspNetCore.Mvc.Infrastructure.ModelStateInvalidFilter.
2024-09-24 16:31:30.957 +05:30  VRB  Action Filter: After executing OnActionExecuted on filter Microsoft.AspNetCore.Mvc.Infrastructure.ModelStateInvalidFilter.
2024-09-24 16:31:30.958 +05:30  VRB  Action Filter: Before executing OnActionExecuted on filter Microsoft.AspNetCore.Mvc.ModelBinding.UnsupportedContentTypeFilter.
2024-09-24 16:31:30.959 +05:30  VRB  Action Filter: After executing OnActionExecuted on filter Microsoft.AspNetCore.Mvc.ModelBinding.UnsupportedContentTypeFilter.
2024-09-24 16:31:30.961 +05:30  VRB  Result Filter: Before executing OnResultExecuting on filter Microsoft.AspNetCore.Mvc.Infrastructure.ClientErrorResultFilter.
2024-09-24 16:31:30.962 +05:30  VRB  Result Filter: After executing OnResultExecuting on filter Microsoft.AspNetCore.Mvc.Infrastructure.ClientErrorResultFilter.
2024-09-24 16:31:30.963 +05:30  VRB  Before executing action result Microsoft.AspNetCore.Mvc.OkObjectResult.
2024-09-24 16:31:30.964 +05:30  DBG  List of registered output formatters, in the following order: ["Microsoft.AspNetCore.Mvc.Formatters.HttpNoContentOutputFormatter","Microsoft.AspNetCore.Mvc.Formatters.StringOutputFormatter","Microsoft.AspNetCore.Mvc.Formatters.StreamOutputFormatter","Microsoft.AspNetCore.Mvc.Formatters.SystemTextJsonOutputFormatter"]
2024-09-24 16:31:30.966 +05:30  DBG  No information found on request to perform content negotiation.
2024-09-24 16:31:30.966 +05:30  DBG  Attempting to select an output formatter without using a content type as no explicit content types were specified for the response.
2024-09-24 16:31:30.967 +05:30  DBG  Attempting to select the first formatter in the output formatters list which can write the result.
2024-09-24 16:31:30.967 +05:30  DBG  Selected output formatter 'Microsoft.AspNetCore.Mvc.Formatters.SystemTextJsonOutputFormatter' and content type 'application/json' to write the response.
2024-09-24 16:31:30.968 +05:30  INF  Executing OkObjectResult, writing value of type '<>f__AnonymousType1`3[[System.String, System.Private.CoreLib, Version=8.0.0.0, Culture=neutral, PublicKeyToken=7cec85d7bea7798e],[System.String, System.Private.CoreLib, Version=8.0.0.0, Culture=neutral, PublicKeyToken=7cec85d7bea7798e],[System.Collections.Generic.IEnumerable`1[[System.String, System.Private.CoreLib, Version=8.0.0.0, Culture=neutral, PublicKeyToken=7cec85d7bea7798e]], System.Private.CoreLib, Version=8.0.0.0, Culture=neutral, PublicKeyToken=7cec85d7bea7798e]]'.
2024-09-24 16:31:30.970 +05:30  VRB  After executing action result Microsoft.AspNetCore.Mvc.OkObjectResult.
2024-09-24 16:31:30.970 +05:30  VRB  Connection id "0HN6SED9F77PM" sending "HEADERS" frame for stream ID 3 with length 37 and flags "END_HEADERS".
2024-09-24 16:31:30.971 +05:30  VRB  Result Filter: Before executing OnResultExecuted on filter Microsoft.AspNetCore.Mvc.Infrastructure.ClientErrorResultFilter.
2024-09-24 16:31:30.972 +05:30  VRB  Result Filter: After executing OnResultExecuted on filter Microsoft.AspNetCore.Mvc.Infrastructure.ClientErrorResultFilter.
2024-09-24 16:31:30.973 +05:30  INF  Executed action Web.Ecommerce.Controllers.Account.AccountController.Login (Web.Ecommerce) in 226.4911ms
2024-09-24 16:31:30.975 +05:30  VRB  Connection id "0HN6SED9F77PM" sending "DATA" frame for stream ID 3 with length 582 and flags "NONE".
2024-09-24 16:31:30.978 +05:30  INF  Executed endpoint 'Web.Ecommerce.Controllers.Account.AccountController.Login (Web.Ecommerce)'
2024-09-24 16:31:30.979 +05:30  VRB  Connection id "0HN6SED9F77PM" sending "DATA" frame for stream ID 3 with length 0 and flags "END_STREAM".
2024-09-24 16:31:30.979 +05:30  DBG  'EcommerceDbContext' disposed.
2024-09-24 16:31:30.982 +05:30  DBG  Disposing connection to database 'Ecommerce' on server 'FGS-DSK-230\MSSQLSERVER2019'.
2024-09-24 16:31:30.983 +05:30  DBG  Disposed connection to database '' on server '' (1ms).
2024-09-24 16:31:30.984 +05:30  INF  Request finished HTTP/2 POST https://localhost:7113/api/Account/Login - 200 null application/json; charset=utf-8 265.4844ms
2024-09-24 16:31:43.326 +05:30  DBG  Connection id "0HN6SED9F77PM" received FIN.
2024-09-24 16:31:43.327 +05:30  DBG  Connection id "0HN6SED9F77PM" is closed. The last processed stream ID was 3.
2024-09-24 16:31:43.327 +05:30  DBG  The connection queue processing loop for 0HN6SED9F77PM completed.
2024-09-24 16:31:43.328 +05:30  DBG  Connection id "0HN6SED9F77PM" sending FIN because: "The Socket transport's send loop completed gracefully."
2024-09-24 16:31:43.343 +05:30  DBG  Connection id "0HN6SED9F77PM" stopped.
2024-09-24 16:34:50.887 +05:30  DBG  Connection id "0HN6SED9F77PN" accepted.
2024-09-24 16:34:50.888 +05:30  DBG  Connection id "0HN6SED9F77PN" started.
2024-09-24 16:34:50.896 +05:30  DBG  Connection 0HN6SED9F77PN established using the following protocol: "Tls12"
2024-09-24 16:34:50.897 +05:30  VRB  Connection id "0HN6SED9F77PN" sending "SETTINGS" frame for stream ID 0 with length 24 and flags "NONE".
2024-09-24 16:34:50.899 +05:30  VRB  Connection id "0HN6SED9F77PN" sending "WINDOW_UPDATE" frame for stream ID 0 with length 4 and flags 0x0.
2024-09-24 16:34:50.900 +05:30  VRB  Connection id "0HN6SED9F77PN" received "SETTINGS" frame for stream ID 0 with length 24 and flags "NONE".
2024-09-24 16:34:50.902 +05:30  VRB  Connection id "0HN6SED9F77PN" sending "SETTINGS" frame for stream ID 0 with length 0 and flags "ACK".
2024-09-24 16:34:50.903 +05:30  VRB  Connection id "0HN6SED9F77PN" received "WINDOW_UPDATE" frame for stream ID 0 with length 4 and flags 0x0.
2024-09-24 16:34:50.905 +05:30  VRB  Connection id "0HN6SED9F77PN" received "HEADERS" frame for stream ID 1 with length 335 and flags "END_STREAM, END_HEADERS, PRIORITY".
2024-09-24 16:34:50.906 +05:30  VRB  Connection id "0HN6SED9F77PN" received "SETTINGS" frame for stream ID 0 with length 0 and flags "ACK".
2024-09-24 16:34:50.906 +05:30  INF  Request starting HTTP/2 OPTIONS https://localhost:7113/api/Account/Login - null null
2024-09-24 16:34:50.910 +05:30  VRB  All hosts are allowed.
2024-09-24 16:34:50.911 +05:30  DBG  1 candidate(s) found for the request path '/api/Account/Login'
2024-09-24 16:34:50.912 +05:30  DBG  Request matched endpoint '405 HTTP Method Not Supported'
2024-09-24 16:34:50.913 +05:30  VRB  The endpoint does not specify the IRequestSizeLimitMetadata.
2024-09-24 16:34:50.913 +05:30  DBG  Static files was skipped as the request already matched an endpoint.
2024-09-24 16:34:50.914 +05:30  DBG  The request has an origin header: 'http://localhost:4200'.
2024-09-24 16:34:50.915 +05:30  INF  CORS policy execution successful.
2024-09-24 16:34:50.915 +05:30  DBG  The request is a preflight request.
2024-09-24 16:34:50.916 +05:30  INF  Request finished HTTP/2 OPTIONS https://localhost:7113/api/Account/Login - 204 null null 9.6069ms
2024-09-24 16:34:50.916 +05:30  VRB  Connection id "0HN6SED9F77PN" sending "HEADERS" frame for stream ID 1 with length 122 and flags "END_STREAM, END_HEADERS".
2024-09-24 16:34:50.921 +05:30  VRB  Connection id "0HN6SED9F77PN" received "HEADERS" frame for stream ID 3 with length 182 and flags "END_HEADERS, PRIORITY".
2024-09-24 16:34:50.922 +05:30  VRB  Connection id "0HN6SED9F77PN" received "DATA" frame for stream ID 3 with length 68 and flags "END_STREAM".
2024-09-24 16:34:50.922 +05:30  INF  Request starting HTTP/2 POST https://localhost:7113/api/Account/Login - application/json 68
2024-09-24 16:34:50.928 +05:30  VRB  All hosts are allowed.
2024-09-24 16:34:50.929 +05:30  DBG  1 candidate(s) found for the request path '/api/Account/Login'
2024-09-24 16:34:50.930 +05:30  DBG  Endpoint 'Web.Ecommerce.Controllers.Account.AccountController.Login (Web.Ecommerce)' with route pattern 'api/Account/Login' is valid for the request path '/api/Account/Login'
2024-09-24 16:34:50.931 +05:30  DBG  Request matched endpoint 'Web.Ecommerce.Controllers.Account.AccountController.Login (Web.Ecommerce)'
2024-09-24 16:34:50.932 +05:30  VRB  The endpoint does not specify the IRequestSizeLimitMetadata.
2024-09-24 16:34:50.932 +05:30  DBG  Static files was skipped as the request already matched an endpoint.
2024-09-24 16:34:50.933 +05:30  DBG  The request has an origin header: 'http://localhost:4200'.
2024-09-24 16:34:50.933 +05:30  INF  CORS policy execution successful.
2024-09-24 16:34:50.934 +05:30  DBG  AuthenticationScheme: Bearer was not authenticated.
2024-09-24 16:34:50.935 +05:30  INF  Executing endpoint 'Web.Ecommerce.Controllers.Account.AccountController.Login (Web.Ecommerce)'
2024-09-24 16:34:50.936 +05:30  INF  Route matched with {action = "Login", controller = "Account"}. Executing controller action with signature System.Threading.Tasks.Task`1[Microsoft.AspNetCore.Mvc.IActionResult] Login(Application.Ecom.Authentication.Commands.LoginUser.LoginUserCommand) on controller Web.Ecommerce.Controllers.Account.AccountController (Web.Ecommerce).
2024-09-24 16:34:50.937 +05:30  DBG  Execution plan of authorization filters (in the following order): ["None"]
2024-09-24 16:34:50.938 +05:30  DBG  Execution plan of resource filters (in the following order): ["None"]
2024-09-24 16:34:50.939 +05:30  DBG  Execution plan of action filters (in the following order): ["Microsoft.AspNetCore.Mvc.ModelBinding.UnsupportedContentTypeFilter (Order: -3000)","Microsoft.AspNetCore.Mvc.Infrastructure.ModelStateInvalidFilter (Order: -2000)"]
2024-09-24 16:34:50.941 +05:30  DBG  Execution plan of exception filters (in the following order): ["None"]
2024-09-24 16:34:50.942 +05:30  DBG  Execution plan of result filters (in the following order): ["Microsoft.AspNetCore.Mvc.Infrastructure.ClientErrorResultFilter (Order: -2000)"]
2024-09-24 16:34:50.943 +05:30  DBG  Executing controller factory for controller Web.Ecommerce.Controllers.Account.AccountController (Web.Ecommerce)
2024-09-24 16:34:50.944 +05:30  DBG  Executed controller factory for controller Web.Ecommerce.Controllers.Account.AccountController (Web.Ecommerce)
2024-09-24 16:34:50.946 +05:30  DBG  Attempting to bind parameter 'command' of type 'Application.Ecom.Authentication.Commands.LoginUser.LoginUserCommand' ...
2024-09-24 16:34:50.947 +05:30  DBG  Attempting to bind parameter 'command' of type 'Application.Ecom.Authentication.Commands.LoginUser.LoginUserCommand' using the name '' in request data ...
2024-09-24 16:34:50.948 +05:30  DBG  Selected input formatter 'Microsoft.AspNetCore.Mvc.Formatters.SystemTextJsonInputFormatter' for content type 'application/json'.
2024-09-24 16:34:50.949 +05:30  DBG  Connection id "0HN6SED9F77PN", Request id "0HN6SED9F77PN:00000003": started reading request body.
2024-09-24 16:34:50.950 +05:30  DBG  Connection id "0HN6SED9F77PN", Request id "0HN6SED9F77PN:00000003": done reading request body.
2024-09-24 16:34:50.951 +05:30  DBG  JSON input formatter succeeded, deserializing to type 'Application.Ecom.Authentication.Commands.LoginUser.LoginUserCommand'
2024-09-24 16:34:50.952 +05:30  DBG  Done attempting to bind parameter 'command' of type 'Application.Ecom.Authentication.Commands.LoginUser.LoginUserCommand'.
2024-09-24 16:34:50.953 +05:30  DBG  Done attempting to bind parameter 'command' of type 'Application.Ecom.Authentication.Commands.LoginUser.LoginUserCommand'.
2024-09-24 16:34:50.954 +05:30  DBG  Attempting to validate the bound parameter 'command' of type 'Application.Ecom.Authentication.Commands.LoginUser.LoginUserCommand' ...
2024-09-24 16:34:50.955 +05:30  DBG  Done attempting to validate the bound parameter 'command' of type 'Application.Ecom.Authentication.Commands.LoginUser.LoginUserCommand'.
2024-09-24 16:34:50.957 +05:30  VRB  Action Filter: Before executing OnActionExecuting on filter Microsoft.AspNetCore.Mvc.ModelBinding.UnsupportedContentTypeFilter.
2024-09-24 16:34:50.958 +05:30  VRB  Action Filter: After executing OnActionExecuting on filter Microsoft.AspNetCore.Mvc.ModelBinding.UnsupportedContentTypeFilter.
2024-09-24 16:34:50.959 +05:30  VRB  Action Filter: Before executing OnActionExecuting on filter Microsoft.AspNetCore.Mvc.Infrastructure.ModelStateInvalidFilter.
2024-09-24 16:34:50.961 +05:30  VRB  Action Filter: After executing OnActionExecuting on filter Microsoft.AspNetCore.Mvc.Infrastructure.ModelStateInvalidFilter.
2024-09-24 16:34:50.963 +05:30  INF  Executing action method Web.Ecommerce.Controllers.Account.AccountController.Login (Web.Ecommerce) - Validation state: "Valid"
2024-09-24 16:34:50.964 +05:30  VRB  Executing action method Web.Ecommerce.Controllers.Account.AccountController.Login (Web.Ecommerce) with arguments (["Application.Ecom.Authentication.Commands.LoginUser.LoginUserCommand"])
2024-09-24 16:34:50.966 +05:30  DBG  Entity Framework Core 8.0.8 initialized 'EcommerceDbContext' using provider 'Microsoft.EntityFrameworkCore.SqlServer:8.0.8' with options: None
2024-09-24 16:34:50.968 +05:30  DBG  Creating DbConnection.
2024-09-24 16:34:50.969 +05:30  DBG  Created DbConnection. (0ms).
2024-09-24 16:34:50.969 +05:30  DBG  Opening connection to database 'Ecommerce' on server 'FGS-DSK-230\MSSQLSERVER2019'.
2024-09-24 16:34:50.970 +05:30  DBG  Opened connection to database 'Ecommerce' on server 'FGS-DSK-230\MSSQLSERVER2019'.
2024-09-24 16:34:50.971 +05:30  DBG  Creating DbCommand for 'ExecuteReader'.
2024-09-24 16:34:50.972 +05:30  DBG  Created DbCommand for 'ExecuteReader' (0ms).
2024-09-24 16:34:50.973 +05:30  DBG  Initialized DbCommand for 'ExecuteReader' (1ms).
2024-09-24 16:34:50.974 +05:30  DBG  Executing DbCommand [Parameters=[@__normalizedEmail_0='?' (Size = 256)], CommandType='"Text"', CommandTimeout='30']
SELECT TOP(2) [a].[Id], [a].[AccessFailedCount], [a].[ConcurrencyStamp], [a].[CreatedAt], [a].[Email], [a].[EmailConfirmed], [a].[IsDeleted], [a].[IsVerified], [a].[LockoutEnabled], [a].[LockoutEnd], [a].[NormalizedEmail], [a].[NormalizedUserName], [a].[PasswordHash], [a].[PhoneNumber], [a].[PhoneNumberConfirmed], [a].[SecurityStamp], [a].[TwoFactorEnabled], [a].[UpdatedAt], [a].[UserName]
FROM [AspNetUsers] AS [a]
WHERE [a].[NormalizedEmail] = @__normalizedEmail_0
2024-09-24 16:34:50.978 +05:30  INF  Executed DbCommand (5ms) [Parameters=[@__normalizedEmail_0='?' (Size = 256)], CommandType='"Text"', CommandTimeout='30']
SELECT TOP(2) [a].[Id], [a].[AccessFailedCount], [a].[ConcurrencyStamp], [a].[CreatedAt], [a].[Email], [a].[EmailConfirmed], [a].[IsDeleted], [a].[IsVerified], [a].[LockoutEnabled], [a].[LockoutEnd], [a].[NormalizedEmail], [a].[NormalizedUserName], [a].[PasswordHash], [a].[PhoneNumber], [a].[PhoneNumberConfirmed], [a].[SecurityStamp], [a].[TwoFactorEnabled], [a].[UpdatedAt], [a].[UserName]
FROM [AspNetUsers] AS [a]
WHERE [a].[NormalizedEmail] = @__normalizedEmail_0
2024-09-24 16:34:50.982 +05:30  DBG  Context 'EcommerceDbContext' started tracking 'User' entity. Consider using 'DbContextOptionsBuilder.EnableSensitiveDataLogging' to see key values.
2024-09-24 16:34:50.983 +05:30  DBG  Closing data reader to 'Ecommerce' on server 'FGS-DSK-230\MSSQLSERVER2019'.
2024-09-24 16:34:50.984 +05:30  DBG  A data reader for 'Ecommerce' on server 'FGS-DSK-230\MSSQLSERVER2019' is being disposed after spending 2ms reading results.
2024-09-24 16:34:50.985 +05:30  DBG  Closing connection to database 'Ecommerce' on server 'FGS-DSK-230\MSSQLSERVER2019'.
2024-09-24 16:34:50.986 +05:30  DBG  Closed connection to database 'Ecommerce' on server 'FGS-DSK-230\MSSQLSERVER2019' (0ms).
2024-09-24 16:34:51.059 +05:30  DBG  Opening connection to database 'Ecommerce' on server 'FGS-DSK-230\MSSQLSERVER2019'.
2024-09-24 16:34:51.062 +05:30  DBG  Opened connection to database 'Ecommerce' on server 'FGS-DSK-230\MSSQLSERVER2019'.
2024-09-24 16:34:51.063 +05:30  DBG  Creating DbCommand for 'ExecuteReader'.
2024-09-24 16:34:51.064 +05:30  DBG  Created DbCommand for 'ExecuteReader' (0ms).
2024-09-24 16:34:51.065 +05:30  DBG  Initialized DbCommand for 'ExecuteReader' (1ms).
2024-09-24 16:34:51.066 +05:30  DBG  Executing DbCommand [Parameters=[@__userId_0='?' (DbType = Guid)], CommandType='"Text"', CommandTimeout='30']
SELECT [a0].[Name]
FROM [AspNetUserRoles] AS [a]
INNER JOIN [AspNetRoles] AS [a0] ON [a].[RoleId] = [a0].[Id]
WHERE [a].[UserId] = @__userId_0
2024-09-24 16:34:51.069 +05:30  INF  Executed DbCommand (4ms) [Parameters=[@__userId_0='?' (DbType = Guid)], CommandType='"Text"', CommandTimeout='30']
SELECT [a0].[Name]
FROM [AspNetUserRoles] AS [a]
INNER JOIN [AspNetRoles] AS [a0] ON [a].[RoleId] = [a0].[Id]
WHERE [a].[UserId] = @__userId_0
2024-09-24 16:34:51.071 +05:30  DBG  Closing data reader to 'Ecommerce' on server 'FGS-DSK-230\MSSQLSERVER2019'.
2024-09-24 16:34:51.072 +05:30  DBG  A data reader for 'Ecommerce' on server 'FGS-DSK-230\MSSQLSERVER2019' is being disposed after spending 0ms reading results.
2024-09-24 16:34:51.074 +05:30  DBG  Closing connection to database 'Ecommerce' on server 'FGS-DSK-230\MSSQLSERVER2019'.
2024-09-24 16:34:51.075 +05:30  DBG  Closed connection to database 'Ecommerce' on server 'FGS-DSK-230\MSSQLSERVER2019' (1ms).
2024-09-24 16:34:51.076 +05:30  INF  Executed action method Web.Ecommerce.Controllers.Account.AccountController.Login (Web.Ecommerce), returned result Microsoft.AspNetCore.Mvc.OkObjectResult in 110.7063ms.
2024-09-24 16:34:51.077 +05:30  VRB  Action Filter: Before executing OnActionExecuted on filter Microsoft.AspNetCore.Mvc.Infrastructure.ModelStateInvalidFilter.
2024-09-24 16:34:51.078 +05:30  VRB  Action Filter: After executing OnActionExecuted on filter Microsoft.AspNetCore.Mvc.Infrastructure.ModelStateInvalidFilter.
2024-09-24 16:34:51.080 +05:30  VRB  Action Filter: Before executing OnActionExecuted on filter Microsoft.AspNetCore.Mvc.ModelBinding.UnsupportedContentTypeFilter.
2024-09-24 16:34:51.081 +05:30  VRB  Action Filter: After executing OnActionExecuted on filter Microsoft.AspNetCore.Mvc.ModelBinding.UnsupportedContentTypeFilter.
2024-09-24 16:34:51.082 +05:30  VRB  Result Filter: Before executing OnResultExecuting on filter Microsoft.AspNetCore.Mvc.Infrastructure.ClientErrorResultFilter.
2024-09-24 16:34:51.083 +05:30  VRB  Result Filter: After executing OnResultExecuting on filter Microsoft.AspNetCore.Mvc.Infrastructure.ClientErrorResultFilter.
2024-09-24 16:34:51.084 +05:30  VRB  Before executing action result Microsoft.AspNetCore.Mvc.OkObjectResult.
2024-09-24 16:34:51.085 +05:30  DBG  List of registered output formatters, in the following order: ["Microsoft.AspNetCore.Mvc.Formatters.HttpNoContentOutputFormatter","Microsoft.AspNetCore.Mvc.Formatters.StringOutputFormatter","Microsoft.AspNetCore.Mvc.Formatters.StreamOutputFormatter","Microsoft.AspNetCore.Mvc.Formatters.SystemTextJsonOutputFormatter"]
2024-09-24 16:34:51.089 +05:30  DBG  No information found on request to perform content negotiation.
2024-09-24 16:34:51.089 +05:30  DBG  Attempting to select an output formatter without using a content type as no explicit content types were specified for the response.
2024-09-24 16:34:51.091 +05:30  DBG  Attempting to select the first formatter in the output formatters list which can write the result.
2024-09-24 16:34:51.092 +05:30  DBG  Selected output formatter 'Microsoft.AspNetCore.Mvc.Formatters.SystemTextJsonOutputFormatter' and content type 'application/json' to write the response.
2024-09-24 16:34:51.093 +05:30  INF  Executing OkObjectResult, writing value of type '<>f__AnonymousType1`3[[System.String, System.Private.CoreLib, Version=8.0.0.0, Culture=neutral, PublicKeyToken=7cec85d7bea7798e],[System.String, System.Private.CoreLib, Version=8.0.0.0, Culture=neutral, PublicKeyToken=7cec85d7bea7798e],[System.Collections.Generic.IEnumerable`1[[System.String, System.Private.CoreLib, Version=8.0.0.0, Culture=neutral, PublicKeyToken=7cec85d7bea7798e]], System.Private.CoreLib, Version=8.0.0.0, Culture=neutral, PublicKeyToken=7cec85d7bea7798e]]'.
2024-09-24 16:34:51.094 +05:30  VRB  After executing action result Microsoft.AspNetCore.Mvc.OkObjectResult.
2024-09-24 16:34:51.094 +05:30  VRB  Connection id "0HN6SED9F77PN" sending "HEADERS" frame for stream ID 3 with length 37 and flags "END_HEADERS".
2024-09-24 16:34:51.095 +05:30  VRB  Result Filter: Before executing OnResultExecuted on filter Microsoft.AspNetCore.Mvc.Infrastructure.ClientErrorResultFilter.
2024-09-24 16:34:51.096 +05:30  VRB  Result Filter: After executing OnResultExecuted on filter Microsoft.AspNetCore.Mvc.Infrastructure.ClientErrorResultFilter.
2024-09-24 16:34:51.097 +05:30  INF  Executed action Web.Ecommerce.Controllers.Account.AccountController.Login (Web.Ecommerce) in 154.2635ms
2024-09-24 16:34:51.099 +05:30  VRB  Connection id "0HN6SED9F77PN" sending "DATA" frame for stream ID 3 with length 582 and flags "NONE".
2024-09-24 16:34:51.100 +05:30  INF  Executed endpoint 'Web.Ecommerce.Controllers.Account.AccountController.Login (Web.Ecommerce)'
2024-09-24 16:34:51.102 +05:30  DBG  'EcommerceDbContext' disposed.
2024-09-24 16:34:51.102 +05:30  VRB  Connection id "0HN6SED9F77PN" sending "DATA" frame for stream ID 3 with length 0 and flags "END_STREAM".
2024-09-24 16:34:51.103 +05:30  DBG  Disposing connection to database 'Ecommerce' on server 'FGS-DSK-230\MSSQLSERVER2019'.
2024-09-24 16:34:51.106 +05:30  DBG  Disposed connection to database '' on server '' (2ms).
2024-09-24 16:34:51.107 +05:30  INF  Request finished HTTP/2 POST https://localhost:7113/api/Account/Login - 200 null application/json; charset=utf-8 184.8008ms
2024-09-24 16:34:53.586 +05:30  DBG  Connection id "0HN6SED9F77PN" received FIN.
2024-09-24 16:34:53.588 +05:30  DBG  Connection id "0HN6SED9F77PN" is closed. The last processed stream ID was 3.
2024-09-24 16:34:53.588 +05:30  DBG  The connection queue processing loop for 0HN6SED9F77PN completed.
2024-09-24 16:34:53.589 +05:30  DBG  Connection id "0HN6SED9F77PN" sending FIN because: "The Socket transport's send loop completed gracefully."
2024-09-24 16:34:53.601 +05:30  DBG  Connection id "0HN6SED9F77PN" stopped.
2024-09-24 16:34:54.783 +05:30  DBG  Connection id "0HN6SED9F77PO" accepted.
2024-09-24 16:34:54.785 +05:30  DBG  Connection id "0HN6SED9F77PO" started.
2024-09-24 16:34:54.787 +05:30  DBG  Connection 0HN6SED9F77PO established using the following protocol: "Tls12"
2024-09-24 16:34:54.788 +05:30  VRB  Connection id "0HN6SED9F77PO" sending "SETTINGS" frame for stream ID 0 with length 24 and flags "NONE".
2024-09-24 16:34:54.789 +05:30  VRB  Connection id "0HN6SED9F77PO" sending "WINDOW_UPDATE" frame for stream ID 0 with length 4 and flags 0x0.
2024-09-24 16:34:54.791 +05:30  VRB  Connection id "0HN6SED9F77PO" received "SETTINGS" frame for stream ID 0 with length 24 and flags "NONE".
2024-09-24 16:34:54.792 +05:30  VRB  Connection id "0HN6SED9F77PO" sending "SETTINGS" frame for stream ID 0 with length 0 and flags "ACK".
2024-09-24 16:34:54.794 +05:30  VRB  Connection id "0HN6SED9F77PO" received "WINDOW_UPDATE" frame for stream ID 0 with length 4 and flags 0x0.
2024-09-24 16:34:54.796 +05:30  VRB  Connection id "0HN6SED9F77PO" received "HEADERS" frame for stream ID 1 with length 412 and flags "END_HEADERS, PRIORITY".
2024-09-24 16:34:54.798 +05:30  VRB  Connection id "0HN6SED9F77PO" received "DATA" frame for stream ID 1 with length 68 and flags "END_STREAM".
2024-09-24 16:34:54.798 +05:30  INF  Request starting HTTP/2 POST https://localhost:7113/api/Account/Login - application/json 68
2024-09-24 16:34:54.799 +05:30  VRB  Connection id "0HN6SED9F77PO" received "SETTINGS" frame for stream ID 0 with length 0 and flags "ACK".
2024-09-24 16:34:54.803 +05:30  VRB  All hosts are allowed.
2024-09-24 16:34:54.804 +05:30  DBG  1 candidate(s) found for the request path '/api/Account/Login'
2024-09-24 16:34:54.804 +05:30  DBG  Endpoint 'Web.Ecommerce.Controllers.Account.AccountController.Login (Web.Ecommerce)' with route pattern 'api/Account/Login' is valid for the request path '/api/Account/Login'
2024-09-24 16:34:54.806 +05:30  DBG  Request matched endpoint 'Web.Ecommerce.Controllers.Account.AccountController.Login (Web.Ecommerce)'
2024-09-24 16:34:54.806 +05:30  VRB  The endpoint does not specify the IRequestSizeLimitMetadata.
2024-09-24 16:34:54.807 +05:30  DBG  Static files was skipped as the request already matched an endpoint.
2024-09-24 16:34:54.808 +05:30  DBG  The request has an origin header: 'http://localhost:4200'.
2024-09-24 16:34:54.808 +05:30  INF  CORS policy execution successful.
2024-09-24 16:34:54.809 +05:30  DBG  AuthenticationScheme: Bearer was not authenticated.
2024-09-24 16:34:54.810 +05:30  INF  Executing endpoint 'Web.Ecommerce.Controllers.Account.AccountController.Login (Web.Ecommerce)'
2024-09-24 16:34:54.813 +05:30  INF  Route matched with {action = "Login", controller = "Account"}. Executing controller action with signature System.Threading.Tasks.Task`1[Microsoft.AspNetCore.Mvc.IActionResult] Login(Application.Ecom.Authentication.Commands.LoginUser.LoginUserCommand) on controller Web.Ecommerce.Controllers.Account.AccountController (Web.Ecommerce).
2024-09-24 16:34:54.817 +05:30  DBG  Execution plan of authorization filters (in the following order): ["None"]
2024-09-24 16:34:54.818 +05:30  DBG  Execution plan of resource filters (in the following order): ["None"]
2024-09-24 16:34:54.819 +05:30  DBG  Execution plan of action filters (in the following order): ["Microsoft.AspNetCore.Mvc.ModelBinding.UnsupportedContentTypeFilter (Order: -3000)","Microsoft.AspNetCore.Mvc.Infrastructure.ModelStateInvalidFilter (Order: -2000)"]
2024-09-24 16:34:54.821 +05:30  DBG  Execution plan of exception filters (in the following order): ["None"]
2024-09-24 16:34:54.822 +05:30  DBG  Execution plan of result filters (in the following order): ["Microsoft.AspNetCore.Mvc.Infrastructure.ClientErrorResultFilter (Order: -2000)"]
2024-09-24 16:34:54.823 +05:30  DBG  Executing controller factory for controller Web.Ecommerce.Controllers.Account.AccountController (Web.Ecommerce)
2024-09-24 16:34:54.824 +05:30  DBG  Executed controller factory for controller Web.Ecommerce.Controllers.Account.AccountController (Web.Ecommerce)
2024-09-24 16:34:54.825 +05:30  DBG  Attempting to bind parameter 'command' of type 'Application.Ecom.Authentication.Commands.LoginUser.LoginUserCommand' ...
2024-09-24 16:34:54.826 +05:30  DBG  Attempting to bind parameter 'command' of type 'Application.Ecom.Authentication.Commands.LoginUser.LoginUserCommand' using the name '' in request data ...
2024-09-24 16:34:54.828 +05:30  DBG  Selected input formatter 'Microsoft.AspNetCore.Mvc.Formatters.SystemTextJsonInputFormatter' for content type 'application/json'.
2024-09-24 16:34:54.830 +05:30  DBG  Connection id "0HN6SED9F77PO", Request id "0HN6SED9F77PO:00000001": started reading request body.
2024-09-24 16:34:54.832 +05:30  DBG  Connection id "0HN6SED9F77PO", Request id "0HN6SED9F77PO:00000001": done reading request body.
2024-09-24 16:34:54.833 +05:30  DBG  JSON input formatter succeeded, deserializing to type 'Application.Ecom.Authentication.Commands.LoginUser.LoginUserCommand'
2024-09-24 16:34:54.834 +05:30  DBG  Done attempting to bind parameter 'command' of type 'Application.Ecom.Authentication.Commands.LoginUser.LoginUserCommand'.
2024-09-24 16:34:54.835 +05:30  DBG  Done attempting to bind parameter 'command' of type 'Application.Ecom.Authentication.Commands.LoginUser.LoginUserCommand'.
2024-09-24 16:34:54.836 +05:30  DBG  Attempting to validate the bound parameter 'command' of type 'Application.Ecom.Authentication.Commands.LoginUser.LoginUserCommand' ...
2024-09-24 16:34:54.837 +05:30  DBG  Done attempting to validate the bound parameter 'command' of type 'Application.Ecom.Authentication.Commands.LoginUser.LoginUserCommand'.
2024-09-24 16:34:54.838 +05:30  VRB  Action Filter: Before executing OnActionExecuting on filter Microsoft.AspNetCore.Mvc.ModelBinding.UnsupportedContentTypeFilter.
2024-09-24 16:34:54.839 +05:30  VRB  Action Filter: After executing OnActionExecuting on filter Microsoft.AspNetCore.Mvc.ModelBinding.UnsupportedContentTypeFilter.
2024-09-24 16:34:54.840 +05:30  VRB  Action Filter: Before executing OnActionExecuting on filter Microsoft.AspNetCore.Mvc.Infrastructure.ModelStateInvalidFilter.
2024-09-24 16:34:54.841 +05:30  VRB  Action Filter: After executing OnActionExecuting on filter Microsoft.AspNetCore.Mvc.Infrastructure.ModelStateInvalidFilter.
2024-09-24 16:34:54.842 +05:30  INF  Executing action method Web.Ecommerce.Controllers.Account.AccountController.Login (Web.Ecommerce) - Validation state: "Valid"
2024-09-24 16:34:54.843 +05:30  VRB  Executing action method Web.Ecommerce.Controllers.Account.AccountController.Login (Web.Ecommerce) with arguments (["Application.Ecom.Authentication.Commands.LoginUser.LoginUserCommand"])
2024-09-24 16:34:54.847 +05:30  DBG  Entity Framework Core 8.0.8 initialized 'EcommerceDbContext' using provider 'Microsoft.EntityFrameworkCore.SqlServer:8.0.8' with options: None
2024-09-24 16:34:54.849 +05:30  DBG  Creating DbConnection.
2024-09-24 16:34:54.850 +05:30  DBG  Created DbConnection. (0ms).
2024-09-24 16:34:54.850 +05:30  DBG  Opening connection to database 'Ecommerce' on server 'FGS-DSK-230\MSSQLSERVER2019'.
2024-09-24 16:34:54.851 +05:30  DBG  Opened connection to database 'Ecommerce' on server 'FGS-DSK-230\MSSQLSERVER2019'.
2024-09-24 16:34:54.852 +05:30  DBG  Creating DbCommand for 'ExecuteReader'.
2024-09-24 16:34:54.853 +05:30  DBG  Created DbCommand for 'ExecuteReader' (0ms).
2024-09-24 16:34:54.854 +05:30  DBG  Initialized DbCommand for 'ExecuteReader' (1ms).
2024-09-24 16:34:54.855 +05:30  DBG  Executing DbCommand [Parameters=[@__normalizedEmail_0='?' (Size = 256)], CommandType='"Text"', CommandTimeout='30']
SELECT TOP(2) [a].[Id], [a].[AccessFailedCount], [a].[ConcurrencyStamp], [a].[CreatedAt], [a].[Email], [a].[EmailConfirmed], [a].[IsDeleted], [a].[IsVerified], [a].[LockoutEnabled], [a].[LockoutEnd], [a].[NormalizedEmail], [a].[NormalizedUserName], [a].[PasswordHash], [a].[PhoneNumber], [a].[PhoneNumberConfirmed], [a].[SecurityStamp], [a].[TwoFactorEnabled], [a].[UpdatedAt], [a].[UserName]
FROM [AspNetUsers] AS [a]
WHERE [a].[NormalizedEmail] = @__normalizedEmail_0
2024-09-24 16:34:54.859 +05:30  INF  Executed DbCommand (4ms) [Parameters=[@__normalizedEmail_0='?' (Size = 256)], CommandType='"Text"', CommandTimeout='30']
SELECT TOP(2) [a].[Id], [a].[AccessFailedCount], [a].[ConcurrencyStamp], [a].[CreatedAt], [a].[Email], [a].[EmailConfirmed], [a].[IsDeleted], [a].[IsVerified], [a].[LockoutEnabled], [a].[LockoutEnd], [a].[NormalizedEmail], [a].[NormalizedUserName], [a].[PasswordHash], [a].[PhoneNumber], [a].[PhoneNumberConfirmed], [a].[SecurityStamp], [a].[TwoFactorEnabled], [a].[UpdatedAt], [a].[UserName]
FROM [AspNetUsers] AS [a]
WHERE [a].[NormalizedEmail] = @__normalizedEmail_0
2024-09-24 16:34:54.861 +05:30  DBG  Context 'EcommerceDbContext' started tracking 'User' entity. Consider using 'DbContextOptionsBuilder.EnableSensitiveDataLogging' to see key values.
2024-09-24 16:34:54.862 +05:30  DBG  Closing data reader to 'Ecommerce' on server 'FGS-DSK-230\MSSQLSERVER2019'.
2024-09-24 16:34:54.863 +05:30  DBG  A data reader for 'Ecommerce' on server 'FGS-DSK-230\MSSQLSERVER2019' is being disposed after spending 2ms reading results.
2024-09-24 16:34:54.864 +05:30  DBG  Closing connection to database 'Ecommerce' on server 'FGS-DSK-230\MSSQLSERVER2019'.
2024-09-24 16:34:54.865 +05:30  DBG  Closed connection to database 'Ecommerce' on server 'FGS-DSK-230\MSSQLSERVER2019' (0ms).
2024-09-24 16:34:54.938 +05:30  DBG  Opening connection to database 'Ecommerce' on server 'FGS-DSK-230\MSSQLSERVER2019'.
2024-09-24 16:34:54.939 +05:30  DBG  Opened connection to database 'Ecommerce' on server 'FGS-DSK-230\MSSQLSERVER2019'.
2024-09-24 16:34:54.940 +05:30  DBG  Creating DbCommand for 'ExecuteReader'.
2024-09-24 16:34:54.941 +05:30  DBG  Created DbCommand for 'ExecuteReader' (0ms).
2024-09-24 16:34:54.942 +05:30  DBG  Initialized DbCommand for 'ExecuteReader' (1ms).
2024-09-24 16:34:54.943 +05:30  DBG  Executing DbCommand [Parameters=[@__userId_0='?' (DbType = Guid)], CommandType='"Text"', CommandTimeout='30']
SELECT [a0].[Name]
FROM [AspNetUserRoles] AS [a]
INNER JOIN [AspNetRoles] AS [a0] ON [a].[RoleId] = [a0].[Id]
WHERE [a].[UserId] = @__userId_0
2024-09-24 16:34:54.948 +05:30  INF  Executed DbCommand (5ms) [Parameters=[@__userId_0='?' (DbType = Guid)], CommandType='"Text"', CommandTimeout='30']
SELECT [a0].[Name]
FROM [AspNetUserRoles] AS [a]
INNER JOIN [AspNetRoles] AS [a0] ON [a].[RoleId] = [a0].[Id]
WHERE [a].[UserId] = @__userId_0
2024-09-24 16:34:54.950 +05:30  DBG  Closing data reader to 'Ecommerce' on server 'FGS-DSK-230\MSSQLSERVER2019'.
2024-09-24 16:34:54.951 +05:30  DBG  A data reader for 'Ecommerce' on server 'FGS-DSK-230\MSSQLSERVER2019' is being disposed after spending 0ms reading results.
2024-09-24 16:34:54.952 +05:30  DBG  Closing connection to database 'Ecommerce' on server 'FGS-DSK-230\MSSQLSERVER2019'.
2024-09-24 16:34:54.953 +05:30  DBG  Closed connection to database 'Ecommerce' on server 'FGS-DSK-230\MSSQLSERVER2019' (0ms).
2024-09-24 16:34:54.954 +05:30  INF  Executed action method Web.Ecommerce.Controllers.Account.AccountController.Login (Web.Ecommerce), returned result Microsoft.AspNetCore.Mvc.OkObjectResult in 108.0073ms.
2024-09-24 16:34:54.955 +05:30  VRB  Action Filter: Before executing OnActionExecuted on filter Microsoft.AspNetCore.Mvc.Infrastructure.ModelStateInvalidFilter.
2024-09-24 16:34:54.956 +05:30  VRB  Action Filter: After executing OnActionExecuted on filter Microsoft.AspNetCore.Mvc.Infrastructure.ModelStateInvalidFilter.
2024-09-24 16:34:54.958 +05:30  VRB  Action Filter: Before executing OnActionExecuted on filter Microsoft.AspNetCore.Mvc.ModelBinding.UnsupportedContentTypeFilter.
2024-09-24 16:34:54.959 +05:30  VRB  Action Filter: After executing OnActionExecuted on filter Microsoft.AspNetCore.Mvc.ModelBinding.UnsupportedContentTypeFilter.
2024-09-24 16:34:54.960 +05:30  VRB  Result Filter: Before executing OnResultExecuting on filter Microsoft.AspNetCore.Mvc.Infrastructure.ClientErrorResultFilter.
2024-09-24 16:34:54.962 +05:30  VRB  Result Filter: After executing OnResultExecuting on filter Microsoft.AspNetCore.Mvc.Infrastructure.ClientErrorResultFilter.
2024-09-24 16:34:54.963 +05:30  VRB  Before executing action result Microsoft.AspNetCore.Mvc.OkObjectResult.
2024-09-24 16:34:54.964 +05:30  DBG  List of registered output formatters, in the following order: ["Microsoft.AspNetCore.Mvc.Formatters.HttpNoContentOutputFormatter","Microsoft.AspNetCore.Mvc.Formatters.StringOutputFormatter","Microsoft.AspNetCore.Mvc.Formatters.StreamOutputFormatter","Microsoft.AspNetCore.Mvc.Formatters.SystemTextJsonOutputFormatter"]
2024-09-24 16:34:54.966 +05:30  DBG  No information found on request to perform content negotiation.
2024-09-24 16:34:54.966 +05:30  DBG  Attempting to select an output formatter without using a content type as no explicit content types were specified for the response.
2024-09-24 16:34:54.967 +05:30  DBG  Attempting to select the first formatter in the output formatters list which can write the result.
2024-09-24 16:34:54.967 +05:30  DBG  Selected output formatter 'Microsoft.AspNetCore.Mvc.Formatters.SystemTextJsonOutputFormatter' and content type 'application/json' to write the response.
2024-09-24 16:34:54.969 +05:30  INF  Executing OkObjectResult, writing value of type '<>f__AnonymousType1`3[[System.String, System.Private.CoreLib, Version=8.0.0.0, Culture=neutral, PublicKeyToken=7cec85d7bea7798e],[System.String, System.Private.CoreLib, Version=8.0.0.0, Culture=neutral, PublicKeyToken=7cec85d7bea7798e],[System.Collections.Generic.IEnumerable`1[[System.String, System.Private.CoreLib, Version=8.0.0.0, Culture=neutral, PublicKeyToken=7cec85d7bea7798e]], System.Private.CoreLib, Version=8.0.0.0, Culture=neutral, PublicKeyToken=7cec85d7bea7798e]]'.
2024-09-24 16:34:54.970 +05:30  VRB  After executing action result Microsoft.AspNetCore.Mvc.OkObjectResult.
2024-09-24 16:34:54.970 +05:30  VRB  Connection id "0HN6SED9F77PO" sending "HEADERS" frame for stream ID 1 with length 77 and flags "END_HEADERS".
2024-09-24 16:34:54.970 +05:30  VRB  Result Filter: Before executing OnResultExecuted on filter Microsoft.AspNetCore.Mvc.Infrastructure.ClientErrorResultFilter.
2024-09-24 16:34:54.973 +05:30  VRB  Connection id "0HN6SED9F77PO" sending "DATA" frame for stream ID 1 with length 582 and flags "NONE".
2024-09-24 16:34:54.974 +05:30  VRB  Result Filter: After executing OnResultExecuted on filter Microsoft.AspNetCore.Mvc.Infrastructure.ClientErrorResultFilter.
2024-09-24 16:34:54.977 +05:30  INF  Executed action Web.Ecommerce.Controllers.Account.AccountController.Login (Web.Ecommerce) in 153.7856ms
2024-09-24 16:34:54.978 +05:30  INF  Executed endpoint 'Web.Ecommerce.Controllers.Account.AccountController.Login (Web.Ecommerce)'
2024-09-24 16:34:54.979 +05:30  DBG  'EcommerceDbContext' disposed.
2024-09-24 16:34:54.979 +05:30  VRB  Connection id "0HN6SED9F77PO" sending "DATA" frame for stream ID 1 with length 0 and flags "END_STREAM".
2024-09-24 16:34:54.980 +05:30  DBG  Disposing connection to database 'Ecommerce' on server 'FGS-DSK-230\MSSQLSERVER2019'.
2024-09-24 16:34:54.983 +05:30  DBG  Disposed connection to database '' on server '' (3ms).
2024-09-24 16:34:54.984 +05:30  INF  Request finished HTTP/2 POST https://localhost:7113/api/Account/Login - 200 null application/json; charset=utf-8 186.1013ms
2024-09-24 16:35:03.598 +05:30  DBG  Connection id "0HN6SED9F77PO" received FIN.
2024-09-24 16:35:03.601 +05:30  DBG  Connection id "0HN6SED9F77PO" is closed. The last processed stream ID was 1.
2024-09-24 16:35:03.601 +05:30  DBG  The connection queue processing loop for 0HN6SED9F77PO completed.
2024-09-24 16:35:03.603 +05:30  DBG  Connection id "0HN6SED9F77PO" sending FIN because: "The Socket transport's send loop completed gracefully."
2024-09-24 16:35:03.613 +05:30  DBG  Connection id "0HN6SED9F77PO" stopped.
2024-09-24 16:35:27.623 +05:30  DBG  Connection id "0HN6SED9F77PP" accepted.
2024-09-24 16:35:27.634 +05:30  DBG  Connection id "0HN6SED9F77PP" started.
2024-09-24 16:35:27.637 +05:30  DBG  Connection 0HN6SED9F77PP established using the following protocol: "Tls12"
2024-09-24 16:35:27.640 +05:30  VRB  Connection id "0HN6SED9F77PP" sending "SETTINGS" frame for stream ID 0 with length 24 and flags "NONE".
2024-09-24 16:35:27.642 +05:30  VRB  Connection id "0HN6SED9F77PP" sending "WINDOW_UPDATE" frame for stream ID 0 with length 4 and flags 0x0.
2024-09-24 16:35:27.643 +05:30  VRB  Connection id "0HN6SED9F77PP" received "SETTINGS" frame for stream ID 0 with length 24 and flags "NONE".
2024-09-24 16:35:27.647 +05:30  VRB  Connection id "0HN6SED9F77PP" sending "SETTINGS" frame for stream ID 0 with length 0 and flags "ACK".
2024-09-24 16:35:27.651 +05:30  VRB  Connection id "0HN6SED9F77PP" received "WINDOW_UPDATE" frame for stream ID 0 with length 4 and flags 0x0.
2024-09-24 16:35:27.653 +05:30  VRB  Connection id "0HN6SED9F77PP" received "HEADERS" frame for stream ID 1 with length 335 and flags "END_STREAM, END_HEADERS, PRIORITY".
2024-09-24 16:35:27.654 +05:30  VRB  Connection id "0HN6SED9F77PP" received "SETTINGS" frame for stream ID 0 with length 0 and flags "ACK".
2024-09-24 16:35:27.654 +05:30  INF  Request starting HTTP/2 OPTIONS https://localhost:7113/api/Account/Login - null null
2024-09-24 16:35:27.658 +05:30  VRB  All hosts are allowed.
2024-09-24 16:35:27.658 +05:30  DBG  1 candidate(s) found for the request path '/api/Account/Login'
2024-09-24 16:35:27.659 +05:30  DBG  Request matched endpoint '405 HTTP Method Not Supported'
2024-09-24 16:35:27.660 +05:30  VRB  The endpoint does not specify the IRequestSizeLimitMetadata.
2024-09-24 16:35:27.660 +05:30  DBG  Static files was skipped as the request already matched an endpoint.
2024-09-24 16:35:27.661 +05:30  DBG  The request has an origin header: 'http://localhost:4200'.
2024-09-24 16:35:27.662 +05:30  INF  CORS policy execution successful.
2024-09-24 16:35:27.663 +05:30  DBG  The request is a preflight request.
2024-09-24 16:35:27.664 +05:30  INF  Request finished HTTP/2 OPTIONS https://localhost:7113/api/Account/Login - 204 null null 9.802ms
2024-09-24 16:35:27.664 +05:30  VRB  Connection id "0HN6SED9F77PP" sending "HEADERS" frame for stream ID 1 with length 122 and flags "END_STREAM, END_HEADERS".
2024-09-24 16:35:27.670 +05:30  VRB  Connection id "0HN6SED9F77PP" received "HEADERS" frame for stream ID 3 with length 182 and flags "END_HEADERS, PRIORITY".
2024-09-24 16:35:27.672 +05:30  VRB  Connection id "0HN6SED9F77PP" received "DATA" frame for stream ID 3 with length 68 and flags "END_STREAM".
2024-09-24 16:35:27.672 +05:30  INF  Request starting HTTP/2 POST https://localhost:7113/api/Account/Login - application/json 68
2024-09-24 16:35:27.676 +05:30  VRB  All hosts are allowed.
2024-09-24 16:35:27.677 +05:30  DBG  1 candidate(s) found for the request path '/api/Account/Login'
2024-09-24 16:35:27.678 +05:30  DBG  Endpoint 'Web.Ecommerce.Controllers.Account.AccountController.Login (Web.Ecommerce)' with route pattern 'api/Account/Login' is valid for the request path '/api/Account/Login'
2024-09-24 16:35:27.680 +05:30  DBG  Request matched endpoint 'Web.Ecommerce.Controllers.Account.AccountController.Login (Web.Ecommerce)'
2024-09-24 16:35:27.681 +05:30  VRB  The endpoint does not specify the IRequestSizeLimitMetadata.
2024-09-24 16:35:27.682 +05:30  DBG  Static files was skipped as the request already matched an endpoint.
2024-09-24 16:35:27.682 +05:30  DBG  The request has an origin header: 'http://localhost:4200'.
2024-09-24 16:35:27.683 +05:30  INF  CORS policy execution successful.
2024-09-24 16:35:27.684 +05:30  DBG  AuthenticationScheme: Bearer was not authenticated.
2024-09-24 16:35:27.684 +05:30  INF  Executing endpoint 'Web.Ecommerce.Controllers.Account.AccountController.Login (Web.Ecommerce)'
2024-09-24 16:35:27.685 +05:30  INF  Route matched with {action = "Login", controller = "Account"}. Executing controller action with signature System.Threading.Tasks.Task`1[Microsoft.AspNetCore.Mvc.IActionResult] Login(Application.Ecom.Authentication.Commands.LoginUser.LoginUserCommand) on controller Web.Ecommerce.Controllers.Account.AccountController (Web.Ecommerce).
2024-09-24 16:35:27.687 +05:30  DBG  Execution plan of authorization filters (in the following order): ["None"]
2024-09-24 16:35:27.688 +05:30  DBG  Execution plan of resource filters (in the following order): ["None"]
2024-09-24 16:35:27.689 +05:30  DBG  Execution plan of action filters (in the following order): ["Microsoft.AspNetCore.Mvc.ModelBinding.UnsupportedContentTypeFilter (Order: -3000)","Microsoft.AspNetCore.Mvc.Infrastructure.ModelStateInvalidFilter (Order: -2000)"]
2024-09-24 16:35:27.690 +05:30  DBG  Execution plan of exception filters (in the following order): ["None"]
2024-09-24 16:35:27.691 +05:30  DBG  Execution plan of result filters (in the following order): ["Microsoft.AspNetCore.Mvc.Infrastructure.ClientErrorResultFilter (Order: -2000)"]
2024-09-24 16:35:27.692 +05:30  DBG  Executing controller factory for controller Web.Ecommerce.Controllers.Account.AccountController (Web.Ecommerce)
2024-09-24 16:35:27.694 +05:30  DBG  Executed controller factory for controller Web.Ecommerce.Controllers.Account.AccountController (Web.Ecommerce)
2024-09-24 16:35:27.695 +05:30  DBG  Attempting to bind parameter 'command' of type 'Application.Ecom.Authentication.Commands.LoginUser.LoginUserCommand' ...
2024-09-24 16:35:27.697 +05:30  DBG  Attempting to bind parameter 'command' of type 'Application.Ecom.Authentication.Commands.LoginUser.LoginUserCommand' using the name '' in request data ...
2024-09-24 16:35:27.699 +05:30  DBG  Selected input formatter 'Microsoft.AspNetCore.Mvc.Formatters.SystemTextJsonInputFormatter' for content type 'application/json'.
2024-09-24 16:35:27.700 +05:30  DBG  Connection id "0HN6SED9F77PP", Request id "0HN6SED9F77PP:00000003": started reading request body.
2024-09-24 16:35:27.701 +05:30  DBG  Connection id "0HN6SED9F77PP", Request id "0HN6SED9F77PP:00000003": done reading request body.
2024-09-24 16:35:27.703 +05:30  DBG  JSON input formatter succeeded, deserializing to type 'Application.Ecom.Authentication.Commands.LoginUser.LoginUserCommand'
2024-09-24 16:35:27.704 +05:30  DBG  Done attempting to bind parameter 'command' of type 'Application.Ecom.Authentication.Commands.LoginUser.LoginUserCommand'.
2024-09-24 16:35:27.705 +05:30  DBG  Done attempting to bind parameter 'command' of type 'Application.Ecom.Authentication.Commands.LoginUser.LoginUserCommand'.
2024-09-24 16:35:27.706 +05:30  DBG  Attempting to validate the bound parameter 'command' of type 'Application.Ecom.Authentication.Commands.LoginUser.LoginUserCommand' ...
2024-09-24 16:35:27.707 +05:30  DBG  Done attempting to validate the bound parameter 'command' of type 'Application.Ecom.Authentication.Commands.LoginUser.LoginUserCommand'.
2024-09-24 16:35:27.708 +05:30  VRB  Action Filter: Before executing OnActionExecuting on filter Microsoft.AspNetCore.Mvc.ModelBinding.UnsupportedContentTypeFilter.
2024-09-24 16:35:27.709 +05:30  VRB  Action Filter: After executing OnActionExecuting on filter Microsoft.AspNetCore.Mvc.ModelBinding.UnsupportedContentTypeFilter.
2024-09-24 16:35:27.710 +05:30  VRB  Action Filter: Before executing OnActionExecuting on filter Microsoft.AspNetCore.Mvc.Infrastructure.ModelStateInvalidFilter.
2024-09-24 16:35:27.711 +05:30  VRB  Action Filter: After executing OnActionExecuting on filter Microsoft.AspNetCore.Mvc.Infrastructure.ModelStateInvalidFilter.
2024-09-24 16:35:27.713 +05:30  INF  Executing action method Web.Ecommerce.Controllers.Account.AccountController.Login (Web.Ecommerce) - Validation state: "Valid"
2024-09-24 16:35:27.714 +05:30  VRB  Executing action method Web.Ecommerce.Controllers.Account.AccountController.Login (Web.Ecommerce) with arguments (["Application.Ecom.Authentication.Commands.LoginUser.LoginUserCommand"])
2024-09-24 16:35:27.717 +05:30  DBG  Entity Framework Core 8.0.8 initialized 'EcommerceDbContext' using provider 'Microsoft.EntityFrameworkCore.SqlServer:8.0.8' with options: None
2024-09-24 16:35:27.718 +05:30  DBG  Creating DbConnection.
2024-09-24 16:35:27.719 +05:30  DBG  Created DbConnection. (0ms).
2024-09-24 16:35:27.720 +05:30  DBG  Opening connection to database 'Ecommerce' on server 'FGS-DSK-230\MSSQLSERVER2019'.
2024-09-24 16:35:27.721 +05:30  DBG  Opened connection to database 'Ecommerce' on server 'FGS-DSK-230\MSSQLSERVER2019'.
2024-09-24 16:35:27.722 +05:30  DBG  Creating DbCommand for 'ExecuteReader'.
2024-09-24 16:35:27.723 +05:30  DBG  Created DbCommand for 'ExecuteReader' (1ms).
2024-09-24 16:35:27.725 +05:30  DBG  Initialized DbCommand for 'ExecuteReader' (2ms).
2024-09-24 16:35:27.725 +05:30  DBG  Executing DbCommand [Parameters=[@__normalizedEmail_0='?' (Size = 256)], CommandType='"Text"', CommandTimeout='30']
SELECT TOP(2) [a].[Id], [a].[AccessFailedCount], [a].[ConcurrencyStamp], [a].[CreatedAt], [a].[Email], [a].[EmailConfirmed], [a].[IsDeleted], [a].[IsVerified], [a].[LockoutEnabled], [a].[LockoutEnd], [a].[NormalizedEmail], [a].[NormalizedUserName], [a].[PasswordHash], [a].[PhoneNumber], [a].[PhoneNumberConfirmed], [a].[SecurityStamp], [a].[TwoFactorEnabled], [a].[UpdatedAt], [a].[UserName]
FROM [AspNetUsers] AS [a]
WHERE [a].[NormalizedEmail] = @__normalizedEmail_0
2024-09-24 16:35:27.731 +05:30  INF  Executed DbCommand (6ms) [Parameters=[@__normalizedEmail_0='?' (Size = 256)], CommandType='"Text"', CommandTimeout='30']
SELECT TOP(2) [a].[Id], [a].[AccessFailedCount], [a].[ConcurrencyStamp], [a].[CreatedAt], [a].[Email], [a].[EmailConfirmed], [a].[IsDeleted], [a].[IsVerified], [a].[LockoutEnabled], [a].[LockoutEnd], [a].[NormalizedEmail], [a].[NormalizedUserName], [a].[PasswordHash], [a].[PhoneNumber], [a].[PhoneNumberConfirmed], [a].[SecurityStamp], [a].[TwoFactorEnabled], [a].[UpdatedAt], [a].[UserName]
FROM [AspNetUsers] AS [a]
WHERE [a].[NormalizedEmail] = @__normalizedEmail_0
2024-09-24 16:35:27.733 +05:30  DBG  Context 'EcommerceDbContext' started tracking 'User' entity. Consider using 'DbContextOptionsBuilder.EnableSensitiveDataLogging' to see key values.
2024-09-24 16:35:27.735 +05:30  DBG  Closing data reader to 'Ecommerce' on server 'FGS-DSK-230\MSSQLSERVER2019'.
2024-09-24 16:35:27.736 +05:30  DBG  A data reader for 'Ecommerce' on server 'FGS-DSK-230\MSSQLSERVER2019' is being disposed after spending 2ms reading results.
2024-09-24 16:35:27.737 +05:30  DBG  Closing connection to database 'Ecommerce' on server 'FGS-DSK-230\MSSQLSERVER2019'.
2024-09-24 16:35:27.738 +05:30  DBG  Closed connection to database 'Ecommerce' on server 'FGS-DSK-230\MSSQLSERVER2019' (0ms).
2024-09-24 16:35:27.810 +05:30  DBG  Opening connection to database 'Ecommerce' on server 'FGS-DSK-230\MSSQLSERVER2019'.
2024-09-24 16:35:27.812 +05:30  DBG  Opened connection to database 'Ecommerce' on server 'FGS-DSK-230\MSSQLSERVER2019'.
2024-09-24 16:35:27.813 +05:30  DBG  Creating DbCommand for 'ExecuteReader'.
2024-09-24 16:35:27.814 +05:30  DBG  Created DbCommand for 'ExecuteReader' (0ms).
2024-09-24 16:35:27.815 +05:30  DBG  Initialized DbCommand for 'ExecuteReader' (1ms).
2024-09-24 16:35:27.816 +05:30  DBG  Executing DbCommand [Parameters=[@__userId_0='?' (DbType = Guid)], CommandType='"Text"', CommandTimeout='30']
SELECT [a0].[Name]
FROM [AspNetUserRoles] AS [a]
INNER JOIN [AspNetRoles] AS [a0] ON [a].[RoleId] = [a0].[Id]
WHERE [a].[UserId] = @__userId_0
2024-09-24 16:35:27.820 +05:30  INF  Executed DbCommand (4ms) [Parameters=[@__userId_0='?' (DbType = Guid)], CommandType='"Text"', CommandTimeout='30']
SELECT [a0].[Name]
FROM [AspNetUserRoles] AS [a]
INNER JOIN [AspNetRoles] AS [a0] ON [a].[RoleId] = [a0].[Id]
WHERE [a].[UserId] = @__userId_0
2024-09-24 16:35:27.822 +05:30  DBG  Closing data reader to 'Ecommerce' on server 'FGS-DSK-230\MSSQLSERVER2019'.
2024-09-24 16:35:27.823 +05:30  DBG  A data reader for 'Ecommerce' on server 'FGS-DSK-230\MSSQLSERVER2019' is being disposed after spending 0ms reading results.
2024-09-24 16:35:27.824 +05:30  DBG  Closing connection to database 'Ecommerce' on server 'FGS-DSK-230\MSSQLSERVER2019'.
2024-09-24 16:35:27.825 +05:30  DBG  Closed connection to database 'Ecommerce' on server 'FGS-DSK-230\MSSQLSERVER2019' (0ms).
2024-09-24 16:35:27.826 +05:30  INF  Executed action method Web.Ecommerce.Controllers.Account.AccountController.Login (Web.Ecommerce), returned result Microsoft.AspNetCore.Mvc.OkObjectResult in 110.4829ms.
2024-09-24 16:35:27.827 +05:30  VRB  Action Filter: Before executing OnActionExecuted on filter Microsoft.AspNetCore.Mvc.Infrastructure.ModelStateInvalidFilter.
2024-09-24 16:35:27.829 +05:30  VRB  Action Filter: After executing OnActionExecuted on filter Microsoft.AspNetCore.Mvc.Infrastructure.ModelStateInvalidFilter.
2024-09-24 16:35:27.830 +05:30  VRB  Action Filter: Before executing OnActionExecuted on filter Microsoft.AspNetCore.Mvc.ModelBinding.UnsupportedContentTypeFilter.
2024-09-24 16:35:27.831 +05:30  VRB  Action Filter: After executing OnActionExecuted on filter Microsoft.AspNetCore.Mvc.ModelBinding.UnsupportedContentTypeFilter.
2024-09-24 16:35:27.832 +05:30  VRB  Result Filter: Before executing OnResultExecuting on filter Microsoft.AspNetCore.Mvc.Infrastructure.ClientErrorResultFilter.
2024-09-24 16:35:27.833 +05:30  VRB  Result Filter: After executing OnResultExecuting on filter Microsoft.AspNetCore.Mvc.Infrastructure.ClientErrorResultFilter.
2024-09-24 16:35:27.834 +05:30  VRB  Before executing action result Microsoft.AspNetCore.Mvc.OkObjectResult.
2024-09-24 16:35:27.835 +05:30  DBG  List of registered output formatters, in the following order: ["Microsoft.AspNetCore.Mvc.Formatters.HttpNoContentOutputFormatter","Microsoft.AspNetCore.Mvc.Formatters.StringOutputFormatter","Microsoft.AspNetCore.Mvc.Formatters.StreamOutputFormatter","Microsoft.AspNetCore.Mvc.Formatters.SystemTextJsonOutputFormatter"]
2024-09-24 16:35:27.837 +05:30  DBG  No information found on request to perform content negotiation.
2024-09-24 16:35:27.837 +05:30  DBG  Attempting to select an output formatter without using a content type as no explicit content types were specified for the response.
2024-09-24 16:35:27.838 +05:30  DBG  Attempting to select the first formatter in the output formatters list which can write the result.
2024-09-24 16:35:27.838 +05:30  DBG  Selected output formatter 'Microsoft.AspNetCore.Mvc.Formatters.SystemTextJsonOutputFormatter' and content type 'application/json' to write the response.
2024-09-24 16:35:27.840 +05:30  INF  Executing OkObjectResult, writing value of type '<>f__AnonymousType1`3[[System.String, System.Private.CoreLib, Version=8.0.0.0, Culture=neutral, PublicKeyToken=7cec85d7bea7798e],[System.String, System.Private.CoreLib, Version=8.0.0.0, Culture=neutral, PublicKeyToken=7cec85d7bea7798e],[System.Collections.Generic.IEnumerable`1[[System.String, System.Private.CoreLib, Version=8.0.0.0, Culture=neutral, PublicKeyToken=7cec85d7bea7798e]], System.Private.CoreLib, Version=8.0.0.0, Culture=neutral, PublicKeyToken=7cec85d7bea7798e]]'.
2024-09-24 16:35:27.841 +05:30  VRB  After executing action result Microsoft.AspNetCore.Mvc.OkObjectResult.
2024-09-24 16:35:27.841 +05:30  VRB  Connection id "0HN6SED9F77PP" sending "HEADERS" frame for stream ID 3 with length 37 and flags "END_HEADERS".
2024-09-24 16:35:27.841 +05:30  VRB  Result Filter: Before executing OnResultExecuted on filter Microsoft.AspNetCore.Mvc.Infrastructure.ClientErrorResultFilter.
2024-09-24 16:35:27.843 +05:30  VRB  Result Filter: After executing OnResultExecuted on filter Microsoft.AspNetCore.Mvc.Infrastructure.ClientErrorResultFilter.
2024-09-24 16:35:27.845 +05:30  VRB  Connection id "0HN6SED9F77PP" sending "DATA" frame for stream ID 3 with length 582 and flags "NONE".
2024-09-24 16:35:27.847 +05:30  INF  Executed action Web.Ecommerce.Controllers.Account.AccountController.Login (Web.Ecommerce) in 154.7101ms
2024-09-24 16:35:27.850 +05:30  INF  Executed endpoint 'Web.Ecommerce.Controllers.Account.AccountController.Login (Web.Ecommerce)'
2024-09-24 16:35:27.851 +05:30  DBG  'EcommerceDbContext' disposed.
2024-09-24 16:35:27.851 +05:30  DBG  Disposing connection to database 'Ecommerce' on server 'FGS-DSK-230\MSSQLSERVER2019'.
2024-09-24 16:35:27.852 +05:30  VRB  Connection id "0HN6SED9F77PP" sending "DATA" frame for stream ID 3 with length 0 and flags "END_STREAM".
2024-09-24 16:35:27.852 +05:30  DBG  Disposed connection to database '' on server '' (0ms).
2024-09-24 16:35:27.853 +05:30  INF  Request finished HTTP/2 POST https://localhost:7113/api/Account/Login - 200 null application/json; charset=utf-8 181.5642ms
2024-09-24 16:35:33.626 +05:30  DBG  Connection id "0HN6SED9F77PP" received FIN.
2024-09-24 16:35:33.628 +05:30  DBG  Connection id "0HN6SED9F77PP" is closed. The last processed stream ID was 3.
2024-09-24 16:35:33.633 +05:30  DBG  Connection id "0HN6SED9F77PP" sending FIN because: "The Socket transport's send loop completed gracefully."
2024-09-24 16:35:33.635 +05:30  DBG  The connection queue processing loop for 0HN6SED9F77PP completed.
2024-09-24 16:35:33.637 +05:30  DBG  Connection id "0HN6SED9F77PP" stopped.
2024-09-24 16:36:05.530 +05:30  DBG  Connection id "0HN6SED9F77PQ" accepted.
2024-09-24 16:36:05.538 +05:30  DBG  Connection id "0HN6SED9F77PQ" started.
2024-09-24 16:36:05.546 +05:30  DBG  Connection 0HN6SED9F77PQ established using the following protocol: "Tls12"
2024-09-24 16:36:05.552 +05:30  VRB  Connection id "0HN6SED9F77PQ" sending "SETTINGS" frame for stream ID 0 with length 24 and flags "NONE".
2024-09-24 16:36:05.555 +05:30  VRB  Connection id "0HN6SED9F77PQ" sending "WINDOW_UPDATE" frame for stream ID 0 with length 4 and flags 0x0.
2024-09-24 16:36:05.556 +05:30  VRB  Connection id "0HN6SED9F77PQ" received "SETTINGS" frame for stream ID 0 with length 24 and flags "NONE".
2024-09-24 16:36:05.558 +05:30  VRB  Connection id "0HN6SED9F77PQ" sending "SETTINGS" frame for stream ID 0 with length 0 and flags "ACK".
2024-09-24 16:36:05.559 +05:30  VRB  Connection id "0HN6SED9F77PQ" received "WINDOW_UPDATE" frame for stream ID 0 with length 4 and flags 0x0.
2024-09-24 16:36:05.561 +05:30  VRB  Connection id "0HN6SED9F77PQ" received "HEADERS" frame for stream ID 1 with length 335 and flags "END_STREAM, END_HEADERS, PRIORITY".
2024-09-24 16:36:05.563 +05:30  VRB  Connection id "0HN6SED9F77PQ" received "SETTINGS" frame for stream ID 0 with length 0 and flags "ACK".
2024-09-24 16:36:05.563 +05:30  INF  Request starting HTTP/2 OPTIONS https://localhost:7113/api/Account/Login - null null
2024-09-24 16:36:05.568 +05:30  VRB  All hosts are allowed.
2024-09-24 16:36:05.568 +05:30  DBG  1 candidate(s) found for the request path '/api/Account/Login'
2024-09-24 16:36:05.569 +05:30  DBG  Request matched endpoint '405 HTTP Method Not Supported'
2024-09-24 16:36:05.569 +05:30  VRB  The endpoint does not specify the IRequestSizeLimitMetadata.
2024-09-24 16:36:05.570 +05:30  DBG  Static files was skipped as the request already matched an endpoint.
2024-09-24 16:36:05.571 +05:30  DBG  The request has an origin header: 'http://localhost:4200'.
2024-09-24 16:36:05.572 +05:30  INF  CORS policy execution successful.
2024-09-24 16:36:05.572 +05:30  DBG  The request is a preflight request.
2024-09-24 16:36:05.573 +05:30  INF  Request finished HTTP/2 OPTIONS https://localhost:7113/api/Account/Login - 204 null null 9.8818ms
2024-09-24 16:36:05.573 +05:30  VRB  Connection id "0HN6SED9F77PQ" sending "HEADERS" frame for stream ID 1 with length 122 and flags "END_STREAM, END_HEADERS".
2024-09-24 16:36:05.579 +05:30  VRB  Connection id "0HN6SED9F77PQ" received "HEADERS" frame for stream ID 3 with length 182 and flags "END_HEADERS, PRIORITY".
2024-09-24 16:36:05.581 +05:30  VRB  Connection id "0HN6SED9F77PQ" received "DATA" frame for stream ID 3 with length 68 and flags "END_STREAM".
2024-09-24 16:36:05.581 +05:30  INF  Request starting HTTP/2 POST https://localhost:7113/api/Account/Login - application/json 68
2024-09-24 16:36:05.585 +05:30  VRB  All hosts are allowed.
2024-09-24 16:36:05.585 +05:30  DBG  1 candidate(s) found for the request path '/api/Account/Login'
2024-09-24 16:36:05.586 +05:30  DBG  Endpoint 'Web.Ecommerce.Controllers.Account.AccountController.Login (Web.Ecommerce)' with route pattern 'api/Account/Login' is valid for the request path '/api/Account/Login'
2024-09-24 16:36:05.587 +05:30  DBG  Request matched endpoint 'Web.Ecommerce.Controllers.Account.AccountController.Login (Web.Ecommerce)'
2024-09-24 16:36:05.588 +05:30  VRB  The endpoint does not specify the IRequestSizeLimitMetadata.
2024-09-24 16:36:05.589 +05:30  DBG  Static files was skipped as the request already matched an endpoint.
2024-09-24 16:36:05.589 +05:30  DBG  The request has an origin header: 'http://localhost:4200'.
2024-09-24 16:36:05.590 +05:30  INF  CORS policy execution successful.
2024-09-24 16:36:05.591 +05:30  DBG  AuthenticationScheme: Bearer was not authenticated.
2024-09-24 16:36:05.592 +05:30  INF  Executing endpoint 'Web.Ecommerce.Controllers.Account.AccountController.Login (Web.Ecommerce)'
2024-09-24 16:36:05.594 +05:30  INF  Route matched with {action = "Login", controller = "Account"}. Executing controller action with signature System.Threading.Tasks.Task`1[Microsoft.AspNetCore.Mvc.IActionResult] Login(Application.Ecom.Authentication.Commands.LoginUser.LoginUserCommand) on controller Web.Ecommerce.Controllers.Account.AccountController (Web.Ecommerce).
2024-09-24 16:36:05.596 +05:30  DBG  Execution plan of authorization filters (in the following order): ["None"]
2024-09-24 16:36:05.597 +05:30  DBG  Execution plan of resource filters (in the following order): ["None"]
2024-09-24 16:36:05.598 +05:30  DBG  Execution plan of action filters (in the following order): ["Microsoft.AspNetCore.Mvc.ModelBinding.UnsupportedContentTypeFilter (Order: -3000)","Microsoft.AspNetCore.Mvc.Infrastructure.ModelStateInvalidFilter (Order: -2000)"]
2024-09-24 16:36:05.600 +05:30  DBG  Execution plan of exception filters (in the following order): ["None"]
2024-09-24 16:36:05.601 +05:30  DBG  Execution plan of result filters (in the following order): ["Microsoft.AspNetCore.Mvc.Infrastructure.ClientErrorResultFilter (Order: -2000)"]
2024-09-24 16:36:05.602 +05:30  DBG  Executing controller factory for controller Web.Ecommerce.Controllers.Account.AccountController (Web.Ecommerce)
2024-09-24 16:36:05.603 +05:30  DBG  Executed controller factory for controller Web.Ecommerce.Controllers.Account.AccountController (Web.Ecommerce)
2024-09-24 16:36:05.604 +05:30  DBG  Attempting to bind parameter 'command' of type 'Application.Ecom.Authentication.Commands.LoginUser.LoginUserCommand' ...
2024-09-24 16:36:05.605 +05:30  DBG  Attempting to bind parameter 'command' of type 'Application.Ecom.Authentication.Commands.LoginUser.LoginUserCommand' using the name '' in request data ...
2024-09-24 16:36:05.606 +05:30  DBG  Selected input formatter 'Microsoft.AspNetCore.Mvc.Formatters.SystemTextJsonInputFormatter' for content type 'application/json'.
2024-09-24 16:36:05.607 +05:30  DBG  Connection id "0HN6SED9F77PQ", Request id "0HN6SED9F77PQ:00000003": started reading request body.
2024-09-24 16:36:05.608 +05:30  DBG  Connection id "0HN6SED9F77PQ", Request id "0HN6SED9F77PQ:00000003": done reading request body.
2024-09-24 16:36:05.609 +05:30  DBG  JSON input formatter succeeded, deserializing to type 'Application.Ecom.Authentication.Commands.LoginUser.LoginUserCommand'
2024-09-24 16:36:05.610 +05:30  DBG  Done attempting to bind parameter 'command' of type 'Application.Ecom.Authentication.Commands.LoginUser.LoginUserCommand'.
2024-09-24 16:36:05.612 +05:30  DBG  Done attempting to bind parameter 'command' of type 'Application.Ecom.Authentication.Commands.LoginUser.LoginUserCommand'.
2024-09-24 16:36:05.614 +05:30  DBG  Attempting to validate the bound parameter 'command' of type 'Application.Ecom.Authentication.Commands.LoginUser.LoginUserCommand' ...
2024-09-24 16:36:05.616 +05:30  DBG  Done attempting to validate the bound parameter 'command' of type 'Application.Ecom.Authentication.Commands.LoginUser.LoginUserCommand'.
2024-09-24 16:36:05.617 +05:30  VRB  Action Filter: Before executing OnActionExecuting on filter Microsoft.AspNetCore.Mvc.ModelBinding.UnsupportedContentTypeFilter.
2024-09-24 16:36:05.618 +05:30  VRB  Action Filter: After executing OnActionExecuting on filter Microsoft.AspNetCore.Mvc.ModelBinding.UnsupportedContentTypeFilter.
2024-09-24 16:36:05.619 +05:30  VRB  Action Filter: Before executing OnActionExecuting on filter Microsoft.AspNetCore.Mvc.Infrastructure.ModelStateInvalidFilter.
2024-09-24 16:36:05.621 +05:30  VRB  Action Filter: After executing OnActionExecuting on filter Microsoft.AspNetCore.Mvc.Infrastructure.ModelStateInvalidFilter.
2024-09-24 16:36:05.622 +05:30  INF  Executing action method Web.Ecommerce.Controllers.Account.AccountController.Login (Web.Ecommerce) - Validation state: "Valid"
2024-09-24 16:36:05.623 +05:30  VRB  Executing action method Web.Ecommerce.Controllers.Account.AccountController.Login (Web.Ecommerce) with arguments (["Application.Ecom.Authentication.Commands.LoginUser.LoginUserCommand"])
2024-09-24 16:36:05.627 +05:30  DBG  Entity Framework Core 8.0.8 initialized 'EcommerceDbContext' using provider 'Microsoft.EntityFrameworkCore.SqlServer:8.0.8' with options: None
2024-09-24 16:36:05.631 +05:30  DBG  Creating DbConnection.
2024-09-24 16:36:05.631 +05:30  DBG  Created DbConnection. (0ms).
2024-09-24 16:36:05.632 +05:30  DBG  Opening connection to database 'Ecommerce' on server 'FGS-DSK-230\MSSQLSERVER2019'.
2024-09-24 16:36:05.633 +05:30  DBG  Opened connection to database 'Ecommerce' on server 'FGS-DSK-230\MSSQLSERVER2019'.
2024-09-24 16:36:05.634 +05:30  DBG  Creating DbCommand for 'ExecuteReader'.
2024-09-24 16:36:05.634 +05:30  DBG  Created DbCommand for 'ExecuteReader' (0ms).
2024-09-24 16:36:05.635 +05:30  DBG  Initialized DbCommand for 'ExecuteReader' (1ms).
2024-09-24 16:36:05.636 +05:30  DBG  Executing DbCommand [Parameters=[@__normalizedEmail_0='?' (Size = 256)], CommandType='"Text"', CommandTimeout='30']
SELECT TOP(2) [a].[Id], [a].[AccessFailedCount], [a].[ConcurrencyStamp], [a].[CreatedAt], [a].[Email], [a].[EmailConfirmed], [a].[IsDeleted], [a].[IsVerified], [a].[LockoutEnabled], [a].[LockoutEnd], [a].[NormalizedEmail], [a].[NormalizedUserName], [a].[PasswordHash], [a].[PhoneNumber], [a].[PhoneNumberConfirmed], [a].[SecurityStamp], [a].[TwoFactorEnabled], [a].[UpdatedAt], [a].[UserName]
FROM [AspNetUsers] AS [a]
WHERE [a].[NormalizedEmail] = @__normalizedEmail_0
2024-09-24 16:36:05.640 +05:30  INF  Executed DbCommand (4ms) [Parameters=[@__normalizedEmail_0='?' (Size = 256)], CommandType='"Text"', CommandTimeout='30']
SELECT TOP(2) [a].[Id], [a].[AccessFailedCount], [a].[ConcurrencyStamp], [a].[CreatedAt], [a].[Email], [a].[EmailConfirmed], [a].[IsDeleted], [a].[IsVerified], [a].[LockoutEnabled], [a].[LockoutEnd], [a].[NormalizedEmail], [a].[NormalizedUserName], [a].[PasswordHash], [a].[PhoneNumber], [a].[PhoneNumberConfirmed], [a].[SecurityStamp], [a].[TwoFactorEnabled], [a].[UpdatedAt], [a].[UserName]
FROM [AspNetUsers] AS [a]
WHERE [a].[NormalizedEmail] = @__normalizedEmail_0
2024-09-24 16:36:05.643 +05:30  DBG  Context 'EcommerceDbContext' started tracking 'User' entity. Consider using 'DbContextOptionsBuilder.EnableSensitiveDataLogging' to see key values.
2024-09-24 16:36:05.644 +05:30  DBG  Closing data reader to 'Ecommerce' on server 'FGS-DSK-230\MSSQLSERVER2019'.
2024-09-24 16:36:05.645 +05:30  DBG  A data reader for 'Ecommerce' on server 'FGS-DSK-230\MSSQLSERVER2019' is being disposed after spending 2ms reading results.
2024-09-24 16:36:05.646 +05:30  DBG  Closing connection to database 'Ecommerce' on server 'FGS-DSK-230\MSSQLSERVER2019'.
2024-09-24 16:36:05.647 +05:30  DBG  Closed connection to database 'Ecommerce' on server 'FGS-DSK-230\MSSQLSERVER2019' (1ms).
2024-09-24 16:36:05.720 +05:30  DBG  Opening connection to database 'Ecommerce' on server 'FGS-DSK-230\MSSQLSERVER2019'.
2024-09-24 16:36:05.723 +05:30  DBG  Opened connection to database 'Ecommerce' on server 'FGS-DSK-230\MSSQLSERVER2019'.
2024-09-24 16:36:05.724 +05:30  DBG  Creating DbCommand for 'ExecuteReader'.
2024-09-24 16:36:05.725 +05:30  DBG  Created DbCommand for 'ExecuteReader' (0ms).
2024-09-24 16:36:05.726 +05:30  DBG  Initialized DbCommand for 'ExecuteReader' (1ms).
2024-09-24 16:36:05.727 +05:30  DBG  Executing DbCommand [Parameters=[@__userId_0='?' (DbType = Guid)], CommandType='"Text"', CommandTimeout='30']
SELECT [a0].[Name]
FROM [AspNetUserRoles] AS [a]
INNER JOIN [AspNetRoles] AS [a0] ON [a].[RoleId] = [a0].[Id]
WHERE [a].[UserId] = @__userId_0
2024-09-24 16:36:05.733 +05:30  INF  Executed DbCommand (6ms) [Parameters=[@__userId_0='?' (DbType = Guid)], CommandType='"Text"', CommandTimeout='30']
SELECT [a0].[Name]
FROM [AspNetUserRoles] AS [a]
INNER JOIN [AspNetRoles] AS [a0] ON [a].[RoleId] = [a0].[Id]
WHERE [a].[UserId] = @__userId_0
2024-09-24 16:36:05.736 +05:30  DBG  Closing data reader to 'Ecommerce' on server 'FGS-DSK-230\MSSQLSERVER2019'.
2024-09-24 16:36:05.737 +05:30  DBG  A data reader for 'Ecommerce' on server 'FGS-DSK-230\MSSQLSERVER2019' is being disposed after spending 1ms reading results.
2024-09-24 16:36:05.738 +05:30  DBG  Closing connection to database 'Ecommerce' on server 'FGS-DSK-230\MSSQLSERVER2019'.
2024-09-24 16:36:05.739 +05:30  DBG  Closed connection to database 'Ecommerce' on server 'FGS-DSK-230\MSSQLSERVER2019' (0ms).
2024-09-24 16:36:05.740 +05:30  INF  Executed action method Web.Ecommerce.Controllers.Account.AccountController.Login (Web.Ecommerce), returned result Microsoft.AspNetCore.Mvc.OkObjectResult in 116.2794ms.
2024-09-24 16:36:05.741 +05:30  VRB  Action Filter: Before executing OnActionExecuted on filter Microsoft.AspNetCore.Mvc.Infrastructure.ModelStateInvalidFilter.
2024-09-24 16:36:05.743 +05:30  VRB  Action Filter: After executing OnActionExecuted on filter Microsoft.AspNetCore.Mvc.Infrastructure.ModelStateInvalidFilter.
2024-09-24 16:36:05.744 +05:30  VRB  Action Filter: Before executing OnActionExecuted on filter Microsoft.AspNetCore.Mvc.ModelBinding.UnsupportedContentTypeFilter.
2024-09-24 16:36:05.745 +05:30  VRB  Action Filter: After executing OnActionExecuted on filter Microsoft.AspNetCore.Mvc.ModelBinding.UnsupportedContentTypeFilter.
2024-09-24 16:36:05.746 +05:30  VRB  Result Filter: Before executing OnResultExecuting on filter Microsoft.AspNetCore.Mvc.Infrastructure.ClientErrorResultFilter.
2024-09-24 16:36:05.747 +05:30  VRB  Result Filter: After executing OnResultExecuting on filter Microsoft.AspNetCore.Mvc.Infrastructure.ClientErrorResultFilter.
2024-09-24 16:36:05.749 +05:30  VRB  Before executing action result Microsoft.AspNetCore.Mvc.OkObjectResult.
2024-09-24 16:36:05.749 +05:30  DBG  List of registered output formatters, in the following order: ["Microsoft.AspNetCore.Mvc.Formatters.HttpNoContentOutputFormatter","Microsoft.AspNetCore.Mvc.Formatters.StringOutputFormatter","Microsoft.AspNetCore.Mvc.Formatters.StreamOutputFormatter","Microsoft.AspNetCore.Mvc.Formatters.SystemTextJsonOutputFormatter"]
2024-09-24 16:36:05.751 +05:30  DBG  No information found on request to perform content negotiation.
2024-09-24 16:36:05.752 +05:30  DBG  Attempting to select an output formatter without using a content type as no explicit content types were specified for the response.
2024-09-24 16:36:05.752 +05:30  DBG  Attempting to select the first formatter in the output formatters list which can write the result.
2024-09-24 16:36:05.753 +05:30  DBG  Selected output formatter 'Microsoft.AspNetCore.Mvc.Formatters.SystemTextJsonOutputFormatter' and content type 'application/json' to write the response.
2024-09-24 16:36:05.754 +05:30  INF  Executing OkObjectResult, writing value of type '<>f__AnonymousType1`3[[System.String, System.Private.CoreLib, Version=8.0.0.0, Culture=neutral, PublicKeyToken=7cec85d7bea7798e],[System.String, System.Private.CoreLib, Version=8.0.0.0, Culture=neutral, PublicKeyToken=7cec85d7bea7798e],[System.Collections.Generic.IEnumerable`1[[System.String, System.Private.CoreLib, Version=8.0.0.0, Culture=neutral, PublicKeyToken=7cec85d7bea7798e]], System.Private.CoreLib, Version=8.0.0.0, Culture=neutral, PublicKeyToken=7cec85d7bea7798e]]'.
2024-09-24 16:36:05.755 +05:30  VRB  After executing action result Microsoft.AspNetCore.Mvc.OkObjectResult.
2024-09-24 16:36:05.755 +05:30  VRB  Connection id "0HN6SED9F77PQ" sending "HEADERS" frame for stream ID 3 with length 37 and flags "END_HEADERS".
2024-09-24 16:36:05.756 +05:30  VRB  Result Filter: Before executing OnResultExecuted on filter Microsoft.AspNetCore.Mvc.Infrastructure.ClientErrorResultFilter.
2024-09-24 16:36:05.757 +05:30  VRB  Connection id "0HN6SED9F77PQ" sending "DATA" frame for stream ID 3 with length 582 and flags "NONE".
2024-09-24 16:36:05.759 +05:30  VRB  Result Filter: After executing OnResultExecuted on filter Microsoft.AspNetCore.Mvc.Infrastructure.ClientErrorResultFilter.
2024-09-24 16:36:05.763 +05:30  INF  Executed action Web.Ecommerce.Controllers.Account.AccountController.Login (Web.Ecommerce) in 160.7772ms
2024-09-24 16:36:05.764 +05:30  INF  Executed endpoint 'Web.Ecommerce.Controllers.Account.AccountController.Login (Web.Ecommerce)'
2024-09-24 16:36:05.765 +05:30  DBG  'EcommerceDbContext' disposed.
2024-09-24 16:36:05.765 +05:30  VRB  Connection id "0HN6SED9F77PQ" sending "DATA" frame for stream ID 3 with length 0 and flags "END_STREAM".
2024-09-24 16:36:05.766 +05:30  DBG  Disposing connection to database 'Ecommerce' on server 'FGS-DSK-230\MSSQLSERVER2019'.
2024-09-24 16:36:05.773 +05:30  DBG  Disposed connection to database '' on server '' (6ms).
2024-09-24 16:36:05.775 +05:30  INF  Request finished HTTP/2 POST https://localhost:7113/api/Account/Login - 200 null application/json; charset=utf-8 193.4989ms
2024-09-24 16:36:13.704 +05:30  DBG  Connection id "0HN6SED9F77PQ" received FIN.
2024-09-24 16:36:13.708 +05:30  DBG  Connection id "0HN6SED9F77PQ" is closed. The last processed stream ID was 3.
2024-09-24 16:36:13.708 +05:30  DBG  The connection queue processing loop for 0HN6SED9F77PQ completed.
2024-09-24 16:36:13.709 +05:30  DBG  Connection id "0HN6SED9F77PQ" sending FIN because: "The Socket transport's send loop completed gracefully."
2024-09-24 16:36:13.711 +05:30  DBG  Connection id "0HN6SED9F77PQ" stopped.
2024-09-24 16:36:16.042 +05:30  DBG  Connection id "0HN6SED9F77PR" accepted.
2024-09-24 16:36:16.050 +05:30  DBG  Connection id "0HN6SED9F77PR" started.
2024-09-24 16:36:16.052 +05:30  DBG  Connection 0HN6SED9F77PR established using the following protocol: "Tls12"
2024-09-24 16:36:16.053 +05:30  VRB  Connection id "0HN6SED9F77PR" sending "SETTINGS" frame for stream ID 0 with length 24 and flags "NONE".
2024-09-24 16:36:16.054 +05:30  VRB  Connection id "0HN6SED9F77PR" sending "WINDOW_UPDATE" frame for stream ID 0 with length 4 and flags 0x0.
2024-09-24 16:36:16.056 +05:30  VRB  Connection id "0HN6SED9F77PR" received "SETTINGS" frame for stream ID 0 with length 24 and flags "NONE".
2024-09-24 16:36:16.059 +05:30  VRB  Connection id "0HN6SED9F77PR" sending "SETTINGS" frame for stream ID 0 with length 0 and flags "ACK".
2024-09-24 16:36:16.060 +05:30  VRB  Connection id "0HN6SED9F77PR" received "WINDOW_UPDATE" frame for stream ID 0 with length 4 and flags 0x0.
2024-09-24 16:36:16.062 +05:30  VRB  Connection id "0HN6SED9F77PR" received "HEADERS" frame for stream ID 1 with length 335 and flags "END_STREAM, END_HEADERS, PRIORITY".
2024-09-24 16:36:16.064 +05:30  VRB  Connection id "0HN6SED9F77PR" received "SETTINGS" frame for stream ID 0 with length 0 and flags "ACK".
2024-09-24 16:36:16.064 +05:30  INF  Request starting HTTP/2 OPTIONS https://localhost:7113/api/Account/Login - null null
2024-09-24 16:36:16.069 +05:30  VRB  All hosts are allowed.
2024-09-24 16:36:16.069 +05:30  DBG  1 candidate(s) found for the request path '/api/Account/Login'
2024-09-24 16:36:16.071 +05:30  DBG  Request matched endpoint '405 HTTP Method Not Supported'
2024-09-24 16:36:16.072 +05:30  VRB  The endpoint does not specify the IRequestSizeLimitMetadata.
2024-09-24 16:36:16.072 +05:30  DBG  Static files was skipped as the request already matched an endpoint.
2024-09-24 16:36:16.073 +05:30  DBG  The request has an origin header: 'http://localhost:4200'.
2024-09-24 16:36:16.074 +05:30  INF  CORS policy execution successful.
2024-09-24 16:36:16.074 +05:30  DBG  The request is a preflight request.
2024-09-24 16:36:16.076 +05:30  INF  Request finished HTTP/2 OPTIONS https://localhost:7113/api/Account/Login - 204 null null 11.5042ms
2024-09-24 16:36:16.076 +05:30  VRB  Connection id "0HN6SED9F77PR" sending "HEADERS" frame for stream ID 1 with length 122 and flags "END_STREAM, END_HEADERS".
2024-09-24 16:36:16.082 +05:30  VRB  Connection id "0HN6SED9F77PR" received "HEADERS" frame for stream ID 3 with length 182 and flags "END_HEADERS, PRIORITY".
2024-09-24 16:36:16.084 +05:30  VRB  Connection id "0HN6SED9F77PR" received "DATA" frame for stream ID 3 with length 67 and flags "END_STREAM".
2024-09-24 16:36:16.084 +05:30  INF  Request starting HTTP/2 POST https://localhost:7113/api/Account/Login - application/json 67
2024-09-24 16:36:16.087 +05:30  VRB  All hosts are allowed.
2024-09-24 16:36:16.088 +05:30  DBG  1 candidate(s) found for the request path '/api/Account/Login'
2024-09-24 16:36:16.089 +05:30  DBG  Endpoint 'Web.Ecommerce.Controllers.Account.AccountController.Login (Web.Ecommerce)' with route pattern 'api/Account/Login' is valid for the request path '/api/Account/Login'
2024-09-24 16:36:16.090 +05:30  DBG  Request matched endpoint 'Web.Ecommerce.Controllers.Account.AccountController.Login (Web.Ecommerce)'
2024-09-24 16:36:16.091 +05:30  VRB  The endpoint does not specify the IRequestSizeLimitMetadata.
2024-09-24 16:36:16.092 +05:30  DBG  Static files was skipped as the request already matched an endpoint.
2024-09-24 16:36:16.092 +05:30  DBG  The request has an origin header: 'http://localhost:4200'.
2024-09-24 16:36:16.093 +05:30  INF  CORS policy execution successful.
2024-09-24 16:36:16.096 +05:30  DBG  AuthenticationScheme: Bearer was not authenticated.
2024-09-24 16:36:16.097 +05:30  INF  Executing endpoint 'Web.Ecommerce.Controllers.Account.AccountController.Login (Web.Ecommerce)'
2024-09-24 16:36:16.098 +05:30  INF  Route matched with {action = "Login", controller = "Account"}. Executing controller action with signature System.Threading.Tasks.Task`1[Microsoft.AspNetCore.Mvc.IActionResult] Login(Application.Ecom.Authentication.Commands.LoginUser.LoginUserCommand) on controller Web.Ecommerce.Controllers.Account.AccountController (Web.Ecommerce).
2024-09-24 16:36:16.101 +05:30  DBG  Execution plan of authorization filters (in the following order): ["None"]
2024-09-24 16:36:16.103 +05:30  DBG  Execution plan of resource filters (in the following order): ["None"]
2024-09-24 16:36:16.104 +05:30  DBG  Execution plan of action filters (in the following order): ["Microsoft.AspNetCore.Mvc.ModelBinding.UnsupportedContentTypeFilter (Order: -3000)","Microsoft.AspNetCore.Mvc.Infrastructure.ModelStateInvalidFilter (Order: -2000)"]
2024-09-24 16:36:16.105 +05:30  DBG  Execution plan of exception filters (in the following order): ["None"]
2024-09-24 16:36:16.106 +05:30  DBG  Execution plan of result filters (in the following order): ["Microsoft.AspNetCore.Mvc.Infrastructure.ClientErrorResultFilter (Order: -2000)"]
2024-09-24 16:36:16.108 +05:30  DBG  Executing controller factory for controller Web.Ecommerce.Controllers.Account.AccountController (Web.Ecommerce)
2024-09-24 16:36:16.109 +05:30  DBG  Executed controller factory for controller Web.Ecommerce.Controllers.Account.AccountController (Web.Ecommerce)
2024-09-24 16:36:16.110 +05:30  DBG  Attempting to bind parameter 'command' of type 'Application.Ecom.Authentication.Commands.LoginUser.LoginUserCommand' ...
2024-09-24 16:36:16.111 +05:30  DBG  Attempting to bind parameter 'command' of type 'Application.Ecom.Authentication.Commands.LoginUser.LoginUserCommand' using the name '' in request data ...
2024-09-24 16:36:16.114 +05:30  DBG  Selected input formatter 'Microsoft.AspNetCore.Mvc.Formatters.SystemTextJsonInputFormatter' for content type 'application/json'.
2024-09-24 16:36:16.116 +05:30  DBG  Connection id "0HN6SED9F77PR", Request id "0HN6SED9F77PR:00000003": started reading request body.
2024-09-24 16:36:16.118 +05:30  DBG  Connection id "0HN6SED9F77PR", Request id "0HN6SED9F77PR:00000003": done reading request body.
2024-09-24 16:36:16.130 +05:30  DBG  JSON input formatter threw an exception: The JSON value could not be converted to System.Boolean. Path: $.remember | LineNumber: 0 | BytePositionInLine: 66.
2024-09-24 16:36:16.132 +05:30  DBG  Done attempting to bind parameter 'command' of type 'Application.Ecom.Authentication.Commands.LoginUser.LoginUserCommand'.
2024-09-24 16:36:16.133 +05:30  DBG  Done attempting to bind parameter 'command' of type 'Application.Ecom.Authentication.Commands.LoginUser.LoginUserCommand'.
2024-09-24 16:36:16.134 +05:30  DBG  Attempting to validate the bound parameter 'command' of type 'Application.Ecom.Authentication.Commands.LoginUser.LoginUserCommand' ...
2024-09-24 16:36:16.136 +05:30  DBG  Done attempting to validate the bound parameter 'command' of type 'Application.Ecom.Authentication.Commands.LoginUser.LoginUserCommand'.
2024-09-24 16:36:16.137 +05:30  VRB  Action Filter: Before executing OnActionExecuting on filter Microsoft.AspNetCore.Mvc.ModelBinding.UnsupportedContentTypeFilter.
2024-09-24 16:36:16.138 +05:30  VRB  Action Filter: After executing OnActionExecuting on filter Microsoft.AspNetCore.Mvc.ModelBinding.UnsupportedContentTypeFilter.
2024-09-24 16:36:16.139 +05:30  VRB  Action Filter: Before executing OnActionExecuting on filter Microsoft.AspNetCore.Mvc.Infrastructure.ModelStateInvalidFilter.
2024-09-24 16:36:16.141 +05:30  DBG  The request has model state errors, returning an error response.
2024-09-24 16:36:16.143 +05:30  VRB  Action Filter: After executing OnActionExecuting on filter Microsoft.AspNetCore.Mvc.Infrastructure.ModelStateInvalidFilter.
2024-09-24 16:36:16.144 +05:30  DBG  Request was short circuited at action filter 'Microsoft.AspNetCore.Mvc.Infrastructure.ModelStateInvalidFilter'.
2024-09-24 16:36:16.146 +05:30  VRB  Action Filter: Before executing OnActionExecuted on filter Microsoft.AspNetCore.Mvc.ModelBinding.UnsupportedContentTypeFilter.
2024-09-24 16:36:16.147 +05:30  VRB  Action Filter: After executing OnActionExecuted on filter Microsoft.AspNetCore.Mvc.ModelBinding.UnsupportedContentTypeFilter.
2024-09-24 16:36:16.148 +05:30  VRB  Result Filter: Before executing OnResultExecuting on filter Microsoft.AspNetCore.Mvc.Infrastructure.ClientErrorResultFilter.
2024-09-24 16:36:16.150 +05:30  VRB  Result Filter: After executing OnResultExecuting on filter Microsoft.AspNetCore.Mvc.Infrastructure.ClientErrorResultFilter.
2024-09-24 16:36:16.151 +05:30  VRB  Before executing action result Microsoft.AspNetCore.Mvc.BadRequestObjectResult.
2024-09-24 16:36:16.151 +05:30  DBG  List of registered output formatters, in the following order: ["Microsoft.AspNetCore.Mvc.Formatters.HttpNoContentOutputFormatter","Microsoft.AspNetCore.Mvc.Formatters.StringOutputFormatter","Microsoft.AspNetCore.Mvc.Formatters.StreamOutputFormatter","Microsoft.AspNetCore.Mvc.Formatters.SystemTextJsonOutputFormatter"]
2024-09-24 16:36:16.153 +05:30  DBG  No information found on request to perform content negotiation.
2024-09-24 16:36:16.154 +05:30  DBG  Attempting to select the first output formatter in the output formatters list which supports a content type from the explicitly specified content types '["application/problem+json","application/problem+xml","application/problem+json","application/problem+xml"]'.
2024-09-24 16:36:16.155 +05:30  DBG  Selected output formatter 'Microsoft.AspNetCore.Mvc.Formatters.SystemTextJsonOutputFormatter' and content type 'application/problem+json' to write the response.
2024-09-24 16:36:16.156 +05:30  INF  Executing BadRequestObjectResult, writing value of type 'Microsoft.AspNetCore.Mvc.ValidationProblemDetails'.
2024-09-24 16:36:16.158 +05:30  VRB  After executing action result Microsoft.AspNetCore.Mvc.BadRequestObjectResult.
2024-09-24 16:36:16.158 +05:30  VRB  Connection id "0HN6SED9F77PR" sending "HEADERS" frame for stream ID 3 with length 45 and flags "END_HEADERS".
2024-09-24 16:36:16.159 +05:30  VRB  Result Filter: Before executing OnResultExecuted on filter Microsoft.AspNetCore.Mvc.Infrastructure.ClientErrorResultFilter.
2024-09-24 16:36:16.160 +05:30  VRB  Result Filter: After executing OnResultExecuted on filter Microsoft.AspNetCore.Mvc.Infrastructure.ClientErrorResultFilter.
2024-09-24 16:36:16.162 +05:30  INF  Executed action Web.Ecommerce.Controllers.Account.AccountController.Login (Web.Ecommerce) in 54.8647ms
2024-09-24 16:36:16.165 +05:30  VRB  Connection id "0HN6SED9F77PR" sending "DATA" frame for stream ID 3 with length 381 and flags "NONE".
2024-09-24 16:36:16.166 +05:30  INF  Executed endpoint 'Web.Ecommerce.Controllers.Account.AccountController.Login (Web.Ecommerce)'
2024-09-24 16:36:16.167 +05:30  INF  Request finished HTTP/2 POST https://localhost:7113/api/Account/Login - 400 null application/problem+json; charset=utf-8 82.942ms
2024-09-24 16:36:16.168 +05:30  VRB  Connection id "0HN6SED9F77PR" sending "DATA" frame for stream ID 3 with length 0 and flags "END_STREAM".
2024-09-24 16:36:23.724 +05:30  DBG  Connection id "0HN6SED9F77PR" received FIN.
2024-09-24 16:36:23.726 +05:30  DBG  Connection id "0HN6SED9F77PR" is closed. The last processed stream ID was 3.
2024-09-24 16:36:23.726 +05:30  DBG  The connection queue processing loop for 0HN6SED9F77PR completed.
2024-09-24 16:36:23.727 +05:30  DBG  Connection id "0HN6SED9F77PR" sending FIN because: "The Socket transport's send loop completed gracefully."
2024-09-24 16:36:23.739 +05:30  DBG  Connection id "0HN6SED9F77PR" stopped.
2024-09-24 16:37:58.405 +05:30  DBG  Connection id "0HN6SED9F77PS" accepted.
2024-09-24 16:37:58.410 +05:30  DBG  Connection id "0HN6SED9F77PS" started.
2024-09-24 16:37:58.412 +05:30  DBG  Connection 0HN6SED9F77PS established using the following protocol: "Tls12"
2024-09-24 16:37:58.414 +05:30  VRB  Connection id "0HN6SED9F77PS" sending "SETTINGS" frame for stream ID 0 with length 24 and flags "NONE".
2024-09-24 16:37:58.416 +05:30  VRB  Connection id "0HN6SED9F77PS" sending "WINDOW_UPDATE" frame for stream ID 0 with length 4 and flags 0x0.
2024-09-24 16:37:58.417 +05:30  VRB  Connection id "0HN6SED9F77PS" received "SETTINGS" frame for stream ID 0 with length 24 and flags "NONE".
2024-09-24 16:37:58.418 +05:30  VRB  Connection id "0HN6SED9F77PS" sending "SETTINGS" frame for stream ID 0 with length 0 and flags "ACK".
2024-09-24 16:37:58.420 +05:30  VRB  Connection id "0HN6SED9F77PS" received "WINDOW_UPDATE" frame for stream ID 0 with length 4 and flags 0x0.
2024-09-24 16:37:58.421 +05:30  VRB  Connection id "0HN6SED9F77PS" received "HEADERS" frame for stream ID 1 with length 335 and flags "END_STREAM, END_HEADERS, PRIORITY".
2024-09-24 16:37:58.423 +05:30  VRB  Connection id "0HN6SED9F77PS" received "SETTINGS" frame for stream ID 0 with length 0 and flags "ACK".
2024-09-24 16:37:58.423 +05:30  INF  Request starting HTTP/2 OPTIONS https://localhost:7113/api/Account/Login - null null
2024-09-24 16:37:58.427 +05:30  VRB  All hosts are allowed.
2024-09-24 16:37:58.430 +05:30  DBG  1 candidate(s) found for the request path '/api/Account/Login'
2024-09-24 16:37:58.431 +05:30  DBG  Request matched endpoint '405 HTTP Method Not Supported'
2024-09-24 16:37:58.432 +05:30  VRB  The endpoint does not specify the IRequestSizeLimitMetadata.
2024-09-24 16:37:58.432 +05:30  DBG  Static files was skipped as the request already matched an endpoint.
2024-09-24 16:37:58.433 +05:30  DBG  The request has an origin header: 'http://localhost:4200'.
2024-09-24 16:37:58.433 +05:30  INF  CORS policy execution successful.
2024-09-24 16:37:58.434 +05:30  DBG  The request is a preflight request.
2024-09-24 16:37:58.434 +05:30  INF  Request finished HTTP/2 OPTIONS https://localhost:7113/api/Account/Login - 204 null null 11.4402ms
2024-09-24 16:37:58.434 +05:30  VRB  Connection id "0HN6SED9F77PS" sending "HEADERS" frame for stream ID 1 with length 122 and flags "END_STREAM, END_HEADERS".
2024-09-24 16:37:58.439 +05:30  VRB  Connection id "0HN6SED9F77PS" received "HEADERS" frame for stream ID 3 with length 182 and flags "END_HEADERS, PRIORITY".
2024-09-24 16:37:58.441 +05:30  VRB  Connection id "0HN6SED9F77PS" received "DATA" frame for stream ID 3 with length 68 and flags "END_STREAM".
2024-09-24 16:37:58.441 +05:30  INF  Request starting HTTP/2 POST https://localhost:7113/api/Account/Login - application/json 68
2024-09-24 16:37:58.445 +05:30  VRB  All hosts are allowed.
2024-09-24 16:37:58.446 +05:30  DBG  1 candidate(s) found for the request path '/api/Account/Login'
2024-09-24 16:37:58.447 +05:30  DBG  Endpoint 'Web.Ecommerce.Controllers.Account.AccountController.Login (Web.Ecommerce)' with route pattern 'api/Account/Login' is valid for the request path '/api/Account/Login'
2024-09-24 16:37:58.449 +05:30  DBG  Request matched endpoint 'Web.Ecommerce.Controllers.Account.AccountController.Login (Web.Ecommerce)'
2024-09-24 16:37:58.449 +05:30  VRB  The endpoint does not specify the IRequestSizeLimitMetadata.
2024-09-24 16:37:58.450 +05:30  DBG  Static files was skipped as the request already matched an endpoint.
2024-09-24 16:37:58.450 +05:30  DBG  The request has an origin header: 'http://localhost:4200'.
2024-09-24 16:37:58.451 +05:30  INF  CORS policy execution successful.
2024-09-24 16:37:58.452 +05:30  DBG  AuthenticationScheme: Bearer was not authenticated.
2024-09-24 16:37:58.452 +05:30  INF  Executing endpoint 'Web.Ecommerce.Controllers.Account.AccountController.Login (Web.Ecommerce)'
2024-09-24 16:37:58.453 +05:30  INF  Route matched with {action = "Login", controller = "Account"}. Executing controller action with signature System.Threading.Tasks.Task`1[Microsoft.AspNetCore.Mvc.IActionResult] Login(Application.Ecom.Authentication.Commands.LoginUser.LoginUserCommand) on controller Web.Ecommerce.Controllers.Account.AccountController (Web.Ecommerce).
2024-09-24 16:37:58.455 +05:30  DBG  Execution plan of authorization filters (in the following order): ["None"]
2024-09-24 16:37:58.456 +05:30  DBG  Execution plan of resource filters (in the following order): ["None"]
2024-09-24 16:37:58.457 +05:30  DBG  Execution plan of action filters (in the following order): ["Microsoft.AspNetCore.Mvc.ModelBinding.UnsupportedContentTypeFilter (Order: -3000)","Microsoft.AspNetCore.Mvc.Infrastructure.ModelStateInvalidFilter (Order: -2000)"]
2024-09-24 16:37:58.458 +05:30  DBG  Execution plan of exception filters (in the following order): ["None"]
2024-09-24 16:37:58.459 +05:30  DBG  Execution plan of result filters (in the following order): ["Microsoft.AspNetCore.Mvc.Infrastructure.ClientErrorResultFilter (Order: -2000)"]
2024-09-24 16:37:58.461 +05:30  DBG  Executing controller factory for controller Web.Ecommerce.Controllers.Account.AccountController (Web.Ecommerce)
2024-09-24 16:37:58.463 +05:30  DBG  Executed controller factory for controller Web.Ecommerce.Controllers.Account.AccountController (Web.Ecommerce)
2024-09-24 16:37:58.465 +05:30  DBG  Attempting to bind parameter 'command' of type 'Application.Ecom.Authentication.Commands.LoginUser.LoginUserCommand' ...
2024-09-24 16:37:58.467 +05:30  DBG  Attempting to bind parameter 'command' of type 'Application.Ecom.Authentication.Commands.LoginUser.LoginUserCommand' using the name '' in request data ...
2024-09-24 16:37:58.468 +05:30  DBG  Selected input formatter 'Microsoft.AspNetCore.Mvc.Formatters.SystemTextJsonInputFormatter' for content type 'application/json'.
2024-09-24 16:37:58.469 +05:30  DBG  Connection id "0HN6SED9F77PS", Request id "0HN6SED9F77PS:00000003": started reading request body.
2024-09-24 16:37:58.470 +05:30  DBG  Connection id "0HN6SED9F77PS", Request id "0HN6SED9F77PS:00000003": done reading request body.
2024-09-24 16:37:58.471 +05:30  DBG  JSON input formatter succeeded, deserializing to type 'Application.Ecom.Authentication.Commands.LoginUser.LoginUserCommand'
2024-09-24 16:37:58.472 +05:30  DBG  Done attempting to bind parameter 'command' of type 'Application.Ecom.Authentication.Commands.LoginUser.LoginUserCommand'.
2024-09-24 16:37:58.473 +05:30  DBG  Done attempting to bind parameter 'command' of type 'Application.Ecom.Authentication.Commands.LoginUser.LoginUserCommand'.
2024-09-24 16:37:58.475 +05:30  DBG  Attempting to validate the bound parameter 'command' of type 'Application.Ecom.Authentication.Commands.LoginUser.LoginUserCommand' ...
2024-09-24 16:37:58.476 +05:30  DBG  Done attempting to validate the bound parameter 'command' of type 'Application.Ecom.Authentication.Commands.LoginUser.LoginUserCommand'.
2024-09-24 16:37:58.477 +05:30  VRB  Action Filter: Before executing OnActionExecuting on filter Microsoft.AspNetCore.Mvc.ModelBinding.UnsupportedContentTypeFilter.
2024-09-24 16:37:58.479 +05:30  VRB  Action Filter: After executing OnActionExecuting on filter Microsoft.AspNetCore.Mvc.ModelBinding.UnsupportedContentTypeFilter.
2024-09-24 16:37:58.480 +05:30  VRB  Action Filter: Before executing OnActionExecuting on filter Microsoft.AspNetCore.Mvc.Infrastructure.ModelStateInvalidFilter.
2024-09-24 16:37:58.481 +05:30  VRB  Action Filter: After executing OnActionExecuting on filter Microsoft.AspNetCore.Mvc.Infrastructure.ModelStateInvalidFilter.
2024-09-24 16:37:58.482 +05:30  INF  Executing action method Web.Ecommerce.Controllers.Account.AccountController.Login (Web.Ecommerce) - Validation state: "Valid"
2024-09-24 16:37:58.483 +05:30  VRB  Executing action method Web.Ecommerce.Controllers.Account.AccountController.Login (Web.Ecommerce) with arguments (["Application.Ecom.Authentication.Commands.LoginUser.LoginUserCommand"])
2024-09-24 16:37:58.486 +05:30  DBG  Entity Framework Core 8.0.8 initialized 'EcommerceDbContext' using provider 'Microsoft.EntityFrameworkCore.SqlServer:8.0.8' with options: None
2024-09-24 16:37:58.489 +05:30  DBG  Creating DbConnection.
2024-09-24 16:37:58.489 +05:30  DBG  Created DbConnection. (0ms).
2024-09-24 16:37:58.490 +05:30  DBG  Opening connection to database 'Ecommerce' on server 'FGS-DSK-230\MSSQLSERVER2019'.
2024-09-24 16:37:58.491 +05:30  DBG  Opened connection to database 'Ecommerce' on server 'FGS-DSK-230\MSSQLSERVER2019'.
2024-09-24 16:37:58.492 +05:30  DBG  Creating DbCommand for 'ExecuteReader'.
2024-09-24 16:37:58.493 +05:30  DBG  Created DbCommand for 'ExecuteReader' (0ms).
2024-09-24 16:37:58.494 +05:30  DBG  Initialized DbCommand for 'ExecuteReader' (1ms).
2024-09-24 16:37:58.494 +05:30  DBG  Executing DbCommand [Parameters=[@__normalizedEmail_0='?' (Size = 256)], CommandType='"Text"', CommandTimeout='30']
SELECT TOP(2) [a].[Id], [a].[AccessFailedCount], [a].[ConcurrencyStamp], [a].[CreatedAt], [a].[Email], [a].[EmailConfirmed], [a].[IsDeleted], [a].[IsVerified], [a].[LockoutEnabled], [a].[LockoutEnd], [a].[NormalizedEmail], [a].[NormalizedUserName], [a].[PasswordHash], [a].[PhoneNumber], [a].[PhoneNumberConfirmed], [a].[SecurityStamp], [a].[TwoFactorEnabled], [a].[UpdatedAt], [a].[UserName]
FROM [AspNetUsers] AS [a]
WHERE [a].[NormalizedEmail] = @__normalizedEmail_0
2024-09-24 16:37:58.501 +05:30  INF  Executed DbCommand (6ms) [Parameters=[@__normalizedEmail_0='?' (Size = 256)], CommandType='"Text"', CommandTimeout='30']
SELECT TOP(2) [a].[Id], [a].[AccessFailedCount], [a].[ConcurrencyStamp], [a].[CreatedAt], [a].[Email], [a].[EmailConfirmed], [a].[IsDeleted], [a].[IsVerified], [a].[LockoutEnabled], [a].[LockoutEnd], [a].[NormalizedEmail], [a].[NormalizedUserName], [a].[PasswordHash], [a].[PhoneNumber], [a].[PhoneNumberConfirmed], [a].[SecurityStamp], [a].[TwoFactorEnabled], [a].[UpdatedAt], [a].[UserName]
FROM [AspNetUsers] AS [a]
WHERE [a].[NormalizedEmail] = @__normalizedEmail_0
2024-09-24 16:37:58.507 +05:30  DBG  Context 'EcommerceDbContext' started tracking 'User' entity. Consider using 'DbContextOptionsBuilder.EnableSensitiveDataLogging' to see key values.
2024-09-24 16:37:58.508 +05:30  DBG  Closing data reader to 'Ecommerce' on server 'FGS-DSK-230\MSSQLSERVER2019'.
2024-09-24 16:37:58.508 +05:30  DBG  A data reader for 'Ecommerce' on server 'FGS-DSK-230\MSSQLSERVER2019' is being disposed after spending 2ms reading results.
2024-09-24 16:37:58.510 +05:30  DBG  Closing connection to database 'Ecommerce' on server 'FGS-DSK-230\MSSQLSERVER2019'.
2024-09-24 16:37:58.511 +05:30  DBG  Closed connection to database 'Ecommerce' on server 'FGS-DSK-230\MSSQLSERVER2019' (1ms).
2024-09-24 16:37:58.583 +05:30  DBG  Opening connection to database 'Ecommerce' on server 'FGS-DSK-230\MSSQLSERVER2019'.
2024-09-24 16:37:58.584 +05:30  DBG  Opened connection to database 'Ecommerce' on server 'FGS-DSK-230\MSSQLSERVER2019'.
2024-09-24 16:37:58.585 +05:30  DBG  Creating DbCommand for 'ExecuteReader'.
2024-09-24 16:37:58.586 +05:30  DBG  Created DbCommand for 'ExecuteReader' (0ms).
2024-09-24 16:37:58.587 +05:30  DBG  Initialized DbCommand for 'ExecuteReader' (1ms).
2024-09-24 16:37:58.587 +05:30  DBG  Executing DbCommand [Parameters=[@__userId_0='?' (DbType = Guid)], CommandType='"Text"', CommandTimeout='30']
SELECT [a0].[Name]
FROM [AspNetUserRoles] AS [a]
INNER JOIN [AspNetRoles] AS [a0] ON [a].[RoleId] = [a0].[Id]
WHERE [a].[UserId] = @__userId_0
2024-09-24 16:37:58.591 +05:30  INF  Executed DbCommand (4ms) [Parameters=[@__userId_0='?' (DbType = Guid)], CommandType='"Text"', CommandTimeout='30']
SELECT [a0].[Name]
FROM [AspNetUserRoles] AS [a]
INNER JOIN [AspNetRoles] AS [a0] ON [a].[RoleId] = [a0].[Id]
WHERE [a].[UserId] = @__userId_0
2024-09-24 16:37:58.593 +05:30  DBG  Closing data reader to 'Ecommerce' on server 'FGS-DSK-230\MSSQLSERVER2019'.
2024-09-24 16:37:58.594 +05:30  DBG  A data reader for 'Ecommerce' on server 'FGS-DSK-230\MSSQLSERVER2019' is being disposed after spending 0ms reading results.
2024-09-24 16:37:58.595 +05:30  DBG  Closing connection to database 'Ecommerce' on server 'FGS-DSK-230\MSSQLSERVER2019'.
2024-09-24 16:37:58.596 +05:30  DBG  Closed connection to database 'Ecommerce' on server 'FGS-DSK-230\MSSQLSERVER2019' (0ms).
2024-09-24 16:37:58.598 +05:30  INF  Executed action method Web.Ecommerce.Controllers.Account.AccountController.Login (Web.Ecommerce), returned result Microsoft.AspNetCore.Mvc.OkObjectResult in 113.6198ms.
2024-09-24 16:37:58.599 +05:30  VRB  Action Filter: Before executing OnActionExecuted on filter Microsoft.AspNetCore.Mvc.Infrastructure.ModelStateInvalidFilter.
2024-09-24 16:37:58.600 +05:30  VRB  Action Filter: After executing OnActionExecuted on filter Microsoft.AspNetCore.Mvc.Infrastructure.ModelStateInvalidFilter.
2024-09-24 16:37:58.601 +05:30  VRB  Action Filter: Before executing OnActionExecuted on filter Microsoft.AspNetCore.Mvc.ModelBinding.UnsupportedContentTypeFilter.
2024-09-24 16:37:58.602 +05:30  VRB  Action Filter: After executing OnActionExecuted on filter Microsoft.AspNetCore.Mvc.ModelBinding.UnsupportedContentTypeFilter.
2024-09-24 16:37:58.604 +05:30  VRB  Result Filter: Before executing OnResultExecuting on filter Microsoft.AspNetCore.Mvc.Infrastructure.ClientErrorResultFilter.
2024-09-24 16:37:58.605 +05:30  VRB  Result Filter: After executing OnResultExecuting on filter Microsoft.AspNetCore.Mvc.Infrastructure.ClientErrorResultFilter.
2024-09-24 16:37:58.606 +05:30  VRB  Before executing action result Microsoft.AspNetCore.Mvc.OkObjectResult.
2024-09-24 16:37:58.607 +05:30  DBG  List of registered output formatters, in the following order: ["Microsoft.AspNetCore.Mvc.Formatters.HttpNoContentOutputFormatter","Microsoft.AspNetCore.Mvc.Formatters.StringOutputFormatter","Microsoft.AspNetCore.Mvc.Formatters.StreamOutputFormatter","Microsoft.AspNetCore.Mvc.Formatters.SystemTextJsonOutputFormatter"]
2024-09-24 16:37:58.608 +05:30  DBG  No information found on request to perform content negotiation.
2024-09-24 16:37:58.609 +05:30  DBG  Attempting to select an output formatter without using a content type as no explicit content types were specified for the response.
2024-09-24 16:37:58.610 +05:30  DBG  Attempting to select the first formatter in the output formatters list which can write the result.
2024-09-24 16:37:58.611 +05:30  DBG  Selected output formatter 'Microsoft.AspNetCore.Mvc.Formatters.SystemTextJsonOutputFormatter' and content type 'application/json' to write the response.
2024-09-24 16:37:58.612 +05:30  INF  Executing OkObjectResult, writing value of type '<>f__AnonymousType1`3[[System.String, System.Private.CoreLib, Version=8.0.0.0, Culture=neutral, PublicKeyToken=7cec85d7bea7798e],[System.String, System.Private.CoreLib, Version=8.0.0.0, Culture=neutral, PublicKeyToken=7cec85d7bea7798e],[System.Collections.Generic.IEnumerable`1[[System.String, System.Private.CoreLib, Version=8.0.0.0, Culture=neutral, PublicKeyToken=7cec85d7bea7798e]], System.Private.CoreLib, Version=8.0.0.0, Culture=neutral, PublicKeyToken=7cec85d7bea7798e]]'.
2024-09-24 16:37:58.613 +05:30  VRB  After executing action result Microsoft.AspNetCore.Mvc.OkObjectResult.
2024-09-24 16:37:58.613 +05:30  VRB  Connection id "0HN6SED9F77PS" sending "HEADERS" frame for stream ID 3 with length 37 and flags "END_HEADERS".
2024-09-24 16:37:58.614 +05:30  VRB  Result Filter: Before executing OnResultExecuted on filter Microsoft.AspNetCore.Mvc.Infrastructure.ClientErrorResultFilter.
2024-09-24 16:37:58.615 +05:30  VRB  Connection id "0HN6SED9F77PS" sending "DATA" frame for stream ID 3 with length 582 and flags "NONE".
2024-09-24 16:37:58.616 +05:30  VRB  Result Filter: After executing OnResultExecuted on filter Microsoft.AspNetCore.Mvc.Infrastructure.ClientErrorResultFilter.
2024-09-24 16:37:58.619 +05:30  INF  Executed action Web.Ecommerce.Controllers.Account.AccountController.Login (Web.Ecommerce) in 158.2153ms
2024-09-24 16:37:58.620 +05:30  INF  Executed endpoint 'Web.Ecommerce.Controllers.Account.AccountController.Login (Web.Ecommerce)'
2024-09-24 16:37:58.621 +05:30  DBG  'EcommerceDbContext' disposed.
2024-09-24 16:37:58.621 +05:30  VRB  Connection id "0HN6SED9F77PS" sending "DATA" frame for stream ID 3 with length 0 and flags "END_STREAM".
2024-09-24 16:37:58.622 +05:30  DBG  Disposing connection to database 'Ecommerce' on server 'FGS-DSK-230\MSSQLSERVER2019'.
2024-09-24 16:37:58.625 +05:30  DBG  Disposed connection to database '' on server '' (2ms).
2024-09-24 16:37:58.626 +05:30  INF  Request finished HTTP/2 POST https://localhost:7113/api/Account/Login - 200 null application/json; charset=utf-8 185.2039ms
2024-09-24 16:38:03.841 +05:30  DBG  Connection id "0HN6SED9F77PS" received FIN.
2024-09-24 16:38:03.842 +05:30  DBG  Connection id "0HN6SED9F77PS" is closed. The last processed stream ID was 3.
2024-09-24 16:38:03.843 +05:30  DBG  The connection queue processing loop for 0HN6SED9F77PS completed.
2024-09-24 16:38:03.844 +05:30  DBG  Connection id "0HN6SED9F77PS" sending FIN because: "The Socket transport's send loop completed gracefully."
2024-09-24 16:38:03.856 +05:30  DBG  Connection id "0HN6SED9F77PS" stopped.
2024-09-24 16:38:55.003 +05:30  DBG  Connection id "0HN6SED9F77PT" accepted.
2024-09-24 16:38:55.022 +05:30  DBG  Connection id "0HN6SED9F77PT" started.
2024-09-24 16:38:55.025 +05:30  DBG  Connection 0HN6SED9F77PT established using the following protocol: "Tls12"
2024-09-24 16:38:55.036 +05:30  VRB  Connection id "0HN6SED9F77PT" sending "SETTINGS" frame for stream ID 0 with length 24 and flags "NONE".
2024-09-24 16:38:55.038 +05:30  VRB  Connection id "0HN6SED9F77PT" sending "WINDOW_UPDATE" frame for stream ID 0 with length 4 and flags 0x0.
2024-09-24 16:38:55.039 +05:30  VRB  Connection id "0HN6SED9F77PT" received "SETTINGS" frame for stream ID 0 with length 24 and flags "NONE".
2024-09-24 16:38:55.041 +05:30  VRB  Connection id "0HN6SED9F77PT" sending "SETTINGS" frame for stream ID 0 with length 0 and flags "ACK".
2024-09-24 16:38:55.042 +05:30  VRB  Connection id "0HN6SED9F77PT" received "WINDOW_UPDATE" frame for stream ID 0 with length 4 and flags 0x0.
2024-09-24 16:38:55.044 +05:30  VRB  Connection id "0HN6SED9F77PT" received "HEADERS" frame for stream ID 1 with length 335 and flags "END_STREAM, END_HEADERS, PRIORITY".
2024-09-24 16:38:55.045 +05:30  VRB  Connection id "0HN6SED9F77PT" received "SETTINGS" frame for stream ID 0 with length 0 and flags "ACK".
2024-09-24 16:38:55.045 +05:30  INF  Request starting HTTP/2 OPTIONS https://localhost:7113/api/Account/Login - null null
2024-09-24 16:38:55.050 +05:30  VRB  All hosts are allowed.
2024-09-24 16:38:55.051 +05:30  DBG  1 candidate(s) found for the request path '/api/Account/Login'
2024-09-24 16:38:55.052 +05:30  DBG  Request matched endpoint '405 HTTP Method Not Supported'
2024-09-24 16:38:55.053 +05:30  VRB  The endpoint does not specify the IRequestSizeLimitMetadata.
2024-09-24 16:38:55.053 +05:30  DBG  Static files was skipped as the request already matched an endpoint.
2024-09-24 16:38:55.054 +05:30  DBG  The request has an origin header: 'http://localhost:4200'.
2024-09-24 16:38:55.054 +05:30  INF  CORS policy execution successful.
2024-09-24 16:38:55.055 +05:30  DBG  The request is a preflight request.
2024-09-24 16:38:55.055 +05:30  INF  Request finished HTTP/2 OPTIONS https://localhost:7113/api/Account/Login - 204 null null 10.3725ms
2024-09-24 16:38:55.055 +05:30  VRB  Connection id "0HN6SED9F77PT" sending "HEADERS" frame for stream ID 1 with length 122 and flags "END_STREAM, END_HEADERS".
2024-09-24 16:38:55.060 +05:30  VRB  Connection id "0HN6SED9F77PT" received "HEADERS" frame for stream ID 3 with length 182 and flags "END_HEADERS, PRIORITY".
2024-09-24 16:38:55.063 +05:30  VRB  Connection id "0HN6SED9F77PT" received "DATA" frame for stream ID 3 with length 68 and flags "END_STREAM".
2024-09-24 16:38:55.063 +05:30  INF  Request starting HTTP/2 POST https://localhost:7113/api/Account/Login - application/json 68
2024-09-24 16:38:55.067 +05:30  VRB  All hosts are allowed.
2024-09-24 16:38:55.068 +05:30  DBG  1 candidate(s) found for the request path '/api/Account/Login'
2024-09-24 16:38:55.068 +05:30  DBG  Endpoint 'Web.Ecommerce.Controllers.Account.AccountController.Login (Web.Ecommerce)' with route pattern 'api/Account/Login' is valid for the request path '/api/Account/Login'
2024-09-24 16:38:55.070 +05:30  DBG  Request matched endpoint 'Web.Ecommerce.Controllers.Account.AccountController.Login (Web.Ecommerce)'
2024-09-24 16:38:55.070 +05:30  VRB  The endpoint does not specify the IRequestSizeLimitMetadata.
2024-09-24 16:38:55.071 +05:30  DBG  Static files was skipped as the request already matched an endpoint.
2024-09-24 16:38:55.071 +05:30  DBG  The request has an origin header: 'http://localhost:4200'.
2024-09-24 16:38:55.072 +05:30  INF  CORS policy execution successful.
2024-09-24 16:38:55.073 +05:30  DBG  AuthenticationScheme: Bearer was not authenticated.
2024-09-24 16:38:55.073 +05:30  INF  Executing endpoint 'Web.Ecommerce.Controllers.Account.AccountController.Login (Web.Ecommerce)'
2024-09-24 16:38:55.074 +05:30  INF  Route matched with {action = "Login", controller = "Account"}. Executing controller action with signature System.Threading.Tasks.Task`1[Microsoft.AspNetCore.Mvc.IActionResult] Login(Application.Ecom.Authentication.Commands.LoginUser.LoginUserCommand) on controller Web.Ecommerce.Controllers.Account.AccountController (Web.Ecommerce).
2024-09-24 16:38:55.076 +05:30  DBG  Execution plan of authorization filters (in the following order): ["None"]
2024-09-24 16:38:55.077 +05:30  DBG  Execution plan of resource filters (in the following order): ["None"]
2024-09-24 16:38:55.078 +05:30  DBG  Execution plan of action filters (in the following order): ["Microsoft.AspNetCore.Mvc.ModelBinding.UnsupportedContentTypeFilter (Order: -3000)","Microsoft.AspNetCore.Mvc.Infrastructure.ModelStateInvalidFilter (Order: -2000)"]
2024-09-24 16:38:55.080 +05:30  DBG  Execution plan of exception filters (in the following order): ["None"]
2024-09-24 16:38:55.082 +05:30  DBG  Execution plan of result filters (in the following order): ["Microsoft.AspNetCore.Mvc.Infrastructure.ClientErrorResultFilter (Order: -2000)"]
2024-09-24 16:38:55.083 +05:30  DBG  Executing controller factory for controller Web.Ecommerce.Controllers.Account.AccountController (Web.Ecommerce)
2024-09-24 16:38:55.084 +05:30  DBG  Executed controller factory for controller Web.Ecommerce.Controllers.Account.AccountController (Web.Ecommerce)
2024-09-24 16:38:55.085 +05:30  DBG  Attempting to bind parameter 'command' of type 'Application.Ecom.Authentication.Commands.LoginUser.LoginUserCommand' ...
2024-09-24 16:38:55.086 +05:30  DBG  Attempting to bind parameter 'command' of type 'Application.Ecom.Authentication.Commands.LoginUser.LoginUserCommand' using the name '' in request data ...
2024-09-24 16:38:55.087 +05:30  DBG  Selected input formatter 'Microsoft.AspNetCore.Mvc.Formatters.SystemTextJsonInputFormatter' for content type 'application/json'.
2024-09-24 16:38:55.089 +05:30  DBG  Connection id "0HN6SED9F77PT", Request id "0HN6SED9F77PT:00000003": started reading request body.
2024-09-24 16:38:55.090 +05:30  DBG  Connection id "0HN6SED9F77PT", Request id "0HN6SED9F77PT:00000003": done reading request body.
2024-09-24 16:38:55.091 +05:30  DBG  JSON input formatter succeeded, deserializing to type 'Application.Ecom.Authentication.Commands.LoginUser.LoginUserCommand'
2024-09-24 16:38:55.092 +05:30  DBG  Done attempting to bind parameter 'command' of type 'Application.Ecom.Authentication.Commands.LoginUser.LoginUserCommand'.
2024-09-24 16:38:55.093 +05:30  DBG  Done attempting to bind parameter 'command' of type 'Application.Ecom.Authentication.Commands.LoginUser.LoginUserCommand'.
2024-09-24 16:38:55.094 +05:30  DBG  Attempting to validate the bound parameter 'command' of type 'Application.Ecom.Authentication.Commands.LoginUser.LoginUserCommand' ...
2024-09-24 16:38:55.095 +05:30  DBG  Done attempting to validate the bound parameter 'command' of type 'Application.Ecom.Authentication.Commands.LoginUser.LoginUserCommand'.
2024-09-24 16:38:55.096 +05:30  VRB  Action Filter: Before executing OnActionExecuting on filter Microsoft.AspNetCore.Mvc.ModelBinding.UnsupportedContentTypeFilter.
2024-09-24 16:38:55.098 +05:30  VRB  Action Filter: After executing OnActionExecuting on filter Microsoft.AspNetCore.Mvc.ModelBinding.UnsupportedContentTypeFilter.
2024-09-24 16:38:55.099 +05:30  VRB  Action Filter: Before executing OnActionExecuting on filter Microsoft.AspNetCore.Mvc.Infrastructure.ModelStateInvalidFilter.
2024-09-24 16:38:55.101 +05:30  VRB  Action Filter: After executing OnActionExecuting on filter Microsoft.AspNetCore.Mvc.Infrastructure.ModelStateInvalidFilter.
2024-09-24 16:38:55.102 +05:30  INF  Executing action method Web.Ecommerce.Controllers.Account.AccountController.Login (Web.Ecommerce) - Validation state: "Valid"
2024-09-24 16:38:55.103 +05:30  VRB  Executing action method Web.Ecommerce.Controllers.Account.AccountController.Login (Web.Ecommerce) with arguments (["Application.Ecom.Authentication.Commands.LoginUser.LoginUserCommand"])
2024-09-24 16:38:55.105 +05:30  DBG  Entity Framework Core 8.0.8 initialized 'EcommerceDbContext' using provider 'Microsoft.EntityFrameworkCore.SqlServer:8.0.8' with options: None
2024-09-24 16:38:55.108 +05:30  DBG  Creating DbConnection.
2024-09-24 16:38:55.108 +05:30  DBG  Created DbConnection. (0ms).
2024-09-24 16:38:55.109 +05:30  DBG  Opening connection to database 'Ecommerce' on server 'FGS-DSK-230\MSSQLSERVER2019'.
2024-09-24 16:38:55.110 +05:30  DBG  Opened connection to database 'Ecommerce' on server 'FGS-DSK-230\MSSQLSERVER2019'.
2024-09-24 16:38:55.112 +05:30  DBG  Creating DbCommand for 'ExecuteReader'.
2024-09-24 16:38:55.113 +05:30  DBG  Created DbCommand for 'ExecuteReader' (0ms).
2024-09-24 16:38:55.114 +05:30  DBG  Initialized DbCommand for 'ExecuteReader' (1ms).
2024-09-24 16:38:55.114 +05:30  DBG  Executing DbCommand [Parameters=[@__normalizedEmail_0='?' (Size = 256)], CommandType='"Text"', CommandTimeout='30']
SELECT TOP(2) [a].[Id], [a].[AccessFailedCount], [a].[ConcurrencyStamp], [a].[CreatedAt], [a].[Email], [a].[EmailConfirmed], [a].[IsDeleted], [a].[IsVerified], [a].[LockoutEnabled], [a].[LockoutEnd], [a].[NormalizedEmail], [a].[NormalizedUserName], [a].[PasswordHash], [a].[PhoneNumber], [a].[PhoneNumberConfirmed], [a].[SecurityStamp], [a].[TwoFactorEnabled], [a].[UpdatedAt], [a].[UserName]
FROM [AspNetUsers] AS [a]
WHERE [a].[NormalizedEmail] = @__normalizedEmail_0
2024-09-24 16:38:55.119 +05:30  INF  Executed DbCommand (4ms) [Parameters=[@__normalizedEmail_0='?' (Size = 256)], CommandType='"Text"', CommandTimeout='30']
SELECT TOP(2) [a].[Id], [a].[AccessFailedCount], [a].[ConcurrencyStamp], [a].[CreatedAt], [a].[Email], [a].[EmailConfirmed], [a].[IsDeleted], [a].[IsVerified], [a].[LockoutEnabled], [a].[LockoutEnd], [a].[NormalizedEmail], [a].[NormalizedUserName], [a].[PasswordHash], [a].[PhoneNumber], [a].[PhoneNumberConfirmed], [a].[SecurityStamp], [a].[TwoFactorEnabled], [a].[UpdatedAt], [a].[UserName]
FROM [AspNetUsers] AS [a]
WHERE [a].[NormalizedEmail] = @__normalizedEmail_0
2024-09-24 16:38:55.121 +05:30  DBG  Context 'EcommerceDbContext' started tracking 'User' entity. Consider using 'DbContextOptionsBuilder.EnableSensitiveDataLogging' to see key values.
2024-09-24 16:38:55.122 +05:30  DBG  Closing data reader to 'Ecommerce' on server 'FGS-DSK-230\MSSQLSERVER2019'.
2024-09-24 16:38:55.123 +05:30  DBG  A data reader for 'Ecommerce' on server 'FGS-DSK-230\MSSQLSERVER2019' is being disposed after spending 2ms reading results.
2024-09-24 16:38:55.124 +05:30  DBG  Closing connection to database 'Ecommerce' on server 'FGS-DSK-230\MSSQLSERVER2019'.
2024-09-24 16:38:55.125 +05:30  DBG  Closed connection to database 'Ecommerce' on server 'FGS-DSK-230\MSSQLSERVER2019' (0ms).
2024-09-24 16:38:55.196 +05:30  DBG  Opening connection to database 'Ecommerce' on server 'FGS-DSK-230\MSSQLSERVER2019'.
2024-09-24 16:38:55.198 +05:30  DBG  Opened connection to database 'Ecommerce' on server 'FGS-DSK-230\MSSQLSERVER2019'.
2024-09-24 16:38:55.199 +05:30  DBG  Creating DbCommand for 'ExecuteReader'.
2024-09-24 16:38:55.200 +05:30  DBG  Created DbCommand for 'ExecuteReader' (0ms).
2024-09-24 16:38:55.200 +05:30  DBG  Initialized DbCommand for 'ExecuteReader' (1ms).
2024-09-24 16:38:55.201 +05:30  DBG  Executing DbCommand [Parameters=[@__userId_0='?' (DbType = Guid)], CommandType='"Text"', CommandTimeout='30']
SELECT [a0].[Name]
FROM [AspNetUserRoles] AS [a]
INNER JOIN [AspNetRoles] AS [a0] ON [a].[RoleId] = [a0].[Id]
WHERE [a].[UserId] = @__userId_0
2024-09-24 16:38:55.205 +05:30  INF  Executed DbCommand (4ms) [Parameters=[@__userId_0='?' (DbType = Guid)], CommandType='"Text"', CommandTimeout='30']
SELECT [a0].[Name]
FROM [AspNetUserRoles] AS [a]
INNER JOIN [AspNetRoles] AS [a0] ON [a].[RoleId] = [a0].[Id]
WHERE [a].[UserId] = @__userId_0
2024-09-24 16:38:55.207 +05:30  DBG  Closing data reader to 'Ecommerce' on server 'FGS-DSK-230\MSSQLSERVER2019'.
2024-09-24 16:38:55.208 +05:30  DBG  A data reader for 'Ecommerce' on server 'FGS-DSK-230\MSSQLSERVER2019' is being disposed after spending 0ms reading results.
2024-09-24 16:38:55.209 +05:30  DBG  Closing connection to database 'Ecommerce' on server 'FGS-DSK-230\MSSQLSERVER2019'.
2024-09-24 16:38:55.210 +05:30  DBG  Closed connection to database 'Ecommerce' on server 'FGS-DSK-230\MSSQLSERVER2019' (0ms).
2024-09-24 16:38:55.211 +05:30  INF  Executed action method Web.Ecommerce.Controllers.Account.AccountController.Login (Web.Ecommerce), returned result Microsoft.AspNetCore.Mvc.OkObjectResult in 106.6552ms.
2024-09-24 16:38:55.212 +05:30  VRB  Action Filter: Before executing OnActionExecuted on filter Microsoft.AspNetCore.Mvc.Infrastructure.ModelStateInvalidFilter.
2024-09-24 16:38:55.214 +05:30  VRB  Action Filter: After executing OnActionExecuted on filter Microsoft.AspNetCore.Mvc.Infrastructure.ModelStateInvalidFilter.
2024-09-24 16:38:55.215 +05:30  VRB  Action Filter: Before executing OnActionExecuted on filter Microsoft.AspNetCore.Mvc.ModelBinding.UnsupportedContentTypeFilter.
2024-09-24 16:38:55.216 +05:30  VRB  Action Filter: After executing OnActionExecuted on filter Microsoft.AspNetCore.Mvc.ModelBinding.UnsupportedContentTypeFilter.
2024-09-24 16:38:55.217 +05:30  VRB  Result Filter: Before executing OnResultExecuting on filter Microsoft.AspNetCore.Mvc.Infrastructure.ClientErrorResultFilter.
2024-09-24 16:38:55.218 +05:30  VRB  Result Filter: After executing OnResultExecuting on filter Microsoft.AspNetCore.Mvc.Infrastructure.ClientErrorResultFilter.
2024-09-24 16:38:55.219 +05:30  VRB  Before executing action result Microsoft.AspNetCore.Mvc.OkObjectResult.
2024-09-24 16:38:55.220 +05:30  DBG  List of registered output formatters, in the following order: ["Microsoft.AspNetCore.Mvc.Formatters.HttpNoContentOutputFormatter","Microsoft.AspNetCore.Mvc.Formatters.StringOutputFormatter","Microsoft.AspNetCore.Mvc.Formatters.StreamOutputFormatter","Microsoft.AspNetCore.Mvc.Formatters.SystemTextJsonOutputFormatter"]
2024-09-24 16:38:55.222 +05:30  DBG  No information found on request to perform content negotiation.
2024-09-24 16:38:55.222 +05:30  DBG  Attempting to select an output formatter without using a content type as no explicit content types were specified for the response.
2024-09-24 16:38:55.223 +05:30  DBG  Attempting to select the first formatter in the output formatters list which can write the result.
2024-09-24 16:38:55.223 +05:30  DBG  Selected output formatter 'Microsoft.AspNetCore.Mvc.Formatters.SystemTextJsonOutputFormatter' and content type 'application/json' to write the response.
2024-09-24 16:38:55.225 +05:30  INF  Executing OkObjectResult, writing value of type '<>f__AnonymousType1`3[[System.String, System.Private.CoreLib, Version=8.0.0.0, Culture=neutral, PublicKeyToken=7cec85d7bea7798e],[System.String, System.Private.CoreLib, Version=8.0.0.0, Culture=neutral, PublicKeyToken=7cec85d7bea7798e],[System.Collections.Generic.IEnumerable`1[[System.String, System.Private.CoreLib, Version=8.0.0.0, Culture=neutral, PublicKeyToken=7cec85d7bea7798e]], System.Private.CoreLib, Version=8.0.0.0, Culture=neutral, PublicKeyToken=7cec85d7bea7798e]]'.
2024-09-24 16:38:55.226 +05:30  VRB  After executing action result Microsoft.AspNetCore.Mvc.OkObjectResult.
2024-09-24 16:38:55.226 +05:30  VRB  Connection id "0HN6SED9F77PT" sending "HEADERS" frame for stream ID 3 with length 37 and flags "END_HEADERS".
2024-09-24 16:38:55.227 +05:30  VRB  Result Filter: Before executing OnResultExecuted on filter Microsoft.AspNetCore.Mvc.Infrastructure.ClientErrorResultFilter.
2024-09-24 16:38:55.229 +05:30  VRB  Connection id "0HN6SED9F77PT" sending "DATA" frame for stream ID 3 with length 582 and flags "NONE".
2024-09-24 16:38:55.230 +05:30  VRB  Result Filter: After executing OnResultExecuted on filter Microsoft.AspNetCore.Mvc.Infrastructure.ClientErrorResultFilter.
2024-09-24 16:38:55.233 +05:30  INF  Executed action Web.Ecommerce.Controllers.Account.AccountController.Login (Web.Ecommerce) in 150.6487ms
2024-09-24 16:38:55.234 +05:30  INF  Executed endpoint 'Web.Ecommerce.Controllers.Account.AccountController.Login (Web.Ecommerce)'
2024-09-24 16:38:55.235 +05:30  DBG  'EcommerceDbContext' disposed.
2024-09-24 16:38:55.235 +05:30  VRB  Connection id "0HN6SED9F77PT" sending "DATA" frame for stream ID 3 with length 0 and flags "END_STREAM".
2024-09-24 16:38:55.236 +05:30  DBG  Disposing connection to database 'Ecommerce' on server 'FGS-DSK-230\MSSQLSERVER2019'.
2024-09-24 16:38:55.239 +05:30  DBG  Disposed connection to database '' on server '' (3ms).
2024-09-24 16:38:55.241 +05:30  INF  Request finished HTTP/2 POST https://localhost:7113/api/Account/Login - 200 null application/json; charset=utf-8 178.1862ms
2024-09-24 16:39:10.507 +05:30  VRB  Connection id "0HN6SED9F77PT" received "HEADERS" frame for stream ID 5 with length 43 and flags "END_STREAM, END_HEADERS, PRIORITY".
2024-09-24 16:39:10.515 +05:30  VRB  Connection id "0HN6SED9F77PT" received "PING" frame for stream ID 0 with length 8 and flags "NONE".
2024-09-24 16:39:10.516 +05:30  INF  Request starting HTTP/2 OPTIONS https://localhost:7113/api/Account/Login - null null
2024-09-24 16:39:10.519 +05:30  VRB  Connection id "0HN6SED9F77PT" sending "PING" frame for stream ID 0 with length 8 and flags "ACK".
2024-09-24 16:39:10.519 +05:30  VRB  All hosts are allowed.
2024-09-24 16:39:10.521 +05:30  DBG  1 candidate(s) found for the request path '/api/Account/Login'
2024-09-24 16:39:10.522 +05:30  DBG  Request matched endpoint '405 HTTP Method Not Supported'
2024-09-24 16:39:10.523 +05:30  VRB  The endpoint does not specify the IRequestSizeLimitMetadata.
2024-09-24 16:39:10.523 +05:30  DBG  Static files was skipped as the request already matched an endpoint.
2024-09-24 16:39:10.524 +05:30  DBG  The request has an origin header: 'http://localhost:4200'.
2024-09-24 16:39:10.525 +05:30  INF  CORS policy execution successful.
2024-09-24 16:39:10.525 +05:30  DBG  The request is a preflight request.
2024-09-24 16:39:10.526 +05:30  INF  Request finished HTTP/2 OPTIONS https://localhost:7113/api/Account/Login - 204 null null 10.3543ms
2024-09-24 16:39:10.526 +05:30  VRB  Connection id "0HN6SED9F77PT" sending "HEADERS" frame for stream ID 5 with length 36 and flags "END_STREAM, END_HEADERS".
2024-09-24 16:39:10.532 +05:30  VRB  Connection id "0HN6SED9F77PT" received "HEADERS" frame for stream ID 7 with length 38 and flags "END_HEADERS, PRIORITY".
2024-09-24 16:39:10.534 +05:30  VRB  Connection id "0HN6SED9F77PT" received "DATA" frame for stream ID 7 with length 68 and flags "END_STREAM".
2024-09-24 16:39:10.534 +05:30  INF  Request starting HTTP/2 POST https://localhost:7113/api/Account/Login - application/json 68
2024-09-24 16:39:10.538 +05:30  VRB  All hosts are allowed.
2024-09-24 16:39:10.538 +05:30  DBG  1 candidate(s) found for the request path '/api/Account/Login'
2024-09-24 16:39:10.539 +05:30  DBG  Endpoint 'Web.Ecommerce.Controllers.Account.AccountController.Login (Web.Ecommerce)' with route pattern 'api/Account/Login' is valid for the request path '/api/Account/Login'
2024-09-24 16:39:10.540 +05:30  DBG  Request matched endpoint 'Web.Ecommerce.Controllers.Account.AccountController.Login (Web.Ecommerce)'
2024-09-24 16:39:10.541 +05:30  VRB  The endpoint does not specify the IRequestSizeLimitMetadata.
2024-09-24 16:39:10.542 +05:30  DBG  Static files was skipped as the request already matched an endpoint.
2024-09-24 16:39:10.542 +05:30  DBG  The request has an origin header: 'http://localhost:4200'.
2024-09-24 16:39:10.543 +05:30  INF  CORS policy execution successful.
2024-09-24 16:39:10.544 +05:30  DBG  AuthenticationScheme: Bearer was not authenticated.
2024-09-24 16:39:10.545 +05:30  INF  Executing endpoint 'Web.Ecommerce.Controllers.Account.AccountController.Login (Web.Ecommerce)'
2024-09-24 16:39:10.545 +05:30  INF  Route matched with {action = "Login", controller = "Account"}. Executing controller action with signature System.Threading.Tasks.Task`1[Microsoft.AspNetCore.Mvc.IActionResult] Login(Application.Ecom.Authentication.Commands.LoginUser.LoginUserCommand) on controller Web.Ecommerce.Controllers.Account.AccountController (Web.Ecommerce).
2024-09-24 16:39:10.548 +05:30  DBG  Execution plan of authorization filters (in the following order): ["None"]
2024-09-24 16:39:10.550 +05:30  DBG  Execution plan of resource filters (in the following order): ["None"]
2024-09-24 16:39:10.550 +05:30  DBG  Execution plan of action filters (in the following order): ["Microsoft.AspNetCore.Mvc.ModelBinding.UnsupportedContentTypeFilter (Order: -3000)","Microsoft.AspNetCore.Mvc.Infrastructure.ModelStateInvalidFilter (Order: -2000)"]
2024-09-24 16:39:10.552 +05:30  DBG  Execution plan of exception filters (in the following order): ["None"]
2024-09-24 16:39:10.553 +05:30  DBG  Execution plan of result filters (in the following order): ["Microsoft.AspNetCore.Mvc.Infrastructure.ClientErrorResultFilter (Order: -2000)"]
2024-09-24 16:39:10.554 +05:30  DBG  Executing controller factory for controller Web.Ecommerce.Controllers.Account.AccountController (Web.Ecommerce)
2024-09-24 16:39:10.555 +05:30  DBG  Executed controller factory for controller Web.Ecommerce.Controllers.Account.AccountController (Web.Ecommerce)
2024-09-24 16:39:10.556 +05:30  DBG  Attempting to bind parameter 'command' of type 'Application.Ecom.Authentication.Commands.LoginUser.LoginUserCommand' ...
2024-09-24 16:39:10.557 +05:30  DBG  Attempting to bind parameter 'command' of type 'Application.Ecom.Authentication.Commands.LoginUser.LoginUserCommand' using the name '' in request data ...
2024-09-24 16:39:10.558 +05:30  DBG  Selected input formatter 'Microsoft.AspNetCore.Mvc.Formatters.SystemTextJsonInputFormatter' for content type 'application/json'.
2024-09-24 16:39:10.560 +05:30  DBG  Connection id "0HN6SED9F77PT", Request id "0HN6SED9F77PT:00000007": started reading request body.
2024-09-24 16:39:10.561 +05:30  DBG  Connection id "0HN6SED9F77PT", Request id "0HN6SED9F77PT:00000007": done reading request body.
2024-09-24 16:39:10.562 +05:30  DBG  JSON input formatter succeeded, deserializing to type 'Application.Ecom.Authentication.Commands.LoginUser.LoginUserCommand'
2024-09-24 16:39:10.563 +05:30  DBG  Done attempting to bind parameter 'command' of type 'Application.Ecom.Authentication.Commands.LoginUser.LoginUserCommand'.
2024-09-24 16:39:10.564 +05:30  DBG  Done attempting to bind parameter 'command' of type 'Application.Ecom.Authentication.Commands.LoginUser.LoginUserCommand'.
2024-09-24 16:39:10.565 +05:30  DBG  Attempting to validate the bound parameter 'command' of type 'Application.Ecom.Authentication.Commands.LoginUser.LoginUserCommand' ...
2024-09-24 16:39:10.567 +05:30  DBG  Done attempting to validate the bound parameter 'command' of type 'Application.Ecom.Authentication.Commands.LoginUser.LoginUserCommand'.
2024-09-24 16:39:10.568 +05:30  VRB  Action Filter: Before executing OnActionExecuting on filter Microsoft.AspNetCore.Mvc.ModelBinding.UnsupportedContentTypeFilter.
2024-09-24 16:39:10.569 +05:30  VRB  Action Filter: After executing OnActionExecuting on filter Microsoft.AspNetCore.Mvc.ModelBinding.UnsupportedContentTypeFilter.
2024-09-24 16:39:10.570 +05:30  VRB  Action Filter: Before executing OnActionExecuting on filter Microsoft.AspNetCore.Mvc.Infrastructure.ModelStateInvalidFilter.
2024-09-24 16:39:10.571 +05:30  VRB  Action Filter: After executing OnActionExecuting on filter Microsoft.AspNetCore.Mvc.Infrastructure.ModelStateInvalidFilter.
2024-09-24 16:39:10.572 +05:30  INF  Executing action method Web.Ecommerce.Controllers.Account.AccountController.Login (Web.Ecommerce) - Validation state: "Valid"
2024-09-24 16:39:10.573 +05:30  VRB  Executing action method Web.Ecommerce.Controllers.Account.AccountController.Login (Web.Ecommerce) with arguments (["Application.Ecom.Authentication.Commands.LoginUser.LoginUserCommand"])
2024-09-24 16:39:10.575 +05:30  DBG  Entity Framework Core 8.0.8 initialized 'EcommerceDbContext' using provider 'Microsoft.EntityFrameworkCore.SqlServer:8.0.8' with options: None
2024-09-24 16:39:10.577 +05:30  DBG  Creating DbConnection.
2024-09-24 16:39:10.577 +05:30  DBG  Created DbConnection. (0ms).
2024-09-24 16:39:10.578 +05:30  DBG  Opening connection to database 'Ecommerce' on server 'FGS-DSK-230\MSSQLSERVER2019'.
2024-09-24 16:39:10.579 +05:30  DBG  Opened connection to database 'Ecommerce' on server 'FGS-DSK-230\MSSQLSERVER2019'.
2024-09-24 16:39:10.580 +05:30  DBG  Creating DbCommand for 'ExecuteReader'.
2024-09-24 16:39:10.582 +05:30  DBG  Created DbCommand for 'ExecuteReader' (1ms).
2024-09-24 16:39:10.583 +05:30  DBG  Initialized DbCommand for 'ExecuteReader' (2ms).
2024-09-24 16:39:10.584 +05:30  DBG  Executing DbCommand [Parameters=[@__normalizedEmail_0='?' (Size = 256)], CommandType='"Text"', CommandTimeout='30']
SELECT TOP(2) [a].[Id], [a].[AccessFailedCount], [a].[ConcurrencyStamp], [a].[CreatedAt], [a].[Email], [a].[EmailConfirmed], [a].[IsDeleted], [a].[IsVerified], [a].[LockoutEnabled], [a].[LockoutEnd], [a].[NormalizedEmail], [a].[NormalizedUserName], [a].[PasswordHash], [a].[PhoneNumber], [a].[PhoneNumberConfirmed], [a].[SecurityStamp], [a].[TwoFactorEnabled], [a].[UpdatedAt], [a].[UserName]
FROM [AspNetUsers] AS [a]
WHERE [a].[NormalizedEmail] = @__normalizedEmail_0
2024-09-24 16:39:10.588 +05:30  INF  Executed DbCommand (4ms) [Parameters=[@__normalizedEmail_0='?' (Size = 256)], CommandType='"Text"', CommandTimeout='30']
SELECT TOP(2) [a].[Id], [a].[AccessFailedCount], [a].[ConcurrencyStamp], [a].[CreatedAt], [a].[Email], [a].[EmailConfirmed], [a].[IsDeleted], [a].[IsVerified], [a].[LockoutEnabled], [a].[LockoutEnd], [a].[NormalizedEmail], [a].[NormalizedUserName], [a].[PasswordHash], [a].[PhoneNumber], [a].[PhoneNumberConfirmed], [a].[SecurityStamp], [a].[TwoFactorEnabled], [a].[UpdatedAt], [a].[UserName]
FROM [AspNetUsers] AS [a]
WHERE [a].[NormalizedEmail] = @__normalizedEmail_0
2024-09-24 16:39:10.590 +05:30  DBG  Context 'EcommerceDbContext' started tracking 'User' entity. Consider using 'DbContextOptionsBuilder.EnableSensitiveDataLogging' to see key values.
2024-09-24 16:39:10.591 +05:30  DBG  Closing data reader to 'Ecommerce' on server 'FGS-DSK-230\MSSQLSERVER2019'.
2024-09-24 16:39:10.592 +05:30  DBG  A data reader for 'Ecommerce' on server 'FGS-DSK-230\MSSQLSERVER2019' is being disposed after spending 1ms reading results.
2024-09-24 16:39:10.593 +05:30  DBG  Closing connection to database 'Ecommerce' on server 'FGS-DSK-230\MSSQLSERVER2019'.
2024-09-24 16:39:10.594 +05:30  DBG  Closed connection to database 'Ecommerce' on server 'FGS-DSK-230\MSSQLSERVER2019' (0ms).
2024-09-24 16:39:10.666 +05:30  DBG  Opening connection to database 'Ecommerce' on server 'FGS-DSK-230\MSSQLSERVER2019'.
2024-09-24 16:39:10.668 +05:30  DBG  Opened connection to database 'Ecommerce' on server 'FGS-DSK-230\MSSQLSERVER2019'.
2024-09-24 16:39:10.669 +05:30  DBG  Creating DbCommand for 'ExecuteReader'.
2024-09-24 16:39:10.670 +05:30  DBG  Created DbCommand for 'ExecuteReader' (0ms).
2024-09-24 16:39:10.670 +05:30  DBG  Initialized DbCommand for 'ExecuteReader' (1ms).
2024-09-24 16:39:10.671 +05:30  DBG  Executing DbCommand [Parameters=[@__userId_0='?' (DbType = Guid)], CommandType='"Text"', CommandTimeout='30']
SELECT [a0].[Name]
FROM [AspNetUserRoles] AS [a]
INNER JOIN [AspNetRoles] AS [a0] ON [a].[RoleId] = [a0].[Id]
WHERE [a].[UserId] = @__userId_0
2024-09-24 16:39:10.675 +05:30  INF  Executed DbCommand (4ms) [Parameters=[@__userId_0='?' (DbType = Guid)], CommandType='"Text"', CommandTimeout='30']
SELECT [a0].[Name]
FROM [AspNetUserRoles] AS [a]
INNER JOIN [AspNetRoles] AS [a0] ON [a].[RoleId] = [a0].[Id]
WHERE [a].[UserId] = @__userId_0
2024-09-24 16:39:10.677 +05:30  DBG  Closing data reader to 'Ecommerce' on server 'FGS-DSK-230\MSSQLSERVER2019'.
2024-09-24 16:39:10.678 +05:30  DBG  A data reader for 'Ecommerce' on server 'FGS-DSK-230\MSSQLSERVER2019' is being disposed after spending 1ms reading results.
2024-09-24 16:39:10.679 +05:30  DBG  Closing connection to database 'Ecommerce' on server 'FGS-DSK-230\MSSQLSERVER2019'.
2024-09-24 16:39:10.680 +05:30  DBG  Closed connection to database 'Ecommerce' on server 'FGS-DSK-230\MSSQLSERVER2019' (0ms).
2024-09-24 16:39:10.688 +05:30  INF  Executed action method Web.Ecommerce.Controllers.Account.AccountController.Login (Web.Ecommerce), returned result Microsoft.AspNetCore.Mvc.OkObjectResult in 113.8065ms.
2024-09-24 16:39:10.690 +05:30  VRB  Action Filter: Before executing OnActionExecuted on filter Microsoft.AspNetCore.Mvc.Infrastructure.ModelStateInvalidFilter.
2024-09-24 16:39:10.692 +05:30  VRB  Action Filter: After executing OnActionExecuted on filter Microsoft.AspNetCore.Mvc.Infrastructure.ModelStateInvalidFilter.
2024-09-24 16:39:10.693 +05:30  VRB  Action Filter: Before executing OnActionExecuted on filter Microsoft.AspNetCore.Mvc.ModelBinding.UnsupportedContentTypeFilter.
2024-09-24 16:39:10.694 +05:30  VRB  Action Filter: After executing OnActionExecuted on filter Microsoft.AspNetCore.Mvc.ModelBinding.UnsupportedContentTypeFilter.
2024-09-24 16:39:10.696 +05:30  VRB  Result Filter: Before executing OnResultExecuting on filter Microsoft.AspNetCore.Mvc.Infrastructure.ClientErrorResultFilter.
2024-09-24 16:39:10.698 +05:30  VRB  Result Filter: After executing OnResultExecuting on filter Microsoft.AspNetCore.Mvc.Infrastructure.ClientErrorResultFilter.
2024-09-24 16:39:10.699 +05:30  VRB  Before executing action result Microsoft.AspNetCore.Mvc.OkObjectResult.
2024-09-24 16:39:10.699 +05:30  DBG  List of registered output formatters, in the following order: ["Microsoft.AspNetCore.Mvc.Formatters.HttpNoContentOutputFormatter","Microsoft.AspNetCore.Mvc.Formatters.StringOutputFormatter","Microsoft.AspNetCore.Mvc.Formatters.StreamOutputFormatter","Microsoft.AspNetCore.Mvc.Formatters.SystemTextJsonOutputFormatter"]
2024-09-24 16:39:10.701 +05:30  DBG  No information found on request to perform content negotiation.
2024-09-24 16:39:10.702 +05:30  DBG  Attempting to select an output formatter without using a content type as no explicit content types were specified for the response.
2024-09-24 16:39:10.702 +05:30  DBG  Attempting to select the first formatter in the output formatters list which can write the result.
2024-09-24 16:39:10.703 +05:30  DBG  Selected output formatter 'Microsoft.AspNetCore.Mvc.Formatters.SystemTextJsonOutputFormatter' and content type 'application/json' to write the response.
2024-09-24 16:39:10.704 +05:30  INF  Executing OkObjectResult, writing value of type '<>f__AnonymousType1`3[[System.String, System.Private.CoreLib, Version=8.0.0.0, Culture=neutral, PublicKeyToken=7cec85d7bea7798e],[System.String, System.Private.CoreLib, Version=8.0.0.0, Culture=neutral, PublicKeyToken=7cec85d7bea7798e],[System.Collections.Generic.IEnumerable`1[[System.String, System.Private.CoreLib, Version=8.0.0.0, Culture=neutral, PublicKeyToken=7cec85d7bea7798e]], System.Private.CoreLib, Version=8.0.0.0, Culture=neutral, PublicKeyToken=7cec85d7bea7798e]]'.
2024-09-24 16:39:10.705 +05:30  VRB  After executing action result Microsoft.AspNetCore.Mvc.OkObjectResult.
2024-09-24 16:39:10.705 +05:30  VRB  Connection id "0HN6SED9F77PT" sending "HEADERS" frame for stream ID 7 with length 35 and flags "END_HEADERS".
2024-09-24 16:39:10.706 +05:30  VRB  Result Filter: Before executing OnResultExecuted on filter Microsoft.AspNetCore.Mvc.Infrastructure.ClientErrorResultFilter.
2024-09-24 16:39:10.707 +05:30  VRB  Connection id "0HN6SED9F77PT" sending "DATA" frame for stream ID 7 with length 582 and flags "NONE".
2024-09-24 16:39:10.709 +05:30  VRB  Result Filter: After executing OnResultExecuted on filter Microsoft.AspNetCore.Mvc.Infrastructure.ClientErrorResultFilter.
2024-09-24 16:39:10.712 +05:30  INF  Executed action Web.Ecommerce.Controllers.Account.AccountController.Login (Web.Ecommerce) in 157.8204ms
2024-09-24 16:39:10.713 +05:30  INF  Executed endpoint 'Web.Ecommerce.Controllers.Account.AccountController.Login (Web.Ecommerce)'
2024-09-24 16:39:10.714 +05:30  DBG  'EcommerceDbContext' disposed.
2024-09-24 16:39:10.714 +05:30  VRB  Connection id "0HN6SED9F77PT" sending "DATA" frame for stream ID 7 with length 0 and flags "END_STREAM".
2024-09-24 16:39:10.715 +05:30  DBG  Disposing connection to database 'Ecommerce' on server 'FGS-DSK-230\MSSQLSERVER2019'.
2024-09-24 16:39:10.717 +05:30  VRB  Connection id "0HN6SED9F77PT" received "WINDOW_UPDATE" frame for stream ID 0 with length 4 and flags 0x0.
2024-09-24 16:39:10.720 +05:30  DBG  Disposed connection to database '' on server '' (5ms).
2024-09-24 16:39:10.724 +05:30  INF  Request finished HTTP/2 POST https://localhost:7113/api/Account/Login - 200 null application/json; charset=utf-8 190.1454ms
2024-09-24 16:49:49.728 +05:30  VRB  Connection id "0HN6SED9F77PT" received "HEADERS" frame for stream ID 9 with length 43 and flags "END_STREAM, END_HEADERS, PRIORITY".
2024-09-24 16:49:49.734 +05:30  VRB  Connection id "0HN6SED9F77PT" received "PING" frame for stream ID 0 with length 8 and flags "NONE".
2024-09-24 16:49:49.734 +05:30  INF  Request starting HTTP/2 OPTIONS https://localhost:7113/api/Account/Login - null null
2024-09-24 16:49:49.736 +05:30  VRB  Connection id "0HN6SED9F77PT" sending "PING" frame for stream ID 0 with length 8 and flags "ACK".
2024-09-24 16:49:49.738 +05:30  VRB  All hosts are allowed.
2024-09-24 16:49:49.741 +05:30  DBG  1 candidate(s) found for the request path '/api/Account/Login'
2024-09-24 16:49:49.744 +05:30  DBG  Request matched endpoint '405 HTTP Method Not Supported'
2024-09-24 16:49:49.744 +05:30  VRB  The endpoint does not specify the IRequestSizeLimitMetadata.
2024-09-24 16:49:49.745 +05:30  DBG  Static files was skipped as the request already matched an endpoint.
2024-09-24 16:49:49.745 +05:30  DBG  The request has an origin header: 'http://localhost:4200'.
2024-09-24 16:49:49.746 +05:30  INF  CORS policy execution successful.
2024-09-24 16:49:49.747 +05:30  DBG  The request is a preflight request.
2024-09-24 16:49:49.747 +05:30  INF  Request finished HTTP/2 OPTIONS https://localhost:7113/api/Account/Login - 204 null null 13.165ms
2024-09-24 16:49:49.747 +05:30  VRB  Connection id "0HN6SED9F77PT" sending "HEADERS" frame for stream ID 9 with length 36 and flags "END_STREAM, END_HEADERS".
2024-09-24 16:49:49.753 +05:30  VRB  Connection id "0HN6SED9F77PT" received "HEADERS" frame for stream ID 11 with length 38 and flags "END_HEADERS, PRIORITY".
2024-09-24 16:49:49.755 +05:30  VRB  Connection id "0HN6SED9F77PT" received "DATA" frame for stream ID 11 with length 68 and flags "END_STREAM".
2024-09-24 16:49:49.755 +05:30  INF  Request starting HTTP/2 POST https://localhost:7113/api/Account/Login - application/json 68
2024-09-24 16:49:49.758 +05:30  VRB  All hosts are allowed.
2024-09-24 16:49:49.759 +05:30  DBG  1 candidate(s) found for the request path '/api/Account/Login'
2024-09-24 16:49:49.759 +05:30  DBG  Endpoint 'Web.Ecommerce.Controllers.Account.AccountController.Login (Web.Ecommerce)' with route pattern 'api/Account/Login' is valid for the request path '/api/Account/Login'
2024-09-24 16:49:49.761 +05:30  DBG  Request matched endpoint 'Web.Ecommerce.Controllers.Account.AccountController.Login (Web.Ecommerce)'
2024-09-24 16:49:49.761 +05:30  VRB  The endpoint does not specify the IRequestSizeLimitMetadata.
2024-09-24 16:49:49.762 +05:30  DBG  Static files was skipped as the request already matched an endpoint.
2024-09-24 16:49:49.763 +05:30  DBG  The request has an origin header: 'http://localhost:4200'.
2024-09-24 16:49:49.764 +05:30  INF  CORS policy execution successful.
2024-09-24 16:49:49.764 +05:30  DBG  AuthenticationScheme: Bearer was not authenticated.
2024-09-24 16:49:49.765 +05:30  INF  Executing endpoint 'Web.Ecommerce.Controllers.Account.AccountController.Login (Web.Ecommerce)'
2024-09-24 16:49:49.766 +05:30  INF  Route matched with {action = "Login", controller = "Account"}. Executing controller action with signature System.Threading.Tasks.Task`1[Microsoft.AspNetCore.Mvc.IActionResult] Login(Application.Ecom.Authentication.Commands.LoginUser.LoginUserCommand) on controller Web.Ecommerce.Controllers.Account.AccountController (Web.Ecommerce).
2024-09-24 16:49:49.768 +05:30  DBG  Execution plan of authorization filters (in the following order): ["None"]
2024-09-24 16:49:49.770 +05:30  DBG  Execution plan of resource filters (in the following order): ["None"]
2024-09-24 16:49:49.771 +05:30  DBG  Execution plan of action filters (in the following order): ["Microsoft.AspNetCore.Mvc.ModelBinding.UnsupportedContentTypeFilter (Order: -3000)","Microsoft.AspNetCore.Mvc.Infrastructure.ModelStateInvalidFilter (Order: -2000)"]
2024-09-24 16:49:49.772 +05:30  DBG  Execution plan of exception filters (in the following order): ["None"]
2024-09-24 16:49:49.774 +05:30  DBG  Execution plan of result filters (in the following order): ["Microsoft.AspNetCore.Mvc.Infrastructure.ClientErrorResultFilter (Order: -2000)"]
2024-09-24 16:49:49.775 +05:30  DBG  Executing controller factory for controller Web.Ecommerce.Controllers.Account.AccountController (Web.Ecommerce)
2024-09-24 16:49:49.776 +05:30  DBG  Executed controller factory for controller Web.Ecommerce.Controllers.Account.AccountController (Web.Ecommerce)
2024-09-24 16:49:49.777 +05:30  DBG  Attempting to bind parameter 'command' of type 'Application.Ecom.Authentication.Commands.LoginUser.LoginUserCommand' ...
2024-09-24 16:49:49.778 +05:30  DBG  Attempting to bind parameter 'command' of type 'Application.Ecom.Authentication.Commands.LoginUser.LoginUserCommand' using the name '' in request data ...
2024-09-24 16:49:49.780 +05:30  DBG  Selected input formatter 'Microsoft.AspNetCore.Mvc.Formatters.SystemTextJsonInputFormatter' for content type 'application/json'.
2024-09-24 16:49:49.781 +05:30  DBG  Connection id "0HN6SED9F77PT", Request id "0HN6SED9F77PT:0000000B": started reading request body.
2024-09-24 16:49:49.782 +05:30  DBG  Connection id "0HN6SED9F77PT", Request id "0HN6SED9F77PT:0000000B": done reading request body.
2024-09-24 16:49:49.784 +05:30  DBG  JSON input formatter succeeded, deserializing to type 'Application.Ecom.Authentication.Commands.LoginUser.LoginUserCommand'
2024-09-24 16:49:49.785 +05:30  DBG  Done attempting to bind parameter 'command' of type 'Application.Ecom.Authentication.Commands.LoginUser.LoginUserCommand'.
2024-09-24 16:49:49.787 +05:30  DBG  Done attempting to bind parameter 'command' of type 'Application.Ecom.Authentication.Commands.LoginUser.LoginUserCommand'.
2024-09-24 16:49:49.788 +05:30  DBG  Attempting to validate the bound parameter 'command' of type 'Application.Ecom.Authentication.Commands.LoginUser.LoginUserCommand' ...
2024-09-24 16:49:49.789 +05:30  DBG  Done attempting to validate the bound parameter 'command' of type 'Application.Ecom.Authentication.Commands.LoginUser.LoginUserCommand'.
2024-09-24 16:49:49.790 +05:30  VRB  Action Filter: Before executing OnActionExecuting on filter Microsoft.AspNetCore.Mvc.ModelBinding.UnsupportedContentTypeFilter.
2024-09-24 16:49:49.791 +05:30  VRB  Action Filter: After executing OnActionExecuting on filter Microsoft.AspNetCore.Mvc.ModelBinding.UnsupportedContentTypeFilter.
2024-09-24 16:49:49.792 +05:30  VRB  Action Filter: Before executing OnActionExecuting on filter Microsoft.AspNetCore.Mvc.Infrastructure.ModelStateInvalidFilter.
2024-09-24 16:49:49.793 +05:30  VRB  Action Filter: After executing OnActionExecuting on filter Microsoft.AspNetCore.Mvc.Infrastructure.ModelStateInvalidFilter.
2024-09-24 16:49:49.794 +05:30  INF  Executing action method Web.Ecommerce.Controllers.Account.AccountController.Login (Web.Ecommerce) - Validation state: "Valid"
2024-09-24 16:49:49.795 +05:30  VRB  Executing action method Web.Ecommerce.Controllers.Account.AccountController.Login (Web.Ecommerce) with arguments (["Application.Ecom.Authentication.Commands.LoginUser.LoginUserCommand"])
2024-09-24 16:49:49.797 +05:30  DBG  Entity Framework Core 8.0.8 initialized 'EcommerceDbContext' using provider 'Microsoft.EntityFrameworkCore.SqlServer:8.0.8' with options: None
2024-09-24 16:49:49.799 +05:30  DBG  Creating DbConnection.
2024-09-24 16:49:49.799 +05:30  DBG  Created DbConnection. (0ms).
2024-09-24 16:49:49.800 +05:30  DBG  Opening connection to database 'Ecommerce' on server 'FGS-DSK-230\MSSQLSERVER2019'.
2024-09-24 16:49:49.810 +05:30  DBG  Opened connection to database 'Ecommerce' on server 'FGS-DSK-230\MSSQLSERVER2019'.
2024-09-24 16:49:49.812 +05:30  DBG  Creating DbCommand for 'ExecuteReader'.
2024-09-24 16:49:49.813 +05:30  DBG  Created DbCommand for 'ExecuteReader' (0ms).
2024-09-24 16:49:49.814 +05:30  DBG  Initialized DbCommand for 'ExecuteReader' (1ms).
2024-09-24 16:49:49.815 +05:30  DBG  Executing DbCommand [Parameters=[@__normalizedEmail_0='?' (Size = 256)], CommandType='"Text"', CommandTimeout='30']
SELECT TOP(2) [a].[Id], [a].[AccessFailedCount], [a].[ConcurrencyStamp], [a].[CreatedAt], [a].[Email], [a].[EmailConfirmed], [a].[IsDeleted], [a].[IsVerified], [a].[LockoutEnabled], [a].[LockoutEnd], [a].[NormalizedEmail], [a].[NormalizedUserName], [a].[PasswordHash], [a].[PhoneNumber], [a].[PhoneNumberConfirmed], [a].[SecurityStamp], [a].[TwoFactorEnabled], [a].[UpdatedAt], [a].[UserName]
FROM [AspNetUsers] AS [a]
WHERE [a].[NormalizedEmail] = @__normalizedEmail_0
2024-09-24 16:49:49.820 +05:30  INF  Executed DbCommand (5ms) [Parameters=[@__normalizedEmail_0='?' (Size = 256)], CommandType='"Text"', CommandTimeout='30']
SELECT TOP(2) [a].[Id], [a].[AccessFailedCount], [a].[ConcurrencyStamp], [a].[CreatedAt], [a].[Email], [a].[EmailConfirmed], [a].[IsDeleted], [a].[IsVerified], [a].[LockoutEnabled], [a].[LockoutEnd], [a].[NormalizedEmail], [a].[NormalizedUserName], [a].[PasswordHash], [a].[PhoneNumber], [a].[PhoneNumberConfirmed], [a].[SecurityStamp], [a].[TwoFactorEnabled], [a].[UpdatedAt], [a].[UserName]
FROM [AspNetUsers] AS [a]
WHERE [a].[NormalizedEmail] = @__normalizedEmail_0
2024-09-24 16:49:49.822 +05:30  DBG  Context 'EcommerceDbContext' started tracking 'User' entity. Consider using 'DbContextOptionsBuilder.EnableSensitiveDataLogging' to see key values.
2024-09-24 16:49:49.823 +05:30  DBG  Closing data reader to 'Ecommerce' on server 'FGS-DSK-230\MSSQLSERVER2019'.
2024-09-24 16:49:49.824 +05:30  DBG  A data reader for 'Ecommerce' on server 'FGS-DSK-230\MSSQLSERVER2019' is being disposed after spending 2ms reading results.
2024-09-24 16:49:49.825 +05:30  DBG  Closing connection to database 'Ecommerce' on server 'FGS-DSK-230\MSSQLSERVER2019'.
2024-09-24 16:49:49.827 +05:30  DBG  Closed connection to database 'Ecommerce' on server 'FGS-DSK-230\MSSQLSERVER2019' (1ms).
2024-09-24 16:49:49.899 +05:30  DBG  Opening connection to database 'Ecommerce' on server 'FGS-DSK-230\MSSQLSERVER2019'.
2024-09-24 16:49:49.901 +05:30  DBG  Opened connection to database 'Ecommerce' on server 'FGS-DSK-230\MSSQLSERVER2019'.
2024-09-24 16:49:49.908 +05:30  DBG  Creating DbCommand for 'ExecuteReader'.
2024-09-24 16:49:49.909 +05:30  DBG  Created DbCommand for 'ExecuteReader' (1ms).
2024-09-24 16:49:49.910 +05:30  DBG  Initialized DbCommand for 'ExecuteReader' (2ms).
2024-09-24 16:49:49.911 +05:30  DBG  Executing DbCommand [Parameters=[@__userId_0='?' (DbType = Guid)], CommandType='"Text"', CommandTimeout='30']
SELECT [a0].[Name]
FROM [AspNetUserRoles] AS [a]
INNER JOIN [AspNetRoles] AS [a0] ON [a].[RoleId] = [a0].[Id]
WHERE [a].[UserId] = @__userId_0
2024-09-24 16:49:49.916 +05:30  INF  Executed DbCommand (5ms) [Parameters=[@__userId_0='?' (DbType = Guid)], CommandType='"Text"', CommandTimeout='30']
SELECT [a0].[Name]
FROM [AspNetUserRoles] AS [a]
INNER JOIN [AspNetRoles] AS [a0] ON [a].[RoleId] = [a0].[Id]
WHERE [a].[UserId] = @__userId_0
2024-09-24 16:49:49.920 +05:30  DBG  Closing data reader to 'Ecommerce' on server 'FGS-DSK-230\MSSQLSERVER2019'.
2024-09-24 16:49:49.920 +05:30  DBG  A data reader for 'Ecommerce' on server 'FGS-DSK-230\MSSQLSERVER2019' is being disposed after spending 0ms reading results.
2024-09-24 16:49:49.922 +05:30  DBG  Closing connection to database 'Ecommerce' on server 'FGS-DSK-230\MSSQLSERVER2019'.
2024-09-24 16:49:49.923 +05:30  DBG  Closed connection to database 'Ecommerce' on server 'FGS-DSK-230\MSSQLSERVER2019' (1ms).
2024-09-24 16:49:49.925 +05:30  INF  Executed action method Web.Ecommerce.Controllers.Account.AccountController.Login (Web.Ecommerce), returned result Microsoft.AspNetCore.Mvc.OkObjectResult in 128.1268ms.
2024-09-24 16:49:49.926 +05:30  VRB  Action Filter: Before executing OnActionExecuted on filter Microsoft.AspNetCore.Mvc.Infrastructure.ModelStateInvalidFilter.
2024-09-24 16:49:49.927 +05:30  VRB  Action Filter: After executing OnActionExecuted on filter Microsoft.AspNetCore.Mvc.Infrastructure.ModelStateInvalidFilter.
2024-09-24 16:49:49.928 +05:30  VRB  Action Filter: Before executing OnActionExecuted on filter Microsoft.AspNetCore.Mvc.ModelBinding.UnsupportedContentTypeFilter.
2024-09-24 16:49:49.929 +05:30  VRB  Action Filter: After executing OnActionExecuted on filter Microsoft.AspNetCore.Mvc.ModelBinding.UnsupportedContentTypeFilter.
2024-09-24 16:49:49.930 +05:30  VRB  Result Filter: Before executing OnResultExecuting on filter Microsoft.AspNetCore.Mvc.Infrastructure.ClientErrorResultFilter.
2024-09-24 16:49:49.932 +05:30  VRB  Result Filter: After executing OnResultExecuting on filter Microsoft.AspNetCore.Mvc.Infrastructure.ClientErrorResultFilter.
2024-09-24 16:49:49.933 +05:30  VRB  Before executing action result Microsoft.AspNetCore.Mvc.OkObjectResult.
2024-09-24 16:49:49.934 +05:30  DBG  List of registered output formatters, in the following order: ["Microsoft.AspNetCore.Mvc.Formatters.HttpNoContentOutputFormatter","Microsoft.AspNetCore.Mvc.Formatters.StringOutputFormatter","Microsoft.AspNetCore.Mvc.Formatters.StreamOutputFormatter","Microsoft.AspNetCore.Mvc.Formatters.SystemTextJsonOutputFormatter"]
2024-09-24 16:49:49.936 +05:30  DBG  No information found on request to perform content negotiation.
2024-09-24 16:49:49.937 +05:30  DBG  Attempting to select an output formatter without using a content type as no explicit content types were specified for the response.
2024-09-24 16:49:49.938 +05:30  DBG  Attempting to select the first formatter in the output formatters list which can write the result.
2024-09-24 16:49:49.938 +05:30  DBG  Selected output formatter 'Microsoft.AspNetCore.Mvc.Formatters.SystemTextJsonOutputFormatter' and content type 'application/json' to write the response.
2024-09-24 16:49:49.940 +05:30  INF  Executing OkObjectResult, writing value of type '<>f__AnonymousType1`3[[System.String, System.Private.CoreLib, Version=8.0.0.0, Culture=neutral, PublicKeyToken=7cec85d7bea7798e],[System.String, System.Private.CoreLib, Version=8.0.0.0, Culture=neutral, PublicKeyToken=7cec85d7bea7798e],[System.Collections.Generic.IEnumerable`1[[System.String, System.Private.CoreLib, Version=8.0.0.0, Culture=neutral, PublicKeyToken=7cec85d7bea7798e]], System.Private.CoreLib, Version=8.0.0.0, Culture=neutral, PublicKeyToken=7cec85d7bea7798e]]'.
2024-09-24 16:49:49.941 +05:30  VRB  After executing action result Microsoft.AspNetCore.Mvc.OkObjectResult.
2024-09-24 16:49:49.941 +05:30  VRB  Connection id "0HN6SED9F77PT" sending "HEADERS" frame for stream ID 11 with length 5 and flags "END_HEADERS".
2024-09-24 16:49:49.942 +05:30  VRB  Result Filter: Before executing OnResultExecuted on filter Microsoft.AspNetCore.Mvc.Infrastructure.ClientErrorResultFilter.
2024-09-24 16:49:49.943 +05:30  VRB  Result Filter: After executing OnResultExecuted on filter Microsoft.AspNetCore.Mvc.Infrastructure.ClientErrorResultFilter.
2024-09-24 16:49:49.944 +05:30  INF  Executed action Web.Ecommerce.Controllers.Account.AccountController.Login (Web.Ecommerce) in 169.3654ms
2024-09-24 16:49:49.946 +05:30  VRB  Connection id "0HN6SED9F77PT" sending "DATA" frame for stream ID 11 with length 582 and flags "NONE".
2024-09-24 16:49:49.948 +05:30  INF  Executed endpoint 'Web.Ecommerce.Controllers.Account.AccountController.Login (Web.Ecommerce)'
2024-09-24 16:49:49.952 +05:30  VRB  Connection id "0HN6SED9F77PT" sending "DATA" frame for stream ID 11 with length 0 and flags "END_STREAM".
2024-09-24 16:49:49.952 +05:30  DBG  'EcommerceDbContext' disposed.
2024-09-24 16:49:49.952 +05:30  VRB  Connection id "0HN6SED9F77PT" received "WINDOW_UPDATE" frame for stream ID 0 with length 4 and flags 0x0.
2024-09-24 16:49:49.960 +05:30  DBG  Disposing connection to database 'Ecommerce' on server 'FGS-DSK-230\MSSQLSERVER2019'.
2024-09-24 16:49:49.963 +05:30  DBG  Disposed connection to database '' on server '' (3ms).
2024-09-24 16:49:49.964 +05:30  INF  Request finished HTTP/2 POST https://localhost:7113/api/Account/Login - 200 null application/json; charset=utf-8 209.4405ms
2024-09-24 16:49:55.871 +05:30  VRB  Connection id "0HN6SED9F77PT" received "HEADERS" frame for stream ID 13 with length 43 and flags "END_STREAM, END_HEADERS, PRIORITY".
2024-09-24 16:49:55.874 +05:30  INF  Request starting HTTP/2 OPTIONS https://localhost:7113/api/Account/Login - null null
2024-09-24 16:49:55.876 +05:30  VRB  All hosts are allowed.
2024-09-24 16:49:55.877 +05:30  DBG  1 candidate(s) found for the request path '/api/Account/Login'
2024-09-24 16:49:55.878 +05:30  DBG  Request matched endpoint '405 HTTP Method Not Supported'
2024-09-24 16:49:55.878 +05:30  VRB  The endpoint does not specify the IRequestSizeLimitMetadata.
2024-09-24 16:49:55.879 +05:30  DBG  Static files was skipped as the request already matched an endpoint.
2024-09-24 16:49:55.879 +05:30  DBG  The request has an origin header: 'http://localhost:4200'.
2024-09-24 16:49:55.880 +05:30  INF  CORS policy execution successful.
2024-09-24 16:49:55.881 +05:30  DBG  The request is a preflight request.
2024-09-24 16:49:55.881 +05:30  INF  Request finished HTTP/2 OPTIONS https://localhost:7113/api/Account/Login - 204 null null 7.3328ms
2024-09-24 16:49:55.881 +05:30  VRB  Connection id "0HN6SED9F77PT" sending "HEADERS" frame for stream ID 13 with length 36 and flags "END_STREAM, END_HEADERS".
2024-09-24 16:49:55.888 +05:30  VRB  Connection id "0HN6SED9F77PT" received "HEADERS" frame for stream ID 15 with length 38 and flags "END_HEADERS, PRIORITY".
2024-09-24 16:49:55.889 +05:30  VRB  Connection id "0HN6SED9F77PT" received "DATA" frame for stream ID 15 with length 68 and flags "END_STREAM".
2024-09-24 16:49:55.890 +05:30  INF  Request starting HTTP/2 POST https://localhost:7113/api/Account/Login - application/json 68
2024-09-24 16:49:55.893 +05:30  VRB  All hosts are allowed.
2024-09-24 16:49:55.894 +05:30  DBG  1 candidate(s) found for the request path '/api/Account/Login'
2024-09-24 16:49:55.895 +05:30  DBG  Endpoint 'Web.Ecommerce.Controllers.Account.AccountController.Login (Web.Ecommerce)' with route pattern 'api/Account/Login' is valid for the request path '/api/Account/Login'
2024-09-24 16:49:55.896 +05:30  DBG  Request matched endpoint 'Web.Ecommerce.Controllers.Account.AccountController.Login (Web.Ecommerce)'
2024-09-24 16:49:55.897 +05:30  VRB  The endpoint does not specify the IRequestSizeLimitMetadata.
2024-09-24 16:49:55.897 +05:30  DBG  Static files was skipped as the request already matched an endpoint.
2024-09-24 16:49:55.898 +05:30  DBG  The request has an origin header: 'http://localhost:4200'.
2024-09-24 16:49:55.899 +05:30  INF  CORS policy execution successful.
2024-09-24 16:49:55.899 +05:30  DBG  AuthenticationScheme: Bearer was not authenticated.
2024-09-24 16:49:55.900 +05:30  INF  Executing endpoint 'Web.Ecommerce.Controllers.Account.AccountController.Login (Web.Ecommerce)'
2024-09-24 16:49:55.901 +05:30  INF  Route matched with {action = "Login", controller = "Account"}. Executing controller action with signature System.Threading.Tasks.Task`1[Microsoft.AspNetCore.Mvc.IActionResult] Login(Application.Ecom.Authentication.Commands.LoginUser.LoginUserCommand) on controller Web.Ecommerce.Controllers.Account.AccountController (Web.Ecommerce).
2024-09-24 16:49:55.904 +05:30  DBG  Execution plan of authorization filters (in the following order): ["None"]
2024-09-24 16:49:55.905 +05:30  DBG  Execution plan of resource filters (in the following order): ["None"]
2024-09-24 16:49:55.906 +05:30  DBG  Execution plan of action filters (in the following order): ["Microsoft.AspNetCore.Mvc.ModelBinding.UnsupportedContentTypeFilter (Order: -3000)","Microsoft.AspNetCore.Mvc.Infrastructure.ModelStateInvalidFilter (Order: -2000)"]
2024-09-24 16:49:55.908 +05:30  DBG  Execution plan of exception filters (in the following order): ["None"]
2024-09-24 16:49:55.909 +05:30  DBG  Execution plan of result filters (in the following order): ["Microsoft.AspNetCore.Mvc.Infrastructure.ClientErrorResultFilter (Order: -2000)"]
2024-09-24 16:49:55.910 +05:30  DBG  Executing controller factory for controller Web.Ecommerce.Controllers.Account.AccountController (Web.Ecommerce)
2024-09-24 16:49:55.911 +05:30  DBG  Executed controller factory for controller Web.Ecommerce.Controllers.Account.AccountController (Web.Ecommerce)
2024-09-24 16:49:55.912 +05:30  DBG  Attempting to bind parameter 'command' of type 'Application.Ecom.Authentication.Commands.LoginUser.LoginUserCommand' ...
2024-09-24 16:49:55.913 +05:30  DBG  Attempting to bind parameter 'command' of type 'Application.Ecom.Authentication.Commands.LoginUser.LoginUserCommand' using the name '' in request data ...
2024-09-24 16:49:55.914 +05:30  DBG  Selected input formatter 'Microsoft.AspNetCore.Mvc.Formatters.SystemTextJsonInputFormatter' for content type 'application/json'.
2024-09-24 16:49:55.915 +05:30  DBG  Connection id "0HN6SED9F77PT", Request id "0HN6SED9F77PT:0000000F": started reading request body.
2024-09-24 16:49:55.916 +05:30  DBG  Connection id "0HN6SED9F77PT", Request id "0HN6SED9F77PT:0000000F": done reading request body.
2024-09-24 16:49:55.918 +05:30  DBG  JSON input formatter succeeded, deserializing to type 'Application.Ecom.Authentication.Commands.LoginUser.LoginUserCommand'
2024-09-24 16:49:55.919 +05:30  DBG  Done attempting to bind parameter 'command' of type 'Application.Ecom.Authentication.Commands.LoginUser.LoginUserCommand'.
2024-09-24 16:49:55.920 +05:30  DBG  Done attempting to bind parameter 'command' of type 'Application.Ecom.Authentication.Commands.LoginUser.LoginUserCommand'.
2024-09-24 16:49:55.921 +05:30  DBG  Attempting to validate the bound parameter 'command' of type 'Application.Ecom.Authentication.Commands.LoginUser.LoginUserCommand' ...
2024-09-24 16:49:55.922 +05:30  DBG  Done attempting to validate the bound parameter 'command' of type 'Application.Ecom.Authentication.Commands.LoginUser.LoginUserCommand'.
2024-09-24 16:49:55.923 +05:30  VRB  Action Filter: Before executing OnActionExecuting on filter Microsoft.AspNetCore.Mvc.ModelBinding.UnsupportedContentTypeFilter.
2024-09-24 16:49:55.924 +05:30  VRB  Action Filter: After executing OnActionExecuting on filter Microsoft.AspNetCore.Mvc.ModelBinding.UnsupportedContentTypeFilter.
2024-09-24 16:49:55.926 +05:30  VRB  Action Filter: Before executing OnActionExecuting on filter Microsoft.AspNetCore.Mvc.Infrastructure.ModelStateInvalidFilter.
2024-09-24 16:49:55.927 +05:30  VRB  Action Filter: After executing OnActionExecuting on filter Microsoft.AspNetCore.Mvc.Infrastructure.ModelStateInvalidFilter.
2024-09-24 16:49:55.928 +05:30  INF  Executing action method Web.Ecommerce.Controllers.Account.AccountController.Login (Web.Ecommerce) - Validation state: "Valid"
2024-09-24 16:49:55.929 +05:30  VRB  Executing action method Web.Ecommerce.Controllers.Account.AccountController.Login (Web.Ecommerce) with arguments (["Application.Ecom.Authentication.Commands.LoginUser.LoginUserCommand"])
2024-09-24 16:49:55.930 +05:30  DBG  Entity Framework Core 8.0.8 initialized 'EcommerceDbContext' using provider 'Microsoft.EntityFrameworkCore.SqlServer:8.0.8' with options: None
2024-09-24 16:49:55.932 +05:30  DBG  Creating DbConnection.
2024-09-24 16:49:55.933 +05:30  DBG  Created DbConnection. (0ms).
2024-09-24 16:49:55.933 +05:30  DBG  Opening connection to database 'Ecommerce' on server 'FGS-DSK-230\MSSQLSERVER2019'.
2024-09-24 16:49:55.935 +05:30  DBG  Opened connection to database 'Ecommerce' on server 'FGS-DSK-230\MSSQLSERVER2019'.
2024-09-24 16:49:55.937 +05:30  DBG  Creating DbCommand for 'ExecuteReader'.
2024-09-24 16:49:55.937 +05:30  DBG  Created DbCommand for 'ExecuteReader' (0ms).
2024-09-24 16:49:55.938 +05:30  DBG  Initialized DbCommand for 'ExecuteReader' (1ms).
2024-09-24 16:49:55.940 +05:30  DBG  Executing DbCommand [Parameters=[@__normalizedEmail_0='?' (Size = 256)], CommandType='"Text"', CommandTimeout='30']
SELECT TOP(2) [a].[Id], [a].[AccessFailedCount], [a].[ConcurrencyStamp], [a].[CreatedAt], [a].[Email], [a].[EmailConfirmed], [a].[IsDeleted], [a].[IsVerified], [a].[LockoutEnabled], [a].[LockoutEnd], [a].[NormalizedEmail], [a].[NormalizedUserName], [a].[PasswordHash], [a].[PhoneNumber], [a].[PhoneNumberConfirmed], [a].[SecurityStamp], [a].[TwoFactorEnabled], [a].[UpdatedAt], [a].[UserName]
FROM [AspNetUsers] AS [a]
WHERE [a].[NormalizedEmail] = @__normalizedEmail_0
2024-09-24 16:49:55.943 +05:30  INF  Executed DbCommand (3ms) [Parameters=[@__normalizedEmail_0='?' (Size = 256)], CommandType='"Text"', CommandTimeout='30']
SELECT TOP(2) [a].[Id], [a].[AccessFailedCount], [a].[ConcurrencyStamp], [a].[CreatedAt], [a].[Email], [a].[EmailConfirmed], [a].[IsDeleted], [a].[IsVerified], [a].[LockoutEnabled], [a].[LockoutEnd], [a].[NormalizedEmail], [a].[NormalizedUserName], [a].[PasswordHash], [a].[PhoneNumber], [a].[PhoneNumberConfirmed], [a].[SecurityStamp], [a].[TwoFactorEnabled], [a].[UpdatedAt], [a].[UserName]
FROM [AspNetUsers] AS [a]
WHERE [a].[NormalizedEmail] = @__normalizedEmail_0
2024-09-24 16:49:55.945 +05:30  DBG  Context 'EcommerceDbContext' started tracking 'User' entity. Consider using 'DbContextOptionsBuilder.EnableSensitiveDataLogging' to see key values.
2024-09-24 16:49:55.946 +05:30  DBG  Closing data reader to 'Ecommerce' on server 'FGS-DSK-230\MSSQLSERVER2019'.
2024-09-24 16:49:55.947 +05:30  DBG  A data reader for 'Ecommerce' on server 'FGS-DSK-230\MSSQLSERVER2019' is being disposed after spending 1ms reading results.
2024-09-24 16:49:55.948 +05:30  DBG  Closing connection to database 'Ecommerce' on server 'FGS-DSK-230\MSSQLSERVER2019'.
2024-09-24 16:49:55.949 +05:30  DBG  Closed connection to database 'Ecommerce' on server 'FGS-DSK-230\MSSQLSERVER2019' (0ms).
2024-09-24 16:49:56.022 +05:30  DBG  Opening connection to database 'Ecommerce' on server 'FGS-DSK-230\MSSQLSERVER2019'.
2024-09-24 16:49:56.023 +05:30  DBG  Opened connection to database 'Ecommerce' on server 'FGS-DSK-230\MSSQLSERVER2019'.
2024-09-24 16:49:56.024 +05:30  DBG  Creating DbCommand for 'ExecuteReader'.
2024-09-24 16:49:56.025 +05:30  DBG  Created DbCommand for 'ExecuteReader' (0ms).
2024-09-24 16:49:56.026 +05:30  DBG  Initialized DbCommand for 'ExecuteReader' (1ms).
2024-09-24 16:49:56.027 +05:30  DBG  Executing DbCommand [Parameters=[@__userId_0='?' (DbType = Guid)], CommandType='"Text"', CommandTimeout='30']
SELECT [a0].[Name]
FROM [AspNetUserRoles] AS [a]
INNER JOIN [AspNetRoles] AS [a0] ON [a].[RoleId] = [a0].[Id]
WHERE [a].[UserId] = @__userId_0
2024-09-24 16:49:56.030 +05:30  INF  Executed DbCommand (3ms) [Parameters=[@__userId_0='?' (DbType = Guid)], CommandType='"Text"', CommandTimeout='30']
SELECT [a0].[Name]
FROM [AspNetUserRoles] AS [a]
INNER JOIN [AspNetRoles] AS [a0] ON [a].[RoleId] = [a0].[Id]
WHERE [a].[UserId] = @__userId_0
2024-09-24 16:49:56.032 +05:30  DBG  Closing data reader to 'Ecommerce' on server 'FGS-DSK-230\MSSQLSERVER2019'.
2024-09-24 16:49:56.033 +05:30  DBG  A data reader for 'Ecommerce' on server 'FGS-DSK-230\MSSQLSERVER2019' is being disposed after spending 0ms reading results.
2024-09-24 16:49:56.036 +05:30  DBG  Closing connection to database 'Ecommerce' on server 'FGS-DSK-230\MSSQLSERVER2019'.
2024-09-24 16:49:56.036 +05:30  DBG  Closed connection to database 'Ecommerce' on server 'FGS-DSK-230\MSSQLSERVER2019' (0ms).
2024-09-24 16:49:56.038 +05:30  INF  Executed action method Web.Ecommerce.Controllers.Account.AccountController.Login (Web.Ecommerce), returned result Microsoft.AspNetCore.Mvc.OkObjectResult in 107.6459ms.
2024-09-24 16:49:56.039 +05:30  VRB  Action Filter: Before executing OnActionExecuted on filter Microsoft.AspNetCore.Mvc.Infrastructure.ModelStateInvalidFilter.
2024-09-24 16:49:56.040 +05:30  VRB  Action Filter: After executing OnActionExecuted on filter Microsoft.AspNetCore.Mvc.Infrastructure.ModelStateInvalidFilter.
2024-09-24 16:49:56.041 +05:30  VRB  Action Filter: Before executing OnActionExecuted on filter Microsoft.AspNetCore.Mvc.ModelBinding.UnsupportedContentTypeFilter.
2024-09-24 16:49:56.042 +05:30  VRB  Action Filter: After executing OnActionExecuted on filter Microsoft.AspNetCore.Mvc.ModelBinding.UnsupportedContentTypeFilter.
2024-09-24 16:49:56.043 +05:30  VRB  Result Filter: Before executing OnResultExecuting on filter Microsoft.AspNetCore.Mvc.Infrastructure.ClientErrorResultFilter.
2024-09-24 16:49:56.045 +05:30  VRB  Result Filter: After executing OnResultExecuting on filter Microsoft.AspNetCore.Mvc.Infrastructure.ClientErrorResultFilter.
2024-09-24 16:49:56.046 +05:30  VRB  Before executing action result Microsoft.AspNetCore.Mvc.OkObjectResult.
2024-09-24 16:49:56.046 +05:30  DBG  List of registered output formatters, in the following order: ["Microsoft.AspNetCore.Mvc.Formatters.HttpNoContentOutputFormatter","Microsoft.AspNetCore.Mvc.Formatters.StringOutputFormatter","Microsoft.AspNetCore.Mvc.Formatters.StreamOutputFormatter","Microsoft.AspNetCore.Mvc.Formatters.SystemTextJsonOutputFormatter"]
2024-09-24 16:49:56.048 +05:30  DBG  No information found on request to perform content negotiation.
2024-09-24 16:49:56.048 +05:30  DBG  Attempting to select an output formatter without using a content type as no explicit content types were specified for the response.
2024-09-24 16:49:56.049 +05:30  DBG  Attempting to select the first formatter in the output formatters list which can write the result.
2024-09-24 16:49:56.050 +05:30  DBG  Selected output formatter 'Microsoft.AspNetCore.Mvc.Formatters.SystemTextJsonOutputFormatter' and content type 'application/json' to write the response.
2024-09-24 16:49:56.052 +05:30  INF  Executing OkObjectResult, writing value of type '<>f__AnonymousType1`3[[System.String, System.Private.CoreLib, Version=8.0.0.0, Culture=neutral, PublicKeyToken=7cec85d7bea7798e],[System.String, System.Private.CoreLib, Version=8.0.0.0, Culture=neutral, PublicKeyToken=7cec85d7bea7798e],[System.Collections.Generic.IEnumerable`1[[System.String, System.Private.CoreLib, Version=8.0.0.0, Culture=neutral, PublicKeyToken=7cec85d7bea7798e]], System.Private.CoreLib, Version=8.0.0.0, Culture=neutral, PublicKeyToken=7cec85d7bea7798e]]'.
2024-09-24 16:49:56.053 +05:30  VRB  After executing action result Microsoft.AspNetCore.Mvc.OkObjectResult.
2024-09-24 16:49:56.053 +05:30  VRB  Connection id "0HN6SED9F77PT" sending "HEADERS" frame for stream ID 15 with length 5 and flags "END_HEADERS".
2024-09-24 16:49:56.054 +05:30  VRB  Result Filter: Before executing OnResultExecuted on filter Microsoft.AspNetCore.Mvc.Infrastructure.ClientErrorResultFilter.
2024-09-24 16:49:56.056 +05:30  VRB  Connection id "0HN6SED9F77PT" sending "DATA" frame for stream ID 15 with length 582 and flags "NONE".
2024-09-24 16:49:56.057 +05:30  VRB  Result Filter: After executing OnResultExecuted on filter Microsoft.AspNetCore.Mvc.Infrastructure.ClientErrorResultFilter.
2024-09-24 16:49:56.060 +05:30  INF  Executed action Web.Ecommerce.Controllers.Account.AccountController.Login (Web.Ecommerce) in 149.641ms
2024-09-24 16:49:56.061 +05:30  INF  Executed endpoint 'Web.Ecommerce.Controllers.Account.AccountController.Login (Web.Ecommerce)'
2024-09-24 16:49:56.061 +05:30  DBG  'EcommerceDbContext' disposed.
2024-09-24 16:49:56.061 +05:30  VRB  Connection id "0HN6SED9F77PT" sending "DATA" frame for stream ID 15 with length 0 and flags "END_STREAM".
2024-09-24 16:49:56.062 +05:30  DBG  Disposing connection to database 'Ecommerce' on server 'FGS-DSK-230\MSSQLSERVER2019'.
2024-09-24 16:49:56.064 +05:30  VRB  Connection id "0HN6SED9F77PT" received "WINDOW_UPDATE" frame for stream ID 0 with length 4 and flags 0x0.
2024-09-24 16:49:56.065 +05:30  DBG  Disposed connection to database '' on server '' (2ms).
2024-09-24 16:49:56.068 +05:30  INF  Request finished HTTP/2 POST https://localhost:7113/api/Account/Login - 200 null application/json; charset=utf-8 178.9306ms
2024-09-24 16:50:04.941 +05:30  DBG  Connection id "0HN6SED9F77PT" received FIN.
2024-09-24 16:50:04.943 +05:30  DBG  Connection id "0HN6SED9F77PT" is closed. The last processed stream ID was 15.
2024-09-24 16:50:04.943 +05:30  DBG  The connection queue processing loop for 0HN6SED9F77PT completed.
2024-09-24 16:50:04.945 +05:30  DBG  Connection id "0HN6SED9F77PT" sending FIN because: "The Socket transport's send loop completed gracefully."
2024-09-24 16:50:04.947 +05:30  DBG  Connection id "0HN6SED9F77PT" stopped.
2024-09-24 17:00:18.868 +05:30  DBG  Connection id "0HN6SED9F77PU" accepted.
2024-09-24 17:00:18.875 +05:30  DBG  Connection id "0HN6SED9F77PU" started.
2024-09-24 17:00:18.879 +05:30  DBG  Connection 0HN6SED9F77PU established using the following protocol: "Tls12"
2024-09-24 17:00:18.884 +05:30  VRB  Connection id "0HN6SED9F77PU" sending "SETTINGS" frame for stream ID 0 with length 24 and flags "NONE".
2024-09-24 17:00:18.885 +05:30  VRB  Connection id "0HN6SED9F77PU" sending "WINDOW_UPDATE" frame for stream ID 0 with length 4 and flags 0x0.
2024-09-24 17:00:18.887 +05:30  VRB  Connection id "0HN6SED9F77PU" received "SETTINGS" frame for stream ID 0 with length 24 and flags "NONE".
2024-09-24 17:00:18.889 +05:30  VRB  Connection id "0HN6SED9F77PU" sending "SETTINGS" frame for stream ID 0 with length 0 and flags "ACK".
2024-09-24 17:00:18.890 +05:30  VRB  Connection id "0HN6SED9F77PU" received "WINDOW_UPDATE" frame for stream ID 0 with length 4 and flags 0x0.
2024-09-24 17:00:18.892 +05:30  VRB  Connection id "0HN6SED9F77PU" received "HEADERS" frame for stream ID 1 with length 335 and flags "END_STREAM, END_HEADERS, PRIORITY".
2024-09-24 17:00:18.893 +05:30  VRB  Connection id "0HN6SED9F77PU" received "SETTINGS" frame for stream ID 0 with length 0 and flags "ACK".
2024-09-24 17:00:18.893 +05:30  INF  Request starting HTTP/2 OPTIONS https://localhost:7113/api/Account/Login - null null
2024-09-24 17:00:18.897 +05:30  VRB  All hosts are allowed.
2024-09-24 17:00:18.898 +05:30  DBG  1 candidate(s) found for the request path '/api/Account/Login'
2024-09-24 17:00:18.899 +05:30  DBG  Request matched endpoint '405 HTTP Method Not Supported'
2024-09-24 17:00:18.899 +05:30  VRB  The endpoint does not specify the IRequestSizeLimitMetadata.
2024-09-24 17:00:18.900 +05:30  DBG  Static files was skipped as the request already matched an endpoint.
2024-09-24 17:00:18.900 +05:30  DBG  The request has an origin header: 'http://localhost:4200'.
2024-09-24 17:00:18.901 +05:30  INF  CORS policy execution successful.
2024-09-24 17:00:18.902 +05:30  DBG  The request is a preflight request.
2024-09-24 17:00:18.902 +05:30  INF  Request finished HTTP/2 OPTIONS https://localhost:7113/api/Account/Login - 204 null null 8.8644ms
2024-09-24 17:00:18.902 +05:30  VRB  Connection id "0HN6SED9F77PU" sending "HEADERS" frame for stream ID 1 with length 122 and flags "END_STREAM, END_HEADERS".
2024-09-24 17:00:18.908 +05:30  VRB  Connection id "0HN6SED9F77PU" received "HEADERS" frame for stream ID 3 with length 182 and flags "END_HEADERS, PRIORITY".
2024-09-24 17:00:18.910 +05:30  VRB  Connection id "0HN6SED9F77PU" received "DATA" frame for stream ID 3 with length 68 and flags "END_STREAM".
2024-09-24 17:00:18.910 +05:30  INF  Request starting HTTP/2 POST https://localhost:7113/api/Account/Login - application/json 68
2024-09-24 17:00:18.914 +05:30  VRB  All hosts are allowed.
2024-09-24 17:00:18.915 +05:30  DBG  1 candidate(s) found for the request path '/api/Account/Login'
2024-09-24 17:00:18.915 +05:30  DBG  Endpoint 'Web.Ecommerce.Controllers.Account.AccountController.Login (Web.Ecommerce)' with route pattern 'api/Account/Login' is valid for the request path '/api/Account/Login'
2024-09-24 17:00:18.917 +05:30  DBG  Request matched endpoint 'Web.Ecommerce.Controllers.Account.AccountController.Login (Web.Ecommerce)'
2024-09-24 17:00:18.917 +05:30  VRB  The endpoint does not specify the IRequestSizeLimitMetadata.
2024-09-24 17:00:18.918 +05:30  DBG  Static files was skipped as the request already matched an endpoint.
2024-09-24 17:00:18.918 +05:30  DBG  The request has an origin header: 'http://localhost:4200'.
2024-09-24 17:00:18.919 +05:30  INF  CORS policy execution successful.
2024-09-24 17:00:18.920 +05:30  DBG  AuthenticationScheme: Bearer was not authenticated.
2024-09-24 17:00:18.921 +05:30  INF  Executing endpoint 'Web.Ecommerce.Controllers.Account.AccountController.Login (Web.Ecommerce)'
2024-09-24 17:00:18.922 +05:30  INF  Route matched with {action = "Login", controller = "Account"}. Executing controller action with signature System.Threading.Tasks.Task`1[Microsoft.AspNetCore.Mvc.IActionResult] Login(Application.Ecom.Authentication.Commands.LoginUser.LoginUserCommand) on controller Web.Ecommerce.Controllers.Account.AccountController (Web.Ecommerce).
2024-09-24 17:00:18.926 +05:30  DBG  Execution plan of authorization filters (in the following order): ["None"]
2024-09-24 17:00:18.928 +05:30  DBG  Execution plan of resource filters (in the following order): ["None"]
2024-09-24 17:00:18.929 +05:30  DBG  Execution plan of action filters (in the following order): ["Microsoft.AspNetCore.Mvc.ModelBinding.UnsupportedContentTypeFilter (Order: -3000)","Microsoft.AspNetCore.Mvc.Infrastructure.ModelStateInvalidFilter (Order: -2000)"]
2024-09-24 17:00:18.931 +05:30  DBG  Execution plan of exception filters (in the following order): ["None"]
2024-09-24 17:00:18.932 +05:30  DBG  Execution plan of result filters (in the following order): ["Microsoft.AspNetCore.Mvc.Infrastructure.ClientErrorResultFilter (Order: -2000)"]
2024-09-24 17:00:18.934 +05:30  DBG  Executing controller factory for controller Web.Ecommerce.Controllers.Account.AccountController (Web.Ecommerce)
2024-09-24 17:00:18.935 +05:30  DBG  Executed controller factory for controller Web.Ecommerce.Controllers.Account.AccountController (Web.Ecommerce)
2024-09-24 17:00:18.936 +05:30  DBG  Attempting to bind parameter 'command' of type 'Application.Ecom.Authentication.Commands.LoginUser.LoginUserCommand' ...
2024-09-24 17:00:18.937 +05:30  DBG  Attempting to bind parameter 'command' of type 'Application.Ecom.Authentication.Commands.LoginUser.LoginUserCommand' using the name '' in request data ...
2024-09-24 17:00:18.940 +05:30  DBG  Selected input formatter 'Microsoft.AspNetCore.Mvc.Formatters.SystemTextJsonInputFormatter' for content type 'application/json'.
2024-09-24 17:00:18.941 +05:30  DBG  Connection id "0HN6SED9F77PU", Request id "0HN6SED9F77PU:00000003": started reading request body.
2024-09-24 17:00:18.942 +05:30  DBG  Connection id "0HN6SED9F77PU", Request id "0HN6SED9F77PU:00000003": done reading request body.
2024-09-24 17:00:18.944 +05:30  DBG  JSON input formatter succeeded, deserializing to type 'Application.Ecom.Authentication.Commands.LoginUser.LoginUserCommand'
2024-09-24 17:00:18.945 +05:30  DBG  Done attempting to bind parameter 'command' of type 'Application.Ecom.Authentication.Commands.LoginUser.LoginUserCommand'.
2024-09-24 17:00:18.946 +05:30  DBG  Done attempting to bind parameter 'command' of type 'Application.Ecom.Authentication.Commands.LoginUser.LoginUserCommand'.
2024-09-24 17:00:18.947 +05:30  DBG  Attempting to validate the bound parameter 'command' of type 'Application.Ecom.Authentication.Commands.LoginUser.LoginUserCommand' ...
2024-09-24 17:00:18.948 +05:30  DBG  Done attempting to validate the bound parameter 'command' of type 'Application.Ecom.Authentication.Commands.LoginUser.LoginUserCommand'.
2024-09-24 17:00:18.949 +05:30  VRB  Action Filter: Before executing OnActionExecuting on filter Microsoft.AspNetCore.Mvc.ModelBinding.UnsupportedContentTypeFilter.
2024-09-24 17:00:18.950 +05:30  VRB  Action Filter: After executing OnActionExecuting on filter Microsoft.AspNetCore.Mvc.ModelBinding.UnsupportedContentTypeFilter.
2024-09-24 17:00:18.951 +05:30  VRB  Action Filter: Before executing OnActionExecuting on filter Microsoft.AspNetCore.Mvc.Infrastructure.ModelStateInvalidFilter.
2024-09-24 17:00:18.952 +05:30  VRB  Action Filter: After executing OnActionExecuting on filter Microsoft.AspNetCore.Mvc.Infrastructure.ModelStateInvalidFilter.
2024-09-24 17:00:18.954 +05:30  INF  Executing action method Web.Ecommerce.Controllers.Account.AccountController.Login (Web.Ecommerce) - Validation state: "Valid"
2024-09-24 17:00:18.955 +05:30  VRB  Executing action method Web.Ecommerce.Controllers.Account.AccountController.Login (Web.Ecommerce) with arguments (["Application.Ecom.Authentication.Commands.LoginUser.LoginUserCommand"])
2024-09-24 17:00:18.959 +05:30  DBG  Entity Framework Core 8.0.8 initialized 'EcommerceDbContext' using provider 'Microsoft.EntityFrameworkCore.SqlServer:8.0.8' with options: None
2024-09-24 17:00:18.960 +05:30  DBG  Creating DbConnection.
2024-09-24 17:00:18.961 +05:30  DBG  Created DbConnection. (0ms).
2024-09-24 17:00:18.961 +05:30  DBG  Opening connection to database 'Ecommerce' on server 'FGS-DSK-230\MSSQLSERVER2019'.
2024-09-24 17:00:18.969 +05:30  DBG  Opened connection to database 'Ecommerce' on server 'FGS-DSK-230\MSSQLSERVER2019'.
2024-09-24 17:00:18.972 +05:30  DBG  Creating DbCommand for 'ExecuteReader'.
2024-09-24 17:00:18.973 +05:30  DBG  Created DbCommand for 'ExecuteReader' (0ms).
2024-09-24 17:00:18.974 +05:30  DBG  Initialized DbCommand for 'ExecuteReader' (1ms).
2024-09-24 17:00:18.975 +05:30  DBG  Executing DbCommand [Parameters=[@__normalizedEmail_0='?' (Size = 256)], CommandType='"Text"', CommandTimeout='30']
SELECT TOP(2) [a].[Id], [a].[AccessFailedCount], [a].[ConcurrencyStamp], [a].[CreatedAt], [a].[Email], [a].[EmailConfirmed], [a].[IsDeleted], [a].[IsVerified], [a].[LockoutEnabled], [a].[LockoutEnd], [a].[NormalizedEmail], [a].[NormalizedUserName], [a].[PasswordHash], [a].[PhoneNumber], [a].[PhoneNumberConfirmed], [a].[SecurityStamp], [a].[TwoFactorEnabled], [a].[UpdatedAt], [a].[UserName]
FROM [AspNetUsers] AS [a]
WHERE [a].[NormalizedEmail] = @__normalizedEmail_0
2024-09-24 17:00:18.979 +05:30  INF  Executed DbCommand (4ms) [Parameters=[@__normalizedEmail_0='?' (Size = 256)], CommandType='"Text"', CommandTimeout='30']
SELECT TOP(2) [a].[Id], [a].[AccessFailedCount], [a].[ConcurrencyStamp], [a].[CreatedAt], [a].[Email], [a].[EmailConfirmed], [a].[IsDeleted], [a].[IsVerified], [a].[LockoutEnabled], [a].[LockoutEnd], [a].[NormalizedEmail], [a].[NormalizedUserName], [a].[PasswordHash], [a].[PhoneNumber], [a].[PhoneNumberConfirmed], [a].[SecurityStamp], [a].[TwoFactorEnabled], [a].[UpdatedAt], [a].[UserName]
FROM [AspNetUsers] AS [a]
WHERE [a].[NormalizedEmail] = @__normalizedEmail_0
2024-09-24 17:00:18.982 +05:30  DBG  Context 'EcommerceDbContext' started tracking 'User' entity. Consider using 'DbContextOptionsBuilder.EnableSensitiveDataLogging' to see key values.
2024-09-24 17:00:18.983 +05:30  DBG  Closing data reader to 'Ecommerce' on server 'FGS-DSK-230\MSSQLSERVER2019'.
2024-09-24 17:00:18.984 +05:30  DBG  A data reader for 'Ecommerce' on server 'FGS-DSK-230\MSSQLSERVER2019' is being disposed after spending 2ms reading results.
2024-09-24 17:00:18.986 +05:30  DBG  Closing connection to database 'Ecommerce' on server 'FGS-DSK-230\MSSQLSERVER2019'.
2024-09-24 17:00:18.987 +05:30  DBG  Closed connection to database 'Ecommerce' on server 'FGS-DSK-230\MSSQLSERVER2019' (1ms).
2024-09-24 17:00:19.059 +05:30  DBG  Opening connection to database 'Ecommerce' on server 'FGS-DSK-230\MSSQLSERVER2019'.
2024-09-24 17:00:19.061 +05:30  DBG  Opened connection to database 'Ecommerce' on server 'FGS-DSK-230\MSSQLSERVER2019'.
2024-09-24 17:00:19.062 +05:30  DBG  Creating DbCommand for 'ExecuteReader'.
2024-09-24 17:00:19.063 +05:30  DBG  Created DbCommand for 'ExecuteReader' (0ms).
2024-09-24 17:00:19.064 +05:30  DBG  Initialized DbCommand for 'ExecuteReader' (1ms).
2024-09-24 17:00:19.065 +05:30  DBG  Executing DbCommand [Parameters=[@__userId_0='?' (DbType = Guid)], CommandType='"Text"', CommandTimeout='30']
SELECT [a0].[Name]
FROM [AspNetUserRoles] AS [a]
INNER JOIN [AspNetRoles] AS [a0] ON [a].[RoleId] = [a0].[Id]
WHERE [a].[UserId] = @__userId_0
2024-09-24 17:00:19.068 +05:30  INF  Executed DbCommand (4ms) [Parameters=[@__userId_0='?' (DbType = Guid)], CommandType='"Text"', CommandTimeout='30']
SELECT [a0].[Name]
FROM [AspNetUserRoles] AS [a]
INNER JOIN [AspNetRoles] AS [a0] ON [a].[RoleId] = [a0].[Id]
WHERE [a].[UserId] = @__userId_0
2024-09-24 17:00:19.072 +05:30  DBG  Closing data reader to 'Ecommerce' on server 'FGS-DSK-230\MSSQLSERVER2019'.
2024-09-24 17:00:19.073 +05:30  DBG  A data reader for 'Ecommerce' on server 'FGS-DSK-230\MSSQLSERVER2019' is being disposed after spending 1ms reading results.
2024-09-24 17:00:19.074 +05:30  DBG  Closing connection to database 'Ecommerce' on server 'FGS-DSK-230\MSSQLSERVER2019'.
2024-09-24 17:00:19.075 +05:30  DBG  Closed connection to database 'Ecommerce' on server 'FGS-DSK-230\MSSQLSERVER2019' (0ms).
2024-09-24 17:00:19.076 +05:30  INF  Executed action method Web.Ecommerce.Controllers.Account.AccountController.Login (Web.Ecommerce), returned result Microsoft.AspNetCore.Mvc.OkObjectResult in 119.0253ms.
2024-09-24 17:00:19.077 +05:30  VRB  Action Filter: Before executing OnActionExecuted on filter Microsoft.AspNetCore.Mvc.Infrastructure.ModelStateInvalidFilter.
2024-09-24 17:00:19.079 +05:30  VRB  Action Filter: After executing OnActionExecuted on filter Microsoft.AspNetCore.Mvc.Infrastructure.ModelStateInvalidFilter.
2024-09-24 17:00:19.080 +05:30  VRB  Action Filter: Before executing OnActionExecuted on filter Microsoft.AspNetCore.Mvc.ModelBinding.UnsupportedContentTypeFilter.
2024-09-24 17:00:19.081 +05:30  VRB  Action Filter: After executing OnActionExecuted on filter Microsoft.AspNetCore.Mvc.ModelBinding.UnsupportedContentTypeFilter.
2024-09-24 17:00:19.082 +05:30  VRB  Result Filter: Before executing OnResultExecuting on filter Microsoft.AspNetCore.Mvc.Infrastructure.ClientErrorResultFilter.
2024-09-24 17:00:19.083 +05:30  VRB  Result Filter: After executing OnResultExecuting on filter Microsoft.AspNetCore.Mvc.Infrastructure.ClientErrorResultFilter.
2024-09-24 17:00:19.084 +05:30  VRB  Before executing action result Microsoft.AspNetCore.Mvc.OkObjectResult.
2024-09-24 17:00:19.085 +05:30  DBG  List of registered output formatters, in the following order: ["Microsoft.AspNetCore.Mvc.Formatters.HttpNoContentOutputFormatter","Microsoft.AspNetCore.Mvc.Formatters.StringOutputFormatter","Microsoft.AspNetCore.Mvc.Formatters.StreamOutputFormatter","Microsoft.AspNetCore.Mvc.Formatters.SystemTextJsonOutputFormatter"]
2024-09-24 17:00:19.087 +05:30  DBG  No information found on request to perform content negotiation.
2024-09-24 17:00:19.087 +05:30  DBG  Attempting to select an output formatter without using a content type as no explicit content types were specified for the response.
2024-09-24 17:00:19.088 +05:30  DBG  Attempting to select the first formatter in the output formatters list which can write the result.
2024-09-24 17:00:19.089 +05:30  DBG  Selected output formatter 'Microsoft.AspNetCore.Mvc.Formatters.SystemTextJsonOutputFormatter' and content type 'application/json' to write the response.
2024-09-24 17:00:19.090 +05:30  INF  Executing OkObjectResult, writing value of type '<>f__AnonymousType1`3[[System.String, System.Private.CoreLib, Version=8.0.0.0, Culture=neutral, PublicKeyToken=7cec85d7bea7798e],[System.String, System.Private.CoreLib, Version=8.0.0.0, Culture=neutral, PublicKeyToken=7cec85d7bea7798e],[System.Collections.Generic.IEnumerable`1[[System.String, System.Private.CoreLib, Version=8.0.0.0, Culture=neutral, PublicKeyToken=7cec85d7bea7798e]], System.Private.CoreLib, Version=8.0.0.0, Culture=neutral, PublicKeyToken=7cec85d7bea7798e]]'.
2024-09-24 17:00:19.091 +05:30  VRB  After executing action result Microsoft.AspNetCore.Mvc.OkObjectResult.
2024-09-24 17:00:19.091 +05:30  VRB  Connection id "0HN6SED9F77PU" sending "HEADERS" frame for stream ID 3 with length 37 and flags "END_HEADERS".
2024-09-24 17:00:19.092 +05:30  VRB  Result Filter: Before executing OnResultExecuted on filter Microsoft.AspNetCore.Mvc.Infrastructure.ClientErrorResultFilter.
2024-09-24 17:00:19.093 +05:30  VRB  Result Filter: After executing OnResultExecuted on filter Microsoft.AspNetCore.Mvc.Infrastructure.ClientErrorResultFilter.
2024-09-24 17:00:19.094 +05:30  INF  Executed action Web.Ecommerce.Controllers.Account.AccountController.Login (Web.Ecommerce) in 160.7056ms
2024-09-24 17:00:19.096 +05:30  VRB  Connection id "0HN6SED9F77PU" sending "DATA" frame for stream ID 3 with length 582 and flags "NONE".
2024-09-24 17:00:19.097 +05:30  INF  Executed endpoint 'Web.Ecommerce.Controllers.Account.AccountController.Login (Web.Ecommerce)'
2024-09-24 17:00:19.100 +05:30  VRB  Connection id "0HN6SED9F77PU" sending "DATA" frame for stream ID 3 with length 0 and flags "END_STREAM".
2024-09-24 17:00:19.100 +05:30  DBG  'EcommerceDbContext' disposed.
2024-09-24 17:00:19.103 +05:30  DBG  Disposing connection to database 'Ecommerce' on server 'FGS-DSK-230\MSSQLSERVER2019'.
2024-09-24 17:00:19.104 +05:30  DBG  Disposed connection to database '' on server '' (1ms).
2024-09-24 17:00:19.105 +05:30  INF  Request finished HTTP/2 POST https://localhost:7113/api/Account/Login - 200 null application/json; charset=utf-8 195.6431ms
2024-09-24 17:03:19.741 +05:30  VRB  Connection id "0HN6SED9F77PU" received "HEADERS" frame for stream ID 5 with length 43 and flags "END_STREAM, END_HEADERS, PRIORITY".
2024-09-24 17:03:19.745 +05:30  VRB  Connection id "0HN6SED9F77PU" received "PING" frame for stream ID 0 with length 8 and flags "NONE".
2024-09-24 17:03:19.746 +05:30  INF  Request starting HTTP/2 OPTIONS https://localhost:7113/api/Account/Login - null null
2024-09-24 17:03:19.751 +05:30  VRB  Connection id "0HN6SED9F77PU" sending "PING" frame for stream ID 0 with length 8 and flags "ACK".
2024-09-24 17:03:19.754 +05:30  VRB  All hosts are allowed.
2024-09-24 17:03:19.760 +05:30  DBG  1 candidate(s) found for the request path '/api/Account/Login'
2024-09-24 17:03:19.761 +05:30  DBG  Request matched endpoint '405 HTTP Method Not Supported'
2024-09-24 17:03:19.762 +05:30  VRB  The endpoint does not specify the IRequestSizeLimitMetadata.
2024-09-24 17:03:19.762 +05:30  DBG  Static files was skipped as the request already matched an endpoint.
2024-09-24 17:03:19.763 +05:30  DBG  The request has an origin header: 'http://localhost:4200'.
2024-09-24 17:03:19.763 +05:30  INF  CORS policy execution successful.
2024-09-24 17:03:19.764 +05:30  DBG  The request is a preflight request.
2024-09-24 17:03:19.766 +05:30  INF  Request finished HTTP/2 OPTIONS https://localhost:7113/api/Account/Login - 204 null null 20.6227ms
2024-09-24 17:03:19.766 +05:30  VRB  Connection id "0HN6SED9F77PU" sending "HEADERS" frame for stream ID 5 with length 36 and flags "END_STREAM, END_HEADERS".
2024-09-24 17:03:19.771 +05:30  VRB  Connection id "0HN6SED9F77PU" received "HEADERS" frame for stream ID 7 with length 38 and flags "END_HEADERS, PRIORITY".
2024-09-24 17:03:19.773 +05:30  VRB  Connection id "0HN6SED9F77PU" received "DATA" frame for stream ID 7 with length 68 and flags "END_STREAM".
2024-09-24 17:03:19.773 +05:30  INF  Request starting HTTP/2 POST https://localhost:7113/api/Account/Login - application/json 68
2024-09-24 17:03:19.777 +05:30  VRB  All hosts are allowed.
2024-09-24 17:03:19.777 +05:30  DBG  1 candidate(s) found for the request path '/api/Account/Login'
2024-09-24 17:03:19.778 +05:30  DBG  Endpoint 'Web.Ecommerce.Controllers.Account.AccountController.Login (Web.Ecommerce)' with route pattern 'api/Account/Login' is valid for the request path '/api/Account/Login'
2024-09-24 17:03:19.779 +05:30  DBG  Request matched endpoint 'Web.Ecommerce.Controllers.Account.AccountController.Login (Web.Ecommerce)'
2024-09-24 17:03:19.780 +05:30  VRB  The endpoint does not specify the IRequestSizeLimitMetadata.
2024-09-24 17:03:19.781 +05:30  DBG  Static files was skipped as the request already matched an endpoint.
2024-09-24 17:03:19.782 +05:30  DBG  The request has an origin header: 'http://localhost:4200'.
2024-09-24 17:03:19.782 +05:30  INF  CORS policy execution successful.
2024-09-24 17:03:19.783 +05:30  DBG  AuthenticationScheme: Bearer was not authenticated.
2024-09-24 17:03:19.784 +05:30  INF  Executing endpoint 'Web.Ecommerce.Controllers.Account.AccountController.Login (Web.Ecommerce)'
2024-09-24 17:03:19.785 +05:30  INF  Route matched with {action = "Login", controller = "Account"}. Executing controller action with signature System.Threading.Tasks.Task`1[Microsoft.AspNetCore.Mvc.IActionResult] Login(Application.Ecom.Authentication.Commands.LoginUser.LoginUserCommand) on controller Web.Ecommerce.Controllers.Account.AccountController (Web.Ecommerce).
2024-09-24 17:03:19.787 +05:30  DBG  Execution plan of authorization filters (in the following order): ["None"]
2024-09-24 17:03:19.788 +05:30  DBG  Execution plan of resource filters (in the following order): ["None"]
2024-09-24 17:03:19.789 +05:30  DBG  Execution plan of action filters (in the following order): ["Microsoft.AspNetCore.Mvc.ModelBinding.UnsupportedContentTypeFilter (Order: -3000)","Microsoft.AspNetCore.Mvc.Infrastructure.ModelStateInvalidFilter (Order: -2000)"]
2024-09-24 17:03:19.792 +05:30  DBG  Execution plan of exception filters (in the following order): ["None"]
2024-09-24 17:03:19.793 +05:30  DBG  Execution plan of result filters (in the following order): ["Microsoft.AspNetCore.Mvc.Infrastructure.ClientErrorResultFilter (Order: -2000)"]
2024-09-24 17:03:19.794 +05:30  DBG  Executing controller factory for controller Web.Ecommerce.Controllers.Account.AccountController (Web.Ecommerce)
2024-09-24 17:03:19.795 +05:30  DBG  Executed controller factory for controller Web.Ecommerce.Controllers.Account.AccountController (Web.Ecommerce)
2024-09-24 17:03:19.796 +05:30  DBG  Attempting to bind parameter 'command' of type 'Application.Ecom.Authentication.Commands.LoginUser.LoginUserCommand' ...
2024-09-24 17:03:19.797 +05:30  DBG  Attempting to bind parameter 'command' of type 'Application.Ecom.Authentication.Commands.LoginUser.LoginUserCommand' using the name '' in request data ...
2024-09-24 17:03:19.798 +05:30  DBG  Selected input formatter 'Microsoft.AspNetCore.Mvc.Formatters.SystemTextJsonInputFormatter' for content type 'application/json'.
2024-09-24 17:03:19.799 +05:30  DBG  Connection id "0HN6SED9F77PU", Request id "0HN6SED9F77PU:00000007": started reading request body.
2024-09-24 17:03:19.800 +05:30  DBG  Connection id "0HN6SED9F77PU", Request id "0HN6SED9F77PU:00000007": done reading request body.
2024-09-24 17:03:19.801 +05:30  DBG  JSON input formatter succeeded, deserializing to type 'Application.Ecom.Authentication.Commands.LoginUser.LoginUserCommand'
2024-09-24 17:03:19.802 +05:30  DBG  Done attempting to bind parameter 'command' of type 'Application.Ecom.Authentication.Commands.LoginUser.LoginUserCommand'.
2024-09-24 17:03:19.803 +05:30  DBG  Done attempting to bind parameter 'command' of type 'Application.Ecom.Authentication.Commands.LoginUser.LoginUserCommand'.
2024-09-24 17:03:19.804 +05:30  DBG  Attempting to validate the bound parameter 'command' of type 'Application.Ecom.Authentication.Commands.LoginUser.LoginUserCommand' ...
2024-09-24 17:03:19.805 +05:30  DBG  Done attempting to validate the bound parameter 'command' of type 'Application.Ecom.Authentication.Commands.LoginUser.LoginUserCommand'.
2024-09-24 17:03:19.807 +05:30  VRB  Action Filter: Before executing OnActionExecuting on filter Microsoft.AspNetCore.Mvc.ModelBinding.UnsupportedContentTypeFilter.
2024-09-24 17:03:19.808 +05:30  VRB  Action Filter: After executing OnActionExecuting on filter Microsoft.AspNetCore.Mvc.ModelBinding.UnsupportedContentTypeFilter.
2024-09-24 17:03:19.809 +05:30  VRB  Action Filter: Before executing OnActionExecuting on filter Microsoft.AspNetCore.Mvc.Infrastructure.ModelStateInvalidFilter.
2024-09-24 17:03:19.810 +05:30  VRB  Action Filter: After executing OnActionExecuting on filter Microsoft.AspNetCore.Mvc.Infrastructure.ModelStateInvalidFilter.
2024-09-24 17:03:19.811 +05:30  INF  Executing action method Web.Ecommerce.Controllers.Account.AccountController.Login (Web.Ecommerce) - Validation state: "Valid"
2024-09-24 17:03:19.812 +05:30  VRB  Executing action method Web.Ecommerce.Controllers.Account.AccountController.Login (Web.Ecommerce) with arguments (["Application.Ecom.Authentication.Commands.LoginUser.LoginUserCommand"])
2024-09-24 17:03:19.815 +05:30  DBG  Entity Framework Core 8.0.8 initialized 'EcommerceDbContext' using provider 'Microsoft.EntityFrameworkCore.SqlServer:8.0.8' with options: None
2024-09-24 17:03:19.816 +05:30  DBG  Creating DbConnection.
2024-09-24 17:03:19.817 +05:30  DBG  Created DbConnection. (0ms).
2024-09-24 17:03:19.817 +05:30  DBG  Opening connection to database 'Ecommerce' on server 'FGS-DSK-230\MSSQLSERVER2019'.
2024-09-24 17:03:19.819 +05:30  DBG  Opened connection to database 'Ecommerce' on server 'FGS-DSK-230\MSSQLSERVER2019'.
2024-09-24 17:03:19.820 +05:30  DBG  Creating DbCommand for 'ExecuteReader'.
2024-09-24 17:03:19.821 +05:30  DBG  Created DbCommand for 'ExecuteReader' (0ms).
2024-09-24 17:03:19.821 +05:30  DBG  Initialized DbCommand for 'ExecuteReader' (1ms).
2024-09-24 17:03:19.823 +05:30  DBG  Executing DbCommand [Parameters=[@__normalizedEmail_0='?' (Size = 256)], CommandType='"Text"', CommandTimeout='30']
SELECT TOP(2) [a].[Id], [a].[AccessFailedCount], [a].[ConcurrencyStamp], [a].[CreatedAt], [a].[Email], [a].[EmailConfirmed], [a].[IsDeleted], [a].[IsVerified], [a].[LockoutEnabled], [a].[LockoutEnd], [a].[NormalizedEmail], [a].[NormalizedUserName], [a].[PasswordHash], [a].[PhoneNumber], [a].[PhoneNumberConfirmed], [a].[SecurityStamp], [a].[TwoFactorEnabled], [a].[UpdatedAt], [a].[UserName]
FROM [AspNetUsers] AS [a]
WHERE [a].[NormalizedEmail] = @__normalizedEmail_0
2024-09-24 17:03:19.828 +05:30  INF  Executed DbCommand (5ms) [Parameters=[@__normalizedEmail_0='?' (Size = 256)], CommandType='"Text"', CommandTimeout='30']
SELECT TOP(2) [a].[Id], [a].[AccessFailedCount], [a].[ConcurrencyStamp], [a].[CreatedAt], [a].[Email], [a].[EmailConfirmed], [a].[IsDeleted], [a].[IsVerified], [a].[LockoutEnabled], [a].[LockoutEnd], [a].[NormalizedEmail], [a].[NormalizedUserName], [a].[PasswordHash], [a].[PhoneNumber], [a].[PhoneNumberConfirmed], [a].[SecurityStamp], [a].[TwoFactorEnabled], [a].[UpdatedAt], [a].[UserName]
FROM [AspNetUsers] AS [a]
WHERE [a].[NormalizedEmail] = @__normalizedEmail_0
2024-09-24 17:03:19.830 +05:30  DBG  Context 'EcommerceDbContext' started tracking 'User' entity. Consider using 'DbContextOptionsBuilder.EnableSensitiveDataLogging' to see key values.
2024-09-24 17:03:19.831 +05:30  DBG  Closing data reader to 'Ecommerce' on server 'FGS-DSK-230\MSSQLSERVER2019'.
2024-09-24 17:03:19.832 +05:30  DBG  A data reader for 'Ecommerce' on server 'FGS-DSK-230\MSSQLSERVER2019' is being disposed after spending 2ms reading results.
2024-09-24 17:03:19.833 +05:30  DBG  Closing connection to database 'Ecommerce' on server 'FGS-DSK-230\MSSQLSERVER2019'.
2024-09-24 17:03:19.834 +05:30  DBG  Closed connection to database 'Ecommerce' on server 'FGS-DSK-230\MSSQLSERVER2019' (0ms).
2024-09-24 17:03:19.908 +05:30  DBG  Opening connection to database 'Ecommerce' on server 'FGS-DSK-230\MSSQLSERVER2019'.
2024-09-24 17:03:19.910 +05:30  DBG  Opened connection to database 'Ecommerce' on server 'FGS-DSK-230\MSSQLSERVER2019'.
2024-09-24 17:03:19.911 +05:30  DBG  Creating DbCommand for 'ExecuteReader'.
2024-09-24 17:03:19.912 +05:30  DBG  Created DbCommand for 'ExecuteReader' (1ms).
2024-09-24 17:03:19.913 +05:30  DBG  Initialized DbCommand for 'ExecuteReader' (2ms).
2024-09-24 17:03:19.914 +05:30  DBG  Executing DbCommand [Parameters=[@__userId_0='?' (DbType = Guid)], CommandType='"Text"', CommandTimeout='30']
SELECT [a0].[Name]
FROM [AspNetUserRoles] AS [a]
INNER JOIN [AspNetRoles] AS [a0] ON [a].[RoleId] = [a0].[Id]
WHERE [a].[UserId] = @__userId_0
2024-09-24 17:03:19.917 +05:30  INF  Executed DbCommand (4ms) [Parameters=[@__userId_0='?' (DbType = Guid)], CommandType='"Text"', CommandTimeout='30']
SELECT [a0].[Name]
FROM [AspNetUserRoles] AS [a]
INNER JOIN [AspNetRoles] AS [a0] ON [a].[RoleId] = [a0].[Id]
WHERE [a].[UserId] = @__userId_0
2024-09-24 17:03:19.920 +05:30  DBG  Closing data reader to 'Ecommerce' on server 'FGS-DSK-230\MSSQLSERVER2019'.
2024-09-24 17:03:19.921 +05:30  DBG  A data reader for 'Ecommerce' on server 'FGS-DSK-230\MSSQLSERVER2019' is being disposed after spending 0ms reading results.
2024-09-24 17:03:19.922 +05:30  DBG  Closing connection to database 'Ecommerce' on server 'FGS-DSK-230\MSSQLSERVER2019'.
2024-09-24 17:03:19.924 +05:30  DBG  Closed connection to database 'Ecommerce' on server 'FGS-DSK-230\MSSQLSERVER2019' (1ms).
2024-09-24 17:03:19.926 +05:30  INF  Executed action method Web.Ecommerce.Controllers.Account.AccountController.Login (Web.Ecommerce), returned result Microsoft.AspNetCore.Mvc.OkObjectResult in 111.9978ms.
2024-09-24 17:03:19.927 +05:30  VRB  Action Filter: Before executing OnActionExecuted on filter Microsoft.AspNetCore.Mvc.Infrastructure.ModelStateInvalidFilter.
2024-09-24 17:03:19.929 +05:30  VRB  Action Filter: After executing OnActionExecuted on filter Microsoft.AspNetCore.Mvc.Infrastructure.ModelStateInvalidFilter.
2024-09-24 17:03:19.930 +05:30  VRB  Action Filter: Before executing OnActionExecuted on filter Microsoft.AspNetCore.Mvc.ModelBinding.UnsupportedContentTypeFilter.
2024-09-24 17:03:19.931 +05:30  VRB  Action Filter: After executing OnActionExecuted on filter Microsoft.AspNetCore.Mvc.ModelBinding.UnsupportedContentTypeFilter.
2024-09-24 17:03:19.932 +05:30  VRB  Result Filter: Before executing OnResultExecuting on filter Microsoft.AspNetCore.Mvc.Infrastructure.ClientErrorResultFilter.
2024-09-24 17:03:19.933 +05:30  VRB  Result Filter: After executing OnResultExecuting on filter Microsoft.AspNetCore.Mvc.Infrastructure.ClientErrorResultFilter.
2024-09-24 17:03:19.934 +05:30  VRB  Before executing action result Microsoft.AspNetCore.Mvc.OkObjectResult.
2024-09-24 17:03:19.935 +05:30  DBG  List of registered output formatters, in the following order: ["Microsoft.AspNetCore.Mvc.Formatters.HttpNoContentOutputFormatter","Microsoft.AspNetCore.Mvc.Formatters.StringOutputFormatter","Microsoft.AspNetCore.Mvc.Formatters.StreamOutputFormatter","Microsoft.AspNetCore.Mvc.Formatters.SystemTextJsonOutputFormatter"]
2024-09-24 17:03:19.937 +05:30  DBG  No information found on request to perform content negotiation.
2024-09-24 17:03:19.937 +05:30  DBG  Attempting to select an output formatter without using a content type as no explicit content types were specified for the response.
2024-09-24 17:03:19.938 +05:30  DBG  Attempting to select the first formatter in the output formatters list which can write the result.
2024-09-24 17:03:19.939 +05:30  DBG  Selected output formatter 'Microsoft.AspNetCore.Mvc.Formatters.SystemTextJsonOutputFormatter' and content type 'application/json' to write the response.
2024-09-24 17:03:19.940 +05:30  INF  Executing OkObjectResult, writing value of type '<>f__AnonymousType1`3[[System.String, System.Private.CoreLib, Version=8.0.0.0, Culture=neutral, PublicKeyToken=7cec85d7bea7798e],[System.String, System.Private.CoreLib, Version=8.0.0.0, Culture=neutral, PublicKeyToken=7cec85d7bea7798e],[System.Collections.Generic.IEnumerable`1[[System.String, System.Private.CoreLib, Version=8.0.0.0, Culture=neutral, PublicKeyToken=7cec85d7bea7798e]], System.Private.CoreLib, Version=8.0.0.0, Culture=neutral, PublicKeyToken=7cec85d7bea7798e]]'.
2024-09-24 17:03:19.942 +05:30  VRB  After executing action result Microsoft.AspNetCore.Mvc.OkObjectResult.
2024-09-24 17:03:19.942 +05:30  VRB  Connection id "0HN6SED9F77PU" sending "HEADERS" frame for stream ID 7 with length 5 and flags "END_HEADERS".
2024-09-24 17:03:19.943 +05:30  VRB  Result Filter: Before executing OnResultExecuted on filter Microsoft.AspNetCore.Mvc.Infrastructure.ClientErrorResultFilter.
2024-09-24 17:03:19.945 +05:30  VRB  Connection id "0HN6SED9F77PU" sending "DATA" frame for stream ID 7 with length 582 and flags "NONE".
2024-09-24 17:03:19.946 +05:30  VRB  Result Filter: After executing OnResultExecuted on filter Microsoft.AspNetCore.Mvc.Infrastructure.ClientErrorResultFilter.
2024-09-24 17:03:19.949 +05:30  INF  Executed action Web.Ecommerce.Controllers.Account.AccountController.Login (Web.Ecommerce) in 154.7969ms
2024-09-24 17:03:19.950 +05:30  INF  Executed endpoint 'Web.Ecommerce.Controllers.Account.AccountController.Login (Web.Ecommerce)'
2024-09-24 17:03:19.950 +05:30  VRB  Connection id "0HN6SED9F77PU" sending "DATA" frame for stream ID 7 with length 0 and flags "END_STREAM".
2024-09-24 17:03:19.950 +05:30  DBG  'EcommerceDbContext' disposed.
2024-09-24 17:03:19.951 +05:30  VRB  Connection id "0HN6SED9F77PU" received "WINDOW_UPDATE" frame for stream ID 0 with length 4 and flags 0x0.
2024-09-24 17:03:19.959 +05:30  DBG  Disposing connection to database 'Ecommerce' on server 'FGS-DSK-230\MSSQLSERVER2019'.
2024-09-24 17:03:19.960 +05:30  DBG  Disposed connection to database '' on server '' (1ms).
2024-09-24 17:03:19.962 +05:30  INF  Request finished HTTP/2 POST https://localhost:7113/api/Account/Login - 200 null application/json; charset=utf-8 189.0183ms
2024-09-24 17:03:31.224 +05:30  DBG  Connection id "0HN6SED9F77PU" received FIN.
2024-09-24 17:03:31.226 +05:30  DBG  Connection id "0HN6SED9F77PU" is closed. The last processed stream ID was 7.
2024-09-24 17:03:31.227 +05:30  DBG  Connection id "0HN6SED9F77PU" sending FIN because: "The Socket transport's send loop completed gracefully."
2024-09-24 17:03:31.230 +05:30  DBG  The connection queue processing loop for 0HN6SED9F77PU completed.
2024-09-24 17:03:31.231 +05:30  DBG  Connection id "0HN6SED9F77PU" stopped.
2024-09-24 17:10:43.366 +05:30  DBG  Connection id "0HN6SED9F77PV" accepted.
2024-09-24 17:10:43.370 +05:30  DBG  Connection id "0HN6SED9F77PV" started.
2024-09-24 17:10:43.372 +05:30  DBG  Connection 0HN6SED9F77PV established using the following protocol: "Tls12"
2024-09-24 17:10:43.378 +05:30  VRB  Connection id "0HN6SED9F77PV" sending "SETTINGS" frame for stream ID 0 with length 24 and flags "NONE".
2024-09-24 17:10:43.380 +05:30  VRB  Connection id "0HN6SED9F77PV" sending "WINDOW_UPDATE" frame for stream ID 0 with length 4 and flags 0x0.
2024-09-24 17:10:43.381 +05:30  VRB  Connection id "0HN6SED9F77PV" received "SETTINGS" frame for stream ID 0 with length 24 and flags "NONE".
2024-09-24 17:10:43.383 +05:30  VRB  Connection id "0HN6SED9F77PV" sending "SETTINGS" frame for stream ID 0 with length 0 and flags "ACK".
2024-09-24 17:10:43.384 +05:30  VRB  Connection id "0HN6SED9F77PV" received "WINDOW_UPDATE" frame for stream ID 0 with length 4 and flags 0x0.
2024-09-24 17:10:43.385 +05:30  VRB  Connection id "0HN6SED9F77PV" received "HEADERS" frame for stream ID 1 with length 335 and flags "END_STREAM, END_HEADERS, PRIORITY".
2024-09-24 17:10:43.387 +05:30  VRB  Connection id "0HN6SED9F77PV" received "SETTINGS" frame for stream ID 0 with length 0 and flags "ACK".
2024-09-24 17:10:43.387 +05:30  INF  Request starting HTTP/2 OPTIONS https://localhost:7113/api/Account/Login - null null
2024-09-24 17:10:43.391 +05:30  VRB  All hosts are allowed.
2024-09-24 17:10:43.393 +05:30  DBG  1 candidate(s) found for the request path '/api/Account/Login'
2024-09-24 17:10:43.394 +05:30  DBG  Request matched endpoint '405 HTTP Method Not Supported'
2024-09-24 17:10:43.395 +05:30  VRB  The endpoint does not specify the IRequestSizeLimitMetadata.
2024-09-24 17:10:43.396 +05:30  DBG  Static files was skipped as the request already matched an endpoint.
2024-09-24 17:10:43.396 +05:30  DBG  The request has an origin header: 'http://localhost:4200'.
2024-09-24 17:10:43.397 +05:30  INF  CORS policy execution successful.
2024-09-24 17:10:43.398 +05:30  DBG  The request is a preflight request.
2024-09-24 17:10:43.398 +05:30  INF  Request finished HTTP/2 OPTIONS https://localhost:7113/api/Account/Login - 204 null null 11.3659ms
2024-09-24 17:10:43.398 +05:30  VRB  Connection id "0HN6SED9F77PV" sending "HEADERS" frame for stream ID 1 with length 122 and flags "END_STREAM, END_HEADERS".
2024-09-24 17:10:43.403 +05:30  VRB  Connection id "0HN6SED9F77PV" received "HEADERS" frame for stream ID 3 with length 182 and flags "END_HEADERS, PRIORITY".
2024-09-24 17:10:43.404 +05:30  VRB  Connection id "0HN6SED9F77PV" received "DATA" frame for stream ID 3 with length 68 and flags "END_STREAM".
2024-09-24 17:10:43.404 +05:30  INF  Request starting HTTP/2 POST https://localhost:7113/api/Account/Login - application/json 68
2024-09-24 17:10:43.409 +05:30  VRB  All hosts are allowed.
2024-09-24 17:10:43.410 +05:30  DBG  1 candidate(s) found for the request path '/api/Account/Login'
2024-09-24 17:10:43.411 +05:30  DBG  Endpoint 'Web.Ecommerce.Controllers.Account.AccountController.Login (Web.Ecommerce)' with route pattern 'api/Account/Login' is valid for the request path '/api/Account/Login'
2024-09-24 17:10:43.413 +05:30  DBG  Request matched endpoint 'Web.Ecommerce.Controllers.Account.AccountController.Login (Web.Ecommerce)'
2024-09-24 17:10:43.414 +05:30  VRB  The endpoint does not specify the IRequestSizeLimitMetadata.
2024-09-24 17:10:43.414 +05:30  DBG  Static files was skipped as the request already matched an endpoint.
2024-09-24 17:10:43.415 +05:30  DBG  The request has an origin header: 'http://localhost:4200'.
2024-09-24 17:10:43.415 +05:30  INF  CORS policy execution successful.
2024-09-24 17:10:43.416 +05:30  DBG  AuthenticationScheme: Bearer was not authenticated.
2024-09-24 17:10:43.417 +05:30  INF  Executing endpoint 'Web.Ecommerce.Controllers.Account.AccountController.Login (Web.Ecommerce)'
2024-09-24 17:10:43.418 +05:30  INF  Route matched with {action = "Login", controller = "Account"}. Executing controller action with signature System.Threading.Tasks.Task`1[Microsoft.AspNetCore.Mvc.IActionResult] Login(Application.Ecom.Authentication.Commands.LoginUser.LoginUserCommand) on controller Web.Ecommerce.Controllers.Account.AccountController (Web.Ecommerce).
2024-09-24 17:10:43.419 +05:30  DBG  Execution plan of authorization filters (in the following order): ["None"]
2024-09-24 17:10:43.421 +05:30  DBG  Execution plan of resource filters (in the following order): ["None"]
2024-09-24 17:10:43.422 +05:30  DBG  Execution plan of action filters (in the following order): ["Microsoft.AspNetCore.Mvc.ModelBinding.UnsupportedContentTypeFilter (Order: -3000)","Microsoft.AspNetCore.Mvc.Infrastructure.ModelStateInvalidFilter (Order: -2000)"]
2024-09-24 17:10:43.423 +05:30  DBG  Execution plan of exception filters (in the following order): ["None"]
2024-09-24 17:10:43.425 +05:30  DBG  Execution plan of result filters (in the following order): ["Microsoft.AspNetCore.Mvc.Infrastructure.ClientErrorResultFilter (Order: -2000)"]
2024-09-24 17:10:43.427 +05:30  DBG  Executing controller factory for controller Web.Ecommerce.Controllers.Account.AccountController (Web.Ecommerce)
2024-09-24 17:10:43.429 +05:30  DBG  Executed controller factory for controller Web.Ecommerce.Controllers.Account.AccountController (Web.Ecommerce)
2024-09-24 17:10:43.430 +05:30  DBG  Attempting to bind parameter 'command' of type 'Application.Ecom.Authentication.Commands.LoginUser.LoginUserCommand' ...
2024-09-24 17:10:43.431 +05:30  DBG  Attempting to bind parameter 'command' of type 'Application.Ecom.Authentication.Commands.LoginUser.LoginUserCommand' using the name '' in request data ...
2024-09-24 17:10:43.432 +05:30  DBG  Selected input formatter 'Microsoft.AspNetCore.Mvc.Formatters.SystemTextJsonInputFormatter' for content type 'application/json'.
2024-09-24 17:10:43.434 +05:30  DBG  Connection id "0HN6SED9F77PV", Request id "0HN6SED9F77PV:00000003": started reading request body.
2024-09-24 17:10:43.434 +05:30  DBG  Connection id "0HN6SED9F77PV", Request id "0HN6SED9F77PV:00000003": done reading request body.
2024-09-24 17:10:43.436 +05:30  DBG  JSON input formatter succeeded, deserializing to type 'Application.Ecom.Authentication.Commands.LoginUser.LoginUserCommand'
2024-09-24 17:10:43.436 +05:30  DBG  Done attempting to bind parameter 'command' of type 'Application.Ecom.Authentication.Commands.LoginUser.LoginUserCommand'.
2024-09-24 17:10:43.437 +05:30  DBG  Done attempting to bind parameter 'command' of type 'Application.Ecom.Authentication.Commands.LoginUser.LoginUserCommand'.
2024-09-24 17:10:43.438 +05:30  DBG  Attempting to validate the bound parameter 'command' of type 'Application.Ecom.Authentication.Commands.LoginUser.LoginUserCommand' ...
2024-09-24 17:10:43.439 +05:30  DBG  Done attempting to validate the bound parameter 'command' of type 'Application.Ecom.Authentication.Commands.LoginUser.LoginUserCommand'.
2024-09-24 17:10:43.441 +05:30  VRB  Action Filter: Before executing OnActionExecuting on filter Microsoft.AspNetCore.Mvc.ModelBinding.UnsupportedContentTypeFilter.
2024-09-24 17:10:43.443 +05:30  VRB  Action Filter: After executing OnActionExecuting on filter Microsoft.AspNetCore.Mvc.ModelBinding.UnsupportedContentTypeFilter.
2024-09-24 17:10:43.444 +05:30  VRB  Action Filter: Before executing OnActionExecuting on filter Microsoft.AspNetCore.Mvc.Infrastructure.ModelStateInvalidFilter.
2024-09-24 17:10:43.445 +05:30  VRB  Action Filter: After executing OnActionExecuting on filter Microsoft.AspNetCore.Mvc.Infrastructure.ModelStateInvalidFilter.
2024-09-24 17:10:43.446 +05:30  INF  Executing action method Web.Ecommerce.Controllers.Account.AccountController.Login (Web.Ecommerce) - Validation state: "Valid"
2024-09-24 17:10:43.447 +05:30  VRB  Executing action method Web.Ecommerce.Controllers.Account.AccountController.Login (Web.Ecommerce) with arguments (["Application.Ecom.Authentication.Commands.LoginUser.LoginUserCommand"])
2024-09-24 17:10:43.449 +05:30  DBG  Entity Framework Core 8.0.8 initialized 'EcommerceDbContext' using provider 'Microsoft.EntityFrameworkCore.SqlServer:8.0.8' with options: None
2024-09-24 17:10:43.451 +05:30  DBG  Creating DbConnection.
2024-09-24 17:10:43.451 +05:30  DBG  Created DbConnection. (0ms).
2024-09-24 17:10:43.452 +05:30  DBG  Opening connection to database 'Ecommerce' on server 'FGS-DSK-230\MSSQLSERVER2019'.
2024-09-24 17:10:43.460 +05:30  DBG  Opened connection to database 'Ecommerce' on server 'FGS-DSK-230\MSSQLSERVER2019'.
2024-09-24 17:10:43.462 +05:30  DBG  Creating DbCommand for 'ExecuteReader'.
2024-09-24 17:10:43.463 +05:30  DBG  Created DbCommand for 'ExecuteReader' (0ms).
2024-09-24 17:10:43.464 +05:30  DBG  Initialized DbCommand for 'ExecuteReader' (1ms).
2024-09-24 17:10:43.465 +05:30  DBG  Executing DbCommand [Parameters=[@__normalizedEmail_0='?' (Size = 256)], CommandType='"Text"', CommandTimeout='30']
SELECT TOP(2) [a].[Id], [a].[AccessFailedCount], [a].[ConcurrencyStamp], [a].[CreatedAt], [a].[Email], [a].[EmailConfirmed], [a].[IsDeleted], [a].[IsVerified], [a].[LockoutEnabled], [a].[LockoutEnd], [a].[NormalizedEmail], [a].[NormalizedUserName], [a].[PasswordHash], [a].[PhoneNumber], [a].[PhoneNumberConfirmed], [a].[SecurityStamp], [a].[TwoFactorEnabled], [a].[UpdatedAt], [a].[UserName]
FROM [AspNetUsers] AS [a]
WHERE [a].[NormalizedEmail] = @__normalizedEmail_0
2024-09-24 17:10:43.470 +05:30  INF  Executed DbCommand (5ms) [Parameters=[@__normalizedEmail_0='?' (Size = 256)], CommandType='"Text"', CommandTimeout='30']
SELECT TOP(2) [a].[Id], [a].[AccessFailedCount], [a].[ConcurrencyStamp], [a].[CreatedAt], [a].[Email], [a].[EmailConfirmed], [a].[IsDeleted], [a].[IsVerified], [a].[LockoutEnabled], [a].[LockoutEnd], [a].[NormalizedEmail], [a].[NormalizedUserName], [a].[PasswordHash], [a].[PhoneNumber], [a].[PhoneNumberConfirmed], [a].[SecurityStamp], [a].[TwoFactorEnabled], [a].[UpdatedAt], [a].[UserName]
FROM [AspNetUsers] AS [a]
WHERE [a].[NormalizedEmail] = @__normalizedEmail_0
2024-09-24 17:10:43.474 +05:30  DBG  Context 'EcommerceDbContext' started tracking 'User' entity. Consider using 'DbContextOptionsBuilder.EnableSensitiveDataLogging' to see key values.
2024-09-24 17:10:43.475 +05:30  DBG  Closing data reader to 'Ecommerce' on server 'FGS-DSK-230\MSSQLSERVER2019'.
2024-09-24 17:10:43.476 +05:30  DBG  A data reader for 'Ecommerce' on server 'FGS-DSK-230\MSSQLSERVER2019' is being disposed after spending 2ms reading results.
2024-09-24 17:10:43.477 +05:30  DBG  Closing connection to database 'Ecommerce' on server 'FGS-DSK-230\MSSQLSERVER2019'.
2024-09-24 17:10:43.478 +05:30  DBG  Closed connection to database 'Ecommerce' on server 'FGS-DSK-230\MSSQLSERVER2019' (0ms).
2024-09-24 17:10:43.550 +05:30  DBG  Opening connection to database 'Ecommerce' on server 'FGS-DSK-230\MSSQLSERVER2019'.
2024-09-24 17:10:43.552 +05:30  DBG  Opened connection to database 'Ecommerce' on server 'FGS-DSK-230\MSSQLSERVER2019'.
2024-09-24 17:10:43.553 +05:30  DBG  Creating DbCommand for 'ExecuteReader'.
2024-09-24 17:10:43.554 +05:30  DBG  Created DbCommand for 'ExecuteReader' (0ms).
2024-09-24 17:10:43.555 +05:30  DBG  Initialized DbCommand for 'ExecuteReader' (1ms).
2024-09-24 17:10:43.556 +05:30  DBG  Executing DbCommand [Parameters=[@__userId_0='?' (DbType = Guid)], CommandType='"Text"', CommandTimeout='30']
SELECT [a0].[Name]
FROM [AspNetUserRoles] AS [a]
INNER JOIN [AspNetRoles] AS [a0] ON [a].[RoleId] = [a0].[Id]
WHERE [a].[UserId] = @__userId_0
2024-09-24 17:10:43.560 +05:30  INF  Executed DbCommand (5ms) [Parameters=[@__userId_0='?' (DbType = Guid)], CommandType='"Text"', CommandTimeout='30']
SELECT [a0].[Name]
FROM [AspNetUserRoles] AS [a]
INNER JOIN [AspNetRoles] AS [a0] ON [a].[RoleId] = [a0].[Id]
WHERE [a].[UserId] = @__userId_0
2024-09-24 17:10:43.563 +05:30  DBG  Closing data reader to 'Ecommerce' on server 'FGS-DSK-230\MSSQLSERVER2019'.
2024-09-24 17:10:43.563 +05:30  DBG  A data reader for 'Ecommerce' on server 'FGS-DSK-230\MSSQLSERVER2019' is being disposed after spending 0ms reading results.
2024-09-24 17:10:43.565 +05:30  DBG  Closing connection to database 'Ecommerce' on server 'FGS-DSK-230\MSSQLSERVER2019'.
2024-09-24 17:10:43.566 +05:30  DBG  Closed connection to database 'Ecommerce' on server 'FGS-DSK-230\MSSQLSERVER2019' (0ms).
2024-09-24 17:10:43.567 +05:30  INF  Executed action method Web.Ecommerce.Controllers.Account.AccountController.Login (Web.Ecommerce), returned result Microsoft.AspNetCore.Mvc.OkObjectResult in 118.7489ms.
2024-09-24 17:10:43.568 +05:30  VRB  Action Filter: Before executing OnActionExecuted on filter Microsoft.AspNetCore.Mvc.Infrastructure.ModelStateInvalidFilter.
2024-09-24 17:10:43.569 +05:30  VRB  Action Filter: After executing OnActionExecuted on filter Microsoft.AspNetCore.Mvc.Infrastructure.ModelStateInvalidFilter.
2024-09-24 17:10:43.570 +05:30  VRB  Action Filter: Before executing OnActionExecuted on filter Microsoft.AspNetCore.Mvc.ModelBinding.UnsupportedContentTypeFilter.
2024-09-24 17:10:43.571 +05:30  VRB  Action Filter: After executing OnActionExecuted on filter Microsoft.AspNetCore.Mvc.ModelBinding.UnsupportedContentTypeFilter.
2024-09-24 17:10:43.573 +05:30  VRB  Result Filter: Before executing OnResultExecuting on filter Microsoft.AspNetCore.Mvc.Infrastructure.ClientErrorResultFilter.
2024-09-24 17:10:43.574 +05:30  VRB  Result Filter: After executing OnResultExecuting on filter Microsoft.AspNetCore.Mvc.Infrastructure.ClientErrorResultFilter.
2024-09-24 17:10:43.576 +05:30  VRB  Before executing action result Microsoft.AspNetCore.Mvc.OkObjectResult.
2024-09-24 17:10:43.576 +05:30  DBG  List of registered output formatters, in the following order: ["Microsoft.AspNetCore.Mvc.Formatters.HttpNoContentOutputFormatter","Microsoft.AspNetCore.Mvc.Formatters.StringOutputFormatter","Microsoft.AspNetCore.Mvc.Formatters.StreamOutputFormatter","Microsoft.AspNetCore.Mvc.Formatters.SystemTextJsonOutputFormatter"]
2024-09-24 17:10:43.578 +05:30  DBG  No information found on request to perform content negotiation.
2024-09-24 17:10:43.579 +05:30  DBG  Attempting to select an output formatter without using a content type as no explicit content types were specified for the response.
2024-09-24 17:10:43.580 +05:30  DBG  Attempting to select the first formatter in the output formatters list which can write the result.
2024-09-24 17:10:43.580 +05:30  DBG  Selected output formatter 'Microsoft.AspNetCore.Mvc.Formatters.SystemTextJsonOutputFormatter' and content type 'application/json' to write the response.
2024-09-24 17:10:43.581 +05:30  INF  Executing OkObjectResult, writing value of type '<>f__AnonymousType1`3[[System.String, System.Private.CoreLib, Version=8.0.0.0, Culture=neutral, PublicKeyToken=7cec85d7bea7798e],[System.String, System.Private.CoreLib, Version=8.0.0.0, Culture=neutral, PublicKeyToken=7cec85d7bea7798e],[System.Collections.Generic.IEnumerable`1[[System.String, System.Private.CoreLib, Version=8.0.0.0, Culture=neutral, PublicKeyToken=7cec85d7bea7798e]], System.Private.CoreLib, Version=8.0.0.0, Culture=neutral, PublicKeyToken=7cec85d7bea7798e]]'.
2024-09-24 17:10:43.586 +05:30  VRB  After executing action result Microsoft.AspNetCore.Mvc.OkObjectResult.
2024-09-24 17:10:43.586 +05:30  VRB  Connection id "0HN6SED9F77PV" sending "HEADERS" frame for stream ID 3 with length 67 and flags "END_HEADERS".
2024-09-24 17:10:43.587 +05:30  VRB  Result Filter: Before executing OnResultExecuted on filter Microsoft.AspNetCore.Mvc.Infrastructure.ClientErrorResultFilter.
2024-09-24 17:10:43.589 +05:30  VRB  Connection id "0HN6SED9F77PV" sending "DATA" frame for stream ID 3 with length 582 and flags "NONE".
2024-09-24 17:10:43.590 +05:30  VRB  Result Filter: After executing OnResultExecuted on filter Microsoft.AspNetCore.Mvc.Infrastructure.ClientErrorResultFilter.
2024-09-24 17:10:43.593 +05:30  INF  Executed action Web.Ecommerce.Controllers.Account.AccountController.Login (Web.Ecommerce) in 166.0573ms
2024-09-24 17:10:43.594 +05:30  INF  Executed endpoint 'Web.Ecommerce.Controllers.Account.AccountController.Login (Web.Ecommerce)'
2024-09-24 17:10:43.595 +05:30  DBG  'EcommerceDbContext' disposed.
2024-09-24 17:10:43.595 +05:30  VRB  Connection id "0HN6SED9F77PV" sending "DATA" frame for stream ID 3 with length 0 and flags "END_STREAM".
2024-09-24 17:10:43.596 +05:30  DBG  Disposing connection to database 'Ecommerce' on server 'FGS-DSK-230\MSSQLSERVER2019'.
2024-09-24 17:10:43.597 +05:30  DBG  Disposed connection to database '' on server '' (1ms).
2024-09-24 17:10:43.600 +05:30  INF  Request finished HTTP/2 POST https://localhost:7113/api/Account/Login - 200 null application/json; charset=utf-8 195.8661ms
2024-09-24 17:13:02.164 +05:30  DBG  Connection id "0HN6SED9F77PV" received FIN.
2024-09-24 17:13:02.222 +05:30  DBG  Connection id "0HN6SED9F77PV" is closed. The last processed stream ID was 3.
2024-09-24 17:13:02.222 +05:30  DBG  The connection queue processing loop for 0HN6SED9F77PV completed.
2024-09-24 17:13:02.224 +05:30  DBG  Connection id "0HN6SED9F77PV" sending FIN because: "The Socket transport's send loop completed gracefully."
2024-09-24 17:13:02.236 +05:30  DBG  Connection id "0HN6SED9F77PV" stopped.
2024-09-24 17:16:55.578 +05:30  DBG  Connection id "0HN6SED9F77Q0" accepted.
2024-09-24 17:16:55.583 +05:30  DBG  Connection id "0HN6SED9F77Q0" started.
2024-09-24 17:16:55.587 +05:30  DBG  Connection 0HN6SED9F77Q0 established using the following protocol: "Tls12"
2024-09-24 17:16:55.592 +05:30  VRB  Connection id "0HN6SED9F77Q0" sending "SETTINGS" frame for stream ID 0 with length 24 and flags "NONE".
2024-09-24 17:16:55.593 +05:30  VRB  Connection id "0HN6SED9F77Q0" sending "WINDOW_UPDATE" frame for stream ID 0 with length 4 and flags 0x0.
2024-09-24 17:16:55.596 +05:30  VRB  Connection id "0HN6SED9F77Q0" received "SETTINGS" frame for stream ID 0 with length 24 and flags "NONE".
2024-09-24 17:16:55.598 +05:30  VRB  Connection id "0HN6SED9F77Q0" sending "SETTINGS" frame for stream ID 0 with length 0 and flags "ACK".
2024-09-24 17:16:55.600 +05:30  VRB  Connection id "0HN6SED9F77Q0" received "WINDOW_UPDATE" frame for stream ID 0 with length 4 and flags 0x0.
2024-09-24 17:16:55.601 +05:30  VRB  Connection id "0HN6SED9F77Q0" received "HEADERS" frame for stream ID 1 with length 335 and flags "END_STREAM, END_HEADERS, PRIORITY".
2024-09-24 17:16:55.604 +05:30  VRB  Connection id "0HN6SED9F77Q0" received "SETTINGS" frame for stream ID 0 with length 0 and flags "ACK".
2024-09-24 17:16:55.604 +05:30  INF  Request starting HTTP/2 OPTIONS https://localhost:7113/api/Account/Login - null null
2024-09-24 17:16:55.607 +05:30  VRB  All hosts are allowed.
2024-09-24 17:16:55.608 +05:30  DBG  1 candidate(s) found for the request path '/api/Account/Login'
2024-09-24 17:16:55.609 +05:30  DBG  Request matched endpoint '405 HTTP Method Not Supported'
2024-09-24 17:16:55.610 +05:30  VRB  The endpoint does not specify the IRequestSizeLimitMetadata.
2024-09-24 17:16:55.611 +05:30  DBG  Static files was skipped as the request already matched an endpoint.
2024-09-24 17:16:55.612 +05:30  DBG  The request has an origin header: 'http://localhost:4200'.
2024-09-24 17:16:55.613 +05:30  INF  CORS policy execution successful.
2024-09-24 17:16:55.614 +05:30  DBG  The request is a preflight request.
2024-09-24 17:16:55.614 +05:30  INF  Request finished HTTP/2 OPTIONS https://localhost:7113/api/Account/Login - 204 null null 10.6882ms
2024-09-24 17:16:55.615 +05:30  VRB  Connection id "0HN6SED9F77Q0" sending "HEADERS" frame for stream ID 1 with length 122 and flags "END_STREAM, END_HEADERS".
2024-09-24 17:16:55.621 +05:30  VRB  Connection id "0HN6SED9F77Q0" received "HEADERS" frame for stream ID 3 with length 182 and flags "END_HEADERS, PRIORITY".
2024-09-24 17:16:55.623 +05:30  VRB  Connection id "0HN6SED9F77Q0" received "DATA" frame for stream ID 3 with length 68 and flags "END_STREAM".
2024-09-24 17:16:55.623 +05:30  INF  Request starting HTTP/2 POST https://localhost:7113/api/Account/Login - application/json 68
2024-09-24 17:16:55.627 +05:30  VRB  All hosts are allowed.
2024-09-24 17:16:55.628 +05:30  DBG  1 candidate(s) found for the request path '/api/Account/Login'
2024-09-24 17:16:55.629 +05:30  DBG  Endpoint 'Web.Ecommerce.Controllers.Account.AccountController.Login (Web.Ecommerce)' with route pattern 'api/Account/Login' is valid for the request path '/api/Account/Login'
2024-09-24 17:16:55.630 +05:30  DBG  Request matched endpoint 'Web.Ecommerce.Controllers.Account.AccountController.Login (Web.Ecommerce)'
2024-09-24 17:16:55.631 +05:30  VRB  The endpoint does not specify the IRequestSizeLimitMetadata.
2024-09-24 17:16:55.632 +05:30  DBG  Static files was skipped as the request already matched an endpoint.
2024-09-24 17:16:55.633 +05:30  DBG  The request has an origin header: 'http://localhost:4200'.
2024-09-24 17:16:55.634 +05:30  INF  CORS policy execution successful.
2024-09-24 17:16:55.635 +05:30  DBG  AuthenticationScheme: Bearer was not authenticated.
2024-09-24 17:16:55.635 +05:30  INF  Executing endpoint 'Web.Ecommerce.Controllers.Account.AccountController.Login (Web.Ecommerce)'
2024-09-24 17:16:55.636 +05:30  INF  Route matched with {action = "Login", controller = "Account"}. Executing controller action with signature System.Threading.Tasks.Task`1[Microsoft.AspNetCore.Mvc.IActionResult] Login(Application.Ecom.Authentication.Commands.LoginUser.LoginUserCommand) on controller Web.Ecommerce.Controllers.Account.AccountController (Web.Ecommerce).
2024-09-24 17:16:55.638 +05:30  DBG  Execution plan of authorization filters (in the following order): ["None"]
2024-09-24 17:16:55.639 +05:30  DBG  Execution plan of resource filters (in the following order): ["None"]
2024-09-24 17:16:55.640 +05:30  DBG  Execution plan of action filters (in the following order): ["Microsoft.AspNetCore.Mvc.ModelBinding.UnsupportedContentTypeFilter (Order: -3000)","Microsoft.AspNetCore.Mvc.Infrastructure.ModelStateInvalidFilter (Order: -2000)"]
2024-09-24 17:16:55.641 +05:30  DBG  Execution plan of exception filters (in the following order): ["None"]
2024-09-24 17:16:55.642 +05:30  DBG  Execution plan of result filters (in the following order): ["Microsoft.AspNetCore.Mvc.Infrastructure.ClientErrorResultFilter (Order: -2000)"]
2024-09-24 17:16:55.644 +05:30  DBG  Executing controller factory for controller Web.Ecommerce.Controllers.Account.AccountController (Web.Ecommerce)
2024-09-24 17:16:55.645 +05:30  DBG  Executed controller factory for controller Web.Ecommerce.Controllers.Account.AccountController (Web.Ecommerce)
2024-09-24 17:16:55.646 +05:30  DBG  Attempting to bind parameter 'command' of type 'Application.Ecom.Authentication.Commands.LoginUser.LoginUserCommand' ...
2024-09-24 17:16:55.647 +05:30  DBG  Attempting to bind parameter 'command' of type 'Application.Ecom.Authentication.Commands.LoginUser.LoginUserCommand' using the name '' in request data ...
2024-09-24 17:16:55.648 +05:30  DBG  Selected input formatter 'Microsoft.AspNetCore.Mvc.Formatters.SystemTextJsonInputFormatter' for content type 'application/json'.
2024-09-24 17:16:55.649 +05:30  DBG  Connection id "0HN6SED9F77Q0", Request id "0HN6SED9F77Q0:00000003": started reading request body.
2024-09-24 17:16:55.651 +05:30  DBG  Connection id "0HN6SED9F77Q0", Request id "0HN6SED9F77Q0:00000003": done reading request body.
2024-09-24 17:16:55.652 +05:30  DBG  JSON input formatter succeeded, deserializing to type 'Application.Ecom.Authentication.Commands.LoginUser.LoginUserCommand'
2024-09-24 17:16:55.653 +05:30  DBG  Done attempting to bind parameter 'command' of type 'Application.Ecom.Authentication.Commands.LoginUser.LoginUserCommand'.
2024-09-24 17:16:55.654 +05:30  DBG  Done attempting to bind parameter 'command' of type 'Application.Ecom.Authentication.Commands.LoginUser.LoginUserCommand'.
2024-09-24 17:16:55.655 +05:30  DBG  Attempting to validate the bound parameter 'command' of type 'Application.Ecom.Authentication.Commands.LoginUser.LoginUserCommand' ...
2024-09-24 17:16:55.656 +05:30  DBG  Done attempting to validate the bound parameter 'command' of type 'Application.Ecom.Authentication.Commands.LoginUser.LoginUserCommand'.
2024-09-24 17:16:55.657 +05:30  VRB  Action Filter: Before executing OnActionExecuting on filter Microsoft.AspNetCore.Mvc.ModelBinding.UnsupportedContentTypeFilter.
2024-09-24 17:16:55.659 +05:30  VRB  Action Filter: After executing OnActionExecuting on filter Microsoft.AspNetCore.Mvc.ModelBinding.UnsupportedContentTypeFilter.
2024-09-24 17:16:55.660 +05:30  VRB  Action Filter: Before executing OnActionExecuting on filter Microsoft.AspNetCore.Mvc.Infrastructure.ModelStateInvalidFilter.
2024-09-24 17:16:55.662 +05:30  VRB  Action Filter: After executing OnActionExecuting on filter Microsoft.AspNetCore.Mvc.Infrastructure.ModelStateInvalidFilter.
2024-09-24 17:16:55.663 +05:30  INF  Executing action method Web.Ecommerce.Controllers.Account.AccountController.Login (Web.Ecommerce) - Validation state: "Valid"
2024-09-24 17:16:55.664 +05:30  VRB  Executing action method Web.Ecommerce.Controllers.Account.AccountController.Login (Web.Ecommerce) with arguments (["Application.Ecom.Authentication.Commands.LoginUser.LoginUserCommand"])
2024-09-24 17:16:55.666 +05:30  DBG  Entity Framework Core 8.0.8 initialized 'EcommerceDbContext' using provider 'Microsoft.EntityFrameworkCore.SqlServer:8.0.8' with options: None
2024-09-24 17:16:55.668 +05:30  DBG  Creating DbConnection.
2024-09-24 17:16:55.668 +05:30  DBG  Created DbConnection. (0ms).
2024-09-24 17:16:55.669 +05:30  DBG  Opening connection to database 'Ecommerce' on server 'FGS-DSK-230\MSSQLSERVER2019'.
2024-09-24 17:16:55.670 +05:30  DBG  Opened connection to database 'Ecommerce' on server 'FGS-DSK-230\MSSQLSERVER2019'.
2024-09-24 17:16:55.671 +05:30  DBG  Creating DbCommand for 'ExecuteReader'.
2024-09-24 17:16:55.671 +05:30  DBG  Created DbCommand for 'ExecuteReader' (0ms).
2024-09-24 17:16:55.672 +05:30  DBG  Initialized DbCommand for 'ExecuteReader' (1ms).
2024-09-24 17:16:55.673 +05:30  DBG  Executing DbCommand [Parameters=[@__normalizedEmail_0='?' (Size = 256)], CommandType='"Text"', CommandTimeout='30']
SELECT TOP(2) [a].[Id], [a].[AccessFailedCount], [a].[ConcurrencyStamp], [a].[CreatedAt], [a].[Email], [a].[EmailConfirmed], [a].[IsDeleted], [a].[IsVerified], [a].[LockoutEnabled], [a].[LockoutEnd], [a].[NormalizedEmail], [a].[NormalizedUserName], [a].[PasswordHash], [a].[PhoneNumber], [a].[PhoneNumberConfirmed], [a].[SecurityStamp], [a].[TwoFactorEnabled], [a].[UpdatedAt], [a].[UserName]
FROM [AspNetUsers] AS [a]
WHERE [a].[NormalizedEmail] = @__normalizedEmail_0
2024-09-24 17:16:55.680 +05:30  INF  Executed DbCommand (7ms) [Parameters=[@__normalizedEmail_0='?' (Size = 256)], CommandType='"Text"', CommandTimeout='30']
SELECT TOP(2) [a].[Id], [a].[AccessFailedCount], [a].[ConcurrencyStamp], [a].[CreatedAt], [a].[Email], [a].[EmailConfirmed], [a].[IsDeleted], [a].[IsVerified], [a].[LockoutEnabled], [a].[LockoutEnd], [a].[NormalizedEmail], [a].[NormalizedUserName], [a].[PasswordHash], [a].[PhoneNumber], [a].[PhoneNumberConfirmed], [a].[SecurityStamp], [a].[TwoFactorEnabled], [a].[UpdatedAt], [a].[UserName]
FROM [AspNetUsers] AS [a]
WHERE [a].[NormalizedEmail] = @__normalizedEmail_0
2024-09-24 17:16:55.684 +05:30  DBG  Context 'EcommerceDbContext' started tracking 'User' entity. Consider using 'DbContextOptionsBuilder.EnableSensitiveDataLogging' to see key values.
2024-09-24 17:16:55.685 +05:30  DBG  Closing data reader to 'Ecommerce' on server 'FGS-DSK-230\MSSQLSERVER2019'.
2024-09-24 17:16:55.686 +05:30  DBG  A data reader for 'Ecommerce' on server 'FGS-DSK-230\MSSQLSERVER2019' is being disposed after spending 2ms reading results.
2024-09-24 17:16:55.687 +05:30  DBG  Closing connection to database 'Ecommerce' on server 'FGS-DSK-230\MSSQLSERVER2019'.
2024-09-24 17:16:55.688 +05:30  DBG  Closed connection to database 'Ecommerce' on server 'FGS-DSK-230\MSSQLSERVER2019' (0ms).
2024-09-24 17:16:55.760 +05:30  DBG  Opening connection to database 'Ecommerce' on server 'FGS-DSK-230\MSSQLSERVER2019'.
2024-09-24 17:16:55.766 +05:30  DBG  Opened connection to database 'Ecommerce' on server 'FGS-DSK-230\MSSQLSERVER2019'.
2024-09-24 17:16:55.767 +05:30  DBG  Creating DbCommand for 'ExecuteReader'.
2024-09-24 17:16:55.768 +05:30  DBG  Created DbCommand for 'ExecuteReader' (1ms).
2024-09-24 17:16:55.769 +05:30  DBG  Initialized DbCommand for 'ExecuteReader' (2ms).
2024-09-24 17:16:55.770 +05:30  DBG  Executing DbCommand [Parameters=[@__userId_0='?' (DbType = Guid)], CommandType='"Text"', CommandTimeout='30']
SELECT [a0].[Name]
FROM [AspNetUserRoles] AS [a]
INNER JOIN [AspNetRoles] AS [a0] ON [a].[RoleId] = [a0].[Id]
WHERE [a].[UserId] = @__userId_0
2024-09-24 17:16:55.774 +05:30  INF  Executed DbCommand (4ms) [Parameters=[@__userId_0='?' (DbType = Guid)], CommandType='"Text"', CommandTimeout='30']
SELECT [a0].[Name]
FROM [AspNetUserRoles] AS [a]
INNER JOIN [AspNetRoles] AS [a0] ON [a].[RoleId] = [a0].[Id]
WHERE [a].[UserId] = @__userId_0
2024-09-24 17:16:55.777 +05:30  DBG  Closing data reader to 'Ecommerce' on server 'FGS-DSK-230\MSSQLSERVER2019'.
2024-09-24 17:16:55.778 +05:30  DBG  A data reader for 'Ecommerce' on server 'FGS-DSK-230\MSSQLSERVER2019' is being disposed after spending 1ms reading results.
2024-09-24 17:16:55.780 +05:30  DBG  Closing connection to database 'Ecommerce' on server 'FGS-DSK-230\MSSQLSERVER2019'.
2024-09-24 17:16:55.781 +05:30  DBG  Closed connection to database 'Ecommerce' on server 'FGS-DSK-230\MSSQLSERVER2019' (1ms).
2024-09-24 17:16:55.782 +05:30  INF  Executed action method Web.Ecommerce.Controllers.Account.AccountController.Login (Web.Ecommerce), returned result Microsoft.AspNetCore.Mvc.OkObjectResult in 116.9754ms.
2024-09-24 17:16:55.783 +05:30  VRB  Action Filter: Before executing OnActionExecuted on filter Microsoft.AspNetCore.Mvc.Infrastructure.ModelStateInvalidFilter.
2024-09-24 17:16:55.785 +05:30  VRB  Action Filter: After executing OnActionExecuted on filter Microsoft.AspNetCore.Mvc.Infrastructure.ModelStateInvalidFilter.
2024-09-24 17:16:55.786 +05:30  VRB  Action Filter: Before executing OnActionExecuted on filter Microsoft.AspNetCore.Mvc.ModelBinding.UnsupportedContentTypeFilter.
2024-09-24 17:16:55.787 +05:30  VRB  Action Filter: After executing OnActionExecuted on filter Microsoft.AspNetCore.Mvc.ModelBinding.UnsupportedContentTypeFilter.
2024-09-24 17:16:55.788 +05:30  VRB  Result Filter: Before executing OnResultExecuting on filter Microsoft.AspNetCore.Mvc.Infrastructure.ClientErrorResultFilter.
2024-09-24 17:16:55.789 +05:30  VRB  Result Filter: After executing OnResultExecuting on filter Microsoft.AspNetCore.Mvc.Infrastructure.ClientErrorResultFilter.
2024-09-24 17:16:55.791 +05:30  VRB  Before executing action result Microsoft.AspNetCore.Mvc.OkObjectResult.
2024-09-24 17:16:55.791 +05:30  DBG  List of registered output formatters, in the following order: ["Microsoft.AspNetCore.Mvc.Formatters.HttpNoContentOutputFormatter","Microsoft.AspNetCore.Mvc.Formatters.StringOutputFormatter","Microsoft.AspNetCore.Mvc.Formatters.StreamOutputFormatter","Microsoft.AspNetCore.Mvc.Formatters.SystemTextJsonOutputFormatter"]
2024-09-24 17:16:55.793 +05:30  DBG  No information found on request to perform content negotiation.
2024-09-24 17:16:55.794 +05:30  DBG  Attempting to select an output formatter without using a content type as no explicit content types were specified for the response.
2024-09-24 17:16:55.794 +05:30  DBG  Attempting to select the first formatter in the output formatters list which can write the result.
2024-09-24 17:16:55.795 +05:30  DBG  Selected output formatter 'Microsoft.AspNetCore.Mvc.Formatters.SystemTextJsonOutputFormatter' and content type 'application/json' to write the response.
2024-09-24 17:16:55.796 +05:30  INF  Executing OkObjectResult, writing value of type '<>f__AnonymousType1`3[[System.String, System.Private.CoreLib, Version=8.0.0.0, Culture=neutral, PublicKeyToken=7cec85d7bea7798e],[System.String, System.Private.CoreLib, Version=8.0.0.0, Culture=neutral, PublicKeyToken=7cec85d7bea7798e],[System.Collections.Generic.IEnumerable`1[[System.String, System.Private.CoreLib, Version=8.0.0.0, Culture=neutral, PublicKeyToken=7cec85d7bea7798e]], System.Private.CoreLib, Version=8.0.0.0, Culture=neutral, PublicKeyToken=7cec85d7bea7798e]]'.
2024-09-24 17:16:55.797 +05:30  VRB  After executing action result Microsoft.AspNetCore.Mvc.OkObjectResult.
2024-09-24 17:16:55.797 +05:30  VRB  Connection id "0HN6SED9F77Q0" sending "HEADERS" frame for stream ID 3 with length 37 and flags "END_HEADERS".
2024-09-24 17:16:55.798 +05:30  VRB  Result Filter: Before executing OnResultExecuted on filter Microsoft.AspNetCore.Mvc.Infrastructure.ClientErrorResultFilter.
2024-09-24 17:16:55.799 +05:30  VRB  Connection id "0HN6SED9F77Q0" sending "DATA" frame for stream ID 3 with length 582 and flags "NONE".
2024-09-24 17:16:55.800 +05:30  VRB  Result Filter: After executing OnResultExecuted on filter Microsoft.AspNetCore.Mvc.Infrastructure.ClientErrorResultFilter.
2024-09-24 17:16:55.803 +05:30  INF  Executed action Web.Ecommerce.Controllers.Account.AccountController.Login (Web.Ecommerce) in 159.2545ms
2024-09-24 17:16:55.804 +05:30  INF  Executed endpoint 'Web.Ecommerce.Controllers.Account.AccountController.Login (Web.Ecommerce)'
2024-09-24 17:16:55.805 +05:30  VRB  Connection id "0HN6SED9F77Q0" sending "DATA" frame for stream ID 3 with length 0 and flags "END_STREAM".
2024-09-24 17:16:55.805 +05:30  DBG  'EcommerceDbContext' disposed.
2024-09-24 17:16:55.808 +05:30  DBG  Disposing connection to database 'Ecommerce' on server 'FGS-DSK-230\MSSQLSERVER2019'.
2024-09-24 17:16:55.809 +05:30  DBG  Disposed connection to database '' on server '' (1ms).
2024-09-24 17:16:55.811 +05:30  INF  Request finished HTTP/2 POST https://localhost:7113/api/Account/Login - 200 null application/json; charset=utf-8 187.9185ms
2024-09-24 17:22:27.979 +05:30  DBG  Connection id "0HN6SED9F77Q0" received FIN.
2024-09-24 17:22:27.985 +05:30  DBG  Connection id "0HN6SED9F77Q0" is closed. The last processed stream ID was 3.
2024-09-24 17:22:27.985 +05:30  DBG  The connection queue processing loop for 0HN6SED9F77Q0 completed.
2024-09-24 17:22:27.989 +05:30  DBG  Connection id "0HN6SED9F77Q0" sending FIN because: "The Socket transport's send loop completed gracefully."
2024-09-24 17:22:27.994 +05:30  DBG  Connection id "0HN6SED9F77Q0" stopped.
2024-09-24 17:58:10.228 +05:30  DBG  Connection id "0HN6SED9F77Q1" accepted.
2024-09-24 17:58:10.245 +05:30  DBG  Connection id "0HN6SED9F77Q1" started.
2024-09-24 17:58:10.385 +05:30  DBG  Connection 0HN6SED9F77Q1 established using the following protocol: "Tls12"
2024-09-24 17:58:10.451 +05:30  VRB  Connection id "0HN6SED9F77Q1" sending "SETTINGS" frame for stream ID 0 with length 24 and flags "NONE".
2024-09-24 17:58:10.465 +05:30  VRB  Connection id "0HN6SED9F77Q1" sending "WINDOW_UPDATE" frame for stream ID 0 with length 4 and flags 0x0.
2024-09-24 17:58:10.467 +05:30  VRB  Connection id "0HN6SED9F77Q1" received "SETTINGS" frame for stream ID 0 with length 24 and flags "NONE".
2024-09-24 17:58:10.469 +05:30  VRB  Connection id "0HN6SED9F77Q1" sending "SETTINGS" frame for stream ID 0 with length 0 and flags "ACK".
2024-09-24 17:58:10.470 +05:30  VRB  Connection id "0HN6SED9F77Q1" received "WINDOW_UPDATE" frame for stream ID 0 with length 4 and flags 0x0.
2024-09-24 17:58:10.472 +05:30  VRB  Connection id "0HN6SED9F77Q1" received "HEADERS" frame for stream ID 1 with length 335 and flags "END_STREAM, END_HEADERS, PRIORITY".
2024-09-24 17:58:10.475 +05:30  VRB  Connection id "0HN6SED9F77Q1" received "SETTINGS" frame for stream ID 0 with length 0 and flags "ACK".
2024-09-24 17:58:10.528 +05:30  INF  Request starting HTTP/2 OPTIONS https://localhost:7113/api/Account/Login - null null
2024-09-24 17:58:10.534 +05:30  VRB  All hosts are allowed.
2024-09-24 17:58:10.537 +05:30  DBG  1 candidate(s) found for the request path '/api/Account/Login'
2024-09-24 17:58:10.538 +05:30  DBG  Request matched endpoint '405 HTTP Method Not Supported'
2024-09-24 17:58:10.539 +05:30  VRB  The endpoint does not specify the IRequestSizeLimitMetadata.
2024-09-24 17:58:10.544 +05:30  DBG  Static files was skipped as the request already matched an endpoint.
2024-09-24 17:58:10.546 +05:30  DBG  The request has an origin header: 'http://localhost:4200'.
2024-09-24 17:58:10.547 +05:30  INF  CORS policy execution successful.
2024-09-24 17:58:10.551 +05:30  DBG  The request is a preflight request.
2024-09-24 17:58:10.553 +05:30  VRB  Connection id "0HN6SED9F77Q1" sending "HEADERS" frame for stream ID 1 with length 122 and flags "END_STREAM, END_HEADERS".
2024-09-24 17:58:10.553 +05:30  INF  Request finished HTTP/2 OPTIONS https://localhost:7113/api/Account/Login - 204 null null 31.1812ms
2024-09-24 17:58:10.556 +05:30  VRB  Connection id "0HN6SED9F77Q1" received "HEADERS" frame for stream ID 3 with length 182 and flags "END_HEADERS, PRIORITY".
2024-09-24 17:58:10.560 +05:30  VRB  Connection id "0HN6SED9F77Q1" received "DATA" frame for stream ID 3 with length 68 and flags "END_STREAM".
2024-09-24 17:58:10.560 +05:30  INF  Request starting HTTP/2 POST https://localhost:7113/api/Account/Login - application/json 68
2024-09-24 17:58:10.568 +05:30  VRB  All hosts are allowed.
2024-09-24 17:58:10.569 +05:30  DBG  1 candidate(s) found for the request path '/api/Account/Login'
2024-09-24 17:58:10.572 +05:30  DBG  Endpoint 'Web.Ecommerce.Controllers.Account.AccountController.Login (Web.Ecommerce)' with route pattern 'api/Account/Login' is valid for the request path '/api/Account/Login'
2024-09-24 17:58:10.575 +05:30  DBG  Request matched endpoint 'Web.Ecommerce.Controllers.Account.AccountController.Login (Web.Ecommerce)'
2024-09-24 17:58:10.576 +05:30  VRB  The endpoint does not specify the IRequestSizeLimitMetadata.
2024-09-24 17:58:10.577 +05:30  DBG  Static files was skipped as the request already matched an endpoint.
2024-09-24 17:58:10.578 +05:30  DBG  The request has an origin header: 'http://localhost:4200'.
2024-09-24 17:58:10.578 +05:30  INF  CORS policy execution successful.
2024-09-24 17:58:10.589 +05:30  DBG  AuthenticationScheme: Bearer was not authenticated.
2024-09-24 17:58:10.593 +05:30  INF  Executing endpoint 'Web.Ecommerce.Controllers.Account.AccountController.Login (Web.Ecommerce)'
2024-09-24 17:58:10.605 +05:30  INF  Route matched with {action = "Login", controller = "Account"}. Executing controller action with signature System.Threading.Tasks.Task`1[Microsoft.AspNetCore.Mvc.IActionResult] Login(Application.Ecom.Authentication.Commands.LoginUser.LoginUserCommand) on controller Web.Ecommerce.Controllers.Account.AccountController (Web.Ecommerce).
2024-09-24 17:58:10.608 +05:30  DBG  Execution plan of authorization filters (in the following order): ["None"]
2024-09-24 17:58:10.610 +05:30  DBG  Execution plan of resource filters (in the following order): ["None"]
2024-09-24 17:58:10.613 +05:30  DBG  Execution plan of action filters (in the following order): ["Microsoft.AspNetCore.Mvc.ModelBinding.UnsupportedContentTypeFilter (Order: -3000)","Microsoft.AspNetCore.Mvc.Infrastructure.ModelStateInvalidFilter (Order: -2000)"]
2024-09-24 17:58:10.615 +05:30  DBG  Execution plan of exception filters (in the following order): ["None"]
2024-09-24 17:58:10.616 +05:30  DBG  Execution plan of result filters (in the following order): ["Microsoft.AspNetCore.Mvc.Infrastructure.ClientErrorResultFilter (Order: -2000)"]
2024-09-24 17:58:10.618 +05:30  DBG  Executing controller factory for controller Web.Ecommerce.Controllers.Account.AccountController (Web.Ecommerce)
2024-09-24 17:58:10.621 +05:30  DBG  Executed controller factory for controller Web.Ecommerce.Controllers.Account.AccountController (Web.Ecommerce)
2024-09-24 17:58:10.637 +05:30  DBG  Attempting to bind parameter 'command' of type 'Application.Ecom.Authentication.Commands.LoginUser.LoginUserCommand' ...
2024-09-24 17:58:10.641 +05:30  DBG  Attempting to bind parameter 'command' of type 'Application.Ecom.Authentication.Commands.LoginUser.LoginUserCommand' using the name '' in request data ...
2024-09-24 17:58:10.644 +05:30  DBG  Selected input formatter 'Microsoft.AspNetCore.Mvc.Formatters.SystemTextJsonInputFormatter' for content type 'application/json'.
2024-09-24 17:58:10.647 +05:30  DBG  Connection id "0HN6SED9F77Q1", Request id "0HN6SED9F77Q1:00000003": started reading request body.
2024-09-24 17:58:10.648 +05:30  DBG  Connection id "0HN6SED9F77Q1", Request id "0HN6SED9F77Q1:00000003": done reading request body.
2024-09-24 17:58:10.650 +05:30  DBG  JSON input formatter succeeded, deserializing to type 'Application.Ecom.Authentication.Commands.LoginUser.LoginUserCommand'
2024-09-24 17:58:10.651 +05:30  DBG  Done attempting to bind parameter 'command' of type 'Application.Ecom.Authentication.Commands.LoginUser.LoginUserCommand'.
2024-09-24 17:58:10.652 +05:30  DBG  Done attempting to bind parameter 'command' of type 'Application.Ecom.Authentication.Commands.LoginUser.LoginUserCommand'.
2024-09-24 17:58:10.653 +05:30  DBG  Attempting to validate the bound parameter 'command' of type 'Application.Ecom.Authentication.Commands.LoginUser.LoginUserCommand' ...
2024-09-24 17:58:10.655 +05:30  DBG  Done attempting to validate the bound parameter 'command' of type 'Application.Ecom.Authentication.Commands.LoginUser.LoginUserCommand'.
2024-09-24 17:58:10.656 +05:30  VRB  Action Filter: Before executing OnActionExecuting on filter Microsoft.AspNetCore.Mvc.ModelBinding.UnsupportedContentTypeFilter.
2024-09-24 17:58:10.658 +05:30  VRB  Action Filter: After executing OnActionExecuting on filter Microsoft.AspNetCore.Mvc.ModelBinding.UnsupportedContentTypeFilter.
2024-09-24 17:58:10.659 +05:30  VRB  Action Filter: Before executing OnActionExecuting on filter Microsoft.AspNetCore.Mvc.Infrastructure.ModelStateInvalidFilter.
2024-09-24 17:58:10.660 +05:30  VRB  Action Filter: After executing OnActionExecuting on filter Microsoft.AspNetCore.Mvc.Infrastructure.ModelStateInvalidFilter.
2024-09-24 17:58:10.661 +05:30  INF  Executing action method Web.Ecommerce.Controllers.Account.AccountController.Login (Web.Ecommerce) - Validation state: "Valid"
2024-09-24 17:58:10.664 +05:30  VRB  Executing action method Web.Ecommerce.Controllers.Account.AccountController.Login (Web.Ecommerce) with arguments (["Application.Ecom.Authentication.Commands.LoginUser.LoginUserCommand"])
2024-09-24 17:58:10.692 +05:30  DBG  Entity Framework Core 8.0.8 initialized 'EcommerceDbContext' using provider 'Microsoft.EntityFrameworkCore.SqlServer:8.0.8' with options: None
2024-09-24 17:58:10.705 +05:30  DBG  Creating DbConnection.
2024-09-24 17:58:10.708 +05:30  DBG  Created DbConnection. (2ms).
2024-09-24 17:58:10.708 +05:30  DBG  Opening connection to database 'Ecommerce' on server 'FGS-DSK-230\MSSQLSERVER2019'.
2024-09-24 17:58:10.742 +05:30  DBG  Opened connection to database 'Ecommerce' on server 'FGS-DSK-230\MSSQLSERVER2019'.
2024-09-24 17:58:10.746 +05:30  DBG  Creating DbCommand for 'ExecuteReader'.
2024-09-24 17:58:10.746 +05:30  DBG  Created DbCommand for 'ExecuteReader' (0ms).
2024-09-24 17:58:10.748 +05:30  DBG  Initialized DbCommand for 'ExecuteReader' (2ms).
2024-09-24 17:58:10.749 +05:30  DBG  Executing DbCommand [Parameters=[@__normalizedEmail_0='?' (Size = 256)], CommandType='"Text"', CommandTimeout='30']
SELECT TOP(2) [a].[Id], [a].[AccessFailedCount], [a].[ConcurrencyStamp], [a].[CreatedAt], [a].[Email], [a].[EmailConfirmed], [a].[IsDeleted], [a].[IsVerified], [a].[LockoutEnabled], [a].[LockoutEnd], [a].[NormalizedEmail], [a].[NormalizedUserName], [a].[PasswordHash], [a].[PhoneNumber], [a].[PhoneNumberConfirmed], [a].[SecurityStamp], [a].[TwoFactorEnabled], [a].[UpdatedAt], [a].[UserName]
FROM [AspNetUsers] AS [a]
WHERE [a].[NormalizedEmail] = @__normalizedEmail_0
2024-09-24 17:58:10.803 +05:30  INF  Executed DbCommand (53ms) [Parameters=[@__normalizedEmail_0='?' (Size = 256)], CommandType='"Text"', CommandTimeout='30']
SELECT TOP(2) [a].[Id], [a].[AccessFailedCount], [a].[ConcurrencyStamp], [a].[CreatedAt], [a].[Email], [a].[EmailConfirmed], [a].[IsDeleted], [a].[IsVerified], [a].[LockoutEnabled], [a].[LockoutEnd], [a].[NormalizedEmail], [a].[NormalizedUserName], [a].[PasswordHash], [a].[PhoneNumber], [a].[PhoneNumberConfirmed], [a].[SecurityStamp], [a].[TwoFactorEnabled], [a].[UpdatedAt], [a].[UserName]
FROM [AspNetUsers] AS [a]
WHERE [a].[NormalizedEmail] = @__normalizedEmail_0
2024-09-24 17:58:10.810 +05:30  DBG  Context 'EcommerceDbContext' started tracking 'User' entity. Consider using 'DbContextOptionsBuilder.EnableSensitiveDataLogging' to see key values.
2024-09-24 17:58:10.813 +05:30  DBG  Closing data reader to 'Ecommerce' on server 'FGS-DSK-230\MSSQLSERVER2019'.
2024-09-24 17:58:10.814 +05:30  DBG  A data reader for 'Ecommerce' on server 'FGS-DSK-230\MSSQLSERVER2019' is being disposed after spending 8ms reading results.
2024-09-24 17:58:10.815 +05:30  DBG  Closing connection to database 'Ecommerce' on server 'FGS-DSK-230\MSSQLSERVER2019'.
2024-09-24 17:58:10.816 +05:30  DBG  Closed connection to database 'Ecommerce' on server 'FGS-DSK-230\MSSQLSERVER2019' (0ms).
2024-09-24 17:58:10.904 +05:30  DBG  Opening connection to database 'Ecommerce' on server 'FGS-DSK-230\MSSQLSERVER2019'.
2024-09-24 17:58:10.906 +05:30  DBG  Opened connection to database 'Ecommerce' on server 'FGS-DSK-230\MSSQLSERVER2019'.
2024-09-24 17:58:10.908 +05:30  DBG  Creating DbCommand for 'ExecuteReader'.
2024-09-24 17:58:10.909 +05:30  DBG  Created DbCommand for 'ExecuteReader' (0ms).
2024-09-24 17:58:10.910 +05:30  DBG  Initialized DbCommand for 'ExecuteReader' (1ms).
2024-09-24 17:58:10.911 +05:30  DBG  Executing DbCommand [Parameters=[@__userId_0='?' (DbType = Guid)], CommandType='"Text"', CommandTimeout='30']
SELECT [a0].[Name]
FROM [AspNetUserRoles] AS [a]
INNER JOIN [AspNetRoles] AS [a0] ON [a].[RoleId] = [a0].[Id]
WHERE [a].[UserId] = @__userId_0
2024-09-24 17:58:10.923 +05:30  INF  Executed DbCommand (12ms) [Parameters=[@__userId_0='?' (DbType = Guid)], CommandType='"Text"', CommandTimeout='30']
SELECT [a0].[Name]
FROM [AspNetUserRoles] AS [a]
INNER JOIN [AspNetRoles] AS [a0] ON [a].[RoleId] = [a0].[Id]
WHERE [a].[UserId] = @__userId_0
2024-09-24 17:58:10.925 +05:30  DBG  Closing data reader to 'Ecommerce' on server 'FGS-DSK-230\MSSQLSERVER2019'.
2024-09-24 17:58:10.926 +05:30  DBG  A data reader for 'Ecommerce' on server 'FGS-DSK-230\MSSQLSERVER2019' is being disposed after spending 0ms reading results.
2024-09-24 17:58:10.927 +05:30  DBG  Closing connection to database 'Ecommerce' on server 'FGS-DSK-230\MSSQLSERVER2019'.
2024-09-24 17:58:10.929 +05:30  DBG  Closed connection to database 'Ecommerce' on server 'FGS-DSK-230\MSSQLSERVER2019' (1ms).
2024-09-24 17:58:10.931 +05:30  INF  Executed action method Web.Ecommerce.Controllers.Account.AccountController.Login (Web.Ecommerce), returned result Microsoft.AspNetCore.Mvc.OkObjectResult in 265.9287ms.
2024-09-24 17:58:10.932 +05:30  VRB  Action Filter: Before executing OnActionExecuted on filter Microsoft.AspNetCore.Mvc.Infrastructure.ModelStateInvalidFilter.
2024-09-24 17:58:10.933 +05:30  VRB  Action Filter: After executing OnActionExecuted on filter Microsoft.AspNetCore.Mvc.Infrastructure.ModelStateInvalidFilter.
2024-09-24 17:58:10.935 +05:30  VRB  Action Filter: Before executing OnActionExecuted on filter Microsoft.AspNetCore.Mvc.ModelBinding.UnsupportedContentTypeFilter.
2024-09-24 17:58:10.936 +05:30  VRB  Action Filter: After executing OnActionExecuted on filter Microsoft.AspNetCore.Mvc.ModelBinding.UnsupportedContentTypeFilter.
2024-09-24 17:58:10.938 +05:30  VRB  Result Filter: Before executing OnResultExecuting on filter Microsoft.AspNetCore.Mvc.Infrastructure.ClientErrorResultFilter.
2024-09-24 17:58:10.939 +05:30  VRB  Result Filter: After executing OnResultExecuting on filter Microsoft.AspNetCore.Mvc.Infrastructure.ClientErrorResultFilter.
2024-09-24 17:58:10.940 +05:30  VRB  Before executing action result Microsoft.AspNetCore.Mvc.OkObjectResult.
2024-09-24 17:58:10.941 +05:30  DBG  List of registered output formatters, in the following order: ["Microsoft.AspNetCore.Mvc.Formatters.HttpNoContentOutputFormatter","Microsoft.AspNetCore.Mvc.Formatters.StringOutputFormatter","Microsoft.AspNetCore.Mvc.Formatters.StreamOutputFormatter","Microsoft.AspNetCore.Mvc.Formatters.SystemTextJsonOutputFormatter"]
2024-09-24 17:58:10.942 +05:30  DBG  No information found on request to perform content negotiation.
2024-09-24 17:58:10.943 +05:30  DBG  Attempting to select an output formatter without using a content type as no explicit content types were specified for the response.
2024-09-24 17:58:10.944 +05:30  DBG  Attempting to select the first formatter in the output formatters list which can write the result.
2024-09-24 17:58:10.945 +05:30  DBG  Selected output formatter 'Microsoft.AspNetCore.Mvc.Formatters.SystemTextJsonOutputFormatter' and content type 'application/json' to write the response.
2024-09-24 17:58:10.946 +05:30  INF  Executing OkObjectResult, writing value of type '<>f__AnonymousType1`3[[System.String, System.Private.CoreLib, Version=8.0.0.0, Culture=neutral, PublicKeyToken=7cec85d7bea7798e],[System.String, System.Private.CoreLib, Version=8.0.0.0, Culture=neutral, PublicKeyToken=7cec85d7bea7798e],[System.Collections.Generic.IEnumerable`1[[System.String, System.Private.CoreLib, Version=8.0.0.0, Culture=neutral, PublicKeyToken=7cec85d7bea7798e]], System.Private.CoreLib, Version=8.0.0.0, Culture=neutral, PublicKeyToken=7cec85d7bea7798e]]'.
2024-09-24 17:58:10.949 +05:30  VRB  After executing action result Microsoft.AspNetCore.Mvc.OkObjectResult.
2024-09-24 17:58:10.949 +05:30  VRB  Connection id "0HN6SED9F77Q1" sending "HEADERS" frame for stream ID 3 with length 37 and flags "END_HEADERS".
2024-09-24 17:58:10.950 +05:30  VRB  Result Filter: Before executing OnResultExecuted on filter Microsoft.AspNetCore.Mvc.Infrastructure.ClientErrorResultFilter.
2024-09-24 17:58:10.952 +05:30  VRB  Connection id "0HN6SED9F77Q1" sending "DATA" frame for stream ID 3 with length 582 and flags "NONE".
2024-09-24 17:58:10.953 +05:30  VRB  Result Filter: After executing OnResultExecuted on filter Microsoft.AspNetCore.Mvc.Infrastructure.ClientErrorResultFilter.
2024-09-24 17:58:10.956 +05:30  INF  Executed action Web.Ecommerce.Controllers.Account.AccountController.Login (Web.Ecommerce) in 338.5587ms
2024-09-24 17:58:10.957 +05:30  INF  Executed endpoint 'Web.Ecommerce.Controllers.Account.AccountController.Login (Web.Ecommerce)'
2024-09-24 17:58:10.958 +05:30  VRB  Connection id "0HN6SED9F77Q1" sending "DATA" frame for stream ID 3 with length 0 and flags "END_STREAM".
2024-09-24 17:58:10.958 +05:30  DBG  'EcommerceDbContext' disposed.
2024-09-24 17:58:10.961 +05:30  DBG  Disposing connection to database 'Ecommerce' on server 'FGS-DSK-230\MSSQLSERVER2019'.
2024-09-24 17:58:10.962 +05:30  DBG  Disposed connection to database '' on server '' (1ms).
2024-09-24 17:58:10.964 +05:30  INF  Request finished HTTP/2 POST https://localhost:7113/api/Account/Login - 200 null application/json; charset=utf-8 403.3233ms
2024-09-24 17:58:16.115 +05:30  DBG  Connection id "0HN6SED9F77Q1" received FIN.
2024-09-24 17:58:16.117 +05:30  DBG  Connection id "0HN6SED9F77Q1" is closed. The last processed stream ID was 3.
2024-09-24 17:58:16.117 +05:30  DBG  The connection queue processing loop for 0HN6SED9F77Q1 completed.
2024-09-24 17:58:16.118 +05:30  DBG  Connection id "0HN6SED9F77Q1" sending FIN because: "The Socket transport's send loop completed gracefully."
2024-09-24 17:58:16.130 +05:30  DBG  Connection id "0HN6SED9F77Q1" stopped.
2024-09-24 17:59:51.681 +05:30  DBG  Connection id "0HN6SED9F77Q2" accepted.
2024-09-24 17:59:51.682 +05:30  DBG  Connection id "0HN6SED9F77Q2" started.
2024-09-24 17:59:51.687 +05:30  DBG  Connection 0HN6SED9F77Q2 established using the following protocol: "Tls12"
2024-09-24 17:59:51.691 +05:30  VRB  Connection id "0HN6SED9F77Q2" sending "SETTINGS" frame for stream ID 0 with length 24 and flags "NONE".
2024-09-24 17:59:51.693 +05:30  VRB  Connection id "0HN6SED9F77Q2" sending "WINDOW_UPDATE" frame for stream ID 0 with length 4 and flags 0x0.
2024-09-24 17:59:51.695 +05:30  VRB  Connection id "0HN6SED9F77Q2" received "SETTINGS" frame for stream ID 0 with length 24 and flags "NONE".
2024-09-24 17:59:51.696 +05:30  VRB  Connection id "0HN6SED9F77Q2" sending "SETTINGS" frame for stream ID 0 with length 0 and flags "ACK".
2024-09-24 17:59:51.698 +05:30  VRB  Connection id "0HN6SED9F77Q2" received "WINDOW_UPDATE" frame for stream ID 0 with length 4 and flags 0x0.
2024-09-24 17:59:51.700 +05:30  VRB  Connection id "0HN6SED9F77Q2" received "HEADERS" frame for stream ID 1 with length 335 and flags "END_STREAM, END_HEADERS, PRIORITY".
2024-09-24 17:59:51.701 +05:30  VRB  Connection id "0HN6SED9F77Q2" received "SETTINGS" frame for stream ID 0 with length 0 and flags "ACK".
2024-09-24 17:59:51.701 +05:30  INF  Request starting HTTP/2 OPTIONS https://localhost:7113/api/Account/Login - null null
2024-09-24 17:59:51.706 +05:30  VRB  All hosts are allowed.
2024-09-24 17:59:51.706 +05:30  DBG  1 candidate(s) found for the request path '/api/Account/Login'
2024-09-24 17:59:51.707 +05:30  DBG  Request matched endpoint '405 HTTP Method Not Supported'
2024-09-24 17:59:51.708 +05:30  VRB  The endpoint does not specify the IRequestSizeLimitMetadata.
2024-09-24 17:59:51.709 +05:30  DBG  Static files was skipped as the request already matched an endpoint.
2024-09-24 17:59:51.709 +05:30  DBG  The request has an origin header: 'http://localhost:4200'.
2024-09-24 17:59:51.710 +05:30  INF  CORS policy execution successful.
2024-09-24 17:59:51.710 +05:30  DBG  The request is a preflight request.
2024-09-24 17:59:51.711 +05:30  INF  Request finished HTTP/2 OPTIONS https://localhost:7113/api/Account/Login - 204 null null 9.7047ms
2024-09-24 17:59:51.711 +05:30  VRB  Connection id "0HN6SED9F77Q2" sending "HEADERS" frame for stream ID 1 with length 122 and flags "END_STREAM, END_HEADERS".
2024-09-24 17:59:51.716 +05:30  VRB  Connection id "0HN6SED9F77Q2" received "HEADERS" frame for stream ID 3 with length 182 and flags "END_HEADERS, PRIORITY".
2024-09-24 17:59:51.717 +05:30  VRB  Connection id "0HN6SED9F77Q2" received "DATA" frame for stream ID 3 with length 68 and flags "END_STREAM".
2024-09-24 17:59:51.717 +05:30  INF  Request starting HTTP/2 POST https://localhost:7113/api/Account/Login - application/json 68
2024-09-24 17:59:51.721 +05:30  VRB  All hosts are allowed.
2024-09-24 17:59:51.722 +05:30  DBG  1 candidate(s) found for the request path '/api/Account/Login'
2024-09-24 17:59:51.723 +05:30  DBG  Endpoint 'Web.Ecommerce.Controllers.Account.AccountController.Login (Web.Ecommerce)' with route pattern 'api/Account/Login' is valid for the request path '/api/Account/Login'
2024-09-24 17:59:51.724 +05:30  DBG  Request matched endpoint 'Web.Ecommerce.Controllers.Account.AccountController.Login (Web.Ecommerce)'
2024-09-24 17:59:51.725 +05:30  VRB  The endpoint does not specify the IRequestSizeLimitMetadata.
2024-09-24 17:59:51.726 +05:30  DBG  Static files was skipped as the request already matched an endpoint.
2024-09-24 17:59:51.726 +05:30  DBG  The request has an origin header: 'http://localhost:4200'.
2024-09-24 17:59:51.727 +05:30  INF  CORS policy execution successful.
2024-09-24 17:59:51.727 +05:30  DBG  AuthenticationScheme: Bearer was not authenticated.
2024-09-24 17:59:51.728 +05:30  INF  Executing endpoint 'Web.Ecommerce.Controllers.Account.AccountController.Login (Web.Ecommerce)'
2024-09-24 17:59:51.729 +05:30  INF  Route matched with {action = "Login", controller = "Account"}. Executing controller action with signature System.Threading.Tasks.Task`1[Microsoft.AspNetCore.Mvc.IActionResult] Login(Application.Ecom.Authentication.Commands.LoginUser.LoginUserCommand) on controller Web.Ecommerce.Controllers.Account.AccountController (Web.Ecommerce).
2024-09-24 17:59:51.731 +05:30  DBG  Execution plan of authorization filters (in the following order): ["None"]
2024-09-24 17:59:51.732 +05:30  DBG  Execution plan of resource filters (in the following order): ["None"]
2024-09-24 17:59:51.733 +05:30  DBG  Execution plan of action filters (in the following order): ["Microsoft.AspNetCore.Mvc.ModelBinding.UnsupportedContentTypeFilter (Order: -3000)","Microsoft.AspNetCore.Mvc.Infrastructure.ModelStateInvalidFilter (Order: -2000)"]
2024-09-24 17:59:51.736 +05:30  DBG  Execution plan of exception filters (in the following order): ["None"]
2024-09-24 17:59:51.737 +05:30  DBG  Execution plan of result filters (in the following order): ["Microsoft.AspNetCore.Mvc.Infrastructure.ClientErrorResultFilter (Order: -2000)"]
2024-09-24 17:59:51.738 +05:30  DBG  Executing controller factory for controller Web.Ecommerce.Controllers.Account.AccountController (Web.Ecommerce)
2024-09-24 17:59:51.740 +05:30  DBG  Executed controller factory for controller Web.Ecommerce.Controllers.Account.AccountController (Web.Ecommerce)
2024-09-24 17:59:51.741 +05:30  DBG  Attempting to bind parameter 'command' of type 'Application.Ecom.Authentication.Commands.LoginUser.LoginUserCommand' ...
2024-09-24 17:59:51.742 +05:30  DBG  Attempting to bind parameter 'command' of type 'Application.Ecom.Authentication.Commands.LoginUser.LoginUserCommand' using the name '' in request data ...
2024-09-24 17:59:51.743 +05:30  DBG  Selected input formatter 'Microsoft.AspNetCore.Mvc.Formatters.SystemTextJsonInputFormatter' for content type 'application/json'.
2024-09-24 17:59:51.744 +05:30  DBG  Connection id "0HN6SED9F77Q2", Request id "0HN6SED9F77Q2:00000003": started reading request body.
2024-09-24 17:59:51.745 +05:30  DBG  Connection id "0HN6SED9F77Q2", Request id "0HN6SED9F77Q2:00000003": done reading request body.
2024-09-24 17:59:51.746 +05:30  DBG  JSON input formatter succeeded, deserializing to type 'Application.Ecom.Authentication.Commands.LoginUser.LoginUserCommand'
2024-09-24 17:59:51.747 +05:30  DBG  Done attempting to bind parameter 'command' of type 'Application.Ecom.Authentication.Commands.LoginUser.LoginUserCommand'.
2024-09-24 17:59:51.748 +05:30  DBG  Done attempting to bind parameter 'command' of type 'Application.Ecom.Authentication.Commands.LoginUser.LoginUserCommand'.
2024-09-24 17:59:51.749 +05:30  DBG  Attempting to validate the bound parameter 'command' of type 'Application.Ecom.Authentication.Commands.LoginUser.LoginUserCommand' ...
2024-09-24 17:59:51.750 +05:30  DBG  Done attempting to validate the bound parameter 'command' of type 'Application.Ecom.Authentication.Commands.LoginUser.LoginUserCommand'.
2024-09-24 17:59:51.751 +05:30  VRB  Action Filter: Before executing OnActionExecuting on filter Microsoft.AspNetCore.Mvc.ModelBinding.UnsupportedContentTypeFilter.
2024-09-24 17:59:51.752 +05:30  VRB  Action Filter: After executing OnActionExecuting on filter Microsoft.AspNetCore.Mvc.ModelBinding.UnsupportedContentTypeFilter.
2024-09-24 17:59:51.754 +05:30  VRB  Action Filter: Before executing OnActionExecuting on filter Microsoft.AspNetCore.Mvc.Infrastructure.ModelStateInvalidFilter.
2024-09-24 17:59:51.755 +05:30  VRB  Action Filter: After executing OnActionExecuting on filter Microsoft.AspNetCore.Mvc.Infrastructure.ModelStateInvalidFilter.
2024-09-24 17:59:51.756 +05:30  INF  Executing action method Web.Ecommerce.Controllers.Account.AccountController.Login (Web.Ecommerce) - Validation state: "Valid"
2024-09-24 17:59:51.757 +05:30  VRB  Executing action method Web.Ecommerce.Controllers.Account.AccountController.Login (Web.Ecommerce) with arguments (["Application.Ecom.Authentication.Commands.LoginUser.LoginUserCommand"])
2024-09-24 17:59:51.761 +05:30  DBG  Entity Framework Core 8.0.8 initialized 'EcommerceDbContext' using provider 'Microsoft.EntityFrameworkCore.SqlServer:8.0.8' with options: None
2024-09-24 17:59:51.763 +05:30  DBG  Creating DbConnection.
2024-09-24 17:59:51.764 +05:30  DBG  Created DbConnection. (0ms).
2024-09-24 17:59:51.765 +05:30  DBG  Opening connection to database 'Ecommerce' on server 'FGS-DSK-230\MSSQLSERVER2019'.
2024-09-24 17:59:51.766 +05:30  DBG  Opened connection to database 'Ecommerce' on server 'FGS-DSK-230\MSSQLSERVER2019'.
2024-09-24 17:59:51.767 +05:30  DBG  Creating DbCommand for 'ExecuteReader'.
2024-09-24 17:59:51.768 +05:30  DBG  Created DbCommand for 'ExecuteReader' (0ms).
2024-09-24 17:59:51.769 +05:30  DBG  Initialized DbCommand for 'ExecuteReader' (2ms).
2024-09-24 17:59:51.770 +05:30  DBG  Executing DbCommand [Parameters=[@__normalizedEmail_0='?' (Size = 256)], CommandType='"Text"', CommandTimeout='30']
SELECT TOP(2) [a].[Id], [a].[AccessFailedCount], [a].[ConcurrencyStamp], [a].[CreatedAt], [a].[Email], [a].[EmailConfirmed], [a].[IsDeleted], [a].[IsVerified], [a].[LockoutEnabled], [a].[LockoutEnd], [a].[NormalizedEmail], [a].[NormalizedUserName], [a].[PasswordHash], [a].[PhoneNumber], [a].[PhoneNumberConfirmed], [a].[SecurityStamp], [a].[TwoFactorEnabled], [a].[UpdatedAt], [a].[UserName]
FROM [AspNetUsers] AS [a]
WHERE [a].[NormalizedEmail] = @__normalizedEmail_0
2024-09-24 17:59:51.775 +05:30  INF  Executed DbCommand (5ms) [Parameters=[@__normalizedEmail_0='?' (Size = 256)], CommandType='"Text"', CommandTimeout='30']
SELECT TOP(2) [a].[Id], [a].[AccessFailedCount], [a].[ConcurrencyStamp], [a].[CreatedAt], [a].[Email], [a].[EmailConfirmed], [a].[IsDeleted], [a].[IsVerified], [a].[LockoutEnabled], [a].[LockoutEnd], [a].[NormalizedEmail], [a].[NormalizedUserName], [a].[PasswordHash], [a].[PhoneNumber], [a].[PhoneNumberConfirmed], [a].[SecurityStamp], [a].[TwoFactorEnabled], [a].[UpdatedAt], [a].[UserName]
FROM [AspNetUsers] AS [a]
WHERE [a].[NormalizedEmail] = @__normalizedEmail_0
2024-09-24 17:59:51.777 +05:30  DBG  Context 'EcommerceDbContext' started tracking 'User' entity. Consider using 'DbContextOptionsBuilder.EnableSensitiveDataLogging' to see key values.
2024-09-24 17:59:51.778 +05:30  DBG  Closing data reader to 'Ecommerce' on server 'FGS-DSK-230\MSSQLSERVER2019'.
2024-09-24 17:59:51.779 +05:30  DBG  A data reader for 'Ecommerce' on server 'FGS-DSK-230\MSSQLSERVER2019' is being disposed after spending 2ms reading results.
2024-09-24 17:59:51.780 +05:30  DBG  Closing connection to database 'Ecommerce' on server 'FGS-DSK-230\MSSQLSERVER2019'.
2024-09-24 17:59:51.781 +05:30  DBG  Closed connection to database 'Ecommerce' on server 'FGS-DSK-230\MSSQLSERVER2019' (0ms).
2024-09-24 17:59:51.853 +05:30  DBG  Opening connection to database 'Ecommerce' on server 'FGS-DSK-230\MSSQLSERVER2019'.
2024-09-24 17:59:51.855 +05:30  DBG  Opened connection to database 'Ecommerce' on server 'FGS-DSK-230\MSSQLSERVER2019'.
2024-09-24 17:59:51.855 +05:30  DBG  Creating DbCommand for 'ExecuteReader'.
2024-09-24 17:59:51.856 +05:30  DBG  Created DbCommand for 'ExecuteReader' (0ms).
2024-09-24 17:59:51.857 +05:30  DBG  Initialized DbCommand for 'ExecuteReader' (1ms).
2024-09-24 17:59:51.858 +05:30  DBG  Executing DbCommand [Parameters=[@__userId_0='?' (DbType = Guid)], CommandType='"Text"', CommandTimeout='30']
SELECT [a0].[Name]
FROM [AspNetUserRoles] AS [a]
INNER JOIN [AspNetRoles] AS [a0] ON [a].[RoleId] = [a0].[Id]
WHERE [a].[UserId] = @__userId_0
2024-09-24 17:59:51.861 +05:30  INF  Executed DbCommand (4ms) [Parameters=[@__userId_0='?' (DbType = Guid)], CommandType='"Text"', CommandTimeout='30']
SELECT [a0].[Name]
FROM [AspNetUserRoles] AS [a]
INNER JOIN [AspNetRoles] AS [a0] ON [a].[RoleId] = [a0].[Id]
WHERE [a].[UserId] = @__userId_0
2024-09-24 17:59:51.864 +05:30  DBG  Closing data reader to 'Ecommerce' on server 'FGS-DSK-230\MSSQLSERVER2019'.
2024-09-24 17:59:51.865 +05:30  DBG  A data reader for 'Ecommerce' on server 'FGS-DSK-230\MSSQLSERVER2019' is being disposed after spending 0ms reading results.
2024-09-24 17:59:51.866 +05:30  DBG  Closing connection to database 'Ecommerce' on server 'FGS-DSK-230\MSSQLSERVER2019'.
2024-09-24 17:59:51.867 +05:30  DBG  Closed connection to database 'Ecommerce' on server 'FGS-DSK-230\MSSQLSERVER2019' (0ms).
2024-09-24 17:59:51.869 +05:30  INF  Executed action method Web.Ecommerce.Controllers.Account.AccountController.Login (Web.Ecommerce), returned result Microsoft.AspNetCore.Mvc.OkObjectResult in 110.0846ms.
2024-09-24 17:59:51.870 +05:30  VRB  Action Filter: Before executing OnActionExecuted on filter Microsoft.AspNetCore.Mvc.Infrastructure.ModelStateInvalidFilter.
2024-09-24 17:59:51.871 +05:30  VRB  Action Filter: After executing OnActionExecuted on filter Microsoft.AspNetCore.Mvc.Infrastructure.ModelStateInvalidFilter.
2024-09-24 17:59:51.872 +05:30  VRB  Action Filter: Before executing OnActionExecuted on filter Microsoft.AspNetCore.Mvc.ModelBinding.UnsupportedContentTypeFilter.
2024-09-24 17:59:51.874 +05:30  VRB  Action Filter: After executing OnActionExecuted on filter Microsoft.AspNetCore.Mvc.ModelBinding.UnsupportedContentTypeFilter.
2024-09-24 17:59:51.875 +05:30  VRB  Result Filter: Before executing OnResultExecuting on filter Microsoft.AspNetCore.Mvc.Infrastructure.ClientErrorResultFilter.
2024-09-24 17:59:51.876 +05:30  VRB  Result Filter: After executing OnResultExecuting on filter Microsoft.AspNetCore.Mvc.Infrastructure.ClientErrorResultFilter.
2024-09-24 17:59:51.877 +05:30  VRB  Before executing action result Microsoft.AspNetCore.Mvc.OkObjectResult.
2024-09-24 17:59:51.878 +05:30  DBG  List of registered output formatters, in the following order: ["Microsoft.AspNetCore.Mvc.Formatters.HttpNoContentOutputFormatter","Microsoft.AspNetCore.Mvc.Formatters.StringOutputFormatter","Microsoft.AspNetCore.Mvc.Formatters.StreamOutputFormatter","Microsoft.AspNetCore.Mvc.Formatters.SystemTextJsonOutputFormatter"]
2024-09-24 17:59:51.880 +05:30  DBG  No information found on request to perform content negotiation.
2024-09-24 17:59:51.880 +05:30  DBG  Attempting to select an output formatter without using a content type as no explicit content types were specified for the response.
2024-09-24 17:59:51.881 +05:30  DBG  Attempting to select the first formatter in the output formatters list which can write the result.
2024-09-24 17:59:51.882 +05:30  DBG  Selected output formatter 'Microsoft.AspNetCore.Mvc.Formatters.SystemTextJsonOutputFormatter' and content type 'application/json' to write the response.
2024-09-24 17:59:51.883 +05:30  INF  Executing OkObjectResult, writing value of type '<>f__AnonymousType1`3[[System.String, System.Private.CoreLib, Version=8.0.0.0, Culture=neutral, PublicKeyToken=7cec85d7bea7798e],[System.String, System.Private.CoreLib, Version=8.0.0.0, Culture=neutral, PublicKeyToken=7cec85d7bea7798e],[System.Collections.Generic.IEnumerable`1[[System.String, System.Private.CoreLib, Version=8.0.0.0, Culture=neutral, PublicKeyToken=7cec85d7bea7798e]], System.Private.CoreLib, Version=8.0.0.0, Culture=neutral, PublicKeyToken=7cec85d7bea7798e]]'.
2024-09-24 17:59:51.884 +05:30  VRB  After executing action result Microsoft.AspNetCore.Mvc.OkObjectResult.
2024-09-24 17:59:51.884 +05:30  VRB  Connection id "0HN6SED9F77Q2" sending "HEADERS" frame for stream ID 3 with length 37 and flags "END_HEADERS".
2024-09-24 17:59:51.885 +05:30  VRB  Result Filter: Before executing OnResultExecuted on filter Microsoft.AspNetCore.Mvc.Infrastructure.ClientErrorResultFilter.
2024-09-24 17:59:51.886 +05:30  VRB  Result Filter: After executing OnResultExecuted on filter Microsoft.AspNetCore.Mvc.Infrastructure.ClientErrorResultFilter.
2024-09-24 17:59:51.889 +05:30  VRB  Connection id "0HN6SED9F77Q2" sending "DATA" frame for stream ID 3 with length 582 and flags "NONE".
2024-09-24 17:59:51.890 +05:30  INF  Executed action Web.Ecommerce.Controllers.Account.AccountController.Login (Web.Ecommerce) in 151.7334ms
2024-09-24 17:59:51.893 +05:30  INF  Executed endpoint 'Web.Ecommerce.Controllers.Account.AccountController.Login (Web.Ecommerce)'
2024-09-24 17:59:51.894 +05:30  DBG  'EcommerceDbContext' disposed.
2024-09-24 17:59:51.894 +05:30  VRB  Connection id "0HN6SED9F77Q2" sending "DATA" frame for stream ID 3 with length 0 and flags "END_STREAM".
2024-09-24 17:59:51.895 +05:30  DBG  Disposing connection to database 'Ecommerce' on server 'FGS-DSK-230\MSSQLSERVER2019'.
2024-09-24 17:59:51.898 +05:30  DBG  Disposed connection to database '' on server '' (3ms).
2024-09-24 17:59:51.899 +05:30  INF  Request finished HTTP/2 POST https://localhost:7113/api/Account/Login - 200 null application/json; charset=utf-8 182.1417ms
2024-09-24 18:00:44.958 +05:30  VRB  Connection id "0HN6SED9F77Q2" received "HEADERS" frame for stream ID 5 with length 43 and flags "END_STREAM, END_HEADERS, PRIORITY".
2024-09-24 18:00:44.960 +05:30  VRB  Connection id "0HN6SED9F77Q2" received "PING" frame for stream ID 0 with length 8 and flags "NONE".
2024-09-24 18:00:44.961 +05:30  INF  Request starting HTTP/2 OPTIONS https://localhost:7113/api/Account/Login - null null
2024-09-24 18:00:44.965 +05:30  VRB  Connection id "0HN6SED9F77Q2" sending "PING" frame for stream ID 0 with length 8 and flags "ACK".
2024-09-24 18:00:44.968 +05:30  VRB  All hosts are allowed.
2024-09-24 18:00:44.973 +05:30  DBG  1 candidate(s) found for the request path '/api/Account/Login'
2024-09-24 18:00:44.975 +05:30  DBG  Request matched endpoint '405 HTTP Method Not Supported'
2024-09-24 18:00:44.976 +05:30  VRB  The endpoint does not specify the IRequestSizeLimitMetadata.
2024-09-24 18:00:44.976 +05:30  DBG  Static files was skipped as the request already matched an endpoint.
2024-09-24 18:00:44.977 +05:30  DBG  The request has an origin header: 'http://localhost:4200'.
2024-09-24 18:00:44.978 +05:30  INF  CORS policy execution successful.
2024-09-24 18:00:44.978 +05:30  DBG  The request is a preflight request.
2024-09-24 18:00:44.979 +05:30  INF  Request finished HTTP/2 OPTIONS https://localhost:7113/api/Account/Login - 204 null null 17.786ms
2024-09-24 18:00:44.979 +05:30  VRB  Connection id "0HN6SED9F77Q2" sending "HEADERS" frame for stream ID 5 with length 36 and flags "END_STREAM, END_HEADERS".
2024-09-24 18:00:44.988 +05:30  VRB  Connection id "0HN6SED9F77Q2" received "HEADERS" frame for stream ID 7 with length 38 and flags "END_HEADERS, PRIORITY".
2024-09-24 18:00:44.993 +05:30  VRB  Connection id "0HN6SED9F77Q2" received "DATA" frame for stream ID 7 with length 68 and flags "END_STREAM".
2024-09-24 18:00:44.993 +05:30  INF  Request starting HTTP/2 POST https://localhost:7113/api/Account/Login - application/json 68
2024-09-24 18:00:44.997 +05:30  VRB  All hosts are allowed.
2024-09-24 18:00:44.997 +05:30  DBG  1 candidate(s) found for the request path '/api/Account/Login'
2024-09-24 18:00:44.998 +05:30  DBG  Endpoint 'Web.Ecommerce.Controllers.Account.AccountController.Login (Web.Ecommerce)' with route pattern 'api/Account/Login' is valid for the request path '/api/Account/Login'
2024-09-24 18:00:45.000 +05:30  DBG  Request matched endpoint 'Web.Ecommerce.Controllers.Account.AccountController.Login (Web.Ecommerce)'
2024-09-24 18:00:45.000 +05:30  VRB  The endpoint does not specify the IRequestSizeLimitMetadata.
2024-09-24 18:00:45.001 +05:30  DBG  Static files was skipped as the request already matched an endpoint.
2024-09-24 18:00:45.001 +05:30  DBG  The request has an origin header: 'http://localhost:4200'.
2024-09-24 18:00:45.002 +05:30  INF  CORS policy execution successful.
2024-09-24 18:00:45.003 +05:30  DBG  AuthenticationScheme: Bearer was not authenticated.
2024-09-24 18:00:45.004 +05:30  INF  Executing endpoint 'Web.Ecommerce.Controllers.Account.AccountController.Login (Web.Ecommerce)'
2024-09-24 18:00:45.006 +05:30  INF  Route matched with {action = "Login", controller = "Account"}. Executing controller action with signature System.Threading.Tasks.Task`1[Microsoft.AspNetCore.Mvc.IActionResult] Login(Application.Ecom.Authentication.Commands.LoginUser.LoginUserCommand) on controller Web.Ecommerce.Controllers.Account.AccountController (Web.Ecommerce).
2024-09-24 18:00:45.009 +05:30  DBG  Execution plan of authorization filters (in the following order): ["None"]
2024-09-24 18:00:45.010 +05:30  DBG  Execution plan of resource filters (in the following order): ["None"]
2024-09-24 18:00:45.011 +05:30  DBG  Execution plan of action filters (in the following order): ["Microsoft.AspNetCore.Mvc.ModelBinding.UnsupportedContentTypeFilter (Order: -3000)","Microsoft.AspNetCore.Mvc.Infrastructure.ModelStateInvalidFilter (Order: -2000)"]
2024-09-24 18:00:45.013 +05:30  DBG  Execution plan of exception filters (in the following order): ["None"]
2024-09-24 18:00:45.013 +05:30  DBG  Execution plan of result filters (in the following order): ["Microsoft.AspNetCore.Mvc.Infrastructure.ClientErrorResultFilter (Order: -2000)"]
2024-09-24 18:00:45.015 +05:30  DBG  Executing controller factory for controller Web.Ecommerce.Controllers.Account.AccountController (Web.Ecommerce)
2024-09-24 18:00:45.016 +05:30  DBG  Executed controller factory for controller Web.Ecommerce.Controllers.Account.AccountController (Web.Ecommerce)
2024-09-24 18:00:45.017 +05:30  DBG  Attempting to bind parameter 'command' of type 'Application.Ecom.Authentication.Commands.LoginUser.LoginUserCommand' ...
2024-09-24 18:00:45.018 +05:30  DBG  Attempting to bind parameter 'command' of type 'Application.Ecom.Authentication.Commands.LoginUser.LoginUserCommand' using the name '' in request data ...
2024-09-24 18:00:45.019 +05:30  DBG  Selected input formatter 'Microsoft.AspNetCore.Mvc.Formatters.SystemTextJsonInputFormatter' for content type 'application/json'.
2024-09-24 18:00:45.021 +05:30  DBG  Connection id "0HN6SED9F77Q2", Request id "0HN6SED9F77Q2:00000007": started reading request body.
2024-09-24 18:00:45.022 +05:30  DBG  Connection id "0HN6SED9F77Q2", Request id "0HN6SED9F77Q2:00000007": done reading request body.
2024-09-24 18:00:45.024 +05:30  DBG  JSON input formatter succeeded, deserializing to type 'Application.Ecom.Authentication.Commands.LoginUser.LoginUserCommand'
2024-09-24 18:00:45.025 +05:30  DBG  Done attempting to bind parameter 'command' of type 'Application.Ecom.Authentication.Commands.LoginUser.LoginUserCommand'.
2024-09-24 18:00:45.027 +05:30  DBG  Done attempting to bind parameter 'command' of type 'Application.Ecom.Authentication.Commands.LoginUser.LoginUserCommand'.
2024-09-24 18:00:45.028 +05:30  DBG  Attempting to validate the bound parameter 'command' of type 'Application.Ecom.Authentication.Commands.LoginUser.LoginUserCommand' ...
2024-09-24 18:00:45.029 +05:30  DBG  Done attempting to validate the bound parameter 'command' of type 'Application.Ecom.Authentication.Commands.LoginUser.LoginUserCommand'.
2024-09-24 18:00:45.030 +05:30  VRB  Action Filter: Before executing OnActionExecuting on filter Microsoft.AspNetCore.Mvc.ModelBinding.UnsupportedContentTypeFilter.
2024-09-24 18:00:45.031 +05:30  VRB  Action Filter: After executing OnActionExecuting on filter Microsoft.AspNetCore.Mvc.ModelBinding.UnsupportedContentTypeFilter.
2024-09-24 18:00:45.032 +05:30  VRB  Action Filter: Before executing OnActionExecuting on filter Microsoft.AspNetCore.Mvc.Infrastructure.ModelStateInvalidFilter.
2024-09-24 18:00:45.034 +05:30  VRB  Action Filter: After executing OnActionExecuting on filter Microsoft.AspNetCore.Mvc.Infrastructure.ModelStateInvalidFilter.
2024-09-24 18:00:45.035 +05:30  INF  Executing action method Web.Ecommerce.Controllers.Account.AccountController.Login (Web.Ecommerce) - Validation state: "Valid"
2024-09-24 18:00:45.036 +05:30  VRB  Executing action method Web.Ecommerce.Controllers.Account.AccountController.Login (Web.Ecommerce) with arguments (["Application.Ecom.Authentication.Commands.LoginUser.LoginUserCommand"])
2024-09-24 18:00:45.039 +05:30  DBG  Entity Framework Core 8.0.8 initialized 'EcommerceDbContext' using provider 'Microsoft.EntityFrameworkCore.SqlServer:8.0.8' with options: None
2024-09-24 18:00:45.041 +05:30  DBG  Creating DbConnection.
2024-09-24 18:00:45.041 +05:30  DBG  Created DbConnection. (0ms).
2024-09-24 18:00:45.042 +05:30  DBG  Opening connection to database 'Ecommerce' on server 'FGS-DSK-230\MSSQLSERVER2019'.
2024-09-24 18:00:45.043 +05:30  DBG  Opened connection to database 'Ecommerce' on server 'FGS-DSK-230\MSSQLSERVER2019'.
2024-09-24 18:00:45.044 +05:30  DBG  Creating DbCommand for 'ExecuteReader'.
2024-09-24 18:00:45.045 +05:30  DBG  Created DbCommand for 'ExecuteReader' (0ms).
2024-09-24 18:00:45.046 +05:30  DBG  Initialized DbCommand for 'ExecuteReader' (1ms).
2024-09-24 18:00:45.046 +05:30  DBG  Executing DbCommand [Parameters=[@__normalizedEmail_0='?' (Size = 256)], CommandType='"Text"', CommandTimeout='30']
SELECT TOP(2) [a].[Id], [a].[AccessFailedCount], [a].[ConcurrencyStamp], [a].[CreatedAt], [a].[Email], [a].[EmailConfirmed], [a].[IsDeleted], [a].[IsVerified], [a].[LockoutEnabled], [a].[LockoutEnd], [a].[NormalizedEmail], [a].[NormalizedUserName], [a].[PasswordHash], [a].[PhoneNumber], [a].[PhoneNumberConfirmed], [a].[SecurityStamp], [a].[TwoFactorEnabled], [a].[UpdatedAt], [a].[UserName]
FROM [AspNetUsers] AS [a]
WHERE [a].[NormalizedEmail] = @__normalizedEmail_0
2024-09-24 18:00:45.051 +05:30  INF  Executed DbCommand (5ms) [Parameters=[@__normalizedEmail_0='?' (Size = 256)], CommandType='"Text"', CommandTimeout='30']
SELECT TOP(2) [a].[Id], [a].[AccessFailedCount], [a].[ConcurrencyStamp], [a].[CreatedAt], [a].[Email], [a].[EmailConfirmed], [a].[IsDeleted], [a].[IsVerified], [a].[LockoutEnabled], [a].[LockoutEnd], [a].[NormalizedEmail], [a].[NormalizedUserName], [a].[PasswordHash], [a].[PhoneNumber], [a].[PhoneNumberConfirmed], [a].[SecurityStamp], [a].[TwoFactorEnabled], [a].[UpdatedAt], [a].[UserName]
FROM [AspNetUsers] AS [a]
WHERE [a].[NormalizedEmail] = @__normalizedEmail_0
2024-09-24 18:00:45.055 +05:30  DBG  Context 'EcommerceDbContext' started tracking 'User' entity. Consider using 'DbContextOptionsBuilder.EnableSensitiveDataLogging' to see key values.
2024-09-24 18:00:45.056 +05:30  DBG  Closing data reader to 'Ecommerce' on server 'FGS-DSK-230\MSSQLSERVER2019'.
2024-09-24 18:00:45.057 +05:30  DBG  A data reader for 'Ecommerce' on server 'FGS-DSK-230\MSSQLSERVER2019' is being disposed after spending 3ms reading results.
2024-09-24 18:00:45.058 +05:30  DBG  Closing connection to database 'Ecommerce' on server 'FGS-DSK-230\MSSQLSERVER2019'.
2024-09-24 18:00:45.059 +05:30  DBG  Closed connection to database 'Ecommerce' on server 'FGS-DSK-230\MSSQLSERVER2019' (1ms).
2024-09-24 18:00:45.135 +05:30  DBG  Opening connection to database 'Ecommerce' on server 'FGS-DSK-230\MSSQLSERVER2019'.
2024-09-24 18:00:45.138 +05:30  DBG  Opened connection to database 'Ecommerce' on server 'FGS-DSK-230\MSSQLSERVER2019'.
2024-09-24 18:00:45.139 +05:30  DBG  Creating DbCommand for 'ExecuteReader'.
2024-09-24 18:00:45.140 +05:30  DBG  Created DbCommand for 'ExecuteReader' (0ms).
2024-09-24 18:00:45.141 +05:30  DBG  Initialized DbCommand for 'ExecuteReader' (1ms).
2024-09-24 18:00:45.142 +05:30  DBG  Executing DbCommand [Parameters=[@__userId_0='?' (DbType = Guid)], CommandType='"Text"', CommandTimeout='30']
SELECT [a0].[Name]
FROM [AspNetUserRoles] AS [a]
INNER JOIN [AspNetRoles] AS [a0] ON [a].[RoleId] = [a0].[Id]
WHERE [a].[UserId] = @__userId_0
2024-09-24 18:00:45.145 +05:30  INF  Executed DbCommand (4ms) [Parameters=[@__userId_0='?' (DbType = Guid)], CommandType='"Text"', CommandTimeout='30']
SELECT [a0].[Name]
FROM [AspNetUserRoles] AS [a]
INNER JOIN [AspNetRoles] AS [a0] ON [a].[RoleId] = [a0].[Id]
WHERE [a].[UserId] = @__userId_0
2024-09-24 18:00:45.148 +05:30  DBG  Closing data reader to 'Ecommerce' on server 'FGS-DSK-230\MSSQLSERVER2019'.
2024-09-24 18:00:45.149 +05:30  DBG  A data reader for 'Ecommerce' on server 'FGS-DSK-230\MSSQLSERVER2019' is being disposed after spending 0ms reading results.
2024-09-24 18:00:45.150 +05:30  DBG  Closing connection to database 'Ecommerce' on server 'FGS-DSK-230\MSSQLSERVER2019'.
2024-09-24 18:00:45.151 +05:30  DBG  Closed connection to database 'Ecommerce' on server 'FGS-DSK-230\MSSQLSERVER2019' (0ms).
2024-09-24 18:00:45.152 +05:30  INF  Executed action method Web.Ecommerce.Controllers.Account.AccountController.Login (Web.Ecommerce), returned result Microsoft.AspNetCore.Mvc.OkObjectResult in 114.9004ms.
2024-09-24 18:00:45.153 +05:30  VRB  Action Filter: Before executing OnActionExecuted on filter Microsoft.AspNetCore.Mvc.Infrastructure.ModelStateInvalidFilter.
2024-09-24 18:00:45.155 +05:30  VRB  Action Filter: After executing OnActionExecuted on filter Microsoft.AspNetCore.Mvc.Infrastructure.ModelStateInvalidFilter.
2024-09-24 18:00:45.156 +05:30  VRB  Action Filter: Before executing OnActionExecuted on filter Microsoft.AspNetCore.Mvc.ModelBinding.UnsupportedContentTypeFilter.
2024-09-24 18:00:45.157 +05:30  VRB  Action Filter: After executing OnActionExecuted on filter Microsoft.AspNetCore.Mvc.ModelBinding.UnsupportedContentTypeFilter.
2024-09-24 18:00:45.158 +05:30  VRB  Result Filter: Before executing OnResultExecuting on filter Microsoft.AspNetCore.Mvc.Infrastructure.ClientErrorResultFilter.
2024-09-24 18:00:45.159 +05:30  VRB  Result Filter: After executing OnResultExecuting on filter Microsoft.AspNetCore.Mvc.Infrastructure.ClientErrorResultFilter.
2024-09-24 18:00:45.160 +05:30  VRB  Before executing action result Microsoft.AspNetCore.Mvc.OkObjectResult.
2024-09-24 18:00:45.161 +05:30  DBG  List of registered output formatters, in the following order: ["Microsoft.AspNetCore.Mvc.Formatters.HttpNoContentOutputFormatter","Microsoft.AspNetCore.Mvc.Formatters.StringOutputFormatter","Microsoft.AspNetCore.Mvc.Formatters.StreamOutputFormatter","Microsoft.AspNetCore.Mvc.Formatters.SystemTextJsonOutputFormatter"]
2024-09-24 18:00:45.163 +05:30  DBG  No information found on request to perform content negotiation.
2024-09-24 18:00:45.163 +05:30  DBG  Attempting to select an output formatter without using a content type as no explicit content types were specified for the response.
2024-09-24 18:00:45.164 +05:30  DBG  Attempting to select the first formatter in the output formatters list which can write the result.
2024-09-24 18:00:45.165 +05:30  DBG  Selected output formatter 'Microsoft.AspNetCore.Mvc.Formatters.SystemTextJsonOutputFormatter' and content type 'application/json' to write the response.
2024-09-24 18:00:45.166 +05:30  INF  Executing OkObjectResult, writing value of type '<>f__AnonymousType1`3[[System.String, System.Private.CoreLib, Version=8.0.0.0, Culture=neutral, PublicKeyToken=7cec85d7bea7798e],[System.String, System.Private.CoreLib, Version=8.0.0.0, Culture=neutral, PublicKeyToken=7cec85d7bea7798e],[System.Collections.Generic.IEnumerable`1[[System.String, System.Private.CoreLib, Version=8.0.0.0, Culture=neutral, PublicKeyToken=7cec85d7bea7798e]], System.Private.CoreLib, Version=8.0.0.0, Culture=neutral, PublicKeyToken=7cec85d7bea7798e]]'.
2024-09-24 18:00:45.168 +05:30  VRB  After executing action result Microsoft.AspNetCore.Mvc.OkObjectResult.
2024-09-24 18:00:45.168 +05:30  VRB  Connection id "0HN6SED9F77Q2" sending "HEADERS" frame for stream ID 7 with length 5 and flags "END_HEADERS".
2024-09-24 18:00:45.169 +05:30  VRB  Result Filter: Before executing OnResultExecuted on filter Microsoft.AspNetCore.Mvc.Infrastructure.ClientErrorResultFilter.
2024-09-24 18:00:45.171 +05:30  VRB  Connection id "0HN6SED9F77Q2" sending "DATA" frame for stream ID 7 with length 582 and flags "NONE".
2024-09-24 18:00:45.172 +05:30  VRB  Result Filter: After executing OnResultExecuted on filter Microsoft.AspNetCore.Mvc.Infrastructure.ClientErrorResultFilter.
2024-09-24 18:00:45.173 +05:30  INF  Executed action Web.Ecommerce.Controllers.Account.AccountController.Login (Web.Ecommerce) in 158.5999ms
2024-09-24 18:00:45.176 +05:30  INF  Executed endpoint 'Web.Ecommerce.Controllers.Account.AccountController.Login (Web.Ecommerce)'
2024-09-24 18:00:45.177 +05:30  DBG  'EcommerceDbContext' disposed.
2024-09-24 18:00:45.177 +05:30  VRB  Connection id "0HN6SED9F77Q2" sending "DATA" frame for stream ID 7 with length 0 and flags "END_STREAM".
2024-09-24 18:00:45.177 +05:30  DBG  Disposing connection to database 'Ecommerce' on server 'FGS-DSK-230\MSSQLSERVER2019'.
2024-09-24 18:00:45.178 +05:30  DBG  Disposed connection to database '' on server '' (0ms).
2024-09-24 18:00:45.179 +05:30  INF  Request finished HTTP/2 POST https://localhost:7113/api/Account/Login - 200 null application/json; charset=utf-8 185.9553ms
2024-09-24 18:00:45.181 +05:30  VRB  Connection id "0HN6SED9F77Q2" received "WINDOW_UPDATE" frame for stream ID 0 with length 4 and flags 0x0.
2024-09-24 18:01:26.662 +05:30  VRB  Connection id "0HN6SED9F77Q2" received "HEADERS" frame for stream ID 9 with length 43 and flags "END_STREAM, END_HEADERS, PRIORITY".
2024-09-24 18:01:26.669 +05:30  VRB  Connection id "0HN6SED9F77Q2" received "PING" frame for stream ID 0 with length 8 and flags "NONE".
2024-09-24 18:01:26.669 +05:30  INF  Request starting HTTP/2 OPTIONS https://localhost:7113/api/Account/Login - null null
2024-09-24 18:01:26.671 +05:30  VRB  Connection id "0HN6SED9F77Q2" sending "PING" frame for stream ID 0 with length 8 and flags "ACK".
2024-09-24 18:01:26.675 +05:30  VRB  All hosts are allowed.
2024-09-24 18:01:26.684 +05:30  DBG  1 candidate(s) found for the request path '/api/Account/Login'
2024-09-24 18:01:26.686 +05:30  DBG  Request matched endpoint '405 HTTP Method Not Supported'
2024-09-24 18:01:26.687 +05:30  VRB  The endpoint does not specify the IRequestSizeLimitMetadata.
2024-09-24 18:01:26.688 +05:30  DBG  Static files was skipped as the request already matched an endpoint.
2024-09-24 18:01:26.689 +05:30  DBG  The request has an origin header: 'http://localhost:4200'.
2024-09-24 18:01:26.691 +05:30  INF  CORS policy execution successful.
2024-09-24 18:01:26.692 +05:30  DBG  The request is a preflight request.
2024-09-24 18:01:26.692 +05:30  INF  Request finished HTTP/2 OPTIONS https://localhost:7113/api/Account/Login - 204 null null 23.5106ms
2024-09-24 18:01:26.692 +05:30  VRB  Connection id "0HN6SED9F77Q2" sending "HEADERS" frame for stream ID 9 with length 36 and flags "END_STREAM, END_HEADERS".
2024-09-24 18:01:26.697 +05:30  VRB  Connection id "0HN6SED9F77Q2" received "HEADERS" frame for stream ID 11 with length 38 and flags "END_HEADERS, PRIORITY".
2024-09-24 18:01:26.699 +05:30  VRB  Connection id "0HN6SED9F77Q2" received "DATA" frame for stream ID 11 with length 68 and flags "END_STREAM".
2024-09-24 18:01:26.699 +05:30  INF  Request starting HTTP/2 POST https://localhost:7113/api/Account/Login - application/json 68
2024-09-24 18:01:26.703 +05:30  VRB  All hosts are allowed.
2024-09-24 18:01:26.703 +05:30  DBG  1 candidate(s) found for the request path '/api/Account/Login'
2024-09-24 18:01:26.705 +05:30  DBG  Endpoint 'Web.Ecommerce.Controllers.Account.AccountController.Login (Web.Ecommerce)' with route pattern 'api/Account/Login' is valid for the request path '/api/Account/Login'
2024-09-24 18:01:26.707 +05:30  DBG  Request matched endpoint 'Web.Ecommerce.Controllers.Account.AccountController.Login (Web.Ecommerce)'
2024-09-24 18:01:26.708 +05:30  VRB  The endpoint does not specify the IRequestSizeLimitMetadata.
2024-09-24 18:01:26.708 +05:30  DBG  Static files was skipped as the request already matched an endpoint.
2024-09-24 18:01:26.709 +05:30  DBG  The request has an origin header: 'http://localhost:4200'.
2024-09-24 18:01:26.709 +05:30  INF  CORS policy execution successful.
2024-09-24 18:01:26.710 +05:30  DBG  AuthenticationScheme: Bearer was not authenticated.
2024-09-24 18:01:26.711 +05:30  INF  Executing endpoint 'Web.Ecommerce.Controllers.Account.AccountController.Login (Web.Ecommerce)'
2024-09-24 18:01:26.712 +05:30  INF  Route matched with {action = "Login", controller = "Account"}. Executing controller action with signature System.Threading.Tasks.Task`1[Microsoft.AspNetCore.Mvc.IActionResult] Login(Application.Ecom.Authentication.Commands.LoginUser.LoginUserCommand) on controller Web.Ecommerce.Controllers.Account.AccountController (Web.Ecommerce).
2024-09-24 18:01:26.714 +05:30  DBG  Execution plan of authorization filters (in the following order): ["None"]
2024-09-24 18:01:26.715 +05:30  DBG  Execution plan of resource filters (in the following order): ["None"]
2024-09-24 18:01:26.722 +05:30  DBG  Execution plan of action filters (in the following order): ["Microsoft.AspNetCore.Mvc.ModelBinding.UnsupportedContentTypeFilter (Order: -3000)","Microsoft.AspNetCore.Mvc.Infrastructure.ModelStateInvalidFilter (Order: -2000)"]
2024-09-24 18:01:26.724 +05:30  DBG  Execution plan of exception filters (in the following order): ["None"]
2024-09-24 18:01:26.726 +05:30  DBG  Execution plan of result filters (in the following order): ["Microsoft.AspNetCore.Mvc.Infrastructure.ClientErrorResultFilter (Order: -2000)"]
2024-09-24 18:01:26.727 +05:30  DBG  Executing controller factory for controller Web.Ecommerce.Controllers.Account.AccountController (Web.Ecommerce)
2024-09-24 18:01:26.728 +05:30  DBG  Executed controller factory for controller Web.Ecommerce.Controllers.Account.AccountController (Web.Ecommerce)
2024-09-24 18:01:26.729 +05:30  DBG  Attempting to bind parameter 'command' of type 'Application.Ecom.Authentication.Commands.LoginUser.LoginUserCommand' ...
2024-09-24 18:01:26.730 +05:30  DBG  Attempting to bind parameter 'command' of type 'Application.Ecom.Authentication.Commands.LoginUser.LoginUserCommand' using the name '' in request data ...
2024-09-24 18:01:26.731 +05:30  DBG  Selected input formatter 'Microsoft.AspNetCore.Mvc.Formatters.SystemTextJsonInputFormatter' for content type 'application/json'.
2024-09-24 18:01:26.732 +05:30  DBG  Connection id "0HN6SED9F77Q2", Request id "0HN6SED9F77Q2:0000000B": started reading request body.
2024-09-24 18:01:26.733 +05:30  DBG  Connection id "0HN6SED9F77Q2", Request id "0HN6SED9F77Q2:0000000B": done reading request body.
2024-09-24 18:01:26.735 +05:30  DBG  JSON input formatter succeeded, deserializing to type 'Application.Ecom.Authentication.Commands.LoginUser.LoginUserCommand'
2024-09-24 18:01:26.736 +05:30  DBG  Done attempting to bind parameter 'command' of type 'Application.Ecom.Authentication.Commands.LoginUser.LoginUserCommand'.
2024-09-24 18:01:26.738 +05:30  DBG  Done attempting to bind parameter 'command' of type 'Application.Ecom.Authentication.Commands.LoginUser.LoginUserCommand'.
2024-09-24 18:01:26.739 +05:30  DBG  Attempting to validate the bound parameter 'command' of type 'Application.Ecom.Authentication.Commands.LoginUser.LoginUserCommand' ...
2024-09-24 18:01:26.740 +05:30  DBG  Done attempting to validate the bound parameter 'command' of type 'Application.Ecom.Authentication.Commands.LoginUser.LoginUserCommand'.
2024-09-24 18:01:26.741 +05:30  VRB  Action Filter: Before executing OnActionExecuting on filter Microsoft.AspNetCore.Mvc.ModelBinding.UnsupportedContentTypeFilter.
2024-09-24 18:01:26.743 +05:30  VRB  Action Filter: After executing OnActionExecuting on filter Microsoft.AspNetCore.Mvc.ModelBinding.UnsupportedContentTypeFilter.
2024-09-24 18:01:26.744 +05:30  VRB  Action Filter: Before executing OnActionExecuting on filter Microsoft.AspNetCore.Mvc.Infrastructure.ModelStateInvalidFilter.
2024-09-24 18:01:26.746 +05:30  VRB  Action Filter: After executing OnActionExecuting on filter Microsoft.AspNetCore.Mvc.Infrastructure.ModelStateInvalidFilter.
2024-09-24 18:01:26.747 +05:30  INF  Executing action method Web.Ecommerce.Controllers.Account.AccountController.Login (Web.Ecommerce) - Validation state: "Valid"
2024-09-24 18:01:26.748 +05:30  VRB  Executing action method Web.Ecommerce.Controllers.Account.AccountController.Login (Web.Ecommerce) with arguments (["Application.Ecom.Authentication.Commands.LoginUser.LoginUserCommand"])
2024-09-24 18:01:26.750 +05:30  DBG  Entity Framework Core 8.0.8 initialized 'EcommerceDbContext' using provider 'Microsoft.EntityFrameworkCore.SqlServer:8.0.8' with options: None
2024-09-24 18:01:26.752 +05:30  DBG  Creating DbConnection.
2024-09-24 18:01:26.752 +05:30  DBG  Created DbConnection. (0ms).
2024-09-24 18:01:26.753 +05:30  DBG  Opening connection to database 'Ecommerce' on server 'FGS-DSK-230\MSSQLSERVER2019'.
2024-09-24 18:01:26.755 +05:30  DBG  Opened connection to database 'Ecommerce' on server 'FGS-DSK-230\MSSQLSERVER2019'.
2024-09-24 18:01:26.755 +05:30  DBG  Creating DbCommand for 'ExecuteReader'.
2024-09-24 18:01:26.756 +05:30  DBG  Created DbCommand for 'ExecuteReader' (0ms).
2024-09-24 18:01:26.757 +05:30  DBG  Initialized DbCommand for 'ExecuteReader' (1ms).
2024-09-24 18:01:26.758 +05:30  DBG  Executing DbCommand [Parameters=[@__normalizedEmail_0='?' (Size = 256)], CommandType='"Text"', CommandTimeout='30']
SELECT TOP(2) [a].[Id], [a].[AccessFailedCount], [a].[ConcurrencyStamp], [a].[CreatedAt], [a].[Email], [a].[EmailConfirmed], [a].[IsDeleted], [a].[IsVerified], [a].[LockoutEnabled], [a].[LockoutEnd], [a].[NormalizedEmail], [a].[NormalizedUserName], [a].[PasswordHash], [a].[PhoneNumber], [a].[PhoneNumberConfirmed], [a].[SecurityStamp], [a].[TwoFactorEnabled], [a].[UpdatedAt], [a].[UserName]
FROM [AspNetUsers] AS [a]
WHERE [a].[NormalizedEmail] = @__normalizedEmail_0
2024-09-24 18:01:26.762 +05:30  INF  Executed DbCommand (4ms) [Parameters=[@__normalizedEmail_0='?' (Size = 256)], CommandType='"Text"', CommandTimeout='30']
SELECT TOP(2) [a].[Id], [a].[AccessFailedCount], [a].[ConcurrencyStamp], [a].[CreatedAt], [a].[Email], [a].[EmailConfirmed], [a].[IsDeleted], [a].[IsVerified], [a].[LockoutEnabled], [a].[LockoutEnd], [a].[NormalizedEmail], [a].[NormalizedUserName], [a].[PasswordHash], [a].[PhoneNumber], [a].[PhoneNumberConfirmed], [a].[SecurityStamp], [a].[TwoFactorEnabled], [a].[UpdatedAt], [a].[UserName]
FROM [AspNetUsers] AS [a]
WHERE [a].[NormalizedEmail] = @__normalizedEmail_0
2024-09-24 18:01:26.764 +05:30  DBG  Context 'EcommerceDbContext' started tracking 'User' entity. Consider using 'DbContextOptionsBuilder.EnableSensitiveDataLogging' to see key values.
2024-09-24 18:01:26.765 +05:30  DBG  Closing data reader to 'Ecommerce' on server 'FGS-DSK-230\MSSQLSERVER2019'.
2024-09-24 18:01:26.766 +05:30  DBG  A data reader for 'Ecommerce' on server 'FGS-DSK-230\MSSQLSERVER2019' is being disposed after spending 2ms reading results.
2024-09-24 18:01:26.768 +05:30  DBG  Closing connection to database 'Ecommerce' on server 'FGS-DSK-230\MSSQLSERVER2019'.
2024-09-24 18:01:26.770 +05:30  DBG  Closed connection to database 'Ecommerce' on server 'FGS-DSK-230\MSSQLSERVER2019' (2ms).
2024-09-24 18:01:26.844 +05:30  DBG  Opening connection to database 'Ecommerce' on server 'FGS-DSK-230\MSSQLSERVER2019'.
2024-09-24 18:01:26.846 +05:30  DBG  Opened connection to database 'Ecommerce' on server 'FGS-DSK-230\MSSQLSERVER2019'.
2024-09-24 18:01:26.847 +05:30  DBG  Creating DbCommand for 'ExecuteReader'.
2024-09-24 18:01:26.848 +05:30  DBG  Created DbCommand for 'ExecuteReader' (0ms).
2024-09-24 18:01:26.849 +05:30  DBG  Initialized DbCommand for 'ExecuteReader' (1ms).
2024-09-24 18:01:26.850 +05:30  DBG  Executing DbCommand [Parameters=[@__userId_0='?' (DbType = Guid)], CommandType='"Text"', CommandTimeout='30']
SELECT [a0].[Name]
FROM [AspNetUserRoles] AS [a]
INNER JOIN [AspNetRoles] AS [a0] ON [a].[RoleId] = [a0].[Id]
WHERE [a].[UserId] = @__userId_0
2024-09-24 18:01:26.855 +05:30  INF  Executed DbCommand (5ms) [Parameters=[@__userId_0='?' (DbType = Guid)], CommandType='"Text"', CommandTimeout='30']
SELECT [a0].[Name]
FROM [AspNetUserRoles] AS [a]
INNER JOIN [AspNetRoles] AS [a0] ON [a].[RoleId] = [a0].[Id]
WHERE [a].[UserId] = @__userId_0
2024-09-24 18:01:26.859 +05:30  DBG  Closing data reader to 'Ecommerce' on server 'FGS-DSK-230\MSSQLSERVER2019'.
2024-09-24 18:01:26.860 +05:30  DBG  A data reader for 'Ecommerce' on server 'FGS-DSK-230\MSSQLSERVER2019' is being disposed after spending 1ms reading results.
2024-09-24 18:01:26.861 +05:30  DBG  Closing connection to database 'Ecommerce' on server 'FGS-DSK-230\MSSQLSERVER2019'.
2024-09-24 18:01:26.862 +05:30  DBG  Closed connection to database 'Ecommerce' on server 'FGS-DSK-230\MSSQLSERVER2019' (0ms).
2024-09-24 18:01:26.863 +05:30  INF  Executed action method Web.Ecommerce.Controllers.Account.AccountController.Login (Web.Ecommerce), returned result Microsoft.AspNetCore.Mvc.OkObjectResult in 113.8498ms.
2024-09-24 18:01:26.865 +05:30  VRB  Action Filter: Before executing OnActionExecuted on filter Microsoft.AspNetCore.Mvc.Infrastructure.ModelStateInvalidFilter.
2024-09-24 18:01:26.866 +05:30  VRB  Action Filter: After executing OnActionExecuted on filter Microsoft.AspNetCore.Mvc.Infrastructure.ModelStateInvalidFilter.
2024-09-24 18:01:26.867 +05:30  VRB  Action Filter: Before executing OnActionExecuted on filter Microsoft.AspNetCore.Mvc.ModelBinding.UnsupportedContentTypeFilter.
2024-09-24 18:01:26.868 +05:30  VRB  Action Filter: After executing OnActionExecuted on filter Microsoft.AspNetCore.Mvc.ModelBinding.UnsupportedContentTypeFilter.
2024-09-24 18:01:26.869 +05:30  VRB  Result Filter: Before executing OnResultExecuting on filter Microsoft.AspNetCore.Mvc.Infrastructure.ClientErrorResultFilter.
2024-09-24 18:01:26.871 +05:30  VRB  Result Filter: After executing OnResultExecuting on filter Microsoft.AspNetCore.Mvc.Infrastructure.ClientErrorResultFilter.
2024-09-24 18:01:26.872 +05:30  VRB  Before executing action result Microsoft.AspNetCore.Mvc.OkObjectResult.
2024-09-24 18:01:26.873 +05:30  DBG  List of registered output formatters, in the following order: ["Microsoft.AspNetCore.Mvc.Formatters.HttpNoContentOutputFormatter","Microsoft.AspNetCore.Mvc.Formatters.StringOutputFormatter","Microsoft.AspNetCore.Mvc.Formatters.StreamOutputFormatter","Microsoft.AspNetCore.Mvc.Formatters.SystemTextJsonOutputFormatter"]
2024-09-24 18:01:26.875 +05:30  DBG  No information found on request to perform content negotiation.
2024-09-24 18:01:26.875 +05:30  DBG  Attempting to select an output formatter without using a content type as no explicit content types were specified for the response.
2024-09-24 18:01:26.876 +05:30  DBG  Attempting to select the first formatter in the output formatters list which can write the result.
2024-09-24 18:01:26.876 +05:30  DBG  Selected output formatter 'Microsoft.AspNetCore.Mvc.Formatters.SystemTextJsonOutputFormatter' and content type 'application/json' to write the response.
2024-09-24 18:01:26.877 +05:30  INF  Executing OkObjectResult, writing value of type '<>f__AnonymousType1`3[[System.String, System.Private.CoreLib, Version=8.0.0.0, Culture=neutral, PublicKeyToken=7cec85d7bea7798e],[System.String, System.Private.CoreLib, Version=8.0.0.0, Culture=neutral, PublicKeyToken=7cec85d7bea7798e],[System.Collections.Generic.IEnumerable`1[[System.String, System.Private.CoreLib, Version=8.0.0.0, Culture=neutral, PublicKeyToken=7cec85d7bea7798e]], System.Private.CoreLib, Version=8.0.0.0, Culture=neutral, PublicKeyToken=7cec85d7bea7798e]]'.
2024-09-24 18:01:26.879 +05:30  VRB  After executing action result Microsoft.AspNetCore.Mvc.OkObjectResult.
2024-09-24 18:01:26.879 +05:30  VRB  Connection id "0HN6SED9F77Q2" sending "HEADERS" frame for stream ID 11 with length 35 and flags "END_HEADERS".
2024-09-24 18:01:26.880 +05:30  VRB  Result Filter: Before executing OnResultExecuted on filter Microsoft.AspNetCore.Mvc.Infrastructure.ClientErrorResultFilter.
2024-09-24 18:01:26.881 +05:30  VRB  Result Filter: After executing OnResultExecuted on filter Microsoft.AspNetCore.Mvc.Infrastructure.ClientErrorResultFilter.
2024-09-24 18:01:26.883 +05:30  VRB  Connection id "0HN6SED9F77Q2" sending "DATA" frame for stream ID 11 with length 582 and flags "NONE".
2024-09-24 18:01:26.884 +05:30  INF  Executed action Web.Ecommerce.Controllers.Account.AccountController.Login (Web.Ecommerce) in 157.5516ms
2024-09-24 18:01:26.888 +05:30  INF  Executed endpoint 'Web.Ecommerce.Controllers.Account.AccountController.Login (Web.Ecommerce)'
2024-09-24 18:01:26.890 +05:30  VRB  Connection id "0HN6SED9F77Q2" received "WINDOW_UPDATE" frame for stream ID 0 with length 4 and flags 0x0.
2024-09-24 18:01:26.894 +05:30  DBG  'EcommerceDbContext' disposed.
2024-09-24 18:01:26.894 +05:30  VRB  Connection id "0HN6SED9F77Q2" sending "DATA" frame for stream ID 11 with length 0 and flags "END_STREAM".
2024-09-24 18:01:26.897 +05:30  DBG  Disposing connection to database 'Ecommerce' on server 'FGS-DSK-230\MSSQLSERVER2019'.
2024-09-24 18:01:26.900 +05:30  DBG  Disposed connection to database '' on server '' (3ms).
2024-09-24 18:01:26.901 +05:30  INF  Request finished HTTP/2 POST https://localhost:7113/api/Account/Login - 200 null application/json; charset=utf-8 202.2387ms
2024-09-24 18:02:51.489 +05:30  DBG  Connection id "0HN6SED9F77Q2" received FIN.
2024-09-24 18:02:51.496 +05:30  DBG  Connection id "0HN6SED9F77Q2" is closed. The last processed stream ID was 11.
2024-09-24 18:02:51.496 +05:30  DBG  The connection queue processing loop for 0HN6SED9F77Q2 completed.
2024-09-24 18:02:51.500 +05:30  DBG  Connection id "0HN6SED9F77Q2" sending FIN because: "The Socket transport's send loop completed gracefully."
2024-09-24 18:02:51.504 +05:30  DBG  Connection id "0HN6SED9F77Q2" stopped.
2024-09-24 18:04:00.967 +05:30  DBG  Connection id "0HN6SED9F77Q3" accepted.
2024-09-24 18:04:00.975 +05:30  DBG  Connection id "0HN6SED9F77Q3" started.
2024-09-24 18:04:00.981 +05:30  DBG  Connection 0HN6SED9F77Q3 established using the following protocol: "Tls12"
2024-09-24 18:04:00.989 +05:30  VRB  Connection id "0HN6SED9F77Q3" sending "SETTINGS" frame for stream ID 0 with length 24 and flags "NONE".
2024-09-24 18:04:00.992 +05:30  VRB  Connection id "0HN6SED9F77Q3" sending "WINDOW_UPDATE" frame for stream ID 0 with length 4 and flags 0x0.
2024-09-24 18:04:00.993 +05:30  VRB  Connection id "0HN6SED9F77Q3" received "SETTINGS" frame for stream ID 0 with length 24 and flags "NONE".
2024-09-24 18:04:00.995 +05:30  VRB  Connection id "0HN6SED9F77Q3" sending "SETTINGS" frame for stream ID 0 with length 0 and flags "ACK".
2024-09-24 18:04:00.996 +05:30  VRB  Connection id "0HN6SED9F77Q3" received "WINDOW_UPDATE" frame for stream ID 0 with length 4 and flags 0x0.
2024-09-24 18:04:00.998 +05:30  VRB  Connection id "0HN6SED9F77Q3" received "HEADERS" frame for stream ID 1 with length 335 and flags "END_STREAM, END_HEADERS, PRIORITY".
2024-09-24 18:04:00.999 +05:30  INF  Request starting HTTP/2 OPTIONS https://localhost:7113/api/Account/Login - null null
2024-09-24 18:04:00.999 +05:30  VRB  Connection id "0HN6SED9F77Q3" received "SETTINGS" frame for stream ID 0 with length 0 and flags "ACK".
2024-09-24 18:04:01.001 +05:30  VRB  All hosts are allowed.
2024-09-24 18:04:01.002 +05:30  DBG  1 candidate(s) found for the request path '/api/Account/Login'
2024-09-24 18:04:01.003 +05:30  DBG  Request matched endpoint '405 HTTP Method Not Supported'
2024-09-24 18:04:01.003 +05:30  VRB  The endpoint does not specify the IRequestSizeLimitMetadata.
2024-09-24 18:04:01.004 +05:30  DBG  Static files was skipped as the request already matched an endpoint.
2024-09-24 18:04:01.008 +05:30  DBG  The request has an origin header: 'http://localhost:4200'.
2024-09-24 18:04:01.009 +05:30  INF  CORS policy execution successful.
2024-09-24 18:04:01.009 +05:30  DBG  The request is a preflight request.
2024-09-24 18:04:01.010 +05:30  INF  Request finished HTTP/2 OPTIONS https://localhost:7113/api/Account/Login - 204 null null 10.6918ms
2024-09-24 18:04:01.010 +05:30  VRB  Connection id "0HN6SED9F77Q3" sending "HEADERS" frame for stream ID 1 with length 122 and flags "END_STREAM, END_HEADERS".
2024-09-24 18:04:01.015 +05:30  VRB  Connection id "0HN6SED9F77Q3" received "HEADERS" frame for stream ID 3 with length 182 and flags "END_HEADERS, PRIORITY".
2024-09-24 18:04:01.017 +05:30  VRB  Connection id "0HN6SED9F77Q3" received "DATA" frame for stream ID 3 with length 68 and flags "END_STREAM".
2024-09-24 18:04:01.017 +05:30  INF  Request starting HTTP/2 POST https://localhost:7113/api/Account/Login - application/json 68
2024-09-24 18:04:01.023 +05:30  VRB  All hosts are allowed.
2024-09-24 18:04:01.024 +05:30  DBG  1 candidate(s) found for the request path '/api/Account/Login'
2024-09-24 18:04:01.025 +05:30  DBG  Endpoint 'Web.Ecommerce.Controllers.Account.AccountController.Login (Web.Ecommerce)' with route pattern 'api/Account/Login' is valid for the request path '/api/Account/Login'
2024-09-24 18:04:01.027 +05:30  DBG  Request matched endpoint 'Web.Ecommerce.Controllers.Account.AccountController.Login (Web.Ecommerce)'
2024-09-24 18:04:01.028 +05:30  VRB  The endpoint does not specify the IRequestSizeLimitMetadata.
2024-09-24 18:04:01.028 +05:30  DBG  Static files was skipped as the request already matched an endpoint.
2024-09-24 18:04:01.029 +05:30  DBG  The request has an origin header: 'http://localhost:4200'.
2024-09-24 18:04:01.030 +05:30  INF  CORS policy execution successful.
2024-09-24 18:04:01.031 +05:30  DBG  AuthenticationScheme: Bearer was not authenticated.
2024-09-24 18:04:01.034 +05:30  INF  Executing endpoint 'Web.Ecommerce.Controllers.Account.AccountController.Login (Web.Ecommerce)'
2024-09-24 18:04:01.037 +05:30  INF  Route matched with {action = "Login", controller = "Account"}. Executing controller action with signature System.Threading.Tasks.Task`1[Microsoft.AspNetCore.Mvc.IActionResult] Login(Application.Ecom.Authentication.Commands.LoginUser.LoginUserCommand) on controller Web.Ecommerce.Controllers.Account.AccountController (Web.Ecommerce).
2024-09-24 18:04:01.039 +05:30  DBG  Execution plan of authorization filters (in the following order): ["None"]
2024-09-24 18:04:01.040 +05:30  DBG  Execution plan of resource filters (in the following order): ["None"]
2024-09-24 18:04:01.041 +05:30  DBG  Execution plan of action filters (in the following order): ["Microsoft.AspNetCore.Mvc.ModelBinding.UnsupportedContentTypeFilter (Order: -3000)","Microsoft.AspNetCore.Mvc.Infrastructure.ModelStateInvalidFilter (Order: -2000)"]
2024-09-24 18:04:01.042 +05:30  DBG  Execution plan of exception filters (in the following order): ["None"]
2024-09-24 18:04:01.043 +05:30  DBG  Execution plan of result filters (in the following order): ["Microsoft.AspNetCore.Mvc.Infrastructure.ClientErrorResultFilter (Order: -2000)"]
2024-09-24 18:04:01.045 +05:30  DBG  Executing controller factory for controller Web.Ecommerce.Controllers.Account.AccountController (Web.Ecommerce)
2024-09-24 18:04:01.046 +05:30  DBG  Executed controller factory for controller Web.Ecommerce.Controllers.Account.AccountController (Web.Ecommerce)
2024-09-24 18:04:01.047 +05:30  DBG  Attempting to bind parameter 'command' of type 'Application.Ecom.Authentication.Commands.LoginUser.LoginUserCommand' ...
2024-09-24 18:04:01.049 +05:30  DBG  Attempting to bind parameter 'command' of type 'Application.Ecom.Authentication.Commands.LoginUser.LoginUserCommand' using the name '' in request data ...
2024-09-24 18:04:01.050 +05:30  DBG  Selected input formatter 'Microsoft.AspNetCore.Mvc.Formatters.SystemTextJsonInputFormatter' for content type 'application/json'.
2024-09-24 18:04:01.051 +05:30  DBG  Connection id "0HN6SED9F77Q3", Request id "0HN6SED9F77Q3:00000003": started reading request body.
2024-09-24 18:04:01.052 +05:30  DBG  Connection id "0HN6SED9F77Q3", Request id "0HN6SED9F77Q3:00000003": done reading request body.
2024-09-24 18:04:01.053 +05:30  DBG  JSON input formatter succeeded, deserializing to type 'Application.Ecom.Authentication.Commands.LoginUser.LoginUserCommand'
2024-09-24 18:04:01.054 +05:30  DBG  Done attempting to bind parameter 'command' of type 'Application.Ecom.Authentication.Commands.LoginUser.LoginUserCommand'.
2024-09-24 18:04:01.056 +05:30  DBG  Done attempting to bind parameter 'command' of type 'Application.Ecom.Authentication.Commands.LoginUser.LoginUserCommand'.
2024-09-24 18:04:01.058 +05:30  DBG  Attempting to validate the bound parameter 'command' of type 'Application.Ecom.Authentication.Commands.LoginUser.LoginUserCommand' ...
2024-09-24 18:04:01.060 +05:30  DBG  Done attempting to validate the bound parameter 'command' of type 'Application.Ecom.Authentication.Commands.LoginUser.LoginUserCommand'.
2024-09-24 18:04:01.061 +05:30  VRB  Action Filter: Before executing OnActionExecuting on filter Microsoft.AspNetCore.Mvc.ModelBinding.UnsupportedContentTypeFilter.
2024-09-24 18:04:01.062 +05:30  VRB  Action Filter: After executing OnActionExecuting on filter Microsoft.AspNetCore.Mvc.ModelBinding.UnsupportedContentTypeFilter.
2024-09-24 18:04:01.064 +05:30  VRB  Action Filter: Before executing OnActionExecuting on filter Microsoft.AspNetCore.Mvc.Infrastructure.ModelStateInvalidFilter.
2024-09-24 18:04:01.065 +05:30  VRB  Action Filter: After executing OnActionExecuting on filter Microsoft.AspNetCore.Mvc.Infrastructure.ModelStateInvalidFilter.
2024-09-24 18:04:01.066 +05:30  INF  Executing action method Web.Ecommerce.Controllers.Account.AccountController.Login (Web.Ecommerce) - Validation state: "Valid"
2024-09-24 18:04:01.068 +05:30  VRB  Executing action method Web.Ecommerce.Controllers.Account.AccountController.Login (Web.Ecommerce) with arguments (["Application.Ecom.Authentication.Commands.LoginUser.LoginUserCommand"])
2024-09-24 18:04:01.070 +05:30  DBG  Entity Framework Core 8.0.8 initialized 'EcommerceDbContext' using provider 'Microsoft.EntityFrameworkCore.SqlServer:8.0.8' with options: None
2024-09-24 18:04:01.072 +05:30  DBG  Creating DbConnection.
2024-09-24 18:04:01.073 +05:30  DBG  Created DbConnection. (0ms).
2024-09-24 18:04:01.073 +05:30  DBG  Opening connection to database 'Ecommerce' on server 'FGS-DSK-230\MSSQLSERVER2019'.
2024-09-24 18:04:01.074 +05:30  DBG  Opened connection to database 'Ecommerce' on server 'FGS-DSK-230\MSSQLSERVER2019'.
2024-09-24 18:04:01.075 +05:30  DBG  Creating DbCommand for 'ExecuteReader'.
2024-09-24 18:04:01.076 +05:30  DBG  Created DbCommand for 'ExecuteReader' (0ms).
2024-09-24 18:04:01.077 +05:30  DBG  Initialized DbCommand for 'ExecuteReader' (1ms).
2024-09-24 18:04:01.078 +05:30  DBG  Executing DbCommand [Parameters=[@__normalizedEmail_0='?' (Size = 256)], CommandType='"Text"', CommandTimeout='30']
SELECT TOP(2) [a].[Id], [a].[AccessFailedCount], [a].[ConcurrencyStamp], [a].[CreatedAt], [a].[Email], [a].[EmailConfirmed], [a].[IsDeleted], [a].[IsVerified], [a].[LockoutEnabled], [a].[LockoutEnd], [a].[NormalizedEmail], [a].[NormalizedUserName], [a].[PasswordHash], [a].[PhoneNumber], [a].[PhoneNumberConfirmed], [a].[SecurityStamp], [a].[TwoFactorEnabled], [a].[UpdatedAt], [a].[UserName]
FROM [AspNetUsers] AS [a]
WHERE [a].[NormalizedEmail] = @__normalizedEmail_0
2024-09-24 18:04:01.082 +05:30  INF  Executed DbCommand (4ms) [Parameters=[@__normalizedEmail_0='?' (Size = 256)], CommandType='"Text"', CommandTimeout='30']
SELECT TOP(2) [a].[Id], [a].[AccessFailedCount], [a].[ConcurrencyStamp], [a].[CreatedAt], [a].[Email], [a].[EmailConfirmed], [a].[IsDeleted], [a].[IsVerified], [a].[LockoutEnabled], [a].[LockoutEnd], [a].[NormalizedEmail], [a].[NormalizedUserName], [a].[PasswordHash], [a].[PhoneNumber], [a].[PhoneNumberConfirmed], [a].[SecurityStamp], [a].[TwoFactorEnabled], [a].[UpdatedAt], [a].[UserName]
FROM [AspNetUsers] AS [a]
WHERE [a].[NormalizedEmail] = @__normalizedEmail_0
2024-09-24 18:04:01.084 +05:30  DBG  Context 'EcommerceDbContext' started tracking 'User' entity. Consider using 'DbContextOptionsBuilder.EnableSensitiveDataLogging' to see key values.
2024-09-24 18:04:01.085 +05:30  DBG  Closing data reader to 'Ecommerce' on server 'FGS-DSK-230\MSSQLSERVER2019'.
2024-09-24 18:04:01.086 +05:30  DBG  A data reader for 'Ecommerce' on server 'FGS-DSK-230\MSSQLSERVER2019' is being disposed after spending 2ms reading results.
2024-09-24 18:04:01.088 +05:30  DBG  Closing connection to database 'Ecommerce' on server 'FGS-DSK-230\MSSQLSERVER2019'.
2024-09-24 18:04:01.090 +05:30  DBG  Closed connection to database 'Ecommerce' on server 'FGS-DSK-230\MSSQLSERVER2019' (1ms).
2024-09-24 18:04:01.163 +05:30  DBG  Opening connection to database 'Ecommerce' on server 'FGS-DSK-230\MSSQLSERVER2019'.
2024-09-24 18:04:01.164 +05:30  DBG  Opened connection to database 'Ecommerce' on server 'FGS-DSK-230\MSSQLSERVER2019'.
2024-09-24 18:04:01.165 +05:30  DBG  Creating DbCommand for 'ExecuteReader'.
2024-09-24 18:04:01.166 +05:30  DBG  Created DbCommand for 'ExecuteReader' (0ms).
2024-09-24 18:04:01.167 +05:30  DBG  Initialized DbCommand for 'ExecuteReader' (1ms).
2024-09-24 18:04:01.168 +05:30  DBG  Executing DbCommand [Parameters=[@__userId_0='?' (DbType = Guid)], CommandType='"Text"', CommandTimeout='30']
SELECT [a0].[Name]
FROM [AspNetUserRoles] AS [a]
INNER JOIN [AspNetRoles] AS [a0] ON [a].[RoleId] = [a0].[Id]
WHERE [a].[UserId] = @__userId_0
2024-09-24 18:04:01.174 +05:30  INF  Executed DbCommand (6ms) [Parameters=[@__userId_0='?' (DbType = Guid)], CommandType='"Text"', CommandTimeout='30']
SELECT [a0].[Name]
FROM [AspNetUserRoles] AS [a]
INNER JOIN [AspNetRoles] AS [a0] ON [a].[RoleId] = [a0].[Id]
WHERE [a].[UserId] = @__userId_0
2024-09-24 18:04:01.177 +05:30  DBG  Closing data reader to 'Ecommerce' on server 'FGS-DSK-230\MSSQLSERVER2019'.
2024-09-24 18:04:01.178 +05:30  DBG  A data reader for 'Ecommerce' on server 'FGS-DSK-230\MSSQLSERVER2019' is being disposed after spending 1ms reading results.
2024-09-24 18:04:01.179 +05:30  DBG  Closing connection to database 'Ecommerce' on server 'FGS-DSK-230\MSSQLSERVER2019'.
2024-09-24 18:04:01.180 +05:30  DBG  Closed connection to database 'Ecommerce' on server 'FGS-DSK-230\MSSQLSERVER2019' (0ms).
2024-09-24 18:04:01.181 +05:30  INF  Executed action method Web.Ecommerce.Controllers.Account.AccountController.Login (Web.Ecommerce), returned result Microsoft.AspNetCore.Mvc.OkObjectResult in 111.7819ms.
2024-09-24 18:04:01.182 +05:30  VRB  Action Filter: Before executing OnActionExecuted on filter Microsoft.AspNetCore.Mvc.Infrastructure.ModelStateInvalidFilter.
2024-09-24 18:04:01.183 +05:30  VRB  Action Filter: After executing OnActionExecuted on filter Microsoft.AspNetCore.Mvc.Infrastructure.ModelStateInvalidFilter.
2024-09-24 18:04:01.184 +05:30  VRB  Action Filter: Before executing OnActionExecuted on filter Microsoft.AspNetCore.Mvc.ModelBinding.UnsupportedContentTypeFilter.
2024-09-24 18:04:01.186 +05:30  VRB  Action Filter: After executing OnActionExecuted on filter Microsoft.AspNetCore.Mvc.ModelBinding.UnsupportedContentTypeFilter.
2024-09-24 18:04:01.187 +05:30  VRB  Result Filter: Before executing OnResultExecuting on filter Microsoft.AspNetCore.Mvc.Infrastructure.ClientErrorResultFilter.
2024-09-24 18:04:01.190 +05:30  VRB  Result Filter: After executing OnResultExecuting on filter Microsoft.AspNetCore.Mvc.Infrastructure.ClientErrorResultFilter.
2024-09-24 18:04:01.191 +05:30  VRB  Before executing action result Microsoft.AspNetCore.Mvc.OkObjectResult.
2024-09-24 18:04:01.192 +05:30  DBG  List of registered output formatters, in the following order: ["Microsoft.AspNetCore.Mvc.Formatters.HttpNoContentOutputFormatter","Microsoft.AspNetCore.Mvc.Formatters.StringOutputFormatter","Microsoft.AspNetCore.Mvc.Formatters.StreamOutputFormatter","Microsoft.AspNetCore.Mvc.Formatters.SystemTextJsonOutputFormatter"]
2024-09-24 18:04:01.194 +05:30  DBG  No information found on request to perform content negotiation.
2024-09-24 18:04:01.195 +05:30  DBG  Attempting to select an output formatter without using a content type as no explicit content types were specified for the response.
2024-09-24 18:04:01.195 +05:30  DBG  Attempting to select the first formatter in the output formatters list which can write the result.
2024-09-24 18:04:01.196 +05:30  DBG  Selected output formatter 'Microsoft.AspNetCore.Mvc.Formatters.SystemTextJsonOutputFormatter' and content type 'application/json' to write the response.
2024-09-24 18:04:01.197 +05:30  INF  Executing OkObjectResult, writing value of type '<>f__AnonymousType1`3[[System.String, System.Private.CoreLib, Version=8.0.0.0, Culture=neutral, PublicKeyToken=7cec85d7bea7798e],[System.String, System.Private.CoreLib, Version=8.0.0.0, Culture=neutral, PublicKeyToken=7cec85d7bea7798e],[System.Collections.Generic.IEnumerable`1[[System.String, System.Private.CoreLib, Version=8.0.0.0, Culture=neutral, PublicKeyToken=7cec85d7bea7798e]], System.Private.CoreLib, Version=8.0.0.0, Culture=neutral, PublicKeyToken=7cec85d7bea7798e]]'.
2024-09-24 18:04:01.200 +05:30  VRB  After executing action result Microsoft.AspNetCore.Mvc.OkObjectResult.
2024-09-24 18:04:01.200 +05:30  VRB  Connection id "0HN6SED9F77Q3" sending "HEADERS" frame for stream ID 3 with length 67 and flags "END_HEADERS".
2024-09-24 18:04:01.200 +05:30  VRB  Result Filter: Before executing OnResultExecuted on filter Microsoft.AspNetCore.Mvc.Infrastructure.ClientErrorResultFilter.
2024-09-24 18:04:01.202 +05:30  VRB  Result Filter: After executing OnResultExecuted on filter Microsoft.AspNetCore.Mvc.Infrastructure.ClientErrorResultFilter.
2024-09-24 18:04:01.203 +05:30  INF  Executed action Web.Ecommerce.Controllers.Account.AccountController.Login (Web.Ecommerce) in 158.3776ms
2024-09-24 18:04:01.206 +05:30  VRB  Connection id "0HN6SED9F77Q3" sending "DATA" frame for stream ID 3 with length 582 and flags "NONE".
2024-09-24 18:04:01.207 +05:30  INF  Executed endpoint 'Web.Ecommerce.Controllers.Account.AccountController.Login (Web.Ecommerce)'
2024-09-24 18:04:01.210 +05:30  DBG  'EcommerceDbContext' disposed.
2024-09-24 18:04:01.210 +05:30  VRB  Connection id "0HN6SED9F77Q3" sending "DATA" frame for stream ID 3 with length 0 and flags "END_STREAM".
2024-09-24 18:04:01.211 +05:30  DBG  Disposing connection to database 'Ecommerce' on server 'FGS-DSK-230\MSSQLSERVER2019'.
2024-09-24 18:04:01.213 +05:30  DBG  Disposed connection to database '' on server '' (2ms).
2024-09-24 18:04:01.214 +05:30  INF  Request finished HTTP/2 POST https://localhost:7113/api/Account/Login - 200 null application/json; charset=utf-8 196.9693ms
2024-09-24 18:04:41.652 +05:30  DBG  Connection id "0HN6SED9F77Q3" received FIN.
2024-09-24 18:04:41.655 +05:30  DBG  Connection id "0HN6SED9F77Q3" is closed. The last processed stream ID was 3.
2024-09-24 18:04:41.656 +05:30  DBG  The connection queue processing loop for 0HN6SED9F77Q3 completed.
2024-09-24 18:04:41.658 +05:30  DBG  Connection id "0HN6SED9F77Q3" sending FIN because: "The Socket transport's send loop completed gracefully."
2024-09-24 18:04:41.666 +05:30  DBG  Connection id "0HN6SED9F77Q3" stopped.
