2024-09-25 09:41:55.544 +05:30  DBG  Registered model binder providers, in the following order: ["Microsoft.AspNetCore.Mvc.ModelBinding.Binders.BinderTypeModelBinderProvider","Microsoft.AspNetCore.Mvc.ModelBinding.Binders.ServicesModelBinderProvider","Microsoft.AspNetCore.Mvc.ModelBinding.Binders.BodyModelBinderProvider","Microsoft.AspNetCore.Mvc.ModelBinding.Binders.HeaderModelBinderProvider","Microsoft.AspNetCore.Mvc.ModelBinding.Binders.FloatingPointTypeModelBinderProvider","Microsoft.AspNetCore.Mvc.ModelBinding.Binders.EnumTypeModelBinderProvider","Microsoft.AspNetCore.Mvc.ModelBinding.Binders.DateTimeModelBinderProvider","Microsoft.AspNetCore.Mvc.ModelBinding.Binders.SimpleTypeModelBinderProvider","Microsoft.AspNetCore.Mvc.ModelBinding.Binders.TryParseModelBinderProvider","Microsoft.AspNetCore.Mvc.ModelBinding.Binders.CancellationTokenModelBinderProvider","Microsoft.AspNetCore.Mvc.ModelBinding.Binders.ByteArrayModelBinderProvider","Microsoft.AspNetCore.Mvc.ModelBinding.Binders.FormFileModelBinderProvider","Microsoft.AspNetCore.Mvc.ModelBinding.Binders.FormCollectionModelBinderProvider","Microsoft.AspNetCore.Mvc.ModelBinding.Binders.KeyValuePairModelBinderProvider","Microsoft.AspNetCore.Mvc.ModelBinding.Binders.DictionaryModelBinderProvider","Microsoft.AspNetCore.Mvc.ModelBinding.Binders.ArrayModelBinderProvider","Microsoft.AspNetCore.Mvc.ModelBinding.Binders.CollectionModelBinderProvider","Microsoft.AspNetCore.Mvc.ModelBinding.Binders.ComplexObjectModelBinderProvider"]
2024-09-25 09:41:55.906 +05:30  DBG  An 'IServiceProvider' was created for internal use by Entity Framework.
2024-09-25 09:41:56.076 +05:30  INF  User profile is available. Using 'C:\Users\arjun.hariprasad\AppData\Local\ASP.NET\DataProtection-Keys' as key repository and Windows DPAPI to encrypt keys at rest.
2024-09-25 09:41:56.469 +05:30  WRN  Navigations 'Order.Payments' and 'Payment.Order' were separated into two relationships since the [ForeignKey] attribute was specified on navigations on both sides.
2024-09-25 09:41:56.475 +05:30  WRN  Navigations 'Order.Return' and 'Return.Order' were separated into two relationships since the [ForeignKey] attribute was specified on navigations on both sides.
2024-09-25 09:41:56.481 +05:30  WRN  Navigations 'Payment.Return' and 'Return.Payment' were separated into two relationships since the [ForeignKey] attribute was specified on navigations on both sides.
2024-09-25 09:41:56.564 +05:30  WRN  Navigations 'Order.Payments' and 'Payment.Order' were separated into two relationships since the [ForeignKey] attribute was specified on navigations on both sides.
2024-09-25 09:41:56.568 +05:30  WRN  Navigations 'Payment.Order' and 'Order.Payments' were separated into two relationships since the [ForeignKey] attribute was specified on navigations on both sides.
2024-09-25 09:41:56.569 +05:30  WRN  Navigations 'Payment.Order' and 'Order.Payments' were separated into two relationships since the [ForeignKey] attribute was specified on navigations on both sides.
2024-09-25 09:41:56.571 +05:30  WRN  Navigations 'Payment.Order' and 'Order.Payments' were separated into two relationships since the [ForeignKey] attribute was specified on navigations on both sides.
2024-09-25 09:41:56.574 +05:30  WRN  Navigations 'Order.Return' and 'Return.Order' were separated into two relationships since the [ForeignKey] attribute was specified on navigations on both sides.
2024-09-25 09:41:56.577 +05:30  WRN  Navigations 'Return.Order' and 'Order.Return' were separated into two relationships since the [ForeignKey] attribute was specified on navigations on both sides.
2024-09-25 09:41:56.579 +05:30  WRN  Navigations 'Return.Order' and 'Order.Return' were separated into two relationships since the [ForeignKey] attribute was specified on navigations on both sides.
2024-09-25 09:41:56.581 +05:30  WRN  Navigations 'Return.Order' and 'Order.Return' were separated into two relationships since the [ForeignKey] attribute was specified on navigations on both sides.
2024-09-25 09:41:56.600 +05:30  DBG  The index {'UserId'} was not created on entity type 'IdentityUserRole<Guid>' as the properties are already covered by the index {'UserId', 'RoleId'}.
2024-09-25 09:41:56.602 +05:30  DBG  The index {'UserId'} was not created on entity type 'IdentityUserToken<Guid>' as the properties are already covered by the index {'UserId', 'LoginProvider', 'Name'}.
2024-09-25 09:41:56.732 +05:30  DBG  The property 'Product.UserId' was created in shadow state because there are no eligible CLR members with a matching name.
2024-09-25 09:41:56.884 +05:30  DBG  Entity Framework Core 8.0.8 initialized 'EcommerceDbContext' using provider 'Microsoft.EntityFrameworkCore.SqlServer:8.0.8' with options: None
2024-09-25 09:41:57.081 +05:30  DBG  Compiling query expression: 
'DbSet<IdentityRole<Guid>>()
    .FirstOrDefault(r => r.NormalizedName == __normalizedName_0)'
2024-09-25 09:41:57.226 +05:30  DBG  Generated query execution expression: 
'queryContext => ShapedQueryCompilingExpressionVisitor.SingleOrDefaultAsync<IdentityRole<Guid>>(
    asyncEnumerable: new SingleQueryingEnumerable<IdentityRole<Guid>>(
        (RelationalQueryContext)queryContext, 
        RelationalCommandCache.QueryExpression(
            Projection Mapping:
                EmptyProjectionMember -> Dictionary<IProperty, int> { [Property: IdentityRole<Guid>.Id (Guid) Required PK AfterSave:Throw ValueGenerated.OnAdd, 0], [Property: IdentityRole<Guid>.ConcurrencyStamp (string) Concurrency, 1], [Property: IdentityRole<Guid>.Name (string) MaxLength(256), 2], [Property: IdentityRole<Guid>.NormalizedName (string) Index MaxLength(256), 3] }
            SELECT TOP(1) a.Id, a.ConcurrencyStamp, a.Name, a.NormalizedName
            FROM AspNetRoles AS a
            WHERE a.NormalizedName == @__normalizedName_0), 
        null, 
        Func<QueryContext, DbDataReader, ResultContext, SingleQueryResultCoordinator, IdentityRole<Guid>>, 
        Persistance.EcommerceDbContext, 
        False, 
        False, 
        True
    ), 
    cancellationToken: queryContext.CancellationToken)'
2024-09-25 09:41:57.265 +05:30  DBG  Creating DbConnection.
2024-09-25 09:41:57.286 +05:30  DBG  Created DbConnection. (23ms).
2024-09-25 09:41:57.292 +05:30  DBG  Opening connection to database 'Ecommerce' on server 'FGS-DSK-230\MSSQLSERVER2019'.
2024-09-25 09:41:57.592 +05:30  DBG  Opened connection to database 'Ecommerce' on server 'FGS-DSK-230\MSSQLSERVER2019'.
2024-09-25 09:41:57.597 +05:30  DBG  Creating DbCommand for 'ExecuteReader'.
2024-09-25 09:41:57.603 +05:30  DBG  Created DbCommand for 'ExecuteReader' (4ms).
2024-09-25 09:41:57.612 +05:30  DBG  Initialized DbCommand for 'ExecuteReader' (15ms).
2024-09-25 09:41:57.620 +05:30  DBG  Executing DbCommand [Parameters=[@__normalizedName_0='?' (Size = 256)], CommandType='"Text"', CommandTimeout='30']
SELECT TOP(1) [a].[Id], [a].[ConcurrencyStamp], [a].[Name], [a].[NormalizedName]
FROM [AspNetRoles] AS [a]
WHERE [a].[NormalizedName] = @__normalizedName_0
2024-09-25 09:41:57.682 +05:30  INF  Executed DbCommand (61ms) [Parameters=[@__normalizedName_0='?' (Size = 256)], CommandType='"Text"', CommandTimeout='30']
SELECT TOP(1) [a].[Id], [a].[ConcurrencyStamp], [a].[Name], [a].[NormalizedName]
FROM [AspNetRoles] AS [a]
WHERE [a].[NormalizedName] = @__normalizedName_0
2024-09-25 09:41:57.724 +05:30  DBG  Context 'EcommerceDbContext' started tracking 'IdentityRole' entity. Consider using 'DbContextOptionsBuilder.EnableSensitiveDataLogging' to see key values.
2024-09-25 09:41:57.742 +05:30  DBG  Closing data reader to 'Ecommerce' on server 'FGS-DSK-230\MSSQLSERVER2019'.
2024-09-25 09:41:57.750 +05:30  DBG  A data reader for 'Ecommerce' on server 'FGS-DSK-230\MSSQLSERVER2019' is being disposed after spending 60ms reading results.
2024-09-25 09:41:57.753 +05:30  DBG  Closing connection to database 'Ecommerce' on server 'FGS-DSK-230\MSSQLSERVER2019'.
2024-09-25 09:41:57.759 +05:30  DBG  Closed connection to database 'Ecommerce' on server 'FGS-DSK-230\MSSQLSERVER2019' (5ms).
2024-09-25 09:41:57.763 +05:30  DBG  Opening connection to database 'Ecommerce' on server 'FGS-DSK-230\MSSQLSERVER2019'.
2024-09-25 09:41:57.764 +05:30  DBG  Opened connection to database 'Ecommerce' on server 'FGS-DSK-230\MSSQLSERVER2019'.
2024-09-25 09:41:57.765 +05:30  DBG  Creating DbCommand for 'ExecuteReader'.
2024-09-25 09:41:57.766 +05:30  DBG  Created DbCommand for 'ExecuteReader' (0ms).
2024-09-25 09:41:57.767 +05:30  DBG  Initialized DbCommand for 'ExecuteReader' (1ms).
2024-09-25 09:41:57.768 +05:30  DBG  Executing DbCommand [Parameters=[@__normalizedName_0='?' (Size = 256)], CommandType='"Text"', CommandTimeout='30']
SELECT TOP(1) [a].[Id], [a].[ConcurrencyStamp], [a].[Name], [a].[NormalizedName]
FROM [AspNetRoles] AS [a]
WHERE [a].[NormalizedName] = @__normalizedName_0
2024-09-25 09:41:57.774 +05:30  INF  Executed DbCommand (6ms) [Parameters=[@__normalizedName_0='?' (Size = 256)], CommandType='"Text"', CommandTimeout='30']
SELECT TOP(1) [a].[Id], [a].[ConcurrencyStamp], [a].[Name], [a].[NormalizedName]
FROM [AspNetRoles] AS [a]
WHERE [a].[NormalizedName] = @__normalizedName_0
2024-09-25 09:41:57.776 +05:30  DBG  Context 'EcommerceDbContext' started tracking 'IdentityRole' entity. Consider using 'DbContextOptionsBuilder.EnableSensitiveDataLogging' to see key values.
2024-09-25 09:41:57.777 +05:30  DBG  Closing data reader to 'Ecommerce' on server 'FGS-DSK-230\MSSQLSERVER2019'.
2024-09-25 09:41:57.778 +05:30  DBG  A data reader for 'Ecommerce' on server 'FGS-DSK-230\MSSQLSERVER2019' is being disposed after spending 2ms reading results.
2024-09-25 09:41:57.779 +05:30  DBG  Closing connection to database 'Ecommerce' on server 'FGS-DSK-230\MSSQLSERVER2019'.
2024-09-25 09:41:57.780 +05:30  DBG  Closed connection to database 'Ecommerce' on server 'FGS-DSK-230\MSSQLSERVER2019' (1ms).
2024-09-25 09:41:57.782 +05:30  DBG  Opening connection to database 'Ecommerce' on server 'FGS-DSK-230\MSSQLSERVER2019'.
2024-09-25 09:41:57.783 +05:30  DBG  Opened connection to database 'Ecommerce' on server 'FGS-DSK-230\MSSQLSERVER2019'.
2024-09-25 09:41:57.784 +05:30  DBG  Creating DbCommand for 'ExecuteReader'.
2024-09-25 09:41:57.785 +05:30  DBG  Created DbCommand for 'ExecuteReader' (0ms).
2024-09-25 09:41:57.786 +05:30  DBG  Initialized DbCommand for 'ExecuteReader' (1ms).
2024-09-25 09:41:57.786 +05:30  DBG  Executing DbCommand [Parameters=[@__normalizedName_0='?' (Size = 256)], CommandType='"Text"', CommandTimeout='30']
SELECT TOP(1) [a].[Id], [a].[ConcurrencyStamp], [a].[Name], [a].[NormalizedName]
FROM [AspNetRoles] AS [a]
WHERE [a].[NormalizedName] = @__normalizedName_0
2024-09-25 09:41:57.790 +05:30  INF  Executed DbCommand (4ms) [Parameters=[@__normalizedName_0='?' (Size = 256)], CommandType='"Text"', CommandTimeout='30']
SELECT TOP(1) [a].[Id], [a].[ConcurrencyStamp], [a].[Name], [a].[NormalizedName]
FROM [AspNetRoles] AS [a]
WHERE [a].[NormalizedName] = @__normalizedName_0
2024-09-25 09:41:57.792 +05:30  DBG  Context 'EcommerceDbContext' started tracking 'IdentityRole' entity. Consider using 'DbContextOptionsBuilder.EnableSensitiveDataLogging' to see key values.
2024-09-25 09:41:57.794 +05:30  DBG  Closing data reader to 'Ecommerce' on server 'FGS-DSK-230\MSSQLSERVER2019'.
2024-09-25 09:41:57.795 +05:30  DBG  A data reader for 'Ecommerce' on server 'FGS-DSK-230\MSSQLSERVER2019' is being disposed after spending 2ms reading results.
2024-09-25 09:41:57.796 +05:30  DBG  Closing connection to database 'Ecommerce' on server 'FGS-DSK-230\MSSQLSERVER2019'.
2024-09-25 09:41:57.797 +05:30  DBG  Closed connection to database 'Ecommerce' on server 'FGS-DSK-230\MSSQLSERVER2019' (0ms).
2024-09-25 09:41:57.803 +05:30  DBG  Compiling query expression: 
'DbSet<User>()
    .SingleOrDefault(u => u.NormalizedEmail == __normalizedEmail_0)'
2024-09-25 09:41:57.809 +05:30  DBG  Generated query execution expression: 
'queryContext => ShapedQueryCompilingExpressionVisitor.SingleOrDefaultAsync<User>(
    asyncEnumerable: new SingleQueryingEnumerable<User>(
        (RelationalQueryContext)queryContext, 
        RelationalCommandCache.QueryExpression(
            Projection Mapping:
                EmptyProjectionMember -> Dictionary<IProperty, int> { [Property: User.Id (Guid) Required PK AfterSave:Throw ValueGenerated.OnAdd, 0], [Property: User.AccessFailedCount (int) Required, 1], [Property: User.ConcurrencyStamp (string) Concurrency, 2], [Property: User.CreatedAt (DateTime) Required, 3], [Property: User.Email (string) MaxLength(256), 4], [Property: User.EmailConfirmed (bool) Required, 5], [Property: User.IsDeleted (bool) Required, 6], [Property: User.IsVerified (bool) Required, 7], [Property: User.LockoutEnabled (bool) Required, 8], [Property: User.LockoutEnd (DateTimeOffset?), 9], [Property: User.NormalizedEmail (string) Index MaxLength(256), 10], [Property: User.NormalizedUserName (string) Index MaxLength(256), 11], [Property: User.PasswordHash (string), 12], [Property: User.PhoneNumber (string), 13], [Property: User.PhoneNumberConfirmed (bool) Required, 14], [Property: User.SecurityStamp (string), 15], [Property: User.TwoFactorEnabled (bool) Required, 16], [Property: User.UpdatedAt (DateTime) Required, 17], [Property: User.UserName (string) MaxLength(256), 18] }
            SELECT TOP(2) a.Id, a.AccessFailedCount, a.ConcurrencyStamp, a.CreatedAt, a.Email, a.EmailConfirmed, a.IsDeleted, a.IsVerified, a.LockoutEnabled, a.LockoutEnd, a.NormalizedEmail, a.NormalizedUserName, a.PasswordHash, a.PhoneNumber, a.PhoneNumberConfirmed, a.SecurityStamp, a.TwoFactorEnabled, a.UpdatedAt, a.UserName
            FROM AspNetUsers AS a
            WHERE a.NormalizedEmail == @__normalizedEmail_0), 
        null, 
        Func<QueryContext, DbDataReader, ResultContext, SingleQueryResultCoordinator, User>, 
        Persistance.EcommerceDbContext, 
        False, 
        False, 
        True
    ), 
    cancellationToken: queryContext.CancellationToken)'
2024-09-25 09:41:57.813 +05:30  DBG  Opening connection to database 'Ecommerce' on server 'FGS-DSK-230\MSSQLSERVER2019'.
2024-09-25 09:41:57.814 +05:30  DBG  Opened connection to database 'Ecommerce' on server 'FGS-DSK-230\MSSQLSERVER2019'.
2024-09-25 09:41:57.815 +05:30  DBG  Creating DbCommand for 'ExecuteReader'.
2024-09-25 09:41:57.816 +05:30  DBG  Created DbCommand for 'ExecuteReader' (0ms).
2024-09-25 09:41:57.817 +05:30  DBG  Initialized DbCommand for 'ExecuteReader' (1ms).
2024-09-25 09:41:57.818 +05:30  DBG  Executing DbCommand [Parameters=[@__normalizedEmail_0='?' (Size = 256)], CommandType='"Text"', CommandTimeout='30']
SELECT TOP(2) [a].[Id], [a].[AccessFailedCount], [a].[ConcurrencyStamp], [a].[CreatedAt], [a].[Email], [a].[EmailConfirmed], [a].[IsDeleted], [a].[IsVerified], [a].[LockoutEnabled], [a].[LockoutEnd], [a].[NormalizedEmail], [a].[NormalizedUserName], [a].[PasswordHash], [a].[PhoneNumber], [a].[PhoneNumberConfirmed], [a].[SecurityStamp], [a].[TwoFactorEnabled], [a].[UpdatedAt], [a].[UserName]
FROM [AspNetUsers] AS [a]
WHERE [a].[NormalizedEmail] = @__normalizedEmail_0
2024-09-25 09:41:57.826 +05:30  INF  Executed DbCommand (7ms) [Parameters=[@__normalizedEmail_0='?' (Size = 256)], CommandType='"Text"', CommandTimeout='30']
SELECT TOP(2) [a].[Id], [a].[AccessFailedCount], [a].[ConcurrencyStamp], [a].[CreatedAt], [a].[Email], [a].[EmailConfirmed], [a].[IsDeleted], [a].[IsVerified], [a].[LockoutEnabled], [a].[LockoutEnd], [a].[NormalizedEmail], [a].[NormalizedUserName], [a].[PasswordHash], [a].[PhoneNumber], [a].[PhoneNumberConfirmed], [a].[SecurityStamp], [a].[TwoFactorEnabled], [a].[UpdatedAt], [a].[UserName]
FROM [AspNetUsers] AS [a]
WHERE [a].[NormalizedEmail] = @__normalizedEmail_0
2024-09-25 09:41:57.844 +05:30  DBG  Context 'EcommerceDbContext' started tracking 'User' entity. Consider using 'DbContextOptionsBuilder.EnableSensitiveDataLogging' to see key values.
2024-09-25 09:41:57.872 +05:30  DBG  Closing data reader to 'Ecommerce' on server 'FGS-DSK-230\MSSQLSERVER2019'.
2024-09-25 09:41:57.873 +05:30  DBG  A data reader for 'Ecommerce' on server 'FGS-DSK-230\MSSQLSERVER2019' is being disposed after spending 45ms reading results.
2024-09-25 09:41:57.874 +05:30  DBG  Closing connection to database 'Ecommerce' on server 'FGS-DSK-230\MSSQLSERVER2019'.
2024-09-25 09:41:57.875 +05:30  DBG  Closed connection to database 'Ecommerce' on server 'FGS-DSK-230\MSSQLSERVER2019' (1ms).
2024-09-25 09:41:57.878 +05:30  DBG  'EcommerceDbContext' disposed.
2024-09-25 09:41:57.880 +05:30  DBG  Disposing connection to database 'Ecommerce' on server 'FGS-DSK-230\MSSQLSERVER2019'.
2024-09-25 09:41:57.882 +05:30  DBG  Disposed connection to database '' on server '' (1ms).
2024-09-25 09:41:57.885 +05:30  DBG  Hosting starting
2024-09-25 09:41:57.890 +05:30  DBG  Reading data from file 'C:\Users\arjun.hariprasad\AppData\Local\ASP.NET\DataProtection-Keys\key-36f6fa2d-df91-4e24-9271-a530e4737995.xml'.
2024-09-25 09:41:57.957 +05:30  DBG  Found key {36f6fa2d-df91-4e24-9271-a530e4737995}.
2024-09-25 09:41:57.968 +05:30  DBG  Considering key {36f6fa2d-df91-4e24-9271-a530e4737995} with expiration date 2024-10-20 08:26:28Z as default key.
2024-09-25 09:41:57.972 +05:30  DBG  Forwarded activator type request from Microsoft.AspNetCore.DataProtection.XmlEncryption.DpapiXmlDecryptor, Microsoft.AspNetCore.DataProtection, Version=8.0.0.0, Culture=neutral, PublicKeyToken=adb9793829ddae60 to Microsoft.AspNetCore.DataProtection.XmlEncryption.DpapiXmlDecryptor, Microsoft.AspNetCore.DataProtection, Culture=neutral, PublicKeyToken=adb9793829ddae60
2024-09-25 09:41:57.973 +05:30  DBG  Decrypting secret element using Windows DPAPI.
2024-09-25 09:41:57.975 +05:30  DBG  Forwarded activator type request from Microsoft.AspNetCore.DataProtection.AuthenticatedEncryption.ConfigurationModel.AuthenticatedEncryptorDescriptorDeserializer, Microsoft.AspNetCore.DataProtection, Version=8.0.0.0, Culture=neutral, PublicKeyToken=adb9793829ddae60 to Microsoft.AspNetCore.DataProtection.AuthenticatedEncryption.ConfigurationModel.AuthenticatedEncryptorDescriptorDeserializer, Microsoft.AspNetCore.DataProtection, Culture=neutral, PublicKeyToken=adb9793829ddae60
2024-09-25 09:41:57.977 +05:30  DBG  Opening CNG algorithm 'AES' from provider 'null' with chaining mode CBC.
2024-09-25 09:41:57.981 +05:30  DBG  Opening CNG algorithm 'SHA256' from provider 'null' with HMAC.
2024-09-25 09:41:57.984 +05:30  DBG  Using key {36f6fa2d-df91-4e24-9271-a530e4737995} as the default key.
2024-09-25 09:41:57.986 +05:30  DBG  Key ring with default key {36f6fa2d-df91-4e24-9271-a530e4737995} was loaded during application startup.
2024-09-25 09:41:58.180 +05:30  INF  Now listening on: https://localhost:7113
2024-09-25 09:41:58.181 +05:30  INF  Now listening on: http://localhost:5081
2024-09-25 09:41:58.182 +05:30  DBG  Loaded hosting startup assembly Web.Ecommerce
2024-09-25 09:41:58.182 +05:30  DBG  Loaded hosting startup assembly Microsoft.AspNetCore.Watch.BrowserRefresh
2024-09-25 09:41:58.183 +05:30  DBG  Loaded hosting startup assembly Microsoft.WebTools.BrowserLink.Net
2024-09-25 09:41:58.184 +05:30  INF  Application started. Press Ctrl+C to shut down.
2024-09-25 09:41:58.185 +05:30  INF  Hosting environment: Development
2024-09-25 09:41:58.185 +05:30  INF  Content root path: C:\Users\arjun.hariprasad\source\.NET\Ecommerce\EcommerceSolution\CodeBase\Src\Presentation\Web.Ecommerce
2024-09-25 09:41:58.187 +05:30  DBG  Hosting started
2024-09-25 09:41:58.214 +05:30  DBG  Connection id "0HN6T30PDSD5Q" received FIN.
2024-09-25 09:41:58.214 +05:30  DBG  Connection id "0HN6T30PDSD5P" received FIN.
2024-09-25 09:41:58.220 +05:30  DBG  Connection id "0HN6T30PDSD5P" accepted.
2024-09-25 09:41:58.220 +05:30  DBG  Connection id "0HN6T30PDSD5Q" accepted.
2024-09-25 09:41:58.221 +05:30  DBG  Connection id "0HN6T30PDSD5P" started.
2024-09-25 09:41:58.222 +05:30  DBG  Connection id "0HN6T30PDSD5Q" started.
2024-09-25 09:41:58.239 +05:30  DBG  Failed to authenticate HTTPS connection.System.IO.IOException: Received an unexpected EOF or 0 bytes from the transport stream.
   at System.Net.Security.SslStream.ReceiveHandshakeFrameAsync[TIOAdapter](CancellationToken cancellationToken)
   at System.Net.Security.SslStream.ForceAuthenticationAsync[TIOAdapter](Boolean receiveFirst, Byte[] reAuthenticationData, CancellationToken cancellationToken)
   at System.Net.Security.SslStream.ProcessAuthenticationWithTelemetryAsync(Boolean isAsync, CancellationToken cancellationToken)
   at Microsoft.AspNetCore.Server.Kestrel.Https.Internal.HttpsConnectionMiddleware.OnConnectionAsync(ConnectionContext context)

2024-09-25 09:41:58.239 +05:30  DBG  Failed to authenticate HTTPS connection.System.IO.IOException: Received an unexpected EOF or 0 bytes from the transport stream.
   at System.Net.Security.SslStream.ReceiveHandshakeFrameAsync[TIOAdapter](CancellationToken cancellationToken)
   at System.Net.Security.SslStream.ForceAuthenticationAsync[TIOAdapter](Boolean receiveFirst, Byte[] reAuthenticationData, CancellationToken cancellationToken)
   at System.Net.Security.SslStream.ProcessAuthenticationWithTelemetryAsync(Boolean isAsync, CancellationToken cancellationToken)
   at Microsoft.AspNetCore.Server.Kestrel.Https.Internal.HttpsConnectionMiddleware.OnConnectionAsync(ConnectionContext context)

2024-09-25 09:41:58.251 +05:30  DBG  Connection id "0HN6T30PDSD5P" stopped.
2024-09-25 09:41:58.251 +05:30  DBG  Connection id "0HN6T30PDSD5Q" stopped.
2024-09-25 09:41:58.254 +05:30  DBG  Connection id "0HN6T30PDSD5Q" sending FIN because: "The Socket transport's send loop completed gracefully."
2024-09-25 09:41:58.254 +05:30  DBG  Connection id "0HN6T30PDSD5P" sending FIN because: "The Socket transport's send loop completed gracefully."
2024-09-25 09:41:59.492 +05:30  DBG  Connection id "0HN6T30PDSD5R" accepted.
2024-09-25 09:41:59.494 +05:30  DBG  Connection id "0HN6T30PDSD5R" started.
2024-09-25 09:41:59.495 +05:30  DBG  Connection id "0HN6T30PDSD5S" accepted.
2024-09-25 09:41:59.496 +05:30  DBG  Connection id "0HN6T30PDSD5S" started.
2024-09-25 09:41:59.554 +05:30  DBG  Connection id "0HN6T30PDSD5S" received FIN.
2024-09-25 09:41:59.563 +05:30  DBG  Connection 0HN6T30PDSD5R established using the following protocol: "Tls12"
2024-09-25 09:41:59.563 +05:30  DBG  Connection 0HN6T30PDSD5S established using the following protocol: "Tls12"
2024-09-25 09:41:59.658 +05:30  DBG  Connection id "0HN6T30PDSD5S" is closed. The last processed stream ID was 0.
2024-09-25 09:41:59.660 +05:30  DBG  Connection id "0HN6T30PDSD5S" sending FIN because: "The Socket transport's send loop completed gracefully."
2024-09-25 09:41:59.661 +05:30  VRB  Connection id "0HN6T30PDSD5R" sending "SETTINGS" frame for stream ID 0 with length 24 and flags "NONE".
2024-09-25 09:41:59.665 +05:30  DBG  The connection queue processing loop for 0HN6T30PDSD5S completed.
2024-09-25 09:41:59.671 +05:30  DBG  Connection id "0HN6T30PDSD5S" stopped.
2024-09-25 09:41:59.671 +05:30  VRB  Connection id "0HN6T30PDSD5R" sending "WINDOW_UPDATE" frame for stream ID 0 with length 4 and flags 0x0.
2024-09-25 09:41:59.676 +05:30  VRB  Connection id "0HN6T30PDSD5R" received "SETTINGS" frame for stream ID 0 with length 24 and flags "NONE".
2024-09-25 09:41:59.678 +05:30  VRB  Connection id "0HN6T30PDSD5R" sending "SETTINGS" frame for stream ID 0 with length 0 and flags "ACK".
2024-09-25 09:41:59.681 +05:30  VRB  Connection id "0HN6T30PDSD5R" received "WINDOW_UPDATE" frame for stream ID 0 with length 4 and flags 0x0.
2024-09-25 09:41:59.684 +05:30  VRB  Connection id "0HN6T30PDSD5R" received "HEADERS" frame for stream ID 1 with length 468 and flags "END_STREAM, END_HEADERS, PRIORITY".
2024-09-25 09:41:59.709 +05:30  VRB  Connection id "0HN6T30PDSD5R" received "SETTINGS" frame for stream ID 0 with length 0 and flags "ACK".
2024-09-25 09:41:59.753 +05:30  INF  Request starting HTTP/2 GET https://localhost:7113/swagger/index.html - null null
2024-09-25 09:42:00.014 +05:30  DBG  Wildcard detected, all requests with hosts will be allowed.
2024-09-25 09:42:00.015 +05:30  VRB  All hosts are allowed.
2024-09-25 09:42:00.040 +05:30  DBG  No candidates found for the request path '/swagger/index.html'
2024-09-25 09:42:00.042 +05:30  DBG  Request did not match any endpoints
2024-09-25 09:42:00.149 +05:30  DBG  Response markup is scheduled to include Browser Link script injection.
2024-09-25 09:42:00.152 +05:30  DBG  Response markup is scheduled to include browser refresh script injection.
2024-09-25 09:42:00.155 +05:30  VRB  Connection id "0HN6T30PDSD5R" sending "HEADERS" frame for stream ID 1 with length 66 and flags "END_HEADERS".
2024-09-25 09:42:00.157 +05:30  VRB  Connection id "0HN6T30PDSD5R" sending "DATA" frame for stream ID 1 with length 698 and flags "NONE".
2024-09-25 09:42:00.158 +05:30  DBG  Response markup was updated to include Browser Link script injection.
2024-09-25 09:42:00.159 +05:30  VRB  Connection id "0HN6T30PDSD5R" sending "DATA" frame for stream ID 1 with length 438 and flags "NONE".
2024-09-25 09:42:00.161 +05:30  DBG  Response markup was updated to include browser refresh script injection.
2024-09-25 09:42:00.164 +05:30  VRB  Connection id "0HN6T30PDSD5R" sending "DATA" frame for stream ID 1 with length 0 and flags "END_STREAM".
2024-09-25 09:42:00.168 +05:30  INF  Request finished HTTP/2 GET https://localhost:7113/swagger/index.html - 200 null text/html;charset=utf-8 420.0668ms
2024-09-25 09:42:00.177 +05:30  VRB  Connection id "0HN6T30PDSD5R" received "HEADERS" frame for stream ID 3 with length 98 and flags "END_STREAM, END_HEADERS, PRIORITY".
2024-09-25 09:42:00.227 +05:30  VRB  Connection id "0HN6T30PDSD5R" received "HEADERS" frame for stream ID 5 with length 52 and flags "END_STREAM, END_HEADERS, PRIORITY".
2024-09-25 09:42:00.227 +05:30  INF  Request starting HTTP/2 GET https://localhost:7113/swagger/index.js - null null
2024-09-25 09:42:00.230 +05:30  VRB  Connection id "0HN6T30PDSD5R" received "HEADERS" frame for stream ID 7 with length 57 and flags "END_STREAM, END_HEADERS, PRIORITY".
2024-09-25 09:42:00.230 +05:30  INF  Request starting HTTP/2 GET https://localhost:7113/_framework/aspnetcore-browser-refresh.js - null null
2024-09-25 09:42:00.232 +05:30  VRB  All hosts are allowed.
2024-09-25 09:42:00.235 +05:30  INF  Request starting HTTP/2 GET https://localhost:7113/_vs/browserLink - null null
2024-09-25 09:42:00.238 +05:30  DBG  No candidates found for the request path '/swagger/index.js'
2024-09-25 09:42:00.239 +05:30  DBG  Request did not match any endpoints
2024-09-25 09:42:00.245 +05:30  INF  Request finished HTTP/2 GET https://localhost:7113/swagger/index.js - 200 null application/javascript;charset=utf-8 17.7398ms
2024-09-25 09:42:00.261 +05:30  VRB  Connection id "0HN6T30PDSD5R" sending "HEADERS" frame for stream ID 3 with length 41 and flags "END_HEADERS".
2024-09-25 09:42:00.306 +05:30  VRB  Connection id "0HN6T30PDSD5R" sending "DATA" frame for stream ID 3 with length 3005 and flags "END_STREAM".
2024-09-25 09:42:00.312 +05:30  VRB  Connection id "0HN6T30PDSD5R" sending "HEADERS" frame for stream ID 5 with length 60 and flags "END_HEADERS".
2024-09-25 09:42:00.314 +05:30  VRB  Connection id "0HN6T30PDSD5R" sending "DATA" frame for stream ID 5 with length 13762 and flags "NONE".
2024-09-25 09:42:00.323 +05:30  VRB  Connection id "0HN6T30PDSD5R" sending "DATA" frame for stream ID 5 with length 0 and flags "END_STREAM".
2024-09-25 09:42:00.323 +05:30  INF  Request finished HTTP/2 GET https://localhost:7113/_framework/aspnetcore-browser-refresh.js - 200 13762 application/javascript; charset=utf-8 93.4113ms
2024-09-25 09:42:00.418 +05:30  VRB  Connection id "0HN6T30PDSD5R" sending "HEADERS" frame for stream ID 7 with length 119 and flags "END_HEADERS".
2024-09-25 09:42:00.422 +05:30  VRB  Connection id "0HN6T30PDSD5R" sending "DATA" frame for stream ID 7 with length 9986 and flags "NONE".
2024-09-25 09:42:00.425 +05:30  VRB  Connection id "0HN6T30PDSD5R" sending "DATA" frame for stream ID 7 with length 10240 and flags "NONE".
2024-09-25 09:42:00.428 +05:30  VRB  Connection id "0HN6T30PDSD5R" sending "DATA" frame for stream ID 7 with length 10240 and flags "NONE".
2024-09-25 09:42:00.430 +05:30  VRB  Connection id "0HN6T30PDSD5R" sending "DATA" frame for stream ID 7 with length 10240 and flags "NONE".
2024-09-25 09:42:00.432 +05:30  VRB  Connection id "0HN6T30PDSD5R" sending "DATA" frame for stream ID 7 with length 10240 and flags "NONE".
2024-09-25 09:42:00.434 +05:30  VRB  Connection id "0HN6T30PDSD5R" sending "DATA" frame for stream ID 7 with length 10240 and flags "NONE".
2024-09-25 09:42:00.437 +05:30  VRB  Connection id "0HN6T30PDSD5R" sending "DATA" frame for stream ID 7 with length 10240 and flags "NONE".
2024-09-25 09:42:00.440 +05:30  VRB  Connection id "0HN6T30PDSD5R" sending "DATA" frame for stream ID 7 with length 10240 and flags "NONE".
2024-09-25 09:42:00.442 +05:30  VRB  Connection id "0HN6T30PDSD5R" sending "DATA" frame for stream ID 7 with length 10240 and flags "NONE".
2024-09-25 09:42:00.444 +05:30  VRB  Connection id "0HN6T30PDSD5R" sending "DATA" frame for stream ID 7 with length 10240 and flags "NONE".
2024-09-25 09:42:00.446 +05:30  VRB  Connection id "0HN6T30PDSD5R" sending "DATA" frame for stream ID 7 with length 10240 and flags "NONE".
2024-09-25 09:42:00.448 +05:30  VRB  Connection id "0HN6T30PDSD5R" sending "DATA" frame for stream ID 7 with length 10240 and flags "NONE".
2024-09-25 09:42:00.453 +05:30  VRB  Connection id "0HN6T30PDSD5R" sending "DATA" frame for stream ID 7 with length 10240 and flags "NONE".
2024-09-25 09:42:00.458 +05:30  VRB  Connection id "0HN6T30PDSD5R" sending "DATA" frame for stream ID 7 with length 10240 and flags "NONE".
2024-09-25 09:42:00.461 +05:30  VRB  Connection id "0HN6T30PDSD5R" sending "DATA" frame for stream ID 7 with length 10240 and flags "NONE".
2024-09-25 09:42:00.464 +05:30  VRB  Connection id "0HN6T30PDSD5R" sending "DATA" frame for stream ID 7 with length 160 and flags "NONE".
2024-09-25 09:42:00.465 +05:30  INF  Request finished HTTP/2 GET https://localhost:7113/_vs/browserLink - 200 null text/javascript; charset=UTF-8 230.0556ms
2024-09-25 09:42:00.466 +05:30  VRB  Connection id "0HN6T30PDSD5R" sending "DATA" frame for stream ID 7 with length 0 and flags "END_STREAM".
2024-09-25 09:42:00.523 +05:30  VRB  Connection id "0HN6T30PDSD5R" received "HEADERS" frame for stream ID 9 with length 74 and flags "END_STREAM, END_HEADERS, PRIORITY".
2024-09-25 09:42:00.526 +05:30  INF  Request starting HTTP/2 GET https://localhost:7113/swagger/v1/swagger.json - null null
2024-09-25 09:42:00.528 +05:30  VRB  All hosts are allowed.
2024-09-25 09:42:00.528 +05:30  DBG  No candidates found for the request path '/swagger/v1/swagger.json'
2024-09-25 09:42:00.529 +05:30  DBG  Request did not match any endpoints
2024-09-25 09:42:00.633 +05:30  VRB  Connection id "0HN6T30PDSD5R" sending "HEADERS" frame for stream ID 9 with length 35 and flags "END_HEADERS".
2024-09-25 09:42:00.636 +05:30  VRB  Connection id "0HN6T30PDSD5R" sending "DATA" frame for stream ID 9 with length 16384 and flags "NONE".
2024-09-25 09:42:00.638 +05:30  VRB  Connection id "0HN6T30PDSD5R" sending "DATA" frame for stream ID 9 with length 6680 and flags "NONE".
2024-09-25 09:42:00.641 +05:30  VRB  Connection id "0HN6T30PDSD5R" sending "DATA" frame for stream ID 9 with length 0 and flags "END_STREAM".
2024-09-25 09:42:00.641 +05:30  INF  Request finished HTTP/2 GET https://localhost:7113/swagger/v1/swagger.json - 200 null application/json;charset=utf-8 115.7908ms
2024-09-25 09:42:04.368 +05:30  DBG  Connection id "0HN6T30PDSD5R" received FIN.
2024-09-25 09:42:04.370 +05:30  DBG  Connection id "0HN6T30PDSD5R" is closed. The last processed stream ID was 9.
2024-09-25 09:42:04.370 +05:30  DBG  The connection queue processing loop for 0HN6T30PDSD5R completed.
2024-09-25 09:42:04.372 +05:30  DBG  Connection id "0HN6T30PDSD5R" sending FIN because: "The Socket transport's send loop completed gracefully."
2024-09-25 09:42:04.383 +05:30  DBG  Connection id "0HN6T30PDSD5R" stopped.
2024-09-25 09:42:10.527 +05:30  DBG  Connection id "0HN6T30PDSD5T" accepted.
2024-09-25 09:42:10.528 +05:30  DBG  Connection id "0HN6T30PDSD5T" started.
2024-09-25 09:42:10.535 +05:30  DBG  Connection 0HN6T30PDSD5T established using the following protocol: "Tls12"
2024-09-25 09:42:10.537 +05:30  VRB  Connection id "0HN6T30PDSD5T" sending "SETTINGS" frame for stream ID 0 with length 24 and flags "NONE".
2024-09-25 09:42:10.539 +05:30  VRB  Connection id "0HN6T30PDSD5T" sending "WINDOW_UPDATE" frame for stream ID 0 with length 4 and flags 0x0.
2024-09-25 09:42:10.542 +05:30  VRB  Connection id "0HN6T30PDSD5T" received "SETTINGS" frame for stream ID 0 with length 24 and flags "NONE".
2024-09-25 09:42:10.543 +05:30  VRB  Connection id "0HN6T30PDSD5T" sending "SETTINGS" frame for stream ID 0 with length 0 and flags "ACK".
2024-09-25 09:42:10.545 +05:30  VRB  Connection id "0HN6T30PDSD5T" received "WINDOW_UPDATE" frame for stream ID 0 with length 4 and flags 0x0.
2024-09-25 09:42:10.546 +05:30  VRB  Connection id "0HN6T30PDSD5T" received "HEADERS" frame for stream ID 1 with length 413 and flags "END_HEADERS, PRIORITY".
2024-09-25 09:42:10.548 +05:30  VRB  Connection id "0HN6T30PDSD5T" received "DATA" frame for stream ID 1 with length 98 and flags "END_STREAM".
2024-09-25 09:42:10.548 +05:30  INF  Request starting HTTP/2 POST https://localhost:7113/api/Account/RegisterCustomer - application/json 98
2024-09-25 09:42:10.550 +05:30  VRB  Connection id "0HN6T30PDSD5T" received "SETTINGS" frame for stream ID 0 with length 0 and flags "ACK".
2024-09-25 09:42:10.555 +05:30  VRB  All hosts are allowed.
2024-09-25 09:42:10.561 +05:30  DBG  1 candidate(s) found for the request path '/api/Account/RegisterCustomer'
2024-09-25 09:42:10.563 +05:30  DBG  Endpoint 'Web.Ecommerce.Controllers.Account.AccountController.RegisterCustomer (Web.Ecommerce)' with route pattern 'api/Account/RegisterCustomer' is valid for the request path '/api/Account/RegisterCustomer'
2024-09-25 09:42:10.565 +05:30  DBG  Request matched endpoint 'Web.Ecommerce.Controllers.Account.AccountController.RegisterCustomer (Web.Ecommerce)'
2024-09-25 09:42:10.568 +05:30  VRB  The endpoint does not specify the IRequestSizeLimitMetadata.
2024-09-25 09:42:10.571 +05:30  DBG  Static files was skipped as the request already matched an endpoint.
2024-09-25 09:42:10.573 +05:30  DBG  The request has an origin header: 'https://localhost:7113'.
2024-09-25 09:42:10.574 +05:30  INF  CORS policy execution successful.
2024-09-25 09:42:10.680 +05:30  DBG  AuthenticationScheme: Bearer was not authenticated.
2024-09-25 09:42:10.684 +05:30  INF  Executing endpoint 'Web.Ecommerce.Controllers.Account.AccountController.RegisterCustomer (Web.Ecommerce)'
2024-09-25 09:42:10.706 +05:30  INF  Route matched with {action = "RegisterCustomer", controller = "Account"}. Executing controller action with signature System.Threading.Tasks.Task`1[Microsoft.AspNetCore.Mvc.IActionResult] RegisterCustomer(Application.Ecom.Authentication.Commands.RegisterCustomer.RegisterCustomerCommand) on controller Web.Ecommerce.Controllers.Account.AccountController (Web.Ecommerce).
2024-09-25 09:42:10.710 +05:30  DBG  Execution plan of authorization filters (in the following order): ["None"]
2024-09-25 09:42:10.711 +05:30  DBG  Execution plan of resource filters (in the following order): ["None"]
2024-09-25 09:42:10.712 +05:30  DBG  Execution plan of action filters (in the following order): ["Microsoft.AspNetCore.Mvc.ModelBinding.UnsupportedContentTypeFilter (Order: -3000)","Microsoft.AspNetCore.Mvc.Infrastructure.ModelStateInvalidFilter (Order: -2000)"]
2024-09-25 09:42:10.714 +05:30  DBG  Execution plan of exception filters (in the following order): ["None"]
2024-09-25 09:42:10.715 +05:30  DBG  Execution plan of result filters (in the following order): ["Microsoft.AspNetCore.Mvc.Infrastructure.ClientErrorResultFilter (Order: -2000)"]
2024-09-25 09:42:10.720 +05:30  DBG  Executing controller factory for controller Web.Ecommerce.Controllers.Account.AccountController (Web.Ecommerce)
2024-09-25 09:42:10.721 +05:30  DBG  Executed controller factory for controller Web.Ecommerce.Controllers.Account.AccountController (Web.Ecommerce)
2024-09-25 09:42:10.738 +05:30  DBG  Attempting to bind parameter 'command' of type 'Application.Ecom.Authentication.Commands.RegisterCustomer.RegisterCustomerCommand' ...
2024-09-25 09:42:10.742 +05:30  DBG  Attempting to bind parameter 'command' of type 'Application.Ecom.Authentication.Commands.RegisterCustomer.RegisterCustomerCommand' using the name '' in request data ...
2024-09-25 09:42:10.745 +05:30  DBG  Selected input formatter 'Microsoft.AspNetCore.Mvc.Formatters.SystemTextJsonInputFormatter' for content type 'application/json'.
2024-09-25 09:42:10.766 +05:30  DBG  Connection id "0HN6T30PDSD5T", Request id "0HN6T30PDSD5T:00000001": started reading request body.
2024-09-25 09:42:10.769 +05:30  DBG  Connection id "0HN6T30PDSD5T", Request id "0HN6T30PDSD5T:00000001": done reading request body.
2024-09-25 09:42:10.778 +05:30  DBG  JSON input formatter succeeded, deserializing to type 'Application.Ecom.Authentication.Commands.RegisterCustomer.RegisterCustomerCommand'
2024-09-25 09:42:10.780 +05:30  DBG  Done attempting to bind parameter 'command' of type 'Application.Ecom.Authentication.Commands.RegisterCustomer.RegisterCustomerCommand'.
2024-09-25 09:42:10.780 +05:30  DBG  Done attempting to bind parameter 'command' of type 'Application.Ecom.Authentication.Commands.RegisterCustomer.RegisterCustomerCommand'.
2024-09-25 09:42:10.782 +05:30  DBG  Attempting to validate the bound parameter 'command' of type 'Application.Ecom.Authentication.Commands.RegisterCustomer.RegisterCustomerCommand' ...
2024-09-25 09:42:10.791 +05:30  DBG  Done attempting to validate the bound parameter 'command' of type 'Application.Ecom.Authentication.Commands.RegisterCustomer.RegisterCustomerCommand'.
2024-09-25 09:42:10.794 +05:30  VRB  Action Filter: Before executing OnActionExecuting on filter Microsoft.AspNetCore.Mvc.ModelBinding.UnsupportedContentTypeFilter.
2024-09-25 09:42:10.795 +05:30  VRB  Action Filter: After executing OnActionExecuting on filter Microsoft.AspNetCore.Mvc.ModelBinding.UnsupportedContentTypeFilter.
2024-09-25 09:42:10.796 +05:30  VRB  Action Filter: Before executing OnActionExecuting on filter Microsoft.AspNetCore.Mvc.Infrastructure.ModelStateInvalidFilter.
2024-09-25 09:42:10.797 +05:30  VRB  Action Filter: After executing OnActionExecuting on filter Microsoft.AspNetCore.Mvc.Infrastructure.ModelStateInvalidFilter.
2024-09-25 09:42:10.802 +05:30  INF  Executing action method Web.Ecommerce.Controllers.Account.AccountController.RegisterCustomer (Web.Ecommerce) - Validation state: "Valid"
2024-09-25 09:42:10.804 +05:30  VRB  Executing action method Web.Ecommerce.Controllers.Account.AccountController.RegisterCustomer (Web.Ecommerce) with arguments (["Application.Ecom.Authentication.Commands.RegisterCustomer.RegisterCustomerCommand"])
2024-09-25 09:42:10.853 +05:30  DBG  Entity Framework Core 8.0.8 initialized 'EcommerceDbContext' using provider 'Microsoft.EntityFrameworkCore.SqlServer:8.0.8' with options: None
2024-09-25 09:42:10.857 +05:30  DBG  Creating DbConnection.
2024-09-25 09:42:10.858 +05:30  DBG  Created DbConnection. (0ms).
2024-09-25 09:42:10.859 +05:30  DBG  Opening connection to database 'Ecommerce' on server 'FGS-DSK-230\MSSQLSERVER2019'.
2024-09-25 09:42:10.860 +05:30  DBG  Opened connection to database 'Ecommerce' on server 'FGS-DSK-230\MSSQLSERVER2019'.
2024-09-25 09:42:10.862 +05:30  DBG  Creating DbCommand for 'ExecuteReader'.
2024-09-25 09:42:10.863 +05:30  DBG  Created DbCommand for 'ExecuteReader' (1ms).
2024-09-25 09:42:10.864 +05:30  DBG  Initialized DbCommand for 'ExecuteReader' (2ms).
2024-09-25 09:42:10.865 +05:30  DBG  Executing DbCommand [Parameters=[@__normalizedName_0='?' (Size = 256)], CommandType='"Text"', CommandTimeout='30']
SELECT TOP(1) [a].[Id], [a].[ConcurrencyStamp], [a].[Name], [a].[NormalizedName]
FROM [AspNetRoles] AS [a]
WHERE [a].[NormalizedName] = @__normalizedName_0
2024-09-25 09:42:10.872 +05:30  INF  Executed DbCommand (7ms) [Parameters=[@__normalizedName_0='?' (Size = 256)], CommandType='"Text"', CommandTimeout='30']
SELECT TOP(1) [a].[Id], [a].[ConcurrencyStamp], [a].[Name], [a].[NormalizedName]
FROM [AspNetRoles] AS [a]
WHERE [a].[NormalizedName] = @__normalizedName_0
2024-09-25 09:42:10.876 +05:30  DBG  Context 'EcommerceDbContext' started tracking 'IdentityRole' entity. Consider using 'DbContextOptionsBuilder.EnableSensitiveDataLogging' to see key values.
2024-09-25 09:42:10.877 +05:30  DBG  Closing data reader to 'Ecommerce' on server 'FGS-DSK-230\MSSQLSERVER2019'.
2024-09-25 09:42:10.878 +05:30  DBG  A data reader for 'Ecommerce' on server 'FGS-DSK-230\MSSQLSERVER2019' is being disposed after spending 2ms reading results.
2024-09-25 09:42:10.879 +05:30  DBG  Closing connection to database 'Ecommerce' on server 'FGS-DSK-230\MSSQLSERVER2019'.
2024-09-25 09:42:10.880 +05:30  DBG  Closed connection to database 'Ecommerce' on server 'FGS-DSK-230\MSSQLSERVER2019' (1ms).
2024-09-25 09:42:10.905 +05:30  DBG  User password validation failed: PasswordTooShort;PasswordRequiresNonAlphanumeric;PasswordRequiresDigit;PasswordRequiresUpper.
2024-09-25 09:42:10.912 +05:30  INF  Executed action method Web.Ecommerce.Controllers.Account.AccountController.RegisterCustomer (Web.Ecommerce), returned result Microsoft.AspNetCore.Mvc.BadRequestObjectResult in 104.77ms.
2024-09-25 09:42:10.914 +05:30  VRB  Action Filter: Before executing OnActionExecuted on filter Microsoft.AspNetCore.Mvc.Infrastructure.ModelStateInvalidFilter.
2024-09-25 09:42:10.915 +05:30  VRB  Action Filter: After executing OnActionExecuted on filter Microsoft.AspNetCore.Mvc.Infrastructure.ModelStateInvalidFilter.
2024-09-25 09:42:10.917 +05:30  VRB  Action Filter: Before executing OnActionExecuted on filter Microsoft.AspNetCore.Mvc.ModelBinding.UnsupportedContentTypeFilter.
2024-09-25 09:42:10.919 +05:30  VRB  Action Filter: After executing OnActionExecuted on filter Microsoft.AspNetCore.Mvc.ModelBinding.UnsupportedContentTypeFilter.
2024-09-25 09:42:10.922 +05:30  VRB  Result Filter: Before executing OnResultExecuting on filter Microsoft.AspNetCore.Mvc.Infrastructure.ClientErrorResultFilter.
2024-09-25 09:42:10.923 +05:30  VRB  Result Filter: After executing OnResultExecuting on filter Microsoft.AspNetCore.Mvc.Infrastructure.ClientErrorResultFilter.
2024-09-25 09:42:10.925 +05:30  VRB  Before executing action result Microsoft.AspNetCore.Mvc.BadRequestObjectResult.
2024-09-25 09:42:10.927 +05:30  DBG  List of registered output formatters, in the following order: ["Microsoft.AspNetCore.Mvc.Formatters.HttpNoContentOutputFormatter","Microsoft.AspNetCore.Mvc.Formatters.StringOutputFormatter","Microsoft.AspNetCore.Mvc.Formatters.StreamOutputFormatter","Microsoft.AspNetCore.Mvc.Formatters.SystemTextJsonOutputFormatter"]
2024-09-25 09:42:10.929 +05:30  DBG  No information found on request to perform content negotiation.
2024-09-25 09:42:10.930 +05:30  DBG  Attempting to select an output formatter without using a content type as no explicit content types were specified for the response.
2024-09-25 09:42:10.931 +05:30  DBG  Attempting to select the first formatter in the output formatters list which can write the result.
2024-09-25 09:42:10.932 +05:30  DBG  Selected output formatter 'Microsoft.AspNetCore.Mvc.Formatters.SystemTextJsonOutputFormatter' and content type 'application/json' to write the response.
2024-09-25 09:42:10.933 +05:30  INF  Executing BadRequestObjectResult, writing value of type 'Application.Ecom.Authentication.Commands.RegisterCustomer.RegisterCustomerResponse'.
2024-09-25 09:42:10.943 +05:30  VRB  Connection id "0HN6T30PDSD5T" sending "HEADERS" frame for stream ID 1 with length 77 and flags "END_HEADERS".
2024-09-25 09:42:10.943 +05:30  VRB  After executing action result Microsoft.AspNetCore.Mvc.BadRequestObjectResult.
2024-09-25 09:42:10.945 +05:30  VRB  Connection id "0HN6T30PDSD5T" sending "DATA" frame for stream ID 1 with length 251 and flags "NONE".
2024-09-25 09:42:10.945 +05:30  VRB  Result Filter: Before executing OnResultExecuted on filter Microsoft.AspNetCore.Mvc.Infrastructure.ClientErrorResultFilter.
2024-09-25 09:42:10.948 +05:30  VRB  Result Filter: After executing OnResultExecuted on filter Microsoft.AspNetCore.Mvc.Infrastructure.ClientErrorResultFilter.
2024-09-25 09:42:10.953 +05:30  INF  Executed action Web.Ecommerce.Controllers.Account.AccountController.RegisterCustomer (Web.Ecommerce) in 232.7396ms
2024-09-25 09:42:10.955 +05:30  INF  Executed endpoint 'Web.Ecommerce.Controllers.Account.AccountController.RegisterCustomer (Web.Ecommerce)'
2024-09-25 09:42:10.957 +05:30  VRB  Connection id "0HN6T30PDSD5T" sending "DATA" frame for stream ID 1 with length 0 and flags "END_STREAM".
2024-09-25 09:42:10.957 +05:30  DBG  'EcommerceDbContext' disposed.
2024-09-25 09:42:10.961 +05:30  DBG  Disposing connection to database 'Ecommerce' on server 'FGS-DSK-230\MSSQLSERVER2019'.
2024-09-25 09:42:10.962 +05:30  DBG  Disposed connection to database '' on server '' (1ms).
2024-09-25 09:42:10.963 +05:30  INF  Request finished HTTP/2 POST https://localhost:7113/api/Account/RegisterCustomer - 400 null application/json; charset=utf-8 414.9056ms
2024-09-25 09:42:14.380 +05:30  DBG  Connection id "0HN6T30PDSD5T" received FIN.
2024-09-25 09:42:14.382 +05:30  DBG  Connection id "0HN6T30PDSD5T" is closed. The last processed stream ID was 1.
2024-09-25 09:42:14.382 +05:30  DBG  The connection queue processing loop for 0HN6T30PDSD5T completed.
2024-09-25 09:42:14.383 +05:30  DBG  Connection id "0HN6T30PDSD5T" sending FIN because: "The Socket transport's send loop completed gracefully."
2024-09-25 09:42:14.387 +05:30  DBG  Connection id "0HN6T30PDSD5T" stopped.
2024-09-25 09:55:38.679 +05:30  DBG  Connection id "0HN6T30PDSD5U" accepted.
2024-09-25 09:55:38.685 +05:30  DBG  Connection id "0HN6T30PDSD5U" started.
2024-09-25 09:55:38.697 +05:30  DBG  Connection 0HN6T30PDSD5U established using the following protocol: "Tls12"
2024-09-25 09:55:38.701 +05:30  VRB  Connection id "0HN6T30PDSD5U" sending "SETTINGS" frame for stream ID 0 with length 24 and flags "NONE".
2024-09-25 09:55:38.703 +05:30  VRB  Connection id "0HN6T30PDSD5U" sending "WINDOW_UPDATE" frame for stream ID 0 with length 4 and flags 0x0.
2024-09-25 09:55:38.705 +05:30  VRB  Connection id "0HN6T30PDSD5U" received "SETTINGS" frame for stream ID 0 with length 24 and flags "NONE".
2024-09-25 09:55:38.710 +05:30  VRB  Connection id "0HN6T30PDSD5U" sending "SETTINGS" frame for stream ID 0 with length 0 and flags "ACK".
2024-09-25 09:55:38.715 +05:30  VRB  Connection id "0HN6T30PDSD5U" received "WINDOW_UPDATE" frame for stream ID 0 with length 4 and flags 0x0.
2024-09-25 09:55:38.716 +05:30  VRB  Connection id "0HN6T30PDSD5U" received "HEADERS" frame for stream ID 1 with length 335 and flags "END_STREAM, END_HEADERS, PRIORITY".
2024-09-25 09:55:38.718 +05:30  VRB  Connection id "0HN6T30PDSD5U" received "SETTINGS" frame for stream ID 0 with length 0 and flags "ACK".
2024-09-25 09:55:38.718 +05:30  INF  Request starting HTTP/2 OPTIONS https://localhost:7113/api/Account/Login - null null
2024-09-25 09:55:38.721 +05:30  VRB  All hosts are allowed.
2024-09-25 09:55:38.724 +05:30  DBG  1 candidate(s) found for the request path '/api/Account/Login'
2024-09-25 09:55:38.726 +05:30  DBG  Request matched endpoint '405 HTTP Method Not Supported'
2024-09-25 09:55:38.727 +05:30  VRB  The endpoint does not specify the IRequestSizeLimitMetadata.
2024-09-25 09:55:38.728 +05:30  DBG  Static files was skipped as the request already matched an endpoint.
2024-09-25 09:55:38.728 +05:30  DBG  The request has an origin header: 'http://localhost:4200'.
2024-09-25 09:55:38.729 +05:30  INF  CORS policy execution successful.
2024-09-25 09:55:38.730 +05:30  DBG  The request is a preflight request.
2024-09-25 09:55:38.731 +05:30  INF  Request finished HTTP/2 OPTIONS https://localhost:7113/api/Account/Login - 204 null null 12.8478ms
2024-09-25 09:55:38.731 +05:30  VRB  Connection id "0HN6T30PDSD5U" sending "HEADERS" frame for stream ID 1 with length 122 and flags "END_STREAM, END_HEADERS".
2024-09-25 09:55:38.735 +05:30  VRB  Connection id "0HN6T30PDSD5U" received "HEADERS" frame for stream ID 3 with length 181 and flags "END_HEADERS, PRIORITY".
2024-09-25 09:55:38.737 +05:30  VRB  Connection id "0HN6T30PDSD5U" received "DATA" frame for stream ID 3 with length 68 and flags "END_STREAM".
2024-09-25 09:55:38.737 +05:30  INF  Request starting HTTP/2 POST https://localhost:7113/api/Account/Login - application/json 68
2024-09-25 09:55:38.742 +05:30  VRB  All hosts are allowed.
2024-09-25 09:55:38.742 +05:30  DBG  1 candidate(s) found for the request path '/api/Account/Login'
2024-09-25 09:55:38.743 +05:30  DBG  Endpoint 'Web.Ecommerce.Controllers.Account.AccountController.Login (Web.Ecommerce)' with route pattern 'api/Account/Login' is valid for the request path '/api/Account/Login'
2024-09-25 09:55:38.744 +05:30  DBG  Request matched endpoint 'Web.Ecommerce.Controllers.Account.AccountController.Login (Web.Ecommerce)'
2024-09-25 09:55:38.745 +05:30  VRB  The endpoint does not specify the IRequestSizeLimitMetadata.
2024-09-25 09:55:38.746 +05:30  DBG  Static files was skipped as the request already matched an endpoint.
2024-09-25 09:55:38.747 +05:30  DBG  The request has an origin header: 'http://localhost:4200'.
2024-09-25 09:55:38.747 +05:30  INF  CORS policy execution successful.
2024-09-25 09:55:38.748 +05:30  DBG  AuthenticationScheme: Bearer was not authenticated.
2024-09-25 09:55:38.749 +05:30  INF  Executing endpoint 'Web.Ecommerce.Controllers.Account.AccountController.Login (Web.Ecommerce)'
2024-09-25 09:55:38.753 +05:30  INF  Route matched with {action = "Login", controller = "Account"}. Executing controller action with signature System.Threading.Tasks.Task`1[Microsoft.AspNetCore.Mvc.IActionResult] Login(Application.Ecom.Authentication.Commands.LoginUser.LoginUserCommand) on controller Web.Ecommerce.Controllers.Account.AccountController (Web.Ecommerce).
2024-09-25 09:55:38.756 +05:30  DBG  Execution plan of authorization filters (in the following order): ["None"]
2024-09-25 09:55:38.758 +05:30  DBG  Execution plan of resource filters (in the following order): ["None"]
2024-09-25 09:55:38.759 +05:30  DBG  Execution plan of action filters (in the following order): ["Microsoft.AspNetCore.Mvc.ModelBinding.UnsupportedContentTypeFilter (Order: -3000)","Microsoft.AspNetCore.Mvc.Infrastructure.ModelStateInvalidFilter (Order: -2000)"]
2024-09-25 09:55:38.760 +05:30  DBG  Execution plan of exception filters (in the following order): ["None"]
2024-09-25 09:55:38.761 +05:30  DBG  Execution plan of result filters (in the following order): ["Microsoft.AspNetCore.Mvc.Infrastructure.ClientErrorResultFilter (Order: -2000)"]
2024-09-25 09:55:38.762 +05:30  DBG  Executing controller factory for controller Web.Ecommerce.Controllers.Account.AccountController (Web.Ecommerce)
2024-09-25 09:55:38.764 +05:30  DBG  Executed controller factory for controller Web.Ecommerce.Controllers.Account.AccountController (Web.Ecommerce)
2024-09-25 09:55:38.765 +05:30  DBG  Attempting to bind parameter 'command' of type 'Application.Ecom.Authentication.Commands.LoginUser.LoginUserCommand' ...
2024-09-25 09:55:38.766 +05:30  DBG  Attempting to bind parameter 'command' of type 'Application.Ecom.Authentication.Commands.LoginUser.LoginUserCommand' using the name '' in request data ...
2024-09-25 09:55:38.767 +05:30  DBG  Selected input formatter 'Microsoft.AspNetCore.Mvc.Formatters.SystemTextJsonInputFormatter' for content type 'application/json'.
2024-09-25 09:55:38.770 +05:30  DBG  Connection id "0HN6T30PDSD5U", Request id "0HN6T30PDSD5U:00000003": started reading request body.
2024-09-25 09:55:38.772 +05:30  DBG  Connection id "0HN6T30PDSD5U", Request id "0HN6T30PDSD5U:00000003": done reading request body.
2024-09-25 09:55:38.775 +05:30  DBG  JSON input formatter succeeded, deserializing to type 'Application.Ecom.Authentication.Commands.LoginUser.LoginUserCommand'
2024-09-25 09:55:38.776 +05:30  DBG  Done attempting to bind parameter 'command' of type 'Application.Ecom.Authentication.Commands.LoginUser.LoginUserCommand'.
2024-09-25 09:55:38.777 +05:30  DBG  Done attempting to bind parameter 'command' of type 'Application.Ecom.Authentication.Commands.LoginUser.LoginUserCommand'.
2024-09-25 09:55:38.778 +05:30  DBG  Attempting to validate the bound parameter 'command' of type 'Application.Ecom.Authentication.Commands.LoginUser.LoginUserCommand' ...
2024-09-25 09:55:38.786 +05:30  DBG  Done attempting to validate the bound parameter 'command' of type 'Application.Ecom.Authentication.Commands.LoginUser.LoginUserCommand'.
2024-09-25 09:55:38.788 +05:30  VRB  Action Filter: Before executing OnActionExecuting on filter Microsoft.AspNetCore.Mvc.ModelBinding.UnsupportedContentTypeFilter.
2024-09-25 09:55:38.790 +05:30  VRB  Action Filter: After executing OnActionExecuting on filter Microsoft.AspNetCore.Mvc.ModelBinding.UnsupportedContentTypeFilter.
2024-09-25 09:55:38.791 +05:30  VRB  Action Filter: Before executing OnActionExecuting on filter Microsoft.AspNetCore.Mvc.Infrastructure.ModelStateInvalidFilter.
2024-09-25 09:55:38.792 +05:30  VRB  Action Filter: After executing OnActionExecuting on filter Microsoft.AspNetCore.Mvc.Infrastructure.ModelStateInvalidFilter.
2024-09-25 09:55:38.794 +05:30  INF  Executing action method Web.Ecommerce.Controllers.Account.AccountController.Login (Web.Ecommerce) - Validation state: "Valid"
2024-09-25 09:55:38.795 +05:30  VRB  Executing action method Web.Ecommerce.Controllers.Account.AccountController.Login (Web.Ecommerce) with arguments (["Application.Ecom.Authentication.Commands.LoginUser.LoginUserCommand"])
2024-09-25 09:55:38.808 +05:30  DBG  Entity Framework Core 8.0.8 initialized 'EcommerceDbContext' using provider 'Microsoft.EntityFrameworkCore.SqlServer:8.0.8' with options: None
2024-09-25 09:55:38.812 +05:30  DBG  Creating DbConnection.
2024-09-25 09:55:38.812 +05:30  DBG  Created DbConnection. (0ms).
2024-09-25 09:55:38.813 +05:30  DBG  Opening connection to database 'Ecommerce' on server 'FGS-DSK-230\MSSQLSERVER2019'.
2024-09-25 09:55:38.820 +05:30  DBG  Opened connection to database 'Ecommerce' on server 'FGS-DSK-230\MSSQLSERVER2019'.
2024-09-25 09:55:38.822 +05:30  DBG  Creating DbCommand for 'ExecuteReader'.
2024-09-25 09:55:38.823 +05:30  DBG  Created DbCommand for 'ExecuteReader' (1ms).
2024-09-25 09:55:38.825 +05:30  DBG  Initialized DbCommand for 'ExecuteReader' (2ms).
2024-09-25 09:55:38.826 +05:30  DBG  Executing DbCommand [Parameters=[@__normalizedEmail_0='?' (Size = 256)], CommandType='"Text"', CommandTimeout='30']
SELECT TOP(2) [a].[Id], [a].[AccessFailedCount], [a].[ConcurrencyStamp], [a].[CreatedAt], [a].[Email], [a].[EmailConfirmed], [a].[IsDeleted], [a].[IsVerified], [a].[LockoutEnabled], [a].[LockoutEnd], [a].[NormalizedEmail], [a].[NormalizedUserName], [a].[PasswordHash], [a].[PhoneNumber], [a].[PhoneNumberConfirmed], [a].[SecurityStamp], [a].[TwoFactorEnabled], [a].[UpdatedAt], [a].[UserName]
FROM [AspNetUsers] AS [a]
WHERE [a].[NormalizedEmail] = @__normalizedEmail_0
2024-09-25 09:55:38.831 +05:30  INF  Executed DbCommand (5ms) [Parameters=[@__normalizedEmail_0='?' (Size = 256)], CommandType='"Text"', CommandTimeout='30']
SELECT TOP(2) [a].[Id], [a].[AccessFailedCount], [a].[ConcurrencyStamp], [a].[CreatedAt], [a].[Email], [a].[EmailConfirmed], [a].[IsDeleted], [a].[IsVerified], [a].[LockoutEnabled], [a].[LockoutEnd], [a].[NormalizedEmail], [a].[NormalizedUserName], [a].[PasswordHash], [a].[PhoneNumber], [a].[PhoneNumberConfirmed], [a].[SecurityStamp], [a].[TwoFactorEnabled], [a].[UpdatedAt], [a].[UserName]
FROM [AspNetUsers] AS [a]
WHERE [a].[NormalizedEmail] = @__normalizedEmail_0
2024-09-25 09:55:38.834 +05:30  DBG  Context 'EcommerceDbContext' started tracking 'User' entity. Consider using 'DbContextOptionsBuilder.EnableSensitiveDataLogging' to see key values.
2024-09-25 09:55:38.835 +05:30  DBG  Closing data reader to 'Ecommerce' on server 'FGS-DSK-230\MSSQLSERVER2019'.
2024-09-25 09:55:38.836 +05:30  DBG  A data reader for 'Ecommerce' on server 'FGS-DSK-230\MSSQLSERVER2019' is being disposed after spending 2ms reading results.
2024-09-25 09:55:38.837 +05:30  DBG  Closing connection to database 'Ecommerce' on server 'FGS-DSK-230\MSSQLSERVER2019'.
2024-09-25 09:55:38.838 +05:30  DBG  Closed connection to database 'Ecommerce' on server 'FGS-DSK-230\MSSQLSERVER2019' (0ms).
2024-09-25 09:55:38.961 +05:30  DBG  Compiling query expression: 
'DbSet<IdentityUserRole<Guid>>()
    .Join(
        inner: DbSet<IdentityRole<Guid>>(), 
        outerKeySelector: userRole => userRole.RoleId, 
        innerKeySelector: role => role.Id, 
        resultSelector: (userRole, role) => new { 
            userRole = userRole, 
            role = role
         })
    .Where(<>h__TransparentIdentifier0 => <>h__TransparentIdentifier0.userRole.UserId.Equals(__userId_0))
    .Select(<>h__TransparentIdentifier0 => <>h__TransparentIdentifier0.role.Name)'
2024-09-25 09:55:38.995 +05:30  DBG  Generated query execution expression: 
'queryContext => new SingleQueryingEnumerable<string>(
    (RelationalQueryContext)queryContext, 
    RelationalCommandCache.QueryExpression(
        Projection Mapping:
            EmptyProjectionMember -> 0
        SELECT a0.Name
        FROM AspNetUserRoles AS a
        INNER JOIN AspNetRoles AS a0 ON a.RoleId == a0.Id
        WHERE a.UserId == @__userId_0), 
    null, 
    Func<QueryContext, DbDataReader, ResultContext, SingleQueryResultCoordinator, string>, 
    Persistance.EcommerceDbContext, 
    False, 
    False, 
    True
)'
2024-09-25 09:55:38.999 +05:30  DBG  Opening connection to database 'Ecommerce' on server 'FGS-DSK-230\MSSQLSERVER2019'.
2024-09-25 09:55:39.000 +05:30  DBG  Opened connection to database 'Ecommerce' on server 'FGS-DSK-230\MSSQLSERVER2019'.
2024-09-25 09:55:39.001 +05:30  DBG  Creating DbCommand for 'ExecuteReader'.
2024-09-25 09:55:39.002 +05:30  DBG  Created DbCommand for 'ExecuteReader' (0ms).
2024-09-25 09:55:39.003 +05:30  DBG  Initialized DbCommand for 'ExecuteReader' (1ms).
2024-09-25 09:55:39.004 +05:30  DBG  Executing DbCommand [Parameters=[@__userId_0='?' (DbType = Guid)], CommandType='"Text"', CommandTimeout='30']
SELECT [a0].[Name]
FROM [AspNetUserRoles] AS [a]
INNER JOIN [AspNetRoles] AS [a0] ON [a].[RoleId] = [a0].[Id]
WHERE [a].[UserId] = @__userId_0
2024-09-25 09:55:39.011 +05:30  INF  Executed DbCommand (7ms) [Parameters=[@__userId_0='?' (DbType = Guid)], CommandType='"Text"', CommandTimeout='30']
SELECT [a0].[Name]
FROM [AspNetUserRoles] AS [a]
INNER JOIN [AspNetRoles] AS [a0] ON [a].[RoleId] = [a0].[Id]
WHERE [a].[UserId] = @__userId_0
2024-09-25 09:55:39.014 +05:30  DBG  Closing data reader to 'Ecommerce' on server 'FGS-DSK-230\MSSQLSERVER2019'.
2024-09-25 09:55:39.015 +05:30  DBG  A data reader for 'Ecommerce' on server 'FGS-DSK-230\MSSQLSERVER2019' is being disposed after spending 1ms reading results.
2024-09-25 09:55:39.016 +05:30  DBG  Closing connection to database 'Ecommerce' on server 'FGS-DSK-230\MSSQLSERVER2019'.
2024-09-25 09:55:39.017 +05:30  DBG  Closed connection to database 'Ecommerce' on server 'FGS-DSK-230\MSSQLSERVER2019' (0ms).
2024-09-25 09:55:39.047 +05:30  INF  Executed action method Web.Ecommerce.Controllers.Account.AccountController.Login (Web.Ecommerce), returned result Microsoft.AspNetCore.Mvc.OkObjectResult in 251.1784ms.
2024-09-25 09:55:39.049 +05:30  VRB  Action Filter: Before executing OnActionExecuted on filter Microsoft.AspNetCore.Mvc.Infrastructure.ModelStateInvalidFilter.
2024-09-25 09:55:39.050 +05:30  VRB  Action Filter: After executing OnActionExecuted on filter Microsoft.AspNetCore.Mvc.Infrastructure.ModelStateInvalidFilter.
2024-09-25 09:55:39.052 +05:30  VRB  Action Filter: Before executing OnActionExecuted on filter Microsoft.AspNetCore.Mvc.ModelBinding.UnsupportedContentTypeFilter.
2024-09-25 09:55:39.054 +05:30  VRB  Action Filter: After executing OnActionExecuted on filter Microsoft.AspNetCore.Mvc.ModelBinding.UnsupportedContentTypeFilter.
2024-09-25 09:55:39.055 +05:30  VRB  Result Filter: Before executing OnResultExecuting on filter Microsoft.AspNetCore.Mvc.Infrastructure.ClientErrorResultFilter.
2024-09-25 09:55:39.057 +05:30  VRB  Result Filter: After executing OnResultExecuting on filter Microsoft.AspNetCore.Mvc.Infrastructure.ClientErrorResultFilter.
2024-09-25 09:55:39.058 +05:30  VRB  Before executing action result Microsoft.AspNetCore.Mvc.OkObjectResult.
2024-09-25 09:55:39.058 +05:30  DBG  List of registered output formatters, in the following order: ["Microsoft.AspNetCore.Mvc.Formatters.HttpNoContentOutputFormatter","Microsoft.AspNetCore.Mvc.Formatters.StringOutputFormatter","Microsoft.AspNetCore.Mvc.Formatters.StreamOutputFormatter","Microsoft.AspNetCore.Mvc.Formatters.SystemTextJsonOutputFormatter"]
2024-09-25 09:55:39.060 +05:30  DBG  No information found on request to perform content negotiation.
2024-09-25 09:55:39.060 +05:30  DBG  Attempting to select an output formatter without using a content type as no explicit content types were specified for the response.
2024-09-25 09:55:39.061 +05:30  DBG  Attempting to select the first formatter in the output formatters list which can write the result.
2024-09-25 09:55:39.062 +05:30  DBG  Selected output formatter 'Microsoft.AspNetCore.Mvc.Formatters.SystemTextJsonOutputFormatter' and content type 'application/json' to write the response.
2024-09-25 09:55:39.063 +05:30  INF  Executing OkObjectResult, writing value of type '<>f__AnonymousType1`3[[System.String, System.Private.CoreLib, Version=8.0.0.0, Culture=neutral, PublicKeyToken=7cec85d7bea7798e],[System.String, System.Private.CoreLib, Version=8.0.0.0, Culture=neutral, PublicKeyToken=7cec85d7bea7798e],[System.Collections.Generic.IEnumerable`1[[System.String, System.Private.CoreLib, Version=8.0.0.0, Culture=neutral, PublicKeyToken=7cec85d7bea7798e]], System.Private.CoreLib, Version=8.0.0.0, Culture=neutral, PublicKeyToken=7cec85d7bea7798e]]'.
2024-09-25 09:55:39.074 +05:30  VRB  Connection id "0HN6T30PDSD5U" sending "HEADERS" frame for stream ID 3 with length 67 and flags "END_HEADERS".
2024-09-25 09:55:39.074 +05:30  VRB  After executing action result Microsoft.AspNetCore.Mvc.OkObjectResult.
2024-09-25 09:55:39.076 +05:30  VRB  Connection id "0HN6T30PDSD5U" sending "DATA" frame for stream ID 3 with length 582 and flags "NONE".
2024-09-25 09:55:39.079 +05:30  VRB  Result Filter: Before executing OnResultExecuted on filter Microsoft.AspNetCore.Mvc.Infrastructure.ClientErrorResultFilter.
2024-09-25 09:55:39.080 +05:30  VRB  Result Filter: After executing OnResultExecuted on filter Microsoft.AspNetCore.Mvc.Infrastructure.ClientErrorResultFilter.
2024-09-25 09:55:39.082 +05:30  INF  Executed action Web.Ecommerce.Controllers.Account.AccountController.Login (Web.Ecommerce) in 319.3167ms
2024-09-25 09:55:39.083 +05:30  INF  Executed endpoint 'Web.Ecommerce.Controllers.Account.AccountController.Login (Web.Ecommerce)'
2024-09-25 09:55:39.084 +05:30  DBG  'EcommerceDbContext' disposed.
2024-09-25 09:55:39.084 +05:30  VRB  Connection id "0HN6T30PDSD5U" sending "DATA" frame for stream ID 3 with length 0 and flags "END_STREAM".
2024-09-25 09:55:39.084 +05:30  DBG  Disposing connection to database 'Ecommerce' on server 'FGS-DSK-230\MSSQLSERVER2019'.
2024-09-25 09:55:39.087 +05:30  DBG  Disposed connection to database '' on server '' (3ms).
2024-09-25 09:55:39.089 +05:30  INF  Request finished HTTP/2 POST https://localhost:7113/api/Account/Login - 200 null application/json; charset=utf-8 351.3637ms
2024-09-25 09:58:00.645 +05:30  DBG  Connection id "0HN6T30PDSD5U" received FIN.
2024-09-25 09:58:00.651 +05:30  DBG  Connection id "0HN6T30PDSD5U" is closed. The last processed stream ID was 3.
2024-09-25 09:58:00.652 +05:30  DBG  The connection queue processing loop for 0HN6T30PDSD5U completed.
2024-09-25 09:58:00.655 +05:30  DBG  Connection id "0HN6T30PDSD5U" sending FIN because: "The Socket transport's send loop completed gracefully."
2024-09-25 09:58:00.658 +05:30  DBG  Connection id "0HN6T30PDSD5U" stopped.
2024-09-25 10:01:42.455 +05:30  DBG  Connection id "0HN6T30PDSD5V" accepted.
2024-09-25 10:01:42.463 +05:30  DBG  Connection id "0HN6T30PDSD5V" started.
2024-09-25 10:01:42.468 +05:30  DBG  Connection 0HN6T30PDSD5V established using the following protocol: "Tls12"
2024-09-25 10:01:42.473 +05:30  VRB  Connection id "0HN6T30PDSD5V" sending "SETTINGS" frame for stream ID 0 with length 24 and flags "NONE".
2024-09-25 10:01:42.478 +05:30  VRB  Connection id "0HN6T30PDSD5V" sending "WINDOW_UPDATE" frame for stream ID 0 with length 4 and flags 0x0.
2024-09-25 10:01:42.481 +05:30  VRB  Connection id "0HN6T30PDSD5V" received "SETTINGS" frame for stream ID 0 with length 24 and flags "NONE".
2024-09-25 10:01:42.483 +05:30  VRB  Connection id "0HN6T30PDSD5V" sending "SETTINGS" frame for stream ID 0 with length 0 and flags "ACK".
2024-09-25 10:01:42.485 +05:30  VRB  Connection id "0HN6T30PDSD5V" received "WINDOW_UPDATE" frame for stream ID 0 with length 4 and flags 0x0.
2024-09-25 10:01:42.486 +05:30  VRB  Connection id "0HN6T30PDSD5V" received "HEADERS" frame for stream ID 1 with length 335 and flags "END_STREAM, END_HEADERS, PRIORITY".
2024-09-25 10:01:42.488 +05:30  VRB  Connection id "0HN6T30PDSD5V" received "SETTINGS" frame for stream ID 0 with length 0 and flags "ACK".
2024-09-25 10:01:42.488 +05:30  INF  Request starting HTTP/2 OPTIONS https://localhost:7113/api/Account/Login - null null
2024-09-25 10:01:42.495 +05:30  VRB  All hosts are allowed.
2024-09-25 10:01:42.495 +05:30  DBG  1 candidate(s) found for the request path '/api/Account/Login'
2024-09-25 10:01:42.496 +05:30  DBG  Request matched endpoint '405 HTTP Method Not Supported'
2024-09-25 10:01:42.497 +05:30  VRB  The endpoint does not specify the IRequestSizeLimitMetadata.
2024-09-25 10:01:42.498 +05:30  DBG  Static files was skipped as the request already matched an endpoint.
2024-09-25 10:01:42.498 +05:30  DBG  The request has an origin header: 'http://localhost:4200'.
2024-09-25 10:01:42.499 +05:30  INF  CORS policy execution successful.
2024-09-25 10:01:42.500 +05:30  DBG  The request is a preflight request.
2024-09-25 10:01:42.500 +05:30  INF  Request finished HTTP/2 OPTIONS https://localhost:7113/api/Account/Login - 204 null null 12.6943ms
2024-09-25 10:01:42.501 +05:30  VRB  Connection id "0HN6T30PDSD5V" sending "HEADERS" frame for stream ID 1 with length 122 and flags "END_STREAM, END_HEADERS".
2024-09-25 10:01:42.506 +05:30  VRB  Connection id "0HN6T30PDSD5V" received "HEADERS" frame for stream ID 3 with length 181 and flags "END_HEADERS, PRIORITY".
2024-09-25 10:01:42.509 +05:30  VRB  Connection id "0HN6T30PDSD5V" received "DATA" frame for stream ID 3 with length 66 and flags "END_STREAM".
2024-09-25 10:01:42.509 +05:30  INF  Request starting HTTP/2 POST https://localhost:7113/api/Account/Login - application/json 66
2024-09-25 10:01:42.513 +05:30  VRB  All hosts are allowed.
2024-09-25 10:01:42.513 +05:30  DBG  1 candidate(s) found for the request path '/api/Account/Login'
2024-09-25 10:01:42.514 +05:30  DBG  Endpoint 'Web.Ecommerce.Controllers.Account.AccountController.Login (Web.Ecommerce)' with route pattern 'api/Account/Login' is valid for the request path '/api/Account/Login'
2024-09-25 10:01:42.516 +05:30  DBG  Request matched endpoint 'Web.Ecommerce.Controllers.Account.AccountController.Login (Web.Ecommerce)'
2024-09-25 10:01:42.517 +05:30  VRB  The endpoint does not specify the IRequestSizeLimitMetadata.
2024-09-25 10:01:42.517 +05:30  DBG  Static files was skipped as the request already matched an endpoint.
2024-09-25 10:01:42.518 +05:30  DBG  The request has an origin header: 'http://localhost:4200'.
2024-09-25 10:01:42.518 +05:30  INF  CORS policy execution successful.
2024-09-25 10:01:42.522 +05:30  DBG  AuthenticationScheme: Bearer was not authenticated.
2024-09-25 10:01:42.524 +05:30  INF  Executing endpoint 'Web.Ecommerce.Controllers.Account.AccountController.Login (Web.Ecommerce)'
2024-09-25 10:01:42.530 +05:30  INF  Route matched with {action = "Login", controller = "Account"}. Executing controller action with signature System.Threading.Tasks.Task`1[Microsoft.AspNetCore.Mvc.IActionResult] Login(Application.Ecom.Authentication.Commands.LoginUser.LoginUserCommand) on controller Web.Ecommerce.Controllers.Account.AccountController (Web.Ecommerce).
2024-09-25 10:01:42.534 +05:30  DBG  Execution plan of authorization filters (in the following order): ["None"]
2024-09-25 10:01:42.536 +05:30  DBG  Execution plan of resource filters (in the following order): ["None"]
2024-09-25 10:01:42.538 +05:30  DBG  Execution plan of action filters (in the following order): ["Microsoft.AspNetCore.Mvc.ModelBinding.UnsupportedContentTypeFilter (Order: -3000)","Microsoft.AspNetCore.Mvc.Infrastructure.ModelStateInvalidFilter (Order: -2000)"]
2024-09-25 10:01:42.539 +05:30  DBG  Execution plan of exception filters (in the following order): ["None"]
2024-09-25 10:01:42.542 +05:30  DBG  Execution plan of result filters (in the following order): ["Microsoft.AspNetCore.Mvc.Infrastructure.ClientErrorResultFilter (Order: -2000)"]
2024-09-25 10:01:42.544 +05:30  DBG  Executing controller factory for controller Web.Ecommerce.Controllers.Account.AccountController (Web.Ecommerce)
2024-09-25 10:01:42.547 +05:30  DBG  Executed controller factory for controller Web.Ecommerce.Controllers.Account.AccountController (Web.Ecommerce)
2024-09-25 10:01:42.561 +05:30  DBG  Attempting to bind parameter 'command' of type 'Application.Ecom.Authentication.Commands.LoginUser.LoginUserCommand' ...
2024-09-25 10:01:42.574 +05:30  DBG  Attempting to bind parameter 'command' of type 'Application.Ecom.Authentication.Commands.LoginUser.LoginUserCommand' using the name '' in request data ...
2024-09-25 10:01:42.576 +05:30  DBG  Selected input formatter 'Microsoft.AspNetCore.Mvc.Formatters.SystemTextJsonInputFormatter' for content type 'application/json'.
2024-09-25 10:01:42.583 +05:30  DBG  Connection id "0HN6T30PDSD5V", Request id "0HN6T30PDSD5V:00000003": started reading request body.
2024-09-25 10:01:42.585 +05:30  DBG  Connection id "0HN6T30PDSD5V", Request id "0HN6T30PDSD5V:00000003": done reading request body.
2024-09-25 10:01:42.586 +05:30  DBG  JSON input formatter succeeded, deserializing to type 'Application.Ecom.Authentication.Commands.LoginUser.LoginUserCommand'
2024-09-25 10:01:42.588 +05:30  DBG  Done attempting to bind parameter 'command' of type 'Application.Ecom.Authentication.Commands.LoginUser.LoginUserCommand'.
2024-09-25 10:01:42.591 +05:30  DBG  Done attempting to bind parameter 'command' of type 'Application.Ecom.Authentication.Commands.LoginUser.LoginUserCommand'.
2024-09-25 10:01:42.594 +05:30  DBG  Attempting to validate the bound parameter 'command' of type 'Application.Ecom.Authentication.Commands.LoginUser.LoginUserCommand' ...
2024-09-25 10:01:42.598 +05:30  DBG  Done attempting to validate the bound parameter 'command' of type 'Application.Ecom.Authentication.Commands.LoginUser.LoginUserCommand'.
2024-09-25 10:01:42.600 +05:30  VRB  Action Filter: Before executing OnActionExecuting on filter Microsoft.AspNetCore.Mvc.ModelBinding.UnsupportedContentTypeFilter.
2024-09-25 10:01:42.601 +05:30  VRB  Action Filter: After executing OnActionExecuting on filter Microsoft.AspNetCore.Mvc.ModelBinding.UnsupportedContentTypeFilter.
2024-09-25 10:01:42.603 +05:30  VRB  Action Filter: Before executing OnActionExecuting on filter Microsoft.AspNetCore.Mvc.Infrastructure.ModelStateInvalidFilter.
2024-09-25 10:01:42.605 +05:30  VRB  Action Filter: After executing OnActionExecuting on filter Microsoft.AspNetCore.Mvc.Infrastructure.ModelStateInvalidFilter.
2024-09-25 10:01:42.606 +05:30  INF  Executing action method Web.Ecommerce.Controllers.Account.AccountController.Login (Web.Ecommerce) - Validation state: "Valid"
2024-09-25 10:01:42.607 +05:30  VRB  Executing action method Web.Ecommerce.Controllers.Account.AccountController.Login (Web.Ecommerce) with arguments (["Application.Ecom.Authentication.Commands.LoginUser.LoginUserCommand"])
2024-09-25 10:01:42.611 +05:30  DBG  Entity Framework Core 8.0.8 initialized 'EcommerceDbContext' using provider 'Microsoft.EntityFrameworkCore.SqlServer:8.0.8' with options: None
2024-09-25 10:01:42.614 +05:30  DBG  Creating DbConnection.
2024-09-25 10:01:42.614 +05:30  DBG  Created DbConnection. (0ms).
2024-09-25 10:01:42.615 +05:30  DBG  Opening connection to database 'Ecommerce' on server 'FGS-DSK-230\MSSQLSERVER2019'.
2024-09-25 10:01:42.616 +05:30  DBG  Opened connection to database 'Ecommerce' on server 'FGS-DSK-230\MSSQLSERVER2019'.
2024-09-25 10:01:42.617 +05:30  DBG  Creating DbCommand for 'ExecuteReader'.
2024-09-25 10:01:42.617 +05:30  DBG  Created DbCommand for 'ExecuteReader' (0ms).
2024-09-25 10:01:42.618 +05:30  DBG  Initialized DbCommand for 'ExecuteReader' (1ms).
2024-09-25 10:01:42.619 +05:30  DBG  Executing DbCommand [Parameters=[@__normalizedEmail_0='?' (Size = 256)], CommandType='"Text"', CommandTimeout='30']
SELECT TOP(2) [a].[Id], [a].[AccessFailedCount], [a].[ConcurrencyStamp], [a].[CreatedAt], [a].[Email], [a].[EmailConfirmed], [a].[IsDeleted], [a].[IsVerified], [a].[LockoutEnabled], [a].[LockoutEnd], [a].[NormalizedEmail], [a].[NormalizedUserName], [a].[PasswordHash], [a].[PhoneNumber], [a].[PhoneNumberConfirmed], [a].[SecurityStamp], [a].[TwoFactorEnabled], [a].[UpdatedAt], [a].[UserName]
FROM [AspNetUsers] AS [a]
WHERE [a].[NormalizedEmail] = @__normalizedEmail_0
2024-09-25 10:01:42.626 +05:30  INF  Executed DbCommand (6ms) [Parameters=[@__normalizedEmail_0='?' (Size = 256)], CommandType='"Text"', CommandTimeout='30']
SELECT TOP(2) [a].[Id], [a].[AccessFailedCount], [a].[ConcurrencyStamp], [a].[CreatedAt], [a].[Email], [a].[EmailConfirmed], [a].[IsDeleted], [a].[IsVerified], [a].[LockoutEnabled], [a].[LockoutEnd], [a].[NormalizedEmail], [a].[NormalizedUserName], [a].[PasswordHash], [a].[PhoneNumber], [a].[PhoneNumberConfirmed], [a].[SecurityStamp], [a].[TwoFactorEnabled], [a].[UpdatedAt], [a].[UserName]
FROM [AspNetUsers] AS [a]
WHERE [a].[NormalizedEmail] = @__normalizedEmail_0
2024-09-25 10:01:42.628 +05:30  DBG  Closing data reader to 'Ecommerce' on server 'FGS-DSK-230\MSSQLSERVER2019'.
2024-09-25 10:01:42.629 +05:30  DBG  A data reader for 'Ecommerce' on server 'FGS-DSK-230\MSSQLSERVER2019' is being disposed after spending 0ms reading results.
2024-09-25 10:01:42.630 +05:30  DBG  Closing connection to database 'Ecommerce' on server 'FGS-DSK-230\MSSQLSERVER2019'.
2024-09-25 10:01:42.631 +05:30  DBG  Closed connection to database 'Ecommerce' on server 'FGS-DSK-230\MSSQLSERVER2019' (0ms).
2024-09-25 10:01:42.877 +05:30  VRB  Action Filter: Before executing OnActionExecuted on filter Microsoft.AspNetCore.Mvc.Infrastructure.ModelStateInvalidFilter.
2024-09-25 10:01:42.879 +05:30  VRB  Action Filter: After executing OnActionExecuted on filter Microsoft.AspNetCore.Mvc.Infrastructure.ModelStateInvalidFilter.
2024-09-25 10:01:42.880 +05:30  VRB  Action Filter: Before executing OnActionExecuted on filter Microsoft.AspNetCore.Mvc.ModelBinding.UnsupportedContentTypeFilter.
2024-09-25 10:01:42.881 +05:30  VRB  Action Filter: After executing OnActionExecuted on filter Microsoft.AspNetCore.Mvc.ModelBinding.UnsupportedContentTypeFilter.
2024-09-25 10:01:42.884 +05:30  INF  Executed action Web.Ecommerce.Controllers.Account.AccountController.Login (Web.Ecommerce) in 340.0312ms
2024-09-25 10:01:42.887 +05:30  INF  Executed endpoint 'Web.Ecommerce.Controllers.Account.AccountController.Login (Web.Ecommerce)'
2024-09-25 10:01:42.895 +05:30  ERR  An unhandled exception has occurred while executing the request.System.UnauthorizedAccessException: Invalid email or password.
   at Application.Ecom.Authentication.Commands.LoginUser.LoginUserCommandHandler.Handle(LoginUserCommand request, CancellationToken cancellationToken) in C:\Users\arjun.hariprasad\source\.NET\Ecommerce\EcommerceSolution\CodeBase\Src\Core\Application.Ecom\Authentication\Commands\LoginUser\LoginUserCommandHandler.cs:line 30
   at Web.Ecommerce.Controllers.Account.AccountController.Login(LoginUserCommand command) in C:\Users\arjun.hariprasad\source\.NET\Ecommerce\EcommerceSolution\CodeBase\Src\Presentation\Web.Ecommerce\Controllers\Account\AccountController.cs:line 142
   at Microsoft.AspNetCore.Mvc.Infrastructure.ActionMethodExecutor.TaskOfIActionResultExecutor.Execute(ActionContext actionContext, IActionResultTypeMapper mapper, ObjectMethodExecutor executor, Object controller, Object[] arguments)
   at Microsoft.AspNetCore.Mvc.Infrastructure.ControllerActionInvoker.<InvokeActionMethodAsync>g__Logged|12_1(ControllerActionInvoker invoker)
   at Microsoft.AspNetCore.Mvc.Infrastructure.ControllerActionInvoker.<InvokeNextActionFilterAsync>g__Awaited|10_0(ControllerActionInvoker invoker, Task lastTask, State next, Scope scope, Object state, Boolean isCompleted)
   at Microsoft.AspNetCore.Mvc.Infrastructure.ControllerActionInvoker.Rethrow(ActionExecutedContextSealed context)
   at Microsoft.AspNetCore.Mvc.Infrastructure.ControllerActionInvoker.Next(State& next, Scope& scope, Object& state, Boolean& isCompleted)
   at Microsoft.AspNetCore.Mvc.Infrastructure.ControllerActionInvoker.<InvokeInnerFilterAsync>g__Awaited|13_0(ControllerActionInvoker invoker, Task lastTask, State next, Scope scope, Object state, Boolean isCompleted)
   at Microsoft.AspNetCore.Mvc.Infrastructure.ResourceInvoker.<InvokeFilterPipelineAsync>g__Awaited|20_0(ResourceInvoker invoker, Task lastTask, State next, Scope scope, Object state, Boolean isCompleted)
   at Microsoft.AspNetCore.Mvc.Infrastructure.ResourceInvoker.<InvokeAsync>g__Logged|17_1(ResourceInvoker invoker)
   at Microsoft.AspNetCore.Mvc.Infrastructure.ResourceInvoker.<InvokeAsync>g__Logged|17_1(ResourceInvoker invoker)
   at Microsoft.AspNetCore.Routing.EndpointMiddleware.<Invoke>g__AwaitRequestTask|7_0(Endpoint endpoint, Task requestTask, ILogger logger)
   at Microsoft.AspNetCore.Authorization.AuthorizationMiddleware.Invoke(HttpContext context)
   at Microsoft.AspNetCore.Authentication.AuthenticationMiddleware.Invoke(HttpContext context)
   at Swashbuckle.AspNetCore.SwaggerUI.SwaggerUIMiddleware.Invoke(HttpContext httpContext)
   at Swashbuckle.AspNetCore.Swagger.SwaggerMiddleware.Invoke(HttpContext httpContext, ISwaggerProvider swaggerProvider)
   at Microsoft.AspNetCore.Diagnostics.DeveloperExceptionPageMiddlewareImpl.Invoke(HttpContext context)

2024-09-25 10:01:42.985 +05:30  VRB  Connection id "0HN6T30PDSD5V" sending "HEADERS" frame for stream ID 3 with length 61 and flags "END_HEADERS".
2024-09-25 10:01:42.985 +05:30  DBG  'EcommerceDbContext' disposed.
2024-09-25 10:01:42.987 +05:30  VRB  Connection id "0HN6T30PDSD5V" sending "DATA" frame for stream ID 3 with length 3426 and flags "NONE".
2024-09-25 10:01:42.988 +05:30  DBG  Disposing connection to database 'Ecommerce' on server 'FGS-DSK-230\MSSQLSERVER2019'.
2024-09-25 10:01:42.989 +05:30  VRB  Connection id "0HN6T30PDSD5V" sending "DATA" frame for stream ID 3 with length 0 and flags "END_STREAM".
2024-09-25 10:01:42.991 +05:30  DBG  Disposed connection to database '' on server '' (3ms).
2024-09-25 10:01:42.994 +05:30  INF  Request finished HTTP/2 POST https://localhost:7113/api/Account/Login - 500 null text/plain; charset=utf-8 485.2071ms
2024-09-25 10:01:45.893 +05:30  DBG  Connection id "0HN6T30PDSD5V" received FIN.
2024-09-25 10:01:45.896 +05:30  DBG  Connection id "0HN6T30PDSD5V" is closed. The last processed stream ID was 3.
2024-09-25 10:01:45.898 +05:30  DBG  Connection id "0HN6T30PDSD5V" sending FIN because: "The Socket transport's send loop completed gracefully."
2024-09-25 10:01:45.900 +05:30  DBG  The connection queue processing loop for 0HN6T30PDSD5V completed.
2024-09-25 10:01:45.901 +05:30  DBG  Connection id "0HN6T30PDSD5V" stopped.
2024-09-25 10:08:27.226 +05:30  DBG  Connection id "0HN6T30PDSD60" accepted.
2024-09-25 10:08:27.234 +05:30  DBG  Connection id "0HN6T30PDSD60" started.
2024-09-25 10:08:27.236 +05:30  DBG  Connection 0HN6T30PDSD60 established using the following protocol: "Tls12"
2024-09-25 10:08:27.241 +05:30  VRB  Connection id "0HN6T30PDSD60" sending "SETTINGS" frame for stream ID 0 with length 24 and flags "NONE".
2024-09-25 10:08:27.242 +05:30  VRB  Connection id "0HN6T30PDSD60" sending "WINDOW_UPDATE" frame for stream ID 0 with length 4 and flags 0x0.
2024-09-25 10:08:27.244 +05:30  VRB  Connection id "0HN6T30PDSD60" received "SETTINGS" frame for stream ID 0 with length 24 and flags "NONE".
2024-09-25 10:08:27.246 +05:30  VRB  Connection id "0HN6T30PDSD60" sending "SETTINGS" frame for stream ID 0 with length 0 and flags "ACK".
2024-09-25 10:08:27.248 +05:30  VRB  Connection id "0HN6T30PDSD60" received "WINDOW_UPDATE" frame for stream ID 0 with length 4 and flags 0x0.
2024-09-25 10:08:27.250 +05:30  VRB  Connection id "0HN6T30PDSD60" received "HEADERS" frame for stream ID 1 with length 343 and flags "END_STREAM, END_HEADERS, PRIORITY".
2024-09-25 10:08:27.251 +05:30  VRB  Connection id "0HN6T30PDSD60" received "SETTINGS" frame for stream ID 0 with length 0 and flags "ACK".
2024-09-25 10:08:27.252 +05:30  INF  Request starting HTTP/2 OPTIONS https://localhost:7113/api/Account/RegisterCustomer - null null
2024-09-25 10:08:27.256 +05:30  VRB  All hosts are allowed.
2024-09-25 10:08:27.257 +05:30  DBG  1 candidate(s) found for the request path '/api/Account/RegisterCustomer'
2024-09-25 10:08:27.258 +05:30  DBG  Request matched endpoint '405 HTTP Method Not Supported'
2024-09-25 10:08:27.259 +05:30  VRB  The endpoint does not specify the IRequestSizeLimitMetadata.
2024-09-25 10:08:27.259 +05:30  DBG  Static files was skipped as the request already matched an endpoint.
2024-09-25 10:08:27.260 +05:30  DBG  The request has an origin header: 'http://localhost:4200'.
2024-09-25 10:08:27.261 +05:30  INF  CORS policy execution successful.
2024-09-25 10:08:27.261 +05:30  DBG  The request is a preflight request.
2024-09-25 10:08:27.262 +05:30  VRB  Connection id "0HN6T30PDSD60" sending "HEADERS" frame for stream ID 1 with length 122 and flags "END_STREAM, END_HEADERS".
2024-09-25 10:08:27.262 +05:30  INF  Request finished HTTP/2 OPTIONS https://localhost:7113/api/Account/RegisterCustomer - 204 null null 10.6388ms
2024-09-25 10:08:27.266 +05:30  VRB  Connection id "0HN6T30PDSD60" received "HEADERS" frame for stream ID 3 with length 189 and flags "END_HEADERS, PRIORITY".
2024-09-25 10:08:27.270 +05:30  VRB  Connection id "0HN6T30PDSD60" received "DATA" frame for stream ID 3 with length 66 and flags "END_STREAM".
2024-09-25 10:08:27.270 +05:30  INF  Request starting HTTP/2 POST https://localhost:7113/api/Account/RegisterCustomer - application/json 66
2024-09-25 10:08:27.274 +05:30  VRB  All hosts are allowed.
2024-09-25 10:08:27.274 +05:30  DBG  1 candidate(s) found for the request path '/api/Account/RegisterCustomer'
2024-09-25 10:08:27.276 +05:30  DBG  Endpoint 'Web.Ecommerce.Controllers.Account.AccountController.RegisterCustomer (Web.Ecommerce)' with route pattern 'api/Account/RegisterCustomer' is valid for the request path '/api/Account/RegisterCustomer'
2024-09-25 10:08:27.277 +05:30  DBG  Request matched endpoint 'Web.Ecommerce.Controllers.Account.AccountController.RegisterCustomer (Web.Ecommerce)'
2024-09-25 10:08:27.278 +05:30  VRB  The endpoint does not specify the IRequestSizeLimitMetadata.
2024-09-25 10:08:27.279 +05:30  DBG  Static files was skipped as the request already matched an endpoint.
2024-09-25 10:08:27.280 +05:30  DBG  The request has an origin header: 'http://localhost:4200'.
2024-09-25 10:08:27.281 +05:30  INF  CORS policy execution successful.
2024-09-25 10:08:27.281 +05:30  DBG  AuthenticationScheme: Bearer was not authenticated.
2024-09-25 10:08:27.283 +05:30  INF  Executing endpoint 'Web.Ecommerce.Controllers.Account.AccountController.RegisterCustomer (Web.Ecommerce)'
2024-09-25 10:08:27.284 +05:30  INF  Route matched with {action = "RegisterCustomer", controller = "Account"}. Executing controller action with signature System.Threading.Tasks.Task`1[Microsoft.AspNetCore.Mvc.IActionResult] RegisterCustomer(Application.Ecom.Authentication.Commands.RegisterCustomer.RegisterCustomerCommand) on controller Web.Ecommerce.Controllers.Account.AccountController (Web.Ecommerce).
2024-09-25 10:08:27.286 +05:30  DBG  Execution plan of authorization filters (in the following order): ["None"]
2024-09-25 10:08:27.286 +05:30  DBG  Execution plan of resource filters (in the following order): ["None"]
2024-09-25 10:08:27.288 +05:30  DBG  Execution plan of action filters (in the following order): ["Microsoft.AspNetCore.Mvc.ModelBinding.UnsupportedContentTypeFilter (Order: -3000)","Microsoft.AspNetCore.Mvc.Infrastructure.ModelStateInvalidFilter (Order: -2000)"]
2024-09-25 10:08:27.290 +05:30  DBG  Execution plan of exception filters (in the following order): ["None"]
2024-09-25 10:08:27.291 +05:30  DBG  Execution plan of result filters (in the following order): ["Microsoft.AspNetCore.Mvc.Infrastructure.ClientErrorResultFilter (Order: -2000)"]
2024-09-25 10:08:27.293 +05:30  DBG  Executing controller factory for controller Web.Ecommerce.Controllers.Account.AccountController (Web.Ecommerce)
2024-09-25 10:08:27.294 +05:30  DBG  Executed controller factory for controller Web.Ecommerce.Controllers.Account.AccountController (Web.Ecommerce)
2024-09-25 10:08:27.295 +05:30  DBG  Attempting to bind parameter 'command' of type 'Application.Ecom.Authentication.Commands.RegisterCustomer.RegisterCustomerCommand' ...
2024-09-25 10:08:27.297 +05:30  DBG  Attempting to bind parameter 'command' of type 'Application.Ecom.Authentication.Commands.RegisterCustomer.RegisterCustomerCommand' using the name '' in request data ...
2024-09-25 10:08:27.299 +05:30  DBG  Selected input formatter 'Microsoft.AspNetCore.Mvc.Formatters.SystemTextJsonInputFormatter' for content type 'application/json'.
2024-09-25 10:08:27.300 +05:30  DBG  Connection id "0HN6T30PDSD60", Request id "0HN6T30PDSD60:00000003": started reading request body.
2024-09-25 10:08:27.301 +05:30  DBG  Connection id "0HN6T30PDSD60", Request id "0HN6T30PDSD60:00000003": done reading request body.
2024-09-25 10:08:27.304 +05:30  DBG  JSON input formatter succeeded, deserializing to type 'Application.Ecom.Authentication.Commands.RegisterCustomer.RegisterCustomerCommand'
2024-09-25 10:08:27.306 +05:30  DBG  Done attempting to bind parameter 'command' of type 'Application.Ecom.Authentication.Commands.RegisterCustomer.RegisterCustomerCommand'.
2024-09-25 10:08:27.307 +05:30  DBG  Done attempting to bind parameter 'command' of type 'Application.Ecom.Authentication.Commands.RegisterCustomer.RegisterCustomerCommand'.
2024-09-25 10:08:27.308 +05:30  DBG  Attempting to validate the bound parameter 'command' of type 'Application.Ecom.Authentication.Commands.RegisterCustomer.RegisterCustomerCommand' ...
2024-09-25 10:08:27.315 +05:30  DBG  Done attempting to validate the bound parameter 'command' of type 'Application.Ecom.Authentication.Commands.RegisterCustomer.RegisterCustomerCommand'.
2024-09-25 10:08:27.316 +05:30  VRB  Action Filter: Before executing OnActionExecuting on filter Microsoft.AspNetCore.Mvc.ModelBinding.UnsupportedContentTypeFilter.
2024-09-25 10:08:27.318 +05:30  VRB  Action Filter: After executing OnActionExecuting on filter Microsoft.AspNetCore.Mvc.ModelBinding.UnsupportedContentTypeFilter.
2024-09-25 10:08:27.319 +05:30  VRB  Action Filter: Before executing OnActionExecuting on filter Microsoft.AspNetCore.Mvc.Infrastructure.ModelStateInvalidFilter.
2024-09-25 10:08:27.320 +05:30  DBG  The request has model state errors, returning an error response.
2024-09-25 10:08:27.326 +05:30  VRB  Action Filter: After executing OnActionExecuting on filter Microsoft.AspNetCore.Mvc.Infrastructure.ModelStateInvalidFilter.
2024-09-25 10:08:27.328 +05:30  DBG  Request was short circuited at action filter 'Microsoft.AspNetCore.Mvc.Infrastructure.ModelStateInvalidFilter'.
2024-09-25 10:08:27.330 +05:30  VRB  Action Filter: Before executing OnActionExecuted on filter Microsoft.AspNetCore.Mvc.ModelBinding.UnsupportedContentTypeFilter.
2024-09-25 10:08:27.332 +05:30  VRB  Action Filter: After executing OnActionExecuted on filter Microsoft.AspNetCore.Mvc.ModelBinding.UnsupportedContentTypeFilter.
2024-09-25 10:08:27.334 +05:30  VRB  Result Filter: Before executing OnResultExecuting on filter Microsoft.AspNetCore.Mvc.Infrastructure.ClientErrorResultFilter.
2024-09-25 10:08:27.336 +05:30  VRB  Result Filter: After executing OnResultExecuting on filter Microsoft.AspNetCore.Mvc.Infrastructure.ClientErrorResultFilter.
2024-09-25 10:08:27.337 +05:30  VRB  Before executing action result Microsoft.AspNetCore.Mvc.BadRequestObjectResult.
2024-09-25 10:08:27.338 +05:30  DBG  List of registered output formatters, in the following order: ["Microsoft.AspNetCore.Mvc.Formatters.HttpNoContentOutputFormatter","Microsoft.AspNetCore.Mvc.Formatters.StringOutputFormatter","Microsoft.AspNetCore.Mvc.Formatters.StreamOutputFormatter","Microsoft.AspNetCore.Mvc.Formatters.SystemTextJsonOutputFormatter"]
2024-09-25 10:08:27.341 +05:30  DBG  No information found on request to perform content negotiation.
2024-09-25 10:08:27.342 +05:30  DBG  Attempting to select the first output formatter in the output formatters list which supports a content type from the explicitly specified content types '["application/problem+json","application/problem+xml","application/problem+json","application/problem+xml"]'.
2024-09-25 10:08:27.344 +05:30  DBG  Selected output formatter 'Microsoft.AspNetCore.Mvc.Formatters.SystemTextJsonOutputFormatter' and content type 'application/problem+json' to write the response.
2024-09-25 10:08:27.345 +05:30  INF  Executing BadRequestObjectResult, writing value of type 'Microsoft.AspNetCore.Mvc.ValidationProblemDetails'.
2024-09-25 10:08:27.382 +05:30  VRB  After executing action result Microsoft.AspNetCore.Mvc.BadRequestObjectResult.
2024-09-25 10:08:27.382 +05:30  VRB  Connection id "0HN6T30PDSD60" sending "HEADERS" frame for stream ID 3 with length 45 and flags "END_HEADERS".
2024-09-25 10:08:27.383 +05:30  VRB  Result Filter: Before executing OnResultExecuted on filter Microsoft.AspNetCore.Mvc.Infrastructure.ClientErrorResultFilter.
2024-09-25 10:08:27.385 +05:30  VRB  Connection id "0HN6T30PDSD60" sending "DATA" frame for stream ID 3 with length 303 and flags "NONE".
2024-09-25 10:08:27.387 +05:30  VRB  Result Filter: After executing OnResultExecuted on filter Microsoft.AspNetCore.Mvc.Infrastructure.ClientErrorResultFilter.
2024-09-25 10:08:27.390 +05:30  INF  Executed action Web.Ecommerce.Controllers.Account.AccountController.RegisterCustomer (Web.Ecommerce) in 96.9706ms
2024-09-25 10:08:27.391 +05:30  INF  Executed endpoint 'Web.Ecommerce.Controllers.Account.AccountController.RegisterCustomer (Web.Ecommerce)'
2024-09-25 10:08:27.392 +05:30  VRB  Connection id "0HN6T30PDSD60" sending "DATA" frame for stream ID 3 with length 0 and flags "END_STREAM".
2024-09-25 10:08:27.392 +05:30  INF  Request finished HTTP/2 POST https://localhost:7113/api/Account/RegisterCustomer - 400 null application/problem+json; charset=utf-8 122.0004ms
2024-09-25 10:08:36.490 +05:30  DBG  Connection id "0HN6T30PDSD60" received FIN.
2024-09-25 10:08:36.491 +05:30  DBG  Connection id "0HN6T30PDSD60" is closed. The last processed stream ID was 3.
2024-09-25 10:08:36.491 +05:30  DBG  The connection queue processing loop for 0HN6T30PDSD60 completed.
2024-09-25 10:08:36.492 +05:30  DBG  Connection id "0HN6T30PDSD60" sending FIN because: "The Socket transport's send loop completed gracefully."
2024-09-25 10:08:36.505 +05:30  DBG  Connection id "0HN6T30PDSD60" stopped.
2024-09-25 10:19:56.589 +05:30  DBG  Connection id "0HN6T30PDSD61" accepted.
2024-09-25 10:19:56.593 +05:30  DBG  Connection id "0HN6T30PDSD61" started.
2024-09-25 10:19:56.597 +05:30  DBG  Connection 0HN6T30PDSD61 established using the following protocol: "Tls12"
2024-09-25 10:19:56.602 +05:30  VRB  Connection id "0HN6T30PDSD61" sending "SETTINGS" frame for stream ID 0 with length 24 and flags "NONE".
2024-09-25 10:19:56.604 +05:30  VRB  Connection id "0HN6T30PDSD61" sending "WINDOW_UPDATE" frame for stream ID 0 with length 4 and flags 0x0.
2024-09-25 10:19:56.605 +05:30  VRB  Connection id "0HN6T30PDSD61" received "SETTINGS" frame for stream ID 0 with length 24 and flags "NONE".
2024-09-25 10:19:56.606 +05:30  VRB  Connection id "0HN6T30PDSD61" sending "SETTINGS" frame for stream ID 0 with length 0 and flags "ACK".
2024-09-25 10:19:56.608 +05:30  VRB  Connection id "0HN6T30PDSD61" received "WINDOW_UPDATE" frame for stream ID 0 with length 4 and flags 0x0.
2024-09-25 10:19:56.609 +05:30  VRB  Connection id "0HN6T30PDSD61" received "HEADERS" frame for stream ID 1 with length 343 and flags "END_STREAM, END_HEADERS, PRIORITY".
2024-09-25 10:19:56.611 +05:30  VRB  Connection id "0HN6T30PDSD61" received "SETTINGS" frame for stream ID 0 with length 0 and flags "ACK".
2024-09-25 10:19:56.611 +05:30  INF  Request starting HTTP/2 OPTIONS https://localhost:7113/api/Account/RegisterCustomer - null null
2024-09-25 10:19:56.616 +05:30  VRB  All hosts are allowed.
2024-09-25 10:19:56.616 +05:30  DBG  1 candidate(s) found for the request path '/api/Account/RegisterCustomer'
2024-09-25 10:19:56.617 +05:30  DBG  Request matched endpoint '405 HTTP Method Not Supported'
2024-09-25 10:19:56.618 +05:30  VRB  The endpoint does not specify the IRequestSizeLimitMetadata.
2024-09-25 10:19:56.618 +05:30  DBG  Static files was skipped as the request already matched an endpoint.
2024-09-25 10:19:56.619 +05:30  DBG  The request has an origin header: 'http://localhost:4200'.
2024-09-25 10:19:56.619 +05:30  INF  CORS policy execution successful.
2024-09-25 10:19:56.620 +05:30  DBG  The request is a preflight request.
2024-09-25 10:19:56.621 +05:30  VRB  Connection id "0HN6T30PDSD61" sending "HEADERS" frame for stream ID 1 with length 122 and flags "END_STREAM, END_HEADERS".
2024-09-25 10:19:56.621 +05:30  INF  Request finished HTTP/2 OPTIONS https://localhost:7113/api/Account/RegisterCustomer - 204 null null 9.5827ms
2024-09-25 10:19:56.623 +05:30  VRB  Connection id "0HN6T30PDSD61" received "HEADERS" frame for stream ID 3 with length 189 and flags "END_HEADERS, PRIORITY".
2024-09-25 10:19:56.627 +05:30  VRB  Connection id "0HN6T30PDSD61" received "DATA" frame for stream ID 3 with length 51 and flags "END_STREAM".
2024-09-25 10:19:56.627 +05:30  INF  Request starting HTTP/2 POST https://localhost:7113/api/Account/RegisterCustomer - application/json 51
2024-09-25 10:19:56.632 +05:30  VRB  All hosts are allowed.
2024-09-25 10:19:56.632 +05:30  DBG  1 candidate(s) found for the request path '/api/Account/RegisterCustomer'
2024-09-25 10:19:56.633 +05:30  DBG  Endpoint 'Web.Ecommerce.Controllers.Account.AccountController.RegisterCustomer (Web.Ecommerce)' with route pattern 'api/Account/RegisterCustomer' is valid for the request path '/api/Account/RegisterCustomer'
2024-09-25 10:19:56.634 +05:30  DBG  Request matched endpoint 'Web.Ecommerce.Controllers.Account.AccountController.RegisterCustomer (Web.Ecommerce)'
2024-09-25 10:19:56.635 +05:30  VRB  The endpoint does not specify the IRequestSizeLimitMetadata.
2024-09-25 10:19:56.636 +05:30  DBG  Static files was skipped as the request already matched an endpoint.
2024-09-25 10:19:56.636 +05:30  DBG  The request has an origin header: 'http://localhost:4200'.
2024-09-25 10:19:56.637 +05:30  INF  CORS policy execution successful.
2024-09-25 10:19:56.638 +05:30  DBG  AuthenticationScheme: Bearer was not authenticated.
2024-09-25 10:19:56.638 +05:30  INF  Executing endpoint 'Web.Ecommerce.Controllers.Account.AccountController.RegisterCustomer (Web.Ecommerce)'
2024-09-25 10:19:56.639 +05:30  INF  Route matched with {action = "RegisterCustomer", controller = "Account"}. Executing controller action with signature System.Threading.Tasks.Task`1[Microsoft.AspNetCore.Mvc.IActionResult] RegisterCustomer(Application.Ecom.Authentication.Commands.RegisterCustomer.RegisterCustomerCommand) on controller Web.Ecommerce.Controllers.Account.AccountController (Web.Ecommerce).
2024-09-25 10:19:56.641 +05:30  DBG  Execution plan of authorization filters (in the following order): ["None"]
2024-09-25 10:19:56.642 +05:30  DBG  Execution plan of resource filters (in the following order): ["None"]
2024-09-25 10:19:56.643 +05:30  DBG  Execution plan of action filters (in the following order): ["Microsoft.AspNetCore.Mvc.ModelBinding.UnsupportedContentTypeFilter (Order: -3000)","Microsoft.AspNetCore.Mvc.Infrastructure.ModelStateInvalidFilter (Order: -2000)"]
2024-09-25 10:19:56.645 +05:30  DBG  Execution plan of exception filters (in the following order): ["None"]
2024-09-25 10:19:56.645 +05:30  DBG  Execution plan of result filters (in the following order): ["Microsoft.AspNetCore.Mvc.Infrastructure.ClientErrorResultFilter (Order: -2000)"]
2024-09-25 10:19:56.648 +05:30  DBG  Executing controller factory for controller Web.Ecommerce.Controllers.Account.AccountController (Web.Ecommerce)
2024-09-25 10:19:56.649 +05:30  DBG  Executed controller factory for controller Web.Ecommerce.Controllers.Account.AccountController (Web.Ecommerce)
2024-09-25 10:19:56.650 +05:30  DBG  Attempting to bind parameter 'command' of type 'Application.Ecom.Authentication.Commands.RegisterCustomer.RegisterCustomerCommand' ...
2024-09-25 10:19:56.651 +05:30  DBG  Attempting to bind parameter 'command' of type 'Application.Ecom.Authentication.Commands.RegisterCustomer.RegisterCustomerCommand' using the name '' in request data ...
2024-09-25 10:19:56.652 +05:30  DBG  Selected input formatter 'Microsoft.AspNetCore.Mvc.Formatters.SystemTextJsonInputFormatter' for content type 'application/json'.
2024-09-25 10:19:56.653 +05:30  DBG  Connection id "0HN6T30PDSD61", Request id "0HN6T30PDSD61:00000003": started reading request body.
2024-09-25 10:19:56.654 +05:30  DBG  Connection id "0HN6T30PDSD61", Request id "0HN6T30PDSD61:00000003": done reading request body.
2024-09-25 10:19:56.655 +05:30  DBG  JSON input formatter succeeded, deserializing to type 'Application.Ecom.Authentication.Commands.RegisterCustomer.RegisterCustomerCommand'
2024-09-25 10:19:56.656 +05:30  DBG  Done attempting to bind parameter 'command' of type 'Application.Ecom.Authentication.Commands.RegisterCustomer.RegisterCustomerCommand'.
2024-09-25 10:19:56.657 +05:30  DBG  Done attempting to bind parameter 'command' of type 'Application.Ecom.Authentication.Commands.RegisterCustomer.RegisterCustomerCommand'.
2024-09-25 10:19:56.658 +05:30  DBG  Attempting to validate the bound parameter 'command' of type 'Application.Ecom.Authentication.Commands.RegisterCustomer.RegisterCustomerCommand' ...
2024-09-25 10:19:56.659 +05:30  DBG  Done attempting to validate the bound parameter 'command' of type 'Application.Ecom.Authentication.Commands.RegisterCustomer.RegisterCustomerCommand'.
2024-09-25 10:19:56.660 +05:30  VRB  Action Filter: Before executing OnActionExecuting on filter Microsoft.AspNetCore.Mvc.ModelBinding.UnsupportedContentTypeFilter.
2024-09-25 10:19:56.662 +05:30  VRB  Action Filter: After executing OnActionExecuting on filter Microsoft.AspNetCore.Mvc.ModelBinding.UnsupportedContentTypeFilter.
2024-09-25 10:19:56.663 +05:30  VRB  Action Filter: Before executing OnActionExecuting on filter Microsoft.AspNetCore.Mvc.Infrastructure.ModelStateInvalidFilter.
2024-09-25 10:19:56.664 +05:30  DBG  The request has model state errors, returning an error response.
2024-09-25 10:19:56.665 +05:30  VRB  Action Filter: After executing OnActionExecuting on filter Microsoft.AspNetCore.Mvc.Infrastructure.ModelStateInvalidFilter.
2024-09-25 10:19:56.666 +05:30  DBG  Request was short circuited at action filter 'Microsoft.AspNetCore.Mvc.Infrastructure.ModelStateInvalidFilter'.
2024-09-25 10:19:56.667 +05:30  VRB  Action Filter: Before executing OnActionExecuted on filter Microsoft.AspNetCore.Mvc.ModelBinding.UnsupportedContentTypeFilter.
2024-09-25 10:19:56.668 +05:30  VRB  Action Filter: After executing OnActionExecuted on filter Microsoft.AspNetCore.Mvc.ModelBinding.UnsupportedContentTypeFilter.
2024-09-25 10:19:56.669 +05:30  VRB  Result Filter: Before executing OnResultExecuting on filter Microsoft.AspNetCore.Mvc.Infrastructure.ClientErrorResultFilter.
2024-09-25 10:19:56.670 +05:30  VRB  Result Filter: After executing OnResultExecuting on filter Microsoft.AspNetCore.Mvc.Infrastructure.ClientErrorResultFilter.
2024-09-25 10:19:56.671 +05:30  VRB  Before executing action result Microsoft.AspNetCore.Mvc.BadRequestObjectResult.
2024-09-25 10:19:56.672 +05:30  DBG  List of registered output formatters, in the following order: ["Microsoft.AspNetCore.Mvc.Formatters.HttpNoContentOutputFormatter","Microsoft.AspNetCore.Mvc.Formatters.StringOutputFormatter","Microsoft.AspNetCore.Mvc.Formatters.StreamOutputFormatter","Microsoft.AspNetCore.Mvc.Formatters.SystemTextJsonOutputFormatter"]
2024-09-25 10:19:56.674 +05:30  DBG  No information found on request to perform content negotiation.
2024-09-25 10:19:56.674 +05:30  DBG  Attempting to select the first output formatter in the output formatters list which supports a content type from the explicitly specified content types '["application/problem+json","application/problem+xml","application/problem+json","application/problem+xml"]'.
2024-09-25 10:19:56.676 +05:30  DBG  Selected output formatter 'Microsoft.AspNetCore.Mvc.Formatters.SystemTextJsonOutputFormatter' and content type 'application/problem+json' to write the response.
2024-09-25 10:19:56.677 +05:30  INF  Executing BadRequestObjectResult, writing value of type 'Microsoft.AspNetCore.Mvc.ValidationProblemDetails'.
2024-09-25 10:19:56.678 +05:30  VRB  After executing action result Microsoft.AspNetCore.Mvc.BadRequestObjectResult.
2024-09-25 10:19:56.678 +05:30  VRB  Connection id "0HN6T30PDSD61" sending "HEADERS" frame for stream ID 3 with length 75 and flags "END_HEADERS".
2024-09-25 10:19:56.679 +05:30  VRB  Result Filter: Before executing OnResultExecuted on filter Microsoft.AspNetCore.Mvc.Infrastructure.ClientErrorResultFilter.
2024-09-25 10:19:56.681 +05:30  VRB  Connection id "0HN6T30PDSD61" sending "DATA" frame for stream ID 3 with length 303 and flags "NONE".
2024-09-25 10:19:56.682 +05:30  VRB  Result Filter: After executing OnResultExecuted on filter Microsoft.AspNetCore.Mvc.Infrastructure.ClientErrorResultFilter.
2024-09-25 10:19:56.686 +05:30  INF  Executed action Web.Ecommerce.Controllers.Account.AccountController.RegisterCustomer (Web.Ecommerce) in 38.0603ms
2024-09-25 10:19:56.687 +05:30  INF  Executed endpoint 'Web.Ecommerce.Controllers.Account.AccountController.RegisterCustomer (Web.Ecommerce)'
2024-09-25 10:19:56.688 +05:30  VRB  Connection id "0HN6T30PDSD61" sending "DATA" frame for stream ID 3 with length 0 and flags "END_STREAM".
2024-09-25 10:19:56.688 +05:30  INF  Request finished HTTP/2 POST https://localhost:7113/api/Account/RegisterCustomer - 400 null application/problem+json; charset=utf-8 60.4155ms
2024-09-25 10:24:58.137 +05:30  VRB  Connection id "0HN6T30PDSD61" received "HEADERS" frame for stream ID 5 with length 51 and flags "END_STREAM, END_HEADERS, PRIORITY".
2024-09-25 10:24:58.145 +05:30  VRB  Connection id "0HN6T30PDSD61" received "PING" frame for stream ID 0 with length 8 and flags "NONE".
2024-09-25 10:24:58.145 +05:30  INF  Request starting HTTP/2 OPTIONS https://localhost:7113/api/Account/RegisterCustomer - null null
2024-09-25 10:24:58.150 +05:30  VRB  All hosts are allowed.
2024-09-25 10:24:58.150 +05:30  DBG  1 candidate(s) found for the request path '/api/Account/RegisterCustomer'
2024-09-25 10:24:58.152 +05:30  DBG  Request matched endpoint '405 HTTP Method Not Supported'
2024-09-25 10:24:58.152 +05:30  VRB  Connection id "0HN6T30PDSD61" sending "PING" frame for stream ID 0 with length 8 and flags "ACK".
2024-09-25 10:24:58.152 +05:30  VRB  The endpoint does not specify the IRequestSizeLimitMetadata.
2024-09-25 10:24:58.155 +05:30  DBG  Static files was skipped as the request already matched an endpoint.
2024-09-25 10:24:58.159 +05:30  DBG  The request has an origin header: 'http://localhost:4200'.
2024-09-25 10:24:58.160 +05:30  INF  CORS policy execution successful.
2024-09-25 10:24:58.160 +05:30  DBG  The request is a preflight request.
2024-09-25 10:24:58.161 +05:30  INF  Request finished HTTP/2 OPTIONS https://localhost:7113/api/Account/RegisterCustomer - 204 null null 15.7829ms
2024-09-25 10:24:58.161 +05:30  VRB  Connection id "0HN6T30PDSD61" sending "HEADERS" frame for stream ID 5 with length 36 and flags "END_STREAM, END_HEADERS".
2024-09-25 10:24:58.166 +05:30  VRB  Connection id "0HN6T30PDSD61" received "HEADERS" frame for stream ID 7 with length 49 and flags "END_HEADERS, PRIORITY".
2024-09-25 10:24:58.168 +05:30  VRB  Connection id "0HN6T30PDSD61" received "DATA" frame for stream ID 7 with length 66 and flags "END_STREAM".
2024-09-25 10:24:58.169 +05:30  INF  Request starting HTTP/2 POST https://localhost:7113/api/Account/RegisterCustomer - application/json 66
2024-09-25 10:24:58.172 +05:30  VRB  All hosts are allowed.
2024-09-25 10:24:58.173 +05:30  DBG  1 candidate(s) found for the request path '/api/Account/RegisterCustomer'
2024-09-25 10:24:58.173 +05:30  DBG  Endpoint 'Web.Ecommerce.Controllers.Account.AccountController.RegisterCustomer (Web.Ecommerce)' with route pattern 'api/Account/RegisterCustomer' is valid for the request path '/api/Account/RegisterCustomer'
2024-09-25 10:24:58.175 +05:30  DBG  Request matched endpoint 'Web.Ecommerce.Controllers.Account.AccountController.RegisterCustomer (Web.Ecommerce)'
2024-09-25 10:24:58.175 +05:30  VRB  The endpoint does not specify the IRequestSizeLimitMetadata.
2024-09-25 10:24:58.176 +05:30  DBG  Static files was skipped as the request already matched an endpoint.
2024-09-25 10:24:58.177 +05:30  DBG  The request has an origin header: 'http://localhost:4200'.
2024-09-25 10:24:58.177 +05:30  INF  CORS policy execution successful.
2024-09-25 10:24:58.178 +05:30  DBG  AuthenticationScheme: Bearer was not authenticated.
2024-09-25 10:24:58.179 +05:30  INF  Executing endpoint 'Web.Ecommerce.Controllers.Account.AccountController.RegisterCustomer (Web.Ecommerce)'
2024-09-25 10:24:58.180 +05:30  INF  Route matched with {action = "RegisterCustomer", controller = "Account"}. Executing controller action with signature System.Threading.Tasks.Task`1[Microsoft.AspNetCore.Mvc.IActionResult] RegisterCustomer(Application.Ecom.Authentication.Commands.RegisterCustomer.RegisterCustomerCommand) on controller Web.Ecommerce.Controllers.Account.AccountController (Web.Ecommerce).
2024-09-25 10:24:58.182 +05:30  DBG  Execution plan of authorization filters (in the following order): ["None"]
2024-09-25 10:24:58.183 +05:30  DBG  Execution plan of resource filters (in the following order): ["None"]
2024-09-25 10:24:58.184 +05:30  DBG  Execution plan of action filters (in the following order): ["Microsoft.AspNetCore.Mvc.ModelBinding.UnsupportedContentTypeFilter (Order: -3000)","Microsoft.AspNetCore.Mvc.Infrastructure.ModelStateInvalidFilter (Order: -2000)"]
2024-09-25 10:24:58.186 +05:30  DBG  Execution plan of exception filters (in the following order): ["None"]
2024-09-25 10:24:58.187 +05:30  DBG  Execution plan of result filters (in the following order): ["Microsoft.AspNetCore.Mvc.Infrastructure.ClientErrorResultFilter (Order: -2000)"]
2024-09-25 10:24:58.188 +05:30  DBG  Executing controller factory for controller Web.Ecommerce.Controllers.Account.AccountController (Web.Ecommerce)
2024-09-25 10:24:58.189 +05:30  DBG  Executed controller factory for controller Web.Ecommerce.Controllers.Account.AccountController (Web.Ecommerce)
2024-09-25 10:24:58.190 +05:30  DBG  Attempting to bind parameter 'command' of type 'Application.Ecom.Authentication.Commands.RegisterCustomer.RegisterCustomerCommand' ...
2024-09-25 10:24:58.191 +05:30  DBG  Attempting to bind parameter 'command' of type 'Application.Ecom.Authentication.Commands.RegisterCustomer.RegisterCustomerCommand' using the name '' in request data ...
2024-09-25 10:24:58.193 +05:30  DBG  Selected input formatter 'Microsoft.AspNetCore.Mvc.Formatters.SystemTextJsonInputFormatter' for content type 'application/json'.
2024-09-25 10:24:58.194 +05:30  DBG  Connection id "0HN6T30PDSD61", Request id "0HN6T30PDSD61:00000007": started reading request body.
2024-09-25 10:24:58.195 +05:30  DBG  Connection id "0HN6T30PDSD61", Request id "0HN6T30PDSD61:00000007": done reading request body.
2024-09-25 10:24:58.196 +05:30  DBG  JSON input formatter succeeded, deserializing to type 'Application.Ecom.Authentication.Commands.RegisterCustomer.RegisterCustomerCommand'
2024-09-25 10:24:58.196 +05:30  DBG  Done attempting to bind parameter 'command' of type 'Application.Ecom.Authentication.Commands.RegisterCustomer.RegisterCustomerCommand'.
2024-09-25 10:24:58.198 +05:30  DBG  Done attempting to bind parameter 'command' of type 'Application.Ecom.Authentication.Commands.RegisterCustomer.RegisterCustomerCommand'.
2024-09-25 10:24:58.199 +05:30  DBG  Attempting to validate the bound parameter 'command' of type 'Application.Ecom.Authentication.Commands.RegisterCustomer.RegisterCustomerCommand' ...
2024-09-25 10:24:58.200 +05:30  DBG  Done attempting to validate the bound parameter 'command' of type 'Application.Ecom.Authentication.Commands.RegisterCustomer.RegisterCustomerCommand'.
2024-09-25 10:24:58.201 +05:30  VRB  Action Filter: Before executing OnActionExecuting on filter Microsoft.AspNetCore.Mvc.ModelBinding.UnsupportedContentTypeFilter.
2024-09-25 10:24:58.203 +05:30  VRB  Action Filter: After executing OnActionExecuting on filter Microsoft.AspNetCore.Mvc.ModelBinding.UnsupportedContentTypeFilter.
2024-09-25 10:24:58.204 +05:30  VRB  Action Filter: Before executing OnActionExecuting on filter Microsoft.AspNetCore.Mvc.Infrastructure.ModelStateInvalidFilter.
2024-09-25 10:24:58.205 +05:30  DBG  The request has model state errors, returning an error response.
2024-09-25 10:24:58.205 +05:30  VRB  Action Filter: After executing OnActionExecuting on filter Microsoft.AspNetCore.Mvc.Infrastructure.ModelStateInvalidFilter.
2024-09-25 10:24:58.207 +05:30  DBG  Request was short circuited at action filter 'Microsoft.AspNetCore.Mvc.Infrastructure.ModelStateInvalidFilter'.
2024-09-25 10:24:58.207 +05:30  VRB  Action Filter: Before executing OnActionExecuted on filter Microsoft.AspNetCore.Mvc.ModelBinding.UnsupportedContentTypeFilter.
2024-09-25 10:24:58.209 +05:30  VRB  Action Filter: After executing OnActionExecuted on filter Microsoft.AspNetCore.Mvc.ModelBinding.UnsupportedContentTypeFilter.
2024-09-25 10:24:58.210 +05:30  VRB  Result Filter: Before executing OnResultExecuting on filter Microsoft.AspNetCore.Mvc.Infrastructure.ClientErrorResultFilter.
2024-09-25 10:24:58.211 +05:30  VRB  Result Filter: After executing OnResultExecuting on filter Microsoft.AspNetCore.Mvc.Infrastructure.ClientErrorResultFilter.
2024-09-25 10:24:58.212 +05:30  VRB  Before executing action result Microsoft.AspNetCore.Mvc.BadRequestObjectResult.
2024-09-25 10:24:58.213 +05:30  DBG  List of registered output formatters, in the following order: ["Microsoft.AspNetCore.Mvc.Formatters.HttpNoContentOutputFormatter","Microsoft.AspNetCore.Mvc.Formatters.StringOutputFormatter","Microsoft.AspNetCore.Mvc.Formatters.StreamOutputFormatter","Microsoft.AspNetCore.Mvc.Formatters.SystemTextJsonOutputFormatter"]
2024-09-25 10:24:58.214 +05:30  DBG  No information found on request to perform content negotiation.
2024-09-25 10:24:58.215 +05:30  DBG  Attempting to select the first output formatter in the output formatters list which supports a content type from the explicitly specified content types '["application/problem+json","application/problem+xml","application/problem+json","application/problem+xml"]'.
2024-09-25 10:24:58.217 +05:30  DBG  Selected output formatter 'Microsoft.AspNetCore.Mvc.Formatters.SystemTextJsonOutputFormatter' and content type 'application/problem+json' to write the response.
2024-09-25 10:24:58.219 +05:30  INF  Executing BadRequestObjectResult, writing value of type 'Microsoft.AspNetCore.Mvc.ValidationProblemDetails'.
2024-09-25 10:24:58.221 +05:30  VRB  After executing action result Microsoft.AspNetCore.Mvc.BadRequestObjectResult.
2024-09-25 10:24:58.221 +05:30  VRB  Connection id "0HN6T30PDSD61" sending "HEADERS" frame for stream ID 7 with length 5 and flags "END_HEADERS".
2024-09-25 10:24:58.221 +05:30  VRB  Result Filter: Before executing OnResultExecuted on filter Microsoft.AspNetCore.Mvc.Infrastructure.ClientErrorResultFilter.
2024-09-25 10:24:58.223 +05:30  VRB  Result Filter: After executing OnResultExecuted on filter Microsoft.AspNetCore.Mvc.Infrastructure.ClientErrorResultFilter.
2024-09-25 10:24:58.224 +05:30  INF  Executed action Web.Ecommerce.Controllers.Account.AccountController.RegisterCustomer (Web.Ecommerce) in 35.5215ms
2024-09-25 10:24:58.226 +05:30  VRB  Connection id "0HN6T30PDSD61" sending "DATA" frame for stream ID 7 with length 303 and flags "NONE".
2024-09-25 10:24:58.227 +05:30  INF  Executed endpoint 'Web.Ecommerce.Controllers.Account.AccountController.RegisterCustomer (Web.Ecommerce)'
2024-09-25 10:24:58.229 +05:30  VRB  Connection id "0HN6T30PDSD61" sending "DATA" frame for stream ID 7 with length 0 and flags "END_STREAM".
2024-09-25 10:24:58.229 +05:30  INF  Request finished HTTP/2 POST https://localhost:7113/api/Account/RegisterCustomer - 400 null application/problem+json; charset=utf-8 60.5248ms
2024-09-25 10:24:58.231 +05:30  VRB  Connection id "0HN6T30PDSD61" received "WINDOW_UPDATE" frame for stream ID 0 with length 4 and flags 0x0.
2024-09-25 10:32:48.162 +05:30  VRB  Connection id "0HN6T30PDSD61" received "HEADERS" frame for stream ID 9 with length 51 and flags "END_STREAM, END_HEADERS, PRIORITY".
2024-09-25 10:32:48.177 +05:30  VRB  Connection id "0HN6T30PDSD61" received "PING" frame for stream ID 0 with length 8 and flags "NONE".
2024-09-25 10:32:48.177 +05:30  INF  Request starting HTTP/2 OPTIONS https://localhost:7113/api/Account/RegisterCustomer - null null
2024-09-25 10:32:48.179 +05:30  VRB  Connection id "0HN6T30PDSD61" sending "PING" frame for stream ID 0 with length 8 and flags "ACK".
2024-09-25 10:32:48.182 +05:30  VRB  All hosts are allowed.
2024-09-25 10:32:48.202 +05:30  DBG  1 candidate(s) found for the request path '/api/Account/RegisterCustomer'
2024-09-25 10:32:48.208 +05:30  DBG  Request matched endpoint '405 HTTP Method Not Supported'
2024-09-25 10:32:48.209 +05:30  VRB  The endpoint does not specify the IRequestSizeLimitMetadata.
2024-09-25 10:32:48.210 +05:30  DBG  Static files was skipped as the request already matched an endpoint.
2024-09-25 10:32:48.211 +05:30  DBG  The request has an origin header: 'http://localhost:4200'.
2024-09-25 10:32:48.211 +05:30  INF  CORS policy execution successful.
2024-09-25 10:32:48.212 +05:30  DBG  The request is a preflight request.
2024-09-25 10:32:48.212 +05:30  INF  Request finished HTTP/2 OPTIONS https://localhost:7113/api/Account/RegisterCustomer - 204 null null 35.5657ms
2024-09-25 10:32:48.212 +05:30  VRB  Connection id "0HN6T30PDSD61" sending "HEADERS" frame for stream ID 9 with length 36 and flags "END_STREAM, END_HEADERS".
2024-09-25 10:32:48.219 +05:30  VRB  Connection id "0HN6T30PDSD61" received "HEADERS" frame for stream ID 11 with length 49 and flags "END_HEADERS, PRIORITY".
2024-09-25 10:32:48.224 +05:30  VRB  Connection id "0HN6T30PDSD61" received "DATA" frame for stream ID 11 with length 93 and flags "END_STREAM".
2024-09-25 10:32:48.224 +05:30  INF  Request starting HTTP/2 POST https://localhost:7113/api/Account/RegisterCustomer - application/json 93
2024-09-25 10:32:48.228 +05:30  VRB  All hosts are allowed.
2024-09-25 10:32:48.228 +05:30  DBG  1 candidate(s) found for the request path '/api/Account/RegisterCustomer'
2024-09-25 10:32:48.229 +05:30  DBG  Endpoint 'Web.Ecommerce.Controllers.Account.AccountController.RegisterCustomer (Web.Ecommerce)' with route pattern 'api/Account/RegisterCustomer' is valid for the request path '/api/Account/RegisterCustomer'
2024-09-25 10:32:48.230 +05:30  DBG  Request matched endpoint 'Web.Ecommerce.Controllers.Account.AccountController.RegisterCustomer (Web.Ecommerce)'
2024-09-25 10:32:48.231 +05:30  VRB  The endpoint does not specify the IRequestSizeLimitMetadata.
2024-09-25 10:32:48.232 +05:30  DBG  Static files was skipped as the request already matched an endpoint.
2024-09-25 10:32:48.232 +05:30  DBG  The request has an origin header: 'http://localhost:4200'.
2024-09-25 10:32:48.233 +05:30  INF  CORS policy execution successful.
2024-09-25 10:32:48.233 +05:30  DBG  AuthenticationScheme: Bearer was not authenticated.
2024-09-25 10:32:48.234 +05:30  INF  Executing endpoint 'Web.Ecommerce.Controllers.Account.AccountController.RegisterCustomer (Web.Ecommerce)'
2024-09-25 10:32:48.236 +05:30  INF  Route matched with {action = "RegisterCustomer", controller = "Account"}. Executing controller action with signature System.Threading.Tasks.Task`1[Microsoft.AspNetCore.Mvc.IActionResult] RegisterCustomer(Application.Ecom.Authentication.Commands.RegisterCustomer.RegisterCustomerCommand) on controller Web.Ecommerce.Controllers.Account.AccountController (Web.Ecommerce).
2024-09-25 10:32:48.240 +05:30  DBG  Execution plan of authorization filters (in the following order): ["None"]
2024-09-25 10:32:48.241 +05:30  DBG  Execution plan of resource filters (in the following order): ["None"]
2024-09-25 10:32:48.242 +05:30  DBG  Execution plan of action filters (in the following order): ["Microsoft.AspNetCore.Mvc.ModelBinding.UnsupportedContentTypeFilter (Order: -3000)","Microsoft.AspNetCore.Mvc.Infrastructure.ModelStateInvalidFilter (Order: -2000)"]
2024-09-25 10:32:48.244 +05:30  DBG  Execution plan of exception filters (in the following order): ["None"]
2024-09-25 10:32:48.245 +05:30  DBG  Execution plan of result filters (in the following order): ["Microsoft.AspNetCore.Mvc.Infrastructure.ClientErrorResultFilter (Order: -2000)"]
2024-09-25 10:32:48.246 +05:30  DBG  Executing controller factory for controller Web.Ecommerce.Controllers.Account.AccountController (Web.Ecommerce)
2024-09-25 10:32:48.247 +05:30  DBG  Executed controller factory for controller Web.Ecommerce.Controllers.Account.AccountController (Web.Ecommerce)
2024-09-25 10:32:48.248 +05:30  DBG  Attempting to bind parameter 'command' of type 'Application.Ecom.Authentication.Commands.RegisterCustomer.RegisterCustomerCommand' ...
2024-09-25 10:32:48.249 +05:30  DBG  Attempting to bind parameter 'command' of type 'Application.Ecom.Authentication.Commands.RegisterCustomer.RegisterCustomerCommand' using the name '' in request data ...
2024-09-25 10:32:48.250 +05:30  DBG  Selected input formatter 'Microsoft.AspNetCore.Mvc.Formatters.SystemTextJsonInputFormatter' for content type 'application/json'.
2024-09-25 10:32:48.252 +05:30  DBG  Connection id "0HN6T30PDSD61", Request id "0HN6T30PDSD61:0000000B": started reading request body.
2024-09-25 10:32:48.253 +05:30  DBG  Connection id "0HN6T30PDSD61", Request id "0HN6T30PDSD61:0000000B": done reading request body.
2024-09-25 10:32:48.255 +05:30  DBG  JSON input formatter succeeded, deserializing to type 'Application.Ecom.Authentication.Commands.RegisterCustomer.RegisterCustomerCommand'
2024-09-25 10:32:48.256 +05:30  DBG  Done attempting to bind parameter 'command' of type 'Application.Ecom.Authentication.Commands.RegisterCustomer.RegisterCustomerCommand'.
2024-09-25 10:32:48.257 +05:30  DBG  Done attempting to bind parameter 'command' of type 'Application.Ecom.Authentication.Commands.RegisterCustomer.RegisterCustomerCommand'.
2024-09-25 10:32:48.258 +05:30  DBG  Attempting to validate the bound parameter 'command' of type 'Application.Ecom.Authentication.Commands.RegisterCustomer.RegisterCustomerCommand' ...
2024-09-25 10:32:48.259 +05:30  DBG  Done attempting to validate the bound parameter 'command' of type 'Application.Ecom.Authentication.Commands.RegisterCustomer.RegisterCustomerCommand'.
2024-09-25 10:32:48.260 +05:30  VRB  Action Filter: Before executing OnActionExecuting on filter Microsoft.AspNetCore.Mvc.ModelBinding.UnsupportedContentTypeFilter.
2024-09-25 10:32:48.261 +05:30  VRB  Action Filter: After executing OnActionExecuting on filter Microsoft.AspNetCore.Mvc.ModelBinding.UnsupportedContentTypeFilter.
2024-09-25 10:32:48.262 +05:30  VRB  Action Filter: Before executing OnActionExecuting on filter Microsoft.AspNetCore.Mvc.Infrastructure.ModelStateInvalidFilter.
2024-09-25 10:32:48.264 +05:30  VRB  Action Filter: After executing OnActionExecuting on filter Microsoft.AspNetCore.Mvc.Infrastructure.ModelStateInvalidFilter.
2024-09-25 10:32:48.265 +05:30  INF  Executing action method Web.Ecommerce.Controllers.Account.AccountController.RegisterCustomer (Web.Ecommerce) - Validation state: "Valid"
2024-09-25 10:32:48.266 +05:30  VRB  Executing action method Web.Ecommerce.Controllers.Account.AccountController.RegisterCustomer (Web.Ecommerce) with arguments (["Application.Ecom.Authentication.Commands.RegisterCustomer.RegisterCustomerCommand"])
2024-09-25 10:32:48.272 +05:30  DBG  Entity Framework Core 8.0.8 initialized 'EcommerceDbContext' using provider 'Microsoft.EntityFrameworkCore.SqlServer:8.0.8' with options: None
2024-09-25 10:32:48.275 +05:30  DBG  Creating DbConnection.
2024-09-25 10:32:48.276 +05:30  DBG  Created DbConnection. (0ms).
2024-09-25 10:32:48.276 +05:30  DBG  Opening connection to database 'Ecommerce' on server 'FGS-DSK-230\MSSQLSERVER2019'.
2024-09-25 10:32:48.283 +05:30  DBG  Opened connection to database 'Ecommerce' on server 'FGS-DSK-230\MSSQLSERVER2019'.
2024-09-25 10:32:48.286 +05:30  DBG  Creating DbCommand for 'ExecuteReader'.
2024-09-25 10:32:48.287 +05:30  DBG  Created DbCommand for 'ExecuteReader' (1ms).
2024-09-25 10:32:48.288 +05:30  DBG  Initialized DbCommand for 'ExecuteReader' (1ms).
2024-09-25 10:32:48.289 +05:30  DBG  Executing DbCommand [Parameters=[@__normalizedName_0='?' (Size = 256)], CommandType='"Text"', CommandTimeout='30']
SELECT TOP(1) [a].[Id], [a].[ConcurrencyStamp], [a].[Name], [a].[NormalizedName]
FROM [AspNetRoles] AS [a]
WHERE [a].[NormalizedName] = @__normalizedName_0
2024-09-25 10:32:48.293 +05:30  INF  Executed DbCommand (4ms) [Parameters=[@__normalizedName_0='?' (Size = 256)], CommandType='"Text"', CommandTimeout='30']
SELECT TOP(1) [a].[Id], [a].[ConcurrencyStamp], [a].[Name], [a].[NormalizedName]
FROM [AspNetRoles] AS [a]
WHERE [a].[NormalizedName] = @__normalizedName_0
2024-09-25 10:32:48.296 +05:30  DBG  Context 'EcommerceDbContext' started tracking 'IdentityRole' entity. Consider using 'DbContextOptionsBuilder.EnableSensitiveDataLogging' to see key values.
2024-09-25 10:32:48.297 +05:30  DBG  Closing data reader to 'Ecommerce' on server 'FGS-DSK-230\MSSQLSERVER2019'.
2024-09-25 10:32:48.298 +05:30  DBG  A data reader for 'Ecommerce' on server 'FGS-DSK-230\MSSQLSERVER2019' is being disposed after spending 3ms reading results.
2024-09-25 10:32:48.300 +05:30  DBG  Closing connection to database 'Ecommerce' on server 'FGS-DSK-230\MSSQLSERVER2019'.
2024-09-25 10:32:48.301 +05:30  DBG  Closed connection to database 'Ecommerce' on server 'FGS-DSK-230\MSSQLSERVER2019' (0ms).
2024-09-25 10:32:48.413 +05:30  DBG  Compiling query expression: 
'DbSet<User>()
    .FirstOrDefault(u => u.NormalizedUserName == __normalizedUserName_0)'
2024-09-25 10:32:48.429 +05:30  DBG  Generated query execution expression: 
'queryContext => ShapedQueryCompilingExpressionVisitor.SingleOrDefaultAsync<User>(
    asyncEnumerable: new SingleQueryingEnumerable<User>(
        (RelationalQueryContext)queryContext, 
        RelationalCommandCache.QueryExpression(
            Projection Mapping:
                EmptyProjectionMember -> Dictionary<IProperty, int> { [Property: User.Id (Guid) Required PK AfterSave:Throw ValueGenerated.OnAdd, 0], [Property: User.AccessFailedCount (int) Required, 1], [Property: User.ConcurrencyStamp (string) Concurrency, 2], [Property: User.CreatedAt (DateTime) Required, 3], [Property: User.Email (string) MaxLength(256), 4], [Property: User.EmailConfirmed (bool) Required, 5], [Property: User.IsDeleted (bool) Required, 6], [Property: User.IsVerified (bool) Required, 7], [Property: User.LockoutEnabled (bool) Required, 8], [Property: User.LockoutEnd (DateTimeOffset?), 9], [Property: User.NormalizedEmail (string) Index MaxLength(256), 10], [Property: User.NormalizedUserName (string) Index MaxLength(256), 11], [Property: User.PasswordHash (string), 12], [Property: User.PhoneNumber (string), 13], [Property: User.PhoneNumberConfirmed (bool) Required, 14], [Property: User.SecurityStamp (string), 15], [Property: User.TwoFactorEnabled (bool) Required, 16], [Property: User.UpdatedAt (DateTime) Required, 17], [Property: User.UserName (string) MaxLength(256), 18] }
            SELECT TOP(1) a.Id, a.AccessFailedCount, a.ConcurrencyStamp, a.CreatedAt, a.Email, a.EmailConfirmed, a.IsDeleted, a.IsVerified, a.LockoutEnabled, a.LockoutEnd, a.NormalizedEmail, a.NormalizedUserName, a.PasswordHash, a.PhoneNumber, a.PhoneNumberConfirmed, a.SecurityStamp, a.TwoFactorEnabled, a.UpdatedAt, a.UserName
            FROM AspNetUsers AS a
            WHERE a.NormalizedUserName == @__normalizedUserName_0), 
        null, 
        Func<QueryContext, DbDataReader, ResultContext, SingleQueryResultCoordinator, User>, 
        Persistance.EcommerceDbContext, 
        False, 
        False, 
        True
    ), 
    cancellationToken: queryContext.CancellationToken)'
2024-09-25 10:32:48.433 +05:30  DBG  Opening connection to database 'Ecommerce' on server 'FGS-DSK-230\MSSQLSERVER2019'.
2024-09-25 10:32:48.434 +05:30  DBG  Opened connection to database 'Ecommerce' on server 'FGS-DSK-230\MSSQLSERVER2019'.
2024-09-25 10:32:48.435 +05:30  DBG  Creating DbCommand for 'ExecuteReader'.
2024-09-25 10:32:48.437 +05:30  DBG  Created DbCommand for 'ExecuteReader' (1ms).
2024-09-25 10:32:48.438 +05:30  DBG  Initialized DbCommand for 'ExecuteReader' (2ms).
2024-09-25 10:32:48.438 +05:30  DBG  Executing DbCommand [Parameters=[@__normalizedUserName_0='?' (Size = 256)], CommandType='"Text"', CommandTimeout='30']
SELECT TOP(1) [a].[Id], [a].[AccessFailedCount], [a].[ConcurrencyStamp], [a].[CreatedAt], [a].[Email], [a].[EmailConfirmed], [a].[IsDeleted], [a].[IsVerified], [a].[LockoutEnabled], [a].[LockoutEnd], [a].[NormalizedEmail], [a].[NormalizedUserName], [a].[PasswordHash], [a].[PhoneNumber], [a].[PhoneNumberConfirmed], [a].[SecurityStamp], [a].[TwoFactorEnabled], [a].[UpdatedAt], [a].[UserName]
FROM [AspNetUsers] AS [a]
WHERE [a].[NormalizedUserName] = @__normalizedUserName_0
2024-09-25 10:32:48.443 +05:30  INF  Executed DbCommand (5ms) [Parameters=[@__normalizedUserName_0='?' (Size = 256)], CommandType='"Text"', CommandTimeout='30']
SELECT TOP(1) [a].[Id], [a].[AccessFailedCount], [a].[ConcurrencyStamp], [a].[CreatedAt], [a].[Email], [a].[EmailConfirmed], [a].[IsDeleted], [a].[IsVerified], [a].[LockoutEnabled], [a].[LockoutEnd], [a].[NormalizedEmail], [a].[NormalizedUserName], [a].[PasswordHash], [a].[PhoneNumber], [a].[PhoneNumberConfirmed], [a].[SecurityStamp], [a].[TwoFactorEnabled], [a].[UpdatedAt], [a].[UserName]
FROM [AspNetUsers] AS [a]
WHERE [a].[NormalizedUserName] = @__normalizedUserName_0
2024-09-25 10:32:48.446 +05:30  DBG  Closing data reader to 'Ecommerce' on server 'FGS-DSK-230\MSSQLSERVER2019'.
2024-09-25 10:32:48.447 +05:30  DBG  A data reader for 'Ecommerce' on server 'FGS-DSK-230\MSSQLSERVER2019' is being disposed after spending 0ms reading results.
2024-09-25 10:32:48.448 +05:30  DBG  Closing connection to database 'Ecommerce' on server 'FGS-DSK-230\MSSQLSERVER2019'.
2024-09-25 10:32:48.449 +05:30  DBG  Closed connection to database 'Ecommerce' on server 'FGS-DSK-230\MSSQLSERVER2019' (0ms).
2024-09-25 10:32:48.454 +05:30  DBG  Opening connection to database 'Ecommerce' on server 'FGS-DSK-230\MSSQLSERVER2019'.
2024-09-25 10:32:48.456 +05:30  DBG  Opened connection to database 'Ecommerce' on server 'FGS-DSK-230\MSSQLSERVER2019'.
2024-09-25 10:32:48.457 +05:30  DBG  Creating DbCommand for 'ExecuteReader'.
2024-09-25 10:32:48.458 +05:30  DBG  Created DbCommand for 'ExecuteReader' (0ms).
2024-09-25 10:32:48.459 +05:30  DBG  Initialized DbCommand for 'ExecuteReader' (1ms).
2024-09-25 10:32:48.460 +05:30  DBG  Executing DbCommand [Parameters=[@__normalizedEmail_0='?' (Size = 256)], CommandType='"Text"', CommandTimeout='30']
SELECT TOP(2) [a].[Id], [a].[AccessFailedCount], [a].[ConcurrencyStamp], [a].[CreatedAt], [a].[Email], [a].[EmailConfirmed], [a].[IsDeleted], [a].[IsVerified], [a].[LockoutEnabled], [a].[LockoutEnd], [a].[NormalizedEmail], [a].[NormalizedUserName], [a].[PasswordHash], [a].[PhoneNumber], [a].[PhoneNumberConfirmed], [a].[SecurityStamp], [a].[TwoFactorEnabled], [a].[UpdatedAt], [a].[UserName]
FROM [AspNetUsers] AS [a]
WHERE [a].[NormalizedEmail] = @__normalizedEmail_0
2024-09-25 10:32:48.464 +05:30  INF  Executed DbCommand (3ms) [Parameters=[@__normalizedEmail_0='?' (Size = 256)], CommandType='"Text"', CommandTimeout='30']
SELECT TOP(2) [a].[Id], [a].[AccessFailedCount], [a].[ConcurrencyStamp], [a].[CreatedAt], [a].[Email], [a].[EmailConfirmed], [a].[IsDeleted], [a].[IsVerified], [a].[LockoutEnabled], [a].[LockoutEnd], [a].[NormalizedEmail], [a].[NormalizedUserName], [a].[PasswordHash], [a].[PhoneNumber], [a].[PhoneNumberConfirmed], [a].[SecurityStamp], [a].[TwoFactorEnabled], [a].[UpdatedAt], [a].[UserName]
FROM [AspNetUsers] AS [a]
WHERE [a].[NormalizedEmail] = @__normalizedEmail_0
2024-09-25 10:32:48.466 +05:30  DBG  Closing data reader to 'Ecommerce' on server 'FGS-DSK-230\MSSQLSERVER2019'.
2024-09-25 10:32:48.467 +05:30  DBG  A data reader for 'Ecommerce' on server 'FGS-DSK-230\MSSQLSERVER2019' is being disposed after spending 1ms reading results.
2024-09-25 10:32:48.470 +05:30  DBG  Closing connection to database 'Ecommerce' on server 'FGS-DSK-230\MSSQLSERVER2019'.
2024-09-25 10:32:48.471 +05:30  DBG  Closed connection to database 'Ecommerce' on server 'FGS-DSK-230\MSSQLSERVER2019' (1ms).
2024-09-25 10:32:48.509 +05:30  DBG  'EcommerceDbContext' generated a value for the property 'User.Id'. Consider using 'DbContextOptionsBuilder.EnableSensitiveDataLogging' to see key values.
2024-09-25 10:32:48.526 +05:30  DBG  Context 'EcommerceDbContext' started tracking 'User' entity. Consider using 'DbContextOptionsBuilder.EnableSensitiveDataLogging' to see key values.
2024-09-25 10:32:48.535 +05:30  DBG  SaveChanges starting for 'EcommerceDbContext'.
2024-09-25 10:32:48.538 +05:30  DBG  DetectChanges starting for 'EcommerceDbContext'.
2024-09-25 10:32:48.570 +05:30  DBG  DetectChanges completed for 'EcommerceDbContext'.
2024-09-25 10:32:48.652 +05:30  DBG  Opening connection to database 'Ecommerce' on server 'FGS-DSK-230\MSSQLSERVER2019'.
2024-09-25 10:32:48.655 +05:30  DBG  Opened connection to database 'Ecommerce' on server 'FGS-DSK-230\MSSQLSERVER2019'.
2024-09-25 10:32:48.658 +05:30  DBG  Creating DbCommand for 'ExecuteReader'.
2024-09-25 10:32:48.659 +05:30  DBG  Created DbCommand for 'ExecuteReader' (0ms).
2024-09-25 10:32:48.691 +05:30  DBG  Initialized DbCommand for 'ExecuteReader' (32ms).
2024-09-25 10:32:48.692 +05:30  DBG  Executing DbCommand [Parameters=[@p0='?' (DbType = Guid), @p1='?' (DbType = Int32), @p2='?' (Size = 4000), @p3='?' (DbType = DateTime2), @p4='?' (Size = 256), @p5='?' (DbType = Boolean), @p6='?' (DbType = Boolean), @p7='?' (DbType = Boolean), @p8='?' (DbType = Boolean), @p9='?' (DbType = DateTimeOffset), @p10='?' (Size = 256), @p11='?' (Size = 256), @p12='?' (Size = 4000), @p13='?' (Size = 4000), @p14='?' (DbType = Boolean), @p15='?' (Size = 4000), @p16='?' (DbType = Boolean), @p17='?' (DbType = DateTime2), @p18='?' (Size = 256)], CommandType='"Text"', CommandTimeout='30']
SET IMPLICIT_TRANSACTIONS OFF;
SET NOCOUNT ON;
INSERT INTO [AspNetUsers] ([Id], [AccessFailedCount], [ConcurrencyStamp], [CreatedAt], [Email], [EmailConfirmed], [IsDeleted], [IsVerified], [LockoutEnabled], [LockoutEnd], [NormalizedEmail], [NormalizedUserName], [PasswordHash], [PhoneNumber], [PhoneNumberConfirmed], [SecurityStamp], [TwoFactorEnabled], [UpdatedAt], [UserName])
VALUES (@p0, @p1, @p2, @p3, @p4, @p5, @p6, @p7, @p8, @p9, @p10, @p11, @p12, @p13, @p14, @p15, @p16, @p17, @p18);
2024-09-25 10:32:48.738 +05:30  INF  Executed DbCommand (45ms) [Parameters=[@p0='?' (DbType = Guid), @p1='?' (DbType = Int32), @p2='?' (Size = 4000), @p3='?' (DbType = DateTime2), @p4='?' (Size = 256), @p5='?' (DbType = Boolean), @p6='?' (DbType = Boolean), @p7='?' (DbType = Boolean), @p8='?' (DbType = Boolean), @p9='?' (DbType = DateTimeOffset), @p10='?' (Size = 256), @p11='?' (Size = 256), @p12='?' (Size = 4000), @p13='?' (Size = 4000), @p14='?' (DbType = Boolean), @p15='?' (Size = 4000), @p16='?' (DbType = Boolean), @p17='?' (DbType = DateTime2), @p18='?' (Size = 256)], CommandType='"Text"', CommandTimeout='30']
SET IMPLICIT_TRANSACTIONS OFF;
SET NOCOUNT ON;
INSERT INTO [AspNetUsers] ([Id], [AccessFailedCount], [ConcurrencyStamp], [CreatedAt], [Email], [EmailConfirmed], [IsDeleted], [IsVerified], [LockoutEnabled], [LockoutEnd], [NormalizedEmail], [NormalizedUserName], [PasswordHash], [PhoneNumber], [PhoneNumberConfirmed], [SecurityStamp], [TwoFactorEnabled], [UpdatedAt], [UserName])
VALUES (@p0, @p1, @p2, @p3, @p4, @p5, @p6, @p7, @p8, @p9, @p10, @p11, @p12, @p13, @p14, @p15, @p16, @p17, @p18);
2024-09-25 10:32:48.746 +05:30  DBG  Closing data reader to 'Ecommerce' on server 'FGS-DSK-230\MSSQLSERVER2019'.
2024-09-25 10:32:48.748 +05:30  DBG  A data reader for 'Ecommerce' on server 'FGS-DSK-230\MSSQLSERVER2019' is being disposed after spending 4ms reading results.
2024-09-25 10:32:48.750 +05:30  DBG  Closing connection to database 'Ecommerce' on server 'FGS-DSK-230\MSSQLSERVER2019'.
2024-09-25 10:32:48.751 +05:30  DBG  Closed connection to database 'Ecommerce' on server 'FGS-DSK-230\MSSQLSERVER2019' (0ms).
2024-09-25 10:32:48.758 +05:30  DBG  An entity of type 'User' tracked by 'EcommerceDbContext' changed state from '"Added"' to '"Unchanged"'. Consider using 'DbContextOptionsBuilder.EnableSensitiveDataLogging' to see key values.
2024-09-25 10:32:48.761 +05:30  DBG  SaveChanges completed for 'EcommerceDbContext' with 1 entities written to the database.
2024-09-25 10:32:48.766 +05:30  DBG  Compiling query expression: 
'DbSet<IdentityRole<Guid>>()
    .SingleOrDefault(r => r.NormalizedName == __normalizedRoleName_0)'
2024-09-25 10:32:48.772 +05:30  DBG  Generated query execution expression: 
'queryContext => ShapedQueryCompilingExpressionVisitor.SingleOrDefaultAsync<IdentityRole<Guid>>(
    asyncEnumerable: new SingleQueryingEnumerable<IdentityRole<Guid>>(
        (RelationalQueryContext)queryContext, 
        RelationalCommandCache.QueryExpression(
            Projection Mapping:
                EmptyProjectionMember -> Dictionary<IProperty, int> { [Property: IdentityRole<Guid>.Id (Guid) Required PK AfterSave:Throw ValueGenerated.OnAdd, 0], [Property: IdentityRole<Guid>.ConcurrencyStamp (string) Concurrency, 1], [Property: IdentityRole<Guid>.Name (string) MaxLength(256), 2], [Property: IdentityRole<Guid>.NormalizedName (string) Index MaxLength(256), 3] }
            SELECT TOP(2) a.Id, a.ConcurrencyStamp, a.Name, a.NormalizedName
            FROM AspNetRoles AS a
            WHERE a.NormalizedName == @__normalizedRoleName_0), 
        null, 
        Func<QueryContext, DbDataReader, ResultContext, SingleQueryResultCoordinator, IdentityRole<Guid>>, 
        Persistance.EcommerceDbContext, 
        False, 
        False, 
        True
    ), 
    cancellationToken: queryContext.CancellationToken)'
2024-09-25 10:32:48.777 +05:30  DBG  Opening connection to database 'Ecommerce' on server 'FGS-DSK-230\MSSQLSERVER2019'.
2024-09-25 10:32:48.778 +05:30  DBG  Opened connection to database 'Ecommerce' on server 'FGS-DSK-230\MSSQLSERVER2019'.
2024-09-25 10:32:48.779 +05:30  DBG  Creating DbCommand for 'ExecuteReader'.
2024-09-25 10:32:48.780 +05:30  DBG  Created DbCommand for 'ExecuteReader' (0ms).
2024-09-25 10:32:48.781 +05:30  DBG  Initialized DbCommand for 'ExecuteReader' (1ms).
2024-09-25 10:32:48.782 +05:30  DBG  Executing DbCommand [Parameters=[@__normalizedRoleName_0='?' (Size = 256)], CommandType='"Text"', CommandTimeout='30']
SELECT TOP(2) [a].[Id], [a].[ConcurrencyStamp], [a].[Name], [a].[NormalizedName]
FROM [AspNetRoles] AS [a]
WHERE [a].[NormalizedName] = @__normalizedRoleName_0
2024-09-25 10:32:48.785 +05:30  INF  Executed DbCommand (4ms) [Parameters=[@__normalizedRoleName_0='?' (Size = 256)], CommandType='"Text"', CommandTimeout='30']
SELECT TOP(2) [a].[Id], [a].[ConcurrencyStamp], [a].[Name], [a].[NormalizedName]
FROM [AspNetRoles] AS [a]
WHERE [a].[NormalizedName] = @__normalizedRoleName_0
2024-09-25 10:32:48.788 +05:30  DBG  Closing data reader to 'Ecommerce' on server 'FGS-DSK-230\MSSQLSERVER2019'.
2024-09-25 10:32:48.789 +05:30  DBG  A data reader for 'Ecommerce' on server 'FGS-DSK-230\MSSQLSERVER2019' is being disposed after spending 1ms reading results.
2024-09-25 10:32:48.790 +05:30  DBG  Closing connection to database 'Ecommerce' on server 'FGS-DSK-230\MSSQLSERVER2019'.
2024-09-25 10:32:48.791 +05:30  DBG  Closed connection to database 'Ecommerce' on server 'FGS-DSK-230\MSSQLSERVER2019' (0ms).
2024-09-25 10:32:48.816 +05:30  DBG  Compiling query expression: 
'DbSet<IdentityUserRole<Guid>>()
    .FirstOrDefault(e => object.Equals(
        objA: EF.Property<object>(e, "UserId"), 
        objB: __get_Item_0) && object.Equals(
        objA: EF.Property<object>(e, "RoleId"), 
        objB: __get_Item_1))'
2024-09-25 10:32:48.835 +05:30  DBG  Generated query execution expression: 
'queryContext => ShapedQueryCompilingExpressionVisitor.SingleOrDefaultAsync<IdentityUserRole<Guid>>(
    asyncEnumerable: new SingleQueryingEnumerable<IdentityUserRole<Guid>>(
        (RelationalQueryContext)queryContext, 
        RelationalCommandCache.QueryExpression(
            Projection Mapping:
                EmptyProjectionMember -> Dictionary<IProperty, int> { [Property: IdentityUserRole<Guid>.UserId (Guid) Required PK FK AfterSave:Throw, 0], [Property: IdentityUserRole<Guid>.RoleId (Guid) Required PK FK Index AfterSave:Throw, 1] }
            SELECT TOP(1) a.UserId, a.RoleId
            FROM AspNetUserRoles AS a
            WHERE (a.UserId == @__get_Item_0) && (a.RoleId == @__get_Item_1)), 
        null, 
        Func<QueryContext, DbDataReader, ResultContext, SingleQueryResultCoordinator, IdentityUserRole<Guid>>, 
        Persistance.EcommerceDbContext, 
        False, 
        False, 
        True
    ), 
    cancellationToken: queryContext.CancellationToken)'
2024-09-25 10:32:48.842 +05:30  DBG  Opening connection to database 'Ecommerce' on server 'FGS-DSK-230\MSSQLSERVER2019'.
2024-09-25 10:32:48.844 +05:30  DBG  Opened connection to database 'Ecommerce' on server 'FGS-DSK-230\MSSQLSERVER2019'.
2024-09-25 10:32:48.845 +05:30  DBG  Creating DbCommand for 'ExecuteReader'.
2024-09-25 10:32:48.846 +05:30  DBG  Created DbCommand for 'ExecuteReader' (1ms).
2024-09-25 10:32:48.847 +05:30  DBG  Initialized DbCommand for 'ExecuteReader' (2ms).
2024-09-25 10:32:48.848 +05:30  DBG  Executing DbCommand [Parameters=[@__get_Item_0='?' (DbType = Guid), @__get_Item_1='?' (DbType = Guid)], CommandType='"Text"', CommandTimeout='30']
SELECT TOP(1) [a].[UserId], [a].[RoleId]
FROM [AspNetUserRoles] AS [a]
WHERE [a].[UserId] = @__get_Item_0 AND [a].[RoleId] = @__get_Item_1
2024-09-25 10:32:48.851 +05:30  INF  Executed DbCommand (3ms) [Parameters=[@__get_Item_0='?' (DbType = Guid), @__get_Item_1='?' (DbType = Guid)], CommandType='"Text"', CommandTimeout='30']
SELECT TOP(1) [a].[UserId], [a].[RoleId]
FROM [AspNetUserRoles] AS [a]
WHERE [a].[UserId] = @__get_Item_0 AND [a].[RoleId] = @__get_Item_1
2024-09-25 10:32:48.853 +05:30  DBG  Closing data reader to 'Ecommerce' on server 'FGS-DSK-230\MSSQLSERVER2019'.
2024-09-25 10:32:48.854 +05:30  DBG  A data reader for 'Ecommerce' on server 'FGS-DSK-230\MSSQLSERVER2019' is being disposed after spending 1ms reading results.
2024-09-25 10:32:48.856 +05:30  DBG  Closing connection to database 'Ecommerce' on server 'FGS-DSK-230\MSSQLSERVER2019'.
2024-09-25 10:32:48.857 +05:30  DBG  Closed connection to database 'Ecommerce' on server 'FGS-DSK-230\MSSQLSERVER2019' (0ms).
2024-09-25 10:32:48.860 +05:30  DBG  Opening connection to database 'Ecommerce' on server 'FGS-DSK-230\MSSQLSERVER2019'.
2024-09-25 10:32:48.861 +05:30  DBG  Opened connection to database 'Ecommerce' on server 'FGS-DSK-230\MSSQLSERVER2019'.
2024-09-25 10:32:48.862 +05:30  DBG  Creating DbCommand for 'ExecuteReader'.
2024-09-25 10:32:48.863 +05:30  DBG  Created DbCommand for 'ExecuteReader' (0ms).
2024-09-25 10:32:48.864 +05:30  DBG  Initialized DbCommand for 'ExecuteReader' (1ms).
2024-09-25 10:32:48.865 +05:30  DBG  Executing DbCommand [Parameters=[@__normalizedRoleName_0='?' (Size = 256)], CommandType='"Text"', CommandTimeout='30']
SELECT TOP(2) [a].[Id], [a].[ConcurrencyStamp], [a].[Name], [a].[NormalizedName]
FROM [AspNetRoles] AS [a]
WHERE [a].[NormalizedName] = @__normalizedRoleName_0
2024-09-25 10:32:48.867 +05:30  INF  Executed DbCommand (2ms) [Parameters=[@__normalizedRoleName_0='?' (Size = 256)], CommandType='"Text"', CommandTimeout='30']
SELECT TOP(2) [a].[Id], [a].[ConcurrencyStamp], [a].[Name], [a].[NormalizedName]
FROM [AspNetRoles] AS [a]
WHERE [a].[NormalizedName] = @__normalizedRoleName_0
2024-09-25 10:32:48.870 +05:30  DBG  Closing data reader to 'Ecommerce' on server 'FGS-DSK-230\MSSQLSERVER2019'.
2024-09-25 10:32:48.871 +05:30  DBG  A data reader for 'Ecommerce' on server 'FGS-DSK-230\MSSQLSERVER2019' is being disposed after spending 1ms reading results.
2024-09-25 10:32:48.872 +05:30  DBG  Closing connection to database 'Ecommerce' on server 'FGS-DSK-230\MSSQLSERVER2019'.
2024-09-25 10:32:48.873 +05:30  DBG  Closed connection to database 'Ecommerce' on server 'FGS-DSK-230\MSSQLSERVER2019' (0ms).
2024-09-25 10:32:48.889 +05:30  DBG  Context 'EcommerceDbContext' started tracking 'IdentityUserRole' entity. Consider using 'DbContextOptionsBuilder.EnableSensitiveDataLogging' to see key values.
2024-09-25 10:32:48.892 +05:30  DBG  Opening connection to database 'Ecommerce' on server 'FGS-DSK-230\MSSQLSERVER2019'.
2024-09-25 10:32:48.893 +05:30  DBG  Opened connection to database 'Ecommerce' on server 'FGS-DSK-230\MSSQLSERVER2019'.
2024-09-25 10:32:48.894 +05:30  DBG  Creating DbCommand for 'ExecuteReader'.
2024-09-25 10:32:48.894 +05:30  DBG  Created DbCommand for 'ExecuteReader' (0ms).
2024-09-25 10:32:48.895 +05:30  DBG  Initialized DbCommand for 'ExecuteReader' (1ms).
2024-09-25 10:32:48.896 +05:30  DBG  Executing DbCommand [Parameters=[@__normalizedUserName_0='?' (Size = 256)], CommandType='"Text"', CommandTimeout='30']
SELECT TOP(1) [a].[Id], [a].[AccessFailedCount], [a].[ConcurrencyStamp], [a].[CreatedAt], [a].[Email], [a].[EmailConfirmed], [a].[IsDeleted], [a].[IsVerified], [a].[LockoutEnabled], [a].[LockoutEnd], [a].[NormalizedEmail], [a].[NormalizedUserName], [a].[PasswordHash], [a].[PhoneNumber], [a].[PhoneNumberConfirmed], [a].[SecurityStamp], [a].[TwoFactorEnabled], [a].[UpdatedAt], [a].[UserName]
FROM [AspNetUsers] AS [a]
WHERE [a].[NormalizedUserName] = @__normalizedUserName_0
2024-09-25 10:32:48.899 +05:30  INF  Executed DbCommand (3ms) [Parameters=[@__normalizedUserName_0='?' (Size = 256)], CommandType='"Text"', CommandTimeout='30']
SELECT TOP(1) [a].[Id], [a].[AccessFailedCount], [a].[ConcurrencyStamp], [a].[CreatedAt], [a].[Email], [a].[EmailConfirmed], [a].[IsDeleted], [a].[IsVerified], [a].[LockoutEnabled], [a].[LockoutEnd], [a].[NormalizedEmail], [a].[NormalizedUserName], [a].[PasswordHash], [a].[PhoneNumber], [a].[PhoneNumberConfirmed], [a].[SecurityStamp], [a].[TwoFactorEnabled], [a].[UpdatedAt], [a].[UserName]
FROM [AspNetUsers] AS [a]
WHERE [a].[NormalizedUserName] = @__normalizedUserName_0
2024-09-25 10:32:48.901 +05:30  DBG  Closing data reader to 'Ecommerce' on server 'FGS-DSK-230\MSSQLSERVER2019'.
2024-09-25 10:32:48.902 +05:30  DBG  A data reader for 'Ecommerce' on server 'FGS-DSK-230\MSSQLSERVER2019' is being disposed after spending 0ms reading results.
2024-09-25 10:32:48.904 +05:30  DBG  Closing connection to database 'Ecommerce' on server 'FGS-DSK-230\MSSQLSERVER2019'.
2024-09-25 10:32:48.905 +05:30  DBG  Closed connection to database 'Ecommerce' on server 'FGS-DSK-230\MSSQLSERVER2019' (0ms).
2024-09-25 10:32:48.908 +05:30  DBG  Opening connection to database 'Ecommerce' on server 'FGS-DSK-230\MSSQLSERVER2019'.
2024-09-25 10:32:48.909 +05:30  DBG  Opened connection to database 'Ecommerce' on server 'FGS-DSK-230\MSSQLSERVER2019'.
2024-09-25 10:32:48.910 +05:30  DBG  Creating DbCommand for 'ExecuteReader'.
2024-09-25 10:32:48.911 +05:30  DBG  Created DbCommand for 'ExecuteReader' (0ms).
2024-09-25 10:32:48.911 +05:30  DBG  Initialized DbCommand for 'ExecuteReader' (1ms).
2024-09-25 10:32:48.912 +05:30  DBG  Executing DbCommand [Parameters=[@__normalizedEmail_0='?' (Size = 256)], CommandType='"Text"', CommandTimeout='30']
SELECT TOP(2) [a].[Id], [a].[AccessFailedCount], [a].[ConcurrencyStamp], [a].[CreatedAt], [a].[Email], [a].[EmailConfirmed], [a].[IsDeleted], [a].[IsVerified], [a].[LockoutEnabled], [a].[LockoutEnd], [a].[NormalizedEmail], [a].[NormalizedUserName], [a].[PasswordHash], [a].[PhoneNumber], [a].[PhoneNumberConfirmed], [a].[SecurityStamp], [a].[TwoFactorEnabled], [a].[UpdatedAt], [a].[UserName]
FROM [AspNetUsers] AS [a]
WHERE [a].[NormalizedEmail] = @__normalizedEmail_0
2024-09-25 10:32:48.915 +05:30  INF  Executed DbCommand (3ms) [Parameters=[@__normalizedEmail_0='?' (Size = 256)], CommandType='"Text"', CommandTimeout='30']
SELECT TOP(2) [a].[Id], [a].[AccessFailedCount], [a].[ConcurrencyStamp], [a].[CreatedAt], [a].[Email], [a].[EmailConfirmed], [a].[IsDeleted], [a].[IsVerified], [a].[LockoutEnabled], [a].[LockoutEnd], [a].[NormalizedEmail], [a].[NormalizedUserName], [a].[PasswordHash], [a].[PhoneNumber], [a].[PhoneNumberConfirmed], [a].[SecurityStamp], [a].[TwoFactorEnabled], [a].[UpdatedAt], [a].[UserName]
FROM [AspNetUsers] AS [a]
WHERE [a].[NormalizedEmail] = @__normalizedEmail_0
2024-09-25 10:32:48.917 +05:30  DBG  Closing data reader to 'Ecommerce' on server 'FGS-DSK-230\MSSQLSERVER2019'.
2024-09-25 10:32:48.918 +05:30  DBG  A data reader for 'Ecommerce' on server 'FGS-DSK-230\MSSQLSERVER2019' is being disposed after spending 0ms reading results.
2024-09-25 10:32:48.920 +05:30  DBG  Closing connection to database 'Ecommerce' on server 'FGS-DSK-230\MSSQLSERVER2019'.
2024-09-25 10:32:48.921 +05:30  DBG  Closed connection to database 'Ecommerce' on server 'FGS-DSK-230\MSSQLSERVER2019' (0ms).
2024-09-25 10:32:48.924 +05:30  DBG  An entity of type 'User' tracked by 'EcommerceDbContext' changed state from '"Unchanged"' to '"Modified"'. Consider using 'DbContextOptionsBuilder.EnableSensitiveDataLogging' to see key values.
2024-09-25 10:32:48.926 +05:30  DBG  SaveChanges starting for 'EcommerceDbContext'.
2024-09-25 10:32:48.926 +05:30  DBG  DetectChanges starting for 'EcommerceDbContext'.
2024-09-25 10:32:48.927 +05:30  DBG  DetectChanges completed for 'EcommerceDbContext'.
2024-09-25 10:32:48.944 +05:30  DBG  Executing 2 update commands as a batch.
2024-09-25 10:32:48.948 +05:30  DBG  Opening connection to database 'Ecommerce' on server 'FGS-DSK-230\MSSQLSERVER2019'.
2024-09-25 10:32:48.949 +05:30  DBG  Opened connection to database 'Ecommerce' on server 'FGS-DSK-230\MSSQLSERVER2019'.
2024-09-25 10:32:48.952 +05:30  DBG  Beginning transaction with isolation level 'Unspecified'.
2024-09-25 10:32:48.965 +05:30  DBG  Began transaction with isolation level 'ReadCommitted'.
2024-09-25 10:32:48.967 +05:30  DBG  Creating DbCommand for 'ExecuteReader'.
2024-09-25 10:32:48.968 +05:30  DBG  Created DbCommand for 'ExecuteReader' (0ms).
2024-09-25 10:32:48.970 +05:30  DBG  Initialized DbCommand for 'ExecuteReader' (2ms).
2024-09-25 10:32:48.971 +05:30  DBG  Executing DbCommand [Parameters=[@p0='?' (DbType = Guid), @p1='?' (DbType = Guid), @p20='?' (DbType = Guid), @p2='?' (DbType = Int32), @p3='?' (Size = 4000), @p21='?' (Size = 4000), @p4='?' (DbType = DateTime2), @p5='?' (Size = 256), @p6='?' (DbType = Boolean), @p7='?' (DbType = Boolean), @p8='?' (DbType = Boolean), @p9='?' (DbType = Boolean), @p10='?' (DbType = DateTimeOffset), @p11='?' (Size = 256), @p12='?' (Size = 256), @p13='?' (Size = 4000), @p14='?' (Size = 4000), @p15='?' (DbType = Boolean), @p16='?' (Size = 4000), @p17='?' (DbType = Boolean), @p18='?' (DbType = DateTime2), @p19='?' (Size = 256)], CommandType='"Text"', CommandTimeout='30']
SET NOCOUNT ON;
INSERT INTO [AspNetUserRoles] ([RoleId], [UserId])
VALUES (@p0, @p1);
UPDATE [AspNetUsers] SET [AccessFailedCount] = @p2, [ConcurrencyStamp] = @p3, [CreatedAt] = @p4, [Email] = @p5, [EmailConfirmed] = @p6, [IsDeleted] = @p7, [IsVerified] = @p8, [LockoutEnabled] = @p9, [LockoutEnd] = @p10, [NormalizedEmail] = @p11, [NormalizedUserName] = @p12, [PasswordHash] = @p13, [PhoneNumber] = @p14, [PhoneNumberConfirmed] = @p15, [SecurityStamp] = @p16, [TwoFactorEnabled] = @p17, [UpdatedAt] = @p18, [UserName] = @p19
OUTPUT 1
WHERE [Id] = @p20 AND [ConcurrencyStamp] = @p21;
2024-09-25 10:32:48.995 +05:30  INF  Executed DbCommand (24ms) [Parameters=[@p0='?' (DbType = Guid), @p1='?' (DbType = Guid), @p20='?' (DbType = Guid), @p2='?' (DbType = Int32), @p3='?' (Size = 4000), @p21='?' (Size = 4000), @p4='?' (DbType = DateTime2), @p5='?' (Size = 256), @p6='?' (DbType = Boolean), @p7='?' (DbType = Boolean), @p8='?' (DbType = Boolean), @p9='?' (DbType = Boolean), @p10='?' (DbType = DateTimeOffset), @p11='?' (Size = 256), @p12='?' (Size = 256), @p13='?' (Size = 4000), @p14='?' (Size = 4000), @p15='?' (DbType = Boolean), @p16='?' (Size = 4000), @p17='?' (DbType = Boolean), @p18='?' (DbType = DateTime2), @p19='?' (Size = 256)], CommandType='"Text"', CommandTimeout='30']
SET NOCOUNT ON;
INSERT INTO [AspNetUserRoles] ([RoleId], [UserId])
VALUES (@p0, @p1);
UPDATE [AspNetUsers] SET [AccessFailedCount] = @p2, [ConcurrencyStamp] = @p3, [CreatedAt] = @p4, [Email] = @p5, [EmailConfirmed] = @p6, [IsDeleted] = @p7, [IsVerified] = @p8, [LockoutEnabled] = @p9, [LockoutEnd] = @p10, [NormalizedEmail] = @p11, [NormalizedUserName] = @p12, [PasswordHash] = @p13, [PhoneNumber] = @p14, [PhoneNumberConfirmed] = @p15, [SecurityStamp] = @p16, [TwoFactorEnabled] = @p17, [UpdatedAt] = @p18, [UserName] = @p19
OUTPUT 1
WHERE [Id] = @p20 AND [ConcurrencyStamp] = @p21;
2024-09-25 10:32:49.001 +05:30  DBG  Closing data reader to 'Ecommerce' on server 'FGS-DSK-230\MSSQLSERVER2019'.
2024-09-25 10:32:49.003 +05:30  DBG  A data reader for 'Ecommerce' on server 'FGS-DSK-230\MSSQLSERVER2019' is being disposed after spending 4ms reading results.
2024-09-25 10:32:49.007 +05:30  DBG  Committing transaction.
2024-09-25 10:32:49.012 +05:30  DBG  Committed transaction.
2024-09-25 10:32:49.014 +05:30  DBG  Closing connection to database 'Ecommerce' on server 'FGS-DSK-230\MSSQLSERVER2019'.
2024-09-25 10:32:49.016 +05:30  DBG  Closed connection to database 'Ecommerce' on server 'FGS-DSK-230\MSSQLSERVER2019' (1ms).
2024-09-25 10:32:49.018 +05:30  DBG  Disposing transaction.
2024-09-25 10:32:49.018 +05:30  DBG  An entity of type 'IdentityUserRole' tracked by 'EcommerceDbContext' changed state from '"Added"' to '"Unchanged"'. Consider using 'DbContextOptionsBuilder.EnableSensitiveDataLogging' to see key values.
2024-09-25 10:32:49.020 +05:30  DBG  An entity of type 'User' tracked by 'EcommerceDbContext' changed state from '"Modified"' to '"Unchanged"'. Consider using 'DbContextOptionsBuilder.EnableSensitiveDataLogging' to see key values.
2024-09-25 10:32:49.021 +05:30  DBG  SaveChanges completed for 'EcommerceDbContext' with 2 entities written to the database.
2024-09-25 10:32:49.035 +05:30  DBG  'EcommerceDbContext' generated a value for the property 'Cart.CartId'. Consider using 'DbContextOptionsBuilder.EnableSensitiveDataLogging' to see key values.
2024-09-25 10:32:49.045 +05:30  DBG  The navigation 'Cart.Customer' was detected as changed. Consider using 'DbContextOptionsBuilder.EnableSensitiveDataLogging' to see key values.
2024-09-25 10:32:49.051 +05:30  DBG  The navigation 'User.Cart' was detected as changed. Consider using 'DbContextOptionsBuilder.EnableSensitiveDataLogging' to see key values.
2024-09-25 10:32:49.054 +05:30  DBG  Context 'EcommerceDbContext' started tracking 'Cart' entity. Consider using 'DbContextOptionsBuilder.EnableSensitiveDataLogging' to see key values.
2024-09-25 10:32:49.056 +05:30  DBG  SaveChanges starting for 'EcommerceDbContext'.
2024-09-25 10:32:49.056 +05:30  DBG  DetectChanges starting for 'EcommerceDbContext'.
2024-09-25 10:32:49.059 +05:30  DBG  DetectChanges completed for 'EcommerceDbContext'.
2024-09-25 10:32:49.060 +05:30  DBG  Opening connection to database 'Ecommerce' on server 'FGS-DSK-230\MSSQLSERVER2019'.
2024-09-25 10:32:49.061 +05:30  DBG  Opened connection to database 'Ecommerce' on server 'FGS-DSK-230\MSSQLSERVER2019'.
2024-09-25 10:32:49.062 +05:30  DBG  Creating DbCommand for 'ExecuteReader'.
2024-09-25 10:32:49.062 +05:30  DBG  Created DbCommand for 'ExecuteReader' (0ms).
2024-09-25 10:32:49.063 +05:30  DBG  Initialized DbCommand for 'ExecuteReader' (1ms).
2024-09-25 10:32:49.064 +05:30  DBG  Executing DbCommand [Parameters=[@p0='?' (DbType = Guid), @p1='?' (DbType = DateTime2), @p2='?' (DbType = Guid), @p3='?' (DbType = DateTime2)], CommandType='"Text"', CommandTimeout='30']
SET IMPLICIT_TRANSACTIONS OFF;
SET NOCOUNT ON;
INSERT INTO [Carts] ([CartId], [CreatedAt], [CustomerId], [UpdatedAt])
VALUES (@p0, @p1, @p2, @p3);
2024-09-25 10:32:49.074 +05:30  INF  Executed DbCommand (10ms) [Parameters=[@p0='?' (DbType = Guid), @p1='?' (DbType = DateTime2), @p2='?' (DbType = Guid), @p3='?' (DbType = DateTime2)], CommandType='"Text"', CommandTimeout='30']
SET IMPLICIT_TRANSACTIONS OFF;
SET NOCOUNT ON;
INSERT INTO [Carts] ([CartId], [CreatedAt], [CustomerId], [UpdatedAt])
VALUES (@p0, @p1, @p2, @p3);
2024-09-25 10:32:49.077 +05:30  DBG  Closing data reader to 'Ecommerce' on server 'FGS-DSK-230\MSSQLSERVER2019'.
2024-09-25 10:32:49.078 +05:30  DBG  A data reader for 'Ecommerce' on server 'FGS-DSK-230\MSSQLSERVER2019' is being disposed after spending 0ms reading results.
2024-09-25 10:32:49.079 +05:30  DBG  Closing connection to database 'Ecommerce' on server 'FGS-DSK-230\MSSQLSERVER2019'.
2024-09-25 10:32:49.080 +05:30  DBG  Closed connection to database 'Ecommerce' on server 'FGS-DSK-230\MSSQLSERVER2019' (0ms).
2024-09-25 10:32:49.081 +05:30  DBG  An entity of type 'Cart' tracked by 'EcommerceDbContext' changed state from '"Added"' to '"Unchanged"'. Consider using 'DbContextOptionsBuilder.EnableSensitiveDataLogging' to see key values.
2024-09-25 10:32:49.082 +05:30  DBG  SaveChanges completed for 'EcommerceDbContext' with 1 entities written to the database.
2024-09-25 10:32:49.087 +05:30  DBG  'EcommerceDbContext' generated a value for the property 'Otp.OtpId'. Consider using 'DbContextOptionsBuilder.EnableSensitiveDataLogging' to see key values.
2024-09-25 10:32:49.095 +05:30  DBG  Context 'EcommerceDbContext' started tracking 'Otp' entity. Consider using 'DbContextOptionsBuilder.EnableSensitiveDataLogging' to see key values.
2024-09-25 10:32:49.096 +05:30  DBG  SaveChanges starting for 'EcommerceDbContext'.
2024-09-25 10:32:49.098 +05:30  DBG  DetectChanges starting for 'EcommerceDbContext'.
2024-09-25 10:32:49.100 +05:30  DBG  DetectChanges completed for 'EcommerceDbContext'.
2024-09-25 10:32:49.102 +05:30  DBG  Opening connection to database 'Ecommerce' on server 'FGS-DSK-230\MSSQLSERVER2019'.
2024-09-25 10:32:49.103 +05:30  DBG  Opened connection to database 'Ecommerce' on server 'FGS-DSK-230\MSSQLSERVER2019'.
2024-09-25 10:32:49.104 +05:30  DBG  Creating DbCommand for 'ExecuteReader'.
2024-09-25 10:32:49.105 +05:30  DBG  Created DbCommand for 'ExecuteReader' (0ms).
2024-09-25 10:32:49.106 +05:30  DBG  Initialized DbCommand for 'ExecuteReader' (1ms).
2024-09-25 10:32:49.107 +05:30  DBG  Executing DbCommand [Parameters=[@p0='?' (DbType = Guid), @p1='?' (DbType = DateTime2), @p2='?' (Size = 4000), @p3='?' (Size = 4000)], CommandType='"Text"', CommandTimeout='30']
SET IMPLICIT_TRANSACTIONS OFF;
SET NOCOUNT ON;
INSERT INTO [Otps] ([OtpId], [CreatedAt], [Email], [OtpCode])
VALUES (@p0, @p1, @p2, @p3);
2024-09-25 10:32:49.126 +05:30  INF  Executed DbCommand (19ms) [Parameters=[@p0='?' (DbType = Guid), @p1='?' (DbType = DateTime2), @p2='?' (Size = 4000), @p3='?' (Size = 4000)], CommandType='"Text"', CommandTimeout='30']
SET IMPLICIT_TRANSACTIONS OFF;
SET NOCOUNT ON;
INSERT INTO [Otps] ([OtpId], [CreatedAt], [Email], [OtpCode])
VALUES (@p0, @p1, @p2, @p3);
2024-09-25 10:32:49.129 +05:30  DBG  Closing data reader to 'Ecommerce' on server 'FGS-DSK-230\MSSQLSERVER2019'.
2024-09-25 10:32:49.130 +05:30  DBG  A data reader for 'Ecommerce' on server 'FGS-DSK-230\MSSQLSERVER2019' is being disposed after spending 0ms reading results.
2024-09-25 10:32:49.131 +05:30  DBG  Closing connection to database 'Ecommerce' on server 'FGS-DSK-230\MSSQLSERVER2019'.
2024-09-25 10:32:49.132 +05:30  DBG  Closed connection to database 'Ecommerce' on server 'FGS-DSK-230\MSSQLSERVER2019' (1ms).
2024-09-25 10:32:49.134 +05:30  DBG  An entity of type 'Otp' tracked by 'EcommerceDbContext' changed state from '"Added"' to '"Unchanged"'. Consider using 'DbContextOptionsBuilder.EnableSensitiveDataLogging' to see key values.
2024-09-25 10:32:49.137 +05:30  DBG  SaveChanges completed for 'EcommerceDbContext' with 1 entities written to the database.
2024-09-25 10:32:49.138 +05:30  INF  Generated OTP for user@gmail.com: 431741
2024-09-25 10:32:53.030 +05:30  INF  Executed action method Web.Ecommerce.Controllers.Account.AccountController.RegisterCustomer (Web.Ecommerce), returned result Microsoft.AspNetCore.Mvc.OkObjectResult in 4762.7975ms.
2024-09-25 10:32:53.033 +05:30  VRB  Action Filter: Before executing OnActionExecuted on filter Microsoft.AspNetCore.Mvc.Infrastructure.ModelStateInvalidFilter.
2024-09-25 10:32:53.035 +05:30  VRB  Action Filter: After executing OnActionExecuted on filter Microsoft.AspNetCore.Mvc.Infrastructure.ModelStateInvalidFilter.
2024-09-25 10:32:53.036 +05:30  VRB  Action Filter: Before executing OnActionExecuted on filter Microsoft.AspNetCore.Mvc.ModelBinding.UnsupportedContentTypeFilter.
2024-09-25 10:32:53.037 +05:30  VRB  Action Filter: After executing OnActionExecuted on filter Microsoft.AspNetCore.Mvc.ModelBinding.UnsupportedContentTypeFilter.
2024-09-25 10:32:53.039 +05:30  VRB  Result Filter: Before executing OnResultExecuting on filter Microsoft.AspNetCore.Mvc.Infrastructure.ClientErrorResultFilter.
2024-09-25 10:32:53.040 +05:30  VRB  Result Filter: After executing OnResultExecuting on filter Microsoft.AspNetCore.Mvc.Infrastructure.ClientErrorResultFilter.
2024-09-25 10:32:53.041 +05:30  VRB  Before executing action result Microsoft.AspNetCore.Mvc.OkObjectResult.
2024-09-25 10:32:53.042 +05:30  DBG  List of registered output formatters, in the following order: ["Microsoft.AspNetCore.Mvc.Formatters.HttpNoContentOutputFormatter","Microsoft.AspNetCore.Mvc.Formatters.StringOutputFormatter","Microsoft.AspNetCore.Mvc.Formatters.StreamOutputFormatter","Microsoft.AspNetCore.Mvc.Formatters.SystemTextJsonOutputFormatter"]
2024-09-25 10:32:53.044 +05:30  DBG  No information found on request to perform content negotiation.
2024-09-25 10:32:53.044 +05:30  DBG  Attempting to select an output formatter without using a content type as no explicit content types were specified for the response.
2024-09-25 10:32:53.045 +05:30  DBG  Attempting to select the first formatter in the output formatters list which can write the result.
2024-09-25 10:32:53.046 +05:30  DBG  Selected output formatter 'Microsoft.AspNetCore.Mvc.Formatters.SystemTextJsonOutputFormatter' and content type 'application/json' to write the response.
2024-09-25 10:32:53.047 +05:30  INF  Executing OkObjectResult, writing value of type 'Application.Ecom.Authentication.Commands.RegisterCustomer.RegisterCustomerResponse'.
2024-09-25 10:32:53.049 +05:30  VRB  After executing action result Microsoft.AspNetCore.Mvc.OkObjectResult.
2024-09-25 10:32:53.049 +05:30  VRB  Connection id "0HN6T30PDSD61" sending "HEADERS" frame for stream ID 11 with length 67 and flags "END_HEADERS".
2024-09-25 10:32:53.049 +05:30  VRB  Result Filter: Before executing OnResultExecuted on filter Microsoft.AspNetCore.Mvc.Infrastructure.ClientErrorResultFilter.
2024-09-25 10:32:53.051 +05:30  VRB  Connection id "0HN6T30PDSD61" sending "DATA" frame for stream ID 11 with length 117 and flags "NONE".
2024-09-25 10:32:53.052 +05:30  VRB  Result Filter: After executing OnResultExecuted on filter Microsoft.AspNetCore.Mvc.Infrastructure.ClientErrorResultFilter.
2024-09-25 10:32:53.055 +05:30  INF  Executed action Web.Ecommerce.Controllers.Account.AccountController.RegisterCustomer (Web.Ecommerce) in 4808.9491ms
2024-09-25 10:32:53.056 +05:30  INF  Executed endpoint 'Web.Ecommerce.Controllers.Account.AccountController.RegisterCustomer (Web.Ecommerce)'
2024-09-25 10:32:53.057 +05:30  DBG  'EcommerceDbContext' disposed.
2024-09-25 10:32:53.057 +05:30  VRB  Connection id "0HN6T30PDSD61" sending "DATA" frame for stream ID 11 with length 0 and flags "END_STREAM".
2024-09-25 10:32:53.058 +05:30  DBG  Disposing connection to database 'Ecommerce' on server 'FGS-DSK-230\MSSQLSERVER2019'.
2024-09-25 10:32:53.059 +05:30  VRB  Connection id "0HN6T30PDSD61" received "WINDOW_UPDATE" frame for stream ID 0 with length 4 and flags 0x0.
2024-09-25 10:32:53.060 +05:30  DBG  Disposed connection to database '' on server '' (2ms).
2024-09-25 10:32:53.063 +05:30  INF  Request finished HTTP/2 POST https://localhost:7113/api/Account/RegisterCustomer - 200 null application/json; charset=utf-8 4839.6505ms
2024-09-25 10:39:04.071 +05:30  DBG  Connection id "0HN6T30PDSD61" received FIN.
2024-09-25 10:39:04.076 +05:30  DBG  Connection id "0HN6T30PDSD61" is closed. The last processed stream ID was 11.
2024-09-25 10:39:04.077 +05:30  DBG  The connection queue processing loop for 0HN6T30PDSD61 completed.
2024-09-25 10:39:04.086 +05:30  DBG  Connection id "0HN6T30PDSD61" sending FIN because: "The Socket transport's send loop completed gracefully."
2024-09-25 10:39:04.104 +05:30  DBG  Connection id "0HN6T30PDSD61" stopped.
2024-09-25 10:56:06.645 +05:30  DBG  Connection id "0HN6T30PDSD62" accepted.
2024-09-25 10:56:06.647 +05:30  DBG  Connection id "0HN6T30PDSD62" started.
2024-09-25 10:56:06.657 +05:30  DBG  Connection 0HN6T30PDSD62 established using the following protocol: "Tls12"
2024-09-25 10:56:06.660 +05:30  VRB  Connection id "0HN6T30PDSD62" sending "SETTINGS" frame for stream ID 0 with length 24 and flags "NONE".
2024-09-25 10:56:06.663 +05:30  VRB  Connection id "0HN6T30PDSD62" sending "WINDOW_UPDATE" frame for stream ID 0 with length 4 and flags 0x0.
2024-09-25 10:56:06.666 +05:30  VRB  Connection id "0HN6T30PDSD62" received "SETTINGS" frame for stream ID 0 with length 24 and flags "NONE".
2024-09-25 10:56:06.668 +05:30  VRB  Connection id "0HN6T30PDSD62" sending "SETTINGS" frame for stream ID 0 with length 0 and flags "ACK".
2024-09-25 10:56:06.669 +05:30  VRB  Connection id "0HN6T30PDSD62" received "WINDOW_UPDATE" frame for stream ID 0 with length 4 and flags 0x0.
2024-09-25 10:56:06.671 +05:30  VRB  Connection id "0HN6T30PDSD62" received "HEADERS" frame for stream ID 1 with length 335 and flags "END_STREAM, END_HEADERS, PRIORITY".
2024-09-25 10:56:06.672 +05:30  VRB  Connection id "0HN6T30PDSD62" received "SETTINGS" frame for stream ID 0 with length 0 and flags "ACK".
2024-09-25 10:56:06.673 +05:30  INF  Request starting HTTP/2 OPTIONS https://localhost:7113/api/Account/Login - null null
2024-09-25 10:56:06.677 +05:30  VRB  All hosts are allowed.
2024-09-25 10:56:06.679 +05:30  DBG  1 candidate(s) found for the request path '/api/Account/Login'
2024-09-25 10:56:06.680 +05:30  DBG  Request matched endpoint '405 HTTP Method Not Supported'
2024-09-25 10:56:06.681 +05:30  VRB  The endpoint does not specify the IRequestSizeLimitMetadata.
2024-09-25 10:56:06.682 +05:30  DBG  Static files was skipped as the request already matched an endpoint.
2024-09-25 10:56:06.683 +05:30  DBG  The request has an origin header: 'http://localhost:4200'.
2024-09-25 10:56:06.684 +05:30  INF  CORS policy execution successful.
2024-09-25 10:56:06.685 +05:30  DBG  The request is a preflight request.
2024-09-25 10:56:06.686 +05:30  INF  Request finished HTTP/2 OPTIONS https://localhost:7113/api/Account/Login - 204 null null 13.1263ms
2024-09-25 10:56:06.686 +05:30  VRB  Connection id "0HN6T30PDSD62" sending "HEADERS" frame for stream ID 1 with length 122 and flags "END_STREAM, END_HEADERS".
2024-09-25 10:56:06.691 +05:30  VRB  Connection id "0HN6T30PDSD62" received "HEADERS" frame for stream ID 3 with length 181 and flags "END_HEADERS, PRIORITY".
2024-09-25 10:56:06.693 +05:30  VRB  Connection id "0HN6T30PDSD62" received "DATA" frame for stream ID 3 with length 66 and flags "END_STREAM".
2024-09-25 10:56:06.693 +05:30  INF  Request starting HTTP/2 POST https://localhost:7113/api/Account/Login - application/json 66
2024-09-25 10:56:06.699 +05:30  VRB  All hosts are allowed.
2024-09-25 10:56:06.700 +05:30  DBG  1 candidate(s) found for the request path '/api/Account/Login'
2024-09-25 10:56:06.701 +05:30  DBG  Endpoint 'Web.Ecommerce.Controllers.Account.AccountController.Login (Web.Ecommerce)' with route pattern 'api/Account/Login' is valid for the request path '/api/Account/Login'
2024-09-25 10:56:06.702 +05:30  DBG  Request matched endpoint 'Web.Ecommerce.Controllers.Account.AccountController.Login (Web.Ecommerce)'
2024-09-25 10:56:06.703 +05:30  VRB  The endpoint does not specify the IRequestSizeLimitMetadata.
2024-09-25 10:56:06.703 +05:30  DBG  Static files was skipped as the request already matched an endpoint.
2024-09-25 10:56:06.704 +05:30  DBG  The request has an origin header: 'http://localhost:4200'.
2024-09-25 10:56:06.705 +05:30  INF  CORS policy execution successful.
2024-09-25 10:56:06.707 +05:30  DBG  AuthenticationScheme: Bearer was not authenticated.
2024-09-25 10:56:06.708 +05:30  INF  Executing endpoint 'Web.Ecommerce.Controllers.Account.AccountController.Login (Web.Ecommerce)'
2024-09-25 10:56:06.709 +05:30  INF  Route matched with {action = "Login", controller = "Account"}. Executing controller action with signature System.Threading.Tasks.Task`1[Microsoft.AspNetCore.Mvc.IActionResult] Login(Application.Ecom.Authentication.Commands.LoginUser.LoginUserCommand) on controller Web.Ecommerce.Controllers.Account.AccountController (Web.Ecommerce).
2024-09-25 10:56:06.712 +05:30  DBG  Execution plan of authorization filters (in the following order): ["None"]
2024-09-25 10:56:06.713 +05:30  DBG  Execution plan of resource filters (in the following order): ["None"]
2024-09-25 10:56:06.714 +05:30  DBG  Execution plan of action filters (in the following order): ["Microsoft.AspNetCore.Mvc.ModelBinding.UnsupportedContentTypeFilter (Order: -3000)","Microsoft.AspNetCore.Mvc.Infrastructure.ModelStateInvalidFilter (Order: -2000)"]
2024-09-25 10:56:06.716 +05:30  DBG  Execution plan of exception filters (in the following order): ["None"]
2024-09-25 10:56:06.717 +05:30  DBG  Execution plan of result filters (in the following order): ["Microsoft.AspNetCore.Mvc.Infrastructure.ClientErrorResultFilter (Order: -2000)"]
2024-09-25 10:56:06.719 +05:30  DBG  Executing controller factory for controller Web.Ecommerce.Controllers.Account.AccountController (Web.Ecommerce)
2024-09-25 10:56:06.720 +05:30  DBG  Executed controller factory for controller Web.Ecommerce.Controllers.Account.AccountController (Web.Ecommerce)
2024-09-25 10:56:06.721 +05:30  DBG  Attempting to bind parameter 'command' of type 'Application.Ecom.Authentication.Commands.LoginUser.LoginUserCommand' ...
2024-09-25 10:56:06.722 +05:30  DBG  Attempting to bind parameter 'command' of type 'Application.Ecom.Authentication.Commands.LoginUser.LoginUserCommand' using the name '' in request data ...
2024-09-25 10:56:06.724 +05:30  DBG  Selected input formatter 'Microsoft.AspNetCore.Mvc.Formatters.SystemTextJsonInputFormatter' for content type 'application/json'.
2024-09-25 10:56:06.725 +05:30  DBG  Connection id "0HN6T30PDSD62", Request id "0HN6T30PDSD62:00000003": started reading request body.
2024-09-25 10:56:06.726 +05:30  DBG  Connection id "0HN6T30PDSD62", Request id "0HN6T30PDSD62:00000003": done reading request body.
2024-09-25 10:56:06.727 +05:30  DBG  JSON input formatter succeeded, deserializing to type 'Application.Ecom.Authentication.Commands.LoginUser.LoginUserCommand'
2024-09-25 10:56:06.729 +05:30  DBG  Done attempting to bind parameter 'command' of type 'Application.Ecom.Authentication.Commands.LoginUser.LoginUserCommand'.
2024-09-25 10:56:06.730 +05:30  DBG  Done attempting to bind parameter 'command' of type 'Application.Ecom.Authentication.Commands.LoginUser.LoginUserCommand'.
2024-09-25 10:56:06.731 +05:30  DBG  Attempting to validate the bound parameter 'command' of type 'Application.Ecom.Authentication.Commands.LoginUser.LoginUserCommand' ...
2024-09-25 10:56:06.733 +05:30  DBG  Done attempting to validate the bound parameter 'command' of type 'Application.Ecom.Authentication.Commands.LoginUser.LoginUserCommand'.
2024-09-25 10:56:06.735 +05:30  VRB  Action Filter: Before executing OnActionExecuting on filter Microsoft.AspNetCore.Mvc.ModelBinding.UnsupportedContentTypeFilter.
2024-09-25 10:56:06.736 +05:30  VRB  Action Filter: After executing OnActionExecuting on filter Microsoft.AspNetCore.Mvc.ModelBinding.UnsupportedContentTypeFilter.
2024-09-25 10:56:06.737 +05:30  VRB  Action Filter: Before executing OnActionExecuting on filter Microsoft.AspNetCore.Mvc.Infrastructure.ModelStateInvalidFilter.
2024-09-25 10:56:06.738 +05:30  VRB  Action Filter: After executing OnActionExecuting on filter Microsoft.AspNetCore.Mvc.Infrastructure.ModelStateInvalidFilter.
2024-09-25 10:56:06.739 +05:30  INF  Executing action method Web.Ecommerce.Controllers.Account.AccountController.Login (Web.Ecommerce) - Validation state: "Valid"
2024-09-25 10:56:06.740 +05:30  VRB  Executing action method Web.Ecommerce.Controllers.Account.AccountController.Login (Web.Ecommerce) with arguments (["Application.Ecom.Authentication.Commands.LoginUser.LoginUserCommand"])
2024-09-25 10:56:06.752 +05:30  DBG  Entity Framework Core 8.0.8 initialized 'EcommerceDbContext' using provider 'Microsoft.EntityFrameworkCore.SqlServer:8.0.8' with options: None
2024-09-25 10:56:06.756 +05:30  DBG  Creating DbConnection.
2024-09-25 10:56:06.757 +05:30  DBG  Created DbConnection. (0ms).
2024-09-25 10:56:06.757 +05:30  DBG  Opening connection to database 'Ecommerce' on server 'FGS-DSK-230\MSSQLSERVER2019'.
2024-09-25 10:56:06.767 +05:30  DBG  Opened connection to database 'Ecommerce' on server 'FGS-DSK-230\MSSQLSERVER2019'.
2024-09-25 10:56:06.770 +05:30  DBG  Creating DbCommand for 'ExecuteReader'.
2024-09-25 10:56:06.770 +05:30  DBG  Created DbCommand for 'ExecuteReader' (0ms).
2024-09-25 10:56:06.771 +05:30  DBG  Initialized DbCommand for 'ExecuteReader' (1ms).
2024-09-25 10:56:06.772 +05:30  DBG  Executing DbCommand [Parameters=[@__normalizedEmail_0='?' (Size = 256)], CommandType='"Text"', CommandTimeout='30']
SELECT TOP(2) [a].[Id], [a].[AccessFailedCount], [a].[ConcurrencyStamp], [a].[CreatedAt], [a].[Email], [a].[EmailConfirmed], [a].[IsDeleted], [a].[IsVerified], [a].[LockoutEnabled], [a].[LockoutEnd], [a].[NormalizedEmail], [a].[NormalizedUserName], [a].[PasswordHash], [a].[PhoneNumber], [a].[PhoneNumberConfirmed], [a].[SecurityStamp], [a].[TwoFactorEnabled], [a].[UpdatedAt], [a].[UserName]
FROM [AspNetUsers] AS [a]
WHERE [a].[NormalizedEmail] = @__normalizedEmail_0
2024-09-25 10:56:06.778 +05:30  INF  Executed DbCommand (5ms) [Parameters=[@__normalizedEmail_0='?' (Size = 256)], CommandType='"Text"', CommandTimeout='30']
SELECT TOP(2) [a].[Id], [a].[AccessFailedCount], [a].[ConcurrencyStamp], [a].[CreatedAt], [a].[Email], [a].[EmailConfirmed], [a].[IsDeleted], [a].[IsVerified], [a].[LockoutEnabled], [a].[LockoutEnd], [a].[NormalizedEmail], [a].[NormalizedUserName], [a].[PasswordHash], [a].[PhoneNumber], [a].[PhoneNumberConfirmed], [a].[SecurityStamp], [a].[TwoFactorEnabled], [a].[UpdatedAt], [a].[UserName]
FROM [AspNetUsers] AS [a]
WHERE [a].[NormalizedEmail] = @__normalizedEmail_0
2024-09-25 10:56:06.782 +05:30  DBG  Context 'EcommerceDbContext' started tracking 'User' entity. Consider using 'DbContextOptionsBuilder.EnableSensitiveDataLogging' to see key values.
2024-09-25 10:56:06.784 +05:30  DBG  Closing data reader to 'Ecommerce' on server 'FGS-DSK-230\MSSQLSERVER2019'.
2024-09-25 10:56:06.785 +05:30  DBG  A data reader for 'Ecommerce' on server 'FGS-DSK-230\MSSQLSERVER2019' is being disposed after spending 3ms reading results.
2024-09-25 10:56:06.786 +05:30  DBG  Closing connection to database 'Ecommerce' on server 'FGS-DSK-230\MSSQLSERVER2019'.
2024-09-25 10:56:06.788 +05:30  DBG  Closed connection to database 'Ecommerce' on server 'FGS-DSK-230\MSSQLSERVER2019' (1ms).
2024-09-25 10:56:06.901 +05:30  VRB  Action Filter: Before executing OnActionExecuted on filter Microsoft.AspNetCore.Mvc.Infrastructure.ModelStateInvalidFilter.
2024-09-25 10:56:06.902 +05:30  VRB  Action Filter: After executing OnActionExecuted on filter Microsoft.AspNetCore.Mvc.Infrastructure.ModelStateInvalidFilter.
2024-09-25 10:56:06.904 +05:30  VRB  Action Filter: Before executing OnActionExecuted on filter Microsoft.AspNetCore.Mvc.ModelBinding.UnsupportedContentTypeFilter.
2024-09-25 10:56:06.905 +05:30  VRB  Action Filter: After executing OnActionExecuted on filter Microsoft.AspNetCore.Mvc.ModelBinding.UnsupportedContentTypeFilter.
2024-09-25 10:56:06.906 +05:30  INF  Executed action Web.Ecommerce.Controllers.Account.AccountController.Login (Web.Ecommerce) in 187.7073ms
2024-09-25 10:56:06.908 +05:30  INF  Executed endpoint 'Web.Ecommerce.Controllers.Account.AccountController.Login (Web.Ecommerce)'
2024-09-25 10:56:06.910 +05:30  ERR  An unhandled exception has occurred while executing the request.System.UnauthorizedAccessException: User is not verified. Please verify your email.
   at Application.Ecom.Authentication.Commands.LoginUser.LoginUserCommandHandler.Handle(LoginUserCommand request, CancellationToken cancellationToken) in C:\Users\arjun.hariprasad\source\.NET\Ecommerce\EcommerceSolution\CodeBase\Src\Core\Application.Ecom\Authentication\Commands\LoginUser\LoginUserCommandHandler.cs:line 36
   at Web.Ecommerce.Controllers.Account.AccountController.Login(LoginUserCommand command) in C:\Users\arjun.hariprasad\source\.NET\Ecommerce\EcommerceSolution\CodeBase\Src\Presentation\Web.Ecommerce\Controllers\Account\AccountController.cs:line 142
   at Microsoft.AspNetCore.Mvc.Infrastructure.ActionMethodExecutor.TaskOfIActionResultExecutor.Execute(ActionContext actionContext, IActionResultTypeMapper mapper, ObjectMethodExecutor executor, Object controller, Object[] arguments)
   at Microsoft.AspNetCore.Mvc.Infrastructure.ControllerActionInvoker.<InvokeActionMethodAsync>g__Logged|12_1(ControllerActionInvoker invoker)
   at Microsoft.AspNetCore.Mvc.Infrastructure.ControllerActionInvoker.<InvokeNextActionFilterAsync>g__Awaited|10_0(ControllerActionInvoker invoker, Task lastTask, State next, Scope scope, Object state, Boolean isCompleted)
   at Microsoft.AspNetCore.Mvc.Infrastructure.ControllerActionInvoker.Rethrow(ActionExecutedContextSealed context)
   at Microsoft.AspNetCore.Mvc.Infrastructure.ControllerActionInvoker.Next(State& next, Scope& scope, Object& state, Boolean& isCompleted)
   at Microsoft.AspNetCore.Mvc.Infrastructure.ControllerActionInvoker.<InvokeInnerFilterAsync>g__Awaited|13_0(ControllerActionInvoker invoker, Task lastTask, State next, Scope scope, Object state, Boolean isCompleted)
   at Microsoft.AspNetCore.Mvc.Infrastructure.ResourceInvoker.<InvokeFilterPipelineAsync>g__Awaited|20_0(ResourceInvoker invoker, Task lastTask, State next, Scope scope, Object state, Boolean isCompleted)
   at Microsoft.AspNetCore.Mvc.Infrastructure.ResourceInvoker.<InvokeAsync>g__Logged|17_1(ResourceInvoker invoker)
   at Microsoft.AspNetCore.Mvc.Infrastructure.ResourceInvoker.<InvokeAsync>g__Logged|17_1(ResourceInvoker invoker)
   at Microsoft.AspNetCore.Routing.EndpointMiddleware.<Invoke>g__AwaitRequestTask|7_0(Endpoint endpoint, Task requestTask, ILogger logger)
   at Microsoft.AspNetCore.Authorization.AuthorizationMiddleware.Invoke(HttpContext context)
   at Microsoft.AspNetCore.Authentication.AuthenticationMiddleware.Invoke(HttpContext context)
   at Swashbuckle.AspNetCore.SwaggerUI.SwaggerUIMiddleware.Invoke(HttpContext httpContext)
   at Swashbuckle.AspNetCore.Swagger.SwaggerMiddleware.Invoke(HttpContext httpContext, ISwaggerProvider swaggerProvider)
   at Microsoft.AspNetCore.Diagnostics.DeveloperExceptionPageMiddlewareImpl.Invoke(HttpContext context)

2024-09-25 10:56:06.923 +05:30  DBG  'EcommerceDbContext' disposed.
2024-09-25 10:56:06.923 +05:30  VRB  Connection id "0HN6T30PDSD62" sending "HEADERS" frame for stream ID 3 with length 61 and flags "END_HEADERS".
2024-09-25 10:56:06.925 +05:30  DBG  Disposing connection to database 'Ecommerce' on server 'FGS-DSK-230\MSSQLSERVER2019'.
2024-09-25 10:56:06.927 +05:30  VRB  Connection id "0HN6T30PDSD62" sending "DATA" frame for stream ID 3 with length 3447 and flags "END_STREAM".
2024-09-25 10:56:06.929 +05:30  DBG  Disposed connection to database '' on server '' (3ms).
2024-09-25 10:56:06.932 +05:30  INF  Request finished HTTP/2 POST https://localhost:7113/api/Account/Login - 500 null text/plain; charset=utf-8 238.9119ms
2024-09-25 10:56:30.861 +05:30  VRB  Connection id "0HN6T30PDSD62" received "HEADERS" frame for stream ID 5 with length 43 and flags "END_STREAM, END_HEADERS, PRIORITY".
2024-09-25 10:56:30.864 +05:30  VRB  Connection id "0HN6T30PDSD62" received "PING" frame for stream ID 0 with length 8 and flags "NONE".
2024-09-25 10:56:30.864 +05:30  INF  Request starting HTTP/2 OPTIONS https://localhost:7113/api/Account/Login - null null
2024-09-25 10:56:30.866 +05:30  VRB  Connection id "0HN6T30PDSD62" sending "PING" frame for stream ID 0 with length 8 and flags "ACK".
2024-09-25 10:56:30.868 +05:30  VRB  All hosts are allowed.
2024-09-25 10:56:30.871 +05:30  DBG  1 candidate(s) found for the request path '/api/Account/Login'
2024-09-25 10:56:30.875 +05:30  DBG  Request matched endpoint '405 HTTP Method Not Supported'
2024-09-25 10:56:30.876 +05:30  VRB  The endpoint does not specify the IRequestSizeLimitMetadata.
2024-09-25 10:56:30.877 +05:30  DBG  Static files was skipped as the request already matched an endpoint.
2024-09-25 10:56:30.878 +05:30  DBG  The request has an origin header: 'http://localhost:4200'.
2024-09-25 10:56:30.880 +05:30  INF  CORS policy execution successful.
2024-09-25 10:56:30.881 +05:30  DBG  The request is a preflight request.
2024-09-25 10:56:30.881 +05:30  INF  Request finished HTTP/2 OPTIONS https://localhost:7113/api/Account/Login - 204 null null 17.7108ms
2024-09-25 10:56:30.881 +05:30  VRB  Connection id "0HN6T30PDSD62" sending "HEADERS" frame for stream ID 5 with length 36 and flags "END_STREAM, END_HEADERS".
2024-09-25 10:56:30.888 +05:30  VRB  Connection id "0HN6T30PDSD62" received "HEADERS" frame for stream ID 7 with length 41 and flags "END_HEADERS, PRIORITY".
2024-09-25 10:56:30.890 +05:30  VRB  Connection id "0HN6T30PDSD62" received "DATA" frame for stream ID 7 with length 67 and flags "END_STREAM".
2024-09-25 10:56:30.890 +05:30  INF  Request starting HTTP/2 POST https://localhost:7113/api/Account/Login - application/json 67
2024-09-25 10:56:30.893 +05:30  VRB  All hosts are allowed.
2024-09-25 10:56:30.894 +05:30  DBG  1 candidate(s) found for the request path '/api/Account/Login'
2024-09-25 10:56:30.895 +05:30  DBG  Endpoint 'Web.Ecommerce.Controllers.Account.AccountController.Login (Web.Ecommerce)' with route pattern 'api/Account/Login' is valid for the request path '/api/Account/Login'
2024-09-25 10:56:30.898 +05:30  DBG  Request matched endpoint 'Web.Ecommerce.Controllers.Account.AccountController.Login (Web.Ecommerce)'
2024-09-25 10:56:30.905 +05:30  VRB  The endpoint does not specify the IRequestSizeLimitMetadata.
2024-09-25 10:56:30.906 +05:30  DBG  Static files was skipped as the request already matched an endpoint.
2024-09-25 10:56:30.906 +05:30  DBG  The request has an origin header: 'http://localhost:4200'.
2024-09-25 10:56:30.907 +05:30  INF  CORS policy execution successful.
2024-09-25 10:56:30.908 +05:30  DBG  AuthenticationScheme: Bearer was not authenticated.
2024-09-25 10:56:30.908 +05:30  INF  Executing endpoint 'Web.Ecommerce.Controllers.Account.AccountController.Login (Web.Ecommerce)'
2024-09-25 10:56:30.909 +05:30  INF  Route matched with {action = "Login", controller = "Account"}. Executing controller action with signature System.Threading.Tasks.Task`1[Microsoft.AspNetCore.Mvc.IActionResult] Login(Application.Ecom.Authentication.Commands.LoginUser.LoginUserCommand) on controller Web.Ecommerce.Controllers.Account.AccountController (Web.Ecommerce).
2024-09-25 10:56:30.911 +05:30  DBG  Execution plan of authorization filters (in the following order): ["None"]
2024-09-25 10:56:30.914 +05:30  DBG  Execution plan of resource filters (in the following order): ["None"]
2024-09-25 10:56:30.915 +05:30  DBG  Execution plan of action filters (in the following order): ["Microsoft.AspNetCore.Mvc.ModelBinding.UnsupportedContentTypeFilter (Order: -3000)","Microsoft.AspNetCore.Mvc.Infrastructure.ModelStateInvalidFilter (Order: -2000)"]
2024-09-25 10:56:30.917 +05:30  DBG  Execution plan of exception filters (in the following order): ["None"]
2024-09-25 10:56:30.918 +05:30  DBG  Execution plan of result filters (in the following order): ["Microsoft.AspNetCore.Mvc.Infrastructure.ClientErrorResultFilter (Order: -2000)"]
2024-09-25 10:56:30.919 +05:30  DBG  Executing controller factory for controller Web.Ecommerce.Controllers.Account.AccountController (Web.Ecommerce)
2024-09-25 10:56:30.920 +05:30  DBG  Executed controller factory for controller Web.Ecommerce.Controllers.Account.AccountController (Web.Ecommerce)
2024-09-25 10:56:30.922 +05:30  DBG  Attempting to bind parameter 'command' of type 'Application.Ecom.Authentication.Commands.LoginUser.LoginUserCommand' ...
2024-09-25 10:56:30.923 +05:30  DBG  Attempting to bind parameter 'command' of type 'Application.Ecom.Authentication.Commands.LoginUser.LoginUserCommand' using the name '' in request data ...
2024-09-25 10:56:30.924 +05:30  DBG  Selected input formatter 'Microsoft.AspNetCore.Mvc.Formatters.SystemTextJsonInputFormatter' for content type 'application/json'.
2024-09-25 10:56:30.925 +05:30  DBG  Connection id "0HN6T30PDSD62", Request id "0HN6T30PDSD62:00000007": started reading request body.
2024-09-25 10:56:30.926 +05:30  DBG  Connection id "0HN6T30PDSD62", Request id "0HN6T30PDSD62:00000007": done reading request body.
2024-09-25 10:56:30.943 +05:30  DBG  JSON input formatter threw an exception: The JSON value could not be converted to System.Boolean. Path: $.remember | LineNumber: 0 | BytePositionInLine: 66.
2024-09-25 10:56:30.945 +05:30  DBG  Done attempting to bind parameter 'command' of type 'Application.Ecom.Authentication.Commands.LoginUser.LoginUserCommand'.
2024-09-25 10:56:30.947 +05:30  DBG  Done attempting to bind parameter 'command' of type 'Application.Ecom.Authentication.Commands.LoginUser.LoginUserCommand'.
2024-09-25 10:56:30.948 +05:30  DBG  Attempting to validate the bound parameter 'command' of type 'Application.Ecom.Authentication.Commands.LoginUser.LoginUserCommand' ...
2024-09-25 10:56:30.951 +05:30  DBG  Done attempting to validate the bound parameter 'command' of type 'Application.Ecom.Authentication.Commands.LoginUser.LoginUserCommand'.
2024-09-25 10:56:30.951 +05:30  VRB  Action Filter: Before executing OnActionExecuting on filter Microsoft.AspNetCore.Mvc.ModelBinding.UnsupportedContentTypeFilter.
2024-09-25 10:56:30.953 +05:30  VRB  Action Filter: After executing OnActionExecuting on filter Microsoft.AspNetCore.Mvc.ModelBinding.UnsupportedContentTypeFilter.
2024-09-25 10:56:30.954 +05:30  VRB  Action Filter: Before executing OnActionExecuting on filter Microsoft.AspNetCore.Mvc.Infrastructure.ModelStateInvalidFilter.
2024-09-25 10:56:30.955 +05:30  DBG  The request has model state errors, returning an error response.
2024-09-25 10:56:30.956 +05:30  VRB  Action Filter: After executing OnActionExecuting on filter Microsoft.AspNetCore.Mvc.Infrastructure.ModelStateInvalidFilter.
2024-09-25 10:56:30.957 +05:30  DBG  Request was short circuited at action filter 'Microsoft.AspNetCore.Mvc.Infrastructure.ModelStateInvalidFilter'.
2024-09-25 10:56:30.958 +05:30  VRB  Action Filter: Before executing OnActionExecuted on filter Microsoft.AspNetCore.Mvc.ModelBinding.UnsupportedContentTypeFilter.
2024-09-25 10:56:30.959 +05:30  VRB  Action Filter: After executing OnActionExecuted on filter Microsoft.AspNetCore.Mvc.ModelBinding.UnsupportedContentTypeFilter.
2024-09-25 10:56:30.960 +05:30  VRB  Result Filter: Before executing OnResultExecuting on filter Microsoft.AspNetCore.Mvc.Infrastructure.ClientErrorResultFilter.
2024-09-25 10:56:30.961 +05:30  VRB  Result Filter: After executing OnResultExecuting on filter Microsoft.AspNetCore.Mvc.Infrastructure.ClientErrorResultFilter.
2024-09-25 10:56:30.964 +05:30  VRB  Before executing action result Microsoft.AspNetCore.Mvc.BadRequestObjectResult.
2024-09-25 10:56:30.964 +05:30  DBG  List of registered output formatters, in the following order: ["Microsoft.AspNetCore.Mvc.Formatters.HttpNoContentOutputFormatter","Microsoft.AspNetCore.Mvc.Formatters.StringOutputFormatter","Microsoft.AspNetCore.Mvc.Formatters.StreamOutputFormatter","Microsoft.AspNetCore.Mvc.Formatters.SystemTextJsonOutputFormatter"]
2024-09-25 10:56:30.966 +05:30  DBG  No information found on request to perform content negotiation.
2024-09-25 10:56:30.967 +05:30  DBG  Attempting to select the first output formatter in the output formatters list which supports a content type from the explicitly specified content types '["application/problem+json","application/problem+xml","application/problem+json","application/problem+xml"]'.
2024-09-25 10:56:30.968 +05:30  DBG  Selected output formatter 'Microsoft.AspNetCore.Mvc.Formatters.SystemTextJsonOutputFormatter' and content type 'application/problem+json' to write the response.
2024-09-25 10:56:30.969 +05:30  INF  Executing BadRequestObjectResult, writing value of type 'Microsoft.AspNetCore.Mvc.ValidationProblemDetails'.
2024-09-25 10:56:30.971 +05:30  VRB  After executing action result Microsoft.AspNetCore.Mvc.BadRequestObjectResult.
2024-09-25 10:56:30.971 +05:30  VRB  Connection id "0HN6T30PDSD62" sending "HEADERS" frame for stream ID 7 with length 45 and flags "END_HEADERS".
2024-09-25 10:56:30.972 +05:30  VRB  Result Filter: Before executing OnResultExecuted on filter Microsoft.AspNetCore.Mvc.Infrastructure.ClientErrorResultFilter.
2024-09-25 10:56:30.974 +05:30  VRB  Connection id "0HN6T30PDSD62" sending "DATA" frame for stream ID 7 with length 381 and flags "NONE".
2024-09-25 10:56:30.975 +05:30  VRB  Result Filter: After executing OnResultExecuted on filter Microsoft.AspNetCore.Mvc.Infrastructure.ClientErrorResultFilter.
2024-09-25 10:56:30.979 +05:30  INF  Executed action Web.Ecommerce.Controllers.Account.AccountController.Login (Web.Ecommerce) in 59.0627ms
2024-09-25 10:56:30.980 +05:30  INF  Executed endpoint 'Web.Ecommerce.Controllers.Account.AccountController.Login (Web.Ecommerce)'
2024-09-25 10:56:30.981 +05:30  VRB  Connection id "0HN6T30PDSD62" sending "DATA" frame for stream ID 7 with length 0 and flags "END_STREAM".
2024-09-25 10:56:30.981 +05:30  INF  Request finished HTTP/2 POST https://localhost:7113/api/Account/Login - 400 null application/problem+json; charset=utf-8 91.2985ms
2024-09-25 10:56:30.984 +05:30  VRB  Connection id "0HN6T30PDSD62" received "WINDOW_UPDATE" frame for stream ID 0 with length 4 and flags 0x0.
2024-09-25 10:57:14.456 +05:30  VRB  Connection id "0HN6T30PDSD62" received "HEADERS" frame for stream ID 9 with length 43 and flags "END_STREAM, END_HEADERS, PRIORITY".
2024-09-25 10:57:14.464 +05:30  VRB  Connection id "0HN6T30PDSD62" received "PING" frame for stream ID 0 with length 8 and flags "NONE".
2024-09-25 10:57:14.464 +05:30  INF  Request starting HTTP/2 OPTIONS https://localhost:7113/api/Account/Login - null null
2024-09-25 10:57:14.466 +05:30  VRB  Connection id "0HN6T30PDSD62" sending "PING" frame for stream ID 0 with length 8 and flags "ACK".
2024-09-25 10:57:14.469 +05:30  VRB  All hosts are allowed.
2024-09-25 10:57:14.472 +05:30  DBG  1 candidate(s) found for the request path '/api/Account/Login'
2024-09-25 10:57:14.488 +05:30  DBG  Request matched endpoint '405 HTTP Method Not Supported'
2024-09-25 10:57:14.489 +05:30  VRB  The endpoint does not specify the IRequestSizeLimitMetadata.
2024-09-25 10:57:14.489 +05:30  DBG  Static files was skipped as the request already matched an endpoint.
2024-09-25 10:57:14.490 +05:30  DBG  The request has an origin header: 'http://localhost:4200'.
2024-09-25 10:57:14.490 +05:30  INF  CORS policy execution successful.
2024-09-25 10:57:14.491 +05:30  DBG  The request is a preflight request.
2024-09-25 10:57:14.492 +05:30  INF  Request finished HTTP/2 OPTIONS https://localhost:7113/api/Account/Login - 204 null null 27.8809ms
2024-09-25 10:57:14.492 +05:30  VRB  Connection id "0HN6T30PDSD62" sending "HEADERS" frame for stream ID 9 with length 36 and flags "END_STREAM, END_HEADERS".
2024-09-25 10:57:14.498 +05:30  VRB  Connection id "0HN6T30PDSD62" received "HEADERS" frame for stream ID 11 with length 41 and flags "END_HEADERS, PRIORITY".
2024-09-25 10:57:14.499 +05:30  VRB  Connection id "0HN6T30PDSD62" received "DATA" frame for stream ID 11 with length 68 and flags "END_STREAM".
2024-09-25 10:57:14.499 +05:30  INF  Request starting HTTP/2 POST https://localhost:7113/api/Account/Login - application/json 68
2024-09-25 10:57:14.503 +05:30  VRB  All hosts are allowed.
2024-09-25 10:57:14.504 +05:30  DBG  1 candidate(s) found for the request path '/api/Account/Login'
2024-09-25 10:57:14.505 +05:30  DBG  Endpoint 'Web.Ecommerce.Controllers.Account.AccountController.Login (Web.Ecommerce)' with route pattern 'api/Account/Login' is valid for the request path '/api/Account/Login'
2024-09-25 10:57:14.506 +05:30  DBG  Request matched endpoint 'Web.Ecommerce.Controllers.Account.AccountController.Login (Web.Ecommerce)'
2024-09-25 10:57:14.507 +05:30  VRB  The endpoint does not specify the IRequestSizeLimitMetadata.
2024-09-25 10:57:14.507 +05:30  DBG  Static files was skipped as the request already matched an endpoint.
2024-09-25 10:57:14.508 +05:30  DBG  The request has an origin header: 'http://localhost:4200'.
2024-09-25 10:57:14.509 +05:30  INF  CORS policy execution successful.
2024-09-25 10:57:14.509 +05:30  DBG  AuthenticationScheme: Bearer was not authenticated.
2024-09-25 10:57:14.510 +05:30  INF  Executing endpoint 'Web.Ecommerce.Controllers.Account.AccountController.Login (Web.Ecommerce)'
2024-09-25 10:57:14.511 +05:30  INF  Route matched with {action = "Login", controller = "Account"}. Executing controller action with signature System.Threading.Tasks.Task`1[Microsoft.AspNetCore.Mvc.IActionResult] Login(Application.Ecom.Authentication.Commands.LoginUser.LoginUserCommand) on controller Web.Ecommerce.Controllers.Account.AccountController (Web.Ecommerce).
2024-09-25 10:57:14.514 +05:30  DBG  Execution plan of authorization filters (in the following order): ["None"]
2024-09-25 10:57:14.516 +05:30  DBG  Execution plan of resource filters (in the following order): ["None"]
2024-09-25 10:57:14.517 +05:30  DBG  Execution plan of action filters (in the following order): ["Microsoft.AspNetCore.Mvc.ModelBinding.UnsupportedContentTypeFilter (Order: -3000)","Microsoft.AspNetCore.Mvc.Infrastructure.ModelStateInvalidFilter (Order: -2000)"]
2024-09-25 10:57:14.519 +05:30  DBG  Execution plan of exception filters (in the following order): ["None"]
2024-09-25 10:57:14.521 +05:30  DBG  Execution plan of result filters (in the following order): ["Microsoft.AspNetCore.Mvc.Infrastructure.ClientErrorResultFilter (Order: -2000)"]
2024-09-25 10:57:14.522 +05:30  DBG  Executing controller factory for controller Web.Ecommerce.Controllers.Account.AccountController (Web.Ecommerce)
2024-09-25 10:57:14.524 +05:30  DBG  Executed controller factory for controller Web.Ecommerce.Controllers.Account.AccountController (Web.Ecommerce)
2024-09-25 10:57:14.525 +05:30  DBG  Attempting to bind parameter 'command' of type 'Application.Ecom.Authentication.Commands.LoginUser.LoginUserCommand' ...
2024-09-25 10:57:14.526 +05:30  DBG  Attempting to bind parameter 'command' of type 'Application.Ecom.Authentication.Commands.LoginUser.LoginUserCommand' using the name '' in request data ...
2024-09-25 10:57:14.527 +05:30  DBG  Selected input formatter 'Microsoft.AspNetCore.Mvc.Formatters.SystemTextJsonInputFormatter' for content type 'application/json'.
2024-09-25 10:57:14.529 +05:30  DBG  Connection id "0HN6T30PDSD62", Request id "0HN6T30PDSD62:0000000B": started reading request body.
2024-09-25 10:57:14.530 +05:30  DBG  Connection id "0HN6T30PDSD62", Request id "0HN6T30PDSD62:0000000B": done reading request body.
2024-09-25 10:57:14.532 +05:30  DBG  JSON input formatter succeeded, deserializing to type 'Application.Ecom.Authentication.Commands.LoginUser.LoginUserCommand'
2024-09-25 10:57:14.533 +05:30  DBG  Done attempting to bind parameter 'command' of type 'Application.Ecom.Authentication.Commands.LoginUser.LoginUserCommand'.
2024-09-25 10:57:14.534 +05:30  DBG  Done attempting to bind parameter 'command' of type 'Application.Ecom.Authentication.Commands.LoginUser.LoginUserCommand'.
2024-09-25 10:57:14.535 +05:30  DBG  Attempting to validate the bound parameter 'command' of type 'Application.Ecom.Authentication.Commands.LoginUser.LoginUserCommand' ...
2024-09-25 10:57:14.536 +05:30  DBG  Done attempting to validate the bound parameter 'command' of type 'Application.Ecom.Authentication.Commands.LoginUser.LoginUserCommand'.
2024-09-25 10:57:14.537 +05:30  VRB  Action Filter: Before executing OnActionExecuting on filter Microsoft.AspNetCore.Mvc.ModelBinding.UnsupportedContentTypeFilter.
2024-09-25 10:57:14.538 +05:30  VRB  Action Filter: After executing OnActionExecuting on filter Microsoft.AspNetCore.Mvc.ModelBinding.UnsupportedContentTypeFilter.
2024-09-25 10:57:14.539 +05:30  VRB  Action Filter: Before executing OnActionExecuting on filter Microsoft.AspNetCore.Mvc.Infrastructure.ModelStateInvalidFilter.
2024-09-25 10:57:14.540 +05:30  VRB  Action Filter: After executing OnActionExecuting on filter Microsoft.AspNetCore.Mvc.Infrastructure.ModelStateInvalidFilter.
2024-09-25 10:57:14.542 +05:30  INF  Executing action method Web.Ecommerce.Controllers.Account.AccountController.Login (Web.Ecommerce) - Validation state: "Valid"
2024-09-25 10:57:14.543 +05:30  VRB  Executing action method Web.Ecommerce.Controllers.Account.AccountController.Login (Web.Ecommerce) with arguments (["Application.Ecom.Authentication.Commands.LoginUser.LoginUserCommand"])
2024-09-25 10:57:14.545 +05:30  DBG  Entity Framework Core 8.0.8 initialized 'EcommerceDbContext' using provider 'Microsoft.EntityFrameworkCore.SqlServer:8.0.8' with options: None
2024-09-25 10:57:14.547 +05:30  DBG  Creating DbConnection.
2024-09-25 10:57:14.548 +05:30  DBG  Created DbConnection. (0ms).
2024-09-25 10:57:14.548 +05:30  DBG  Opening connection to database 'Ecommerce' on server 'FGS-DSK-230\MSSQLSERVER2019'.
2024-09-25 10:57:14.549 +05:30  DBG  Opened connection to database 'Ecommerce' on server 'FGS-DSK-230\MSSQLSERVER2019'.
2024-09-25 10:57:14.550 +05:30  DBG  Creating DbCommand for 'ExecuteReader'.
2024-09-25 10:57:14.551 +05:30  DBG  Created DbCommand for 'ExecuteReader' (0ms).
2024-09-25 10:57:14.552 +05:30  DBG  Initialized DbCommand for 'ExecuteReader' (1ms).
2024-09-25 10:57:14.552 +05:30  DBG  Executing DbCommand [Parameters=[@__normalizedEmail_0='?' (Size = 256)], CommandType='"Text"', CommandTimeout='30']
SELECT TOP(2) [a].[Id], [a].[AccessFailedCount], [a].[ConcurrencyStamp], [a].[CreatedAt], [a].[Email], [a].[EmailConfirmed], [a].[IsDeleted], [a].[IsVerified], [a].[LockoutEnabled], [a].[LockoutEnd], [a].[NormalizedEmail], [a].[NormalizedUserName], [a].[PasswordHash], [a].[PhoneNumber], [a].[PhoneNumberConfirmed], [a].[SecurityStamp], [a].[TwoFactorEnabled], [a].[UpdatedAt], [a].[UserName]
FROM [AspNetUsers] AS [a]
WHERE [a].[NormalizedEmail] = @__normalizedEmail_0
2024-09-25 10:57:14.556 +05:30  INF  Executed DbCommand (4ms) [Parameters=[@__normalizedEmail_0='?' (Size = 256)], CommandType='"Text"', CommandTimeout='30']
SELECT TOP(2) [a].[Id], [a].[AccessFailedCount], [a].[ConcurrencyStamp], [a].[CreatedAt], [a].[Email], [a].[EmailConfirmed], [a].[IsDeleted], [a].[IsVerified], [a].[LockoutEnabled], [a].[LockoutEnd], [a].[NormalizedEmail], [a].[NormalizedUserName], [a].[PasswordHash], [a].[PhoneNumber], [a].[PhoneNumberConfirmed], [a].[SecurityStamp], [a].[TwoFactorEnabled], [a].[UpdatedAt], [a].[UserName]
FROM [AspNetUsers] AS [a]
WHERE [a].[NormalizedEmail] = @__normalizedEmail_0
2024-09-25 10:57:14.559 +05:30  DBG  Context 'EcommerceDbContext' started tracking 'User' entity. Consider using 'DbContextOptionsBuilder.EnableSensitiveDataLogging' to see key values.
2024-09-25 10:57:14.560 +05:30  DBG  Closing data reader to 'Ecommerce' on server 'FGS-DSK-230\MSSQLSERVER2019'.
2024-09-25 10:57:14.561 +05:30  DBG  A data reader for 'Ecommerce' on server 'FGS-DSK-230\MSSQLSERVER2019' is being disposed after spending 2ms reading results.
2024-09-25 10:57:14.563 +05:30  DBG  Closing connection to database 'Ecommerce' on server 'FGS-DSK-230\MSSQLSERVER2019'.
2024-09-25 10:57:14.564 +05:30  DBG  Closed connection to database 'Ecommerce' on server 'FGS-DSK-230\MSSQLSERVER2019' (0ms).
2024-09-25 10:57:14.637 +05:30  DBG  Opening connection to database 'Ecommerce' on server 'FGS-DSK-230\MSSQLSERVER2019'.
2024-09-25 10:57:14.639 +05:30  DBG  Opened connection to database 'Ecommerce' on server 'FGS-DSK-230\MSSQLSERVER2019'.
2024-09-25 10:57:14.640 +05:30  DBG  Creating DbCommand for 'ExecuteReader'.
2024-09-25 10:57:14.640 +05:30  DBG  Created DbCommand for 'ExecuteReader' (0ms).
2024-09-25 10:57:14.641 +05:30  DBG  Initialized DbCommand for 'ExecuteReader' (1ms).
2024-09-25 10:57:14.642 +05:30  DBG  Executing DbCommand [Parameters=[@__userId_0='?' (DbType = Guid)], CommandType='"Text"', CommandTimeout='30']
SELECT [a0].[Name]
FROM [AspNetUserRoles] AS [a]
INNER JOIN [AspNetRoles] AS [a0] ON [a].[RoleId] = [a0].[Id]
WHERE [a].[UserId] = @__userId_0
2024-09-25 10:57:14.648 +05:30  INF  Executed DbCommand (6ms) [Parameters=[@__userId_0='?' (DbType = Guid)], CommandType='"Text"', CommandTimeout='30']
SELECT [a0].[Name]
FROM [AspNetUserRoles] AS [a]
INNER JOIN [AspNetRoles] AS [a0] ON [a].[RoleId] = [a0].[Id]
WHERE [a].[UserId] = @__userId_0
2024-09-25 10:57:14.651 +05:30  DBG  Closing data reader to 'Ecommerce' on server 'FGS-DSK-230\MSSQLSERVER2019'.
2024-09-25 10:57:14.652 +05:30  DBG  A data reader for 'Ecommerce' on server 'FGS-DSK-230\MSSQLSERVER2019' is being disposed after spending 0ms reading results.
2024-09-25 10:57:14.653 +05:30  DBG  Closing connection to database 'Ecommerce' on server 'FGS-DSK-230\MSSQLSERVER2019'.
2024-09-25 10:57:14.654 +05:30  DBG  Closed connection to database 'Ecommerce' on server 'FGS-DSK-230\MSSQLSERVER2019' (0ms).
2024-09-25 10:57:14.657 +05:30  INF  Executed action method Web.Ecommerce.Controllers.Account.AccountController.Login (Web.Ecommerce), returned result Microsoft.AspNetCore.Mvc.OkObjectResult in 113.4259ms.
2024-09-25 10:57:14.659 +05:30  VRB  Action Filter: Before executing OnActionExecuted on filter Microsoft.AspNetCore.Mvc.Infrastructure.ModelStateInvalidFilter.
2024-09-25 10:57:14.660 +05:30  VRB  Action Filter: After executing OnActionExecuted on filter Microsoft.AspNetCore.Mvc.Infrastructure.ModelStateInvalidFilter.
2024-09-25 10:57:14.662 +05:30  VRB  Action Filter: Before executing OnActionExecuted on filter Microsoft.AspNetCore.Mvc.ModelBinding.UnsupportedContentTypeFilter.
2024-09-25 10:57:14.664 +05:30  VRB  Action Filter: After executing OnActionExecuted on filter Microsoft.AspNetCore.Mvc.ModelBinding.UnsupportedContentTypeFilter.
2024-09-25 10:57:14.665 +05:30  VRB  Result Filter: Before executing OnResultExecuting on filter Microsoft.AspNetCore.Mvc.Infrastructure.ClientErrorResultFilter.
2024-09-25 10:57:14.666 +05:30  VRB  Result Filter: After executing OnResultExecuting on filter Microsoft.AspNetCore.Mvc.Infrastructure.ClientErrorResultFilter.
2024-09-25 10:57:14.667 +05:30  VRB  Before executing action result Microsoft.AspNetCore.Mvc.OkObjectResult.
2024-09-25 10:57:14.668 +05:30  DBG  List of registered output formatters, in the following order: ["Microsoft.AspNetCore.Mvc.Formatters.HttpNoContentOutputFormatter","Microsoft.AspNetCore.Mvc.Formatters.StringOutputFormatter","Microsoft.AspNetCore.Mvc.Formatters.StreamOutputFormatter","Microsoft.AspNetCore.Mvc.Formatters.SystemTextJsonOutputFormatter"]
2024-09-25 10:57:14.670 +05:30  DBG  No information found on request to perform content negotiation.
2024-09-25 10:57:14.670 +05:30  DBG  Attempting to select an output formatter without using a content type as no explicit content types were specified for the response.
2024-09-25 10:57:14.671 +05:30  DBG  Attempting to select the first formatter in the output formatters list which can write the result.
2024-09-25 10:57:14.672 +05:30  DBG  Selected output formatter 'Microsoft.AspNetCore.Mvc.Formatters.SystemTextJsonOutputFormatter' and content type 'application/json' to write the response.
2024-09-25 10:57:14.673 +05:30  INF  Executing OkObjectResult, writing value of type '<>f__AnonymousType1`3[[System.String, System.Private.CoreLib, Version=8.0.0.0, Culture=neutral, PublicKeyToken=7cec85d7bea7798e],[System.String, System.Private.CoreLib, Version=8.0.0.0, Culture=neutral, PublicKeyToken=7cec85d7bea7798e],[System.Collections.Generic.IEnumerable`1[[System.String, System.Private.CoreLib, Version=8.0.0.0, Culture=neutral, PublicKeyToken=7cec85d7bea7798e]], System.Private.CoreLib, Version=8.0.0.0, Culture=neutral, PublicKeyToken=7cec85d7bea7798e]]'.
2024-09-25 10:57:14.674 +05:30  VRB  After executing action result Microsoft.AspNetCore.Mvc.OkObjectResult.
2024-09-25 10:57:14.674 +05:30  VRB  Connection id "0HN6T30PDSD62" sending "HEADERS" frame for stream ID 11 with length 37 and flags "END_HEADERS".
2024-09-25 10:57:14.674 +05:30  VRB  Result Filter: Before executing OnResultExecuted on filter Microsoft.AspNetCore.Mvc.Infrastructure.ClientErrorResultFilter.
2024-09-25 10:57:14.676 +05:30  VRB  Result Filter: After executing OnResultExecuted on filter Microsoft.AspNetCore.Mvc.Infrastructure.ClientErrorResultFilter.
2024-09-25 10:57:14.677 +05:30  INF  Executed action Web.Ecommerce.Controllers.Account.AccountController.Login (Web.Ecommerce) in 154.9375ms
2024-09-25 10:57:14.679 +05:30  VRB  Connection id "0HN6T30PDSD62" sending "DATA" frame for stream ID 11 with length 582 and flags "NONE".
2024-09-25 10:57:14.680 +05:30  INF  Executed endpoint 'Web.Ecommerce.Controllers.Account.AccountController.Login (Web.Ecommerce)'
2024-09-25 10:57:14.683 +05:30  VRB  Connection id "0HN6T30PDSD62" sending "DATA" frame for stream ID 11 with length 0 and flags "END_STREAM".
2024-09-25 10:57:14.683 +05:30  DBG  'EcommerceDbContext' disposed.
2024-09-25 10:57:14.685 +05:30  VRB  Connection id "0HN6T30PDSD62" received "WINDOW_UPDATE" frame for stream ID 0 with length 4 and flags 0x0.
2024-09-25 10:57:14.685 +05:30  DBG  Disposing connection to database 'Ecommerce' on server 'FGS-DSK-230\MSSQLSERVER2019'.
2024-09-25 10:57:14.688 +05:30  DBG  Disposed connection to database '' on server '' (3ms).
2024-09-25 10:57:14.689 +05:30  INF  Request finished HTTP/2 POST https://localhost:7113/api/Account/Login - 200 null application/json; charset=utf-8 189.4695ms
2024-09-25 11:02:05.931 +05:30  DBG  Connection id "0HN6T30PDSD62" received FIN.
2024-09-25 11:02:05.932 +05:30  DBG  Connection id "0HN6T30PDSD62" is closed. The last processed stream ID was 11.
2024-09-25 11:02:05.932 +05:30  DBG  The connection queue processing loop for 0HN6T30PDSD62 completed.
2024-09-25 11:02:05.936 +05:30  DBG  Connection id "0HN6T30PDSD62" sending FIN because: "The Socket transport's send loop completed gracefully."
2024-09-25 11:02:05.948 +05:30  DBG  Connection id "0HN6T30PDSD62" stopped.
2024-09-25 11:04:32.563 +05:30  DBG  Connection id "0HN6T30PDSD63" accepted.
2024-09-25 11:04:32.570 +05:30  DBG  Connection id "0HN6T30PDSD63" started.
2024-09-25 11:04:32.574 +05:30  DBG  Connection 0HN6T30PDSD63 established using the following protocol: "Tls12"
2024-09-25 11:04:32.584 +05:30  VRB  Connection id "0HN6T30PDSD63" sending "SETTINGS" frame for stream ID 0 with length 24 and flags "NONE".
2024-09-25 11:04:32.588 +05:30  VRB  Connection id "0HN6T30PDSD63" sending "WINDOW_UPDATE" frame for stream ID 0 with length 4 and flags 0x0.
2024-09-25 11:04:32.590 +05:30  VRB  Connection id "0HN6T30PDSD63" received "SETTINGS" frame for stream ID 0 with length 24 and flags "NONE".
2024-09-25 11:04:32.592 +05:30  VRB  Connection id "0HN6T30PDSD63" sending "SETTINGS" frame for stream ID 0 with length 0 and flags "ACK".
2024-09-25 11:04:32.593 +05:30  VRB  Connection id "0HN6T30PDSD63" received "WINDOW_UPDATE" frame for stream ID 0 with length 4 and flags 0x0.
2024-09-25 11:04:32.595 +05:30  VRB  Connection id "0HN6T30PDSD63" received "HEADERS" frame for stream ID 1 with length 335 and flags "END_STREAM, END_HEADERS, PRIORITY".
2024-09-25 11:04:32.597 +05:30  VRB  Connection id "0HN6T30PDSD63" received "SETTINGS" frame for stream ID 0 with length 0 and flags "ACK".
2024-09-25 11:04:32.597 +05:30  INF  Request starting HTTP/2 OPTIONS https://localhost:7113/api/Account/Login - null null
2024-09-25 11:04:32.603 +05:30  VRB  All hosts are allowed.
2024-09-25 11:04:32.604 +05:30  DBG  1 candidate(s) found for the request path '/api/Account/Login'
2024-09-25 11:04:32.605 +05:30  DBG  Request matched endpoint '405 HTTP Method Not Supported'
2024-09-25 11:04:32.606 +05:30  VRB  The endpoint does not specify the IRequestSizeLimitMetadata.
2024-09-25 11:04:32.606 +05:30  DBG  Static files was skipped as the request already matched an endpoint.
2024-09-25 11:04:32.607 +05:30  DBG  The request has an origin header: 'http://localhost:4200'.
2024-09-25 11:04:32.608 +05:30  INF  CORS policy execution successful.
2024-09-25 11:04:32.608 +05:30  DBG  The request is a preflight request.
2024-09-25 11:04:32.609 +05:30  VRB  Connection id "0HN6T30PDSD63" sending "HEADERS" frame for stream ID 1 with length 122 and flags "END_STREAM, END_HEADERS".
2024-09-25 11:04:32.609 +05:30  INF  Request finished HTTP/2 OPTIONS https://localhost:7113/api/Account/Login - 204 null null 11.5373ms
2024-09-25 11:04:32.611 +05:30  VRB  Connection id "0HN6T30PDSD63" received "HEADERS" frame for stream ID 3 with length 181 and flags "END_HEADERS, PRIORITY".
2024-09-25 11:04:32.614 +05:30  VRB  Connection id "0HN6T30PDSD63" received "DATA" frame for stream ID 3 with length 68 and flags "END_STREAM".
2024-09-25 11:04:32.615 +05:30  INF  Request starting HTTP/2 POST https://localhost:7113/api/Account/Login - application/json 68
2024-09-25 11:04:32.619 +05:30  VRB  All hosts are allowed.
2024-09-25 11:04:32.620 +05:30  DBG  1 candidate(s) found for the request path '/api/Account/Login'
2024-09-25 11:04:32.620 +05:30  DBG  Endpoint 'Web.Ecommerce.Controllers.Account.AccountController.Login (Web.Ecommerce)' with route pattern 'api/Account/Login' is valid for the request path '/api/Account/Login'
2024-09-25 11:04:32.622 +05:30  DBG  Request matched endpoint 'Web.Ecommerce.Controllers.Account.AccountController.Login (Web.Ecommerce)'
2024-09-25 11:04:32.623 +05:30  VRB  The endpoint does not specify the IRequestSizeLimitMetadata.
2024-09-25 11:04:32.623 +05:30  DBG  Static files was skipped as the request already matched an endpoint.
2024-09-25 11:04:32.624 +05:30  DBG  The request has an origin header: 'http://localhost:4200'.
2024-09-25 11:04:32.624 +05:30  INF  CORS policy execution successful.
2024-09-25 11:04:32.625 +05:30  DBG  AuthenticationScheme: Bearer was not authenticated.
2024-09-25 11:04:32.625 +05:30  INF  Executing endpoint 'Web.Ecommerce.Controllers.Account.AccountController.Login (Web.Ecommerce)'
2024-09-25 11:04:32.626 +05:30  INF  Route matched with {action = "Login", controller = "Account"}. Executing controller action with signature System.Threading.Tasks.Task`1[Microsoft.AspNetCore.Mvc.IActionResult] Login(Application.Ecom.Authentication.Commands.LoginUser.LoginUserCommand) on controller Web.Ecommerce.Controllers.Account.AccountController (Web.Ecommerce).
2024-09-25 11:04:32.629 +05:30  DBG  Execution plan of authorization filters (in the following order): ["None"]
2024-09-25 11:04:32.630 +05:30  DBG  Execution plan of resource filters (in the following order): ["None"]
2024-09-25 11:04:32.631 +05:30  DBG  Execution plan of action filters (in the following order): ["Microsoft.AspNetCore.Mvc.ModelBinding.UnsupportedContentTypeFilter (Order: -3000)","Microsoft.AspNetCore.Mvc.Infrastructure.ModelStateInvalidFilter (Order: -2000)"]
2024-09-25 11:04:32.633 +05:30  DBG  Execution plan of exception filters (in the following order): ["None"]
2024-09-25 11:04:32.634 +05:30  DBG  Execution plan of result filters (in the following order): ["Microsoft.AspNetCore.Mvc.Infrastructure.ClientErrorResultFilter (Order: -2000)"]
2024-09-25 11:04:32.636 +05:30  DBG  Executing controller factory for controller Web.Ecommerce.Controllers.Account.AccountController (Web.Ecommerce)
2024-09-25 11:04:32.637 +05:30  DBG  Executed controller factory for controller Web.Ecommerce.Controllers.Account.AccountController (Web.Ecommerce)
2024-09-25 11:04:32.638 +05:30  DBG  Attempting to bind parameter 'command' of type 'Application.Ecom.Authentication.Commands.LoginUser.LoginUserCommand' ...
2024-09-25 11:04:32.639 +05:30  DBG  Attempting to bind parameter 'command' of type 'Application.Ecom.Authentication.Commands.LoginUser.LoginUserCommand' using the name '' in request data ...
2024-09-25 11:04:32.640 +05:30  DBG  Selected input formatter 'Microsoft.AspNetCore.Mvc.Formatters.SystemTextJsonInputFormatter' for content type 'application/json'.
2024-09-25 11:04:32.641 +05:30  DBG  Connection id "0HN6T30PDSD63", Request id "0HN6T30PDSD63:00000003": started reading request body.
2024-09-25 11:04:32.643 +05:30  DBG  Connection id "0HN6T30PDSD63", Request id "0HN6T30PDSD63:00000003": done reading request body.
2024-09-25 11:04:32.644 +05:30  DBG  JSON input formatter succeeded, deserializing to type 'Application.Ecom.Authentication.Commands.LoginUser.LoginUserCommand'
2024-09-25 11:04:32.644 +05:30  DBG  Done attempting to bind parameter 'command' of type 'Application.Ecom.Authentication.Commands.LoginUser.LoginUserCommand'.
2024-09-25 11:04:32.646 +05:30  DBG  Done attempting to bind parameter 'command' of type 'Application.Ecom.Authentication.Commands.LoginUser.LoginUserCommand'.
2024-09-25 11:04:32.647 +05:30  DBG  Attempting to validate the bound parameter 'command' of type 'Application.Ecom.Authentication.Commands.LoginUser.LoginUserCommand' ...
2024-09-25 11:04:32.648 +05:30  DBG  Done attempting to validate the bound parameter 'command' of type 'Application.Ecom.Authentication.Commands.LoginUser.LoginUserCommand'.
2024-09-25 11:04:32.650 +05:30  VRB  Action Filter: Before executing OnActionExecuting on filter Microsoft.AspNetCore.Mvc.ModelBinding.UnsupportedContentTypeFilter.
2024-09-25 11:04:32.652 +05:30  VRB  Action Filter: After executing OnActionExecuting on filter Microsoft.AspNetCore.Mvc.ModelBinding.UnsupportedContentTypeFilter.
2024-09-25 11:04:32.653 +05:30  VRB  Action Filter: Before executing OnActionExecuting on filter Microsoft.AspNetCore.Mvc.Infrastructure.ModelStateInvalidFilter.
2024-09-25 11:04:32.654 +05:30  VRB  Action Filter: After executing OnActionExecuting on filter Microsoft.AspNetCore.Mvc.Infrastructure.ModelStateInvalidFilter.
2024-09-25 11:04:32.655 +05:30  INF  Executing action method Web.Ecommerce.Controllers.Account.AccountController.Login (Web.Ecommerce) - Validation state: "Valid"
2024-09-25 11:04:32.656 +05:30  VRB  Executing action method Web.Ecommerce.Controllers.Account.AccountController.Login (Web.Ecommerce) with arguments (["Application.Ecom.Authentication.Commands.LoginUser.LoginUserCommand"])
2024-09-25 11:04:32.658 +05:30  DBG  Entity Framework Core 8.0.8 initialized 'EcommerceDbContext' using provider 'Microsoft.EntityFrameworkCore.SqlServer:8.0.8' with options: None
2024-09-25 11:04:32.660 +05:30  DBG  Creating DbConnection.
2024-09-25 11:04:32.661 +05:30  DBG  Created DbConnection. (0ms).
2024-09-25 11:04:32.661 +05:30  DBG  Opening connection to database 'Ecommerce' on server 'FGS-DSK-230\MSSQLSERVER2019'.
2024-09-25 11:04:32.669 +05:30  DBG  Opened connection to database 'Ecommerce' on server 'FGS-DSK-230\MSSQLSERVER2019'.
2024-09-25 11:04:32.672 +05:30  DBG  Creating DbCommand for 'ExecuteReader'.
2024-09-25 11:04:32.672 +05:30  DBG  Created DbCommand for 'ExecuteReader' (0ms).
2024-09-25 11:04:32.673 +05:30  DBG  Initialized DbCommand for 'ExecuteReader' (1ms).
2024-09-25 11:04:32.674 +05:30  DBG  Executing DbCommand [Parameters=[@__normalizedEmail_0='?' (Size = 256)], CommandType='"Text"', CommandTimeout='30']
SELECT TOP(2) [a].[Id], [a].[AccessFailedCount], [a].[ConcurrencyStamp], [a].[CreatedAt], [a].[Email], [a].[EmailConfirmed], [a].[IsDeleted], [a].[IsVerified], [a].[LockoutEnabled], [a].[LockoutEnd], [a].[NormalizedEmail], [a].[NormalizedUserName], [a].[PasswordHash], [a].[PhoneNumber], [a].[PhoneNumberConfirmed], [a].[SecurityStamp], [a].[TwoFactorEnabled], [a].[UpdatedAt], [a].[UserName]
FROM [AspNetUsers] AS [a]
WHERE [a].[NormalizedEmail] = @__normalizedEmail_0
2024-09-25 11:04:32.678 +05:30  INF  Executed DbCommand (4ms) [Parameters=[@__normalizedEmail_0='?' (Size = 256)], CommandType='"Text"', CommandTimeout='30']
SELECT TOP(2) [a].[Id], [a].[AccessFailedCount], [a].[ConcurrencyStamp], [a].[CreatedAt], [a].[Email], [a].[EmailConfirmed], [a].[IsDeleted], [a].[IsVerified], [a].[LockoutEnabled], [a].[LockoutEnd], [a].[NormalizedEmail], [a].[NormalizedUserName], [a].[PasswordHash], [a].[PhoneNumber], [a].[PhoneNumberConfirmed], [a].[SecurityStamp], [a].[TwoFactorEnabled], [a].[UpdatedAt], [a].[UserName]
FROM [AspNetUsers] AS [a]
WHERE [a].[NormalizedEmail] = @__normalizedEmail_0
2024-09-25 11:04:32.680 +05:30  DBG  Context 'EcommerceDbContext' started tracking 'User' entity. Consider using 'DbContextOptionsBuilder.EnableSensitiveDataLogging' to see key values.
2024-09-25 11:04:32.682 +05:30  DBG  Closing data reader to 'Ecommerce' on server 'FGS-DSK-230\MSSQLSERVER2019'.
2024-09-25 11:04:32.683 +05:30  DBG  A data reader for 'Ecommerce' on server 'FGS-DSK-230\MSSQLSERVER2019' is being disposed after spending 2ms reading results.
2024-09-25 11:04:32.685 +05:30  DBG  Closing connection to database 'Ecommerce' on server 'FGS-DSK-230\MSSQLSERVER2019'.
2024-09-25 11:04:32.685 +05:30  DBG  Closed connection to database 'Ecommerce' on server 'FGS-DSK-230\MSSQLSERVER2019' (0ms).
2024-09-25 11:04:32.764 +05:30  DBG  Opening connection to database 'Ecommerce' on server 'FGS-DSK-230\MSSQLSERVER2019'.
2024-09-25 11:04:32.766 +05:30  DBG  Opened connection to database 'Ecommerce' on server 'FGS-DSK-230\MSSQLSERVER2019'.
2024-09-25 11:04:32.768 +05:30  DBG  Creating DbCommand for 'ExecuteReader'.
2024-09-25 11:04:32.769 +05:30  DBG  Created DbCommand for 'ExecuteReader' (1ms).
2024-09-25 11:04:32.770 +05:30  DBG  Initialized DbCommand for 'ExecuteReader' (2ms).
2024-09-25 11:04:32.771 +05:30  DBG  Executing DbCommand [Parameters=[@__userId_0='?' (DbType = Guid)], CommandType='"Text"', CommandTimeout='30']
SELECT [a0].[Name]
FROM [AspNetUserRoles] AS [a]
INNER JOIN [AspNetRoles] AS [a0] ON [a].[RoleId] = [a0].[Id]
WHERE [a].[UserId] = @__userId_0
2024-09-25 11:04:32.776 +05:30  INF  Executed DbCommand (4ms) [Parameters=[@__userId_0='?' (DbType = Guid)], CommandType='"Text"', CommandTimeout='30']
SELECT [a0].[Name]
FROM [AspNetUserRoles] AS [a]
INNER JOIN [AspNetRoles] AS [a0] ON [a].[RoleId] = [a0].[Id]
WHERE [a].[UserId] = @__userId_0
2024-09-25 11:04:32.778 +05:30  DBG  Closing data reader to 'Ecommerce' on server 'FGS-DSK-230\MSSQLSERVER2019'.
2024-09-25 11:04:32.779 +05:30  DBG  A data reader for 'Ecommerce' on server 'FGS-DSK-230\MSSQLSERVER2019' is being disposed after spending 0ms reading results.
2024-09-25 11:04:32.781 +05:30  DBG  Closing connection to database 'Ecommerce' on server 'FGS-DSK-230\MSSQLSERVER2019'.
2024-09-25 11:04:32.783 +05:30  DBG  Closed connection to database 'Ecommerce' on server 'FGS-DSK-230\MSSQLSERVER2019' (2ms).
2024-09-25 11:04:32.785 +05:30  INF  Executed action method Web.Ecommerce.Controllers.Account.AccountController.Login (Web.Ecommerce), returned result Microsoft.AspNetCore.Mvc.OkObjectResult in 127.6371ms.
2024-09-25 11:04:32.786 +05:30  VRB  Action Filter: Before executing OnActionExecuted on filter Microsoft.AspNetCore.Mvc.Infrastructure.ModelStateInvalidFilter.
2024-09-25 11:04:32.787 +05:30  VRB  Action Filter: After executing OnActionExecuted on filter Microsoft.AspNetCore.Mvc.Infrastructure.ModelStateInvalidFilter.
2024-09-25 11:04:32.789 +05:30  VRB  Action Filter: Before executing OnActionExecuted on filter Microsoft.AspNetCore.Mvc.ModelBinding.UnsupportedContentTypeFilter.
2024-09-25 11:04:32.790 +05:30  VRB  Action Filter: After executing OnActionExecuted on filter Microsoft.AspNetCore.Mvc.ModelBinding.UnsupportedContentTypeFilter.
2024-09-25 11:04:32.791 +05:30  VRB  Result Filter: Before executing OnResultExecuting on filter Microsoft.AspNetCore.Mvc.Infrastructure.ClientErrorResultFilter.
2024-09-25 11:04:32.793 +05:30  VRB  Result Filter: After executing OnResultExecuting on filter Microsoft.AspNetCore.Mvc.Infrastructure.ClientErrorResultFilter.
2024-09-25 11:04:32.794 +05:30  VRB  Before executing action result Microsoft.AspNetCore.Mvc.OkObjectResult.
2024-09-25 11:04:32.795 +05:30  DBG  List of registered output formatters, in the following order: ["Microsoft.AspNetCore.Mvc.Formatters.HttpNoContentOutputFormatter","Microsoft.AspNetCore.Mvc.Formatters.StringOutputFormatter","Microsoft.AspNetCore.Mvc.Formatters.StreamOutputFormatter","Microsoft.AspNetCore.Mvc.Formatters.SystemTextJsonOutputFormatter"]
2024-09-25 11:04:32.796 +05:30  DBG  No information found on request to perform content negotiation.
2024-09-25 11:04:32.797 +05:30  DBG  Attempting to select an output formatter without using a content type as no explicit content types were specified for the response.
2024-09-25 11:04:32.798 +05:30  DBG  Attempting to select the first formatter in the output formatters list which can write the result.
2024-09-25 11:04:32.799 +05:30  DBG  Selected output formatter 'Microsoft.AspNetCore.Mvc.Formatters.SystemTextJsonOutputFormatter' and content type 'application/json' to write the response.
2024-09-25 11:04:32.801 +05:30  INF  Executing OkObjectResult, writing value of type '<>f__AnonymousType1`3[[System.String, System.Private.CoreLib, Version=8.0.0.0, Culture=neutral, PublicKeyToken=7cec85d7bea7798e],[System.String, System.Private.CoreLib, Version=8.0.0.0, Culture=neutral, PublicKeyToken=7cec85d7bea7798e],[System.Collections.Generic.IEnumerable`1[[System.String, System.Private.CoreLib, Version=8.0.0.0, Culture=neutral, PublicKeyToken=7cec85d7bea7798e]], System.Private.CoreLib, Version=8.0.0.0, Culture=neutral, PublicKeyToken=7cec85d7bea7798e]]'.
2024-09-25 11:04:32.802 +05:30  VRB  After executing action result Microsoft.AspNetCore.Mvc.OkObjectResult.
2024-09-25 11:04:32.802 +05:30  VRB  Connection id "0HN6T30PDSD63" sending "HEADERS" frame for stream ID 3 with length 67 and flags "END_HEADERS".
2024-09-25 11:04:32.803 +05:30  VRB  Result Filter: Before executing OnResultExecuted on filter Microsoft.AspNetCore.Mvc.Infrastructure.ClientErrorResultFilter.
2024-09-25 11:04:32.804 +05:30  VRB  Connection id "0HN6T30PDSD63" sending "DATA" frame for stream ID 3 with length 582 and flags "NONE".
2024-09-25 11:04:32.806 +05:30  VRB  Result Filter: After executing OnResultExecuted on filter Microsoft.AspNetCore.Mvc.Infrastructure.ClientErrorResultFilter.
2024-09-25 11:04:32.808 +05:30  INF  Executed action Web.Ecommerce.Controllers.Account.AccountController.Login (Web.Ecommerce) in 172.8569ms
2024-09-25 11:04:32.809 +05:30  INF  Executed endpoint 'Web.Ecommerce.Controllers.Account.AccountController.Login (Web.Ecommerce)'
2024-09-25 11:04:32.811 +05:30  VRB  Connection id "0HN6T30PDSD63" sending "DATA" frame for stream ID 3 with length 0 and flags "END_STREAM".
2024-09-25 11:04:32.811 +05:30  DBG  'EcommerceDbContext' disposed.
2024-09-25 11:04:32.813 +05:30  DBG  Disposing connection to database 'Ecommerce' on server 'FGS-DSK-230\MSSQLSERVER2019'.
2024-09-25 11:04:32.815 +05:30  DBG  Disposed connection to database '' on server '' (1ms).
2024-09-25 11:04:32.816 +05:30  INF  Request finished HTTP/2 POST https://localhost:7113/api/Account/Login - 200 null application/json; charset=utf-8 201.5632ms
2024-09-25 11:04:36.131 +05:30  DBG  Connection id "0HN6T30PDSD63" received FIN.
2024-09-25 11:04:36.133 +05:30  DBG  Connection id "0HN6T30PDSD63" is closed. The last processed stream ID was 3.
2024-09-25 11:04:36.133 +05:30  DBG  The connection queue processing loop for 0HN6T30PDSD63 completed.
2024-09-25 11:04:36.135 +05:30  DBG  Connection id "0HN6T30PDSD63" sending FIN because: "The Socket transport's send loop completed gracefully."
2024-09-25 11:04:36.139 +05:30  DBG  Connection id "0HN6T30PDSD63" stopped.
2024-09-25 11:05:21.103 +05:30  DBG  Connection id "0HN6T30PDSD64" accepted.
2024-09-25 11:05:21.108 +05:30  DBG  Connection id "0HN6T30PDSD64" started.
2024-09-25 11:05:21.124 +05:30  DBG  Connection 0HN6T30PDSD64 established using the following protocol: "Tls12"
2024-09-25 11:05:21.128 +05:30  VRB  Connection id "0HN6T30PDSD64" sending "SETTINGS" frame for stream ID 0 with length 24 and flags "NONE".
2024-09-25 11:05:21.130 +05:30  VRB  Connection id "0HN6T30PDSD64" sending "WINDOW_UPDATE" frame for stream ID 0 with length 4 and flags 0x0.
2024-09-25 11:05:21.133 +05:30  VRB  Connection id "0HN6T30PDSD64" received "SETTINGS" frame for stream ID 0 with length 24 and flags "NONE".
2024-09-25 11:05:21.136 +05:30  VRB  Connection id "0HN6T30PDSD64" sending "SETTINGS" frame for stream ID 0 with length 0 and flags "ACK".
2024-09-25 11:05:21.138 +05:30  VRB  Connection id "0HN6T30PDSD64" received "WINDOW_UPDATE" frame for stream ID 0 with length 4 and flags 0x0.
2024-09-25 11:05:21.140 +05:30  VRB  Connection id "0HN6T30PDSD64" received "HEADERS" frame for stream ID 1 with length 413 and flags "END_HEADERS, PRIORITY".
2024-09-25 11:05:21.141 +05:30  VRB  Connection id "0HN6T30PDSD64" received "DATA" frame for stream ID 1 with length 110 and flags "END_STREAM".
2024-09-25 11:05:21.142 +05:30  INF  Request starting HTTP/2 POST https://localhost:7113/api/Account/RegisterCustomer - application/json 110
2024-09-25 11:05:21.143 +05:30  VRB  Connection id "0HN6T30PDSD64" received "SETTINGS" frame for stream ID 0 with length 0 and flags "ACK".
2024-09-25 11:05:21.145 +05:30  VRB  All hosts are allowed.
2024-09-25 11:05:21.147 +05:30  DBG  1 candidate(s) found for the request path '/api/Account/RegisterCustomer'
2024-09-25 11:05:21.148 +05:30  DBG  Endpoint 'Web.Ecommerce.Controllers.Account.AccountController.RegisterCustomer (Web.Ecommerce)' with route pattern 'api/Account/RegisterCustomer' is valid for the request path '/api/Account/RegisterCustomer'
2024-09-25 11:05:21.151 +05:30  DBG  Request matched endpoint 'Web.Ecommerce.Controllers.Account.AccountController.RegisterCustomer (Web.Ecommerce)'
2024-09-25 11:05:21.152 +05:30  VRB  The endpoint does not specify the IRequestSizeLimitMetadata.
2024-09-25 11:05:21.153 +05:30  DBG  Static files was skipped as the request already matched an endpoint.
2024-09-25 11:05:21.154 +05:30  DBG  The request has an origin header: 'https://localhost:7113'.
2024-09-25 11:05:21.155 +05:30  INF  CORS policy execution successful.
2024-09-25 11:05:21.155 +05:30  DBG  AuthenticationScheme: Bearer was not authenticated.
2024-09-25 11:05:21.157 +05:30  INF  Executing endpoint 'Web.Ecommerce.Controllers.Account.AccountController.RegisterCustomer (Web.Ecommerce)'
2024-09-25 11:05:21.158 +05:30  INF  Route matched with {action = "RegisterCustomer", controller = "Account"}. Executing controller action with signature System.Threading.Tasks.Task`1[Microsoft.AspNetCore.Mvc.IActionResult] RegisterCustomer(Application.Ecom.Authentication.Commands.RegisterCustomer.RegisterCustomerCommand) on controller Web.Ecommerce.Controllers.Account.AccountController (Web.Ecommerce).
2024-09-25 11:05:21.160 +05:30  DBG  Execution plan of authorization filters (in the following order): ["None"]
2024-09-25 11:05:21.161 +05:30  DBG  Execution plan of resource filters (in the following order): ["None"]
2024-09-25 11:05:21.162 +05:30  DBG  Execution plan of action filters (in the following order): ["Microsoft.AspNetCore.Mvc.ModelBinding.UnsupportedContentTypeFilter (Order: -3000)","Microsoft.AspNetCore.Mvc.Infrastructure.ModelStateInvalidFilter (Order: -2000)"]
2024-09-25 11:05:21.163 +05:30  DBG  Execution plan of exception filters (in the following order): ["None"]
2024-09-25 11:05:21.167 +05:30  DBG  Execution plan of result filters (in the following order): ["Microsoft.AspNetCore.Mvc.Infrastructure.ClientErrorResultFilter (Order: -2000)"]
2024-09-25 11:05:21.169 +05:30  DBG  Executing controller factory for controller Web.Ecommerce.Controllers.Account.AccountController (Web.Ecommerce)
2024-09-25 11:05:21.171 +05:30  DBG  Executed controller factory for controller Web.Ecommerce.Controllers.Account.AccountController (Web.Ecommerce)
2024-09-25 11:05:21.172 +05:30  DBG  Attempting to bind parameter 'command' of type 'Application.Ecom.Authentication.Commands.RegisterCustomer.RegisterCustomerCommand' ...
2024-09-25 11:05:21.174 +05:30  DBG  Attempting to bind parameter 'command' of type 'Application.Ecom.Authentication.Commands.RegisterCustomer.RegisterCustomerCommand' using the name '' in request data ...
2024-09-25 11:05:21.175 +05:30  DBG  Selected input formatter 'Microsoft.AspNetCore.Mvc.Formatters.SystemTextJsonInputFormatter' for content type 'application/json'.
2024-09-25 11:05:21.176 +05:30  DBG  Connection id "0HN6T30PDSD64", Request id "0HN6T30PDSD64:00000001": started reading request body.
2024-09-25 11:05:21.177 +05:30  DBG  Connection id "0HN6T30PDSD64", Request id "0HN6T30PDSD64:00000001": done reading request body.
2024-09-25 11:05:21.178 +05:30  DBG  JSON input formatter succeeded, deserializing to type 'Application.Ecom.Authentication.Commands.RegisterCustomer.RegisterCustomerCommand'
2024-09-25 11:05:21.179 +05:30  DBG  Done attempting to bind parameter 'command' of type 'Application.Ecom.Authentication.Commands.RegisterCustomer.RegisterCustomerCommand'.
2024-09-25 11:05:21.180 +05:30  DBG  Done attempting to bind parameter 'command' of type 'Application.Ecom.Authentication.Commands.RegisterCustomer.RegisterCustomerCommand'.
2024-09-25 11:05:21.183 +05:30  DBG  Attempting to validate the bound parameter 'command' of type 'Application.Ecom.Authentication.Commands.RegisterCustomer.RegisterCustomerCommand' ...
2024-09-25 11:05:21.184 +05:30  DBG  Done attempting to validate the bound parameter 'command' of type 'Application.Ecom.Authentication.Commands.RegisterCustomer.RegisterCustomerCommand'.
2024-09-25 11:05:21.185 +05:30  VRB  Action Filter: Before executing OnActionExecuting on filter Microsoft.AspNetCore.Mvc.ModelBinding.UnsupportedContentTypeFilter.
2024-09-25 11:05:21.186 +05:30  VRB  Action Filter: After executing OnActionExecuting on filter Microsoft.AspNetCore.Mvc.ModelBinding.UnsupportedContentTypeFilter.
2024-09-25 11:05:21.188 +05:30  VRB  Action Filter: Before executing OnActionExecuting on filter Microsoft.AspNetCore.Mvc.Infrastructure.ModelStateInvalidFilter.
2024-09-25 11:05:21.189 +05:30  VRB  Action Filter: After executing OnActionExecuting on filter Microsoft.AspNetCore.Mvc.Infrastructure.ModelStateInvalidFilter.
2024-09-25 11:05:21.190 +05:30  INF  Executing action method Web.Ecommerce.Controllers.Account.AccountController.RegisterCustomer (Web.Ecommerce) - Validation state: "Valid"
2024-09-25 11:05:21.191 +05:30  VRB  Executing action method Web.Ecommerce.Controllers.Account.AccountController.RegisterCustomer (Web.Ecommerce) with arguments (["Application.Ecom.Authentication.Commands.RegisterCustomer.RegisterCustomerCommand"])
2024-09-25 11:05:21.199 +05:30  DBG  Entity Framework Core 8.0.8 initialized 'EcommerceDbContext' using provider 'Microsoft.EntityFrameworkCore.SqlServer:8.0.8' with options: None
2024-09-25 11:05:21.202 +05:30  DBG  Creating DbConnection.
2024-09-25 11:05:21.202 +05:30  DBG  Created DbConnection. (0ms).
2024-09-25 11:05:21.203 +05:30  DBG  Opening connection to database 'Ecommerce' on server 'FGS-DSK-230\MSSQLSERVER2019'.
2024-09-25 11:05:21.205 +05:30  DBG  Opened connection to database 'Ecommerce' on server 'FGS-DSK-230\MSSQLSERVER2019'.
2024-09-25 11:05:21.206 +05:30  DBG  Creating DbCommand for 'ExecuteReader'.
2024-09-25 11:05:21.207 +05:30  DBG  Created DbCommand for 'ExecuteReader' (0ms).
2024-09-25 11:05:21.208 +05:30  DBG  Initialized DbCommand for 'ExecuteReader' (1ms).
2024-09-25 11:05:21.209 +05:30  DBG  Executing DbCommand [Parameters=[@__normalizedName_0='?' (Size = 256)], CommandType='"Text"', CommandTimeout='30']
SELECT TOP(1) [a].[Id], [a].[ConcurrencyStamp], [a].[Name], [a].[NormalizedName]
FROM [AspNetRoles] AS [a]
WHERE [a].[NormalizedName] = @__normalizedName_0
2024-09-25 11:05:21.213 +05:30  INF  Executed DbCommand (4ms) [Parameters=[@__normalizedName_0='?' (Size = 256)], CommandType='"Text"', CommandTimeout='30']
SELECT TOP(1) [a].[Id], [a].[ConcurrencyStamp], [a].[Name], [a].[NormalizedName]
FROM [AspNetRoles] AS [a]
WHERE [a].[NormalizedName] = @__normalizedName_0
2024-09-25 11:05:21.217 +05:30  DBG  Context 'EcommerceDbContext' started tracking 'IdentityRole' entity. Consider using 'DbContextOptionsBuilder.EnableSensitiveDataLogging' to see key values.
2024-09-25 11:05:21.219 +05:30  DBG  Closing data reader to 'Ecommerce' on server 'FGS-DSK-230\MSSQLSERVER2019'.
2024-09-25 11:05:21.221 +05:30  DBG  A data reader for 'Ecommerce' on server 'FGS-DSK-230\MSSQLSERVER2019' is being disposed after spending 4ms reading results.
2024-09-25 11:05:21.222 +05:30  DBG  Closing connection to database 'Ecommerce' on server 'FGS-DSK-230\MSSQLSERVER2019'.
2024-09-25 11:05:21.223 +05:30  DBG  Closed connection to database 'Ecommerce' on server 'FGS-DSK-230\MSSQLSERVER2019' (0ms).
2024-09-25 11:05:21.301 +05:30  DBG  Opening connection to database 'Ecommerce' on server 'FGS-DSK-230\MSSQLSERVER2019'.
2024-09-25 11:05:21.302 +05:30  DBG  Opened connection to database 'Ecommerce' on server 'FGS-DSK-230\MSSQLSERVER2019'.
2024-09-25 11:05:21.303 +05:30  DBG  Creating DbCommand for 'ExecuteReader'.
2024-09-25 11:05:21.304 +05:30  DBG  Created DbCommand for 'ExecuteReader' (0ms).
2024-09-25 11:05:21.305 +05:30  DBG  Initialized DbCommand for 'ExecuteReader' (1ms).
2024-09-25 11:05:21.305 +05:30  DBG  Executing DbCommand [Parameters=[@__normalizedUserName_0='?' (Size = 256)], CommandType='"Text"', CommandTimeout='30']
SELECT TOP(1) [a].[Id], [a].[AccessFailedCount], [a].[ConcurrencyStamp], [a].[CreatedAt], [a].[Email], [a].[EmailConfirmed], [a].[IsDeleted], [a].[IsVerified], [a].[LockoutEnabled], [a].[LockoutEnd], [a].[NormalizedEmail], [a].[NormalizedUserName], [a].[PasswordHash], [a].[PhoneNumber], [a].[PhoneNumberConfirmed], [a].[SecurityStamp], [a].[TwoFactorEnabled], [a].[UpdatedAt], [a].[UserName]
FROM [AspNetUsers] AS [a]
WHERE [a].[NormalizedUserName] = @__normalizedUserName_0
2024-09-25 11:05:21.309 +05:30  INF  Executed DbCommand (4ms) [Parameters=[@__normalizedUserName_0='?' (Size = 256)], CommandType='"Text"', CommandTimeout='30']
SELECT TOP(1) [a].[Id], [a].[AccessFailedCount], [a].[ConcurrencyStamp], [a].[CreatedAt], [a].[Email], [a].[EmailConfirmed], [a].[IsDeleted], [a].[IsVerified], [a].[LockoutEnabled], [a].[LockoutEnd], [a].[NormalizedEmail], [a].[NormalizedUserName], [a].[PasswordHash], [a].[PhoneNumber], [a].[PhoneNumberConfirmed], [a].[SecurityStamp], [a].[TwoFactorEnabled], [a].[UpdatedAt], [a].[UserName]
FROM [AspNetUsers] AS [a]
WHERE [a].[NormalizedUserName] = @__normalizedUserName_0
2024-09-25 11:05:21.312 +05:30  DBG  Context 'EcommerceDbContext' started tracking 'User' entity. Consider using 'DbContextOptionsBuilder.EnableSensitiveDataLogging' to see key values.
2024-09-25 11:05:21.313 +05:30  DBG  Closing data reader to 'Ecommerce' on server 'FGS-DSK-230\MSSQLSERVER2019'.
2024-09-25 11:05:21.315 +05:30  DBG  A data reader for 'Ecommerce' on server 'FGS-DSK-230\MSSQLSERVER2019' is being disposed after spending 2ms reading results.
2024-09-25 11:05:21.317 +05:30  DBG  Closing connection to database 'Ecommerce' on server 'FGS-DSK-230\MSSQLSERVER2019'.
2024-09-25 11:05:21.318 +05:30  DBG  Closed connection to database 'Ecommerce' on server 'FGS-DSK-230\MSSQLSERVER2019' (1ms).
2024-09-25 11:05:21.321 +05:30  DBG  Opening connection to database 'Ecommerce' on server 'FGS-DSK-230\MSSQLSERVER2019'.
2024-09-25 11:05:21.322 +05:30  DBG  Opened connection to database 'Ecommerce' on server 'FGS-DSK-230\MSSQLSERVER2019'.
2024-09-25 11:05:21.323 +05:30  DBG  Creating DbCommand for 'ExecuteReader'.
2024-09-25 11:05:21.323 +05:30  DBG  Created DbCommand for 'ExecuteReader' (0ms).
2024-09-25 11:05:21.324 +05:30  DBG  Initialized DbCommand for 'ExecuteReader' (1ms).
2024-09-25 11:05:21.325 +05:30  DBG  Executing DbCommand [Parameters=[@__normalizedEmail_0='?' (Size = 256)], CommandType='"Text"', CommandTimeout='30']
SELECT TOP(2) [a].[Id], [a].[AccessFailedCount], [a].[ConcurrencyStamp], [a].[CreatedAt], [a].[Email], [a].[EmailConfirmed], [a].[IsDeleted], [a].[IsVerified], [a].[LockoutEnabled], [a].[LockoutEnd], [a].[NormalizedEmail], [a].[NormalizedUserName], [a].[PasswordHash], [a].[PhoneNumber], [a].[PhoneNumberConfirmed], [a].[SecurityStamp], [a].[TwoFactorEnabled], [a].[UpdatedAt], [a].[UserName]
FROM [AspNetUsers] AS [a]
WHERE [a].[NormalizedEmail] = @__normalizedEmail_0
2024-09-25 11:05:21.329 +05:30  INF  Executed DbCommand (3ms) [Parameters=[@__normalizedEmail_0='?' (Size = 256)], CommandType='"Text"', CommandTimeout='30']
SELECT TOP(2) [a].[Id], [a].[AccessFailedCount], [a].[ConcurrencyStamp], [a].[CreatedAt], [a].[Email], [a].[EmailConfirmed], [a].[IsDeleted], [a].[IsVerified], [a].[LockoutEnabled], [a].[LockoutEnd], [a].[NormalizedEmail], [a].[NormalizedUserName], [a].[PasswordHash], [a].[PhoneNumber], [a].[PhoneNumberConfirmed], [a].[SecurityStamp], [a].[TwoFactorEnabled], [a].[UpdatedAt], [a].[UserName]
FROM [AspNetUsers] AS [a]
WHERE [a].[NormalizedEmail] = @__normalizedEmail_0
2024-09-25 11:05:21.331 +05:30  DBG  Closing data reader to 'Ecommerce' on server 'FGS-DSK-230\MSSQLSERVER2019'.
2024-09-25 11:05:21.332 +05:30  DBG  A data reader for 'Ecommerce' on server 'FGS-DSK-230\MSSQLSERVER2019' is being disposed after spending 1ms reading results.
2024-09-25 11:05:21.334 +05:30  DBG  Closing connection to database 'Ecommerce' on server 'FGS-DSK-230\MSSQLSERVER2019'.
2024-09-25 11:05:21.335 +05:30  DBG  Closed connection to database 'Ecommerce' on server 'FGS-DSK-230\MSSQLSERVER2019' (0ms).
2024-09-25 11:05:21.338 +05:30  DBG  User validation failed: DuplicateUserName;DuplicateEmail.
2024-09-25 11:05:21.339 +05:30  INF  Executed action method Web.Ecommerce.Controllers.Account.AccountController.RegisterCustomer (Web.Ecommerce), returned result Microsoft.AspNetCore.Mvc.BadRequestObjectResult in 147.0206ms.
2024-09-25 11:05:21.340 +05:30  VRB  Action Filter: Before executing OnActionExecuted on filter Microsoft.AspNetCore.Mvc.Infrastructure.ModelStateInvalidFilter.
2024-09-25 11:05:21.341 +05:30  VRB  Action Filter: After executing OnActionExecuted on filter Microsoft.AspNetCore.Mvc.Infrastructure.ModelStateInvalidFilter.
2024-09-25 11:05:21.342 +05:30  VRB  Action Filter: Before executing OnActionExecuted on filter Microsoft.AspNetCore.Mvc.ModelBinding.UnsupportedContentTypeFilter.
2024-09-25 11:05:21.343 +05:30  VRB  Action Filter: After executing OnActionExecuted on filter Microsoft.AspNetCore.Mvc.ModelBinding.UnsupportedContentTypeFilter.
2024-09-25 11:05:21.345 +05:30  VRB  Result Filter: Before executing OnResultExecuting on filter Microsoft.AspNetCore.Mvc.Infrastructure.ClientErrorResultFilter.
2024-09-25 11:05:21.346 +05:30  VRB  Result Filter: After executing OnResultExecuting on filter Microsoft.AspNetCore.Mvc.Infrastructure.ClientErrorResultFilter.
2024-09-25 11:05:21.347 +05:30  VRB  Before executing action result Microsoft.AspNetCore.Mvc.BadRequestObjectResult.
2024-09-25 11:05:21.348 +05:30  DBG  List of registered output formatters, in the following order: ["Microsoft.AspNetCore.Mvc.Formatters.HttpNoContentOutputFormatter","Microsoft.AspNetCore.Mvc.Formatters.StringOutputFormatter","Microsoft.AspNetCore.Mvc.Formatters.StreamOutputFormatter","Microsoft.AspNetCore.Mvc.Formatters.SystemTextJsonOutputFormatter"]
2024-09-25 11:05:21.351 +05:30  DBG  No information found on request to perform content negotiation.
2024-09-25 11:05:21.352 +05:30  DBG  Attempting to select an output formatter without using a content type as no explicit content types were specified for the response.
2024-09-25 11:05:21.352 +05:30  DBG  Attempting to select the first formatter in the output formatters list which can write the result.
2024-09-25 11:05:21.353 +05:30  DBG  Selected output formatter 'Microsoft.AspNetCore.Mvc.Formatters.SystemTextJsonOutputFormatter' and content type 'application/json' to write the response.
2024-09-25 11:05:21.354 +05:30  INF  Executing BadRequestObjectResult, writing value of type 'Application.Ecom.Authentication.Commands.RegisterCustomer.RegisterCustomerResponse'.
2024-09-25 11:05:21.355 +05:30  VRB  After executing action result Microsoft.AspNetCore.Mvc.BadRequestObjectResult.
2024-09-25 11:05:21.355 +05:30  VRB  Connection id "0HN6T30PDSD64" sending "HEADERS" frame for stream ID 1 with length 77 and flags "END_HEADERS".
2024-09-25 11:05:21.356 +05:30  VRB  Result Filter: Before executing OnResultExecuted on filter Microsoft.AspNetCore.Mvc.Infrastructure.ClientErrorResultFilter.
2024-09-25 11:05:21.357 +05:30  VRB  Result Filter: After executing OnResultExecuted on filter Microsoft.AspNetCore.Mvc.Infrastructure.ClientErrorResultFilter.
2024-09-25 11:05:21.358 +05:30  INF  Executed action Web.Ecommerce.Controllers.Account.AccountController.RegisterCustomer (Web.Ecommerce) in 189.5007ms
2024-09-25 11:05:21.361 +05:30  VRB  Connection id "0HN6T30PDSD64" sending "DATA" frame for stream ID 1 with length 118 and flags "NONE".
2024-09-25 11:05:21.362 +05:30  INF  Executed endpoint 'Web.Ecommerce.Controllers.Account.AccountController.RegisterCustomer (Web.Ecommerce)'
2024-09-25 11:05:21.364 +05:30  DBG  'EcommerceDbContext' disposed.
2024-09-25 11:05:21.365 +05:30  VRB  Connection id "0HN6T30PDSD64" sending "DATA" frame for stream ID 1 with length 0 and flags "END_STREAM".
2024-09-25 11:05:21.366 +05:30  DBG  Disposing connection to database 'Ecommerce' on server 'FGS-DSK-230\MSSQLSERVER2019'.
2024-09-25 11:05:21.368 +05:30  DBG  Disposed connection to database '' on server '' (2ms).
2024-09-25 11:05:21.369 +05:30  INF  Request finished HTTP/2 POST https://localhost:7113/api/Account/RegisterCustomer - 400 null application/json; charset=utf-8 227.8393ms
2024-09-25 11:05:26.194 +05:30  DBG  Connection id "0HN6T30PDSD64" received FIN.
2024-09-25 11:05:26.198 +05:30  DBG  Connection id "0HN6T30PDSD64" is closed. The last processed stream ID was 1.
2024-09-25 11:05:26.198 +05:30  DBG  The connection queue processing loop for 0HN6T30PDSD64 completed.
2024-09-25 11:05:26.200 +05:30  DBG  Connection id "0HN6T30PDSD64" sending FIN because: "The Socket transport's send loop completed gracefully."
2024-09-25 11:05:26.219 +05:30  DBG  Connection id "0HN6T30PDSD64" stopped.
2024-09-25 11:06:03.752 +05:30  DBG  Connection id "0HN6T30PDSD65" accepted.
2024-09-25 11:06:03.754 +05:30  DBG  Connection id "0HN6T30PDSD65" started.
2024-09-25 11:06:03.756 +05:30  DBG  Connection 0HN6T30PDSD65 established using the following protocol: "Tls12"
2024-09-25 11:06:03.757 +05:30  VRB  Connection id "0HN6T30PDSD65" sending "SETTINGS" frame for stream ID 0 with length 24 and flags "NONE".
2024-09-25 11:06:03.758 +05:30  VRB  Connection id "0HN6T30PDSD65" sending "WINDOW_UPDATE" frame for stream ID 0 with length 4 and flags 0x0.
2024-09-25 11:06:03.760 +05:30  VRB  Connection id "0HN6T30PDSD65" received "SETTINGS" frame for stream ID 0 with length 24 and flags "NONE".
2024-09-25 11:06:03.761 +05:30  VRB  Connection id "0HN6T30PDSD65" sending "SETTINGS" frame for stream ID 0 with length 0 and flags "ACK".
2024-09-25 11:06:03.762 +05:30  VRB  Connection id "0HN6T30PDSD65" received "WINDOW_UPDATE" frame for stream ID 0 with length 4 and flags 0x0.
2024-09-25 11:06:03.764 +05:30  VRB  Connection id "0HN6T30PDSD65" received "HEADERS" frame for stream ID 1 with length 408 and flags "END_HEADERS, PRIORITY".
2024-09-25 11:06:03.767 +05:30  VRB  Connection id "0HN6T30PDSD65" received "DATA" frame for stream ID 1 with length 51 and flags "END_STREAM".
2024-09-25 11:06:03.767 +05:30  INF  Request starting HTTP/2 POST https://localhost:7113/api/Account/VerifyOtp - application/json 51
2024-09-25 11:06:03.768 +05:30  VRB  Connection id "0HN6T30PDSD65" received "SETTINGS" frame for stream ID 0 with length 0 and flags "ACK".
2024-09-25 11:06:03.770 +05:30  VRB  All hosts are allowed.
2024-09-25 11:06:03.772 +05:30  DBG  1 candidate(s) found for the request path '/api/Account/VerifyOtp'
2024-09-25 11:06:03.773 +05:30  DBG  Endpoint 'Web.Ecommerce.Controllers.Account.AccountController.VerifyOtp (Web.Ecommerce)' with route pattern 'api/Account/VerifyOtp' is valid for the request path '/api/Account/VerifyOtp'
2024-09-25 11:06:03.774 +05:30  DBG  Request matched endpoint 'Web.Ecommerce.Controllers.Account.AccountController.VerifyOtp (Web.Ecommerce)'
2024-09-25 11:06:03.775 +05:30  VRB  The endpoint does not specify the IRequestSizeLimitMetadata.
2024-09-25 11:06:03.775 +05:30  DBG  Static files was skipped as the request already matched an endpoint.
2024-09-25 11:06:03.776 +05:30  DBG  The request has an origin header: 'https://localhost:7113'.
2024-09-25 11:06:03.777 +05:30  INF  CORS policy execution successful.
2024-09-25 11:06:03.777 +05:30  DBG  AuthenticationScheme: Bearer was not authenticated.
2024-09-25 11:06:03.778 +05:30  INF  Executing endpoint 'Web.Ecommerce.Controllers.Account.AccountController.VerifyOtp (Web.Ecommerce)'
2024-09-25 11:06:03.800 +05:30  INF  Route matched with {action = "VerifyOtp", controller = "Account"}. Executing controller action with signature System.Threading.Tasks.Task`1[Microsoft.AspNetCore.Mvc.IActionResult] VerifyOtp(Application.Ecom.Authentication.Commands.VerifyOTP.VerifyOtpCommand) on controller Web.Ecommerce.Controllers.Account.AccountController (Web.Ecommerce).
2024-09-25 11:06:03.803 +05:30  DBG  Execution plan of authorization filters (in the following order): ["None"]
2024-09-25 11:06:03.804 +05:30  DBG  Execution plan of resource filters (in the following order): ["None"]
2024-09-25 11:06:03.806 +05:30  DBG  Execution plan of action filters (in the following order): ["Microsoft.AspNetCore.Mvc.ModelBinding.UnsupportedContentTypeFilter (Order: -3000)","Microsoft.AspNetCore.Mvc.Infrastructure.ModelStateInvalidFilter (Order: -2000)"]
2024-09-25 11:06:03.807 +05:30  DBG  Execution plan of exception filters (in the following order): ["None"]
2024-09-25 11:06:03.808 +05:30  DBG  Execution plan of result filters (in the following order): ["Microsoft.AspNetCore.Mvc.Infrastructure.ClientErrorResultFilter (Order: -2000)"]
2024-09-25 11:06:03.809 +05:30  DBG  Executing controller factory for controller Web.Ecommerce.Controllers.Account.AccountController (Web.Ecommerce)
2024-09-25 11:06:03.810 +05:30  DBG  Executed controller factory for controller Web.Ecommerce.Controllers.Account.AccountController (Web.Ecommerce)
2024-09-25 11:06:03.811 +05:30  DBG  Attempting to bind parameter 'command' of type 'Application.Ecom.Authentication.Commands.VerifyOTP.VerifyOtpCommand' ...
2024-09-25 11:06:03.812 +05:30  DBG  Attempting to bind parameter 'command' of type 'Application.Ecom.Authentication.Commands.VerifyOTP.VerifyOtpCommand' using the name '' in request data ...
2024-09-25 11:06:03.813 +05:30  DBG  Selected input formatter 'Microsoft.AspNetCore.Mvc.Formatters.SystemTextJsonInputFormatter' for content type 'application/json'.
2024-09-25 11:06:03.821 +05:30  DBG  Connection id "0HN6T30PDSD65", Request id "0HN6T30PDSD65:00000001": started reading request body.
2024-09-25 11:06:03.822 +05:30  DBG  Connection id "0HN6T30PDSD65", Request id "0HN6T30PDSD65:00000001": done reading request body.
2024-09-25 11:06:03.824 +05:30  DBG  JSON input formatter succeeded, deserializing to type 'Application.Ecom.Authentication.Commands.VerifyOTP.VerifyOtpCommand'
2024-09-25 11:06:03.825 +05:30  DBG  Done attempting to bind parameter 'command' of type 'Application.Ecom.Authentication.Commands.VerifyOTP.VerifyOtpCommand'.
2024-09-25 11:06:03.827 +05:30  DBG  Done attempting to bind parameter 'command' of type 'Application.Ecom.Authentication.Commands.VerifyOTP.VerifyOtpCommand'.
2024-09-25 11:06:03.828 +05:30  DBG  Attempting to validate the bound parameter 'command' of type 'Application.Ecom.Authentication.Commands.VerifyOTP.VerifyOtpCommand' ...
2024-09-25 11:06:03.835 +05:30  DBG  Done attempting to validate the bound parameter 'command' of type 'Application.Ecom.Authentication.Commands.VerifyOTP.VerifyOtpCommand'.
2024-09-25 11:06:03.836 +05:30  VRB  Action Filter: Before executing OnActionExecuting on filter Microsoft.AspNetCore.Mvc.ModelBinding.UnsupportedContentTypeFilter.
2024-09-25 11:06:03.838 +05:30  VRB  Action Filter: After executing OnActionExecuting on filter Microsoft.AspNetCore.Mvc.ModelBinding.UnsupportedContentTypeFilter.
2024-09-25 11:06:03.839 +05:30  VRB  Action Filter: Before executing OnActionExecuting on filter Microsoft.AspNetCore.Mvc.Infrastructure.ModelStateInvalidFilter.
2024-09-25 11:06:03.840 +05:30  VRB  Action Filter: After executing OnActionExecuting on filter Microsoft.AspNetCore.Mvc.Infrastructure.ModelStateInvalidFilter.
2024-09-25 11:06:03.841 +05:30  INF  Executing action method Web.Ecommerce.Controllers.Account.AccountController.VerifyOtp (Web.Ecommerce) - Validation state: "Valid"
2024-09-25 11:06:03.842 +05:30  VRB  Executing action method Web.Ecommerce.Controllers.Account.AccountController.VerifyOtp (Web.Ecommerce) with arguments (["Application.Ecom.Authentication.Commands.VerifyOTP.VerifyOtpCommand"])
2024-09-25 11:06:03.856 +05:30  DBG  Entity Framework Core 8.0.8 initialized 'EcommerceDbContext' using provider 'Microsoft.EntityFrameworkCore.SqlServer:8.0.8' with options: None
2024-09-25 11:06:03.864 +05:30  DBG  Compiling query expression: 
'DbSet<Otp>()
    .Where(o => o.Email == __email_0 && o.OtpCode == __otp_1)
    .OrderByDescending(o => o.CreatedAt)
    .FirstOrDefault()'
2024-09-25 11:06:03.881 +05:30  DBG  Generated query execution expression: 
'queryContext => ShapedQueryCompilingExpressionVisitor.SingleOrDefaultAsync<Otp>(
    asyncEnumerable: new SingleQueryingEnumerable<Otp>(
        (RelationalQueryContext)queryContext, 
        RelationalCommandCache.QueryExpression(
            Projection Mapping:
                EmptyProjectionMember -> Dictionary<IProperty, int> { [Property: Otp.OtpId (Guid) Required PK AfterSave:Throw ValueGenerated.OnAdd, 0], [Property: Otp.CreatedAt (DateTime) Required, 1], [Property: Otp.Email (string) Required, 2], [Property: Otp.OtpCode (string) Required, 3] }
            SELECT TOP(1) o.OtpId, o.CreatedAt, o.Email, o.OtpCode
            FROM Otps AS o
            WHERE (o.Email == @__email_0) && (o.OtpCode == @__otp_1)
            ORDER BY o.CreatedAt DESC), 
        null, 
        Func<QueryContext, DbDataReader, ResultContext, SingleQueryResultCoordinator, Otp>, 
        Persistance.EcommerceDbContext, 
        False, 
        False, 
        True
    ), 
    cancellationToken: queryContext.CancellationToken)'
2024-09-25 11:06:03.890 +05:30  DBG  Creating DbConnection.
2024-09-25 11:06:03.890 +05:30  DBG  Created DbConnection. (0ms).
2024-09-25 11:06:03.891 +05:30  DBG  Opening connection to database 'Ecommerce' on server 'FGS-DSK-230\MSSQLSERVER2019'.
2024-09-25 11:06:03.892 +05:30  DBG  Opened connection to database 'Ecommerce' on server 'FGS-DSK-230\MSSQLSERVER2019'.
2024-09-25 11:06:03.893 +05:30  DBG  Creating DbCommand for 'ExecuteReader'.
2024-09-25 11:06:03.894 +05:30  DBG  Created DbCommand for 'ExecuteReader' (0ms).
2024-09-25 11:06:03.894 +05:30  DBG  Initialized DbCommand for 'ExecuteReader' (1ms).
2024-09-25 11:06:03.895 +05:30  DBG  Executing DbCommand [Parameters=[@__email_0='?' (Size = 4000), @__otp_1='?' (Size = 4000)], CommandType='"Text"', CommandTimeout='30']
SELECT TOP(1) [o].[OtpId], [o].[CreatedAt], [o].[Email], [o].[OtpCode]
FROM [Otps] AS [o]
WHERE [o].[Email] = @__email_0 AND [o].[OtpCode] = @__otp_1
ORDER BY [o].[CreatedAt] DESC
2024-09-25 11:06:03.917 +05:30  INF  Executed DbCommand (21ms) [Parameters=[@__email_0='?' (Size = 4000), @__otp_1='?' (Size = 4000)], CommandType='"Text"', CommandTimeout='30']
SELECT TOP(1) [o].[OtpId], [o].[CreatedAt], [o].[Email], [o].[OtpCode]
FROM [Otps] AS [o]
WHERE [o].[Email] = @__email_0 AND [o].[OtpCode] = @__otp_1
ORDER BY [o].[CreatedAt] DESC
2024-09-25 11:06:03.920 +05:30  DBG  Closing data reader to 'Ecommerce' on server 'FGS-DSK-230\MSSQLSERVER2019'.
2024-09-25 11:06:03.921 +05:30  DBG  A data reader for 'Ecommerce' on server 'FGS-DSK-230\MSSQLSERVER2019' is being disposed after spending 1ms reading results.
2024-09-25 11:06:03.922 +05:30  DBG  Closing connection to database 'Ecommerce' on server 'FGS-DSK-230\MSSQLSERVER2019'.
2024-09-25 11:06:03.923 +05:30  DBG  Closed connection to database 'Ecommerce' on server 'FGS-DSK-230\MSSQLSERVER2019' (0ms).
2024-09-25 11:06:03.926 +05:30  INF  Executed action method Web.Ecommerce.Controllers.Account.AccountController.VerifyOtp (Web.Ecommerce), returned result Microsoft.AspNetCore.Mvc.BadRequestObjectResult in 82.4795ms.
2024-09-25 11:06:03.927 +05:30  VRB  Action Filter: Before executing OnActionExecuted on filter Microsoft.AspNetCore.Mvc.Infrastructure.ModelStateInvalidFilter.
2024-09-25 11:06:03.928 +05:30  VRB  Action Filter: After executing OnActionExecuted on filter Microsoft.AspNetCore.Mvc.Infrastructure.ModelStateInvalidFilter.
2024-09-25 11:06:03.929 +05:30  VRB  Action Filter: Before executing OnActionExecuted on filter Microsoft.AspNetCore.Mvc.ModelBinding.UnsupportedContentTypeFilter.
2024-09-25 11:06:03.930 +05:30  VRB  Action Filter: After executing OnActionExecuted on filter Microsoft.AspNetCore.Mvc.ModelBinding.UnsupportedContentTypeFilter.
2024-09-25 11:06:03.933 +05:30  VRB  Result Filter: Before executing OnResultExecuting on filter Microsoft.AspNetCore.Mvc.Infrastructure.ClientErrorResultFilter.
2024-09-25 11:06:03.935 +05:30  VRB  Result Filter: After executing OnResultExecuting on filter Microsoft.AspNetCore.Mvc.Infrastructure.ClientErrorResultFilter.
2024-09-25 11:06:03.936 +05:30  VRB  Before executing action result Microsoft.AspNetCore.Mvc.BadRequestObjectResult.
2024-09-25 11:06:03.937 +05:30  DBG  List of registered output formatters, in the following order: ["Microsoft.AspNetCore.Mvc.Formatters.HttpNoContentOutputFormatter","Microsoft.AspNetCore.Mvc.Formatters.StringOutputFormatter","Microsoft.AspNetCore.Mvc.Formatters.StreamOutputFormatter","Microsoft.AspNetCore.Mvc.Formatters.SystemTextJsonOutputFormatter"]
2024-09-25 11:06:03.938 +05:30  DBG  No information found on request to perform content negotiation.
2024-09-25 11:06:03.939 +05:30  DBG  Attempting to select an output formatter without using a content type as no explicit content types were specified for the response.
2024-09-25 11:06:03.939 +05:30  DBG  Attempting to select the first formatter in the output formatters list which can write the result.
2024-09-25 11:06:03.940 +05:30  DBG  Selected output formatter 'Microsoft.AspNetCore.Mvc.Formatters.SystemTextJsonOutputFormatter' and content type 'application/json' to write the response.
2024-09-25 11:06:03.941 +05:30  INF  Executing BadRequestObjectResult, writing value of type '<>f__AnonymousType0`2[[System.String, System.Private.CoreLib, Version=8.0.0.0, Culture=neutral, PublicKeyToken=7cec85d7bea7798e],[System.Boolean, System.Private.CoreLib, Version=8.0.0.0, Culture=neutral, PublicKeyToken=7cec85d7bea7798e]]'.
2024-09-25 11:06:03.946 +05:30  VRB  After executing action result Microsoft.AspNetCore.Mvc.BadRequestObjectResult.
2024-09-25 11:06:03.947 +05:30  VRB  Connection id "0HN6T30PDSD65" sending "HEADERS" frame for stream ID 1 with length 77 and flags "END_HEADERS".
2024-09-25 11:06:03.947 +05:30  VRB  Result Filter: Before executing OnResultExecuted on filter Microsoft.AspNetCore.Mvc.Infrastructure.ClientErrorResultFilter.
2024-09-25 11:06:03.949 +05:30  VRB  Connection id "0HN6T30PDSD65" sending "DATA" frame for stream ID 1 with length 53 and flags "NONE".
2024-09-25 11:06:03.951 +05:30  VRB  Result Filter: After executing OnResultExecuted on filter Microsoft.AspNetCore.Mvc.Infrastructure.ClientErrorResultFilter.
2024-09-25 11:06:03.953 +05:30  INF  Executed action Web.Ecommerce.Controllers.Account.AccountController.VerifyOtp (Web.Ecommerce) in 144.3791ms
2024-09-25 11:06:03.954 +05:30  INF  Executed endpoint 'Web.Ecommerce.Controllers.Account.AccountController.VerifyOtp (Web.Ecommerce)'
2024-09-25 11:06:03.955 +05:30  VRB  Connection id "0HN6T30PDSD65" sending "DATA" frame for stream ID 1 with length 0 and flags "END_STREAM".
2024-09-25 11:06:03.955 +05:30  DBG  'EcommerceDbContext' disposed.
2024-09-25 11:06:03.958 +05:30  DBG  Disposing connection to database 'Ecommerce' on server 'FGS-DSK-230\MSSQLSERVER2019'.
2024-09-25 11:06:03.959 +05:30  DBG  Disposed connection to database '' on server '' (0ms).
2024-09-25 11:06:03.960 +05:30  INF  Request finished HTTP/2 POST https://localhost:7113/api/Account/VerifyOtp - 400 null application/json; charset=utf-8 192.7946ms
2024-09-25 11:06:06.216 +05:30  DBG  Connection id "0HN6T30PDSD65" received FIN.
2024-09-25 11:06:06.221 +05:30  DBG  Connection id "0HN6T30PDSD65" is closed. The last processed stream ID was 1.
2024-09-25 11:06:06.221 +05:30  DBG  The connection queue processing loop for 0HN6T30PDSD65 completed.
2024-09-25 11:06:06.223 +05:30  DBG  Connection id "0HN6T30PDSD65" sending FIN because: "The Socket transport's send loop completed gracefully."
2024-09-25 11:06:06.225 +05:30  DBG  Connection id "0HN6T30PDSD65" stopped.
2024-09-25 11:07:10.419 +05:30  DBG  Connection id "0HN6T30PDSD66" accepted.
2024-09-25 11:07:10.421 +05:30  DBG  Connection id "0HN6T30PDSD66" started.
2024-09-25 11:07:10.429 +05:30  DBG  Connection 0HN6T30PDSD66 established using the following protocol: "Tls12"
2024-09-25 11:07:10.432 +05:30  VRB  Connection id "0HN6T30PDSD66" sending "SETTINGS" frame for stream ID 0 with length 24 and flags "NONE".
2024-09-25 11:07:10.437 +05:30  VRB  Connection id "0HN6T30PDSD66" sending "WINDOW_UPDATE" frame for stream ID 0 with length 4 and flags 0x0.
2024-09-25 11:07:10.462 +05:30  VRB  Connection id "0HN6T30PDSD66" received "SETTINGS" frame for stream ID 0 with length 24 and flags "NONE".
2024-09-25 11:07:10.471 +05:30  VRB  Connection id "0HN6T30PDSD66" sending "SETTINGS" frame for stream ID 0 with length 0 and flags "ACK".
2024-09-25 11:07:10.476 +05:30  VRB  Connection id "0HN6T30PDSD66" received "WINDOW_UPDATE" frame for stream ID 0 with length 4 and flags 0x0.
2024-09-25 11:07:10.480 +05:30  VRB  Connection id "0HN6T30PDSD66" received "HEADERS" frame for stream ID 1 with length 335 and flags "END_STREAM, END_HEADERS, PRIORITY".
2024-09-25 11:07:10.486 +05:30  VRB  Connection id "0HN6T30PDSD66" received "SETTINGS" frame for stream ID 0 with length 0 and flags "ACK".
2024-09-25 11:07:10.486 +05:30  INF  Request starting HTTP/2 OPTIONS https://localhost:7113/api/Account/Login - null null
2024-09-25 11:07:10.497 +05:30  VRB  All hosts are allowed.
2024-09-25 11:07:10.499 +05:30  DBG  1 candidate(s) found for the request path '/api/Account/Login'
2024-09-25 11:07:10.500 +05:30  DBG  Request matched endpoint '405 HTTP Method Not Supported'
2024-09-25 11:07:10.501 +05:30  VRB  The endpoint does not specify the IRequestSizeLimitMetadata.
2024-09-25 11:07:10.502 +05:30  DBG  Static files was skipped as the request already matched an endpoint.
2024-09-25 11:07:10.503 +05:30  DBG  The request has an origin header: 'http://localhost:4200'.
2024-09-25 11:07:10.504 +05:30  INF  CORS policy execution successful.
2024-09-25 11:07:10.505 +05:30  DBG  The request is a preflight request.
2024-09-25 11:07:10.507 +05:30  VRB  Connection id "0HN6T30PDSD66" sending "HEADERS" frame for stream ID 1 with length 122 and flags "END_STREAM, END_HEADERS".
2024-09-25 11:07:10.507 +05:30  INF  Request finished HTTP/2 OPTIONS https://localhost:7113/api/Account/Login - 204 null null 21.136ms
2024-09-25 11:07:10.510 +05:30  VRB  Connection id "0HN6T30PDSD66" received "HEADERS" frame for stream ID 3 with length 181 and flags "END_HEADERS, PRIORITY".
2024-09-25 11:07:10.513 +05:30  VRB  Connection id "0HN6T30PDSD66" received "DATA" frame for stream ID 3 with length 66 and flags "END_STREAM".
2024-09-25 11:07:10.513 +05:30  INF  Request starting HTTP/2 POST https://localhost:7113/api/Account/Login - application/json 66
2024-09-25 11:07:10.517 +05:30  VRB  All hosts are allowed.
2024-09-25 11:07:10.518 +05:30  DBG  1 candidate(s) found for the request path '/api/Account/Login'
2024-09-25 11:07:10.519 +05:30  DBG  Endpoint 'Web.Ecommerce.Controllers.Account.AccountController.Login (Web.Ecommerce)' with route pattern 'api/Account/Login' is valid for the request path '/api/Account/Login'
2024-09-25 11:07:10.520 +05:30  DBG  Request matched endpoint 'Web.Ecommerce.Controllers.Account.AccountController.Login (Web.Ecommerce)'
2024-09-25 11:07:10.521 +05:30  VRB  The endpoint does not specify the IRequestSizeLimitMetadata.
2024-09-25 11:07:10.521 +05:30  DBG  Static files was skipped as the request already matched an endpoint.
2024-09-25 11:07:10.522 +05:30  DBG  The request has an origin header: 'http://localhost:4200'.
2024-09-25 11:07:10.522 +05:30  INF  CORS policy execution successful.
2024-09-25 11:07:10.523 +05:30  DBG  AuthenticationScheme: Bearer was not authenticated.
2024-09-25 11:07:10.523 +05:30  INF  Executing endpoint 'Web.Ecommerce.Controllers.Account.AccountController.Login (Web.Ecommerce)'
2024-09-25 11:07:10.524 +05:30  INF  Route matched with {action = "Login", controller = "Account"}. Executing controller action with signature System.Threading.Tasks.Task`1[Microsoft.AspNetCore.Mvc.IActionResult] Login(Application.Ecom.Authentication.Commands.LoginUser.LoginUserCommand) on controller Web.Ecommerce.Controllers.Account.AccountController (Web.Ecommerce).
2024-09-25 11:07:10.526 +05:30  DBG  Execution plan of authorization filters (in the following order): ["None"]
2024-09-25 11:07:10.527 +05:30  DBG  Execution plan of resource filters (in the following order): ["None"]
2024-09-25 11:07:10.528 +05:30  DBG  Execution plan of action filters (in the following order): ["Microsoft.AspNetCore.Mvc.ModelBinding.UnsupportedContentTypeFilter (Order: -3000)","Microsoft.AspNetCore.Mvc.Infrastructure.ModelStateInvalidFilter (Order: -2000)"]
2024-09-25 11:07:10.529 +05:30  DBG  Execution plan of exception filters (in the following order): ["None"]
2024-09-25 11:07:10.530 +05:30  DBG  Execution plan of result filters (in the following order): ["Microsoft.AspNetCore.Mvc.Infrastructure.ClientErrorResultFilter (Order: -2000)"]
2024-09-25 11:07:10.531 +05:30  DBG  Executing controller factory for controller Web.Ecommerce.Controllers.Account.AccountController (Web.Ecommerce)
2024-09-25 11:07:10.533 +05:30  DBG  Executed controller factory for controller Web.Ecommerce.Controllers.Account.AccountController (Web.Ecommerce)
2024-09-25 11:07:10.534 +05:30  DBG  Attempting to bind parameter 'command' of type 'Application.Ecom.Authentication.Commands.LoginUser.LoginUserCommand' ...
2024-09-25 11:07:10.535 +05:30  DBG  Attempting to bind parameter 'command' of type 'Application.Ecom.Authentication.Commands.LoginUser.LoginUserCommand' using the name '' in request data ...
2024-09-25 11:07:10.536 +05:30  DBG  Selected input formatter 'Microsoft.AspNetCore.Mvc.Formatters.SystemTextJsonInputFormatter' for content type 'application/json'.
2024-09-25 11:07:10.537 +05:30  DBG  Connection id "0HN6T30PDSD66", Request id "0HN6T30PDSD66:00000003": started reading request body.
2024-09-25 11:07:10.538 +05:30  DBG  Connection id "0HN6T30PDSD66", Request id "0HN6T30PDSD66:00000003": done reading request body.
2024-09-25 11:07:10.539 +05:30  DBG  JSON input formatter succeeded, deserializing to type 'Application.Ecom.Authentication.Commands.LoginUser.LoginUserCommand'
2024-09-25 11:07:10.540 +05:30  DBG  Done attempting to bind parameter 'command' of type 'Application.Ecom.Authentication.Commands.LoginUser.LoginUserCommand'.
2024-09-25 11:07:10.541 +05:30  DBG  Done attempting to bind parameter 'command' of type 'Application.Ecom.Authentication.Commands.LoginUser.LoginUserCommand'.
2024-09-25 11:07:10.542 +05:30  DBG  Attempting to validate the bound parameter 'command' of type 'Application.Ecom.Authentication.Commands.LoginUser.LoginUserCommand' ...
2024-09-25 11:07:10.543 +05:30  DBG  Done attempting to validate the bound parameter 'command' of type 'Application.Ecom.Authentication.Commands.LoginUser.LoginUserCommand'.
2024-09-25 11:07:10.544 +05:30  VRB  Action Filter: Before executing OnActionExecuting on filter Microsoft.AspNetCore.Mvc.ModelBinding.UnsupportedContentTypeFilter.
2024-09-25 11:07:10.545 +05:30  VRB  Action Filter: After executing OnActionExecuting on filter Microsoft.AspNetCore.Mvc.ModelBinding.UnsupportedContentTypeFilter.
2024-09-25 11:07:10.546 +05:30  VRB  Action Filter: Before executing OnActionExecuting on filter Microsoft.AspNetCore.Mvc.Infrastructure.ModelStateInvalidFilter.
2024-09-25 11:07:10.547 +05:30  VRB  Action Filter: After executing OnActionExecuting on filter Microsoft.AspNetCore.Mvc.Infrastructure.ModelStateInvalidFilter.
2024-09-25 11:07:10.548 +05:30  INF  Executing action method Web.Ecommerce.Controllers.Account.AccountController.Login (Web.Ecommerce) - Validation state: "Valid"
2024-09-25 11:07:10.549 +05:30  VRB  Executing action method Web.Ecommerce.Controllers.Account.AccountController.Login (Web.Ecommerce) with arguments (["Application.Ecom.Authentication.Commands.LoginUser.LoginUserCommand"])
2024-09-25 11:07:10.551 +05:30  DBG  Entity Framework Core 8.0.8 initialized 'EcommerceDbContext' using provider 'Microsoft.EntityFrameworkCore.SqlServer:8.0.8' with options: None
2024-09-25 11:07:10.553 +05:30  DBG  Creating DbConnection.
2024-09-25 11:07:10.554 +05:30  DBG  Created DbConnection. (0ms).
2024-09-25 11:07:10.554 +05:30  DBG  Opening connection to database 'Ecommerce' on server 'FGS-DSK-230\MSSQLSERVER2019'.
2024-09-25 11:07:10.555 +05:30  DBG  Opened connection to database 'Ecommerce' on server 'FGS-DSK-230\MSSQLSERVER2019'.
2024-09-25 11:07:10.556 +05:30  DBG  Creating DbCommand for 'ExecuteReader'.
2024-09-25 11:07:10.557 +05:30  DBG  Created DbCommand for 'ExecuteReader' (0ms).
2024-09-25 11:07:10.557 +05:30  DBG  Initialized DbCommand for 'ExecuteReader' (1ms).
2024-09-25 11:07:10.558 +05:30  DBG  Executing DbCommand [Parameters=[@__normalizedEmail_0='?' (Size = 256)], CommandType='"Text"', CommandTimeout='30']
SELECT TOP(2) [a].[Id], [a].[AccessFailedCount], [a].[ConcurrencyStamp], [a].[CreatedAt], [a].[Email], [a].[EmailConfirmed], [a].[IsDeleted], [a].[IsVerified], [a].[LockoutEnabled], [a].[LockoutEnd], [a].[NormalizedEmail], [a].[NormalizedUserName], [a].[PasswordHash], [a].[PhoneNumber], [a].[PhoneNumberConfirmed], [a].[SecurityStamp], [a].[TwoFactorEnabled], [a].[UpdatedAt], [a].[UserName]
FROM [AspNetUsers] AS [a]
WHERE [a].[NormalizedEmail] = @__normalizedEmail_0
2024-09-25 11:07:10.562 +05:30  INF  Executed DbCommand (4ms) [Parameters=[@__normalizedEmail_0='?' (Size = 256)], CommandType='"Text"', CommandTimeout='30']
SELECT TOP(2) [a].[Id], [a].[AccessFailedCount], [a].[ConcurrencyStamp], [a].[CreatedAt], [a].[Email], [a].[EmailConfirmed], [a].[IsDeleted], [a].[IsVerified], [a].[LockoutEnabled], [a].[LockoutEnd], [a].[NormalizedEmail], [a].[NormalizedUserName], [a].[PasswordHash], [a].[PhoneNumber], [a].[PhoneNumberConfirmed], [a].[SecurityStamp], [a].[TwoFactorEnabled], [a].[UpdatedAt], [a].[UserName]
FROM [AspNetUsers] AS [a]
WHERE [a].[NormalizedEmail] = @__normalizedEmail_0
2024-09-25 11:07:10.565 +05:30  DBG  Context 'EcommerceDbContext' started tracking 'User' entity. Consider using 'DbContextOptionsBuilder.EnableSensitiveDataLogging' to see key values.
2024-09-25 11:07:10.567 +05:30  DBG  Closing data reader to 'Ecommerce' on server 'FGS-DSK-230\MSSQLSERVER2019'.
2024-09-25 11:07:10.568 +05:30  DBG  A data reader for 'Ecommerce' on server 'FGS-DSK-230\MSSQLSERVER2019' is being disposed after spending 3ms reading results.
2024-09-25 11:07:10.569 +05:30  DBG  Closing connection to database 'Ecommerce' on server 'FGS-DSK-230\MSSQLSERVER2019'.
2024-09-25 11:07:10.570 +05:30  DBG  Closed connection to database 'Ecommerce' on server 'FGS-DSK-230\MSSQLSERVER2019' (0ms).
2024-09-25 11:07:10.642 +05:30  DBG  Opening connection to database 'Ecommerce' on server 'FGS-DSK-230\MSSQLSERVER2019'.
2024-09-25 11:07:10.643 +05:30  DBG  Opened connection to database 'Ecommerce' on server 'FGS-DSK-230\MSSQLSERVER2019'.
2024-09-25 11:07:10.644 +05:30  DBG  Creating DbCommand for 'ExecuteReader'.
2024-09-25 11:07:10.646 +05:30  DBG  Created DbCommand for 'ExecuteReader' (1ms).
2024-09-25 11:07:10.647 +05:30  DBG  Initialized DbCommand for 'ExecuteReader' (2ms).
2024-09-25 11:07:10.648 +05:30  DBG  Executing DbCommand [Parameters=[@__userId_0='?' (DbType = Guid)], CommandType='"Text"', CommandTimeout='30']
SELECT [a0].[Name]
FROM [AspNetUserRoles] AS [a]
INNER JOIN [AspNetRoles] AS [a0] ON [a].[RoleId] = [a0].[Id]
WHERE [a].[UserId] = @__userId_0
2024-09-25 11:07:10.652 +05:30  INF  Executed DbCommand (4ms) [Parameters=[@__userId_0='?' (DbType = Guid)], CommandType='"Text"', CommandTimeout='30']
SELECT [a0].[Name]
FROM [AspNetUserRoles] AS [a]
INNER JOIN [AspNetRoles] AS [a0] ON [a].[RoleId] = [a0].[Id]
WHERE [a].[UserId] = @__userId_0
2024-09-25 11:07:10.654 +05:30  DBG  Closing data reader to 'Ecommerce' on server 'FGS-DSK-230\MSSQLSERVER2019'.
2024-09-25 11:07:10.655 +05:30  DBG  A data reader for 'Ecommerce' on server 'FGS-DSK-230\MSSQLSERVER2019' is being disposed after spending 0ms reading results.
2024-09-25 11:07:10.656 +05:30  DBG  Closing connection to database 'Ecommerce' on server 'FGS-DSK-230\MSSQLSERVER2019'.
2024-09-25 11:07:10.657 +05:30  DBG  Closed connection to database 'Ecommerce' on server 'FGS-DSK-230\MSSQLSERVER2019' (0ms).
2024-09-25 11:07:10.659 +05:30  INF  Executed action method Web.Ecommerce.Controllers.Account.AccountController.Login (Web.Ecommerce), returned result Microsoft.AspNetCore.Mvc.OkObjectResult in 108.0553ms.
2024-09-25 11:07:10.660 +05:30  VRB  Action Filter: Before executing OnActionExecuted on filter Microsoft.AspNetCore.Mvc.Infrastructure.ModelStateInvalidFilter.
2024-09-25 11:07:10.661 +05:30  VRB  Action Filter: After executing OnActionExecuted on filter Microsoft.AspNetCore.Mvc.Infrastructure.ModelStateInvalidFilter.
2024-09-25 11:07:10.664 +05:30  VRB  Action Filter: Before executing OnActionExecuted on filter Microsoft.AspNetCore.Mvc.ModelBinding.UnsupportedContentTypeFilter.
2024-09-25 11:07:10.665 +05:30  VRB  Action Filter: After executing OnActionExecuted on filter Microsoft.AspNetCore.Mvc.ModelBinding.UnsupportedContentTypeFilter.
2024-09-25 11:07:10.667 +05:30  VRB  Result Filter: Before executing OnResultExecuting on filter Microsoft.AspNetCore.Mvc.Infrastructure.ClientErrorResultFilter.
2024-09-25 11:07:10.668 +05:30  VRB  Result Filter: After executing OnResultExecuting on filter Microsoft.AspNetCore.Mvc.Infrastructure.ClientErrorResultFilter.
2024-09-25 11:07:10.669 +05:30  VRB  Before executing action result Microsoft.AspNetCore.Mvc.OkObjectResult.
2024-09-25 11:07:10.670 +05:30  DBG  List of registered output formatters, in the following order: ["Microsoft.AspNetCore.Mvc.Formatters.HttpNoContentOutputFormatter","Microsoft.AspNetCore.Mvc.Formatters.StringOutputFormatter","Microsoft.AspNetCore.Mvc.Formatters.StreamOutputFormatter","Microsoft.AspNetCore.Mvc.Formatters.SystemTextJsonOutputFormatter"]
2024-09-25 11:07:10.672 +05:30  DBG  No information found on request to perform content negotiation.
2024-09-25 11:07:10.673 +05:30  DBG  Attempting to select an output formatter without using a content type as no explicit content types were specified for the response.
2024-09-25 11:07:10.674 +05:30  DBG  Attempting to select the first formatter in the output formatters list which can write the result.
2024-09-25 11:07:10.675 +05:30  DBG  Selected output formatter 'Microsoft.AspNetCore.Mvc.Formatters.SystemTextJsonOutputFormatter' and content type 'application/json' to write the response.
2024-09-25 11:07:10.676 +05:30  INF  Executing OkObjectResult, writing value of type '<>f__AnonymousType1`3[[System.String, System.Private.CoreLib, Version=8.0.0.0, Culture=neutral, PublicKeyToken=7cec85d7bea7798e],[System.String, System.Private.CoreLib, Version=8.0.0.0, Culture=neutral, PublicKeyToken=7cec85d7bea7798e],[System.Collections.Generic.IEnumerable`1[[System.String, System.Private.CoreLib, Version=8.0.0.0, Culture=neutral, PublicKeyToken=7cec85d7bea7798e]], System.Private.CoreLib, Version=8.0.0.0, Culture=neutral, PublicKeyToken=7cec85d7bea7798e]]'.
2024-09-25 11:07:10.679 +05:30  VRB  After executing action result Microsoft.AspNetCore.Mvc.OkObjectResult.
2024-09-25 11:07:10.679 +05:30  VRB  Connection id "0HN6T30PDSD66" sending "HEADERS" frame for stream ID 3 with length 37 and flags "END_HEADERS".
2024-09-25 11:07:10.679 +05:30  VRB  Result Filter: Before executing OnResultExecuted on filter Microsoft.AspNetCore.Mvc.Infrastructure.ClientErrorResultFilter.
2024-09-25 11:07:10.681 +05:30  VRB  Connection id "0HN6T30PDSD66" sending "DATA" frame for stream ID 3 with length 591 and flags "NONE".
2024-09-25 11:07:10.683 +05:30  VRB  Result Filter: After executing OnResultExecuted on filter Microsoft.AspNetCore.Mvc.Infrastructure.ClientErrorResultFilter.
2024-09-25 11:07:10.688 +05:30  INF  Executed action Web.Ecommerce.Controllers.Account.AccountController.Login (Web.Ecommerce) in 156.7192ms
2024-09-25 11:07:10.689 +05:30  INF  Executed endpoint 'Web.Ecommerce.Controllers.Account.AccountController.Login (Web.Ecommerce)'
2024-09-25 11:07:10.690 +05:30  DBG  'EcommerceDbContext' disposed.
2024-09-25 11:07:10.690 +05:30  VRB  Connection id "0HN6T30PDSD66" sending "DATA" frame for stream ID 3 with length 0 and flags "END_STREAM".
2024-09-25 11:07:10.691 +05:30  DBG  Disposing connection to database 'Ecommerce' on server 'FGS-DSK-230\MSSQLSERVER2019'.
2024-09-25 11:07:10.695 +05:30  DBG  Disposed connection to database '' on server '' (3ms).
2024-09-25 11:07:10.697 +05:30  INF  Request finished HTTP/2 POST https://localhost:7113/api/Account/Login - 200 null application/json; charset=utf-8 184.0553ms
2024-09-25 11:07:11.332 +05:30  DBG  Connection id "0HN6T30PDSD66" received FIN.
2024-09-25 11:07:11.338 +05:30  DBG  Connection id "0HN6T30PDSD66" is closed. The last processed stream ID was 3.
2024-09-25 11:07:11.338 +05:30  DBG  The connection queue processing loop for 0HN6T30PDSD66 completed.
2024-09-25 11:07:11.342 +05:30  DBG  Connection id "0HN6T30PDSD66" sending FIN because: "The Socket transport's send loop completed gracefully."
2024-09-25 11:07:11.361 +05:30  DBG  Connection id "0HN6T30PDSD66" stopped.
2024-09-25 11:08:26.556 +05:30  DBG  Connection id "0HN6T30PDSD67" accepted.
2024-09-25 11:08:26.562 +05:30  DBG  Connection id "0HN6T30PDSD67" started.
2024-09-25 11:08:26.564 +05:30  DBG  Connection 0HN6T30PDSD67 established using the following protocol: "Tls12"
2024-09-25 11:08:26.572 +05:30  VRB  Connection id "0HN6T30PDSD67" sending "SETTINGS" frame for stream ID 0 with length 24 and flags "NONE".
2024-09-25 11:08:26.617 +05:30  VRB  Connection id "0HN6T30PDSD67" sending "WINDOW_UPDATE" frame for stream ID 0 with length 4 and flags 0x0.
2024-09-25 11:08:26.620 +05:30  VRB  Connection id "0HN6T30PDSD67" received "SETTINGS" frame for stream ID 0 with length 24 and flags "NONE".
2024-09-25 11:08:26.622 +05:30  VRB  Connection id "0HN6T30PDSD67" sending "SETTINGS" frame for stream ID 0 with length 0 and flags "ACK".
2024-09-25 11:08:26.624 +05:30  VRB  Connection id "0HN6T30PDSD67" received "WINDOW_UPDATE" frame for stream ID 0 with length 4 and flags 0x0.
2024-09-25 11:08:26.626 +05:30  VRB  Connection id "0HN6T30PDSD67" received "HEADERS" frame for stream ID 1 with length 335 and flags "END_STREAM, END_HEADERS, PRIORITY".
2024-09-25 11:08:26.628 +05:30  VRB  Connection id "0HN6T30PDSD67" received "SETTINGS" frame for stream ID 0 with length 0 and flags "ACK".
2024-09-25 11:08:26.628 +05:30  INF  Request starting HTTP/2 OPTIONS https://localhost:7113/api/Account/Login - null null
2024-09-25 11:08:26.632 +05:30  VRB  All hosts are allowed.
2024-09-25 11:08:26.633 +05:30  DBG  1 candidate(s) found for the request path '/api/Account/Login'
2024-09-25 11:08:26.634 +05:30  DBG  Request matched endpoint '405 HTTP Method Not Supported'
2024-09-25 11:08:26.634 +05:30  VRB  The endpoint does not specify the IRequestSizeLimitMetadata.
2024-09-25 11:08:26.635 +05:30  DBG  Static files was skipped as the request already matched an endpoint.
2024-09-25 11:08:26.636 +05:30  DBG  The request has an origin header: 'http://localhost:4200'.
2024-09-25 11:08:26.636 +05:30  INF  CORS policy execution successful.
2024-09-25 11:08:26.637 +05:30  DBG  The request is a preflight request.
2024-09-25 11:08:26.637 +05:30  INF  Request finished HTTP/2 OPTIONS https://localhost:7113/api/Account/Login - 204 null null 9.4124ms
2024-09-25 11:08:26.637 +05:30  VRB  Connection id "0HN6T30PDSD67" sending "HEADERS" frame for stream ID 1 with length 122 and flags "END_STREAM, END_HEADERS".
2024-09-25 11:08:26.643 +05:30  VRB  Connection id "0HN6T30PDSD67" received "HEADERS" frame for stream ID 3 with length 181 and flags "END_HEADERS, PRIORITY".
2024-09-25 11:08:26.645 +05:30  VRB  Connection id "0HN6T30PDSD67" received "DATA" frame for stream ID 3 with length 68 and flags "END_STREAM".
2024-09-25 11:08:26.645 +05:30  INF  Request starting HTTP/2 POST https://localhost:7113/api/Account/Login - application/json 68
2024-09-25 11:08:26.652 +05:30  VRB  All hosts are allowed.
2024-09-25 11:08:26.652 +05:30  DBG  1 candidate(s) found for the request path '/api/Account/Login'
2024-09-25 11:08:26.654 +05:30  DBG  Endpoint 'Web.Ecommerce.Controllers.Account.AccountController.Login (Web.Ecommerce)' with route pattern 'api/Account/Login' is valid for the request path '/api/Account/Login'
2024-09-25 11:08:26.655 +05:30  DBG  Request matched endpoint 'Web.Ecommerce.Controllers.Account.AccountController.Login (Web.Ecommerce)'
2024-09-25 11:08:26.656 +05:30  VRB  The endpoint does not specify the IRequestSizeLimitMetadata.
2024-09-25 11:08:26.656 +05:30  DBG  Static files was skipped as the request already matched an endpoint.
2024-09-25 11:08:26.657 +05:30  DBG  The request has an origin header: 'http://localhost:4200'.
2024-09-25 11:08:26.657 +05:30  INF  CORS policy execution successful.
2024-09-25 11:08:26.658 +05:30  DBG  AuthenticationScheme: Bearer was not authenticated.
2024-09-25 11:08:26.659 +05:30  INF  Executing endpoint 'Web.Ecommerce.Controllers.Account.AccountController.Login (Web.Ecommerce)'
2024-09-25 11:08:26.660 +05:30  INF  Route matched with {action = "Login", controller = "Account"}. Executing controller action with signature System.Threading.Tasks.Task`1[Microsoft.AspNetCore.Mvc.IActionResult] Login(Application.Ecom.Authentication.Commands.LoginUser.LoginUserCommand) on controller Web.Ecommerce.Controllers.Account.AccountController (Web.Ecommerce).
2024-09-25 11:08:26.662 +05:30  DBG  Execution plan of authorization filters (in the following order): ["None"]
2024-09-25 11:08:26.663 +05:30  DBG  Execution plan of resource filters (in the following order): ["None"]
2024-09-25 11:08:26.664 +05:30  DBG  Execution plan of action filters (in the following order): ["Microsoft.AspNetCore.Mvc.ModelBinding.UnsupportedContentTypeFilter (Order: -3000)","Microsoft.AspNetCore.Mvc.Infrastructure.ModelStateInvalidFilter (Order: -2000)"]
2024-09-25 11:08:26.665 +05:30  DBG  Execution plan of exception filters (in the following order): ["None"]
2024-09-25 11:08:26.667 +05:30  DBG  Execution plan of result filters (in the following order): ["Microsoft.AspNetCore.Mvc.Infrastructure.ClientErrorResultFilter (Order: -2000)"]
2024-09-25 11:08:26.668 +05:30  DBG  Executing controller factory for controller Web.Ecommerce.Controllers.Account.AccountController (Web.Ecommerce)
2024-09-25 11:08:26.669 +05:30  DBG  Executed controller factory for controller Web.Ecommerce.Controllers.Account.AccountController (Web.Ecommerce)
2024-09-25 11:08:26.671 +05:30  DBG  Attempting to bind parameter 'command' of type 'Application.Ecom.Authentication.Commands.LoginUser.LoginUserCommand' ...
2024-09-25 11:08:26.672 +05:30  DBG  Attempting to bind parameter 'command' of type 'Application.Ecom.Authentication.Commands.LoginUser.LoginUserCommand' using the name '' in request data ...
2024-09-25 11:08:26.673 +05:30  DBG  Selected input formatter 'Microsoft.AspNetCore.Mvc.Formatters.SystemTextJsonInputFormatter' for content type 'application/json'.
2024-09-25 11:08:26.674 +05:30  DBG  Connection id "0HN6T30PDSD67", Request id "0HN6T30PDSD67:00000003": started reading request body.
2024-09-25 11:08:26.675 +05:30  DBG  Connection id "0HN6T30PDSD67", Request id "0HN6T30PDSD67:00000003": done reading request body.
2024-09-25 11:08:26.676 +05:30  DBG  JSON input formatter succeeded, deserializing to type 'Application.Ecom.Authentication.Commands.LoginUser.LoginUserCommand'
2024-09-25 11:08:26.677 +05:30  DBG  Done attempting to bind parameter 'command' of type 'Application.Ecom.Authentication.Commands.LoginUser.LoginUserCommand'.
2024-09-25 11:08:26.678 +05:30  DBG  Done attempting to bind parameter 'command' of type 'Application.Ecom.Authentication.Commands.LoginUser.LoginUserCommand'.
2024-09-25 11:08:26.679 +05:30  DBG  Attempting to validate the bound parameter 'command' of type 'Application.Ecom.Authentication.Commands.LoginUser.LoginUserCommand' ...
2024-09-25 11:08:26.680 +05:30  DBG  Done attempting to validate the bound parameter 'command' of type 'Application.Ecom.Authentication.Commands.LoginUser.LoginUserCommand'.
2024-09-25 11:08:26.681 +05:30  VRB  Action Filter: Before executing OnActionExecuting on filter Microsoft.AspNetCore.Mvc.ModelBinding.UnsupportedContentTypeFilter.
2024-09-25 11:08:26.683 +05:30  VRB  Action Filter: After executing OnActionExecuting on filter Microsoft.AspNetCore.Mvc.ModelBinding.UnsupportedContentTypeFilter.
2024-09-25 11:08:26.685 +05:30  VRB  Action Filter: Before executing OnActionExecuting on filter Microsoft.AspNetCore.Mvc.Infrastructure.ModelStateInvalidFilter.
2024-09-25 11:08:26.686 +05:30  VRB  Action Filter: After executing OnActionExecuting on filter Microsoft.AspNetCore.Mvc.Infrastructure.ModelStateInvalidFilter.
2024-09-25 11:08:26.687 +05:30  INF  Executing action method Web.Ecommerce.Controllers.Account.AccountController.Login (Web.Ecommerce) - Validation state: "Valid"
2024-09-25 11:08:26.688 +05:30  VRB  Executing action method Web.Ecommerce.Controllers.Account.AccountController.Login (Web.Ecommerce) with arguments (["Application.Ecom.Authentication.Commands.LoginUser.LoginUserCommand"])
2024-09-25 11:08:26.690 +05:30  DBG  Entity Framework Core 8.0.8 initialized 'EcommerceDbContext' using provider 'Microsoft.EntityFrameworkCore.SqlServer:8.0.8' with options: None
2024-09-25 11:08:26.692 +05:30  DBG  Creating DbConnection.
2024-09-25 11:08:26.693 +05:30  DBG  Created DbConnection. (0ms).
2024-09-25 11:08:26.693 +05:30  DBG  Opening connection to database 'Ecommerce' on server 'FGS-DSK-230\MSSQLSERVER2019'.
2024-09-25 11:08:26.694 +05:30  DBG  Opened connection to database 'Ecommerce' on server 'FGS-DSK-230\MSSQLSERVER2019'.
2024-09-25 11:08:26.695 +05:30  DBG  Creating DbCommand for 'ExecuteReader'.
2024-09-25 11:08:26.696 +05:30  DBG  Created DbCommand for 'ExecuteReader' (0ms).
2024-09-25 11:08:26.697 +05:30  DBG  Initialized DbCommand for 'ExecuteReader' (1ms).
2024-09-25 11:08:26.698 +05:30  DBG  Executing DbCommand [Parameters=[@__normalizedEmail_0='?' (Size = 256)], CommandType='"Text"', CommandTimeout='30']
SELECT TOP(2) [a].[Id], [a].[AccessFailedCount], [a].[ConcurrencyStamp], [a].[CreatedAt], [a].[Email], [a].[EmailConfirmed], [a].[IsDeleted], [a].[IsVerified], [a].[LockoutEnabled], [a].[LockoutEnd], [a].[NormalizedEmail], [a].[NormalizedUserName], [a].[PasswordHash], [a].[PhoneNumber], [a].[PhoneNumberConfirmed], [a].[SecurityStamp], [a].[TwoFactorEnabled], [a].[UpdatedAt], [a].[UserName]
FROM [AspNetUsers] AS [a]
WHERE [a].[NormalizedEmail] = @__normalizedEmail_0
2024-09-25 11:08:26.703 +05:30  INF  Executed DbCommand (5ms) [Parameters=[@__normalizedEmail_0='?' (Size = 256)], CommandType='"Text"', CommandTimeout='30']
SELECT TOP(2) [a].[Id], [a].[AccessFailedCount], [a].[ConcurrencyStamp], [a].[CreatedAt], [a].[Email], [a].[EmailConfirmed], [a].[IsDeleted], [a].[IsVerified], [a].[LockoutEnabled], [a].[LockoutEnd], [a].[NormalizedEmail], [a].[NormalizedUserName], [a].[PasswordHash], [a].[PhoneNumber], [a].[PhoneNumberConfirmed], [a].[SecurityStamp], [a].[TwoFactorEnabled], [a].[UpdatedAt], [a].[UserName]
FROM [AspNetUsers] AS [a]
WHERE [a].[NormalizedEmail] = @__normalizedEmail_0
2024-09-25 11:08:26.705 +05:30  DBG  Context 'EcommerceDbContext' started tracking 'User' entity. Consider using 'DbContextOptionsBuilder.EnableSensitiveDataLogging' to see key values.
2024-09-25 11:08:26.706 +05:30  DBG  Closing data reader to 'Ecommerce' on server 'FGS-DSK-230\MSSQLSERVER2019'.
2024-09-25 11:08:26.707 +05:30  DBG  A data reader for 'Ecommerce' on server 'FGS-DSK-230\MSSQLSERVER2019' is being disposed after spending 1ms reading results.
2024-09-25 11:08:26.708 +05:30  DBG  Closing connection to database 'Ecommerce' on server 'FGS-DSK-230\MSSQLSERVER2019'.
2024-09-25 11:08:26.709 +05:30  DBG  Closed connection to database 'Ecommerce' on server 'FGS-DSK-230\MSSQLSERVER2019' (0ms).
2024-09-25 11:08:26.782 +05:30  DBG  Opening connection to database 'Ecommerce' on server 'FGS-DSK-230\MSSQLSERVER2019'.
2024-09-25 11:08:26.784 +05:30  DBG  Opened connection to database 'Ecommerce' on server 'FGS-DSK-230\MSSQLSERVER2019'.
2024-09-25 11:08:26.785 +05:30  DBG  Creating DbCommand for 'ExecuteReader'.
2024-09-25 11:08:26.786 +05:30  DBG  Created DbCommand for 'ExecuteReader' (0ms).
2024-09-25 11:08:26.787 +05:30  DBG  Initialized DbCommand for 'ExecuteReader' (1ms).
2024-09-25 11:08:26.788 +05:30  DBG  Executing DbCommand [Parameters=[@__userId_0='?' (DbType = Guid)], CommandType='"Text"', CommandTimeout='30']
SELECT [a0].[Name]
FROM [AspNetUserRoles] AS [a]
INNER JOIN [AspNetRoles] AS [a0] ON [a].[RoleId] = [a0].[Id]
WHERE [a].[UserId] = @__userId_0
2024-09-25 11:08:26.791 +05:30  INF  Executed DbCommand (4ms) [Parameters=[@__userId_0='?' (DbType = Guid)], CommandType='"Text"', CommandTimeout='30']
SELECT [a0].[Name]
FROM [AspNetUserRoles] AS [a]
INNER JOIN [AspNetRoles] AS [a0] ON [a].[RoleId] = [a0].[Id]
WHERE [a].[UserId] = @__userId_0
2024-09-25 11:08:26.793 +05:30  DBG  Closing data reader to 'Ecommerce' on server 'FGS-DSK-230\MSSQLSERVER2019'.
2024-09-25 11:08:26.794 +05:30  DBG  A data reader for 'Ecommerce' on server 'FGS-DSK-230\MSSQLSERVER2019' is being disposed after spending 0ms reading results.
2024-09-25 11:08:26.796 +05:30  DBG  Closing connection to database 'Ecommerce' on server 'FGS-DSK-230\MSSQLSERVER2019'.
2024-09-25 11:08:26.797 +05:30  DBG  Closed connection to database 'Ecommerce' on server 'FGS-DSK-230\MSSQLSERVER2019' (0ms).
2024-09-25 11:08:26.798 +05:30  INF  Executed action method Web.Ecommerce.Controllers.Account.AccountController.Login (Web.Ecommerce), returned result Microsoft.AspNetCore.Mvc.OkObjectResult in 108.9673ms.
2024-09-25 11:08:26.800 +05:30  VRB  Action Filter: Before executing OnActionExecuted on filter Microsoft.AspNetCore.Mvc.Infrastructure.ModelStateInvalidFilter.
2024-09-25 11:08:26.801 +05:30  VRB  Action Filter: After executing OnActionExecuted on filter Microsoft.AspNetCore.Mvc.Infrastructure.ModelStateInvalidFilter.
2024-09-25 11:08:26.802 +05:30  VRB  Action Filter: Before executing OnActionExecuted on filter Microsoft.AspNetCore.Mvc.ModelBinding.UnsupportedContentTypeFilter.
2024-09-25 11:08:26.804 +05:30  VRB  Action Filter: After executing OnActionExecuted on filter Microsoft.AspNetCore.Mvc.ModelBinding.UnsupportedContentTypeFilter.
2024-09-25 11:08:26.805 +05:30  VRB  Result Filter: Before executing OnResultExecuting on filter Microsoft.AspNetCore.Mvc.Infrastructure.ClientErrorResultFilter.
2024-09-25 11:08:26.806 +05:30  VRB  Result Filter: After executing OnResultExecuting on filter Microsoft.AspNetCore.Mvc.Infrastructure.ClientErrorResultFilter.
2024-09-25 11:08:26.807 +05:30  VRB  Before executing action result Microsoft.AspNetCore.Mvc.OkObjectResult.
2024-09-25 11:08:26.808 +05:30  DBG  List of registered output formatters, in the following order: ["Microsoft.AspNetCore.Mvc.Formatters.HttpNoContentOutputFormatter","Microsoft.AspNetCore.Mvc.Formatters.StringOutputFormatter","Microsoft.AspNetCore.Mvc.Formatters.StreamOutputFormatter","Microsoft.AspNetCore.Mvc.Formatters.SystemTextJsonOutputFormatter"]
2024-09-25 11:08:26.809 +05:30  DBG  No information found on request to perform content negotiation.
2024-09-25 11:08:26.810 +05:30  DBG  Attempting to select an output formatter without using a content type as no explicit content types were specified for the response.
2024-09-25 11:08:26.811 +05:30  DBG  Attempting to select the first formatter in the output formatters list which can write the result.
2024-09-25 11:08:26.811 +05:30  DBG  Selected output formatter 'Microsoft.AspNetCore.Mvc.Formatters.SystemTextJsonOutputFormatter' and content type 'application/json' to write the response.
2024-09-25 11:08:26.812 +05:30  INF  Executing OkObjectResult, writing value of type '<>f__AnonymousType1`3[[System.String, System.Private.CoreLib, Version=8.0.0.0, Culture=neutral, PublicKeyToken=7cec85d7bea7798e],[System.String, System.Private.CoreLib, Version=8.0.0.0, Culture=neutral, PublicKeyToken=7cec85d7bea7798e],[System.Collections.Generic.IEnumerable`1[[System.String, System.Private.CoreLib, Version=8.0.0.0, Culture=neutral, PublicKeyToken=7cec85d7bea7798e]], System.Private.CoreLib, Version=8.0.0.0, Culture=neutral, PublicKeyToken=7cec85d7bea7798e]]'.
2024-09-25 11:08:26.814 +05:30  VRB  After executing action result Microsoft.AspNetCore.Mvc.OkObjectResult.
2024-09-25 11:08:26.814 +05:30  VRB  Connection id "0HN6T30PDSD67" sending "HEADERS" frame for stream ID 3 with length 37 and flags "END_HEADERS".
2024-09-25 11:08:26.814 +05:30  VRB  Result Filter: Before executing OnResultExecuted on filter Microsoft.AspNetCore.Mvc.Infrastructure.ClientErrorResultFilter.
2024-09-25 11:08:26.816 +05:30  VRB  Result Filter: After executing OnResultExecuted on filter Microsoft.AspNetCore.Mvc.Infrastructure.ClientErrorResultFilter.
2024-09-25 11:08:26.817 +05:30  INF  Executed action Web.Ecommerce.Controllers.Account.AccountController.Login (Web.Ecommerce) in 148.6639ms
2024-09-25 11:08:26.819 +05:30  VRB  Connection id "0HN6T30PDSD67" sending "DATA" frame for stream ID 3 with length 582 and flags "NONE".
2024-09-25 11:08:26.820 +05:30  INF  Executed endpoint 'Web.Ecommerce.Controllers.Account.AccountController.Login (Web.Ecommerce)'
2024-09-25 11:08:26.824 +05:30  DBG  'EcommerceDbContext' disposed.
2024-09-25 11:08:26.824 +05:30  VRB  Connection id "0HN6T30PDSD67" sending "DATA" frame for stream ID 3 with length 0 and flags "END_STREAM".
2024-09-25 11:08:26.824 +05:30  DBG  Disposing connection to database 'Ecommerce' on server 'FGS-DSK-230\MSSQLSERVER2019'.
2024-09-25 11:08:26.827 +05:30  DBG  Disposed connection to database '' on server '' (2ms).
2024-09-25 11:08:26.828 +05:30  INF  Request finished HTTP/2 POST https://localhost:7113/api/Account/Login - 200 null application/json; charset=utf-8 183.2891ms
2024-09-25 11:08:30.497 +05:30  VRB  Connection id "0HN6T30PDSD67" received "HEADERS" frame for stream ID 5 with length 41 and flags "END_HEADERS, PRIORITY".
2024-09-25 11:08:30.508 +05:30  VRB  Connection id "0HN6T30PDSD67" received "DATA" frame for stream ID 5 with length 66 and flags "END_STREAM".
2024-09-25 11:08:30.509 +05:30  INF  Request starting HTTP/2 POST https://localhost:7113/api/Account/Login - application/json 66
2024-09-25 11:08:30.513 +05:30  VRB  All hosts are allowed.
2024-09-25 11:08:30.514 +05:30  DBG  1 candidate(s) found for the request path '/api/Account/Login'
2024-09-25 11:08:30.515 +05:30  DBG  Endpoint 'Web.Ecommerce.Controllers.Account.AccountController.Login (Web.Ecommerce)' with route pattern 'api/Account/Login' is valid for the request path '/api/Account/Login'
2024-09-25 11:08:30.516 +05:30  DBG  Request matched endpoint 'Web.Ecommerce.Controllers.Account.AccountController.Login (Web.Ecommerce)'
2024-09-25 11:08:30.518 +05:30  VRB  The endpoint does not specify the IRequestSizeLimitMetadata.
2024-09-25 11:08:30.519 +05:30  DBG  Static files was skipped as the request already matched an endpoint.
2024-09-25 11:08:30.520 +05:30  DBG  The request has an origin header: 'http://localhost:4200'.
2024-09-25 11:08:30.520 +05:30  INF  CORS policy execution successful.
2024-09-25 11:08:30.521 +05:30  DBG  AuthenticationScheme: Bearer was not authenticated.
2024-09-25 11:08:30.522 +05:30  INF  Executing endpoint 'Web.Ecommerce.Controllers.Account.AccountController.Login (Web.Ecommerce)'
2024-09-25 11:08:30.523 +05:30  INF  Route matched with {action = "Login", controller = "Account"}. Executing controller action with signature System.Threading.Tasks.Task`1[Microsoft.AspNetCore.Mvc.IActionResult] Login(Application.Ecom.Authentication.Commands.LoginUser.LoginUserCommand) on controller Web.Ecommerce.Controllers.Account.AccountController (Web.Ecommerce).
2024-09-25 11:08:30.524 +05:30  DBG  Execution plan of authorization filters (in the following order): ["None"]
2024-09-25 11:08:30.525 +05:30  DBG  Execution plan of resource filters (in the following order): ["None"]
2024-09-25 11:08:30.526 +05:30  DBG  Execution plan of action filters (in the following order): ["Microsoft.AspNetCore.Mvc.ModelBinding.UnsupportedContentTypeFilter (Order: -3000)","Microsoft.AspNetCore.Mvc.Infrastructure.ModelStateInvalidFilter (Order: -2000)"]
2024-09-25 11:08:30.528 +05:30  DBG  Execution plan of exception filters (in the following order): ["None"]
2024-09-25 11:08:30.529 +05:30  DBG  Execution plan of result filters (in the following order): ["Microsoft.AspNetCore.Mvc.Infrastructure.ClientErrorResultFilter (Order: -2000)"]
2024-09-25 11:08:30.530 +05:30  DBG  Executing controller factory for controller Web.Ecommerce.Controllers.Account.AccountController (Web.Ecommerce)
2024-09-25 11:08:30.531 +05:30  DBG  Executed controller factory for controller Web.Ecommerce.Controllers.Account.AccountController (Web.Ecommerce)
2024-09-25 11:08:30.534 +05:30  DBG  Attempting to bind parameter 'command' of type 'Application.Ecom.Authentication.Commands.LoginUser.LoginUserCommand' ...
2024-09-25 11:08:30.535 +05:30  DBG  Attempting to bind parameter 'command' of type 'Application.Ecom.Authentication.Commands.LoginUser.LoginUserCommand' using the name '' in request data ...
2024-09-25 11:08:30.537 +05:30  DBG  Selected input formatter 'Microsoft.AspNetCore.Mvc.Formatters.SystemTextJsonInputFormatter' for content type 'application/json'.
2024-09-25 11:08:30.538 +05:30  DBG  Connection id "0HN6T30PDSD67", Request id "0HN6T30PDSD67:00000005": started reading request body.
2024-09-25 11:08:30.539 +05:30  DBG  Connection id "0HN6T30PDSD67", Request id "0HN6T30PDSD67:00000005": done reading request body.
2024-09-25 11:08:30.540 +05:30  DBG  JSON input formatter succeeded, deserializing to type 'Application.Ecom.Authentication.Commands.LoginUser.LoginUserCommand'
2024-09-25 11:08:30.540 +05:30  DBG  Done attempting to bind parameter 'command' of type 'Application.Ecom.Authentication.Commands.LoginUser.LoginUserCommand'.
2024-09-25 11:08:30.541 +05:30  DBG  Done attempting to bind parameter 'command' of type 'Application.Ecom.Authentication.Commands.LoginUser.LoginUserCommand'.
2024-09-25 11:08:30.543 +05:30  DBG  Attempting to validate the bound parameter 'command' of type 'Application.Ecom.Authentication.Commands.LoginUser.LoginUserCommand' ...
2024-09-25 11:08:30.544 +05:30  DBG  Done attempting to validate the bound parameter 'command' of type 'Application.Ecom.Authentication.Commands.LoginUser.LoginUserCommand'.
2024-09-25 11:08:30.545 +05:30  VRB  Action Filter: Before executing OnActionExecuting on filter Microsoft.AspNetCore.Mvc.ModelBinding.UnsupportedContentTypeFilter.
2024-09-25 11:08:30.546 +05:30  VRB  Action Filter: After executing OnActionExecuting on filter Microsoft.AspNetCore.Mvc.ModelBinding.UnsupportedContentTypeFilter.
2024-09-25 11:08:30.547 +05:30  VRB  Action Filter: Before executing OnActionExecuting on filter Microsoft.AspNetCore.Mvc.Infrastructure.ModelStateInvalidFilter.
2024-09-25 11:08:30.549 +05:30  VRB  Action Filter: After executing OnActionExecuting on filter Microsoft.AspNetCore.Mvc.Infrastructure.ModelStateInvalidFilter.
2024-09-25 11:08:30.551 +05:30  INF  Executing action method Web.Ecommerce.Controllers.Account.AccountController.Login (Web.Ecommerce) - Validation state: "Valid"
2024-09-25 11:08:30.552 +05:30  VRB  Executing action method Web.Ecommerce.Controllers.Account.AccountController.Login (Web.Ecommerce) with arguments (["Application.Ecom.Authentication.Commands.LoginUser.LoginUserCommand"])
2024-09-25 11:08:30.554 +05:30  DBG  Entity Framework Core 8.0.8 initialized 'EcommerceDbContext' using provider 'Microsoft.EntityFrameworkCore.SqlServer:8.0.8' with options: None
2024-09-25 11:08:30.556 +05:30  DBG  Creating DbConnection.
2024-09-25 11:08:30.556 +05:30  DBG  Created DbConnection. (0ms).
2024-09-25 11:08:30.557 +05:30  DBG  Opening connection to database 'Ecommerce' on server 'FGS-DSK-230\MSSQLSERVER2019'.
2024-09-25 11:08:30.558 +05:30  DBG  Opened connection to database 'Ecommerce' on server 'FGS-DSK-230\MSSQLSERVER2019'.
2024-09-25 11:08:30.559 +05:30  DBG  Creating DbCommand for 'ExecuteReader'.
2024-09-25 11:08:30.559 +05:30  DBG  Created DbCommand for 'ExecuteReader' (0ms).
2024-09-25 11:08:30.560 +05:30  DBG  Initialized DbCommand for 'ExecuteReader' (1ms).
2024-09-25 11:08:30.561 +05:30  DBG  Executing DbCommand [Parameters=[@__normalizedEmail_0='?' (Size = 256)], CommandType='"Text"', CommandTimeout='30']
SELECT TOP(2) [a].[Id], [a].[AccessFailedCount], [a].[ConcurrencyStamp], [a].[CreatedAt], [a].[Email], [a].[EmailConfirmed], [a].[IsDeleted], [a].[IsVerified], [a].[LockoutEnabled], [a].[LockoutEnd], [a].[NormalizedEmail], [a].[NormalizedUserName], [a].[PasswordHash], [a].[PhoneNumber], [a].[PhoneNumberConfirmed], [a].[SecurityStamp], [a].[TwoFactorEnabled], [a].[UpdatedAt], [a].[UserName]
FROM [AspNetUsers] AS [a]
WHERE [a].[NormalizedEmail] = @__normalizedEmail_0
2024-09-25 11:08:30.568 +05:30  INF  Executed DbCommand (6ms) [Parameters=[@__normalizedEmail_0='?' (Size = 256)], CommandType='"Text"', CommandTimeout='30']
SELECT TOP(2) [a].[Id], [a].[AccessFailedCount], [a].[ConcurrencyStamp], [a].[CreatedAt], [a].[Email], [a].[EmailConfirmed], [a].[IsDeleted], [a].[IsVerified], [a].[LockoutEnabled], [a].[LockoutEnd], [a].[NormalizedEmail], [a].[NormalizedUserName], [a].[PasswordHash], [a].[PhoneNumber], [a].[PhoneNumberConfirmed], [a].[SecurityStamp], [a].[TwoFactorEnabled], [a].[UpdatedAt], [a].[UserName]
FROM [AspNetUsers] AS [a]
WHERE [a].[NormalizedEmail] = @__normalizedEmail_0
2024-09-25 11:08:30.572 +05:30  DBG  Context 'EcommerceDbContext' started tracking 'User' entity. Consider using 'DbContextOptionsBuilder.EnableSensitiveDataLogging' to see key values.
2024-09-25 11:08:30.574 +05:30  DBG  Closing data reader to 'Ecommerce' on server 'FGS-DSK-230\MSSQLSERVER2019'.
2024-09-25 11:08:30.575 +05:30  DBG  A data reader for 'Ecommerce' on server 'FGS-DSK-230\MSSQLSERVER2019' is being disposed after spending 2ms reading results.
2024-09-25 11:08:30.576 +05:30  DBG  Closing connection to database 'Ecommerce' on server 'FGS-DSK-230\MSSQLSERVER2019'.
2024-09-25 11:08:30.577 +05:30  DBG  Closed connection to database 'Ecommerce' on server 'FGS-DSK-230\MSSQLSERVER2019' (1ms).
2024-09-25 11:08:30.650 +05:30  DBG  Opening connection to database 'Ecommerce' on server 'FGS-DSK-230\MSSQLSERVER2019'.
2024-09-25 11:08:30.652 +05:30  DBG  Opened connection to database 'Ecommerce' on server 'FGS-DSK-230\MSSQLSERVER2019'.
2024-09-25 11:08:30.653 +05:30  DBG  Creating DbCommand for 'ExecuteReader'.
2024-09-25 11:08:30.653 +05:30  DBG  Created DbCommand for 'ExecuteReader' (0ms).
2024-09-25 11:08:30.654 +05:30  DBG  Initialized DbCommand for 'ExecuteReader' (1ms).
2024-09-25 11:08:30.655 +05:30  DBG  Executing DbCommand [Parameters=[@__userId_0='?' (DbType = Guid)], CommandType='"Text"', CommandTimeout='30']
SELECT [a0].[Name]
FROM [AspNetUserRoles] AS [a]
INNER JOIN [AspNetRoles] AS [a0] ON [a].[RoleId] = [a0].[Id]
WHERE [a].[UserId] = @__userId_0
2024-09-25 11:08:30.659 +05:30  INF  Executed DbCommand (4ms) [Parameters=[@__userId_0='?' (DbType = Guid)], CommandType='"Text"', CommandTimeout='30']
SELECT [a0].[Name]
FROM [AspNetUserRoles] AS [a]
INNER JOIN [AspNetRoles] AS [a0] ON [a].[RoleId] = [a0].[Id]
WHERE [a].[UserId] = @__userId_0
2024-09-25 11:08:30.661 +05:30  DBG  Closing data reader to 'Ecommerce' on server 'FGS-DSK-230\MSSQLSERVER2019'.
2024-09-25 11:08:30.662 +05:30  DBG  A data reader for 'Ecommerce' on server 'FGS-DSK-230\MSSQLSERVER2019' is being disposed after spending 0ms reading results.
2024-09-25 11:08:30.663 +05:30  DBG  Closing connection to database 'Ecommerce' on server 'FGS-DSK-230\MSSQLSERVER2019'.
2024-09-25 11:08:30.664 +05:30  DBG  Closed connection to database 'Ecommerce' on server 'FGS-DSK-230\MSSQLSERVER2019' (0ms).
2024-09-25 11:08:30.665 +05:30  INF  Executed action method Web.Ecommerce.Controllers.Account.AccountController.Login (Web.Ecommerce), returned result Microsoft.AspNetCore.Mvc.OkObjectResult in 112.104ms.
2024-09-25 11:08:30.667 +05:30  VRB  Action Filter: Before executing OnActionExecuted on filter Microsoft.AspNetCore.Mvc.Infrastructure.ModelStateInvalidFilter.
2024-09-25 11:08:30.669 +05:30  VRB  Action Filter: After executing OnActionExecuted on filter Microsoft.AspNetCore.Mvc.Infrastructure.ModelStateInvalidFilter.
2024-09-25 11:08:30.670 +05:30  VRB  Action Filter: Before executing OnActionExecuted on filter Microsoft.AspNetCore.Mvc.ModelBinding.UnsupportedContentTypeFilter.
2024-09-25 11:08:30.672 +05:30  VRB  Action Filter: After executing OnActionExecuted on filter Microsoft.AspNetCore.Mvc.ModelBinding.UnsupportedContentTypeFilter.
2024-09-25 11:08:30.673 +05:30  VRB  Result Filter: Before executing OnResultExecuting on filter Microsoft.AspNetCore.Mvc.Infrastructure.ClientErrorResultFilter.
2024-09-25 11:08:30.674 +05:30  VRB  Result Filter: After executing OnResultExecuting on filter Microsoft.AspNetCore.Mvc.Infrastructure.ClientErrorResultFilter.
2024-09-25 11:08:30.675 +05:30  VRB  Before executing action result Microsoft.AspNetCore.Mvc.OkObjectResult.
2024-09-25 11:08:30.676 +05:30  DBG  List of registered output formatters, in the following order: ["Microsoft.AspNetCore.Mvc.Formatters.HttpNoContentOutputFormatter","Microsoft.AspNetCore.Mvc.Formatters.StringOutputFormatter","Microsoft.AspNetCore.Mvc.Formatters.StreamOutputFormatter","Microsoft.AspNetCore.Mvc.Formatters.SystemTextJsonOutputFormatter"]
2024-09-25 11:08:30.678 +05:30  DBG  No information found on request to perform content negotiation.
2024-09-25 11:08:30.678 +05:30  DBG  Attempting to select an output formatter without using a content type as no explicit content types were specified for the response.
2024-09-25 11:08:30.679 +05:30  DBG  Attempting to select the first formatter in the output formatters list which can write the result.
2024-09-25 11:08:30.680 +05:30  DBG  Selected output formatter 'Microsoft.AspNetCore.Mvc.Formatters.SystemTextJsonOutputFormatter' and content type 'application/json' to write the response.
2024-09-25 11:08:30.681 +05:30  INF  Executing OkObjectResult, writing value of type '<>f__AnonymousType1`3[[System.String, System.Private.CoreLib, Version=8.0.0.0, Culture=neutral, PublicKeyToken=7cec85d7bea7798e],[System.String, System.Private.CoreLib, Version=8.0.0.0, Culture=neutral, PublicKeyToken=7cec85d7bea7798e],[System.Collections.Generic.IEnumerable`1[[System.String, System.Private.CoreLib, Version=8.0.0.0, Culture=neutral, PublicKeyToken=7cec85d7bea7798e]], System.Private.CoreLib, Version=8.0.0.0, Culture=neutral, PublicKeyToken=7cec85d7bea7798e]]'.
2024-09-25 11:08:30.682 +05:30  VRB  After executing action result Microsoft.AspNetCore.Mvc.OkObjectResult.
2024-09-25 11:08:30.683 +05:30  VRB  Connection id "0HN6T30PDSD67" sending "HEADERS" frame for stream ID 5 with length 35 and flags "END_HEADERS".
2024-09-25 11:08:30.684 +05:30  VRB  Result Filter: Before executing OnResultExecuted on filter Microsoft.AspNetCore.Mvc.Infrastructure.ClientErrorResultFilter.
2024-09-25 11:08:30.686 +05:30  VRB  Connection id "0HN6T30PDSD67" sending "DATA" frame for stream ID 5 with length 591 and flags "NONE".
2024-09-25 11:08:30.687 +05:30  VRB  Result Filter: After executing OnResultExecuted on filter Microsoft.AspNetCore.Mvc.Infrastructure.ClientErrorResultFilter.
2024-09-25 11:08:30.690 +05:30  INF  Executed action Web.Ecommerce.Controllers.Account.AccountController.Login (Web.Ecommerce) in 159.7519ms
2024-09-25 11:08:30.691 +05:30  INF  Executed endpoint 'Web.Ecommerce.Controllers.Account.AccountController.Login (Web.Ecommerce)'
2024-09-25 11:08:30.692 +05:30  DBG  'EcommerceDbContext' disposed.
2024-09-25 11:08:30.692 +05:30  VRB  Connection id "0HN6T30PDSD67" sending "DATA" frame for stream ID 5 with length 0 and flags "END_STREAM".
2024-09-25 11:08:30.693 +05:30  DBG  Disposing connection to database 'Ecommerce' on server 'FGS-DSK-230\MSSQLSERVER2019'.
2024-09-25 11:08:30.696 +05:30  DBG  Disposed connection to database '' on server '' (3ms).
2024-09-25 11:08:30.697 +05:30  INF  Request finished HTTP/2 POST https://localhost:7113/api/Account/Login - 200 null application/json; charset=utf-8 188.1245ms
2024-09-25 11:08:31.422 +05:30  DBG  Connection id "0HN6T30PDSD67" received FIN.
2024-09-25 11:08:31.424 +05:30  DBG  Connection id "0HN6T30PDSD67" is closed. The last processed stream ID was 5.
2024-09-25 11:08:31.424 +05:30  DBG  The connection queue processing loop for 0HN6T30PDSD67 completed.
2024-09-25 11:08:31.425 +05:30  DBG  Connection id "0HN6T30PDSD67" sending FIN because: "The Socket transport's send loop completed gracefully."
2024-09-25 11:08:31.432 +05:30  DBG  Connection id "0HN6T30PDSD67" stopped.
2024-09-25 11:40:15.870 +05:30  DBG  Connection id "0HN6T30PDSD68" accepted.
2024-09-25 11:40:15.873 +05:30  DBG  Connection id "0HN6T30PDSD68" started.
2024-09-25 11:40:15.880 +05:30  DBG  Connection 0HN6T30PDSD68 established using the following protocol: "Tls12"
2024-09-25 11:40:15.882 +05:30  VRB  Connection id "0HN6T30PDSD68" sending "SETTINGS" frame for stream ID 0 with length 24 and flags "NONE".
2024-09-25 11:40:15.884 +05:30  VRB  Connection id "0HN6T30PDSD68" sending "WINDOW_UPDATE" frame for stream ID 0 with length 4 and flags 0x0.
2024-09-25 11:40:15.889 +05:30  VRB  Connection id "0HN6T30PDSD68" received "SETTINGS" frame for stream ID 0 with length 24 and flags "NONE".
2024-09-25 11:40:15.890 +05:30  VRB  Connection id "0HN6T30PDSD68" sending "SETTINGS" frame for stream ID 0 with length 0 and flags "ACK".
2024-09-25 11:40:15.891 +05:30  VRB  Connection id "0HN6T30PDSD68" received "WINDOW_UPDATE" frame for stream ID 0 with length 4 and flags 0x0.
2024-09-25 11:40:15.893 +05:30  VRB  Connection id "0HN6T30PDSD68" received "HEADERS" frame for stream ID 1 with length 335 and flags "END_STREAM, END_HEADERS, PRIORITY".
2024-09-25 11:40:15.894 +05:30  VRB  Connection id "0HN6T30PDSD68" received "SETTINGS" frame for stream ID 0 with length 0 and flags "ACK".
2024-09-25 11:40:15.894 +05:30  INF  Request starting HTTP/2 OPTIONS https://localhost:7113/api/Account/Login - null null
2024-09-25 11:40:15.899 +05:30  VRB  All hosts are allowed.
2024-09-25 11:40:15.900 +05:30  DBG  1 candidate(s) found for the request path '/api/Account/Login'
2024-09-25 11:40:15.902 +05:30  DBG  Request matched endpoint '405 HTTP Method Not Supported'
2024-09-25 11:40:15.903 +05:30  VRB  The endpoint does not specify the IRequestSizeLimitMetadata.
2024-09-25 11:40:15.904 +05:30  DBG  Static files was skipped as the request already matched an endpoint.
2024-09-25 11:40:15.904 +05:30  DBG  The request has an origin header: 'http://localhost:4200'.
2024-09-25 11:40:15.905 +05:30  INF  CORS policy execution successful.
2024-09-25 11:40:15.906 +05:30  DBG  The request is a preflight request.
2024-09-25 11:40:15.906 +05:30  INF  Request finished HTTP/2 OPTIONS https://localhost:7113/api/Account/Login - 204 null null 12.0458ms
2024-09-25 11:40:15.906 +05:30  VRB  Connection id "0HN6T30PDSD68" sending "HEADERS" frame for stream ID 1 with length 122 and flags "END_STREAM, END_HEADERS".
2024-09-25 11:40:15.912 +05:30  VRB  Connection id "0HN6T30PDSD68" received "HEADERS" frame for stream ID 3 with length 181 and flags "END_HEADERS, PRIORITY".
2024-09-25 11:40:15.914 +05:30  VRB  Connection id "0HN6T30PDSD68" received "DATA" frame for stream ID 3 with length 66 and flags "END_STREAM".
2024-09-25 11:40:15.914 +05:30  INF  Request starting HTTP/2 POST https://localhost:7113/api/Account/Login - application/json 66
2024-09-25 11:40:15.922 +05:30  VRB  All hosts are allowed.
2024-09-25 11:40:15.922 +05:30  DBG  1 candidate(s) found for the request path '/api/Account/Login'
2024-09-25 11:40:15.924 +05:30  DBG  Endpoint 'Web.Ecommerce.Controllers.Account.AccountController.Login (Web.Ecommerce)' with route pattern 'api/Account/Login' is valid for the request path '/api/Account/Login'
2024-09-25 11:40:15.925 +05:30  DBG  Request matched endpoint 'Web.Ecommerce.Controllers.Account.AccountController.Login (Web.Ecommerce)'
2024-09-25 11:40:15.927 +05:30  VRB  The endpoint does not specify the IRequestSizeLimitMetadata.
2024-09-25 11:40:15.927 +05:30  DBG  Static files was skipped as the request already matched an endpoint.
2024-09-25 11:40:15.928 +05:30  DBG  The request has an origin header: 'http://localhost:4200'.
2024-09-25 11:40:15.929 +05:30  INF  CORS policy execution successful.
2024-09-25 11:40:15.929 +05:30  DBG  AuthenticationScheme: Bearer was not authenticated.
2024-09-25 11:40:15.930 +05:30  INF  Executing endpoint 'Web.Ecommerce.Controllers.Account.AccountController.Login (Web.Ecommerce)'
2024-09-25 11:40:15.932 +05:30  INF  Route matched with {action = "Login", controller = "Account"}. Executing controller action with signature System.Threading.Tasks.Task`1[Microsoft.AspNetCore.Mvc.IActionResult] Login(Application.Ecom.Authentication.Commands.LoginUser.LoginUserCommand) on controller Web.Ecommerce.Controllers.Account.AccountController (Web.Ecommerce).
2024-09-25 11:40:15.936 +05:30  DBG  Execution plan of authorization filters (in the following order): ["None"]
2024-09-25 11:40:15.938 +05:30  DBG  Execution plan of resource filters (in the following order): ["None"]
2024-09-25 11:40:15.939 +05:30  DBG  Execution plan of action filters (in the following order): ["Microsoft.AspNetCore.Mvc.ModelBinding.UnsupportedContentTypeFilter (Order: -3000)","Microsoft.AspNetCore.Mvc.Infrastructure.ModelStateInvalidFilter (Order: -2000)"]
2024-09-25 11:40:15.940 +05:30  DBG  Execution plan of exception filters (in the following order): ["None"]
2024-09-25 11:40:15.941 +05:30  DBG  Execution plan of result filters (in the following order): ["Microsoft.AspNetCore.Mvc.Infrastructure.ClientErrorResultFilter (Order: -2000)"]
2024-09-25 11:40:15.943 +05:30  DBG  Executing controller factory for controller Web.Ecommerce.Controllers.Account.AccountController (Web.Ecommerce)
2024-09-25 11:40:15.944 +05:30  DBG  Executed controller factory for controller Web.Ecommerce.Controllers.Account.AccountController (Web.Ecommerce)
2024-09-25 11:40:15.945 +05:30  DBG  Attempting to bind parameter 'command' of type 'Application.Ecom.Authentication.Commands.LoginUser.LoginUserCommand' ...
2024-09-25 11:40:15.946 +05:30  DBG  Attempting to bind parameter 'command' of type 'Application.Ecom.Authentication.Commands.LoginUser.LoginUserCommand' using the name '' in request data ...
2024-09-25 11:40:15.947 +05:30  DBG  Selected input formatter 'Microsoft.AspNetCore.Mvc.Formatters.SystemTextJsonInputFormatter' for content type 'application/json'.
2024-09-25 11:40:15.948 +05:30  DBG  Connection id "0HN6T30PDSD68", Request id "0HN6T30PDSD68:00000003": started reading request body.
2024-09-25 11:40:15.951 +05:30  DBG  Connection id "0HN6T30PDSD68", Request id "0HN6T30PDSD68:00000003": done reading request body.
2024-09-25 11:40:15.952 +05:30  DBG  JSON input formatter succeeded, deserializing to type 'Application.Ecom.Authentication.Commands.LoginUser.LoginUserCommand'
2024-09-25 11:40:15.953 +05:30  DBG  Done attempting to bind parameter 'command' of type 'Application.Ecom.Authentication.Commands.LoginUser.LoginUserCommand'.
2024-09-25 11:40:15.954 +05:30  DBG  Done attempting to bind parameter 'command' of type 'Application.Ecom.Authentication.Commands.LoginUser.LoginUserCommand'.
2024-09-25 11:40:15.955 +05:30  DBG  Attempting to validate the bound parameter 'command' of type 'Application.Ecom.Authentication.Commands.LoginUser.LoginUserCommand' ...
2024-09-25 11:40:15.956 +05:30  DBG  Done attempting to validate the bound parameter 'command' of type 'Application.Ecom.Authentication.Commands.LoginUser.LoginUserCommand'.
2024-09-25 11:40:15.957 +05:30  VRB  Action Filter: Before executing OnActionExecuting on filter Microsoft.AspNetCore.Mvc.ModelBinding.UnsupportedContentTypeFilter.
2024-09-25 11:40:15.959 +05:30  VRB  Action Filter: After executing OnActionExecuting on filter Microsoft.AspNetCore.Mvc.ModelBinding.UnsupportedContentTypeFilter.
2024-09-25 11:40:15.960 +05:30  VRB  Action Filter: Before executing OnActionExecuting on filter Microsoft.AspNetCore.Mvc.Infrastructure.ModelStateInvalidFilter.
2024-09-25 11:40:15.961 +05:30  VRB  Action Filter: After executing OnActionExecuting on filter Microsoft.AspNetCore.Mvc.Infrastructure.ModelStateInvalidFilter.
2024-09-25 11:40:15.962 +05:30  INF  Executing action method Web.Ecommerce.Controllers.Account.AccountController.Login (Web.Ecommerce) - Validation state: "Valid"
2024-09-25 11:40:15.963 +05:30  VRB  Executing action method Web.Ecommerce.Controllers.Account.AccountController.Login (Web.Ecommerce) with arguments (["Application.Ecom.Authentication.Commands.LoginUser.LoginUserCommand"])
2024-09-25 11:40:15.967 +05:30  DBG  Entity Framework Core 8.0.8 initialized 'EcommerceDbContext' using provider 'Microsoft.EntityFrameworkCore.SqlServer:8.0.8' with options: None
2024-09-25 11:40:15.970 +05:30  DBG  Creating DbConnection.
2024-09-25 11:40:15.971 +05:30  DBG  Created DbConnection. (0ms).
2024-09-25 11:40:15.972 +05:30  DBG  Opening connection to database 'Ecommerce' on server 'FGS-DSK-230\MSSQLSERVER2019'.
2024-09-25 11:40:15.980 +05:30  DBG  Opened connection to database 'Ecommerce' on server 'FGS-DSK-230\MSSQLSERVER2019'.
2024-09-25 11:40:15.983 +05:30  DBG  Creating DbCommand for 'ExecuteReader'.
2024-09-25 11:40:15.984 +05:30  DBG  Created DbCommand for 'ExecuteReader' (0ms).
2024-09-25 11:40:15.985 +05:30  DBG  Initialized DbCommand for 'ExecuteReader' (2ms).
2024-09-25 11:40:15.987 +05:30  DBG  Executing DbCommand [Parameters=[@__normalizedEmail_0='?' (Size = 256)], CommandType='"Text"', CommandTimeout='30']
SELECT TOP(2) [a].[Id], [a].[AccessFailedCount], [a].[ConcurrencyStamp], [a].[CreatedAt], [a].[Email], [a].[EmailConfirmed], [a].[IsDeleted], [a].[IsVerified], [a].[LockoutEnabled], [a].[LockoutEnd], [a].[NormalizedEmail], [a].[NormalizedUserName], [a].[PasswordHash], [a].[PhoneNumber], [a].[PhoneNumberConfirmed], [a].[SecurityStamp], [a].[TwoFactorEnabled], [a].[UpdatedAt], [a].[UserName]
FROM [AspNetUsers] AS [a]
WHERE [a].[NormalizedEmail] = @__normalizedEmail_0
2024-09-25 11:40:15.991 +05:30  INF  Executed DbCommand (5ms) [Parameters=[@__normalizedEmail_0='?' (Size = 256)], CommandType='"Text"', CommandTimeout='30']
SELECT TOP(2) [a].[Id], [a].[AccessFailedCount], [a].[ConcurrencyStamp], [a].[CreatedAt], [a].[Email], [a].[EmailConfirmed], [a].[IsDeleted], [a].[IsVerified], [a].[LockoutEnabled], [a].[LockoutEnd], [a].[NormalizedEmail], [a].[NormalizedUserName], [a].[PasswordHash], [a].[PhoneNumber], [a].[PhoneNumberConfirmed], [a].[SecurityStamp], [a].[TwoFactorEnabled], [a].[UpdatedAt], [a].[UserName]
FROM [AspNetUsers] AS [a]
WHERE [a].[NormalizedEmail] = @__normalizedEmail_0
2024-09-25 11:40:15.994 +05:30  DBG  Context 'EcommerceDbContext' started tracking 'User' entity. Consider using 'DbContextOptionsBuilder.EnableSensitiveDataLogging' to see key values.
2024-09-25 11:40:15.995 +05:30  DBG  Closing data reader to 'Ecommerce' on server 'FGS-DSK-230\MSSQLSERVER2019'.
2024-09-25 11:40:15.995 +05:30  DBG  A data reader for 'Ecommerce' on server 'FGS-DSK-230\MSSQLSERVER2019' is being disposed after spending 2ms reading results.
2024-09-25 11:40:15.997 +05:30  DBG  Closing connection to database 'Ecommerce' on server 'FGS-DSK-230\MSSQLSERVER2019'.
2024-09-25 11:40:15.998 +05:30  DBG  Closed connection to database 'Ecommerce' on server 'FGS-DSK-230\MSSQLSERVER2019' (0ms).
2024-09-25 11:40:16.071 +05:30  DBG  Opening connection to database 'Ecommerce' on server 'FGS-DSK-230\MSSQLSERVER2019'.
2024-09-25 11:40:16.072 +05:30  DBG  Opened connection to database 'Ecommerce' on server 'FGS-DSK-230\MSSQLSERVER2019'.
2024-09-25 11:40:16.073 +05:30  DBG  Creating DbCommand for 'ExecuteReader'.
2024-09-25 11:40:16.074 +05:30  DBG  Created DbCommand for 'ExecuteReader' (0ms).
2024-09-25 11:40:16.075 +05:30  DBG  Initialized DbCommand for 'ExecuteReader' (1ms).
2024-09-25 11:40:16.076 +05:30  DBG  Executing DbCommand [Parameters=[@__userId_0='?' (DbType = Guid)], CommandType='"Text"', CommandTimeout='30']
SELECT [a0].[Name]
FROM [AspNetUserRoles] AS [a]
INNER JOIN [AspNetRoles] AS [a0] ON [a].[RoleId] = [a0].[Id]
WHERE [a].[UserId] = @__userId_0
2024-09-25 11:40:16.085 +05:30  INF  Executed DbCommand (9ms) [Parameters=[@__userId_0='?' (DbType = Guid)], CommandType='"Text"', CommandTimeout='30']
SELECT [a0].[Name]
FROM [AspNetUserRoles] AS [a]
INNER JOIN [AspNetRoles] AS [a0] ON [a].[RoleId] = [a0].[Id]
WHERE [a].[UserId] = @__userId_0
2024-09-25 11:40:16.088 +05:30  DBG  Closing data reader to 'Ecommerce' on server 'FGS-DSK-230\MSSQLSERVER2019'.
2024-09-25 11:40:16.089 +05:30  DBG  A data reader for 'Ecommerce' on server 'FGS-DSK-230\MSSQLSERVER2019' is being disposed after spending 1ms reading results.
2024-09-25 11:40:16.090 +05:30  DBG  Closing connection to database 'Ecommerce' on server 'FGS-DSK-230\MSSQLSERVER2019'.
2024-09-25 11:40:16.091 +05:30  DBG  Closed connection to database 'Ecommerce' on server 'FGS-DSK-230\MSSQLSERVER2019' (0ms).
2024-09-25 11:40:16.093 +05:30  INF  Executed action method Web.Ecommerce.Controllers.Account.AccountController.Login (Web.Ecommerce), returned result Microsoft.AspNetCore.Mvc.OkObjectResult in 127.9463ms.
2024-09-25 11:40:16.094 +05:30  VRB  Action Filter: Before executing OnActionExecuted on filter Microsoft.AspNetCore.Mvc.Infrastructure.ModelStateInvalidFilter.
2024-09-25 11:40:16.095 +05:30  VRB  Action Filter: After executing OnActionExecuted on filter Microsoft.AspNetCore.Mvc.Infrastructure.ModelStateInvalidFilter.
2024-09-25 11:40:16.096 +05:30  VRB  Action Filter: Before executing OnActionExecuted on filter Microsoft.AspNetCore.Mvc.ModelBinding.UnsupportedContentTypeFilter.
2024-09-25 11:40:16.097 +05:30  VRB  Action Filter: After executing OnActionExecuted on filter Microsoft.AspNetCore.Mvc.ModelBinding.UnsupportedContentTypeFilter.
2024-09-25 11:40:16.100 +05:30  VRB  Result Filter: Before executing OnResultExecuting on filter Microsoft.AspNetCore.Mvc.Infrastructure.ClientErrorResultFilter.
2024-09-25 11:40:16.102 +05:30  VRB  Result Filter: After executing OnResultExecuting on filter Microsoft.AspNetCore.Mvc.Infrastructure.ClientErrorResultFilter.
2024-09-25 11:40:16.103 +05:30  VRB  Before executing action result Microsoft.AspNetCore.Mvc.OkObjectResult.
2024-09-25 11:40:16.104 +05:30  DBG  List of registered output formatters, in the following order: ["Microsoft.AspNetCore.Mvc.Formatters.HttpNoContentOutputFormatter","Microsoft.AspNetCore.Mvc.Formatters.StringOutputFormatter","Microsoft.AspNetCore.Mvc.Formatters.StreamOutputFormatter","Microsoft.AspNetCore.Mvc.Formatters.SystemTextJsonOutputFormatter"]
2024-09-25 11:40:16.105 +05:30  DBG  No information found on request to perform content negotiation.
2024-09-25 11:40:16.106 +05:30  DBG  Attempting to select an output formatter without using a content type as no explicit content types were specified for the response.
2024-09-25 11:40:16.106 +05:30  DBG  Attempting to select the first formatter in the output formatters list which can write the result.
2024-09-25 11:40:16.107 +05:30  DBG  Selected output formatter 'Microsoft.AspNetCore.Mvc.Formatters.SystemTextJsonOutputFormatter' and content type 'application/json' to write the response.
2024-09-25 11:40:16.108 +05:30  INF  Executing OkObjectResult, writing value of type '<>f__AnonymousType1`3[[System.String, System.Private.CoreLib, Version=8.0.0.0, Culture=neutral, PublicKeyToken=7cec85d7bea7798e],[System.String, System.Private.CoreLib, Version=8.0.0.0, Culture=neutral, PublicKeyToken=7cec85d7bea7798e],[System.Collections.Generic.IEnumerable`1[[System.String, System.Private.CoreLib, Version=8.0.0.0, Culture=neutral, PublicKeyToken=7cec85d7bea7798e]], System.Private.CoreLib, Version=8.0.0.0, Culture=neutral, PublicKeyToken=7cec85d7bea7798e]]'.
2024-09-25 11:40:16.109 +05:30  VRB  After executing action result Microsoft.AspNetCore.Mvc.OkObjectResult.
2024-09-25 11:40:16.109 +05:30  VRB  Connection id "0HN6T30PDSD68" sending "HEADERS" frame for stream ID 3 with length 37 and flags "END_HEADERS".
2024-09-25 11:40:16.110 +05:30  VRB  Result Filter: Before executing OnResultExecuted on filter Microsoft.AspNetCore.Mvc.Infrastructure.ClientErrorResultFilter.
2024-09-25 11:40:16.112 +05:30  VRB  Connection id "0HN6T30PDSD68" sending "DATA" frame for stream ID 3 with length 591 and flags "NONE".
2024-09-25 11:40:16.113 +05:30  VRB  Result Filter: After executing OnResultExecuted on filter Microsoft.AspNetCore.Mvc.Infrastructure.ClientErrorResultFilter.
2024-09-25 11:40:16.116 +05:30  INF  Executed action Web.Ecommerce.Controllers.Account.AccountController.Login (Web.Ecommerce) in 173.301ms
2024-09-25 11:40:16.117 +05:30  INF  Executed endpoint 'Web.Ecommerce.Controllers.Account.AccountController.Login (Web.Ecommerce)'
2024-09-25 11:40:16.118 +05:30  DBG  'EcommerceDbContext' disposed.
2024-09-25 11:40:16.119 +05:30  VRB  Connection id "0HN6T30PDSD68" sending "DATA" frame for stream ID 3 with length 0 and flags "END_STREAM".
2024-09-25 11:40:16.119 +05:30  DBG  Disposing connection to database 'Ecommerce' on server 'FGS-DSK-230\MSSQLSERVER2019'.
2024-09-25 11:40:16.122 +05:30  DBG  Disposed connection to database '' on server '' (2ms).
2024-09-25 11:40:16.123 +05:30  INF  Request finished HTTP/2 POST https://localhost:7113/api/Account/Login - 200 null application/json; charset=utf-8 208.6516ms
2024-09-25 11:40:19.484 +05:30  DBG  Connection id "0HN6T30PDSD68" received FIN.
2024-09-25 11:40:19.489 +05:30  DBG  Connection id "0HN6T30PDSD68" is closed. The last processed stream ID was 3.
2024-09-25 11:40:19.489 +05:30  DBG  The connection queue processing loop for 0HN6T30PDSD68 completed.
2024-09-25 11:40:19.494 +05:30  DBG  Connection id "0HN6T30PDSD68" sending FIN because: "The Socket transport's send loop completed gracefully."
2024-09-25 11:40:19.499 +05:30  DBG  Connection id "0HN6T30PDSD68" stopped.
2024-09-25 11:40:26.081 +05:30  DBG  Connection id "0HN6T30PDSD69" accepted.
2024-09-25 11:40:26.083 +05:30  DBG  Connection id "0HN6T30PDSD69" started.
2024-09-25 11:40:26.090 +05:30  DBG  Connection 0HN6T30PDSD69 established using the following protocol: "Tls12"
2024-09-25 11:40:26.092 +05:30  VRB  Connection id "0HN6T30PDSD69" sending "SETTINGS" frame for stream ID 0 with length 24 and flags "NONE".
2024-09-25 11:40:26.094 +05:30  VRB  Connection id "0HN6T30PDSD69" sending "WINDOW_UPDATE" frame for stream ID 0 with length 4 and flags 0x0.
2024-09-25 11:40:26.096 +05:30  VRB  Connection id "0HN6T30PDSD69" received "SETTINGS" frame for stream ID 0 with length 24 and flags "NONE".
2024-09-25 11:40:26.097 +05:30  VRB  Connection id "0HN6T30PDSD69" sending "SETTINGS" frame for stream ID 0 with length 0 and flags "ACK".
2024-09-25 11:40:26.100 +05:30  VRB  Connection id "0HN6T30PDSD69" received "WINDOW_UPDATE" frame for stream ID 0 with length 4 and flags 0x0.
2024-09-25 11:40:26.102 +05:30  VRB  Connection id "0HN6T30PDSD69" received "HEADERS" frame for stream ID 1 with length 335 and flags "END_STREAM, END_HEADERS, PRIORITY".
2024-09-25 11:40:26.105 +05:30  VRB  Connection id "0HN6T30PDSD69" received "SETTINGS" frame for stream ID 0 with length 0 and flags "ACK".
2024-09-25 11:40:26.105 +05:30  INF  Request starting HTTP/2 OPTIONS https://localhost:7113/api/Account/Login - null null
2024-09-25 11:40:26.109 +05:30  VRB  All hosts are allowed.
2024-09-25 11:40:26.111 +05:30  DBG  1 candidate(s) found for the request path '/api/Account/Login'
2024-09-25 11:40:26.111 +05:30  DBG  Request matched endpoint '405 HTTP Method Not Supported'
2024-09-25 11:40:26.112 +05:30  VRB  The endpoint does not specify the IRequestSizeLimitMetadata.
2024-09-25 11:40:26.113 +05:30  DBG  Static files was skipped as the request already matched an endpoint.
2024-09-25 11:40:26.113 +05:30  DBG  The request has an origin header: 'http://localhost:4200'.
2024-09-25 11:40:26.114 +05:30  INF  CORS policy execution successful.
2024-09-25 11:40:26.114 +05:30  DBG  The request is a preflight request.
2024-09-25 11:40:26.115 +05:30  VRB  Connection id "0HN6T30PDSD69" sending "HEADERS" frame for stream ID 1 with length 122 and flags "END_STREAM, END_HEADERS".
2024-09-25 11:40:26.115 +05:30  INF  Request finished HTTP/2 OPTIONS https://localhost:7113/api/Account/Login - 204 null null 10.151ms
2024-09-25 11:40:26.119 +05:30  VRB  Connection id "0HN6T30PDSD69" received "HEADERS" frame for stream ID 3 with length 181 and flags "END_HEADERS, PRIORITY".
2024-09-25 11:40:26.122 +05:30  VRB  Connection id "0HN6T30PDSD69" received "DATA" frame for stream ID 3 with length 68 and flags "END_STREAM".
2024-09-25 11:40:26.122 +05:30  INF  Request starting HTTP/2 POST https://localhost:7113/api/Account/Login - application/json 68
2024-09-25 11:40:26.126 +05:30  VRB  All hosts are allowed.
2024-09-25 11:40:26.126 +05:30  DBG  1 candidate(s) found for the request path '/api/Account/Login'
2024-09-25 11:40:26.128 +05:30  DBG  Endpoint 'Web.Ecommerce.Controllers.Account.AccountController.Login (Web.Ecommerce)' with route pattern 'api/Account/Login' is valid for the request path '/api/Account/Login'
2024-09-25 11:40:26.129 +05:30  DBG  Request matched endpoint 'Web.Ecommerce.Controllers.Account.AccountController.Login (Web.Ecommerce)'
2024-09-25 11:40:26.130 +05:30  VRB  The endpoint does not specify the IRequestSizeLimitMetadata.
2024-09-25 11:40:26.130 +05:30  DBG  Static files was skipped as the request already matched an endpoint.
2024-09-25 11:40:26.131 +05:30  DBG  The request has an origin header: 'http://localhost:4200'.
2024-09-25 11:40:26.132 +05:30  INF  CORS policy execution successful.
2024-09-25 11:40:26.133 +05:30  DBG  AuthenticationScheme: Bearer was not authenticated.
2024-09-25 11:40:26.134 +05:30  INF  Executing endpoint 'Web.Ecommerce.Controllers.Account.AccountController.Login (Web.Ecommerce)'
2024-09-25 11:40:26.135 +05:30  INF  Route matched with {action = "Login", controller = "Account"}. Executing controller action with signature System.Threading.Tasks.Task`1[Microsoft.AspNetCore.Mvc.IActionResult] Login(Application.Ecom.Authentication.Commands.LoginUser.LoginUserCommand) on controller Web.Ecommerce.Controllers.Account.AccountController (Web.Ecommerce).
2024-09-25 11:40:26.137 +05:30  DBG  Execution plan of authorization filters (in the following order): ["None"]
2024-09-25 11:40:26.138 +05:30  DBG  Execution plan of resource filters (in the following order): ["None"]
2024-09-25 11:40:26.140 +05:30  DBG  Execution plan of action filters (in the following order): ["Microsoft.AspNetCore.Mvc.ModelBinding.UnsupportedContentTypeFilter (Order: -3000)","Microsoft.AspNetCore.Mvc.Infrastructure.ModelStateInvalidFilter (Order: -2000)"]
2024-09-25 11:40:26.141 +05:30  DBG  Execution plan of exception filters (in the following order): ["None"]
2024-09-25 11:40:26.142 +05:30  DBG  Execution plan of result filters (in the following order): ["Microsoft.AspNetCore.Mvc.Infrastructure.ClientErrorResultFilter (Order: -2000)"]
2024-09-25 11:40:26.143 +05:30  DBG  Executing controller factory for controller Web.Ecommerce.Controllers.Account.AccountController (Web.Ecommerce)
2024-09-25 11:40:26.144 +05:30  DBG  Executed controller factory for controller Web.Ecommerce.Controllers.Account.AccountController (Web.Ecommerce)
2024-09-25 11:40:26.146 +05:30  DBG  Attempting to bind parameter 'command' of type 'Application.Ecom.Authentication.Commands.LoginUser.LoginUserCommand' ...
2024-09-25 11:40:26.147 +05:30  DBG  Attempting to bind parameter 'command' of type 'Application.Ecom.Authentication.Commands.LoginUser.LoginUserCommand' using the name '' in request data ...
2024-09-25 11:40:26.148 +05:30  DBG  Selected input formatter 'Microsoft.AspNetCore.Mvc.Formatters.SystemTextJsonInputFormatter' for content type 'application/json'.
2024-09-25 11:40:26.149 +05:30  DBG  Connection id "0HN6T30PDSD69", Request id "0HN6T30PDSD69:00000003": started reading request body.
2024-09-25 11:40:26.151 +05:30  DBG  Connection id "0HN6T30PDSD69", Request id "0HN6T30PDSD69:00000003": done reading request body.
2024-09-25 11:40:26.152 +05:30  DBG  JSON input formatter succeeded, deserializing to type 'Application.Ecom.Authentication.Commands.LoginUser.LoginUserCommand'
2024-09-25 11:40:26.153 +05:30  DBG  Done attempting to bind parameter 'command' of type 'Application.Ecom.Authentication.Commands.LoginUser.LoginUserCommand'.
2024-09-25 11:40:26.154 +05:30  DBG  Done attempting to bind parameter 'command' of type 'Application.Ecom.Authentication.Commands.LoginUser.LoginUserCommand'.
2024-09-25 11:40:26.155 +05:30  DBG  Attempting to validate the bound parameter 'command' of type 'Application.Ecom.Authentication.Commands.LoginUser.LoginUserCommand' ...
2024-09-25 11:40:26.156 +05:30  DBG  Done attempting to validate the bound parameter 'command' of type 'Application.Ecom.Authentication.Commands.LoginUser.LoginUserCommand'.
2024-09-25 11:40:26.157 +05:30  VRB  Action Filter: Before executing OnActionExecuting on filter Microsoft.AspNetCore.Mvc.ModelBinding.UnsupportedContentTypeFilter.
2024-09-25 11:40:26.158 +05:30  VRB  Action Filter: After executing OnActionExecuting on filter Microsoft.AspNetCore.Mvc.ModelBinding.UnsupportedContentTypeFilter.
2024-09-25 11:40:26.159 +05:30  VRB  Action Filter: Before executing OnActionExecuting on filter Microsoft.AspNetCore.Mvc.Infrastructure.ModelStateInvalidFilter.
2024-09-25 11:40:26.160 +05:30  VRB  Action Filter: After executing OnActionExecuting on filter Microsoft.AspNetCore.Mvc.Infrastructure.ModelStateInvalidFilter.
2024-09-25 11:40:26.161 +05:30  INF  Executing action method Web.Ecommerce.Controllers.Account.AccountController.Login (Web.Ecommerce) - Validation state: "Valid"
2024-09-25 11:40:26.162 +05:30  VRB  Executing action method Web.Ecommerce.Controllers.Account.AccountController.Login (Web.Ecommerce) with arguments (["Application.Ecom.Authentication.Commands.LoginUser.LoginUserCommand"])
2024-09-25 11:40:26.164 +05:30  DBG  Entity Framework Core 8.0.8 initialized 'EcommerceDbContext' using provider 'Microsoft.EntityFrameworkCore.SqlServer:8.0.8' with options: None
2024-09-25 11:40:26.166 +05:30  DBG  Creating DbConnection.
2024-09-25 11:40:26.167 +05:30  DBG  Created DbConnection. (0ms).
2024-09-25 11:40:26.167 +05:30  DBG  Opening connection to database 'Ecommerce' on server 'FGS-DSK-230\MSSQLSERVER2019'.
2024-09-25 11:40:26.168 +05:30  DBG  Opened connection to database 'Ecommerce' on server 'FGS-DSK-230\MSSQLSERVER2019'.
2024-09-25 11:40:26.169 +05:30  DBG  Creating DbCommand for 'ExecuteReader'.
2024-09-25 11:40:26.170 +05:30  DBG  Created DbCommand for 'ExecuteReader' (0ms).
2024-09-25 11:40:26.171 +05:30  DBG  Initialized DbCommand for 'ExecuteReader' (1ms).
2024-09-25 11:40:26.172 +05:30  DBG  Executing DbCommand [Parameters=[@__normalizedEmail_0='?' (Size = 256)], CommandType='"Text"', CommandTimeout='30']
SELECT TOP(2) [a].[Id], [a].[AccessFailedCount], [a].[ConcurrencyStamp], [a].[CreatedAt], [a].[Email], [a].[EmailConfirmed], [a].[IsDeleted], [a].[IsVerified], [a].[LockoutEnabled], [a].[LockoutEnd], [a].[NormalizedEmail], [a].[NormalizedUserName], [a].[PasswordHash], [a].[PhoneNumber], [a].[PhoneNumberConfirmed], [a].[SecurityStamp], [a].[TwoFactorEnabled], [a].[UpdatedAt], [a].[UserName]
FROM [AspNetUsers] AS [a]
WHERE [a].[NormalizedEmail] = @__normalizedEmail_0
2024-09-25 11:40:26.175 +05:30  INF  Executed DbCommand (4ms) [Parameters=[@__normalizedEmail_0='?' (Size = 256)], CommandType='"Text"', CommandTimeout='30']
SELECT TOP(2) [a].[Id], [a].[AccessFailedCount], [a].[ConcurrencyStamp], [a].[CreatedAt], [a].[Email], [a].[EmailConfirmed], [a].[IsDeleted], [a].[IsVerified], [a].[LockoutEnabled], [a].[LockoutEnd], [a].[NormalizedEmail], [a].[NormalizedUserName], [a].[PasswordHash], [a].[PhoneNumber], [a].[PhoneNumberConfirmed], [a].[SecurityStamp], [a].[TwoFactorEnabled], [a].[UpdatedAt], [a].[UserName]
FROM [AspNetUsers] AS [a]
WHERE [a].[NormalizedEmail] = @__normalizedEmail_0
2024-09-25 11:40:26.178 +05:30  DBG  Context 'EcommerceDbContext' started tracking 'User' entity. Consider using 'DbContextOptionsBuilder.EnableSensitiveDataLogging' to see key values.
2024-09-25 11:40:26.179 +05:30  DBG  Closing data reader to 'Ecommerce' on server 'FGS-DSK-230\MSSQLSERVER2019'.
2024-09-25 11:40:26.179 +05:30  DBG  A data reader for 'Ecommerce' on server 'FGS-DSK-230\MSSQLSERVER2019' is being disposed after spending 2ms reading results.
2024-09-25 11:40:26.181 +05:30  DBG  Closing connection to database 'Ecommerce' on server 'FGS-DSK-230\MSSQLSERVER2019'.
2024-09-25 11:40:26.182 +05:30  DBG  Closed connection to database 'Ecommerce' on server 'FGS-DSK-230\MSSQLSERVER2019' (1ms).
2024-09-25 11:40:26.255 +05:30  DBG  Opening connection to database 'Ecommerce' on server 'FGS-DSK-230\MSSQLSERVER2019'.
2024-09-25 11:40:26.257 +05:30  DBG  Opened connection to database 'Ecommerce' on server 'FGS-DSK-230\MSSQLSERVER2019'.
2024-09-25 11:40:26.258 +05:30  DBG  Creating DbCommand for 'ExecuteReader'.
2024-09-25 11:40:26.259 +05:30  DBG  Created DbCommand for 'ExecuteReader' (0ms).
2024-09-25 11:40:26.260 +05:30  DBG  Initialized DbCommand for 'ExecuteReader' (1ms).
2024-09-25 11:40:26.261 +05:30  DBG  Executing DbCommand [Parameters=[@__userId_0='?' (DbType = Guid)], CommandType='"Text"', CommandTimeout='30']
SELECT [a0].[Name]
FROM [AspNetUserRoles] AS [a]
INNER JOIN [AspNetRoles] AS [a0] ON [a].[RoleId] = [a0].[Id]
WHERE [a].[UserId] = @__userId_0
2024-09-25 11:40:26.264 +05:30  INF  Executed DbCommand (4ms) [Parameters=[@__userId_0='?' (DbType = Guid)], CommandType='"Text"', CommandTimeout='30']
SELECT [a0].[Name]
FROM [AspNetUserRoles] AS [a]
INNER JOIN [AspNetRoles] AS [a0] ON [a].[RoleId] = [a0].[Id]
WHERE [a].[UserId] = @__userId_0
2024-09-25 11:40:26.267 +05:30  DBG  Closing data reader to 'Ecommerce' on server 'FGS-DSK-230\MSSQLSERVER2019'.
2024-09-25 11:40:26.268 +05:30  DBG  A data reader for 'Ecommerce' on server 'FGS-DSK-230\MSSQLSERVER2019' is being disposed after spending 0ms reading results.
2024-09-25 11:40:26.269 +05:30  DBG  Closing connection to database 'Ecommerce' on server 'FGS-DSK-230\MSSQLSERVER2019'.
2024-09-25 11:40:26.271 +05:30  DBG  Closed connection to database 'Ecommerce' on server 'FGS-DSK-230\MSSQLSERVER2019' (1ms).
2024-09-25 11:40:26.272 +05:30  INF  Executed action method Web.Ecommerce.Controllers.Account.AccountController.Login (Web.Ecommerce), returned result Microsoft.AspNetCore.Mvc.OkObjectResult in 108.5772ms.
2024-09-25 11:40:26.273 +05:30  VRB  Action Filter: Before executing OnActionExecuted on filter Microsoft.AspNetCore.Mvc.Infrastructure.ModelStateInvalidFilter.
2024-09-25 11:40:26.274 +05:30  VRB  Action Filter: After executing OnActionExecuted on filter Microsoft.AspNetCore.Mvc.Infrastructure.ModelStateInvalidFilter.
2024-09-25 11:40:26.275 +05:30  VRB  Action Filter: Before executing OnActionExecuted on filter Microsoft.AspNetCore.Mvc.ModelBinding.UnsupportedContentTypeFilter.
2024-09-25 11:40:26.277 +05:30  VRB  Action Filter: After executing OnActionExecuted on filter Microsoft.AspNetCore.Mvc.ModelBinding.UnsupportedContentTypeFilter.
2024-09-25 11:40:26.278 +05:30  VRB  Result Filter: Before executing OnResultExecuting on filter Microsoft.AspNetCore.Mvc.Infrastructure.ClientErrorResultFilter.
2024-09-25 11:40:26.279 +05:30  VRB  Result Filter: After executing OnResultExecuting on filter Microsoft.AspNetCore.Mvc.Infrastructure.ClientErrorResultFilter.
2024-09-25 11:40:26.281 +05:30  VRB  Before executing action result Microsoft.AspNetCore.Mvc.OkObjectResult.
2024-09-25 11:40:26.282 +05:30  DBG  List of registered output formatters, in the following order: ["Microsoft.AspNetCore.Mvc.Formatters.HttpNoContentOutputFormatter","Microsoft.AspNetCore.Mvc.Formatters.StringOutputFormatter","Microsoft.AspNetCore.Mvc.Formatters.StreamOutputFormatter","Microsoft.AspNetCore.Mvc.Formatters.SystemTextJsonOutputFormatter"]
2024-09-25 11:40:26.284 +05:30  DBG  No information found on request to perform content negotiation.
2024-09-25 11:40:26.285 +05:30  DBG  Attempting to select an output formatter without using a content type as no explicit content types were specified for the response.
2024-09-25 11:40:26.285 +05:30  DBG  Attempting to select the first formatter in the output formatters list which can write the result.
2024-09-25 11:40:26.286 +05:30  DBG  Selected output formatter 'Microsoft.AspNetCore.Mvc.Formatters.SystemTextJsonOutputFormatter' and content type 'application/json' to write the response.
2024-09-25 11:40:26.288 +05:30  INF  Executing OkObjectResult, writing value of type '<>f__AnonymousType1`3[[System.String, System.Private.CoreLib, Version=8.0.0.0, Culture=neutral, PublicKeyToken=7cec85d7bea7798e],[System.String, System.Private.CoreLib, Version=8.0.0.0, Culture=neutral, PublicKeyToken=7cec85d7bea7798e],[System.Collections.Generic.IEnumerable`1[[System.String, System.Private.CoreLib, Version=8.0.0.0, Culture=neutral, PublicKeyToken=7cec85d7bea7798e]], System.Private.CoreLib, Version=8.0.0.0, Culture=neutral, PublicKeyToken=7cec85d7bea7798e]]'.
2024-09-25 11:40:26.289 +05:30  VRB  After executing action result Microsoft.AspNetCore.Mvc.OkObjectResult.
2024-09-25 11:40:26.289 +05:30  VRB  Connection id "0HN6T30PDSD69" sending "HEADERS" frame for stream ID 3 with length 37 and flags "END_HEADERS".
2024-09-25 11:40:26.289 +05:30  VRB  Result Filter: Before executing OnResultExecuted on filter Microsoft.AspNetCore.Mvc.Infrastructure.ClientErrorResultFilter.
2024-09-25 11:40:26.291 +05:30  VRB  Connection id "0HN6T30PDSD69" sending "DATA" frame for stream ID 3 with length 582 and flags "NONE".
2024-09-25 11:40:26.292 +05:30  VRB  Result Filter: After executing OnResultExecuted on filter Microsoft.AspNetCore.Mvc.Infrastructure.ClientErrorResultFilter.
2024-09-25 11:40:26.295 +05:30  INF  Executed action Web.Ecommerce.Controllers.Account.AccountController.Login (Web.Ecommerce) in 151.648ms
2024-09-25 11:40:26.296 +05:30  INF  Executed endpoint 'Web.Ecommerce.Controllers.Account.AccountController.Login (Web.Ecommerce)'
2024-09-25 11:40:26.297 +05:30  VRB  Connection id "0HN6T30PDSD69" sending "DATA" frame for stream ID 3 with length 0 and flags "END_STREAM".
2024-09-25 11:40:26.297 +05:30  DBG  'EcommerceDbContext' disposed.
2024-09-25 11:40:26.301 +05:30  DBG  Disposing connection to database 'Ecommerce' on server 'FGS-DSK-230\MSSQLSERVER2019'.
2024-09-25 11:40:26.303 +05:30  DBG  Disposed connection to database '' on server '' (2ms).
2024-09-25 11:40:26.304 +05:30  INF  Request finished HTTP/2 POST https://localhost:7113/api/Account/Login - 200 null application/json; charset=utf-8 181.9808ms
2024-09-25 11:40:29.499 +05:30  DBG  Connection id "0HN6T30PDSD69" received FIN.
2024-09-25 11:40:29.502 +05:30  DBG  Connection id "0HN6T30PDSD69" is closed. The last processed stream ID was 3.
2024-09-25 11:40:29.502 +05:30  DBG  The connection queue processing loop for 0HN6T30PDSD69 completed.
2024-09-25 11:40:29.504 +05:30  DBG  Connection id "0HN6T30PDSD69" sending FIN because: "The Socket transport's send loop completed gracefully."
2024-09-25 11:40:29.514 +05:30  DBG  Connection id "0HN6T30PDSD69" stopped.
2024-09-25 11:40:34.481 +05:30  DBG  Connection id "0HN6T30PDSD6A" accepted.
2024-09-25 11:40:34.483 +05:30  DBG  Connection id "0HN6T30PDSD6A" started.
2024-09-25 11:40:34.486 +05:30  DBG  Connection 0HN6T30PDSD6A established using the following protocol: "Tls12"
2024-09-25 11:40:34.487 +05:30  VRB  Connection id "0HN6T30PDSD6A" sending "SETTINGS" frame for stream ID 0 with length 24 and flags "NONE".
2024-09-25 11:40:34.488 +05:30  VRB  Connection id "0HN6T30PDSD6A" sending "WINDOW_UPDATE" frame for stream ID 0 with length 4 and flags 0x0.
2024-09-25 11:40:34.490 +05:30  VRB  Connection id "0HN6T30PDSD6A" received "SETTINGS" frame for stream ID 0 with length 24 and flags "NONE".
2024-09-25 11:40:34.491 +05:30  VRB  Connection id "0HN6T30PDSD6A" sending "SETTINGS" frame for stream ID 0 with length 0 and flags "ACK".
2024-09-25 11:40:34.493 +05:30  VRB  Connection id "0HN6T30PDSD6A" received "WINDOW_UPDATE" frame for stream ID 0 with length 4 and flags 0x0.
2024-09-25 11:40:34.495 +05:30  VRB  Connection id "0HN6T30PDSD6A" received "HEADERS" frame for stream ID 1 with length 335 and flags "END_STREAM, END_HEADERS, PRIORITY".
2024-09-25 11:40:34.496 +05:30  VRB  Connection id "0HN6T30PDSD6A" received "SETTINGS" frame for stream ID 0 with length 0 and flags "ACK".
2024-09-25 11:40:34.496 +05:30  INF  Request starting HTTP/2 OPTIONS https://localhost:7113/api/Account/Login - null null
2024-09-25 11:40:34.500 +05:30  VRB  All hosts are allowed.
2024-09-25 11:40:34.501 +05:30  DBG  1 candidate(s) found for the request path '/api/Account/Login'
2024-09-25 11:40:34.501 +05:30  DBG  Request matched endpoint '405 HTTP Method Not Supported'
2024-09-25 11:40:34.502 +05:30  VRB  The endpoint does not specify the IRequestSizeLimitMetadata.
2024-09-25 11:40:34.503 +05:30  DBG  Static files was skipped as the request already matched an endpoint.
2024-09-25 11:40:34.503 +05:30  DBG  The request has an origin header: 'http://localhost:4200'.
2024-09-25 11:40:34.504 +05:30  INF  CORS policy execution successful.
2024-09-25 11:40:34.504 +05:30  DBG  The request is a preflight request.
2024-09-25 11:40:34.505 +05:30  INF  Request finished HTTP/2 OPTIONS https://localhost:7113/api/Account/Login - 204 null null 8.8609ms
2024-09-25 11:40:34.505 +05:30  VRB  Connection id "0HN6T30PDSD6A" sending "HEADERS" frame for stream ID 1 with length 122 and flags "END_STREAM, END_HEADERS".
2024-09-25 11:40:34.515 +05:30  VRB  Connection id "0HN6T30PDSD6A" received "HEADERS" frame for stream ID 3 with length 181 and flags "END_HEADERS, PRIORITY".
2024-09-25 11:40:34.517 +05:30  VRB  Connection id "0HN6T30PDSD6A" received "DATA" frame for stream ID 3 with length 66 and flags "END_STREAM".
2024-09-25 11:40:34.517 +05:30  INF  Request starting HTTP/2 POST https://localhost:7113/api/Account/Login - application/json 66
2024-09-25 11:40:34.521 +05:30  VRB  All hosts are allowed.
2024-09-25 11:40:34.522 +05:30  DBG  1 candidate(s) found for the request path '/api/Account/Login'
2024-09-25 11:40:34.523 +05:30  DBG  Endpoint 'Web.Ecommerce.Controllers.Account.AccountController.Login (Web.Ecommerce)' with route pattern 'api/Account/Login' is valid for the request path '/api/Account/Login'
2024-09-25 11:40:34.524 +05:30  DBG  Request matched endpoint 'Web.Ecommerce.Controllers.Account.AccountController.Login (Web.Ecommerce)'
2024-09-25 11:40:34.525 +05:30  VRB  The endpoint does not specify the IRequestSizeLimitMetadata.
2024-09-25 11:40:34.525 +05:30  DBG  Static files was skipped as the request already matched an endpoint.
2024-09-25 11:40:34.526 +05:30  DBG  The request has an origin header: 'http://localhost:4200'.
2024-09-25 11:40:34.526 +05:30  INF  CORS policy execution successful.
2024-09-25 11:40:34.527 +05:30  DBG  AuthenticationScheme: Bearer was not authenticated.
2024-09-25 11:40:34.528 +05:30  INF  Executing endpoint 'Web.Ecommerce.Controllers.Account.AccountController.Login (Web.Ecommerce)'
2024-09-25 11:40:34.529 +05:30  INF  Route matched with {action = "Login", controller = "Account"}. Executing controller action with signature System.Threading.Tasks.Task`1[Microsoft.AspNetCore.Mvc.IActionResult] Login(Application.Ecom.Authentication.Commands.LoginUser.LoginUserCommand) on controller Web.Ecommerce.Controllers.Account.AccountController (Web.Ecommerce).
2024-09-25 11:40:34.531 +05:30  DBG  Execution plan of authorization filters (in the following order): ["None"]
2024-09-25 11:40:34.532 +05:30  DBG  Execution plan of resource filters (in the following order): ["None"]
2024-09-25 11:40:34.533 +05:30  DBG  Execution plan of action filters (in the following order): ["Microsoft.AspNetCore.Mvc.ModelBinding.UnsupportedContentTypeFilter (Order: -3000)","Microsoft.AspNetCore.Mvc.Infrastructure.ModelStateInvalidFilter (Order: -2000)"]
2024-09-25 11:40:34.536 +05:30  DBG  Execution plan of exception filters (in the following order): ["None"]
2024-09-25 11:40:34.537 +05:30  DBG  Execution plan of result filters (in the following order): ["Microsoft.AspNetCore.Mvc.Infrastructure.ClientErrorResultFilter (Order: -2000)"]
2024-09-25 11:40:34.539 +05:30  DBG  Executing controller factory for controller Web.Ecommerce.Controllers.Account.AccountController (Web.Ecommerce)
2024-09-25 11:40:34.540 +05:30  DBG  Executed controller factory for controller Web.Ecommerce.Controllers.Account.AccountController (Web.Ecommerce)
2024-09-25 11:40:34.541 +05:30  DBG  Attempting to bind parameter 'command' of type 'Application.Ecom.Authentication.Commands.LoginUser.LoginUserCommand' ...
2024-09-25 11:40:34.542 +05:30  DBG  Attempting to bind parameter 'command' of type 'Application.Ecom.Authentication.Commands.LoginUser.LoginUserCommand' using the name '' in request data ...
2024-09-25 11:40:34.544 +05:30  DBG  Selected input formatter 'Microsoft.AspNetCore.Mvc.Formatters.SystemTextJsonInputFormatter' for content type 'application/json'.
2024-09-25 11:40:34.545 +05:30  DBG  Connection id "0HN6T30PDSD6A", Request id "0HN6T30PDSD6A:00000003": started reading request body.
2024-09-25 11:40:34.546 +05:30  DBG  Connection id "0HN6T30PDSD6A", Request id "0HN6T30PDSD6A:00000003": done reading request body.
2024-09-25 11:40:34.547 +05:30  DBG  JSON input formatter succeeded, deserializing to type 'Application.Ecom.Authentication.Commands.LoginUser.LoginUserCommand'
2024-09-25 11:40:34.548 +05:30  DBG  Done attempting to bind parameter 'command' of type 'Application.Ecom.Authentication.Commands.LoginUser.LoginUserCommand'.
2024-09-25 11:40:34.550 +05:30  DBG  Done attempting to bind parameter 'command' of type 'Application.Ecom.Authentication.Commands.LoginUser.LoginUserCommand'.
2024-09-25 11:40:34.551 +05:30  DBG  Attempting to validate the bound parameter 'command' of type 'Application.Ecom.Authentication.Commands.LoginUser.LoginUserCommand' ...
2024-09-25 11:40:34.552 +05:30  DBG  Done attempting to validate the bound parameter 'command' of type 'Application.Ecom.Authentication.Commands.LoginUser.LoginUserCommand'.
2024-09-25 11:40:34.553 +05:30  VRB  Action Filter: Before executing OnActionExecuting on filter Microsoft.AspNetCore.Mvc.ModelBinding.UnsupportedContentTypeFilter.
2024-09-25 11:40:34.554 +05:30  VRB  Action Filter: After executing OnActionExecuting on filter Microsoft.AspNetCore.Mvc.ModelBinding.UnsupportedContentTypeFilter.
2024-09-25 11:40:34.555 +05:30  VRB  Action Filter: Before executing OnActionExecuting on filter Microsoft.AspNetCore.Mvc.Infrastructure.ModelStateInvalidFilter.
2024-09-25 11:40:34.556 +05:30  VRB  Action Filter: After executing OnActionExecuting on filter Microsoft.AspNetCore.Mvc.Infrastructure.ModelStateInvalidFilter.
2024-09-25 11:40:34.557 +05:30  INF  Executing action method Web.Ecommerce.Controllers.Account.AccountController.Login (Web.Ecommerce) - Validation state: "Valid"
2024-09-25 11:40:34.558 +05:30  VRB  Executing action method Web.Ecommerce.Controllers.Account.AccountController.Login (Web.Ecommerce) with arguments (["Application.Ecom.Authentication.Commands.LoginUser.LoginUserCommand"])
2024-09-25 11:40:34.560 +05:30  DBG  Entity Framework Core 8.0.8 initialized 'EcommerceDbContext' using provider 'Microsoft.EntityFrameworkCore.SqlServer:8.0.8' with options: None
2024-09-25 11:40:34.562 +05:30  DBG  Creating DbConnection.
2024-09-25 11:40:34.562 +05:30  DBG  Created DbConnection. (0ms).
2024-09-25 11:40:34.563 +05:30  DBG  Opening connection to database 'Ecommerce' on server 'FGS-DSK-230\MSSQLSERVER2019'.
2024-09-25 11:40:34.564 +05:30  DBG  Opened connection to database 'Ecommerce' on server 'FGS-DSK-230\MSSQLSERVER2019'.
2024-09-25 11:40:34.565 +05:30  DBG  Creating DbCommand for 'ExecuteReader'.
2024-09-25 11:40:34.566 +05:30  DBG  Created DbCommand for 'ExecuteReader' (1ms).
2024-09-25 11:40:34.567 +05:30  DBG  Initialized DbCommand for 'ExecuteReader' (1ms).
2024-09-25 11:40:34.568 +05:30  DBG  Executing DbCommand [Parameters=[@__normalizedEmail_0='?' (Size = 256)], CommandType='"Text"', CommandTimeout='30']
SELECT TOP(2) [a].[Id], [a].[AccessFailedCount], [a].[ConcurrencyStamp], [a].[CreatedAt], [a].[Email], [a].[EmailConfirmed], [a].[IsDeleted], [a].[IsVerified], [a].[LockoutEnabled], [a].[LockoutEnd], [a].[NormalizedEmail], [a].[NormalizedUserName], [a].[PasswordHash], [a].[PhoneNumber], [a].[PhoneNumberConfirmed], [a].[SecurityStamp], [a].[TwoFactorEnabled], [a].[UpdatedAt], [a].[UserName]
FROM [AspNetUsers] AS [a]
WHERE [a].[NormalizedEmail] = @__normalizedEmail_0
2024-09-25 11:40:34.572 +05:30  INF  Executed DbCommand (4ms) [Parameters=[@__normalizedEmail_0='?' (Size = 256)], CommandType='"Text"', CommandTimeout='30']
SELECT TOP(2) [a].[Id], [a].[AccessFailedCount], [a].[ConcurrencyStamp], [a].[CreatedAt], [a].[Email], [a].[EmailConfirmed], [a].[IsDeleted], [a].[IsVerified], [a].[LockoutEnabled], [a].[LockoutEnd], [a].[NormalizedEmail], [a].[NormalizedUserName], [a].[PasswordHash], [a].[PhoneNumber], [a].[PhoneNumberConfirmed], [a].[SecurityStamp], [a].[TwoFactorEnabled], [a].[UpdatedAt], [a].[UserName]
FROM [AspNetUsers] AS [a]
WHERE [a].[NormalizedEmail] = @__normalizedEmail_0
2024-09-25 11:40:34.574 +05:30  DBG  Context 'EcommerceDbContext' started tracking 'User' entity. Consider using 'DbContextOptionsBuilder.EnableSensitiveDataLogging' to see key values.
2024-09-25 11:40:34.575 +05:30  DBG  Closing data reader to 'Ecommerce' on server 'FGS-DSK-230\MSSQLSERVER2019'.
2024-09-25 11:40:34.576 +05:30  DBG  A data reader for 'Ecommerce' on server 'FGS-DSK-230\MSSQLSERVER2019' is being disposed after spending 2ms reading results.
2024-09-25 11:40:34.577 +05:30  DBG  Closing connection to database 'Ecommerce' on server 'FGS-DSK-230\MSSQLSERVER2019'.
2024-09-25 11:40:34.578 +05:30  DBG  Closed connection to database 'Ecommerce' on server 'FGS-DSK-230\MSSQLSERVER2019' (0ms).
2024-09-25 11:40:34.652 +05:30  DBG  Opening connection to database 'Ecommerce' on server 'FGS-DSK-230\MSSQLSERVER2019'.
2024-09-25 11:40:34.653 +05:30  DBG  Opened connection to database 'Ecommerce' on server 'FGS-DSK-230\MSSQLSERVER2019'.
2024-09-25 11:40:34.654 +05:30  DBG  Creating DbCommand for 'ExecuteReader'.
2024-09-25 11:40:34.655 +05:30  DBG  Created DbCommand for 'ExecuteReader' (0ms).
2024-09-25 11:40:34.655 +05:30  DBG  Initialized DbCommand for 'ExecuteReader' (1ms).
2024-09-25 11:40:34.656 +05:30  DBG  Executing DbCommand [Parameters=[@__userId_0='?' (DbType = Guid)], CommandType='"Text"', CommandTimeout='30']
SELECT [a0].[Name]
FROM [AspNetUserRoles] AS [a]
INNER JOIN [AspNetRoles] AS [a0] ON [a].[RoleId] = [a0].[Id]
WHERE [a].[UserId] = @__userId_0
2024-09-25 11:40:34.660 +05:30  INF  Executed DbCommand (4ms) [Parameters=[@__userId_0='?' (DbType = Guid)], CommandType='"Text"', CommandTimeout='30']
SELECT [a0].[Name]
FROM [AspNetUserRoles] AS [a]
INNER JOIN [AspNetRoles] AS [a0] ON [a].[RoleId] = [a0].[Id]
WHERE [a].[UserId] = @__userId_0
2024-09-25 11:40:34.662 +05:30  DBG  Closing data reader to 'Ecommerce' on server 'FGS-DSK-230\MSSQLSERVER2019'.
2024-09-25 11:40:34.663 +05:30  DBG  A data reader for 'Ecommerce' on server 'FGS-DSK-230\MSSQLSERVER2019' is being disposed after spending 1ms reading results.
2024-09-25 11:40:34.664 +05:30  DBG  Closing connection to database 'Ecommerce' on server 'FGS-DSK-230\MSSQLSERVER2019'.
2024-09-25 11:40:34.666 +05:30  DBG  Closed connection to database 'Ecommerce' on server 'FGS-DSK-230\MSSQLSERVER2019' (1ms).
2024-09-25 11:40:34.668 +05:30  INF  Executed action method Web.Ecommerce.Controllers.Account.AccountController.Login (Web.Ecommerce), returned result Microsoft.AspNetCore.Mvc.OkObjectResult in 108.5094ms.
2024-09-25 11:40:34.669 +05:30  VRB  Action Filter: Before executing OnActionExecuted on filter Microsoft.AspNetCore.Mvc.Infrastructure.ModelStateInvalidFilter.
2024-09-25 11:40:34.670 +05:30  VRB  Action Filter: After executing OnActionExecuted on filter Microsoft.AspNetCore.Mvc.Infrastructure.ModelStateInvalidFilter.
2024-09-25 11:40:34.672 +05:30  VRB  Action Filter: Before executing OnActionExecuted on filter Microsoft.AspNetCore.Mvc.ModelBinding.UnsupportedContentTypeFilter.
2024-09-25 11:40:34.673 +05:30  VRB  Action Filter: After executing OnActionExecuted on filter Microsoft.AspNetCore.Mvc.ModelBinding.UnsupportedContentTypeFilter.
2024-09-25 11:40:34.674 +05:30  VRB  Result Filter: Before executing OnResultExecuting on filter Microsoft.AspNetCore.Mvc.Infrastructure.ClientErrorResultFilter.
2024-09-25 11:40:34.675 +05:30  VRB  Result Filter: After executing OnResultExecuting on filter Microsoft.AspNetCore.Mvc.Infrastructure.ClientErrorResultFilter.
2024-09-25 11:40:34.676 +05:30  VRB  Before executing action result Microsoft.AspNetCore.Mvc.OkObjectResult.
2024-09-25 11:40:34.677 +05:30  DBG  List of registered output formatters, in the following order: ["Microsoft.AspNetCore.Mvc.Formatters.HttpNoContentOutputFormatter","Microsoft.AspNetCore.Mvc.Formatters.StringOutputFormatter","Microsoft.AspNetCore.Mvc.Formatters.StreamOutputFormatter","Microsoft.AspNetCore.Mvc.Formatters.SystemTextJsonOutputFormatter"]
2024-09-25 11:40:34.679 +05:30  DBG  No information found on request to perform content negotiation.
2024-09-25 11:40:34.679 +05:30  DBG  Attempting to select an output formatter without using a content type as no explicit content types were specified for the response.
2024-09-25 11:40:34.680 +05:30  DBG  Attempting to select the first formatter in the output formatters list which can write the result.
2024-09-25 11:40:34.680 +05:30  DBG  Selected output formatter 'Microsoft.AspNetCore.Mvc.Formatters.SystemTextJsonOutputFormatter' and content type 'application/json' to write the response.
2024-09-25 11:40:34.681 +05:30  INF  Executing OkObjectResult, writing value of type '<>f__AnonymousType1`3[[System.String, System.Private.CoreLib, Version=8.0.0.0, Culture=neutral, PublicKeyToken=7cec85d7bea7798e],[System.String, System.Private.CoreLib, Version=8.0.0.0, Culture=neutral, PublicKeyToken=7cec85d7bea7798e],[System.Collections.Generic.IEnumerable`1[[System.String, System.Private.CoreLib, Version=8.0.0.0, Culture=neutral, PublicKeyToken=7cec85d7bea7798e]], System.Private.CoreLib, Version=8.0.0.0, Culture=neutral, PublicKeyToken=7cec85d7bea7798e]]'.
2024-09-25 11:40:34.683 +05:30  VRB  After executing action result Microsoft.AspNetCore.Mvc.OkObjectResult.
2024-09-25 11:40:34.683 +05:30  VRB  Connection id "0HN6T30PDSD6A" sending "HEADERS" frame for stream ID 3 with length 67 and flags "END_HEADERS".
2024-09-25 11:40:34.685 +05:30  VRB  Result Filter: Before executing OnResultExecuted on filter Microsoft.AspNetCore.Mvc.Infrastructure.ClientErrorResultFilter.
2024-09-25 11:40:34.686 +05:30  VRB  Connection id "0HN6T30PDSD6A" sending "DATA" frame for stream ID 3 with length 591 and flags "NONE".
2024-09-25 11:40:34.687 +05:30  VRB  Result Filter: After executing OnResultExecuted on filter Microsoft.AspNetCore.Mvc.Infrastructure.ClientErrorResultFilter.
2024-09-25 11:40:34.690 +05:30  INF  Executed action Web.Ecommerce.Controllers.Account.AccountController.Login (Web.Ecommerce) in 151.257ms
2024-09-25 11:40:34.691 +05:30  INF  Executed endpoint 'Web.Ecommerce.Controllers.Account.AccountController.Login (Web.Ecommerce)'
2024-09-25 11:40:34.692 +05:30  DBG  'EcommerceDbContext' disposed.
2024-09-25 11:40:34.692 +05:30  VRB  Connection id "0HN6T30PDSD6A" sending "DATA" frame for stream ID 3 with length 0 and flags "END_STREAM".
2024-09-25 11:40:34.693 +05:30  DBG  Disposing connection to database 'Ecommerce' on server 'FGS-DSK-230\MSSQLSERVER2019'.
2024-09-25 11:40:34.695 +05:30  DBG  Disposed connection to database '' on server '' (2ms).
2024-09-25 11:40:34.696 +05:30  INF  Request finished HTTP/2 POST https://localhost:7113/api/Account/Login - 200 null application/json; charset=utf-8 179.0986ms
2024-09-25 11:40:39.503 +05:30  DBG  Connection id "0HN6T30PDSD6A" received FIN.
2024-09-25 11:40:39.508 +05:30  DBG  Connection id "0HN6T30PDSD6A" is closed. The last processed stream ID was 3.
2024-09-25 11:40:39.508 +05:30  DBG  The connection queue processing loop for 0HN6T30PDSD6A completed.
2024-09-25 11:40:39.510 +05:30  DBG  Connection id "0HN6T30PDSD6A" sending FIN because: "The Socket transport's send loop completed gracefully."
2024-09-25 11:40:39.518 +05:30  DBG  Connection id "0HN6T30PDSD6A" stopped.
2024-09-25 11:52:33.523 +05:30  DBG  Connection id "0HN6T30PDSD6B" accepted.
2024-09-25 11:52:33.529 +05:30  DBG  Connection id "0HN6T30PDSD6B" started.
2024-09-25 11:52:33.545 +05:30  DBG  Connection 0HN6T30PDSD6B established using the following protocol: "Tls12"
2024-09-25 11:52:33.548 +05:30  VRB  Connection id "0HN6T30PDSD6B" sending "SETTINGS" frame for stream ID 0 with length 24 and flags "NONE".
2024-09-25 11:52:33.550 +05:30  VRB  Connection id "0HN6T30PDSD6B" sending "WINDOW_UPDATE" frame for stream ID 0 with length 4 and flags 0x0.
2024-09-25 11:52:33.551 +05:30  VRB  Connection id "0HN6T30PDSD6B" received "SETTINGS" frame for stream ID 0 with length 24 and flags "NONE".
2024-09-25 11:52:33.553 +05:30  VRB  Connection id "0HN6T30PDSD6B" sending "SETTINGS" frame for stream ID 0 with length 0 and flags "ACK".
2024-09-25 11:52:33.556 +05:30  VRB  Connection id "0HN6T30PDSD6B" received "WINDOW_UPDATE" frame for stream ID 0 with length 4 and flags 0x0.
2024-09-25 11:52:33.557 +05:30  VRB  Connection id "0HN6T30PDSD6B" received "HEADERS" frame for stream ID 1 with length 408 and flags "END_HEADERS, PRIORITY".
2024-09-25 11:52:33.559 +05:30  VRB  Connection id "0HN6T30PDSD6B" received "DATA" frame for stream ID 1 with length 51 and flags "END_STREAM".
2024-09-25 11:52:33.559 +05:30  INF  Request starting HTTP/2 POST https://localhost:7113/api/Account/VerifyOtp - application/json 51
2024-09-25 11:52:33.561 +05:30  VRB  Connection id "0HN6T30PDSD6B" received "SETTINGS" frame for stream ID 0 with length 0 and flags "ACK".
2024-09-25 11:52:33.563 +05:30  VRB  All hosts are allowed.
2024-09-25 11:52:33.565 +05:30  DBG  1 candidate(s) found for the request path '/api/Account/VerifyOtp'
2024-09-25 11:52:33.566 +05:30  DBG  Endpoint 'Web.Ecommerce.Controllers.Account.AccountController.VerifyOtp (Web.Ecommerce)' with route pattern 'api/Account/VerifyOtp' is valid for the request path '/api/Account/VerifyOtp'
2024-09-25 11:52:33.567 +05:30  DBG  Request matched endpoint 'Web.Ecommerce.Controllers.Account.AccountController.VerifyOtp (Web.Ecommerce)'
2024-09-25 11:52:33.568 +05:30  VRB  The endpoint does not specify the IRequestSizeLimitMetadata.
2024-09-25 11:52:33.569 +05:30  DBG  Static files was skipped as the request already matched an endpoint.
2024-09-25 11:52:33.569 +05:30  DBG  The request has an origin header: 'https://localhost:7113'.
2024-09-25 11:52:33.570 +05:30  INF  CORS policy execution successful.
2024-09-25 11:52:33.572 +05:30  DBG  AuthenticationScheme: Bearer was not authenticated.
2024-09-25 11:52:33.573 +05:30  INF  Executing endpoint 'Web.Ecommerce.Controllers.Account.AccountController.VerifyOtp (Web.Ecommerce)'
2024-09-25 11:52:33.574 +05:30  INF  Route matched with {action = "VerifyOtp", controller = "Account"}. Executing controller action with signature System.Threading.Tasks.Task`1[Microsoft.AspNetCore.Mvc.IActionResult] VerifyOtp(Application.Ecom.Authentication.Commands.VerifyOTP.VerifyOtpCommand) on controller Web.Ecommerce.Controllers.Account.AccountController (Web.Ecommerce).
2024-09-25 11:52:33.576 +05:30  DBG  Execution plan of authorization filters (in the following order): ["None"]
2024-09-25 11:52:33.577 +05:30  DBG  Execution plan of resource filters (in the following order): ["None"]
2024-09-25 11:52:33.578 +05:30  DBG  Execution plan of action filters (in the following order): ["Microsoft.AspNetCore.Mvc.ModelBinding.UnsupportedContentTypeFilter (Order: -3000)","Microsoft.AspNetCore.Mvc.Infrastructure.ModelStateInvalidFilter (Order: -2000)"]
2024-09-25 11:52:33.579 +05:30  DBG  Execution plan of exception filters (in the following order): ["None"]
2024-09-25 11:52:33.580 +05:30  DBG  Execution plan of result filters (in the following order): ["Microsoft.AspNetCore.Mvc.Infrastructure.ClientErrorResultFilter (Order: -2000)"]
2024-09-25 11:52:33.581 +05:30  DBG  Executing controller factory for controller Web.Ecommerce.Controllers.Account.AccountController (Web.Ecommerce)
2024-09-25 11:52:33.582 +05:30  DBG  Executed controller factory for controller Web.Ecommerce.Controllers.Account.AccountController (Web.Ecommerce)
2024-09-25 11:52:33.583 +05:30  DBG  Attempting to bind parameter 'command' of type 'Application.Ecom.Authentication.Commands.VerifyOTP.VerifyOtpCommand' ...
2024-09-25 11:52:33.585 +05:30  DBG  Attempting to bind parameter 'command' of type 'Application.Ecom.Authentication.Commands.VerifyOTP.VerifyOtpCommand' using the name '' in request data ...
2024-09-25 11:52:33.586 +05:30  DBG  Selected input formatter 'Microsoft.AspNetCore.Mvc.Formatters.SystemTextJsonInputFormatter' for content type 'application/json'.
2024-09-25 11:52:33.588 +05:30  DBG  Connection id "0HN6T30PDSD6B", Request id "0HN6T30PDSD6B:00000001": started reading request body.
2024-09-25 11:52:33.589 +05:30  DBG  Connection id "0HN6T30PDSD6B", Request id "0HN6T30PDSD6B:00000001": done reading request body.
2024-09-25 11:52:33.591 +05:30  DBG  JSON input formatter succeeded, deserializing to type 'Application.Ecom.Authentication.Commands.VerifyOTP.VerifyOtpCommand'
2024-09-25 11:52:33.592 +05:30  DBG  Done attempting to bind parameter 'command' of type 'Application.Ecom.Authentication.Commands.VerifyOTP.VerifyOtpCommand'.
2024-09-25 11:52:33.593 +05:30  DBG  Done attempting to bind parameter 'command' of type 'Application.Ecom.Authentication.Commands.VerifyOTP.VerifyOtpCommand'.
2024-09-25 11:52:33.594 +05:30  DBG  Attempting to validate the bound parameter 'command' of type 'Application.Ecom.Authentication.Commands.VerifyOTP.VerifyOtpCommand' ...
2024-09-25 11:52:33.595 +05:30  DBG  Done attempting to validate the bound parameter 'command' of type 'Application.Ecom.Authentication.Commands.VerifyOTP.VerifyOtpCommand'.
2024-09-25 11:52:33.597 +05:30  VRB  Action Filter: Before executing OnActionExecuting on filter Microsoft.AspNetCore.Mvc.ModelBinding.UnsupportedContentTypeFilter.
2024-09-25 11:52:33.598 +05:30  VRB  Action Filter: After executing OnActionExecuting on filter Microsoft.AspNetCore.Mvc.ModelBinding.UnsupportedContentTypeFilter.
2024-09-25 11:52:33.599 +05:30  VRB  Action Filter: Before executing OnActionExecuting on filter Microsoft.AspNetCore.Mvc.Infrastructure.ModelStateInvalidFilter.
2024-09-25 11:52:33.601 +05:30  VRB  Action Filter: After executing OnActionExecuting on filter Microsoft.AspNetCore.Mvc.Infrastructure.ModelStateInvalidFilter.
2024-09-25 11:52:33.602 +05:30  INF  Executing action method Web.Ecommerce.Controllers.Account.AccountController.VerifyOtp (Web.Ecommerce) - Validation state: "Valid"
2024-09-25 11:52:33.603 +05:30  VRB  Executing action method Web.Ecommerce.Controllers.Account.AccountController.VerifyOtp (Web.Ecommerce) with arguments (["Application.Ecom.Authentication.Commands.VerifyOTP.VerifyOtpCommand"])
2024-09-25 11:52:33.608 +05:30  DBG  Entity Framework Core 8.0.8 initialized 'EcommerceDbContext' using provider 'Microsoft.EntityFrameworkCore.SqlServer:8.0.8' with options: None
2024-09-25 11:52:33.610 +05:30  DBG  Creating DbConnection.
2024-09-25 11:52:33.610 +05:30  DBG  Created DbConnection. (0ms).
2024-09-25 11:52:33.611 +05:30  DBG  Opening connection to database 'Ecommerce' on server 'FGS-DSK-230\MSSQLSERVER2019'.
2024-09-25 11:52:33.618 +05:30  DBG  Opened connection to database 'Ecommerce' on server 'FGS-DSK-230\MSSQLSERVER2019'.
2024-09-25 11:52:33.620 +05:30  DBG  Creating DbCommand for 'ExecuteReader'.
2024-09-25 11:52:33.622 +05:30  DBG  Created DbCommand for 'ExecuteReader' (1ms).
2024-09-25 11:52:33.623 +05:30  DBG  Initialized DbCommand for 'ExecuteReader' (2ms).
2024-09-25 11:52:33.624 +05:30  DBG  Executing DbCommand [Parameters=[@__email_0='?' (Size = 4000), @__otp_1='?' (Size = 4000)], CommandType='"Text"', CommandTimeout='30']
SELECT TOP(1) [o].[OtpId], [o].[CreatedAt], [o].[Email], [o].[OtpCode]
FROM [Otps] AS [o]
WHERE [o].[Email] = @__email_0 AND [o].[OtpCode] = @__otp_1
ORDER BY [o].[CreatedAt] DESC
2024-09-25 11:52:33.690 +05:30  INF  Executed DbCommand (67ms) [Parameters=[@__email_0='?' (Size = 4000), @__otp_1='?' (Size = 4000)], CommandType='"Text"', CommandTimeout='30']
SELECT TOP(1) [o].[OtpId], [o].[CreatedAt], [o].[Email], [o].[OtpCode]
FROM [Otps] AS [o]
WHERE [o].[Email] = @__email_0 AND [o].[OtpCode] = @__otp_1
ORDER BY [o].[CreatedAt] DESC
2024-09-25 11:52:33.697 +05:30  DBG  Closing data reader to 'Ecommerce' on server 'FGS-DSK-230\MSSQLSERVER2019'.
2024-09-25 11:52:33.698 +05:30  DBG  A data reader for 'Ecommerce' on server 'FGS-DSK-230\MSSQLSERVER2019' is being disposed after spending 0ms reading results.
2024-09-25 11:52:33.699 +05:30  DBG  Closing connection to database 'Ecommerce' on server 'FGS-DSK-230\MSSQLSERVER2019'.
2024-09-25 11:52:33.700 +05:30  DBG  Closed connection to database 'Ecommerce' on server 'FGS-DSK-230\MSSQLSERVER2019' (0ms).
2024-09-25 11:52:33.701 +05:30  INF  Executed action method Web.Ecommerce.Controllers.Account.AccountController.VerifyOtp (Web.Ecommerce), returned result Microsoft.AspNetCore.Mvc.BadRequestObjectResult in 96.4406ms.
2024-09-25 11:52:33.702 +05:30  VRB  Action Filter: Before executing OnActionExecuted on filter Microsoft.AspNetCore.Mvc.Infrastructure.ModelStateInvalidFilter.
2024-09-25 11:52:33.705 +05:30  VRB  Action Filter: After executing OnActionExecuted on filter Microsoft.AspNetCore.Mvc.Infrastructure.ModelStateInvalidFilter.
2024-09-25 11:52:33.707 +05:30  VRB  Action Filter: Before executing OnActionExecuted on filter Microsoft.AspNetCore.Mvc.ModelBinding.UnsupportedContentTypeFilter.
2024-09-25 11:52:33.708 +05:30  VRB  Action Filter: After executing OnActionExecuted on filter Microsoft.AspNetCore.Mvc.ModelBinding.UnsupportedContentTypeFilter.
2024-09-25 11:52:33.710 +05:30  VRB  Result Filter: Before executing OnResultExecuting on filter Microsoft.AspNetCore.Mvc.Infrastructure.ClientErrorResultFilter.
2024-09-25 11:52:33.711 +05:30  VRB  Result Filter: After executing OnResultExecuting on filter Microsoft.AspNetCore.Mvc.Infrastructure.ClientErrorResultFilter.
2024-09-25 11:52:33.712 +05:30  VRB  Before executing action result Microsoft.AspNetCore.Mvc.BadRequestObjectResult.
2024-09-25 11:52:33.713 +05:30  DBG  List of registered output formatters, in the following order: ["Microsoft.AspNetCore.Mvc.Formatters.HttpNoContentOutputFormatter","Microsoft.AspNetCore.Mvc.Formatters.StringOutputFormatter","Microsoft.AspNetCore.Mvc.Formatters.StreamOutputFormatter","Microsoft.AspNetCore.Mvc.Formatters.SystemTextJsonOutputFormatter"]
2024-09-25 11:52:33.716 +05:30  DBG  No information found on request to perform content negotiation.
2024-09-25 11:52:33.716 +05:30  DBG  Attempting to select an output formatter without using a content type as no explicit content types were specified for the response.
2024-09-25 11:52:33.717 +05:30  DBG  Attempting to select the first formatter in the output formatters list which can write the result.
2024-09-25 11:52:33.718 +05:30  DBG  Selected output formatter 'Microsoft.AspNetCore.Mvc.Formatters.SystemTextJsonOutputFormatter' and content type 'application/json' to write the response.
2024-09-25 11:52:33.719 +05:30  INF  Executing BadRequestObjectResult, writing value of type '<>f__AnonymousType0`2[[System.String, System.Private.CoreLib, Version=8.0.0.0, Culture=neutral, PublicKeyToken=7cec85d7bea7798e],[System.Boolean, System.Private.CoreLib, Version=8.0.0.0, Culture=neutral, PublicKeyToken=7cec85d7bea7798e]]'.
2024-09-25 11:52:33.720 +05:30  VRB  After executing action result Microsoft.AspNetCore.Mvc.BadRequestObjectResult.
2024-09-25 11:52:33.720 +05:30  VRB  Connection id "0HN6T30PDSD6B" sending "HEADERS" frame for stream ID 1 with length 77 and flags "END_HEADERS".
2024-09-25 11:52:33.721 +05:30  VRB  Result Filter: Before executing OnResultExecuted on filter Microsoft.AspNetCore.Mvc.Infrastructure.ClientErrorResultFilter.
2024-09-25 11:52:33.723 +05:30  VRB  Connection id "0HN6T30PDSD6B" sending "DATA" frame for stream ID 1 with length 53 and flags "NONE".
2024-09-25 11:52:33.725 +05:30  VRB  Result Filter: After executing OnResultExecuted on filter Microsoft.AspNetCore.Mvc.Infrastructure.ClientErrorResultFilter.
2024-09-25 11:52:33.728 +05:30  INF  Executed action Web.Ecommerce.Controllers.Account.AccountController.VerifyOtp (Web.Ecommerce) in 146.6235ms
2024-09-25 11:52:33.729 +05:30  INF  Executed endpoint 'Web.Ecommerce.Controllers.Account.AccountController.VerifyOtp (Web.Ecommerce)'
2024-09-25 11:52:33.730 +05:30  VRB  Connection id "0HN6T30PDSD6B" sending "DATA" frame for stream ID 1 with length 0 and flags "END_STREAM".
2024-09-25 11:52:33.730 +05:30  DBG  'EcommerceDbContext' disposed.
2024-09-25 11:52:33.732 +05:30  DBG  Disposing connection to database 'Ecommerce' on server 'FGS-DSK-230\MSSQLSERVER2019'.
2024-09-25 11:52:33.733 +05:30  DBG  Disposed connection to database '' on server '' (1ms).
2024-09-25 11:52:33.734 +05:30  INF  Request finished HTTP/2 POST https://localhost:7113/api/Account/VerifyOtp - 400 null application/json; charset=utf-8 175.2453ms
2024-09-25 11:52:35.488 +05:30  DBG  Connection id "0HN6T30PDSD6B" received FIN.
2024-09-25 11:52:35.489 +05:30  DBG  Connection id "0HN6T30PDSD6B" is closed. The last processed stream ID was 1.
2024-09-25 11:52:35.489 +05:30  DBG  The connection queue processing loop for 0HN6T30PDSD6B completed.
2024-09-25 11:52:35.491 +05:30  DBG  Connection id "0HN6T30PDSD6B" sending FIN because: "The Socket transport's send loop completed gracefully."
2024-09-25 11:52:35.493 +05:30  DBG  Connection id "0HN6T30PDSD6B" stopped.
2024-09-25 12:33:26.741 +05:30  DBG  Connection id "0HN6T30PDSD6C" accepted.
2024-09-25 12:33:26.771 +05:30  DBG  Connection id "0HN6T30PDSD6C" started.
2024-09-25 12:33:26.780 +05:30  DBG  Connection 0HN6T30PDSD6C established using the following protocol: "Tls12"
2024-09-25 12:33:26.783 +05:30  VRB  Connection id "0HN6T30PDSD6C" sending "SETTINGS" frame for stream ID 0 with length 24 and flags "NONE".
2024-09-25 12:33:26.786 +05:30  VRB  Connection id "0HN6T30PDSD6C" sending "WINDOW_UPDATE" frame for stream ID 0 with length 4 and flags 0x0.
2024-09-25 12:33:26.789 +05:30  VRB  Connection id "0HN6T30PDSD6C" received "SETTINGS" frame for stream ID 0 with length 24 and flags "NONE".
2024-09-25 12:33:26.791 +05:30  VRB  Connection id "0HN6T30PDSD6C" sending "SETTINGS" frame for stream ID 0 with length 0 and flags "ACK".
2024-09-25 12:33:26.793 +05:30  VRB  Connection id "0HN6T30PDSD6C" received "WINDOW_UPDATE" frame for stream ID 0 with length 4 and flags 0x0.
2024-09-25 12:33:26.795 +05:30  VRB  Connection id "0HN6T30PDSD6C" received "HEADERS" frame for stream ID 1 with length 338 and flags "END_STREAM, END_HEADERS, PRIORITY".
2024-09-25 12:33:26.797 +05:30  VRB  Connection id "0HN6T30PDSD6C" received "SETTINGS" frame for stream ID 0 with length 0 and flags "ACK".
2024-09-25 12:33:26.798 +05:30  INF  Request starting HTTP/2 OPTIONS https://localhost:7113/api/Account/VerifyOtp - null null
2024-09-25 12:33:26.802 +05:30  VRB  All hosts are allowed.
2024-09-25 12:33:26.803 +05:30  DBG  1 candidate(s) found for the request path '/api/Account/VerifyOtp'
2024-09-25 12:33:26.804 +05:30  DBG  Request matched endpoint '405 HTTP Method Not Supported'
2024-09-25 12:33:26.805 +05:30  VRB  The endpoint does not specify the IRequestSizeLimitMetadata.
2024-09-25 12:33:26.805 +05:30  DBG  Static files was skipped as the request already matched an endpoint.
2024-09-25 12:33:26.806 +05:30  DBG  The request has an origin header: 'http://localhost:4200'.
2024-09-25 12:33:26.807 +05:30  INF  CORS policy execution successful.
2024-09-25 12:33:26.807 +05:30  DBG  The request is a preflight request.
2024-09-25 12:33:26.808 +05:30  INF  Request finished HTTP/2 OPTIONS https://localhost:7113/api/Account/VerifyOtp - 204 null null 10.7844ms
2024-09-25 12:33:26.808 +05:30  VRB  Connection id "0HN6T30PDSD6C" sending "HEADERS" frame for stream ID 1 with length 122 and flags "END_STREAM, END_HEADERS".
2024-09-25 12:33:26.813 +05:30  VRB  Connection id "0HN6T30PDSD6C" received "HEADERS" frame for stream ID 3 with length 183 and flags "END_HEADERS, PRIORITY".
2024-09-25 12:33:26.814 +05:30  VRB  Connection id "0HN6T30PDSD6C" received "DATA" frame for stream ID 3 with length 6 and flags "END_STREAM".
2024-09-25 12:33:26.815 +05:30  INF  Request starting HTTP/2 POST https://localhost:7113/api/Account/VerifyOtp - application/json 6
2024-09-25 12:33:26.820 +05:30  VRB  All hosts are allowed.
2024-09-25 12:33:26.820 +05:30  DBG  1 candidate(s) found for the request path '/api/Account/VerifyOtp'
2024-09-25 12:33:26.821 +05:30  DBG  Endpoint 'Web.Ecommerce.Controllers.Account.AccountController.VerifyOtp (Web.Ecommerce)' with route pattern 'api/Account/VerifyOtp' is valid for the request path '/api/Account/VerifyOtp'
2024-09-25 12:33:26.822 +05:30  DBG  Request matched endpoint 'Web.Ecommerce.Controllers.Account.AccountController.VerifyOtp (Web.Ecommerce)'
2024-09-25 12:33:26.823 +05:30  VRB  The endpoint does not specify the IRequestSizeLimitMetadata.
2024-09-25 12:33:26.824 +05:30  DBG  Static files was skipped as the request already matched an endpoint.
2024-09-25 12:33:26.824 +05:30  DBG  The request has an origin header: 'http://localhost:4200'.
2024-09-25 12:33:26.825 +05:30  INF  CORS policy execution successful.
2024-09-25 12:33:26.826 +05:30  DBG  AuthenticationScheme: Bearer was not authenticated.
2024-09-25 12:33:26.827 +05:30  INF  Executing endpoint 'Web.Ecommerce.Controllers.Account.AccountController.VerifyOtp (Web.Ecommerce)'
2024-09-25 12:33:26.828 +05:30  INF  Route matched with {action = "VerifyOtp", controller = "Account"}. Executing controller action with signature System.Threading.Tasks.Task`1[Microsoft.AspNetCore.Mvc.IActionResult] VerifyOtp(Application.Ecom.Authentication.Commands.VerifyOTP.VerifyOtpCommand) on controller Web.Ecommerce.Controllers.Account.AccountController (Web.Ecommerce).
2024-09-25 12:33:26.830 +05:30  DBG  Execution plan of authorization filters (in the following order): ["None"]
2024-09-25 12:33:26.831 +05:30  DBG  Execution plan of resource filters (in the following order): ["None"]
2024-09-25 12:33:26.832 +05:30  DBG  Execution plan of action filters (in the following order): ["Microsoft.AspNetCore.Mvc.ModelBinding.UnsupportedContentTypeFilter (Order: -3000)","Microsoft.AspNetCore.Mvc.Infrastructure.ModelStateInvalidFilter (Order: -2000)"]
2024-09-25 12:33:26.834 +05:30  DBG  Execution plan of exception filters (in the following order): ["None"]
2024-09-25 12:33:26.835 +05:30  DBG  Execution plan of result filters (in the following order): ["Microsoft.AspNetCore.Mvc.Infrastructure.ClientErrorResultFilter (Order: -2000)"]
2024-09-25 12:33:26.836 +05:30  DBG  Executing controller factory for controller Web.Ecommerce.Controllers.Account.AccountController (Web.Ecommerce)
2024-09-25 12:33:26.837 +05:30  DBG  Executed controller factory for controller Web.Ecommerce.Controllers.Account.AccountController (Web.Ecommerce)
2024-09-25 12:33:26.838 +05:30  DBG  Attempting to bind parameter 'command' of type 'Application.Ecom.Authentication.Commands.VerifyOTP.VerifyOtpCommand' ...
2024-09-25 12:33:26.839 +05:30  DBG  Attempting to bind parameter 'command' of type 'Application.Ecom.Authentication.Commands.VerifyOTP.VerifyOtpCommand' using the name '' in request data ...
2024-09-25 12:33:26.840 +05:30  DBG  Selected input formatter 'Microsoft.AspNetCore.Mvc.Formatters.SystemTextJsonInputFormatter' for content type 'application/json'.
2024-09-25 12:33:26.842 +05:30  DBG  Connection id "0HN6T30PDSD6C", Request id "0HN6T30PDSD6C:00000003": started reading request body.
2024-09-25 12:33:26.843 +05:30  DBG  Connection id "0HN6T30PDSD6C", Request id "0HN6T30PDSD6C:00000003": done reading request body.
2024-09-25 12:33:26.849 +05:30  DBG  JSON input formatter threw an exception: The JSON value could not be converted to Application.Ecom.Authentication.Commands.VerifyOTP.VerifyOtpCommand. Path: $ | LineNumber: 0 | BytePositionInLine: 6.
2024-09-25 12:33:26.851 +05:30  DBG  Done attempting to bind parameter 'command' of type 'Application.Ecom.Authentication.Commands.VerifyOTP.VerifyOtpCommand'.
2024-09-25 12:33:26.852 +05:30  DBG  Done attempting to bind parameter 'command' of type 'Application.Ecom.Authentication.Commands.VerifyOTP.VerifyOtpCommand'.
2024-09-25 12:33:26.853 +05:30  DBG  Attempting to validate the bound parameter 'command' of type 'Application.Ecom.Authentication.Commands.VerifyOTP.VerifyOtpCommand' ...
2024-09-25 12:33:26.855 +05:30  DBG  Done attempting to validate the bound parameter 'command' of type 'Application.Ecom.Authentication.Commands.VerifyOTP.VerifyOtpCommand'.
2024-09-25 12:33:26.856 +05:30  VRB  Action Filter: Before executing OnActionExecuting on filter Microsoft.AspNetCore.Mvc.ModelBinding.UnsupportedContentTypeFilter.
2024-09-25 12:33:26.857 +05:30  VRB  Action Filter: After executing OnActionExecuting on filter Microsoft.AspNetCore.Mvc.ModelBinding.UnsupportedContentTypeFilter.
2024-09-25 12:33:26.858 +05:30  VRB  Action Filter: Before executing OnActionExecuting on filter Microsoft.AspNetCore.Mvc.Infrastructure.ModelStateInvalidFilter.
2024-09-25 12:33:26.859 +05:30  DBG  The request has model state errors, returning an error response.
2024-09-25 12:33:26.860 +05:30  VRB  Action Filter: After executing OnActionExecuting on filter Microsoft.AspNetCore.Mvc.Infrastructure.ModelStateInvalidFilter.
2024-09-25 12:33:26.862 +05:30  DBG  Request was short circuited at action filter 'Microsoft.AspNetCore.Mvc.Infrastructure.ModelStateInvalidFilter'.
2024-09-25 12:33:26.863 +05:30  VRB  Action Filter: Before executing OnActionExecuted on filter Microsoft.AspNetCore.Mvc.ModelBinding.UnsupportedContentTypeFilter.
2024-09-25 12:33:26.864 +05:30  VRB  Action Filter: After executing OnActionExecuted on filter Microsoft.AspNetCore.Mvc.ModelBinding.UnsupportedContentTypeFilter.
2024-09-25 12:33:26.865 +05:30  VRB  Result Filter: Before executing OnResultExecuting on filter Microsoft.AspNetCore.Mvc.Infrastructure.ClientErrorResultFilter.
2024-09-25 12:33:26.866 +05:30  VRB  Result Filter: After executing OnResultExecuting on filter Microsoft.AspNetCore.Mvc.Infrastructure.ClientErrorResultFilter.
2024-09-25 12:33:26.868 +05:30  VRB  Before executing action result Microsoft.AspNetCore.Mvc.BadRequestObjectResult.
2024-09-25 12:33:26.868 +05:30  DBG  List of registered output formatters, in the following order: ["Microsoft.AspNetCore.Mvc.Formatters.HttpNoContentOutputFormatter","Microsoft.AspNetCore.Mvc.Formatters.StringOutputFormatter","Microsoft.AspNetCore.Mvc.Formatters.StreamOutputFormatter","Microsoft.AspNetCore.Mvc.Formatters.SystemTextJsonOutputFormatter"]
2024-09-25 12:33:26.870 +05:30  DBG  No information found on request to perform content negotiation.
2024-09-25 12:33:26.870 +05:30  DBG  Attempting to select the first output formatter in the output formatters list which supports a content type from the explicitly specified content types '["application/problem+json","application/problem+xml","application/problem+json","application/problem+xml"]'.
2024-09-25 12:33:26.872 +05:30  DBG  Selected output formatter 'Microsoft.AspNetCore.Mvc.Formatters.SystemTextJsonOutputFormatter' and content type 'application/problem+json' to write the response.
2024-09-25 12:33:26.873 +05:30  INF  Executing BadRequestObjectResult, writing value of type 'Microsoft.AspNetCore.Mvc.ValidationProblemDetails'.
2024-09-25 12:33:26.877 +05:30  VRB  After executing action result Microsoft.AspNetCore.Mvc.BadRequestObjectResult.
2024-09-25 12:33:26.877 +05:30  VRB  Connection id "0HN6T30PDSD6C" sending "HEADERS" frame for stream ID 3 with length 45 and flags "END_HEADERS".
2024-09-25 12:33:26.878 +05:30  VRB  Result Filter: Before executing OnResultExecuted on filter Microsoft.AspNetCore.Mvc.Infrastructure.ClientErrorResultFilter.
2024-09-25 12:33:26.879 +05:30  VRB  Connection id "0HN6T30PDSD6C" sending "DATA" frame for stream ID 3 with length 415 and flags "NONE".
2024-09-25 12:33:26.880 +05:30  VRB  Result Filter: After executing OnResultExecuted on filter Microsoft.AspNetCore.Mvc.Infrastructure.ClientErrorResultFilter.
2024-09-25 12:33:26.887 +05:30  INF  Executed action Web.Ecommerce.Controllers.Account.AccountController.VerifyOtp (Web.Ecommerce) in 50.706ms
2024-09-25 12:33:26.887 +05:30  INF  Executed endpoint 'Web.Ecommerce.Controllers.Account.AccountController.VerifyOtp (Web.Ecommerce)'
2024-09-25 12:33:26.888 +05:30  INF  Request finished HTTP/2 POST https://localhost:7113/api/Account/VerifyOtp - 400 null application/problem+json; charset=utf-8 73.988ms
2024-09-25 12:33:26.888 +05:30  VRB  Connection id "0HN6T30PDSD6C" sending "DATA" frame for stream ID 3 with length 0 and flags "END_STREAM".
2024-09-25 12:33:35.029 +05:30  VRB  Connection id "0HN6T30PDSD6C" received "HEADERS" frame for stream ID 5 with length 46 and flags "END_STREAM, END_HEADERS, PRIORITY".
2024-09-25 12:33:35.032 +05:30  INF  Request starting HTTP/2 OPTIONS https://localhost:7113/api/Account/VerifyOtp - null null
2024-09-25 12:33:35.035 +05:30  VRB  All hosts are allowed.
2024-09-25 12:33:35.036 +05:30  DBG  1 candidate(s) found for the request path '/api/Account/VerifyOtp'
2024-09-25 12:33:35.036 +05:30  DBG  Request matched endpoint '405 HTTP Method Not Supported'
2024-09-25 12:33:35.037 +05:30  VRB  The endpoint does not specify the IRequestSizeLimitMetadata.
2024-09-25 12:33:35.038 +05:30  DBG  Static files was skipped as the request already matched an endpoint.
2024-09-25 12:33:35.039 +05:30  DBG  The request has an origin header: 'http://localhost:4200'.
2024-09-25 12:33:35.039 +05:30  INF  CORS policy execution successful.
2024-09-25 12:33:35.040 +05:30  DBG  The request is a preflight request.
2024-09-25 12:33:35.040 +05:30  INF  Request finished HTTP/2 OPTIONS https://localhost:7113/api/Account/VerifyOtp - 204 null null 8.4155ms
2024-09-25 12:33:35.040 +05:30  VRB  Connection id "0HN6T30PDSD6C" sending "HEADERS" frame for stream ID 5 with length 36 and flags "END_STREAM, END_HEADERS".
2024-09-25 12:33:35.045 +05:30  VRB  Connection id "0HN6T30PDSD6C" received "HEADERS" frame for stream ID 7 with length 41 and flags "END_HEADERS, PRIORITY".
2024-09-25 12:33:35.047 +05:30  VRB  Connection id "0HN6T30PDSD6C" received "DATA" frame for stream ID 7 with length 6 and flags "END_STREAM".
2024-09-25 12:33:35.047 +05:30  INF  Request starting HTTP/2 POST https://localhost:7113/api/Account/VerifyOtp - application/json 6
2024-09-25 12:33:35.051 +05:30  VRB  All hosts are allowed.
2024-09-25 12:33:35.052 +05:30  DBG  1 candidate(s) found for the request path '/api/Account/VerifyOtp'
2024-09-25 12:33:35.052 +05:30  DBG  Endpoint 'Web.Ecommerce.Controllers.Account.AccountController.VerifyOtp (Web.Ecommerce)' with route pattern 'api/Account/VerifyOtp' is valid for the request path '/api/Account/VerifyOtp'
2024-09-25 12:33:35.054 +05:30  DBG  Request matched endpoint 'Web.Ecommerce.Controllers.Account.AccountController.VerifyOtp (Web.Ecommerce)'
2024-09-25 12:33:35.055 +05:30  VRB  The endpoint does not specify the IRequestSizeLimitMetadata.
2024-09-25 12:33:35.055 +05:30  DBG  Static files was skipped as the request already matched an endpoint.
2024-09-25 12:33:35.056 +05:30  DBG  The request has an origin header: 'http://localhost:4200'.
2024-09-25 12:33:35.056 +05:30  INF  CORS policy execution successful.
2024-09-25 12:33:35.057 +05:30  DBG  AuthenticationScheme: Bearer was not authenticated.
2024-09-25 12:33:35.058 +05:30  INF  Executing endpoint 'Web.Ecommerce.Controllers.Account.AccountController.VerifyOtp (Web.Ecommerce)'
2024-09-25 12:33:35.059 +05:30  INF  Route matched with {action = "VerifyOtp", controller = "Account"}. Executing controller action with signature System.Threading.Tasks.Task`1[Microsoft.AspNetCore.Mvc.IActionResult] VerifyOtp(Application.Ecom.Authentication.Commands.VerifyOTP.VerifyOtpCommand) on controller Web.Ecommerce.Controllers.Account.AccountController (Web.Ecommerce).
2024-09-25 12:33:35.061 +05:30  DBG  Execution plan of authorization filters (in the following order): ["None"]
2024-09-25 12:33:35.062 +05:30  DBG  Execution plan of resource filters (in the following order): ["None"]
2024-09-25 12:33:35.063 +05:30  DBG  Execution plan of action filters (in the following order): ["Microsoft.AspNetCore.Mvc.ModelBinding.UnsupportedContentTypeFilter (Order: -3000)","Microsoft.AspNetCore.Mvc.Infrastructure.ModelStateInvalidFilter (Order: -2000)"]
2024-09-25 12:33:35.064 +05:30  DBG  Execution plan of exception filters (in the following order): ["None"]
2024-09-25 12:33:35.066 +05:30  DBG  Execution plan of result filters (in the following order): ["Microsoft.AspNetCore.Mvc.Infrastructure.ClientErrorResultFilter (Order: -2000)"]
2024-09-25 12:33:35.067 +05:30  DBG  Executing controller factory for controller Web.Ecommerce.Controllers.Account.AccountController (Web.Ecommerce)
2024-09-25 12:33:35.068 +05:30  DBG  Executed controller factory for controller Web.Ecommerce.Controllers.Account.AccountController (Web.Ecommerce)
2024-09-25 12:33:35.070 +05:30  DBG  Attempting to bind parameter 'command' of type 'Application.Ecom.Authentication.Commands.VerifyOTP.VerifyOtpCommand' ...
2024-09-25 12:33:35.071 +05:30  DBG  Attempting to bind parameter 'command' of type 'Application.Ecom.Authentication.Commands.VerifyOTP.VerifyOtpCommand' using the name '' in request data ...
2024-09-25 12:33:35.072 +05:30  DBG  Selected input formatter 'Microsoft.AspNetCore.Mvc.Formatters.SystemTextJsonInputFormatter' for content type 'application/json'.
2024-09-25 12:33:35.073 +05:30  DBG  Connection id "0HN6T30PDSD6C", Request id "0HN6T30PDSD6C:00000007": started reading request body.
2024-09-25 12:33:35.074 +05:30  DBG  Connection id "0HN6T30PDSD6C", Request id "0HN6T30PDSD6C:00000007": done reading request body.
2024-09-25 12:33:35.075 +05:30  DBG  JSON input formatter threw an exception: The JSON value could not be converted to Application.Ecom.Authentication.Commands.VerifyOTP.VerifyOtpCommand. Path: $ | LineNumber: 0 | BytePositionInLine: 6.
2024-09-25 12:33:35.076 +05:30  DBG  Done attempting to bind parameter 'command' of type 'Application.Ecom.Authentication.Commands.VerifyOTP.VerifyOtpCommand'.
2024-09-25 12:33:35.077 +05:30  DBG  Done attempting to bind parameter 'command' of type 'Application.Ecom.Authentication.Commands.VerifyOTP.VerifyOtpCommand'.
2024-09-25 12:33:35.078 +05:30  DBG  Attempting to validate the bound parameter 'command' of type 'Application.Ecom.Authentication.Commands.VerifyOTP.VerifyOtpCommand' ...
2024-09-25 12:33:35.079 +05:30  DBG  Done attempting to validate the bound parameter 'command' of type 'Application.Ecom.Authentication.Commands.VerifyOTP.VerifyOtpCommand'.
2024-09-25 12:33:35.080 +05:30  VRB  Action Filter: Before executing OnActionExecuting on filter Microsoft.AspNetCore.Mvc.ModelBinding.UnsupportedContentTypeFilter.
2024-09-25 12:33:35.082 +05:30  VRB  Action Filter: After executing OnActionExecuting on filter Microsoft.AspNetCore.Mvc.ModelBinding.UnsupportedContentTypeFilter.
2024-09-25 12:33:35.084 +05:30  VRB  Action Filter: Before executing OnActionExecuting on filter Microsoft.AspNetCore.Mvc.Infrastructure.ModelStateInvalidFilter.
2024-09-25 12:33:35.085 +05:30  DBG  The request has model state errors, returning an error response.
2024-09-25 12:33:35.085 +05:30  VRB  Action Filter: After executing OnActionExecuting on filter Microsoft.AspNetCore.Mvc.Infrastructure.ModelStateInvalidFilter.
2024-09-25 12:33:35.086 +05:30  DBG  Request was short circuited at action filter 'Microsoft.AspNetCore.Mvc.Infrastructure.ModelStateInvalidFilter'.
2024-09-25 12:33:35.087 +05:30  VRB  Action Filter: Before executing OnActionExecuted on filter Microsoft.AspNetCore.Mvc.ModelBinding.UnsupportedContentTypeFilter.
2024-09-25 12:33:35.088 +05:30  VRB  Action Filter: After executing OnActionExecuted on filter Microsoft.AspNetCore.Mvc.ModelBinding.UnsupportedContentTypeFilter.
2024-09-25 12:33:35.090 +05:30  VRB  Result Filter: Before executing OnResultExecuting on filter Microsoft.AspNetCore.Mvc.Infrastructure.ClientErrorResultFilter.
2024-09-25 12:33:35.091 +05:30  VRB  Result Filter: After executing OnResultExecuting on filter Microsoft.AspNetCore.Mvc.Infrastructure.ClientErrorResultFilter.
2024-09-25 12:33:35.092 +05:30  VRB  Before executing action result Microsoft.AspNetCore.Mvc.BadRequestObjectResult.
2024-09-25 12:33:35.093 +05:30  DBG  List of registered output formatters, in the following order: ["Microsoft.AspNetCore.Mvc.Formatters.HttpNoContentOutputFormatter","Microsoft.AspNetCore.Mvc.Formatters.StringOutputFormatter","Microsoft.AspNetCore.Mvc.Formatters.StreamOutputFormatter","Microsoft.AspNetCore.Mvc.Formatters.SystemTextJsonOutputFormatter"]
2024-09-25 12:33:35.094 +05:30  DBG  No information found on request to perform content negotiation.
2024-09-25 12:33:35.095 +05:30  DBG  Attempting to select the first output formatter in the output formatters list which supports a content type from the explicitly specified content types '["application/problem+json","application/problem+xml","application/problem+json","application/problem+xml"]'.
2024-09-25 12:33:35.097 +05:30  DBG  Selected output formatter 'Microsoft.AspNetCore.Mvc.Formatters.SystemTextJsonOutputFormatter' and content type 'application/problem+json' to write the response.
2024-09-25 12:33:35.098 +05:30  INF  Executing BadRequestObjectResult, writing value of type 'Microsoft.AspNetCore.Mvc.ValidationProblemDetails'.
2024-09-25 12:33:35.099 +05:30  VRB  After executing action result Microsoft.AspNetCore.Mvc.BadRequestObjectResult.
2024-09-25 12:33:35.100 +05:30  VRB  Connection id "0HN6T30PDSD6C" sending "HEADERS" frame for stream ID 7 with length 5 and flags "END_HEADERS".
2024-09-25 12:33:35.101 +05:30  VRB  Result Filter: Before executing OnResultExecuted on filter Microsoft.AspNetCore.Mvc.Infrastructure.ClientErrorResultFilter.
2024-09-25 12:33:35.103 +05:30  VRB  Connection id "0HN6T30PDSD6C" sending "DATA" frame for stream ID 7 with length 415 and flags "NONE".
2024-09-25 12:33:35.105 +05:30  VRB  Result Filter: After executing OnResultExecuted on filter Microsoft.AspNetCore.Mvc.Infrastructure.ClientErrorResultFilter.
2024-09-25 12:33:35.108 +05:30  INF  Executed action Web.Ecommerce.Controllers.Account.AccountController.VerifyOtp (Web.Ecommerce) in 40.9262ms
2024-09-25 12:33:35.109 +05:30  INF  Executed endpoint 'Web.Ecommerce.Controllers.Account.AccountController.VerifyOtp (Web.Ecommerce)'
2024-09-25 12:33:35.110 +05:30  INF  Request finished HTTP/2 POST https://localhost:7113/api/Account/VerifyOtp - 400 null application/problem+json; charset=utf-8 63.4835ms
2024-09-25 12:33:35.110 +05:30  VRB  Connection id "0HN6T30PDSD6C" sending "DATA" frame for stream ID 7 with length 0 and flags "END_STREAM".
2024-09-25 12:33:35.114 +05:30  VRB  Connection id "0HN6T30PDSD6C" received "WINDOW_UPDATE" frame for stream ID 0 with length 4 and flags 0x0.
2024-09-25 12:33:39.450 +05:30  DBG  Connection id "0HN6T30PDSD6C" received FIN.
2024-09-25 12:33:39.452 +05:30  DBG  Connection id "0HN6T30PDSD6C" is closed. The last processed stream ID was 7.
2024-09-25 12:33:39.452 +05:30  DBG  The connection queue processing loop for 0HN6T30PDSD6C completed.
2024-09-25 12:33:39.453 +05:30  DBG  Connection id "0HN6T30PDSD6C" sending FIN because: "The Socket transport's send loop completed gracefully."
2024-09-25 12:33:39.464 +05:30  DBG  Connection id "0HN6T30PDSD6C" stopped.
2024-09-25 12:34:07.174 +05:30  DBG  Connection id "0HN6T30PDSD6D" accepted.
2024-09-25 12:34:07.177 +05:30  DBG  Connection id "0HN6T30PDSD6D" started.
2024-09-25 12:34:07.192 +05:30  DBG  Connection 0HN6T30PDSD6D established using the following protocol: "Tls12"
2024-09-25 12:34:07.194 +05:30  VRB  Connection id "0HN6T30PDSD6D" sending "SETTINGS" frame for stream ID 0 with length 24 and flags "NONE".
2024-09-25 12:34:07.195 +05:30  VRB  Connection id "0HN6T30PDSD6D" sending "WINDOW_UPDATE" frame for stream ID 0 with length 4 and flags 0x0.
2024-09-25 12:34:07.197 +05:30  VRB  Connection id "0HN6T30PDSD6D" received "SETTINGS" frame for stream ID 0 with length 24 and flags "NONE".
2024-09-25 12:34:07.200 +05:30  VRB  Connection id "0HN6T30PDSD6D" sending "SETTINGS" frame for stream ID 0 with length 0 and flags "ACK".
2024-09-25 12:34:07.202 +05:30  VRB  Connection id "0HN6T30PDSD6D" received "WINDOW_UPDATE" frame for stream ID 0 with length 4 and flags 0x0.
2024-09-25 12:34:07.203 +05:30  VRB  Connection id "0HN6T30PDSD6D" received "HEADERS" frame for stream ID 1 with length 338 and flags "END_STREAM, END_HEADERS, PRIORITY".
2024-09-25 12:34:07.205 +05:30  INF  Request starting HTTP/2 OPTIONS https://localhost:7113/api/Account/VerifyOtp - null null
2024-09-25 12:34:07.205 +05:30  VRB  Connection id "0HN6T30PDSD6D" received "SETTINGS" frame for stream ID 0 with length 0 and flags "ACK".
2024-09-25 12:34:07.207 +05:30  VRB  All hosts are allowed.
2024-09-25 12:34:07.210 +05:30  DBG  1 candidate(s) found for the request path '/api/Account/VerifyOtp'
2024-09-25 12:34:07.211 +05:30  DBG  Request matched endpoint '405 HTTP Method Not Supported'
2024-09-25 12:34:07.211 +05:30  VRB  The endpoint does not specify the IRequestSizeLimitMetadata.
2024-09-25 12:34:07.212 +05:30  DBG  Static files was skipped as the request already matched an endpoint.
2024-09-25 12:34:07.212 +05:30  DBG  The request has an origin header: 'http://localhost:4200'.
2024-09-25 12:34:07.213 +05:30  INF  CORS policy execution successful.
2024-09-25 12:34:07.214 +05:30  DBG  The request is a preflight request.
2024-09-25 12:34:07.214 +05:30  INF  Request finished HTTP/2 OPTIONS https://localhost:7113/api/Account/VerifyOtp - 204 null null 9.4955ms
2024-09-25 12:34:07.214 +05:30  VRB  Connection id "0HN6T30PDSD6D" sending "HEADERS" frame for stream ID 1 with length 122 and flags "END_STREAM, END_HEADERS".
2024-09-25 12:34:07.220 +05:30  VRB  Connection id "0HN6T30PDSD6D" received "HEADERS" frame for stream ID 3 with length 183 and flags "END_HEADERS, PRIORITY".
2024-09-25 12:34:07.222 +05:30  VRB  Connection id "0HN6T30PDSD6D" received "DATA" frame for stream ID 3 with length 6 and flags "END_STREAM".
2024-09-25 12:34:07.222 +05:30  INF  Request starting HTTP/2 POST https://localhost:7113/api/Account/VerifyOtp - application/json 6
2024-09-25 12:34:07.226 +05:30  VRB  All hosts are allowed.
2024-09-25 12:34:07.226 +05:30  DBG  1 candidate(s) found for the request path '/api/Account/VerifyOtp'
2024-09-25 12:34:07.227 +05:30  DBG  Endpoint 'Web.Ecommerce.Controllers.Account.AccountController.VerifyOtp (Web.Ecommerce)' with route pattern 'api/Account/VerifyOtp' is valid for the request path '/api/Account/VerifyOtp'
2024-09-25 12:34:07.228 +05:30  DBG  Request matched endpoint 'Web.Ecommerce.Controllers.Account.AccountController.VerifyOtp (Web.Ecommerce)'
2024-09-25 12:34:07.229 +05:30  VRB  The endpoint does not specify the IRequestSizeLimitMetadata.
2024-09-25 12:34:07.230 +05:30  DBG  Static files was skipped as the request already matched an endpoint.
2024-09-25 12:34:07.230 +05:30  DBG  The request has an origin header: 'http://localhost:4200'.
2024-09-25 12:34:07.231 +05:30  INF  CORS policy execution successful.
2024-09-25 12:34:07.232 +05:30  DBG  AuthenticationScheme: Bearer was not authenticated.
2024-09-25 12:34:07.232 +05:30  INF  Executing endpoint 'Web.Ecommerce.Controllers.Account.AccountController.VerifyOtp (Web.Ecommerce)'
2024-09-25 12:34:07.233 +05:30  INF  Route matched with {action = "VerifyOtp", controller = "Account"}. Executing controller action with signature System.Threading.Tasks.Task`1[Microsoft.AspNetCore.Mvc.IActionResult] VerifyOtp(Application.Ecom.Authentication.Commands.VerifyOTP.VerifyOtpCommand) on controller Web.Ecommerce.Controllers.Account.AccountController (Web.Ecommerce).
2024-09-25 12:34:07.235 +05:30  DBG  Execution plan of authorization filters (in the following order): ["None"]
2024-09-25 12:34:07.236 +05:30  DBG  Execution plan of resource filters (in the following order): ["None"]
2024-09-25 12:34:07.237 +05:30  DBG  Execution plan of action filters (in the following order): ["Microsoft.AspNetCore.Mvc.ModelBinding.UnsupportedContentTypeFilter (Order: -3000)","Microsoft.AspNetCore.Mvc.Infrastructure.ModelStateInvalidFilter (Order: -2000)"]
2024-09-25 12:34:07.238 +05:30  DBG  Execution plan of exception filters (in the following order): ["None"]
2024-09-25 12:34:07.239 +05:30  DBG  Execution plan of result filters (in the following order): ["Microsoft.AspNetCore.Mvc.Infrastructure.ClientErrorResultFilter (Order: -2000)"]
2024-09-25 12:34:07.241 +05:30  DBG  Executing controller factory for controller Web.Ecommerce.Controllers.Account.AccountController (Web.Ecommerce)
2024-09-25 12:34:07.242 +05:30  DBG  Executed controller factory for controller Web.Ecommerce.Controllers.Account.AccountController (Web.Ecommerce)
2024-09-25 12:34:07.243 +05:30  DBG  Attempting to bind parameter 'command' of type 'Application.Ecom.Authentication.Commands.VerifyOTP.VerifyOtpCommand' ...
2024-09-25 12:34:07.244 +05:30  DBG  Attempting to bind parameter 'command' of type 'Application.Ecom.Authentication.Commands.VerifyOTP.VerifyOtpCommand' using the name '' in request data ...
2024-09-25 12:34:07.245 +05:30  DBG  Selected input formatter 'Microsoft.AspNetCore.Mvc.Formatters.SystemTextJsonInputFormatter' for content type 'application/json'.
2024-09-25 12:34:07.246 +05:30  DBG  Connection id "0HN6T30PDSD6D", Request id "0HN6T30PDSD6D:00000003": started reading request body.
2024-09-25 12:34:07.248 +05:30  DBG  Connection id "0HN6T30PDSD6D", Request id "0HN6T30PDSD6D:00000003": done reading request body.
2024-09-25 12:34:07.252 +05:30  DBG  JSON input formatter threw an exception: The JSON value could not be converted to Application.Ecom.Authentication.Commands.VerifyOTP.VerifyOtpCommand. Path: $ | LineNumber: 0 | BytePositionInLine: 6.
2024-09-25 12:34:07.253 +05:30  DBG  Done attempting to bind parameter 'command' of type 'Application.Ecom.Authentication.Commands.VerifyOTP.VerifyOtpCommand'.
2024-09-25 12:34:07.254 +05:30  DBG  Done attempting to bind parameter 'command' of type 'Application.Ecom.Authentication.Commands.VerifyOTP.VerifyOtpCommand'.
2024-09-25 12:34:07.255 +05:30  DBG  Attempting to validate the bound parameter 'command' of type 'Application.Ecom.Authentication.Commands.VerifyOTP.VerifyOtpCommand' ...
2024-09-25 12:34:07.256 +05:30  DBG  Done attempting to validate the bound parameter 'command' of type 'Application.Ecom.Authentication.Commands.VerifyOTP.VerifyOtpCommand'.
2024-09-25 12:34:07.258 +05:30  VRB  Action Filter: Before executing OnActionExecuting on filter Microsoft.AspNetCore.Mvc.ModelBinding.UnsupportedContentTypeFilter.
2024-09-25 12:34:07.259 +05:30  VRB  Action Filter: After executing OnActionExecuting on filter Microsoft.AspNetCore.Mvc.ModelBinding.UnsupportedContentTypeFilter.
2024-09-25 12:34:07.261 +05:30  VRB  Action Filter: Before executing OnActionExecuting on filter Microsoft.AspNetCore.Mvc.Infrastructure.ModelStateInvalidFilter.
2024-09-25 12:34:07.262 +05:30  DBG  The request has model state errors, returning an error response.
2024-09-25 12:34:07.263 +05:30  VRB  Action Filter: After executing OnActionExecuting on filter Microsoft.AspNetCore.Mvc.Infrastructure.ModelStateInvalidFilter.
2024-09-25 12:34:07.264 +05:30  DBG  Request was short circuited at action filter 'Microsoft.AspNetCore.Mvc.Infrastructure.ModelStateInvalidFilter'.
2024-09-25 12:34:07.265 +05:30  VRB  Action Filter: Before executing OnActionExecuted on filter Microsoft.AspNetCore.Mvc.ModelBinding.UnsupportedContentTypeFilter.
2024-09-25 12:34:07.266 +05:30  VRB  Action Filter: After executing OnActionExecuted on filter Microsoft.AspNetCore.Mvc.ModelBinding.UnsupportedContentTypeFilter.
2024-09-25 12:34:07.267 +05:30  VRB  Result Filter: Before executing OnResultExecuting on filter Microsoft.AspNetCore.Mvc.Infrastructure.ClientErrorResultFilter.
2024-09-25 12:34:07.269 +05:30  VRB  Result Filter: After executing OnResultExecuting on filter Microsoft.AspNetCore.Mvc.Infrastructure.ClientErrorResultFilter.
2024-09-25 12:34:07.270 +05:30  VRB  Before executing action result Microsoft.AspNetCore.Mvc.BadRequestObjectResult.
2024-09-25 12:34:07.271 +05:30  DBG  List of registered output formatters, in the following order: ["Microsoft.AspNetCore.Mvc.Formatters.HttpNoContentOutputFormatter","Microsoft.AspNetCore.Mvc.Formatters.StringOutputFormatter","Microsoft.AspNetCore.Mvc.Formatters.StreamOutputFormatter","Microsoft.AspNetCore.Mvc.Formatters.SystemTextJsonOutputFormatter"]
2024-09-25 12:34:07.272 +05:30  DBG  No information found on request to perform content negotiation.
2024-09-25 12:34:07.273 +05:30  DBG  Attempting to select the first output formatter in the output formatters list which supports a content type from the explicitly specified content types '["application/problem+json","application/problem+xml","application/problem+json","application/problem+xml"]'.
2024-09-25 12:34:07.275 +05:30  DBG  Selected output formatter 'Microsoft.AspNetCore.Mvc.Formatters.SystemTextJsonOutputFormatter' and content type 'application/problem+json' to write the response.
2024-09-25 12:34:07.276 +05:30  INF  Executing BadRequestObjectResult, writing value of type 'Microsoft.AspNetCore.Mvc.ValidationProblemDetails'.
2024-09-25 12:34:07.277 +05:30  VRB  After executing action result Microsoft.AspNetCore.Mvc.BadRequestObjectResult.
2024-09-25 12:34:07.277 +05:30  VRB  Connection id "0HN6T30PDSD6D" sending "HEADERS" frame for stream ID 3 with length 45 and flags "END_HEADERS".
2024-09-25 12:34:07.277 +05:30  VRB  Result Filter: Before executing OnResultExecuted on filter Microsoft.AspNetCore.Mvc.Infrastructure.ClientErrorResultFilter.
2024-09-25 12:34:07.280 +05:30  VRB  Connection id "0HN6T30PDSD6D" sending "DATA" frame for stream ID 3 with length 415 and flags "NONE".
2024-09-25 12:34:07.282 +05:30  VRB  Result Filter: After executing OnResultExecuted on filter Microsoft.AspNetCore.Mvc.Infrastructure.ClientErrorResultFilter.
2024-09-25 12:34:07.284 +05:30  INF  Executed action Web.Ecommerce.Controllers.Account.AccountController.VerifyOtp (Web.Ecommerce) in 43.6709ms
2024-09-25 12:34:07.285 +05:30  INF  Executed endpoint 'Web.Ecommerce.Controllers.Account.AccountController.VerifyOtp (Web.Ecommerce)'
2024-09-25 12:34:07.286 +05:30  VRB  Connection id "0HN6T30PDSD6D" sending "DATA" frame for stream ID 3 with length 0 and flags "END_STREAM".
2024-09-25 12:34:07.286 +05:30  INF  Request finished HTTP/2 POST https://localhost:7113/api/Account/VerifyOtp - 400 null application/problem+json; charset=utf-8 64.6663ms
2024-09-25 12:34:09.481 +05:30  DBG  Connection id "0HN6T30PDSD6D" received FIN.
2024-09-25 12:34:09.484 +05:30  DBG  Connection id "0HN6T30PDSD6D" is closed. The last processed stream ID was 3.
2024-09-25 12:34:09.484 +05:30  DBG  The connection queue processing loop for 0HN6T30PDSD6D completed.
2024-09-25 12:34:09.485 +05:30  DBG  Connection id "0HN6T30PDSD6D" sending FIN because: "The Socket transport's send loop completed gracefully."
2024-09-25 12:34:09.504 +05:30  DBG  Connection id "0HN6T30PDSD6D" stopped.
2024-09-25 12:39:45.415 +05:30  DBG  Connection id "0HN6T30PDSD6E" accepted.
2024-09-25 12:39:45.418 +05:30  DBG  Connection id "0HN6T30PDSD6E" started.
2024-09-25 12:39:45.425 +05:30  DBG  Connection 0HN6T30PDSD6E established using the following protocol: "Tls12"
2024-09-25 12:39:45.431 +05:30  VRB  Connection id "0HN6T30PDSD6E" sending "SETTINGS" frame for stream ID 0 with length 24 and flags "NONE".
2024-09-25 12:39:45.433 +05:30  VRB  Connection id "0HN6T30PDSD6E" sending "WINDOW_UPDATE" frame for stream ID 0 with length 4 and flags 0x0.
2024-09-25 12:39:45.435 +05:30  VRB  Connection id "0HN6T30PDSD6E" received "SETTINGS" frame for stream ID 0 with length 24 and flags "NONE".
2024-09-25 12:39:45.437 +05:30  VRB  Connection id "0HN6T30PDSD6E" sending "SETTINGS" frame for stream ID 0 with length 0 and flags "ACK".
2024-09-25 12:39:45.440 +05:30  VRB  Connection id "0HN6T30PDSD6E" received "WINDOW_UPDATE" frame for stream ID 0 with length 4 and flags 0x0.
2024-09-25 12:39:45.442 +05:30  VRB  Connection id "0HN6T30PDSD6E" received "HEADERS" frame for stream ID 1 with length 338 and flags "END_STREAM, END_HEADERS, PRIORITY".
2024-09-25 12:39:45.444 +05:30  VRB  Connection id "0HN6T30PDSD6E" received "SETTINGS" frame for stream ID 0 with length 0 and flags "ACK".
2024-09-25 12:39:45.444 +05:30  INF  Request starting HTTP/2 OPTIONS https://localhost:7113/api/Account/VerifyOtp - null null
2024-09-25 12:39:45.447 +05:30  VRB  All hosts are allowed.
2024-09-25 12:39:45.448 +05:30  DBG  1 candidate(s) found for the request path '/api/Account/VerifyOtp'
2024-09-25 12:39:45.449 +05:30  DBG  Request matched endpoint '405 HTTP Method Not Supported'
2024-09-25 12:39:45.449 +05:30  VRB  The endpoint does not specify the IRequestSizeLimitMetadata.
2024-09-25 12:39:45.450 +05:30  DBG  Static files was skipped as the request already matched an endpoint.
2024-09-25 12:39:45.451 +05:30  DBG  The request has an origin header: 'http://localhost:4200'.
2024-09-25 12:39:45.452 +05:30  INF  CORS policy execution successful.
2024-09-25 12:39:45.453 +05:30  DBG  The request is a preflight request.
2024-09-25 12:39:45.454 +05:30  VRB  Connection id "0HN6T30PDSD6E" sending "HEADERS" frame for stream ID 1 with length 122 and flags "END_STREAM, END_HEADERS".
2024-09-25 12:39:45.454 +05:30  INF  Request finished HTTP/2 OPTIONS https://localhost:7113/api/Account/VerifyOtp - 204 null null 9.9487ms
2024-09-25 12:39:45.458 +05:30  VRB  Connection id "0HN6T30PDSD6E" received "HEADERS" frame for stream ID 3 with length 184 and flags "END_HEADERS, PRIORITY".
2024-09-25 12:39:45.461 +05:30  VRB  Connection id "0HN6T30PDSD6E" received "DATA" frame for stream ID 3 with length 14 and flags "END_STREAM".
2024-09-25 12:39:45.461 +05:30  INF  Request starting HTTP/2 POST https://localhost:7113/api/Account/VerifyOtp - application/json 14
2024-09-25 12:39:45.465 +05:30  VRB  All hosts are allowed.
2024-09-25 12:39:45.465 +05:30  DBG  1 candidate(s) found for the request path '/api/Account/VerifyOtp'
2024-09-25 12:39:45.466 +05:30  DBG  Endpoint 'Web.Ecommerce.Controllers.Account.AccountController.VerifyOtp (Web.Ecommerce)' with route pattern 'api/Account/VerifyOtp' is valid for the request path '/api/Account/VerifyOtp'
2024-09-25 12:39:45.467 +05:30  DBG  Request matched endpoint 'Web.Ecommerce.Controllers.Account.AccountController.VerifyOtp (Web.Ecommerce)'
2024-09-25 12:39:45.468 +05:30  VRB  The endpoint does not specify the IRequestSizeLimitMetadata.
2024-09-25 12:39:45.469 +05:30  DBG  Static files was skipped as the request already matched an endpoint.
2024-09-25 12:39:45.470 +05:30  DBG  The request has an origin header: 'http://localhost:4200'.
2024-09-25 12:39:45.471 +05:30  INF  CORS policy execution successful.
2024-09-25 12:39:45.472 +05:30  DBG  AuthenticationScheme: Bearer was not authenticated.
2024-09-25 12:39:45.473 +05:30  INF  Executing endpoint 'Web.Ecommerce.Controllers.Account.AccountController.VerifyOtp (Web.Ecommerce)'
2024-09-25 12:39:45.474 +05:30  INF  Route matched with {action = "VerifyOtp", controller = "Account"}. Executing controller action with signature System.Threading.Tasks.Task`1[Microsoft.AspNetCore.Mvc.IActionResult] VerifyOtp(Application.Ecom.Authentication.Commands.VerifyOTP.VerifyOtpCommand) on controller Web.Ecommerce.Controllers.Account.AccountController (Web.Ecommerce).
2024-09-25 12:39:45.475 +05:30  DBG  Execution plan of authorization filters (in the following order): ["None"]
2024-09-25 12:39:45.476 +05:30  DBG  Execution plan of resource filters (in the following order): ["None"]
2024-09-25 12:39:45.478 +05:30  DBG  Execution plan of action filters (in the following order): ["Microsoft.AspNetCore.Mvc.ModelBinding.UnsupportedContentTypeFilter (Order: -3000)","Microsoft.AspNetCore.Mvc.Infrastructure.ModelStateInvalidFilter (Order: -2000)"]
2024-09-25 12:39:45.479 +05:30  DBG  Execution plan of exception filters (in the following order): ["None"]
2024-09-25 12:39:45.481 +05:30  DBG  Execution plan of result filters (in the following order): ["Microsoft.AspNetCore.Mvc.Infrastructure.ClientErrorResultFilter (Order: -2000)"]
2024-09-25 12:39:45.483 +05:30  DBG  Executing controller factory for controller Web.Ecommerce.Controllers.Account.AccountController (Web.Ecommerce)
2024-09-25 12:39:45.484 +05:30  DBG  Executed controller factory for controller Web.Ecommerce.Controllers.Account.AccountController (Web.Ecommerce)
2024-09-25 12:39:45.485 +05:30  DBG  Attempting to bind parameter 'command' of type 'Application.Ecom.Authentication.Commands.VerifyOTP.VerifyOtpCommand' ...
2024-09-25 12:39:45.488 +05:30  DBG  Attempting to bind parameter 'command' of type 'Application.Ecom.Authentication.Commands.VerifyOTP.VerifyOtpCommand' using the name '' in request data ...
2024-09-25 12:39:45.490 +05:30  DBG  Selected input formatter 'Microsoft.AspNetCore.Mvc.Formatters.SystemTextJsonInputFormatter' for content type 'application/json'.
2024-09-25 12:39:45.491 +05:30  DBG  Connection id "0HN6T30PDSD6E", Request id "0HN6T30PDSD6E:00000003": started reading request body.
2024-09-25 12:39:45.492 +05:30  DBG  Connection id "0HN6T30PDSD6E", Request id "0HN6T30PDSD6E:00000003": done reading request body.
2024-09-25 12:39:45.497 +05:30  DBG  JSON input formatter threw an exception: The JSON value could not be converted to System.String. Path: $.otp | LineNumber: 0 | BytePositionInLine: 13.
2024-09-25 12:39:45.498 +05:30  DBG  Done attempting to bind parameter 'command' of type 'Application.Ecom.Authentication.Commands.VerifyOTP.VerifyOtpCommand'.
2024-09-25 12:39:45.499 +05:30  DBG  Done attempting to bind parameter 'command' of type 'Application.Ecom.Authentication.Commands.VerifyOTP.VerifyOtpCommand'.
2024-09-25 12:39:45.500 +05:30  DBG  Attempting to validate the bound parameter 'command' of type 'Application.Ecom.Authentication.Commands.VerifyOTP.VerifyOtpCommand' ...
2024-09-25 12:39:45.502 +05:30  DBG  Done attempting to validate the bound parameter 'command' of type 'Application.Ecom.Authentication.Commands.VerifyOTP.VerifyOtpCommand'.
2024-09-25 12:39:45.503 +05:30  VRB  Action Filter: Before executing OnActionExecuting on filter Microsoft.AspNetCore.Mvc.ModelBinding.UnsupportedContentTypeFilter.
2024-09-25 12:39:45.504 +05:30  VRB  Action Filter: After executing OnActionExecuting on filter Microsoft.AspNetCore.Mvc.ModelBinding.UnsupportedContentTypeFilter.
2024-09-25 12:39:45.506 +05:30  VRB  Action Filter: Before executing OnActionExecuting on filter Microsoft.AspNetCore.Mvc.Infrastructure.ModelStateInvalidFilter.
2024-09-25 12:39:45.507 +05:30  DBG  The request has model state errors, returning an error response.
2024-09-25 12:39:45.507 +05:30  VRB  Action Filter: After executing OnActionExecuting on filter Microsoft.AspNetCore.Mvc.Infrastructure.ModelStateInvalidFilter.
2024-09-25 12:39:45.509 +05:30  DBG  Request was short circuited at action filter 'Microsoft.AspNetCore.Mvc.Infrastructure.ModelStateInvalidFilter'.
2024-09-25 12:39:45.509 +05:30  VRB  Action Filter: Before executing OnActionExecuted on filter Microsoft.AspNetCore.Mvc.ModelBinding.UnsupportedContentTypeFilter.
2024-09-25 12:39:45.511 +05:30  VRB  Action Filter: After executing OnActionExecuted on filter Microsoft.AspNetCore.Mvc.ModelBinding.UnsupportedContentTypeFilter.
2024-09-25 12:39:45.512 +05:30  VRB  Result Filter: Before executing OnResultExecuting on filter Microsoft.AspNetCore.Mvc.Infrastructure.ClientErrorResultFilter.
2024-09-25 12:39:45.513 +05:30  VRB  Result Filter: After executing OnResultExecuting on filter Microsoft.AspNetCore.Mvc.Infrastructure.ClientErrorResultFilter.
2024-09-25 12:39:45.514 +05:30  VRB  Before executing action result Microsoft.AspNetCore.Mvc.BadRequestObjectResult.
2024-09-25 12:39:45.515 +05:30  DBG  List of registered output formatters, in the following order: ["Microsoft.AspNetCore.Mvc.Formatters.HttpNoContentOutputFormatter","Microsoft.AspNetCore.Mvc.Formatters.StringOutputFormatter","Microsoft.AspNetCore.Mvc.Formatters.StreamOutputFormatter","Microsoft.AspNetCore.Mvc.Formatters.SystemTextJsonOutputFormatter"]
2024-09-25 12:39:45.516 +05:30  DBG  No information found on request to perform content negotiation.
2024-09-25 12:39:45.517 +05:30  DBG  Attempting to select the first output formatter in the output formatters list which supports a content type from the explicitly specified content types '["application/problem+json","application/problem+xml","application/problem+json","application/problem+xml"]'.
2024-09-25 12:39:45.519 +05:30  DBG  Selected output formatter 'Microsoft.AspNetCore.Mvc.Formatters.SystemTextJsonOutputFormatter' and content type 'application/problem+json' to write the response.
2024-09-25 12:39:45.521 +05:30  INF  Executing BadRequestObjectResult, writing value of type 'Microsoft.AspNetCore.Mvc.ValidationProblemDetails'.
2024-09-25 12:39:45.522 +05:30  VRB  After executing action result Microsoft.AspNetCore.Mvc.BadRequestObjectResult.
2024-09-25 12:39:45.522 +05:30  VRB  Connection id "0HN6T30PDSD6E" sending "HEADERS" frame for stream ID 3 with length 45 and flags "END_HEADERS".
2024-09-25 12:39:45.522 +05:30  VRB  Result Filter: Before executing OnResultExecuted on filter Microsoft.AspNetCore.Mvc.Infrastructure.ClientErrorResultFilter.
2024-09-25 12:39:45.524 +05:30  VRB  Connection id "0HN6T30PDSD6E" sending "DATA" frame for stream ID 3 with length 370 and flags "NONE".
2024-09-25 12:39:45.525 +05:30  VRB  Result Filter: After executing OnResultExecuted on filter Microsoft.AspNetCore.Mvc.Infrastructure.ClientErrorResultFilter.
2024-09-25 12:39:45.526 +05:30  INF  Executed action Web.Ecommerce.Controllers.Account.AccountController.VerifyOtp (Web.Ecommerce) in 43.4891ms
2024-09-25 12:39:45.529 +05:30  INF  Executed endpoint 'Web.Ecommerce.Controllers.Account.AccountController.VerifyOtp (Web.Ecommerce)'
2024-09-25 12:39:45.530 +05:30  INF  Request finished HTTP/2 POST https://localhost:7113/api/Account/VerifyOtp - 400 null application/problem+json; charset=utf-8 69.4819ms
2024-09-25 12:39:45.530 +05:30  VRB  Connection id "0HN6T30PDSD6E" sending "DATA" frame for stream ID 3 with length 0 and flags "END_STREAM".
2024-09-25 12:39:50.121 +05:30  DBG  Connection id "0HN6T30PDSD6E" received FIN.
2024-09-25 12:39:50.122 +05:30  DBG  Connection id "0HN6T30PDSD6E" is closed. The last processed stream ID was 3.
2024-09-25 12:39:50.122 +05:30  DBG  The connection queue processing loop for 0HN6T30PDSD6E completed.
2024-09-25 12:39:50.124 +05:30  DBG  Connection id "0HN6T30PDSD6E" sending FIN because: "The Socket transport's send loop completed gracefully."
2024-09-25 12:39:50.130 +05:30  DBG  Connection id "0HN6T30PDSD6E" stopped.
2024-09-25 12:48:55.183 +05:30  DBG  Connection id "0HN6T30PDSD6F" accepted.
2024-09-25 12:48:55.189 +05:30  DBG  Connection id "0HN6T30PDSD6F" started.
2024-09-25 12:48:55.196 +05:30  DBG  Connection 0HN6T30PDSD6F established using the following protocol: "Tls12"
2024-09-25 12:48:55.199 +05:30  VRB  Connection id "0HN6T30PDSD6F" sending "SETTINGS" frame for stream ID 0 with length 24 and flags "NONE".
2024-09-25 12:48:55.201 +05:30  VRB  Connection id "0HN6T30PDSD6F" sending "WINDOW_UPDATE" frame for stream ID 0 with length 4 and flags 0x0.
2024-09-25 12:48:55.206 +05:30  VRB  Connection id "0HN6T30PDSD6F" received "SETTINGS" frame for stream ID 0 with length 24 and flags "NONE".
2024-09-25 12:48:55.209 +05:30  VRB  Connection id "0HN6T30PDSD6F" sending "SETTINGS" frame for stream ID 0 with length 0 and flags "ACK".
2024-09-25 12:48:55.212 +05:30  VRB  Connection id "0HN6T30PDSD6F" received "WINDOW_UPDATE" frame for stream ID 0 with length 4 and flags 0x0.
2024-09-25 12:48:55.215 +05:30  VRB  Connection id "0HN6T30PDSD6F" received "HEADERS" frame for stream ID 1 with length 338 and flags "END_STREAM, END_HEADERS, PRIORITY".
2024-09-25 12:48:55.217 +05:30  VRB  Connection id "0HN6T30PDSD6F" received "SETTINGS" frame for stream ID 0 with length 0 and flags "ACK".
2024-09-25 12:48:55.218 +05:30  INF  Request starting HTTP/2 OPTIONS https://localhost:7113/api/Account/VerifyOtp - null null
2024-09-25 12:48:55.221 +05:30  VRB  All hosts are allowed.
2024-09-25 12:48:55.222 +05:30  DBG  1 candidate(s) found for the request path '/api/Account/VerifyOtp'
2024-09-25 12:48:55.223 +05:30  DBG  Request matched endpoint '405 HTTP Method Not Supported'
2024-09-25 12:48:55.224 +05:30  VRB  The endpoint does not specify the IRequestSizeLimitMetadata.
2024-09-25 12:48:55.225 +05:30  DBG  Static files was skipped as the request already matched an endpoint.
2024-09-25 12:48:55.226 +05:30  DBG  The request has an origin header: 'http://localhost:4200'.
2024-09-25 12:48:55.227 +05:30  INF  CORS policy execution successful.
2024-09-25 12:48:55.227 +05:30  DBG  The request is a preflight request.
2024-09-25 12:48:55.228 +05:30  INF  Request finished HTTP/2 OPTIONS https://localhost:7113/api/Account/VerifyOtp - 204 null null 10.3233ms
2024-09-25 12:48:55.228 +05:30  VRB  Connection id "0HN6T30PDSD6F" sending "HEADERS" frame for stream ID 1 with length 122 and flags "END_STREAM, END_HEADERS".
2024-09-25 12:48:55.233 +05:30  VRB  Connection id "0HN6T30PDSD6F" received "HEADERS" frame for stream ID 3 with length 184 and flags "END_HEADERS, PRIORITY".
2024-09-25 12:48:55.235 +05:30  VRB  Connection id "0HN6T30PDSD6F" received "DATA" frame for stream ID 3 with length 24 and flags "END_STREAM".
2024-09-25 12:48:55.235 +05:30  INF  Request starting HTTP/2 POST https://localhost:7113/api/Account/VerifyOtp - application/json 24
2024-09-25 12:48:55.239 +05:30  VRB  All hosts are allowed.
2024-09-25 12:48:55.239 +05:30  DBG  1 candidate(s) found for the request path '/api/Account/VerifyOtp'
2024-09-25 12:48:55.240 +05:30  DBG  Endpoint 'Web.Ecommerce.Controllers.Account.AccountController.VerifyOtp (Web.Ecommerce)' with route pattern 'api/Account/VerifyOtp' is valid for the request path '/api/Account/VerifyOtp'
2024-09-25 12:48:55.243 +05:30  DBG  Request matched endpoint 'Web.Ecommerce.Controllers.Account.AccountController.VerifyOtp (Web.Ecommerce)'
2024-09-25 12:48:55.243 +05:30  VRB  The endpoint does not specify the IRequestSizeLimitMetadata.
2024-09-25 12:48:55.244 +05:30  DBG  Static files was skipped as the request already matched an endpoint.
2024-09-25 12:48:55.244 +05:30  DBG  The request has an origin header: 'http://localhost:4200'.
2024-09-25 12:48:55.245 +05:30  INF  CORS policy execution successful.
2024-09-25 12:48:55.246 +05:30  DBG  AuthenticationScheme: Bearer was not authenticated.
2024-09-25 12:48:55.246 +05:30  INF  Executing endpoint 'Web.Ecommerce.Controllers.Account.AccountController.VerifyOtp (Web.Ecommerce)'
2024-09-25 12:48:55.247 +05:30  INF  Route matched with {action = "VerifyOtp", controller = "Account"}. Executing controller action with signature System.Threading.Tasks.Task`1[Microsoft.AspNetCore.Mvc.IActionResult] VerifyOtp(Application.Ecom.Authentication.Commands.VerifyOTP.VerifyOtpCommand) on controller Web.Ecommerce.Controllers.Account.AccountController (Web.Ecommerce).
2024-09-25 12:48:55.250 +05:30  DBG  Execution plan of authorization filters (in the following order): ["None"]
2024-09-25 12:48:55.252 +05:30  DBG  Execution plan of resource filters (in the following order): ["None"]
2024-09-25 12:48:55.254 +05:30  DBG  Execution plan of action filters (in the following order): ["Microsoft.AspNetCore.Mvc.ModelBinding.UnsupportedContentTypeFilter (Order: -3000)","Microsoft.AspNetCore.Mvc.Infrastructure.ModelStateInvalidFilter (Order: -2000)"]
2024-09-25 12:48:55.258 +05:30  DBG  Execution plan of exception filters (in the following order): ["None"]
2024-09-25 12:48:55.260 +05:30  DBG  Execution plan of result filters (in the following order): ["Microsoft.AspNetCore.Mvc.Infrastructure.ClientErrorResultFilter (Order: -2000)"]
2024-09-25 12:48:55.262 +05:30  DBG  Executing controller factory for controller Web.Ecommerce.Controllers.Account.AccountController (Web.Ecommerce)
2024-09-25 12:48:55.263 +05:30  DBG  Executed controller factory for controller Web.Ecommerce.Controllers.Account.AccountController (Web.Ecommerce)
2024-09-25 12:48:55.265 +05:30  DBG  Attempting to bind parameter 'command' of type 'Application.Ecom.Authentication.Commands.VerifyOTP.VerifyOtpCommand' ...
2024-09-25 12:48:55.268 +05:30  DBG  Attempting to bind parameter 'command' of type 'Application.Ecom.Authentication.Commands.VerifyOTP.VerifyOtpCommand' using the name '' in request data ...
2024-09-25 12:48:55.270 +05:30  DBG  Selected input formatter 'Microsoft.AspNetCore.Mvc.Formatters.SystemTextJsonInputFormatter' for content type 'application/json'.
2024-09-25 12:48:55.271 +05:30  DBG  Connection id "0HN6T30PDSD6F", Request id "0HN6T30PDSD6F:00000003": started reading request body.
2024-09-25 12:48:55.272 +05:30  DBG  Connection id "0HN6T30PDSD6F", Request id "0HN6T30PDSD6F:00000003": done reading request body.
2024-09-25 12:48:55.280 +05:30  DBG  JSON input formatter threw an exception: The JSON value could not be converted to System.String. Path: $.otp | LineNumber: 0 | BytePositionInLine: 23.
2024-09-25 12:48:55.281 +05:30  DBG  Done attempting to bind parameter 'command' of type 'Application.Ecom.Authentication.Commands.VerifyOTP.VerifyOtpCommand'.
2024-09-25 12:48:55.282 +05:30  DBG  Done attempting to bind parameter 'command' of type 'Application.Ecom.Authentication.Commands.VerifyOTP.VerifyOtpCommand'.
2024-09-25 12:48:55.284 +05:30  DBG  Attempting to validate the bound parameter 'command' of type 'Application.Ecom.Authentication.Commands.VerifyOTP.VerifyOtpCommand' ...
2024-09-25 12:48:55.285 +05:30  DBG  Done attempting to validate the bound parameter 'command' of type 'Application.Ecom.Authentication.Commands.VerifyOTP.VerifyOtpCommand'.
2024-09-25 12:48:55.286 +05:30  VRB  Action Filter: Before executing OnActionExecuting on filter Microsoft.AspNetCore.Mvc.ModelBinding.UnsupportedContentTypeFilter.
2024-09-25 12:48:55.287 +05:30  VRB  Action Filter: After executing OnActionExecuting on filter Microsoft.AspNetCore.Mvc.ModelBinding.UnsupportedContentTypeFilter.
2024-09-25 12:48:55.288 +05:30  VRB  Action Filter: Before executing OnActionExecuting on filter Microsoft.AspNetCore.Mvc.Infrastructure.ModelStateInvalidFilter.
2024-09-25 12:48:55.290 +05:30  DBG  The request has model state errors, returning an error response.
2024-09-25 12:48:55.291 +05:30  VRB  Action Filter: After executing OnActionExecuting on filter Microsoft.AspNetCore.Mvc.Infrastructure.ModelStateInvalidFilter.
2024-09-25 12:48:55.293 +05:30  DBG  Request was short circuited at action filter 'Microsoft.AspNetCore.Mvc.Infrastructure.ModelStateInvalidFilter'.
2024-09-25 12:48:55.294 +05:30  VRB  Action Filter: Before executing OnActionExecuted on filter Microsoft.AspNetCore.Mvc.ModelBinding.UnsupportedContentTypeFilter.
2024-09-25 12:48:55.296 +05:30  VRB  Action Filter: After executing OnActionExecuted on filter Microsoft.AspNetCore.Mvc.ModelBinding.UnsupportedContentTypeFilter.
2024-09-25 12:48:55.297 +05:30  VRB  Result Filter: Before executing OnResultExecuting on filter Microsoft.AspNetCore.Mvc.Infrastructure.ClientErrorResultFilter.
2024-09-25 12:48:55.298 +05:30  VRB  Result Filter: After executing OnResultExecuting on filter Microsoft.AspNetCore.Mvc.Infrastructure.ClientErrorResultFilter.
2024-09-25 12:48:55.299 +05:30  VRB  Before executing action result Microsoft.AspNetCore.Mvc.BadRequestObjectResult.
2024-09-25 12:48:55.300 +05:30  DBG  List of registered output formatters, in the following order: ["Microsoft.AspNetCore.Mvc.Formatters.HttpNoContentOutputFormatter","Microsoft.AspNetCore.Mvc.Formatters.StringOutputFormatter","Microsoft.AspNetCore.Mvc.Formatters.StreamOutputFormatter","Microsoft.AspNetCore.Mvc.Formatters.SystemTextJsonOutputFormatter"]
2024-09-25 12:48:55.302 +05:30  DBG  No information found on request to perform content negotiation.
2024-09-25 12:48:55.302 +05:30  DBG  Attempting to select the first output formatter in the output formatters list which supports a content type from the explicitly specified content types '["application/problem+json","application/problem+xml","application/problem+json","application/problem+xml"]'.
2024-09-25 12:48:55.304 +05:30  DBG  Selected output formatter 'Microsoft.AspNetCore.Mvc.Formatters.SystemTextJsonOutputFormatter' and content type 'application/problem+json' to write the response.
2024-09-25 12:48:55.305 +05:30  INF  Executing BadRequestObjectResult, writing value of type 'Microsoft.AspNetCore.Mvc.ValidationProblemDetails'.
2024-09-25 12:48:55.307 +05:30  VRB  Connection id "0HN6T30PDSD6F" sending "HEADERS" frame for stream ID 3 with length 75 and flags "END_HEADERS".
2024-09-25 12:48:55.307 +05:30  VRB  After executing action result Microsoft.AspNetCore.Mvc.BadRequestObjectResult.
2024-09-25 12:48:55.309 +05:30  VRB  Connection id "0HN6T30PDSD6F" sending "DATA" frame for stream ID 3 with length 370 and flags "NONE".
2024-09-25 12:48:55.309 +05:30  VRB  Result Filter: Before executing OnResultExecuted on filter Microsoft.AspNetCore.Mvc.Infrastructure.ClientErrorResultFilter.
2024-09-25 12:48:55.312 +05:30  VRB  Result Filter: After executing OnResultExecuted on filter Microsoft.AspNetCore.Mvc.Infrastructure.ClientErrorResultFilter.
2024-09-25 12:48:55.313 +05:30  INF  Executed action Web.Ecommerce.Controllers.Account.AccountController.VerifyOtp (Web.Ecommerce) in 51.5371ms
2024-09-25 12:48:55.314 +05:30  INF  Executed endpoint 'Web.Ecommerce.Controllers.Account.AccountController.VerifyOtp (Web.Ecommerce)'
2024-09-25 12:48:55.315 +05:30  INF  Request finished HTTP/2 POST https://localhost:7113/api/Account/VerifyOtp - 400 null application/problem+json; charset=utf-8 80.4119ms
2024-09-25 12:48:55.315 +05:30  VRB  Connection id "0HN6T30PDSD6F" sending "DATA" frame for stream ID 3 with length 0 and flags "END_STREAM".
2024-09-25 12:49:00.939 +05:30  DBG  Connection id "0HN6T30PDSD6F" received FIN.
2024-09-25 12:49:00.941 +05:30  DBG  Connection id "0HN6T30PDSD6F" is closed. The last processed stream ID was 3.
2024-09-25 12:49:00.942 +05:30  DBG  The connection queue processing loop for 0HN6T30PDSD6F completed.
2024-09-25 12:49:00.943 +05:30  DBG  Connection id "0HN6T30PDSD6F" sending FIN because: "The Socket transport's send loop completed gracefully."
2024-09-25 12:49:00.960 +05:30  DBG  Connection id "0HN6T30PDSD6F" stopped.
2024-09-25 12:49:19.927 +05:30  DBG  Connection id "0HN6T30PDSD6G" accepted.
2024-09-25 12:49:19.930 +05:30  DBG  Connection id "0HN6T30PDSD6G" started.
2024-09-25 12:49:19.933 +05:30  DBG  Connection 0HN6T30PDSD6G established using the following protocol: "Tls12"
2024-09-25 12:49:19.935 +05:30  VRB  Connection id "0HN6T30PDSD6G" sending "SETTINGS" frame for stream ID 0 with length 24 and flags "NONE".
2024-09-25 12:49:19.937 +05:30  VRB  Connection id "0HN6T30PDSD6G" sending "WINDOW_UPDATE" frame for stream ID 0 with length 4 and flags 0x0.
2024-09-25 12:49:19.938 +05:30  VRB  Connection id "0HN6T30PDSD6G" received "SETTINGS" frame for stream ID 0 with length 24 and flags "NONE".
2024-09-25 12:49:19.941 +05:30  VRB  Connection id "0HN6T30PDSD6G" sending "SETTINGS" frame for stream ID 0 with length 0 and flags "ACK".
2024-09-25 12:49:19.943 +05:30  VRB  Connection id "0HN6T30PDSD6G" received "WINDOW_UPDATE" frame for stream ID 0 with length 4 and flags 0x0.
2024-09-25 12:49:19.944 +05:30  VRB  Connection id "0HN6T30PDSD6G" received "HEADERS" frame for stream ID 1 with length 338 and flags "END_STREAM, END_HEADERS, PRIORITY".
2024-09-25 12:49:19.946 +05:30  VRB  Connection id "0HN6T30PDSD6G" received "SETTINGS" frame for stream ID 0 with length 0 and flags "ACK".
2024-09-25 12:49:19.946 +05:30  INF  Request starting HTTP/2 OPTIONS https://localhost:7113/api/Account/VerifyOtp - null null
2024-09-25 12:49:19.949 +05:30  VRB  All hosts are allowed.
2024-09-25 12:49:19.950 +05:30  DBG  1 candidate(s) found for the request path '/api/Account/VerifyOtp'
2024-09-25 12:49:19.951 +05:30  DBG  Request matched endpoint '405 HTTP Method Not Supported'
2024-09-25 12:49:19.951 +05:30  VRB  The endpoint does not specify the IRequestSizeLimitMetadata.
2024-09-25 12:49:19.952 +05:30  DBG  Static files was skipped as the request already matched an endpoint.
2024-09-25 12:49:19.952 +05:30  DBG  The request has an origin header: 'http://localhost:4200'.
2024-09-25 12:49:19.953 +05:30  INF  CORS policy execution successful.
2024-09-25 12:49:19.954 +05:30  DBG  The request is a preflight request.
2024-09-25 12:49:19.954 +05:30  INF  Request finished HTTP/2 OPTIONS https://localhost:7113/api/Account/VerifyOtp - 204 null null 8.5874ms
2024-09-25 12:49:19.954 +05:30  VRB  Connection id "0HN6T30PDSD6G" sending "HEADERS" frame for stream ID 1 with length 122 and flags "END_STREAM, END_HEADERS".
2024-09-25 12:49:19.961 +05:30  VRB  Connection id "0HN6T30PDSD6G" received "HEADERS" frame for stream ID 3 with length 184 and flags "END_HEADERS, PRIORITY".
2024-09-25 12:49:19.963 +05:30  VRB  Connection id "0HN6T30PDSD6G" received "DATA" frame for stream ID 3 with length 24 and flags "END_STREAM".
2024-09-25 12:49:19.963 +05:30  INF  Request starting HTTP/2 POST https://localhost:7113/api/Account/VerifyOtp - application/json 24
2024-09-25 12:49:19.967 +05:30  VRB  All hosts are allowed.
2024-09-25 12:49:19.968 +05:30  DBG  1 candidate(s) found for the request path '/api/Account/VerifyOtp'
2024-09-25 12:49:19.969 +05:30  DBG  Endpoint 'Web.Ecommerce.Controllers.Account.AccountController.VerifyOtp (Web.Ecommerce)' with route pattern 'api/Account/VerifyOtp' is valid for the request path '/api/Account/VerifyOtp'
2024-09-25 12:49:19.970 +05:30  DBG  Request matched endpoint 'Web.Ecommerce.Controllers.Account.AccountController.VerifyOtp (Web.Ecommerce)'
2024-09-25 12:49:19.971 +05:30  VRB  The endpoint does not specify the IRequestSizeLimitMetadata.
2024-09-25 12:49:19.971 +05:30  DBG  Static files was skipped as the request already matched an endpoint.
2024-09-25 12:49:19.972 +05:30  DBG  The request has an origin header: 'http://localhost:4200'.
2024-09-25 12:49:19.973 +05:30  INF  CORS policy execution successful.
2024-09-25 12:49:19.973 +05:30  DBG  AuthenticationScheme: Bearer was not authenticated.
2024-09-25 12:49:19.975 +05:30  INF  Executing endpoint 'Web.Ecommerce.Controllers.Account.AccountController.VerifyOtp (Web.Ecommerce)'
2024-09-25 12:49:19.976 +05:30  INF  Route matched with {action = "VerifyOtp", controller = "Account"}. Executing controller action with signature System.Threading.Tasks.Task`1[Microsoft.AspNetCore.Mvc.IActionResult] VerifyOtp(Application.Ecom.Authentication.Commands.VerifyOTP.VerifyOtpCommand) on controller Web.Ecommerce.Controllers.Account.AccountController (Web.Ecommerce).
2024-09-25 12:49:19.978 +05:30  DBG  Execution plan of authorization filters (in the following order): ["None"]
2024-09-25 12:49:19.978 +05:30  DBG  Execution plan of resource filters (in the following order): ["None"]
2024-09-25 12:49:19.979 +05:30  DBG  Execution plan of action filters (in the following order): ["Microsoft.AspNetCore.Mvc.ModelBinding.UnsupportedContentTypeFilter (Order: -3000)","Microsoft.AspNetCore.Mvc.Infrastructure.ModelStateInvalidFilter (Order: -2000)"]
2024-09-25 12:49:19.981 +05:30  DBG  Execution plan of exception filters (in the following order): ["None"]
2024-09-25 12:49:19.982 +05:30  DBG  Execution plan of result filters (in the following order): ["Microsoft.AspNetCore.Mvc.Infrastructure.ClientErrorResultFilter (Order: -2000)"]
2024-09-25 12:49:19.983 +05:30  DBG  Executing controller factory for controller Web.Ecommerce.Controllers.Account.AccountController (Web.Ecommerce)
2024-09-25 12:49:19.984 +05:30  DBG  Executed controller factory for controller Web.Ecommerce.Controllers.Account.AccountController (Web.Ecommerce)
2024-09-25 12:49:19.985 +05:30  DBG  Attempting to bind parameter 'command' of type 'Application.Ecom.Authentication.Commands.VerifyOTP.VerifyOtpCommand' ...
2024-09-25 12:49:19.986 +05:30  DBG  Attempting to bind parameter 'command' of type 'Application.Ecom.Authentication.Commands.VerifyOTP.VerifyOtpCommand' using the name '' in request data ...
2024-09-25 12:49:19.988 +05:30  DBG  Selected input formatter 'Microsoft.AspNetCore.Mvc.Formatters.SystemTextJsonInputFormatter' for content type 'application/json'.
2024-09-25 12:49:19.989 +05:30  DBG  Connection id "0HN6T30PDSD6G", Request id "0HN6T30PDSD6G:00000003": started reading request body.
2024-09-25 12:49:19.990 +05:30  DBG  Connection id "0HN6T30PDSD6G", Request id "0HN6T30PDSD6G:00000003": done reading request body.
2024-09-25 12:49:19.992 +05:30  DBG  JSON input formatter threw an exception: The JSON value could not be converted to System.String. Path: $.otp | LineNumber: 0 | BytePositionInLine: 23.
2024-09-25 12:49:19.992 +05:30  DBG  Done attempting to bind parameter 'command' of type 'Application.Ecom.Authentication.Commands.VerifyOTP.VerifyOtpCommand'.
2024-09-25 12:49:19.994 +05:30  DBG  Done attempting to bind parameter 'command' of type 'Application.Ecom.Authentication.Commands.VerifyOTP.VerifyOtpCommand'.
2024-09-25 12:49:19.995 +05:30  DBG  Attempting to validate the bound parameter 'command' of type 'Application.Ecom.Authentication.Commands.VerifyOTP.VerifyOtpCommand' ...
2024-09-25 12:49:19.996 +05:30  DBG  Done attempting to validate the bound parameter 'command' of type 'Application.Ecom.Authentication.Commands.VerifyOTP.VerifyOtpCommand'.
2024-09-25 12:49:19.997 +05:30  VRB  Action Filter: Before executing OnActionExecuting on filter Microsoft.AspNetCore.Mvc.ModelBinding.UnsupportedContentTypeFilter.
2024-09-25 12:49:19.998 +05:30  VRB  Action Filter: After executing OnActionExecuting on filter Microsoft.AspNetCore.Mvc.ModelBinding.UnsupportedContentTypeFilter.
2024-09-25 12:49:19.999 +05:30  VRB  Action Filter: Before executing OnActionExecuting on filter Microsoft.AspNetCore.Mvc.Infrastructure.ModelStateInvalidFilter.
2024-09-25 12:49:20.000 +05:30  DBG  The request has model state errors, returning an error response.
2024-09-25 12:49:20.001 +05:30  VRB  Action Filter: After executing OnActionExecuting on filter Microsoft.AspNetCore.Mvc.Infrastructure.ModelStateInvalidFilter.
2024-09-25 12:49:20.002 +05:30  DBG  Request was short circuited at action filter 'Microsoft.AspNetCore.Mvc.Infrastructure.ModelStateInvalidFilter'.
2024-09-25 12:49:20.003 +05:30  VRB  Action Filter: Before executing OnActionExecuted on filter Microsoft.AspNetCore.Mvc.ModelBinding.UnsupportedContentTypeFilter.
2024-09-25 12:49:20.004 +05:30  VRB  Action Filter: After executing OnActionExecuted on filter Microsoft.AspNetCore.Mvc.ModelBinding.UnsupportedContentTypeFilter.
2024-09-25 12:49:20.005 +05:30  VRB  Result Filter: Before executing OnResultExecuting on filter Microsoft.AspNetCore.Mvc.Infrastructure.ClientErrorResultFilter.
2024-09-25 12:49:20.007 +05:30  VRB  Result Filter: After executing OnResultExecuting on filter Microsoft.AspNetCore.Mvc.Infrastructure.ClientErrorResultFilter.
2024-09-25 12:49:20.009 +05:30  VRB  Before executing action result Microsoft.AspNetCore.Mvc.BadRequestObjectResult.
2024-09-25 12:49:20.009 +05:30  DBG  List of registered output formatters, in the following order: ["Microsoft.AspNetCore.Mvc.Formatters.HttpNoContentOutputFormatter","Microsoft.AspNetCore.Mvc.Formatters.StringOutputFormatter","Microsoft.AspNetCore.Mvc.Formatters.StreamOutputFormatter","Microsoft.AspNetCore.Mvc.Formatters.SystemTextJsonOutputFormatter"]
2024-09-25 12:49:20.011 +05:30  DBG  No information found on request to perform content negotiation.
2024-09-25 12:49:20.012 +05:30  DBG  Attempting to select the first output formatter in the output formatters list which supports a content type from the explicitly specified content types '["application/problem+json","application/problem+xml","application/problem+json","application/problem+xml"]'.
2024-09-25 12:49:20.013 +05:30  DBG  Selected output formatter 'Microsoft.AspNetCore.Mvc.Formatters.SystemTextJsonOutputFormatter' and content type 'application/problem+json' to write the response.
2024-09-25 12:49:20.014 +05:30  INF  Executing BadRequestObjectResult, writing value of type 'Microsoft.AspNetCore.Mvc.ValidationProblemDetails'.
2024-09-25 12:49:20.016 +05:30  VRB  After executing action result Microsoft.AspNetCore.Mvc.BadRequestObjectResult.
2024-09-25 12:49:20.016 +05:30  VRB  Connection id "0HN6T30PDSD6G" sending "HEADERS" frame for stream ID 3 with length 45 and flags "END_HEADERS".
2024-09-25 12:49:20.016 +05:30  VRB  Result Filter: Before executing OnResultExecuted on filter Microsoft.AspNetCore.Mvc.Infrastructure.ClientErrorResultFilter.
2024-09-25 12:49:20.017 +05:30  VRB  Result Filter: After executing OnResultExecuted on filter Microsoft.AspNetCore.Mvc.Infrastructure.ClientErrorResultFilter.
2024-09-25 12:49:20.019 +05:30  INF  Executed action Web.Ecommerce.Controllers.Account.AccountController.VerifyOtp (Web.Ecommerce) in 35.6025ms
2024-09-25 12:49:20.020 +05:30  INF  Executed endpoint 'Web.Ecommerce.Controllers.Account.AccountController.VerifyOtp (Web.Ecommerce)'
2024-09-25 12:49:20.021 +05:30  INF  Request finished HTTP/2 POST https://localhost:7113/api/Account/VerifyOtp - 400 null application/problem+json; charset=utf-8 57.1556ms
2024-09-25 12:49:20.022 +05:30  VRB  Connection id "0HN6T30PDSD6G" sending "DATA" frame for stream ID 3 with length 370 and flags "NONE".
2024-09-25 12:49:20.026 +05:30  VRB  Connection id "0HN6T30PDSD6G" sending "DATA" frame for stream ID 3 with length 0 and flags "END_STREAM".
2024-09-25 12:49:20.980 +05:30  DBG  Connection id "0HN6T30PDSD6G" received FIN.
2024-09-25 12:49:20.985 +05:30  DBG  Connection id "0HN6T30PDSD6G" is closed. The last processed stream ID was 3.
2024-09-25 12:49:20.985 +05:30  DBG  The connection queue processing loop for 0HN6T30PDSD6G completed.
2024-09-25 12:49:20.986 +05:30  DBG  Connection id "0HN6T30PDSD6G" sending FIN because: "The Socket transport's send loop completed gracefully."
2024-09-25 12:49:20.994 +05:30  DBG  Connection id "0HN6T30PDSD6G" stopped.
2024-09-25 12:50:10.852 +05:30  DBG  Connection id "0HN6T30PDSD6H" accepted.
2024-09-25 12:50:10.854 +05:30  DBG  Connection id "0HN6T30PDSD6H" started.
2024-09-25 12:50:10.894 +05:30  DBG  Connection 0HN6T30PDSD6H established using the following protocol: "Tls12"
2024-09-25 12:50:10.906 +05:30  VRB  Connection id "0HN6T30PDSD6H" sending "SETTINGS" frame for stream ID 0 with length 24 and flags "NONE".
2024-09-25 12:50:10.909 +05:30  VRB  Connection id "0HN6T30PDSD6H" sending "WINDOW_UPDATE" frame for stream ID 0 with length 4 and flags 0x0.
2024-09-25 12:50:10.914 +05:30  VRB  Connection id "0HN6T30PDSD6H" received "SETTINGS" frame for stream ID 0 with length 24 and flags "NONE".
2024-09-25 12:50:10.915 +05:30  VRB  Connection id "0HN6T30PDSD6H" sending "SETTINGS" frame for stream ID 0 with length 0 and flags "ACK".
2024-09-25 12:50:10.917 +05:30  VRB  Connection id "0HN6T30PDSD6H" received "WINDOW_UPDATE" frame for stream ID 0 with length 4 and flags 0x0.
2024-09-25 12:50:10.919 +05:30  VRB  Connection id "0HN6T30PDSD6H" received "HEADERS" frame for stream ID 1 with length 343 and flags "END_STREAM, END_HEADERS, PRIORITY".
2024-09-25 12:50:10.921 +05:30  VRB  Connection id "0HN6T30PDSD6H" received "SETTINGS" frame for stream ID 0 with length 0 and flags "ACK".
2024-09-25 12:50:10.921 +05:30  INF  Request starting HTTP/2 OPTIONS https://localhost:7113/api/Account/RegisterCustomer - null null
2024-09-25 12:50:10.929 +05:30  VRB  All hosts are allowed.
2024-09-25 12:50:10.930 +05:30  DBG  1 candidate(s) found for the request path '/api/Account/RegisterCustomer'
2024-09-25 12:50:10.931 +05:30  DBG  Request matched endpoint '405 HTTP Method Not Supported'
2024-09-25 12:50:10.932 +05:30  VRB  The endpoint does not specify the IRequestSizeLimitMetadata.
2024-09-25 12:50:10.933 +05:30  DBG  Static files was skipped as the request already matched an endpoint.
2024-09-25 12:50:10.933 +05:30  DBG  The request has an origin header: 'http://localhost:4200'.
2024-09-25 12:50:10.934 +05:30  INF  CORS policy execution successful.
2024-09-25 12:50:10.934 +05:30  DBG  The request is a preflight request.
2024-09-25 12:50:10.935 +05:30  INF  Request finished HTTP/2 OPTIONS https://localhost:7113/api/Account/RegisterCustomer - 204 null null 13.9982ms
2024-09-25 12:50:10.935 +05:30  VRB  Connection id "0HN6T30PDSD6H" sending "HEADERS" frame for stream ID 1 with length 122 and flags "END_STREAM, END_HEADERS".
2024-09-25 12:50:10.940 +05:30  VRB  Connection id "0HN6T30PDSD6H" received "HEADERS" frame for stream ID 3 with length 189 and flags "END_HEADERS, PRIORITY".
2024-09-25 12:50:10.943 +05:30  VRB  Connection id "0HN6T30PDSD6H" received "DATA" frame for stream ID 3 with length 95 and flags "END_STREAM".
2024-09-25 12:50:10.943 +05:30  INF  Request starting HTTP/2 POST https://localhost:7113/api/Account/RegisterCustomer - application/json 95
2024-09-25 12:50:10.948 +05:30  VRB  All hosts are allowed.
2024-09-25 12:50:10.949 +05:30  DBG  1 candidate(s) found for the request path '/api/Account/RegisterCustomer'
2024-09-25 12:50:10.950 +05:30  DBG  Endpoint 'Web.Ecommerce.Controllers.Account.AccountController.RegisterCustomer (Web.Ecommerce)' with route pattern 'api/Account/RegisterCustomer' is valid for the request path '/api/Account/RegisterCustomer'
2024-09-25 12:50:10.951 +05:30  DBG  Request matched endpoint 'Web.Ecommerce.Controllers.Account.AccountController.RegisterCustomer (Web.Ecommerce)'
2024-09-25 12:50:10.952 +05:30  VRB  The endpoint does not specify the IRequestSizeLimitMetadata.
2024-09-25 12:50:10.952 +05:30  DBG  Static files was skipped as the request already matched an endpoint.
2024-09-25 12:50:10.953 +05:30  DBG  The request has an origin header: 'http://localhost:4200'.
2024-09-25 12:50:10.953 +05:30  INF  CORS policy execution successful.
2024-09-25 12:50:10.954 +05:30  DBG  AuthenticationScheme: Bearer was not authenticated.
2024-09-25 12:50:10.955 +05:30  INF  Executing endpoint 'Web.Ecommerce.Controllers.Account.AccountController.RegisterCustomer (Web.Ecommerce)'
2024-09-25 12:50:10.955 +05:30  INF  Route matched with {action = "RegisterCustomer", controller = "Account"}. Executing controller action with signature System.Threading.Tasks.Task`1[Microsoft.AspNetCore.Mvc.IActionResult] RegisterCustomer(Application.Ecom.Authentication.Commands.RegisterCustomer.RegisterCustomerCommand) on controller Web.Ecommerce.Controllers.Account.AccountController (Web.Ecommerce).
2024-09-25 12:50:10.958 +05:30  DBG  Execution plan of authorization filters (in the following order): ["None"]
2024-09-25 12:50:10.959 +05:30  DBG  Execution plan of resource filters (in the following order): ["None"]
2024-09-25 12:50:10.960 +05:30  DBG  Execution plan of action filters (in the following order): ["Microsoft.AspNetCore.Mvc.ModelBinding.UnsupportedContentTypeFilter (Order: -3000)","Microsoft.AspNetCore.Mvc.Infrastructure.ModelStateInvalidFilter (Order: -2000)"]
2024-09-25 12:50:10.962 +05:30  DBG  Execution plan of exception filters (in the following order): ["None"]
2024-09-25 12:50:10.963 +05:30  DBG  Execution plan of result filters (in the following order): ["Microsoft.AspNetCore.Mvc.Infrastructure.ClientErrorResultFilter (Order: -2000)"]
2024-09-25 12:50:10.964 +05:30  DBG  Executing controller factory for controller Web.Ecommerce.Controllers.Account.AccountController (Web.Ecommerce)
2024-09-25 12:50:10.966 +05:30  DBG  Executed controller factory for controller Web.Ecommerce.Controllers.Account.AccountController (Web.Ecommerce)
2024-09-25 12:50:10.967 +05:30  DBG  Attempting to bind parameter 'command' of type 'Application.Ecom.Authentication.Commands.RegisterCustomer.RegisterCustomerCommand' ...
2024-09-25 12:50:10.968 +05:30  DBG  Attempting to bind parameter 'command' of type 'Application.Ecom.Authentication.Commands.RegisterCustomer.RegisterCustomerCommand' using the name '' in request data ...
2024-09-25 12:50:10.969 +05:30  DBG  Selected input formatter 'Microsoft.AspNetCore.Mvc.Formatters.SystemTextJsonInputFormatter' for content type 'application/json'.
2024-09-25 12:50:10.971 +05:30  DBG  Connection id "0HN6T30PDSD6H", Request id "0HN6T30PDSD6H:00000003": started reading request body.
2024-09-25 12:50:10.972 +05:30  DBG  Connection id "0HN6T30PDSD6H", Request id "0HN6T30PDSD6H:00000003": done reading request body.
2024-09-25 12:50:10.973 +05:30  DBG  JSON input formatter succeeded, deserializing to type 'Application.Ecom.Authentication.Commands.RegisterCustomer.RegisterCustomerCommand'
2024-09-25 12:50:10.977 +05:30  DBG  Done attempting to bind parameter 'command' of type 'Application.Ecom.Authentication.Commands.RegisterCustomer.RegisterCustomerCommand'.
2024-09-25 12:50:10.979 +05:30  DBG  Done attempting to bind parameter 'command' of type 'Application.Ecom.Authentication.Commands.RegisterCustomer.RegisterCustomerCommand'.
2024-09-25 12:50:10.980 +05:30  DBG  Attempting to validate the bound parameter 'command' of type 'Application.Ecom.Authentication.Commands.RegisterCustomer.RegisterCustomerCommand' ...
2024-09-25 12:50:10.982 +05:30  DBG  Done attempting to validate the bound parameter 'command' of type 'Application.Ecom.Authentication.Commands.RegisterCustomer.RegisterCustomerCommand'.
2024-09-25 12:50:10.983 +05:30  VRB  Action Filter: Before executing OnActionExecuting on filter Microsoft.AspNetCore.Mvc.ModelBinding.UnsupportedContentTypeFilter.
2024-09-25 12:50:10.984 +05:30  VRB  Action Filter: After executing OnActionExecuting on filter Microsoft.AspNetCore.Mvc.ModelBinding.UnsupportedContentTypeFilter.
2024-09-25 12:50:10.985 +05:30  VRB  Action Filter: Before executing OnActionExecuting on filter Microsoft.AspNetCore.Mvc.Infrastructure.ModelStateInvalidFilter.
2024-09-25 12:50:10.986 +05:30  VRB  Action Filter: After executing OnActionExecuting on filter Microsoft.AspNetCore.Mvc.Infrastructure.ModelStateInvalidFilter.
2024-09-25 12:50:10.988 +05:30  INF  Executing action method Web.Ecommerce.Controllers.Account.AccountController.RegisterCustomer (Web.Ecommerce) - Validation state: "Valid"
2024-09-25 12:50:10.988 +05:30  VRB  Executing action method Web.Ecommerce.Controllers.Account.AccountController.RegisterCustomer (Web.Ecommerce) with arguments (["Application.Ecom.Authentication.Commands.RegisterCustomer.RegisterCustomerCommand"])
2024-09-25 12:50:11.005 +05:30  DBG  Entity Framework Core 8.0.8 initialized 'EcommerceDbContext' using provider 'Microsoft.EntityFrameworkCore.SqlServer:8.0.8' with options: None
2024-09-25 12:50:11.011 +05:30  DBG  Creating DbConnection.
2024-09-25 12:50:11.012 +05:30  DBG  Created DbConnection. (1ms).
2024-09-25 12:50:11.013 +05:30  DBG  Opening connection to database 'Ecommerce' on server 'FGS-DSK-230\MSSQLSERVER2019'.
2024-09-25 12:50:11.028 +05:30  DBG  Opened connection to database 'Ecommerce' on server 'FGS-DSK-230\MSSQLSERVER2019'.
2024-09-25 12:50:11.031 +05:30  DBG  Creating DbCommand for 'ExecuteReader'.
2024-09-25 12:50:11.031 +05:30  DBG  Created DbCommand for 'ExecuteReader' (0ms).
2024-09-25 12:50:11.032 +05:30  DBG  Initialized DbCommand for 'ExecuteReader' (1ms).
2024-09-25 12:50:11.033 +05:30  DBG  Executing DbCommand [Parameters=[@__normalizedName_0='?' (Size = 256)], CommandType='"Text"', CommandTimeout='30']
SELECT TOP(1) [a].[Id], [a].[ConcurrencyStamp], [a].[Name], [a].[NormalizedName]
FROM [AspNetRoles] AS [a]
WHERE [a].[NormalizedName] = @__normalizedName_0
2024-09-25 12:50:11.039 +05:30  INF  Executed DbCommand (6ms) [Parameters=[@__normalizedName_0='?' (Size = 256)], CommandType='"Text"', CommandTimeout='30']
SELECT TOP(1) [a].[Id], [a].[ConcurrencyStamp], [a].[Name], [a].[NormalizedName]
FROM [AspNetRoles] AS [a]
WHERE [a].[NormalizedName] = @__normalizedName_0
2024-09-25 12:50:11.043 +05:30  DBG  Context 'EcommerceDbContext' started tracking 'IdentityRole' entity. Consider using 'DbContextOptionsBuilder.EnableSensitiveDataLogging' to see key values.
2024-09-25 12:50:11.045 +05:30  DBG  Closing data reader to 'Ecommerce' on server 'FGS-DSK-230\MSSQLSERVER2019'.
2024-09-25 12:50:11.047 +05:30  DBG  A data reader for 'Ecommerce' on server 'FGS-DSK-230\MSSQLSERVER2019' is being disposed after spending 6ms reading results.
2024-09-25 12:50:11.048 +05:30  DBG  Closing connection to database 'Ecommerce' on server 'FGS-DSK-230\MSSQLSERVER2019'.
2024-09-25 12:50:11.049 +05:30  DBG  Closed connection to database 'Ecommerce' on server 'FGS-DSK-230\MSSQLSERVER2019' (0ms).
2024-09-25 12:50:11.133 +05:30  DBG  Opening connection to database 'Ecommerce' on server 'FGS-DSK-230\MSSQLSERVER2019'.
2024-09-25 12:50:11.135 +05:30  DBG  Opened connection to database 'Ecommerce' on server 'FGS-DSK-230\MSSQLSERVER2019'.
2024-09-25 12:50:11.136 +05:30  DBG  Creating DbCommand for 'ExecuteReader'.
2024-09-25 12:50:11.137 +05:30  DBG  Created DbCommand for 'ExecuteReader' (0ms).
2024-09-25 12:50:11.138 +05:30  DBG  Initialized DbCommand for 'ExecuteReader' (2ms).
2024-09-25 12:50:11.140 +05:30  DBG  Executing DbCommand [Parameters=[@__normalizedUserName_0='?' (Size = 256)], CommandType='"Text"', CommandTimeout='30']
SELECT TOP(1) [a].[Id], [a].[AccessFailedCount], [a].[ConcurrencyStamp], [a].[CreatedAt], [a].[Email], [a].[EmailConfirmed], [a].[IsDeleted], [a].[IsVerified], [a].[LockoutEnabled], [a].[LockoutEnd], [a].[NormalizedEmail], [a].[NormalizedUserName], [a].[PasswordHash], [a].[PhoneNumber], [a].[PhoneNumberConfirmed], [a].[SecurityStamp], [a].[TwoFactorEnabled], [a].[UpdatedAt], [a].[UserName]
FROM [AspNetUsers] AS [a]
WHERE [a].[NormalizedUserName] = @__normalizedUserName_0
2024-09-25 12:50:11.145 +05:30  INF  Executed DbCommand (6ms) [Parameters=[@__normalizedUserName_0='?' (Size = 256)], CommandType='"Text"', CommandTimeout='30']
SELECT TOP(1) [a].[Id], [a].[AccessFailedCount], [a].[ConcurrencyStamp], [a].[CreatedAt], [a].[Email], [a].[EmailConfirmed], [a].[IsDeleted], [a].[IsVerified], [a].[LockoutEnabled], [a].[LockoutEnd], [a].[NormalizedEmail], [a].[NormalizedUserName], [a].[PasswordHash], [a].[PhoneNumber], [a].[PhoneNumberConfirmed], [a].[SecurityStamp], [a].[TwoFactorEnabled], [a].[UpdatedAt], [a].[UserName]
FROM [AspNetUsers] AS [a]
WHERE [a].[NormalizedUserName] = @__normalizedUserName_0
2024-09-25 12:50:11.149 +05:30  DBG  Closing data reader to 'Ecommerce' on server 'FGS-DSK-230\MSSQLSERVER2019'.
2024-09-25 12:50:11.150 +05:30  DBG  A data reader for 'Ecommerce' on server 'FGS-DSK-230\MSSQLSERVER2019' is being disposed after spending 1ms reading results.
2024-09-25 12:50:11.151 +05:30  DBG  Closing connection to database 'Ecommerce' on server 'FGS-DSK-230\MSSQLSERVER2019'.
2024-09-25 12:50:11.152 +05:30  DBG  Closed connection to database 'Ecommerce' on server 'FGS-DSK-230\MSSQLSERVER2019' (0ms).
2024-09-25 12:50:11.154 +05:30  DBG  Opening connection to database 'Ecommerce' on server 'FGS-DSK-230\MSSQLSERVER2019'.
2024-09-25 12:50:11.155 +05:30  DBG  Opened connection to database 'Ecommerce' on server 'FGS-DSK-230\MSSQLSERVER2019'.
2024-09-25 12:50:11.157 +05:30  DBG  Creating DbCommand for 'ExecuteReader'.
2024-09-25 12:50:11.158 +05:30  DBG  Created DbCommand for 'ExecuteReader' (1ms).
2024-09-25 12:50:11.159 +05:30  DBG  Initialized DbCommand for 'ExecuteReader' (2ms).
2024-09-25 12:50:11.160 +05:30  DBG  Executing DbCommand [Parameters=[@__normalizedEmail_0='?' (Size = 256)], CommandType='"Text"', CommandTimeout='30']
SELECT TOP(2) [a].[Id], [a].[AccessFailedCount], [a].[ConcurrencyStamp], [a].[CreatedAt], [a].[Email], [a].[EmailConfirmed], [a].[IsDeleted], [a].[IsVerified], [a].[LockoutEnabled], [a].[LockoutEnd], [a].[NormalizedEmail], [a].[NormalizedUserName], [a].[PasswordHash], [a].[PhoneNumber], [a].[PhoneNumberConfirmed], [a].[SecurityStamp], [a].[TwoFactorEnabled], [a].[UpdatedAt], [a].[UserName]
FROM [AspNetUsers] AS [a]
WHERE [a].[NormalizedEmail] = @__normalizedEmail_0
2024-09-25 12:50:11.164 +05:30  INF  Executed DbCommand (4ms) [Parameters=[@__normalizedEmail_0='?' (Size = 256)], CommandType='"Text"', CommandTimeout='30']
SELECT TOP(2) [a].[Id], [a].[AccessFailedCount], [a].[ConcurrencyStamp], [a].[CreatedAt], [a].[Email], [a].[EmailConfirmed], [a].[IsDeleted], [a].[IsVerified], [a].[LockoutEnabled], [a].[LockoutEnd], [a].[NormalizedEmail], [a].[NormalizedUserName], [a].[PasswordHash], [a].[PhoneNumber], [a].[PhoneNumberConfirmed], [a].[SecurityStamp], [a].[TwoFactorEnabled], [a].[UpdatedAt], [a].[UserName]
FROM [AspNetUsers] AS [a]
WHERE [a].[NormalizedEmail] = @__normalizedEmail_0
2024-09-25 12:50:11.166 +05:30  DBG  Closing data reader to 'Ecommerce' on server 'FGS-DSK-230\MSSQLSERVER2019'.
2024-09-25 12:50:11.167 +05:30  DBG  A data reader for 'Ecommerce' on server 'FGS-DSK-230\MSSQLSERVER2019' is being disposed after spending 0ms reading results.
2024-09-25 12:50:11.168 +05:30  DBG  Closing connection to database 'Ecommerce' on server 'FGS-DSK-230\MSSQLSERVER2019'.
2024-09-25 12:50:11.169 +05:30  DBG  Closed connection to database 'Ecommerce' on server 'FGS-DSK-230\MSSQLSERVER2019' (0ms).
2024-09-25 12:50:11.179 +05:30  DBG  'EcommerceDbContext' generated a value for the property 'User.Id'. Consider using 'DbContextOptionsBuilder.EnableSensitiveDataLogging' to see key values.
2024-09-25 12:50:11.183 +05:30  DBG  Context 'EcommerceDbContext' started tracking 'User' entity. Consider using 'DbContextOptionsBuilder.EnableSensitiveDataLogging' to see key values.
2024-09-25 12:50:11.185 +05:30  DBG  SaveChanges starting for 'EcommerceDbContext'.
2024-09-25 12:50:11.186 +05:30  DBG  DetectChanges starting for 'EcommerceDbContext'.
2024-09-25 12:50:11.189 +05:30  DBG  DetectChanges completed for 'EcommerceDbContext'.
2024-09-25 12:50:11.198 +05:30  DBG  Opening connection to database 'Ecommerce' on server 'FGS-DSK-230\MSSQLSERVER2019'.
2024-09-25 12:50:11.199 +05:30  DBG  Opened connection to database 'Ecommerce' on server 'FGS-DSK-230\MSSQLSERVER2019'.
2024-09-25 12:50:11.200 +05:30  DBG  Creating DbCommand for 'ExecuteReader'.
2024-09-25 12:50:11.201 +05:30  DBG  Created DbCommand for 'ExecuteReader' (1ms).
2024-09-25 12:50:11.202 +05:30  DBG  Initialized DbCommand for 'ExecuteReader' (2ms).
2024-09-25 12:50:11.204 +05:30  DBG  Executing DbCommand [Parameters=[@p0='?' (DbType = Guid), @p1='?' (DbType = Int32), @p2='?' (Size = 4000), @p3='?' (DbType = DateTime2), @p4='?' (Size = 256), @p5='?' (DbType = Boolean), @p6='?' (DbType = Boolean), @p7='?' (DbType = Boolean), @p8='?' (DbType = Boolean), @p9='?' (DbType = DateTimeOffset), @p10='?' (Size = 256), @p11='?' (Size = 256), @p12='?' (Size = 4000), @p13='?' (Size = 4000), @p14='?' (DbType = Boolean), @p15='?' (Size = 4000), @p16='?' (DbType = Boolean), @p17='?' (DbType = DateTime2), @p18='?' (Size = 256)], CommandType='"Text"', CommandTimeout='30']
SET IMPLICIT_TRANSACTIONS OFF;
SET NOCOUNT ON;
INSERT INTO [AspNetUsers] ([Id], [AccessFailedCount], [ConcurrencyStamp], [CreatedAt], [Email], [EmailConfirmed], [IsDeleted], [IsVerified], [LockoutEnabled], [LockoutEnd], [NormalizedEmail], [NormalizedUserName], [PasswordHash], [PhoneNumber], [PhoneNumberConfirmed], [SecurityStamp], [TwoFactorEnabled], [UpdatedAt], [UserName])
VALUES (@p0, @p1, @p2, @p3, @p4, @p5, @p6, @p7, @p8, @p9, @p10, @p11, @p12, @p13, @p14, @p15, @p16, @p17, @p18);
2024-09-25 12:50:11.217 +05:30  INF  Executed DbCommand (14ms) [Parameters=[@p0='?' (DbType = Guid), @p1='?' (DbType = Int32), @p2='?' (Size = 4000), @p3='?' (DbType = DateTime2), @p4='?' (Size = 256), @p5='?' (DbType = Boolean), @p6='?' (DbType = Boolean), @p7='?' (DbType = Boolean), @p8='?' (DbType = Boolean), @p9='?' (DbType = DateTimeOffset), @p10='?' (Size = 256), @p11='?' (Size = 256), @p12='?' (Size = 4000), @p13='?' (Size = 4000), @p14='?' (DbType = Boolean), @p15='?' (Size = 4000), @p16='?' (DbType = Boolean), @p17='?' (DbType = DateTime2), @p18='?' (Size = 256)], CommandType='"Text"', CommandTimeout='30']
SET IMPLICIT_TRANSACTIONS OFF;
SET NOCOUNT ON;
INSERT INTO [AspNetUsers] ([Id], [AccessFailedCount], [ConcurrencyStamp], [CreatedAt], [Email], [EmailConfirmed], [IsDeleted], [IsVerified], [LockoutEnabled], [LockoutEnd], [NormalizedEmail], [NormalizedUserName], [PasswordHash], [PhoneNumber], [PhoneNumberConfirmed], [SecurityStamp], [TwoFactorEnabled], [UpdatedAt], [UserName])
VALUES (@p0, @p1, @p2, @p3, @p4, @p5, @p6, @p7, @p8, @p9, @p10, @p11, @p12, @p13, @p14, @p15, @p16, @p17, @p18);
2024-09-25 12:50:11.222 +05:30  DBG  Closing data reader to 'Ecommerce' on server 'FGS-DSK-230\MSSQLSERVER2019'.
2024-09-25 12:50:11.223 +05:30  DBG  A data reader for 'Ecommerce' on server 'FGS-DSK-230\MSSQLSERVER2019' is being disposed after spending 2ms reading results.
2024-09-25 12:50:11.225 +05:30  DBG  Closing connection to database 'Ecommerce' on server 'FGS-DSK-230\MSSQLSERVER2019'.
2024-09-25 12:50:11.226 +05:30  DBG  Closed connection to database 'Ecommerce' on server 'FGS-DSK-230\MSSQLSERVER2019' (0ms).
2024-09-25 12:50:11.228 +05:30  DBG  An entity of type 'User' tracked by 'EcommerceDbContext' changed state from '"Added"' to '"Unchanged"'. Consider using 'DbContextOptionsBuilder.EnableSensitiveDataLogging' to see key values.
2024-09-25 12:50:11.230 +05:30  DBG  SaveChanges completed for 'EcommerceDbContext' with 1 entities written to the database.
2024-09-25 12:50:11.232 +05:30  DBG  Opening connection to database 'Ecommerce' on server 'FGS-DSK-230\MSSQLSERVER2019'.
2024-09-25 12:50:11.233 +05:30  DBG  Opened connection to database 'Ecommerce' on server 'FGS-DSK-230\MSSQLSERVER2019'.
2024-09-25 12:50:11.234 +05:30  DBG  Creating DbCommand for 'ExecuteReader'.
2024-09-25 12:50:11.234 +05:30  DBG  Created DbCommand for 'ExecuteReader' (0ms).
2024-09-25 12:50:11.235 +05:30  DBG  Initialized DbCommand for 'ExecuteReader' (1ms).
2024-09-25 12:50:11.236 +05:30  DBG  Executing DbCommand [Parameters=[@__normalizedRoleName_0='?' (Size = 256)], CommandType='"Text"', CommandTimeout='30']
SELECT TOP(2) [a].[Id], [a].[ConcurrencyStamp], [a].[Name], [a].[NormalizedName]
FROM [AspNetRoles] AS [a]
WHERE [a].[NormalizedName] = @__normalizedRoleName_0
2024-09-25 12:50:11.240 +05:30  INF  Executed DbCommand (4ms) [Parameters=[@__normalizedRoleName_0='?' (Size = 256)], CommandType='"Text"', CommandTimeout='30']
SELECT TOP(2) [a].[Id], [a].[ConcurrencyStamp], [a].[Name], [a].[NormalizedName]
FROM [AspNetRoles] AS [a]
WHERE [a].[NormalizedName] = @__normalizedRoleName_0
2024-09-25 12:50:11.242 +05:30  DBG  Closing data reader to 'Ecommerce' on server 'FGS-DSK-230\MSSQLSERVER2019'.
2024-09-25 12:50:11.243 +05:30  DBG  A data reader for 'Ecommerce' on server 'FGS-DSK-230\MSSQLSERVER2019' is being disposed after spending 1ms reading results.
2024-09-25 12:50:11.244 +05:30  DBG  Closing connection to database 'Ecommerce' on server 'FGS-DSK-230\MSSQLSERVER2019'.
2024-09-25 12:50:11.245 +05:30  DBG  Closed connection to database 'Ecommerce' on server 'FGS-DSK-230\MSSQLSERVER2019' (1ms).
2024-09-25 12:50:11.255 +05:30  DBG  Opening connection to database 'Ecommerce' on server 'FGS-DSK-230\MSSQLSERVER2019'.
2024-09-25 12:50:11.256 +05:30  DBG  Opened connection to database 'Ecommerce' on server 'FGS-DSK-230\MSSQLSERVER2019'.
2024-09-25 12:50:11.258 +05:30  DBG  Creating DbCommand for 'ExecuteReader'.
2024-09-25 12:50:11.258 +05:30  DBG  Created DbCommand for 'ExecuteReader' (0ms).
2024-09-25 12:50:11.260 +05:30  DBG  Initialized DbCommand for 'ExecuteReader' (2ms).
2024-09-25 12:50:11.261 +05:30  DBG  Executing DbCommand [Parameters=[@__get_Item_0='?' (DbType = Guid), @__get_Item_1='?' (DbType = Guid)], CommandType='"Text"', CommandTimeout='30']
SELECT TOP(1) [a].[UserId], [a].[RoleId]
FROM [AspNetUserRoles] AS [a]
WHERE [a].[UserId] = @__get_Item_0 AND [a].[RoleId] = @__get_Item_1
2024-09-25 12:50:11.267 +05:30  INF  Executed DbCommand (6ms) [Parameters=[@__get_Item_0='?' (DbType = Guid), @__get_Item_1='?' (DbType = Guid)], CommandType='"Text"', CommandTimeout='30']
SELECT TOP(1) [a].[UserId], [a].[RoleId]
FROM [AspNetUserRoles] AS [a]
WHERE [a].[UserId] = @__get_Item_0 AND [a].[RoleId] = @__get_Item_1
2024-09-25 12:50:11.269 +05:30  DBG  Closing data reader to 'Ecommerce' on server 'FGS-DSK-230\MSSQLSERVER2019'.
2024-09-25 12:50:11.270 +05:30  DBG  A data reader for 'Ecommerce' on server 'FGS-DSK-230\MSSQLSERVER2019' is being disposed after spending 0ms reading results.
2024-09-25 12:50:11.271 +05:30  DBG  Closing connection to database 'Ecommerce' on server 'FGS-DSK-230\MSSQLSERVER2019'.
2024-09-25 12:50:11.272 +05:30  DBG  Closed connection to database 'Ecommerce' on server 'FGS-DSK-230\MSSQLSERVER2019' (0ms).
2024-09-25 12:50:11.274 +05:30  DBG  Opening connection to database 'Ecommerce' on server 'FGS-DSK-230\MSSQLSERVER2019'.
2024-09-25 12:50:11.275 +05:30  DBG  Opened connection to database 'Ecommerce' on server 'FGS-DSK-230\MSSQLSERVER2019'.
2024-09-25 12:50:11.276 +05:30  DBG  Creating DbCommand for 'ExecuteReader'.
2024-09-25 12:50:11.276 +05:30  DBG  Created DbCommand for 'ExecuteReader' (0ms).
2024-09-25 12:50:11.277 +05:30  DBG  Initialized DbCommand for 'ExecuteReader' (1ms).
2024-09-25 12:50:11.278 +05:30  DBG  Executing DbCommand [Parameters=[@__normalizedRoleName_0='?' (Size = 256)], CommandType='"Text"', CommandTimeout='30']
SELECT TOP(2) [a].[Id], [a].[ConcurrencyStamp], [a].[Name], [a].[NormalizedName]
FROM [AspNetRoles] AS [a]
WHERE [a].[NormalizedName] = @__normalizedRoleName_0
2024-09-25 12:50:11.281 +05:30  INF  Executed DbCommand (3ms) [Parameters=[@__normalizedRoleName_0='?' (Size = 256)], CommandType='"Text"', CommandTimeout='30']
SELECT TOP(2) [a].[Id], [a].[ConcurrencyStamp], [a].[Name], [a].[NormalizedName]
FROM [AspNetRoles] AS [a]
WHERE [a].[NormalizedName] = @__normalizedRoleName_0
2024-09-25 12:50:11.283 +05:30  DBG  Closing data reader to 'Ecommerce' on server 'FGS-DSK-230\MSSQLSERVER2019'.
2024-09-25 12:50:11.284 +05:30  DBG  A data reader for 'Ecommerce' on server 'FGS-DSK-230\MSSQLSERVER2019' is being disposed after spending 1ms reading results.
2024-09-25 12:50:11.285 +05:30  DBG  Closing connection to database 'Ecommerce' on server 'FGS-DSK-230\MSSQLSERVER2019'.
2024-09-25 12:50:11.286 +05:30  DBG  Closed connection to database 'Ecommerce' on server 'FGS-DSK-230\MSSQLSERVER2019' (0ms).
2024-09-25 12:50:11.289 +05:30  DBG  Context 'EcommerceDbContext' started tracking 'IdentityUserRole' entity. Consider using 'DbContextOptionsBuilder.EnableSensitiveDataLogging' to see key values.
2024-09-25 12:50:11.291 +05:30  DBG  Opening connection to database 'Ecommerce' on server 'FGS-DSK-230\MSSQLSERVER2019'.
2024-09-25 12:50:11.292 +05:30  DBG  Opened connection to database 'Ecommerce' on server 'FGS-DSK-230\MSSQLSERVER2019'.
2024-09-25 12:50:11.293 +05:30  DBG  Creating DbCommand for 'ExecuteReader'.
2024-09-25 12:50:11.294 +05:30  DBG  Created DbCommand for 'ExecuteReader' (0ms).
2024-09-25 12:50:11.295 +05:30  DBG  Initialized DbCommand for 'ExecuteReader' (1ms).
2024-09-25 12:50:11.296 +05:30  DBG  Executing DbCommand [Parameters=[@__normalizedUserName_0='?' (Size = 256)], CommandType='"Text"', CommandTimeout='30']
SELECT TOP(1) [a].[Id], [a].[AccessFailedCount], [a].[ConcurrencyStamp], [a].[CreatedAt], [a].[Email], [a].[EmailConfirmed], [a].[IsDeleted], [a].[IsVerified], [a].[LockoutEnabled], [a].[LockoutEnd], [a].[NormalizedEmail], [a].[NormalizedUserName], [a].[PasswordHash], [a].[PhoneNumber], [a].[PhoneNumberConfirmed], [a].[SecurityStamp], [a].[TwoFactorEnabled], [a].[UpdatedAt], [a].[UserName]
FROM [AspNetUsers] AS [a]
WHERE [a].[NormalizedUserName] = @__normalizedUserName_0
2024-09-25 12:50:11.300 +05:30  INF  Executed DbCommand (4ms) [Parameters=[@__normalizedUserName_0='?' (Size = 256)], CommandType='"Text"', CommandTimeout='30']
SELECT TOP(1) [a].[Id], [a].[AccessFailedCount], [a].[ConcurrencyStamp], [a].[CreatedAt], [a].[Email], [a].[EmailConfirmed], [a].[IsDeleted], [a].[IsVerified], [a].[LockoutEnabled], [a].[LockoutEnd], [a].[NormalizedEmail], [a].[NormalizedUserName], [a].[PasswordHash], [a].[PhoneNumber], [a].[PhoneNumberConfirmed], [a].[SecurityStamp], [a].[TwoFactorEnabled], [a].[UpdatedAt], [a].[UserName]
FROM [AspNetUsers] AS [a]
WHERE [a].[NormalizedUserName] = @__normalizedUserName_0
2024-09-25 12:50:11.303 +05:30  DBG  Closing data reader to 'Ecommerce' on server 'FGS-DSK-230\MSSQLSERVER2019'.
2024-09-25 12:50:11.304 +05:30  DBG  A data reader for 'Ecommerce' on server 'FGS-DSK-230\MSSQLSERVER2019' is being disposed after spending 1ms reading results.
2024-09-25 12:50:11.305 +05:30  DBG  Closing connection to database 'Ecommerce' on server 'FGS-DSK-230\MSSQLSERVER2019'.
2024-09-25 12:50:11.306 +05:30  DBG  Closed connection to database 'Ecommerce' on server 'FGS-DSK-230\MSSQLSERVER2019' (1ms).
2024-09-25 12:50:11.308 +05:30  DBG  Opening connection to database 'Ecommerce' on server 'FGS-DSK-230\MSSQLSERVER2019'.
2024-09-25 12:50:11.308 +05:30  DBG  Opened connection to database 'Ecommerce' on server 'FGS-DSK-230\MSSQLSERVER2019'.
2024-09-25 12:50:11.309 +05:30  DBG  Creating DbCommand for 'ExecuteReader'.
2024-09-25 12:50:11.310 +05:30  DBG  Created DbCommand for 'ExecuteReader' (0ms).
2024-09-25 12:50:11.311 +05:30  DBG  Initialized DbCommand for 'ExecuteReader' (1ms).
2024-09-25 12:50:11.312 +05:30  DBG  Executing DbCommand [Parameters=[@__normalizedEmail_0='?' (Size = 256)], CommandType='"Text"', CommandTimeout='30']
SELECT TOP(2) [a].[Id], [a].[AccessFailedCount], [a].[ConcurrencyStamp], [a].[CreatedAt], [a].[Email], [a].[EmailConfirmed], [a].[IsDeleted], [a].[IsVerified], [a].[LockoutEnabled], [a].[LockoutEnd], [a].[NormalizedEmail], [a].[NormalizedUserName], [a].[PasswordHash], [a].[PhoneNumber], [a].[PhoneNumberConfirmed], [a].[SecurityStamp], [a].[TwoFactorEnabled], [a].[UpdatedAt], [a].[UserName]
FROM [AspNetUsers] AS [a]
WHERE [a].[NormalizedEmail] = @__normalizedEmail_0
2024-09-25 12:50:11.315 +05:30  INF  Executed DbCommand (4ms) [Parameters=[@__normalizedEmail_0='?' (Size = 256)], CommandType='"Text"', CommandTimeout='30']
SELECT TOP(2) [a].[Id], [a].[AccessFailedCount], [a].[ConcurrencyStamp], [a].[CreatedAt], [a].[Email], [a].[EmailConfirmed], [a].[IsDeleted], [a].[IsVerified], [a].[LockoutEnabled], [a].[LockoutEnd], [a].[NormalizedEmail], [a].[NormalizedUserName], [a].[PasswordHash], [a].[PhoneNumber], [a].[PhoneNumberConfirmed], [a].[SecurityStamp], [a].[TwoFactorEnabled], [a].[UpdatedAt], [a].[UserName]
FROM [AspNetUsers] AS [a]
WHERE [a].[NormalizedEmail] = @__normalizedEmail_0
2024-09-25 12:50:11.318 +05:30  DBG  Closing data reader to 'Ecommerce' on server 'FGS-DSK-230\MSSQLSERVER2019'.
2024-09-25 12:50:11.318 +05:30  DBG  A data reader for 'Ecommerce' on server 'FGS-DSK-230\MSSQLSERVER2019' is being disposed after spending 1ms reading results.
2024-09-25 12:50:11.320 +05:30  DBG  Closing connection to database 'Ecommerce' on server 'FGS-DSK-230\MSSQLSERVER2019'.
2024-09-25 12:50:11.321 +05:30  DBG  Closed connection to database 'Ecommerce' on server 'FGS-DSK-230\MSSQLSERVER2019' (0ms).
2024-09-25 12:50:11.322 +05:30  DBG  An entity of type 'User' tracked by 'EcommerceDbContext' changed state from '"Unchanged"' to '"Modified"'. Consider using 'DbContextOptionsBuilder.EnableSensitiveDataLogging' to see key values.
2024-09-25 12:50:11.324 +05:30  DBG  SaveChanges starting for 'EcommerceDbContext'.
2024-09-25 12:50:11.325 +05:30  DBG  DetectChanges starting for 'EcommerceDbContext'.
2024-09-25 12:50:11.326 +05:30  DBG  DetectChanges completed for 'EcommerceDbContext'.
2024-09-25 12:50:11.330 +05:30  DBG  Executing 2 update commands as a batch.
2024-09-25 12:50:11.331 +05:30  DBG  Opening connection to database 'Ecommerce' on server 'FGS-DSK-230\MSSQLSERVER2019'.
2024-09-25 12:50:11.332 +05:30  DBG  Opened connection to database 'Ecommerce' on server 'FGS-DSK-230\MSSQLSERVER2019'.
2024-09-25 12:50:11.333 +05:30  DBG  Beginning transaction with isolation level 'Unspecified'.
2024-09-25 12:50:11.336 +05:30  DBG  Began transaction with isolation level 'ReadCommitted'.
2024-09-25 12:50:11.336 +05:30  DBG  Creating DbCommand for 'ExecuteReader'.
2024-09-25 12:50:11.337 +05:30  DBG  Created DbCommand for 'ExecuteReader' (0ms).
2024-09-25 12:50:11.338 +05:30  DBG  Initialized DbCommand for 'ExecuteReader' (1ms).
2024-09-25 12:50:11.339 +05:30  DBG  Executing DbCommand [Parameters=[@p0='?' (DbType = Guid), @p1='?' (DbType = Guid), @p20='?' (DbType = Guid), @p2='?' (DbType = Int32), @p3='?' (Size = 4000), @p21='?' (Size = 4000), @p4='?' (DbType = DateTime2), @p5='?' (Size = 256), @p6='?' (DbType = Boolean), @p7='?' (DbType = Boolean), @p8='?' (DbType = Boolean), @p9='?' (DbType = Boolean), @p10='?' (DbType = DateTimeOffset), @p11='?' (Size = 256), @p12='?' (Size = 256), @p13='?' (Size = 4000), @p14='?' (Size = 4000), @p15='?' (DbType = Boolean), @p16='?' (Size = 4000), @p17='?' (DbType = Boolean), @p18='?' (DbType = DateTime2), @p19='?' (Size = 256)], CommandType='"Text"', CommandTimeout='30']
SET NOCOUNT ON;
INSERT INTO [AspNetUserRoles] ([RoleId], [UserId])
VALUES (@p0, @p1);
UPDATE [AspNetUsers] SET [AccessFailedCount] = @p2, [ConcurrencyStamp] = @p3, [CreatedAt] = @p4, [Email] = @p5, [EmailConfirmed] = @p6, [IsDeleted] = @p7, [IsVerified] = @p8, [LockoutEnabled] = @p9, [LockoutEnd] = @p10, [NormalizedEmail] = @p11, [NormalizedUserName] = @p12, [PasswordHash] = @p13, [PhoneNumber] = @p14, [PhoneNumberConfirmed] = @p15, [SecurityStamp] = @p16, [TwoFactorEnabled] = @p17, [UpdatedAt] = @p18, [UserName] = @p19
OUTPUT 1
WHERE [Id] = @p20 AND [ConcurrencyStamp] = @p21;
2024-09-25 12:50:11.353 +05:30  INF  Executed DbCommand (14ms) [Parameters=[@p0='?' (DbType = Guid), @p1='?' (DbType = Guid), @p20='?' (DbType = Guid), @p2='?' (DbType = Int32), @p3='?' (Size = 4000), @p21='?' (Size = 4000), @p4='?' (DbType = DateTime2), @p5='?' (Size = 256), @p6='?' (DbType = Boolean), @p7='?' (DbType = Boolean), @p8='?' (DbType = Boolean), @p9='?' (DbType = Boolean), @p10='?' (DbType = DateTimeOffset), @p11='?' (Size = 256), @p12='?' (Size = 256), @p13='?' (Size = 4000), @p14='?' (Size = 4000), @p15='?' (DbType = Boolean), @p16='?' (Size = 4000), @p17='?' (DbType = Boolean), @p18='?' (DbType = DateTime2), @p19='?' (Size = 256)], CommandType='"Text"', CommandTimeout='30']
SET NOCOUNT ON;
INSERT INTO [AspNetUserRoles] ([RoleId], [UserId])
VALUES (@p0, @p1);
UPDATE [AspNetUsers] SET [AccessFailedCount] = @p2, [ConcurrencyStamp] = @p3, [CreatedAt] = @p4, [Email] = @p5, [EmailConfirmed] = @p6, [IsDeleted] = @p7, [IsVerified] = @p8, [LockoutEnabled] = @p9, [LockoutEnd] = @p10, [NormalizedEmail] = @p11, [NormalizedUserName] = @p12, [PasswordHash] = @p13, [PhoneNumber] = @p14, [PhoneNumberConfirmed] = @p15, [SecurityStamp] = @p16, [TwoFactorEnabled] = @p17, [UpdatedAt] = @p18, [UserName] = @p19
OUTPUT 1
WHERE [Id] = @p20 AND [ConcurrencyStamp] = @p21;
2024-09-25 12:50:11.357 +05:30  DBG  Closing data reader to 'Ecommerce' on server 'FGS-DSK-230\MSSQLSERVER2019'.
2024-09-25 12:50:11.358 +05:30  DBG  A data reader for 'Ecommerce' on server 'FGS-DSK-230\MSSQLSERVER2019' is being disposed after spending 1ms reading results.
2024-09-25 12:50:11.360 +05:30  DBG  Committing transaction.
2024-09-25 12:50:11.361 +05:30  DBG  Committed transaction.
2024-09-25 12:50:11.362 +05:30  DBG  Closing connection to database 'Ecommerce' on server 'FGS-DSK-230\MSSQLSERVER2019'.
2024-09-25 12:50:11.363 +05:30  DBG  Closed connection to database 'Ecommerce' on server 'FGS-DSK-230\MSSQLSERVER2019' (1ms).
2024-09-25 12:50:11.365 +05:30  DBG  Disposing transaction.
2024-09-25 12:50:11.365 +05:30  DBG  An entity of type 'IdentityUserRole' tracked by 'EcommerceDbContext' changed state from '"Added"' to '"Unchanged"'. Consider using 'DbContextOptionsBuilder.EnableSensitiveDataLogging' to see key values.
2024-09-25 12:50:11.367 +05:30  DBG  An entity of type 'User' tracked by 'EcommerceDbContext' changed state from '"Modified"' to '"Unchanged"'. Consider using 'DbContextOptionsBuilder.EnableSensitiveDataLogging' to see key values.
2024-09-25 12:50:11.369 +05:30  DBG  SaveChanges completed for 'EcommerceDbContext' with 2 entities written to the database.
2024-09-25 12:50:11.373 +05:30  DBG  'EcommerceDbContext' generated a value for the property 'Cart.CartId'. Consider using 'DbContextOptionsBuilder.EnableSensitiveDataLogging' to see key values.
2024-09-25 12:50:11.376 +05:30  DBG  The navigation 'Cart.Customer' was detected as changed. Consider using 'DbContextOptionsBuilder.EnableSensitiveDataLogging' to see key values.
2024-09-25 12:50:11.377 +05:30  DBG  The navigation 'User.Cart' was detected as changed. Consider using 'DbContextOptionsBuilder.EnableSensitiveDataLogging' to see key values.
2024-09-25 12:50:11.378 +05:30  DBG  Context 'EcommerceDbContext' started tracking 'Cart' entity. Consider using 'DbContextOptionsBuilder.EnableSensitiveDataLogging' to see key values.
2024-09-25 12:50:11.379 +05:30  DBG  SaveChanges starting for 'EcommerceDbContext'.
2024-09-25 12:50:11.380 +05:30  DBG  DetectChanges starting for 'EcommerceDbContext'.
2024-09-25 12:50:11.382 +05:30  DBG  DetectChanges completed for 'EcommerceDbContext'.
2024-09-25 12:50:11.383 +05:30  DBG  Opening connection to database 'Ecommerce' on server 'FGS-DSK-230\MSSQLSERVER2019'.
2024-09-25 12:50:11.384 +05:30  DBG  Opened connection to database 'Ecommerce' on server 'FGS-DSK-230\MSSQLSERVER2019'.
2024-09-25 12:50:11.385 +05:30  DBG  Creating DbCommand for 'ExecuteReader'.
2024-09-25 12:50:11.386 +05:30  DBG  Created DbCommand for 'ExecuteReader' (1ms).
2024-09-25 12:50:11.386 +05:30  DBG  Initialized DbCommand for 'ExecuteReader' (1ms).
2024-09-25 12:50:11.388 +05:30  DBG  Executing DbCommand [Parameters=[@p0='?' (DbType = Guid), @p1='?' (DbType = DateTime2), @p2='?' (DbType = Guid), @p3='?' (DbType = DateTime2)], CommandType='"Text"', CommandTimeout='30']
SET IMPLICIT_TRANSACTIONS OFF;
SET NOCOUNT ON;
INSERT INTO [Carts] ([CartId], [CreatedAt], [CustomerId], [UpdatedAt])
VALUES (@p0, @p1, @p2, @p3);
2024-09-25 12:50:11.393 +05:30  INF  Executed DbCommand (5ms) [Parameters=[@p0='?' (DbType = Guid), @p1='?' (DbType = DateTime2), @p2='?' (DbType = Guid), @p3='?' (DbType = DateTime2)], CommandType='"Text"', CommandTimeout='30']
SET IMPLICIT_TRANSACTIONS OFF;
SET NOCOUNT ON;
INSERT INTO [Carts] ([CartId], [CreatedAt], [CustomerId], [UpdatedAt])
VALUES (@p0, @p1, @p2, @p3);
2024-09-25 12:50:11.395 +05:30  DBG  Closing data reader to 'Ecommerce' on server 'FGS-DSK-230\MSSQLSERVER2019'.
2024-09-25 12:50:11.396 +05:30  DBG  A data reader for 'Ecommerce' on server 'FGS-DSK-230\MSSQLSERVER2019' is being disposed after spending 0ms reading results.
2024-09-25 12:50:11.398 +05:30  DBG  Closing connection to database 'Ecommerce' on server 'FGS-DSK-230\MSSQLSERVER2019'.
2024-09-25 12:50:11.399 +05:30  DBG  Closed connection to database 'Ecommerce' on server 'FGS-DSK-230\MSSQLSERVER2019' (1ms).
2024-09-25 12:50:11.403 +05:30  DBG  An entity of type 'Cart' tracked by 'EcommerceDbContext' changed state from '"Added"' to '"Unchanged"'. Consider using 'DbContextOptionsBuilder.EnableSensitiveDataLogging' to see key values.
2024-09-25 12:50:11.405 +05:30  DBG  SaveChanges completed for 'EcommerceDbContext' with 1 entities written to the database.
2024-09-25 12:50:11.408 +05:30  DBG  'EcommerceDbContext' generated a value for the property 'Otp.OtpId'. Consider using 'DbContextOptionsBuilder.EnableSensitiveDataLogging' to see key values.
2024-09-25 12:50:11.410 +05:30  DBG  Context 'EcommerceDbContext' started tracking 'Otp' entity. Consider using 'DbContextOptionsBuilder.EnableSensitiveDataLogging' to see key values.
2024-09-25 12:50:11.411 +05:30  DBG  SaveChanges starting for 'EcommerceDbContext'.
2024-09-25 12:50:11.411 +05:30  DBG  DetectChanges starting for 'EcommerceDbContext'.
2024-09-25 12:50:11.412 +05:30  DBG  DetectChanges completed for 'EcommerceDbContext'.
2024-09-25 12:50:11.413 +05:30  DBG  Opening connection to database 'Ecommerce' on server 'FGS-DSK-230\MSSQLSERVER2019'.
2024-09-25 12:50:11.415 +05:30  DBG  Opened connection to database 'Ecommerce' on server 'FGS-DSK-230\MSSQLSERVER2019'.
2024-09-25 12:50:11.416 +05:30  DBG  Creating DbCommand for 'ExecuteReader'.
2024-09-25 12:50:11.416 +05:30  DBG  Created DbCommand for 'ExecuteReader' (0ms).
2024-09-25 12:50:11.417 +05:30  DBG  Initialized DbCommand for 'ExecuteReader' (1ms).
2024-09-25 12:50:11.418 +05:30  DBG  Executing DbCommand [Parameters=[@p0='?' (DbType = Guid), @p1='?' (DbType = DateTime2), @p2='?' (Size = 4000), @p3='?' (Size = 4000)], CommandType='"Text"', CommandTimeout='30']
SET IMPLICIT_TRANSACTIONS OFF;
SET NOCOUNT ON;
INSERT INTO [Otps] ([OtpId], [CreatedAt], [Email], [OtpCode])
VALUES (@p0, @p1, @p2, @p3);
2024-09-25 12:50:11.422 +05:30  INF  Executed DbCommand (4ms) [Parameters=[@p0='?' (DbType = Guid), @p1='?' (DbType = DateTime2), @p2='?' (Size = 4000), @p3='?' (Size = 4000)], CommandType='"Text"', CommandTimeout='30']
SET IMPLICIT_TRANSACTIONS OFF;
SET NOCOUNT ON;
INSERT INTO [Otps] ([OtpId], [CreatedAt], [Email], [OtpCode])
VALUES (@p0, @p1, @p2, @p3);
2024-09-25 12:50:11.424 +05:30  DBG  Closing data reader to 'Ecommerce' on server 'FGS-DSK-230\MSSQLSERVER2019'.
2024-09-25 12:50:11.425 +05:30  DBG  A data reader for 'Ecommerce' on server 'FGS-DSK-230\MSSQLSERVER2019' is being disposed after spending 1ms reading results.
2024-09-25 12:50:11.427 +05:30  DBG  Closing connection to database 'Ecommerce' on server 'FGS-DSK-230\MSSQLSERVER2019'.
2024-09-25 12:50:11.428 +05:30  DBG  Closed connection to database 'Ecommerce' on server 'FGS-DSK-230\MSSQLSERVER2019' (0ms).
2024-09-25 12:50:11.430 +05:30  DBG  An entity of type 'Otp' tracked by 'EcommerceDbContext' changed state from '"Added"' to '"Unchanged"'. Consider using 'DbContextOptionsBuilder.EnableSensitiveDataLogging' to see key values.
2024-09-25 12:50:11.432 +05:30  DBG  SaveChanges completed for 'EcommerceDbContext' with 1 entities written to the database.
2024-09-25 12:50:11.434 +05:30  INF  Generated OTP for arjun@gmail.com: 091835
2024-09-25 12:50:14.872 +05:30  INF  Executed action method Web.Ecommerce.Controllers.Account.AccountController.RegisterCustomer (Web.Ecommerce), returned result Microsoft.AspNetCore.Mvc.OkObjectResult in 3882.3101ms.
2024-09-25 12:50:14.874 +05:30  VRB  Action Filter: Before executing OnActionExecuted on filter Microsoft.AspNetCore.Mvc.Infrastructure.ModelStateInvalidFilter.
2024-09-25 12:50:14.876 +05:30  VRB  Action Filter: After executing OnActionExecuted on filter Microsoft.AspNetCore.Mvc.Infrastructure.ModelStateInvalidFilter.
2024-09-25 12:50:14.877 +05:30  VRB  Action Filter: Before executing OnActionExecuted on filter Microsoft.AspNetCore.Mvc.ModelBinding.UnsupportedContentTypeFilter.
2024-09-25 12:50:14.879 +05:30  VRB  Action Filter: After executing OnActionExecuted on filter Microsoft.AspNetCore.Mvc.ModelBinding.UnsupportedContentTypeFilter.
2024-09-25 12:50:14.880 +05:30  VRB  Result Filter: Before executing OnResultExecuting on filter Microsoft.AspNetCore.Mvc.Infrastructure.ClientErrorResultFilter.
2024-09-25 12:50:14.881 +05:30  VRB  Result Filter: After executing OnResultExecuting on filter Microsoft.AspNetCore.Mvc.Infrastructure.ClientErrorResultFilter.
2024-09-25 12:50:14.882 +05:30  VRB  Before executing action result Microsoft.AspNetCore.Mvc.OkObjectResult.
2024-09-25 12:50:14.883 +05:30  DBG  List of registered output formatters, in the following order: ["Microsoft.AspNetCore.Mvc.Formatters.HttpNoContentOutputFormatter","Microsoft.AspNetCore.Mvc.Formatters.StringOutputFormatter","Microsoft.AspNetCore.Mvc.Formatters.StreamOutputFormatter","Microsoft.AspNetCore.Mvc.Formatters.SystemTextJsonOutputFormatter"]
2024-09-25 12:50:14.885 +05:30  DBG  No information found on request to perform content negotiation.
2024-09-25 12:50:14.886 +05:30  DBG  Attempting to select an output formatter without using a content type as no explicit content types were specified for the response.
2024-09-25 12:50:14.886 +05:30  DBG  Attempting to select the first formatter in the output formatters list which can write the result.
2024-09-25 12:50:14.887 +05:30  DBG  Selected output formatter 'Microsoft.AspNetCore.Mvc.Formatters.SystemTextJsonOutputFormatter' and content type 'application/json' to write the response.
2024-09-25 12:50:14.888 +05:30  INF  Executing OkObjectResult, writing value of type 'Application.Ecom.Authentication.Commands.RegisterCustomer.RegisterCustomerResponse'.
2024-09-25 12:50:14.890 +05:30  VRB  After executing action result Microsoft.AspNetCore.Mvc.OkObjectResult.
2024-09-25 12:50:14.890 +05:30  VRB  Connection id "0HN6T30PDSD6H" sending "HEADERS" frame for stream ID 3 with length 67 and flags "END_HEADERS".
2024-09-25 12:50:14.890 +05:30  VRB  Result Filter: Before executing OnResultExecuted on filter Microsoft.AspNetCore.Mvc.Infrastructure.ClientErrorResultFilter.
2024-09-25 12:50:14.892 +05:30  VRB  Connection id "0HN6T30PDSD6H" sending "DATA" frame for stream ID 3 with length 118 and flags "NONE".
2024-09-25 12:50:14.893 +05:30  VRB  Result Filter: After executing OnResultExecuted on filter Microsoft.AspNetCore.Mvc.Infrastructure.ClientErrorResultFilter.
2024-09-25 12:50:14.896 +05:30  INF  Executed action Web.Ecommerce.Controllers.Account.AccountController.RegisterCustomer (Web.Ecommerce) in 3932.0679ms
2024-09-25 12:50:14.898 +05:30  INF  Executed endpoint 'Web.Ecommerce.Controllers.Account.AccountController.RegisterCustomer (Web.Ecommerce)'
2024-09-25 12:50:14.899 +05:30  VRB  Connection id "0HN6T30PDSD6H" sending "DATA" frame for stream ID 3 with length 0 and flags "END_STREAM".
2024-09-25 12:50:14.899 +05:30  DBG  'EcommerceDbContext' disposed.
2024-09-25 12:50:14.901 +05:30  DBG  Disposing connection to database 'Ecommerce' on server 'FGS-DSK-230\MSSQLSERVER2019'.
2024-09-25 12:50:14.902 +05:30  DBG  Disposed connection to database '' on server '' (1ms).
2024-09-25 12:50:14.904 +05:30  INF  Request finished HTTP/2 POST https://localhost:7113/api/Account/RegisterCustomer - 200 null application/json; charset=utf-8 3960.5573ms
2024-09-25 12:50:21.056 +05:30  DBG  Connection id "0HN6T30PDSD6H" received FIN.
2024-09-25 12:50:21.058 +05:30  DBG  Connection id "0HN6T30PDSD6H" is closed. The last processed stream ID was 3.
2024-09-25 12:50:21.058 +05:30  DBG  The connection queue processing loop for 0HN6T30PDSD6H completed.
2024-09-25 12:50:21.060 +05:30  DBG  Connection id "0HN6T30PDSD6H" sending FIN because: "The Socket transport's send loop completed gracefully."
2024-09-25 12:50:21.071 +05:30  DBG  Connection id "0HN6T30PDSD6H" stopped.
2024-09-25 12:51:05.106 +05:30  DBG  Connection id "0HN6T30PDSD6I" accepted.
2024-09-25 12:51:05.113 +05:30  DBG  Connection id "0HN6T30PDSD6I" started.
2024-09-25 12:51:05.119 +05:30  DBG  Connection 0HN6T30PDSD6I established using the following protocol: "Tls12"
2024-09-25 12:51:05.125 +05:30  VRB  Connection id "0HN6T30PDSD6I" sending "SETTINGS" frame for stream ID 0 with length 24 and flags "NONE".
2024-09-25 12:51:05.127 +05:30  VRB  Connection id "0HN6T30PDSD6I" sending "WINDOW_UPDATE" frame for stream ID 0 with length 4 and flags 0x0.
2024-09-25 12:51:05.129 +05:30  VRB  Connection id "0HN6T30PDSD6I" received "SETTINGS" frame for stream ID 0 with length 24 and flags "NONE".
2024-09-25 12:51:05.130 +05:30  VRB  Connection id "0HN6T30PDSD6I" sending "SETTINGS" frame for stream ID 0 with length 0 and flags "ACK".
2024-09-25 12:51:05.131 +05:30  VRB  Connection id "0HN6T30PDSD6I" received "WINDOW_UPDATE" frame for stream ID 0 with length 4 and flags 0x0.
2024-09-25 12:51:05.133 +05:30  VRB  Connection id "0HN6T30PDSD6I" received "HEADERS" frame for stream ID 1 with length 338 and flags "END_STREAM, END_HEADERS, PRIORITY".
2024-09-25 12:51:05.134 +05:30  VRB  Connection id "0HN6T30PDSD6I" received "SETTINGS" frame for stream ID 0 with length 0 and flags "ACK".
2024-09-25 12:51:05.134 +05:30  INF  Request starting HTTP/2 OPTIONS https://localhost:7113/api/Account/VerifyOtp - null null
2024-09-25 12:51:05.138 +05:30  VRB  All hosts are allowed.
2024-09-25 12:51:05.139 +05:30  DBG  1 candidate(s) found for the request path '/api/Account/VerifyOtp'
2024-09-25 12:51:05.140 +05:30  DBG  Request matched endpoint '405 HTTP Method Not Supported'
2024-09-25 12:51:05.141 +05:30  VRB  The endpoint does not specify the IRequestSizeLimitMetadata.
2024-09-25 12:51:05.141 +05:30  DBG  Static files was skipped as the request already matched an endpoint.
2024-09-25 12:51:05.142 +05:30  DBG  The request has an origin header: 'http://localhost:4200'.
2024-09-25 12:51:05.143 +05:30  INF  CORS policy execution successful.
2024-09-25 12:51:05.143 +05:30  DBG  The request is a preflight request.
2024-09-25 12:51:05.144 +05:30  INF  Request finished HTTP/2 OPTIONS https://localhost:7113/api/Account/VerifyOtp - 204 null null 9.4851ms
2024-09-25 12:51:05.144 +05:30  VRB  Connection id "0HN6T30PDSD6I" sending "HEADERS" frame for stream ID 1 with length 122 and flags "END_STREAM, END_HEADERS".
2024-09-25 12:51:05.149 +05:30  VRB  Connection id "0HN6T30PDSD6I" received "HEADERS" frame for stream ID 3 with length 184 and flags "END_HEADERS, PRIORITY".
2024-09-25 12:51:05.150 +05:30  VRB  Connection id "0HN6T30PDSD6I" received "DATA" frame for stream ID 3 with length 38 and flags "END_STREAM".
2024-09-25 12:51:05.150 +05:30  INF  Request starting HTTP/2 POST https://localhost:7113/api/Account/VerifyOtp - application/json 38
2024-09-25 12:51:05.154 +05:30  VRB  All hosts are allowed.
2024-09-25 12:51:05.154 +05:30  DBG  1 candidate(s) found for the request path '/api/Account/VerifyOtp'
2024-09-25 12:51:05.155 +05:30  DBG  Endpoint 'Web.Ecommerce.Controllers.Account.AccountController.VerifyOtp (Web.Ecommerce)' with route pattern 'api/Account/VerifyOtp' is valid for the request path '/api/Account/VerifyOtp'
2024-09-25 12:51:05.156 +05:30  DBG  Request matched endpoint 'Web.Ecommerce.Controllers.Account.AccountController.VerifyOtp (Web.Ecommerce)'
2024-09-25 12:51:05.158 +05:30  VRB  The endpoint does not specify the IRequestSizeLimitMetadata.
2024-09-25 12:51:05.158 +05:30  DBG  Static files was skipped as the request already matched an endpoint.
2024-09-25 12:51:05.159 +05:30  DBG  The request has an origin header: 'http://localhost:4200'.
2024-09-25 12:51:05.160 +05:30  INF  CORS policy execution successful.
2024-09-25 12:51:05.160 +05:30  DBG  AuthenticationScheme: Bearer was not authenticated.
2024-09-25 12:51:05.161 +05:30  INF  Executing endpoint 'Web.Ecommerce.Controllers.Account.AccountController.VerifyOtp (Web.Ecommerce)'
2024-09-25 12:51:05.162 +05:30  INF  Route matched with {action = "VerifyOtp", controller = "Account"}. Executing controller action with signature System.Threading.Tasks.Task`1[Microsoft.AspNetCore.Mvc.IActionResult] VerifyOtp(Application.Ecom.Authentication.Commands.VerifyOTP.VerifyOtpCommand) on controller Web.Ecommerce.Controllers.Account.AccountController (Web.Ecommerce).
2024-09-25 12:51:05.164 +05:30  DBG  Execution plan of authorization filters (in the following order): ["None"]
2024-09-25 12:51:05.165 +05:30  DBG  Execution plan of resource filters (in the following order): ["None"]
2024-09-25 12:51:05.166 +05:30  DBG  Execution plan of action filters (in the following order): ["Microsoft.AspNetCore.Mvc.ModelBinding.UnsupportedContentTypeFilter (Order: -3000)","Microsoft.AspNetCore.Mvc.Infrastructure.ModelStateInvalidFilter (Order: -2000)"]
2024-09-25 12:51:05.167 +05:30  DBG  Execution plan of exception filters (in the following order): ["None"]
2024-09-25 12:51:05.168 +05:30  DBG  Execution plan of result filters (in the following order): ["Microsoft.AspNetCore.Mvc.Infrastructure.ClientErrorResultFilter (Order: -2000)"]
2024-09-25 12:51:05.169 +05:30  DBG  Executing controller factory for controller Web.Ecommerce.Controllers.Account.AccountController (Web.Ecommerce)
2024-09-25 12:51:05.170 +05:30  DBG  Executed controller factory for controller Web.Ecommerce.Controllers.Account.AccountController (Web.Ecommerce)
2024-09-25 12:51:05.171 +05:30  DBG  Attempting to bind parameter 'command' of type 'Application.Ecom.Authentication.Commands.VerifyOTP.VerifyOtpCommand' ...
2024-09-25 12:51:05.172 +05:30  DBG  Attempting to bind parameter 'command' of type 'Application.Ecom.Authentication.Commands.VerifyOTP.VerifyOtpCommand' using the name '' in request data ...
2024-09-25 12:51:05.174 +05:30  DBG  Selected input formatter 'Microsoft.AspNetCore.Mvc.Formatters.SystemTextJsonInputFormatter' for content type 'application/json'.
2024-09-25 12:51:05.176 +05:30  DBG  Connection id "0HN6T30PDSD6I", Request id "0HN6T30PDSD6I:00000003": started reading request body.
2024-09-25 12:51:05.176 +05:30  DBG  Connection id "0HN6T30PDSD6I", Request id "0HN6T30PDSD6I:00000003": done reading request body.
2024-09-25 12:51:05.178 +05:30  DBG  JSON input formatter threw an exception: The JSON value could not be converted to System.String. Path: $.otp | LineNumber: 0 | BytePositionInLine: 37.
2024-09-25 12:51:05.179 +05:30  DBG  Done attempting to bind parameter 'command' of type 'Application.Ecom.Authentication.Commands.VerifyOTP.VerifyOtpCommand'.
2024-09-25 12:51:05.180 +05:30  DBG  Done attempting to bind parameter 'command' of type 'Application.Ecom.Authentication.Commands.VerifyOTP.VerifyOtpCommand'.
2024-09-25 12:51:05.181 +05:30  DBG  Attempting to validate the bound parameter 'command' of type 'Application.Ecom.Authentication.Commands.VerifyOTP.VerifyOtpCommand' ...
2024-09-25 12:51:05.182 +05:30  DBG  Done attempting to validate the bound parameter 'command' of type 'Application.Ecom.Authentication.Commands.VerifyOTP.VerifyOtpCommand'.
2024-09-25 12:51:05.183 +05:30  VRB  Action Filter: Before executing OnActionExecuting on filter Microsoft.AspNetCore.Mvc.ModelBinding.UnsupportedContentTypeFilter.
2024-09-25 12:51:05.184 +05:30  VRB  Action Filter: After executing OnActionExecuting on filter Microsoft.AspNetCore.Mvc.ModelBinding.UnsupportedContentTypeFilter.
2024-09-25 12:51:05.185 +05:30  VRB  Action Filter: Before executing OnActionExecuting on filter Microsoft.AspNetCore.Mvc.Infrastructure.ModelStateInvalidFilter.
2024-09-25 12:51:05.186 +05:30  DBG  The request has model state errors, returning an error response.
2024-09-25 12:51:05.187 +05:30  VRB  Action Filter: After executing OnActionExecuting on filter Microsoft.AspNetCore.Mvc.Infrastructure.ModelStateInvalidFilter.
2024-09-25 12:51:05.188 +05:30  DBG  Request was short circuited at action filter 'Microsoft.AspNetCore.Mvc.Infrastructure.ModelStateInvalidFilter'.
2024-09-25 12:51:05.189 +05:30  VRB  Action Filter: Before executing OnActionExecuted on filter Microsoft.AspNetCore.Mvc.ModelBinding.UnsupportedContentTypeFilter.
2024-09-25 12:51:05.190 +05:30  VRB  Action Filter: After executing OnActionExecuted on filter Microsoft.AspNetCore.Mvc.ModelBinding.UnsupportedContentTypeFilter.
2024-09-25 12:51:05.192 +05:30  VRB  Result Filter: Before executing OnResultExecuting on filter Microsoft.AspNetCore.Mvc.Infrastructure.ClientErrorResultFilter.
2024-09-25 12:51:05.194 +05:30  VRB  Result Filter: After executing OnResultExecuting on filter Microsoft.AspNetCore.Mvc.Infrastructure.ClientErrorResultFilter.
2024-09-25 12:51:05.196 +05:30  VRB  Before executing action result Microsoft.AspNetCore.Mvc.BadRequestObjectResult.
2024-09-25 12:51:05.196 +05:30  DBG  List of registered output formatters, in the following order: ["Microsoft.AspNetCore.Mvc.Formatters.HttpNoContentOutputFormatter","Microsoft.AspNetCore.Mvc.Formatters.StringOutputFormatter","Microsoft.AspNetCore.Mvc.Formatters.StreamOutputFormatter","Microsoft.AspNetCore.Mvc.Formatters.SystemTextJsonOutputFormatter"]
2024-09-25 12:51:05.198 +05:30  DBG  No information found on request to perform content negotiation.
2024-09-25 12:51:05.198 +05:30  DBG  Attempting to select the first output formatter in the output formatters list which supports a content type from the explicitly specified content types '["application/problem+json","application/problem+xml","application/problem+json","application/problem+xml"]'.
2024-09-25 12:51:05.200 +05:30  DBG  Selected output formatter 'Microsoft.AspNetCore.Mvc.Formatters.SystemTextJsonOutputFormatter' and content type 'application/problem+json' to write the response.
2024-09-25 12:51:05.201 +05:30  INF  Executing BadRequestObjectResult, writing value of type 'Microsoft.AspNetCore.Mvc.ValidationProblemDetails'.
2024-09-25 12:51:05.202 +05:30  VRB  After executing action result Microsoft.AspNetCore.Mvc.BadRequestObjectResult.
2024-09-25 12:51:05.202 +05:30  VRB  Connection id "0HN6T30PDSD6I" sending "HEADERS" frame for stream ID 3 with length 45 and flags "END_HEADERS".
2024-09-25 12:51:05.203 +05:30  VRB  Result Filter: Before executing OnResultExecuted on filter Microsoft.AspNetCore.Mvc.Infrastructure.ClientErrorResultFilter.
2024-09-25 12:51:05.205 +05:30  VRB  Connection id "0HN6T30PDSD6I" sending "DATA" frame for stream ID 3 with length 370 and flags "NONE".
2024-09-25 12:51:05.206 +05:30  VRB  Result Filter: After executing OnResultExecuted on filter Microsoft.AspNetCore.Mvc.Infrastructure.ClientErrorResultFilter.
2024-09-25 12:51:05.214 +05:30  INF  Executed action Web.Ecommerce.Controllers.Account.AccountController.VerifyOtp (Web.Ecommerce) in 44.6605ms
2024-09-25 12:51:05.216 +05:30  INF  Executed endpoint 'Web.Ecommerce.Controllers.Account.AccountController.VerifyOtp (Web.Ecommerce)'
2024-09-25 12:51:05.217 +05:30  INF  Request finished HTTP/2 POST https://localhost:7113/api/Account/VerifyOtp - 400 null application/problem+json; charset=utf-8 66.5916ms
2024-09-25 12:51:05.217 +05:30  VRB  Connection id "0HN6T30PDSD6I" sending "DATA" frame for stream ID 3 with length 0 and flags "END_STREAM".
2024-09-25 12:51:11.116 +05:30  DBG  Connection id "0HN6T30PDSD6I" received FIN.
2024-09-25 12:51:11.117 +05:30  DBG  Connection id "0HN6T30PDSD6I" is closed. The last processed stream ID was 3.
2024-09-25 12:51:11.117 +05:30  DBG  Connection id "0HN6T30PDSD6I" sending FIN because: "The Socket transport's send loop completed gracefully."
2024-09-25 12:51:11.120 +05:30  DBG  The connection queue processing loop for 0HN6T30PDSD6I completed.
2024-09-25 12:51:11.121 +05:30  DBG  Connection id "0HN6T30PDSD6I" stopped.
2024-09-25 12:51:56.975 +05:30  DBG  Connection id "0HN6T30PDSD6J" accepted.
2024-09-25 12:51:56.979 +05:30  DBG  Connection id "0HN6T30PDSD6J" started.
2024-09-25 12:51:56.981 +05:30  DBG  Connection 0HN6T30PDSD6J established using the following protocol: "Tls12"
2024-09-25 12:51:56.985 +05:30  VRB  Connection id "0HN6T30PDSD6J" sending "SETTINGS" frame for stream ID 0 with length 24 and flags "NONE".
2024-09-25 12:51:56.986 +05:30  VRB  Connection id "0HN6T30PDSD6J" sending "WINDOW_UPDATE" frame for stream ID 0 with length 4 and flags 0x0.
2024-09-25 12:51:56.988 +05:30  VRB  Connection id "0HN6T30PDSD6J" received "SETTINGS" frame for stream ID 0 with length 24 and flags "NONE".
2024-09-25 12:51:56.990 +05:30  VRB  Connection id "0HN6T30PDSD6J" sending "SETTINGS" frame for stream ID 0 with length 0 and flags "ACK".
2024-09-25 12:51:56.991 +05:30  VRB  Connection id "0HN6T30PDSD6J" received "WINDOW_UPDATE" frame for stream ID 0 with length 4 and flags 0x0.
2024-09-25 12:51:56.993 +05:30  VRB  Connection id "0HN6T30PDSD6J" received "HEADERS" frame for stream ID 1 with length 338 and flags "END_STREAM, END_HEADERS, PRIORITY".
2024-09-25 12:51:56.999 +05:30  VRB  Connection id "0HN6T30PDSD6J" received "SETTINGS" frame for stream ID 0 with length 0 and flags "ACK".
2024-09-25 12:51:56.999 +05:30  INF  Request starting HTTP/2 OPTIONS https://localhost:7113/api/Account/VerifyOtp - null null
2024-09-25 12:51:57.003 +05:30  VRB  All hosts are allowed.
2024-09-25 12:51:57.004 +05:30  DBG  1 candidate(s) found for the request path '/api/Account/VerifyOtp'
2024-09-25 12:51:57.005 +05:30  DBG  Request matched endpoint '405 HTTP Method Not Supported'
2024-09-25 12:51:57.006 +05:30  VRB  The endpoint does not specify the IRequestSizeLimitMetadata.
2024-09-25 12:51:57.007 +05:30  DBG  Static files was skipped as the request already matched an endpoint.
2024-09-25 12:51:57.007 +05:30  DBG  The request has an origin header: 'http://localhost:4200'.
2024-09-25 12:51:57.008 +05:30  INF  CORS policy execution successful.
2024-09-25 12:51:57.009 +05:30  DBG  The request is a preflight request.
2024-09-25 12:51:57.009 +05:30  INF  Request finished HTTP/2 OPTIONS https://localhost:7113/api/Account/VerifyOtp - 204 null null 10.0017ms
2024-09-25 12:51:57.009 +05:30  VRB  Connection id "0HN6T30PDSD6J" sending "HEADERS" frame for stream ID 1 with length 122 and flags "END_STREAM, END_HEADERS".
2024-09-25 12:51:57.014 +05:30  VRB  Connection id "0HN6T30PDSD6J" received "HEADERS" frame for stream ID 3 with length 184 and flags "END_HEADERS, PRIORITY".
2024-09-25 12:51:57.016 +05:30  VRB  Connection id "0HN6T30PDSD6J" received "DATA" frame for stream ID 3 with length 38 and flags "END_STREAM".
2024-09-25 12:51:57.016 +05:30  INF  Request starting HTTP/2 POST https://localhost:7113/api/Account/VerifyOtp - application/json 38
2024-09-25 12:51:57.020 +05:30  VRB  All hosts are allowed.
2024-09-25 12:51:57.020 +05:30  DBG  1 candidate(s) found for the request path '/api/Account/VerifyOtp'
2024-09-25 12:51:57.021 +05:30  DBG  Endpoint 'Web.Ecommerce.Controllers.Account.AccountController.VerifyOtp (Web.Ecommerce)' with route pattern 'api/Account/VerifyOtp' is valid for the request path '/api/Account/VerifyOtp'
2024-09-25 12:51:57.022 +05:30  DBG  Request matched endpoint 'Web.Ecommerce.Controllers.Account.AccountController.VerifyOtp (Web.Ecommerce)'
2024-09-25 12:51:57.023 +05:30  VRB  The endpoint does not specify the IRequestSizeLimitMetadata.
2024-09-25 12:51:57.024 +05:30  DBG  Static files was skipped as the request already matched an endpoint.
2024-09-25 12:51:57.024 +05:30  DBG  The request has an origin header: 'http://localhost:4200'.
2024-09-25 12:51:57.025 +05:30  INF  CORS policy execution successful.
2024-09-25 12:51:57.026 +05:30  DBG  AuthenticationScheme: Bearer was not authenticated.
2024-09-25 12:51:57.027 +05:30  INF  Executing endpoint 'Web.Ecommerce.Controllers.Account.AccountController.VerifyOtp (Web.Ecommerce)'
2024-09-25 12:51:57.028 +05:30  INF  Route matched with {action = "VerifyOtp", controller = "Account"}. Executing controller action with signature System.Threading.Tasks.Task`1[Microsoft.AspNetCore.Mvc.IActionResult] VerifyOtp(Application.Ecom.Authentication.Commands.VerifyOTP.VerifyOtpCommand) on controller Web.Ecommerce.Controllers.Account.AccountController (Web.Ecommerce).
2024-09-25 12:51:57.030 +05:30  DBG  Execution plan of authorization filters (in the following order): ["None"]
2024-09-25 12:51:57.031 +05:30  DBG  Execution plan of resource filters (in the following order): ["None"]
2024-09-25 12:51:57.032 +05:30  DBG  Execution plan of action filters (in the following order): ["Microsoft.AspNetCore.Mvc.ModelBinding.UnsupportedContentTypeFilter (Order: -3000)","Microsoft.AspNetCore.Mvc.Infrastructure.ModelStateInvalidFilter (Order: -2000)"]
2024-09-25 12:51:57.033 +05:30  DBG  Execution plan of exception filters (in the following order): ["None"]
2024-09-25 12:51:57.034 +05:30  DBG  Execution plan of result filters (in the following order): ["Microsoft.AspNetCore.Mvc.Infrastructure.ClientErrorResultFilter (Order: -2000)"]
2024-09-25 12:51:57.035 +05:30  DBG  Executing controller factory for controller Web.Ecommerce.Controllers.Account.AccountController (Web.Ecommerce)
2024-09-25 12:51:57.036 +05:30  DBG  Executed controller factory for controller Web.Ecommerce.Controllers.Account.AccountController (Web.Ecommerce)
2024-09-25 12:51:57.037 +05:30  DBG  Attempting to bind parameter 'command' of type 'Application.Ecom.Authentication.Commands.VerifyOTP.VerifyOtpCommand' ...
2024-09-25 12:51:57.038 +05:30  DBG  Attempting to bind parameter 'command' of type 'Application.Ecom.Authentication.Commands.VerifyOTP.VerifyOtpCommand' using the name '' in request data ...
2024-09-25 12:51:57.040 +05:30  DBG  Selected input formatter 'Microsoft.AspNetCore.Mvc.Formatters.SystemTextJsonInputFormatter' for content type 'application/json'.
2024-09-25 12:51:57.041 +05:30  DBG  Connection id "0HN6T30PDSD6J", Request id "0HN6T30PDSD6J:00000003": started reading request body.
2024-09-25 12:51:57.042 +05:30  DBG  Connection id "0HN6T30PDSD6J", Request id "0HN6T30PDSD6J:00000003": done reading request body.
2024-09-25 12:51:57.044 +05:30  DBG  JSON input formatter threw an exception: The JSON value could not be converted to System.String. Path: $.otp | LineNumber: 0 | BytePositionInLine: 37.
2024-09-25 12:51:57.045 +05:30  DBG  Done attempting to bind parameter 'command' of type 'Application.Ecom.Authentication.Commands.VerifyOTP.VerifyOtpCommand'.
2024-09-25 12:51:57.046 +05:30  DBG  Done attempting to bind parameter 'command' of type 'Application.Ecom.Authentication.Commands.VerifyOTP.VerifyOtpCommand'.
2024-09-25 12:51:57.047 +05:30  DBG  Attempting to validate the bound parameter 'command' of type 'Application.Ecom.Authentication.Commands.VerifyOTP.VerifyOtpCommand' ...
2024-09-25 12:51:57.048 +05:30  DBG  Done attempting to validate the bound parameter 'command' of type 'Application.Ecom.Authentication.Commands.VerifyOTP.VerifyOtpCommand'.
2024-09-25 12:51:57.049 +05:30  VRB  Action Filter: Before executing OnActionExecuting on filter Microsoft.AspNetCore.Mvc.ModelBinding.UnsupportedContentTypeFilter.
2024-09-25 12:51:57.051 +05:30  VRB  Action Filter: After executing OnActionExecuting on filter Microsoft.AspNetCore.Mvc.ModelBinding.UnsupportedContentTypeFilter.
2024-09-25 12:51:57.052 +05:30  VRB  Action Filter: Before executing OnActionExecuting on filter Microsoft.AspNetCore.Mvc.Infrastructure.ModelStateInvalidFilter.
2024-09-25 12:51:57.053 +05:30  DBG  The request has model state errors, returning an error response.
2024-09-25 12:51:57.053 +05:30  VRB  Action Filter: After executing OnActionExecuting on filter Microsoft.AspNetCore.Mvc.Infrastructure.ModelStateInvalidFilter.
2024-09-25 12:51:57.055 +05:30  DBG  Request was short circuited at action filter 'Microsoft.AspNetCore.Mvc.Infrastructure.ModelStateInvalidFilter'.
2024-09-25 12:51:57.055 +05:30  VRB  Action Filter: Before executing OnActionExecuted on filter Microsoft.AspNetCore.Mvc.ModelBinding.UnsupportedContentTypeFilter.
2024-09-25 12:51:57.057 +05:30  VRB  Action Filter: After executing OnActionExecuted on filter Microsoft.AspNetCore.Mvc.ModelBinding.UnsupportedContentTypeFilter.
2024-09-25 12:51:57.058 +05:30  VRB  Result Filter: Before executing OnResultExecuting on filter Microsoft.AspNetCore.Mvc.Infrastructure.ClientErrorResultFilter.
2024-09-25 12:51:57.060 +05:30  VRB  Result Filter: After executing OnResultExecuting on filter Microsoft.AspNetCore.Mvc.Infrastructure.ClientErrorResultFilter.
2024-09-25 12:51:57.061 +05:30  VRB  Before executing action result Microsoft.AspNetCore.Mvc.BadRequestObjectResult.
2024-09-25 12:51:57.062 +05:30  DBG  List of registered output formatters, in the following order: ["Microsoft.AspNetCore.Mvc.Formatters.HttpNoContentOutputFormatter","Microsoft.AspNetCore.Mvc.Formatters.StringOutputFormatter","Microsoft.AspNetCore.Mvc.Formatters.StreamOutputFormatter","Microsoft.AspNetCore.Mvc.Formatters.SystemTextJsonOutputFormatter"]
2024-09-25 12:51:57.063 +05:30  DBG  No information found on request to perform content negotiation.
2024-09-25 12:51:57.064 +05:30  DBG  Attempting to select the first output formatter in the output formatters list which supports a content type from the explicitly specified content types '["application/problem+json","application/problem+xml","application/problem+json","application/problem+xml"]'.
2024-09-25 12:51:57.066 +05:30  DBG  Selected output formatter 'Microsoft.AspNetCore.Mvc.Formatters.SystemTextJsonOutputFormatter' and content type 'application/problem+json' to write the response.
2024-09-25 12:51:57.067 +05:30  INF  Executing BadRequestObjectResult, writing value of type 'Microsoft.AspNetCore.Mvc.ValidationProblemDetails'.
2024-09-25 12:51:57.068 +05:30  VRB  After executing action result Microsoft.AspNetCore.Mvc.BadRequestObjectResult.
2024-09-25 12:51:57.068 +05:30  VRB  Connection id "0HN6T30PDSD6J" sending "HEADERS" frame for stream ID 3 with length 45 and flags "END_HEADERS".
2024-09-25 12:51:57.068 +05:30  VRB  Result Filter: Before executing OnResultExecuted on filter Microsoft.AspNetCore.Mvc.Infrastructure.ClientErrorResultFilter.
2024-09-25 12:51:57.070 +05:30  VRB  Result Filter: After executing OnResultExecuted on filter Microsoft.AspNetCore.Mvc.Infrastructure.ClientErrorResultFilter.
2024-09-25 12:51:57.071 +05:30  INF  Executed action Web.Ecommerce.Controllers.Account.AccountController.VerifyOtp (Web.Ecommerce) in 35.6121ms
2024-09-25 12:51:57.072 +05:30  INF  Executed endpoint 'Web.Ecommerce.Controllers.Account.AccountController.VerifyOtp (Web.Ecommerce)'
2024-09-25 12:51:57.073 +05:30  INF  Request finished HTTP/2 POST https://localhost:7113/api/Account/VerifyOtp - 400 null application/problem+json; charset=utf-8 56.9168ms
2024-09-25 12:51:57.075 +05:30  VRB  Connection id "0HN6T30PDSD6J" sending "DATA" frame for stream ID 3 with length 370 and flags "NONE".
2024-09-25 12:51:57.079 +05:30  VRB  Connection id "0HN6T30PDSD6J" sending "DATA" frame for stream ID 3 with length 0 and flags "END_STREAM".
2024-09-25 12:52:01.177 +05:30  DBG  Connection id "0HN6T30PDSD6J" received FIN.
2024-09-25 12:52:01.183 +05:30  DBG  Connection id "0HN6T30PDSD6J" is closed. The last processed stream ID was 3.
2024-09-25 12:52:01.183 +05:30  DBG  The connection queue processing loop for 0HN6T30PDSD6J completed.
2024-09-25 12:52:01.190 +05:30  DBG  Connection id "0HN6T30PDSD6J" sending FIN because: "The Socket transport's send loop completed gracefully."
2024-09-25 12:52:01.208 +05:30  DBG  Connection id "0HN6T30PDSD6J" stopped.
2024-09-25 12:56:51.911 +05:30  DBG  Connection id "0HN6T30PDSD6K" accepted.
2024-09-25 12:56:51.913 +05:30  DBG  Connection id "0HN6T30PDSD6K" started.
2024-09-25 12:56:51.916 +05:30  DBG  Connection 0HN6T30PDSD6K established using the following protocol: "Tls12"
2024-09-25 12:56:51.918 +05:30  VRB  Connection id "0HN6T30PDSD6K" sending "SETTINGS" frame for stream ID 0 with length 24 and flags "NONE".
2024-09-25 12:56:51.920 +05:30  VRB  Connection id "0HN6T30PDSD6K" sending "WINDOW_UPDATE" frame for stream ID 0 with length 4 and flags 0x0.
2024-09-25 12:56:51.925 +05:30  VRB  Connection id "0HN6T30PDSD6K" received "SETTINGS" frame for stream ID 0 with length 24 and flags "NONE".
2024-09-25 12:56:51.927 +05:30  VRB  Connection id "0HN6T30PDSD6K" sending "SETTINGS" frame for stream ID 0 with length 0 and flags "ACK".
2024-09-25 12:56:51.929 +05:30  VRB  Connection id "0HN6T30PDSD6K" received "WINDOW_UPDATE" frame for stream ID 0 with length 4 and flags 0x0.
2024-09-25 12:56:51.930 +05:30  VRB  Connection id "0HN6T30PDSD6K" received "HEADERS" frame for stream ID 1 with length 338 and flags "END_STREAM, END_HEADERS, PRIORITY".
2024-09-25 12:56:51.932 +05:30  VRB  Connection id "0HN6T30PDSD6K" received "SETTINGS" frame for stream ID 0 with length 0 and flags "ACK".
2024-09-25 12:56:51.932 +05:30  INF  Request starting HTTP/2 OPTIONS https://localhost:7113/api/Account/VerifyOtp - null null
2024-09-25 12:56:51.936 +05:30  VRB  All hosts are allowed.
2024-09-25 12:56:51.936 +05:30  DBG  1 candidate(s) found for the request path '/api/Account/VerifyOtp'
2024-09-25 12:56:51.937 +05:30  DBG  Request matched endpoint '405 HTTP Method Not Supported'
2024-09-25 12:56:51.938 +05:30  VRB  The endpoint does not specify the IRequestSizeLimitMetadata.
2024-09-25 12:56:51.938 +05:30  DBG  Static files was skipped as the request already matched an endpoint.
2024-09-25 12:56:51.939 +05:30  DBG  The request has an origin header: 'http://localhost:4200'.
2024-09-25 12:56:51.939 +05:30  INF  CORS policy execution successful.
2024-09-25 12:56:51.940 +05:30  DBG  The request is a preflight request.
2024-09-25 12:56:51.941 +05:30  INF  Request finished HTTP/2 OPTIONS https://localhost:7113/api/Account/VerifyOtp - 204 null null 8.7919ms
2024-09-25 12:56:51.941 +05:30  VRB  Connection id "0HN6T30PDSD6K" sending "HEADERS" frame for stream ID 1 with length 122 and flags "END_STREAM, END_HEADERS".
2024-09-25 12:56:51.947 +05:30  VRB  Connection id "0HN6T30PDSD6K" received "HEADERS" frame for stream ID 3 with length 184 and flags "END_HEADERS, PRIORITY".
2024-09-25 12:56:51.949 +05:30  VRB  Connection id "0HN6T30PDSD6K" received "DATA" frame for stream ID 3 with length 42 and flags "END_STREAM".
2024-09-25 12:56:51.949 +05:30  INF  Request starting HTTP/2 POST https://localhost:7113/api/Account/VerifyOtp - application/json 42
2024-09-25 12:56:51.953 +05:30  VRB  All hosts are allowed.
2024-09-25 12:56:51.953 +05:30  DBG  1 candidate(s) found for the request path '/api/Account/VerifyOtp'
2024-09-25 12:56:51.954 +05:30  DBG  Endpoint 'Web.Ecommerce.Controllers.Account.AccountController.VerifyOtp (Web.Ecommerce)' with route pattern 'api/Account/VerifyOtp' is valid for the request path '/api/Account/VerifyOtp'
2024-09-25 12:56:51.955 +05:30  DBG  Request matched endpoint 'Web.Ecommerce.Controllers.Account.AccountController.VerifyOtp (Web.Ecommerce)'
2024-09-25 12:56:51.956 +05:30  VRB  The endpoint does not specify the IRequestSizeLimitMetadata.
2024-09-25 12:56:51.957 +05:30  DBG  Static files was skipped as the request already matched an endpoint.
2024-09-25 12:56:51.957 +05:30  DBG  The request has an origin header: 'http://localhost:4200'.
2024-09-25 12:56:51.958 +05:30  INF  CORS policy execution successful.
2024-09-25 12:56:51.959 +05:30  DBG  AuthenticationScheme: Bearer was not authenticated.
2024-09-25 12:56:51.960 +05:30  INF  Executing endpoint 'Web.Ecommerce.Controllers.Account.AccountController.VerifyOtp (Web.Ecommerce)'
2024-09-25 12:56:51.961 +05:30  INF  Route matched with {action = "VerifyOtp", controller = "Account"}. Executing controller action with signature System.Threading.Tasks.Task`1[Microsoft.AspNetCore.Mvc.IActionResult] VerifyOtp(Application.Ecom.Authentication.Commands.VerifyOTP.VerifyOtpCommand) on controller Web.Ecommerce.Controllers.Account.AccountController (Web.Ecommerce).
2024-09-25 12:56:51.963 +05:30  DBG  Execution plan of authorization filters (in the following order): ["None"]
2024-09-25 12:56:51.964 +05:30  DBG  Execution plan of resource filters (in the following order): ["None"]
2024-09-25 12:56:51.965 +05:30  DBG  Execution plan of action filters (in the following order): ["Microsoft.AspNetCore.Mvc.ModelBinding.UnsupportedContentTypeFilter (Order: -3000)","Microsoft.AspNetCore.Mvc.Infrastructure.ModelStateInvalidFilter (Order: -2000)"]
2024-09-25 12:56:51.966 +05:30  DBG  Execution plan of exception filters (in the following order): ["None"]
2024-09-25 12:56:51.967 +05:30  DBG  Execution plan of result filters (in the following order): ["Microsoft.AspNetCore.Mvc.Infrastructure.ClientErrorResultFilter (Order: -2000)"]
2024-09-25 12:56:51.968 +05:30  DBG  Executing controller factory for controller Web.Ecommerce.Controllers.Account.AccountController (Web.Ecommerce)
2024-09-25 12:56:51.969 +05:30  DBG  Executed controller factory for controller Web.Ecommerce.Controllers.Account.AccountController (Web.Ecommerce)
2024-09-25 12:56:51.971 +05:30  DBG  Attempting to bind parameter 'command' of type 'Application.Ecom.Authentication.Commands.VerifyOTP.VerifyOtpCommand' ...
2024-09-25 12:56:51.972 +05:30  DBG  Attempting to bind parameter 'command' of type 'Application.Ecom.Authentication.Commands.VerifyOTP.VerifyOtpCommand' using the name '' in request data ...
2024-09-25 12:56:51.973 +05:30  DBG  Selected input formatter 'Microsoft.AspNetCore.Mvc.Formatters.SystemTextJsonInputFormatter' for content type 'application/json'.
2024-09-25 12:56:51.974 +05:30  DBG  Connection id "0HN6T30PDSD6K", Request id "0HN6T30PDSD6K:00000003": started reading request body.
2024-09-25 12:56:51.975 +05:30  DBG  Connection id "0HN6T30PDSD6K", Request id "0HN6T30PDSD6K:00000003": done reading request body.
2024-09-25 12:56:51.978 +05:30  DBG  JSON input formatter threw an exception: The JSON value could not be converted to System.String. Path: $.otp | LineNumber: 0 | BytePositionInLine: 41.
2024-09-25 12:56:51.980 +05:30  DBG  Done attempting to bind parameter 'command' of type 'Application.Ecom.Authentication.Commands.VerifyOTP.VerifyOtpCommand'.
2024-09-25 12:56:51.981 +05:30  DBG  Done attempting to bind parameter 'command' of type 'Application.Ecom.Authentication.Commands.VerifyOTP.VerifyOtpCommand'.
2024-09-25 12:56:51.982 +05:30  DBG  Attempting to validate the bound parameter 'command' of type 'Application.Ecom.Authentication.Commands.VerifyOTP.VerifyOtpCommand' ...
2024-09-25 12:56:51.983 +05:30  DBG  Done attempting to validate the bound parameter 'command' of type 'Application.Ecom.Authentication.Commands.VerifyOTP.VerifyOtpCommand'.
2024-09-25 12:56:51.984 +05:30  VRB  Action Filter: Before executing OnActionExecuting on filter Microsoft.AspNetCore.Mvc.ModelBinding.UnsupportedContentTypeFilter.
2024-09-25 12:56:51.985 +05:30  VRB  Action Filter: After executing OnActionExecuting on filter Microsoft.AspNetCore.Mvc.ModelBinding.UnsupportedContentTypeFilter.
2024-09-25 12:56:51.986 +05:30  VRB  Action Filter: Before executing OnActionExecuting on filter Microsoft.AspNetCore.Mvc.Infrastructure.ModelStateInvalidFilter.
2024-09-25 12:56:51.988 +05:30  DBG  The request has model state errors, returning an error response.
2024-09-25 12:56:51.988 +05:30  VRB  Action Filter: After executing OnActionExecuting on filter Microsoft.AspNetCore.Mvc.Infrastructure.ModelStateInvalidFilter.
2024-09-25 12:56:51.989 +05:30  DBG  Request was short circuited at action filter 'Microsoft.AspNetCore.Mvc.Infrastructure.ModelStateInvalidFilter'.
2024-09-25 12:56:51.990 +05:30  VRB  Action Filter: Before executing OnActionExecuted on filter Microsoft.AspNetCore.Mvc.ModelBinding.UnsupportedContentTypeFilter.
2024-09-25 12:56:51.991 +05:30  VRB  Action Filter: After executing OnActionExecuted on filter Microsoft.AspNetCore.Mvc.ModelBinding.UnsupportedContentTypeFilter.
2024-09-25 12:56:51.993 +05:30  VRB  Result Filter: Before executing OnResultExecuting on filter Microsoft.AspNetCore.Mvc.Infrastructure.ClientErrorResultFilter.
2024-09-25 12:56:51.995 +05:30  VRB  Result Filter: After executing OnResultExecuting on filter Microsoft.AspNetCore.Mvc.Infrastructure.ClientErrorResultFilter.
2024-09-25 12:56:51.996 +05:30  VRB  Before executing action result Microsoft.AspNetCore.Mvc.BadRequestObjectResult.
2024-09-25 12:56:51.997 +05:30  DBG  List of registered output formatters, in the following order: ["Microsoft.AspNetCore.Mvc.Formatters.HttpNoContentOutputFormatter","Microsoft.AspNetCore.Mvc.Formatters.StringOutputFormatter","Microsoft.AspNetCore.Mvc.Formatters.StreamOutputFormatter","Microsoft.AspNetCore.Mvc.Formatters.SystemTextJsonOutputFormatter"]
2024-09-25 12:56:51.999 +05:30  DBG  No information found on request to perform content negotiation.
2024-09-25 12:56:51.999 +05:30  DBG  Attempting to select the first output formatter in the output formatters list which supports a content type from the explicitly specified content types '["application/problem+json","application/problem+xml","application/problem+json","application/problem+xml"]'.
2024-09-25 12:56:52.001 +05:30  DBG  Selected output formatter 'Microsoft.AspNetCore.Mvc.Formatters.SystemTextJsonOutputFormatter' and content type 'application/problem+json' to write the response.
2024-09-25 12:56:52.002 +05:30  INF  Executing BadRequestObjectResult, writing value of type 'Microsoft.AspNetCore.Mvc.ValidationProblemDetails'.
2024-09-25 12:56:52.003 +05:30  VRB  After executing action result Microsoft.AspNetCore.Mvc.BadRequestObjectResult.
2024-09-25 12:56:52.003 +05:30  VRB  Connection id "0HN6T30PDSD6K" sending "HEADERS" frame for stream ID 3 with length 45 and flags "END_HEADERS".
2024-09-25 12:56:52.004 +05:30  VRB  Result Filter: Before executing OnResultExecuted on filter Microsoft.AspNetCore.Mvc.Infrastructure.ClientErrorResultFilter.
2024-09-25 12:56:52.005 +05:30  VRB  Result Filter: After executing OnResultExecuted on filter Microsoft.AspNetCore.Mvc.Infrastructure.ClientErrorResultFilter.
2024-09-25 12:56:52.006 +05:30  INF  Executed action Web.Ecommerce.Controllers.Account.AccountController.VerifyOtp (Web.Ecommerce) in 37.7223ms
2024-09-25 12:56:52.007 +05:30  INF  Executed endpoint 'Web.Ecommerce.Controllers.Account.AccountController.VerifyOtp (Web.Ecommerce)'
2024-09-25 12:56:52.008 +05:30  INF  Request finished HTTP/2 POST https://localhost:7113/api/Account/VerifyOtp - 400 null application/problem+json; charset=utf-8 58.9633ms
2024-09-25 12:56:52.011 +05:30  VRB  Connection id "0HN6T30PDSD6K" sending "DATA" frame for stream ID 3 with length 370 and flags "NONE".
2024-09-25 12:56:52.014 +05:30  VRB  Connection id "0HN6T30PDSD6K" sending "DATA" frame for stream ID 3 with length 0 and flags "END_STREAM".
2024-09-25 12:57:01.523 +05:30  DBG  Connection id "0HN6T30PDSD6K" received FIN.
2024-09-25 12:57:01.525 +05:30  DBG  Connection id "0HN6T30PDSD6K" is closed. The last processed stream ID was 3.
2024-09-25 12:57:01.534 +05:30  DBG  The connection queue processing loop for 0HN6T30PDSD6K completed.
2024-09-25 12:57:01.538 +05:30  DBG  Connection id "0HN6T30PDSD6K" sending FIN because: "The Socket transport's send loop completed gracefully."
2024-09-25 12:57:01.541 +05:30  DBG  Connection id "0HN6T30PDSD6K" stopped.
2024-09-25 12:57:04.169 +05:30  DBG  Connection id "0HN6T30PDSD6L" accepted.
2024-09-25 12:57:04.171 +05:30  DBG  Connection id "0HN6T30PDSD6L" started.
2024-09-25 12:57:04.173 +05:30  DBG  Connection 0HN6T30PDSD6L established using the following protocol: "Tls12"
2024-09-25 12:57:04.174 +05:30  VRB  Connection id "0HN6T30PDSD6L" sending "SETTINGS" frame for stream ID 0 with length 24 and flags "NONE".
2024-09-25 12:57:04.176 +05:30  VRB  Connection id "0HN6T30PDSD6L" sending "WINDOW_UPDATE" frame for stream ID 0 with length 4 and flags 0x0.
2024-09-25 12:57:04.177 +05:30  VRB  Connection id "0HN6T30PDSD6L" received "SETTINGS" frame for stream ID 0 with length 24 and flags "NONE".
2024-09-25 12:57:04.179 +05:30  VRB  Connection id "0HN6T30PDSD6L" sending "SETTINGS" frame for stream ID 0 with length 0 and flags "ACK".
2024-09-25 12:57:04.180 +05:30  VRB  Connection id "0HN6T30PDSD6L" received "WINDOW_UPDATE" frame for stream ID 0 with length 4 and flags 0x0.
2024-09-25 12:57:04.182 +05:30  VRB  Connection id "0HN6T30PDSD6L" received "HEADERS" frame for stream ID 1 with length 338 and flags "END_STREAM, END_HEADERS, PRIORITY".
2024-09-25 12:57:04.184 +05:30  VRB  Connection id "0HN6T30PDSD6L" received "SETTINGS" frame for stream ID 0 with length 0 and flags "ACK".
2024-09-25 12:57:04.184 +05:30  INF  Request starting HTTP/2 OPTIONS https://localhost:7113/api/Account/VerifyOtp - null null
2024-09-25 12:57:04.189 +05:30  VRB  All hosts are allowed.
2024-09-25 12:57:04.190 +05:30  DBG  1 candidate(s) found for the request path '/api/Account/VerifyOtp'
2024-09-25 12:57:04.191 +05:30  DBG  Request matched endpoint '405 HTTP Method Not Supported'
2024-09-25 12:57:04.191 +05:30  VRB  The endpoint does not specify the IRequestSizeLimitMetadata.
2024-09-25 12:57:04.192 +05:30  DBG  Static files was skipped as the request already matched an endpoint.
2024-09-25 12:57:04.193 +05:30  DBG  The request has an origin header: 'http://localhost:4200'.
2024-09-25 12:57:04.194 +05:30  INF  CORS policy execution successful.
2024-09-25 12:57:04.194 +05:30  DBG  The request is a preflight request.
2024-09-25 12:57:04.195 +05:30  INF  Request finished HTTP/2 OPTIONS https://localhost:7113/api/Account/VerifyOtp - 204 null null 11.0081ms
2024-09-25 12:57:04.195 +05:30  VRB  Connection id "0HN6T30PDSD6L" sending "HEADERS" frame for stream ID 1 with length 122 and flags "END_STREAM, END_HEADERS".
2024-09-25 12:57:04.200 +05:30  VRB  Connection id "0HN6T30PDSD6L" received "HEADERS" frame for stream ID 3 with length 184 and flags "END_HEADERS, PRIORITY".
2024-09-25 12:57:04.202 +05:30  VRB  Connection id "0HN6T30PDSD6L" received "DATA" frame for stream ID 3 with length 42 and flags "END_STREAM".
2024-09-25 12:57:04.202 +05:30  INF  Request starting HTTP/2 POST https://localhost:7113/api/Account/VerifyOtp - application/json 42
2024-09-25 12:57:04.206 +05:30  VRB  All hosts are allowed.
2024-09-25 12:57:04.207 +05:30  DBG  1 candidate(s) found for the request path '/api/Account/VerifyOtp'
2024-09-25 12:57:04.207 +05:30  DBG  Endpoint 'Web.Ecommerce.Controllers.Account.AccountController.VerifyOtp (Web.Ecommerce)' with route pattern 'api/Account/VerifyOtp' is valid for the request path '/api/Account/VerifyOtp'
2024-09-25 12:57:04.208 +05:30  DBG  Request matched endpoint 'Web.Ecommerce.Controllers.Account.AccountController.VerifyOtp (Web.Ecommerce)'
2024-09-25 12:57:04.210 +05:30  VRB  The endpoint does not specify the IRequestSizeLimitMetadata.
2024-09-25 12:57:04.211 +05:30  DBG  Static files was skipped as the request already matched an endpoint.
2024-09-25 12:57:04.212 +05:30  DBG  The request has an origin header: 'http://localhost:4200'.
2024-09-25 12:57:04.213 +05:30  INF  CORS policy execution successful.
2024-09-25 12:57:04.217 +05:30  DBG  AuthenticationScheme: Bearer was not authenticated.
2024-09-25 12:57:04.218 +05:30  INF  Executing endpoint 'Web.Ecommerce.Controllers.Account.AccountController.VerifyOtp (Web.Ecommerce)'
2024-09-25 12:57:04.220 +05:30  INF  Route matched with {action = "VerifyOtp", controller = "Account"}. Executing controller action with signature System.Threading.Tasks.Task`1[Microsoft.AspNetCore.Mvc.IActionResult] VerifyOtp(Application.Ecom.Authentication.Commands.VerifyOTP.VerifyOtpCommand) on controller Web.Ecommerce.Controllers.Account.AccountController (Web.Ecommerce).
2024-09-25 12:57:04.222 +05:30  DBG  Execution plan of authorization filters (in the following order): ["None"]
2024-09-25 12:57:04.223 +05:30  DBG  Execution plan of resource filters (in the following order): ["None"]
2024-09-25 12:57:04.224 +05:30  DBG  Execution plan of action filters (in the following order): ["Microsoft.AspNetCore.Mvc.ModelBinding.UnsupportedContentTypeFilter (Order: -3000)","Microsoft.AspNetCore.Mvc.Infrastructure.ModelStateInvalidFilter (Order: -2000)"]
2024-09-25 12:57:04.225 +05:30  DBG  Execution plan of exception filters (in the following order): ["None"]
2024-09-25 12:57:04.228 +05:30  DBG  Execution plan of result filters (in the following order): ["Microsoft.AspNetCore.Mvc.Infrastructure.ClientErrorResultFilter (Order: -2000)"]
2024-09-25 12:57:04.230 +05:30  DBG  Executing controller factory for controller Web.Ecommerce.Controllers.Account.AccountController (Web.Ecommerce)
2024-09-25 12:57:04.232 +05:30  DBG  Executed controller factory for controller Web.Ecommerce.Controllers.Account.AccountController (Web.Ecommerce)
2024-09-25 12:57:04.233 +05:30  DBG  Attempting to bind parameter 'command' of type 'Application.Ecom.Authentication.Commands.VerifyOTP.VerifyOtpCommand' ...
2024-09-25 12:57:04.234 +05:30  DBG  Attempting to bind parameter 'command' of type 'Application.Ecom.Authentication.Commands.VerifyOTP.VerifyOtpCommand' using the name '' in request data ...
2024-09-25 12:57:04.236 +05:30  DBG  Selected input formatter 'Microsoft.AspNetCore.Mvc.Formatters.SystemTextJsonInputFormatter' for content type 'application/json'.
2024-09-25 12:57:04.237 +05:30  DBG  Connection id "0HN6T30PDSD6L", Request id "0HN6T30PDSD6L:00000003": started reading request body.
2024-09-25 12:57:04.238 +05:30  DBG  Connection id "0HN6T30PDSD6L", Request id "0HN6T30PDSD6L:00000003": done reading request body.
2024-09-25 12:57:04.240 +05:30  DBG  JSON input formatter threw an exception: The JSON value could not be converted to System.String. Path: $.otp | LineNumber: 0 | BytePositionInLine: 41.
2024-09-25 12:57:04.240 +05:30  DBG  Done attempting to bind parameter 'command' of type 'Application.Ecom.Authentication.Commands.VerifyOTP.VerifyOtpCommand'.
2024-09-25 12:57:04.241 +05:30  DBG  Done attempting to bind parameter 'command' of type 'Application.Ecom.Authentication.Commands.VerifyOTP.VerifyOtpCommand'.
2024-09-25 12:57:04.243 +05:30  DBG  Attempting to validate the bound parameter 'command' of type 'Application.Ecom.Authentication.Commands.VerifyOTP.VerifyOtpCommand' ...
2024-09-25 12:57:04.245 +05:30  DBG  Done attempting to validate the bound parameter 'command' of type 'Application.Ecom.Authentication.Commands.VerifyOTP.VerifyOtpCommand'.
2024-09-25 12:57:04.246 +05:30  VRB  Action Filter: Before executing OnActionExecuting on filter Microsoft.AspNetCore.Mvc.ModelBinding.UnsupportedContentTypeFilter.
2024-09-25 12:57:04.247 +05:30  VRB  Action Filter: After executing OnActionExecuting on filter Microsoft.AspNetCore.Mvc.ModelBinding.UnsupportedContentTypeFilter.
2024-09-25 12:57:04.248 +05:30  VRB  Action Filter: Before executing OnActionExecuting on filter Microsoft.AspNetCore.Mvc.Infrastructure.ModelStateInvalidFilter.
2024-09-25 12:57:04.250 +05:30  DBG  The request has model state errors, returning an error response.
2024-09-25 12:57:04.250 +05:30  VRB  Action Filter: After executing OnActionExecuting on filter Microsoft.AspNetCore.Mvc.Infrastructure.ModelStateInvalidFilter.
2024-09-25 12:57:04.251 +05:30  DBG  Request was short circuited at action filter 'Microsoft.AspNetCore.Mvc.Infrastructure.ModelStateInvalidFilter'.
2024-09-25 12:57:04.252 +05:30  VRB  Action Filter: Before executing OnActionExecuted on filter Microsoft.AspNetCore.Mvc.ModelBinding.UnsupportedContentTypeFilter.
2024-09-25 12:57:04.254 +05:30  VRB  Action Filter: After executing OnActionExecuted on filter Microsoft.AspNetCore.Mvc.ModelBinding.UnsupportedContentTypeFilter.
2024-09-25 12:57:04.255 +05:30  VRB  Result Filter: Before executing OnResultExecuting on filter Microsoft.AspNetCore.Mvc.Infrastructure.ClientErrorResultFilter.
2024-09-25 12:57:04.256 +05:30  VRB  Result Filter: After executing OnResultExecuting on filter Microsoft.AspNetCore.Mvc.Infrastructure.ClientErrorResultFilter.
2024-09-25 12:57:04.257 +05:30  VRB  Before executing action result Microsoft.AspNetCore.Mvc.BadRequestObjectResult.
2024-09-25 12:57:04.258 +05:30  DBG  List of registered output formatters, in the following order: ["Microsoft.AspNetCore.Mvc.Formatters.HttpNoContentOutputFormatter","Microsoft.AspNetCore.Mvc.Formatters.StringOutputFormatter","Microsoft.AspNetCore.Mvc.Formatters.StreamOutputFormatter","Microsoft.AspNetCore.Mvc.Formatters.SystemTextJsonOutputFormatter"]
2024-09-25 12:57:04.262 +05:30  DBG  No information found on request to perform content negotiation.
2024-09-25 12:57:04.262 +05:30  DBG  Attempting to select the first output formatter in the output formatters list which supports a content type from the explicitly specified content types '["application/problem+json","application/problem+xml","application/problem+json","application/problem+xml"]'.
2024-09-25 12:57:04.264 +05:30  DBG  Selected output formatter 'Microsoft.AspNetCore.Mvc.Formatters.SystemTextJsonOutputFormatter' and content type 'application/problem+json' to write the response.
2024-09-25 12:57:04.266 +05:30  INF  Executing BadRequestObjectResult, writing value of type 'Microsoft.AspNetCore.Mvc.ValidationProblemDetails'.
2024-09-25 12:57:04.267 +05:30  VRB  After executing action result Microsoft.AspNetCore.Mvc.BadRequestObjectResult.
2024-09-25 12:57:04.268 +05:30  VRB  Connection id "0HN6T30PDSD6L" sending "HEADERS" frame for stream ID 3 with length 45 and flags "END_HEADERS".
2024-09-25 12:57:04.268 +05:30  VRB  Result Filter: Before executing OnResultExecuted on filter Microsoft.AspNetCore.Mvc.Infrastructure.ClientErrorResultFilter.
2024-09-25 12:57:04.271 +05:30  VRB  Connection id "0HN6T30PDSD6L" sending "DATA" frame for stream ID 3 with length 370 and flags "NONE".
2024-09-25 12:57:04.272 +05:30  VRB  Result Filter: After executing OnResultExecuted on filter Microsoft.AspNetCore.Mvc.Infrastructure.ClientErrorResultFilter.
2024-09-25 12:57:04.276 +05:30  INF  Executed action Web.Ecommerce.Controllers.Account.AccountController.VerifyOtp (Web.Ecommerce) in 45.6501ms
2024-09-25 12:57:04.278 +05:30  INF  Executed endpoint 'Web.Ecommerce.Controllers.Account.AccountController.VerifyOtp (Web.Ecommerce)'
2024-09-25 12:57:04.279 +05:30  INF  Request finished HTTP/2 POST https://localhost:7113/api/Account/VerifyOtp - 400 null application/problem+json; charset=utf-8 76.7451ms
2024-09-25 12:57:04.279 +05:30  VRB  Connection id "0HN6T30PDSD6L" sending "DATA" frame for stream ID 3 with length 0 and flags "END_STREAM".
2024-09-25 12:57:11.521 +05:30  DBG  Connection id "0HN6T30PDSD6L" received FIN.
2024-09-25 12:57:11.523 +05:30  DBG  Connection id "0HN6T30PDSD6L" is closed. The last processed stream ID was 3.
2024-09-25 12:57:11.523 +05:30  DBG  The connection queue processing loop for 0HN6T30PDSD6L completed.
2024-09-25 12:57:11.524 +05:30  DBG  Connection id "0HN6T30PDSD6L" sending FIN because: "The Socket transport's send loop completed gracefully."
2024-09-25 12:57:11.539 +05:30  DBG  Connection id "0HN6T30PDSD6L" stopped.
2024-09-25 12:58:45.556 +05:30  DBG  Connection id "0HN6T30PDSD6M" accepted.
2024-09-25 12:58:45.564 +05:30  DBG  Connection id "0HN6T30PDSD6M" started.
2024-09-25 12:58:45.572 +05:30  DBG  Connection 0HN6T30PDSD6M established using the following protocol: "Tls12"
2024-09-25 12:58:45.578 +05:30  VRB  Connection id "0HN6T30PDSD6M" sending "SETTINGS" frame for stream ID 0 with length 24 and flags "NONE".
2024-09-25 12:58:45.581 +05:30  VRB  Connection id "0HN6T30PDSD6M" sending "WINDOW_UPDATE" frame for stream ID 0 with length 4 and flags 0x0.
2024-09-25 12:58:45.583 +05:30  VRB  Connection id "0HN6T30PDSD6M" received "SETTINGS" frame for stream ID 0 with length 24 and flags "NONE".
2024-09-25 12:58:45.585 +05:30  VRB  Connection id "0HN6T30PDSD6M" sending "SETTINGS" frame for stream ID 0 with length 0 and flags "ACK".
2024-09-25 12:58:45.587 +05:30  VRB  Connection id "0HN6T30PDSD6M" received "WINDOW_UPDATE" frame for stream ID 0 with length 4 and flags 0x0.
2024-09-25 12:58:45.589 +05:30  VRB  Connection id "0HN6T30PDSD6M" received "HEADERS" frame for stream ID 1 with length 338 and flags "END_STREAM, END_HEADERS, PRIORITY".
2024-09-25 12:58:45.591 +05:30  VRB  Connection id "0HN6T30PDSD6M" received "SETTINGS" frame for stream ID 0 with length 0 and flags "ACK".
2024-09-25 12:58:45.591 +05:30  INF  Request starting HTTP/2 OPTIONS https://localhost:7113/api/Account/VerifyOtp - null null
2024-09-25 12:58:45.595 +05:30  VRB  All hosts are allowed.
2024-09-25 12:58:45.596 +05:30  DBG  1 candidate(s) found for the request path '/api/Account/VerifyOtp'
2024-09-25 12:58:45.596 +05:30  DBG  Request matched endpoint '405 HTTP Method Not Supported'
2024-09-25 12:58:45.597 +05:30  VRB  The endpoint does not specify the IRequestSizeLimitMetadata.
2024-09-25 12:58:45.598 +05:30  DBG  Static files was skipped as the request already matched an endpoint.
2024-09-25 12:58:45.599 +05:30  DBG  The request has an origin header: 'http://localhost:4200'.
2024-09-25 12:58:45.599 +05:30  INF  CORS policy execution successful.
2024-09-25 12:58:45.600 +05:30  DBG  The request is a preflight request.
2024-09-25 12:58:45.600 +05:30  INF  Request finished HTTP/2 OPTIONS https://localhost:7113/api/Account/VerifyOtp - 204 null null 9.9265ms
2024-09-25 12:58:45.601 +05:30  VRB  Connection id "0HN6T30PDSD6M" sending "HEADERS" frame for stream ID 1 with length 122 and flags "END_STREAM, END_HEADERS".
2024-09-25 12:58:45.633 +05:30  VRB  Connection id "0HN6T30PDSD6M" received "HEADERS" frame for stream ID 3 with length 184 and flags "END_HEADERS, PRIORITY".
2024-09-25 12:58:45.635 +05:30  VRB  Connection id "0HN6T30PDSD6M" received "DATA" frame for stream ID 3 with length 43 and flags "END_STREAM".
2024-09-25 12:58:45.635 +05:30  INF  Request starting HTTP/2 POST https://localhost:7113/api/Account/VerifyOtp - application/json 43
2024-09-25 12:58:45.645 +05:30  VRB  All hosts are allowed.
2024-09-25 12:58:45.646 +05:30  DBG  1 candidate(s) found for the request path '/api/Account/VerifyOtp'
2024-09-25 12:58:45.647 +05:30  DBG  Endpoint 'Web.Ecommerce.Controllers.Account.AccountController.VerifyOtp (Web.Ecommerce)' with route pattern 'api/Account/VerifyOtp' is valid for the request path '/api/Account/VerifyOtp'
2024-09-25 12:58:45.649 +05:30  DBG  Request matched endpoint 'Web.Ecommerce.Controllers.Account.AccountController.VerifyOtp (Web.Ecommerce)'
2024-09-25 12:58:45.650 +05:30  VRB  The endpoint does not specify the IRequestSizeLimitMetadata.
2024-09-25 12:58:45.651 +05:30  DBG  Static files was skipped as the request already matched an endpoint.
2024-09-25 12:58:45.651 +05:30  DBG  The request has an origin header: 'http://localhost:4200'.
2024-09-25 12:58:45.652 +05:30  INF  CORS policy execution successful.
2024-09-25 12:58:45.653 +05:30  DBG  AuthenticationScheme: Bearer was not authenticated.
2024-09-25 12:58:45.654 +05:30  INF  Executing endpoint 'Web.Ecommerce.Controllers.Account.AccountController.VerifyOtp (Web.Ecommerce)'
2024-09-25 12:58:45.656 +05:30  INF  Route matched with {action = "VerifyOtp", controller = "Account"}. Executing controller action with signature System.Threading.Tasks.Task`1[Microsoft.AspNetCore.Mvc.IActionResult] VerifyOtp(Application.Ecom.Authentication.Commands.VerifyOTP.VerifyOtpCommand) on controller Web.Ecommerce.Controllers.Account.AccountController (Web.Ecommerce).
2024-09-25 12:58:45.658 +05:30  DBG  Execution plan of authorization filters (in the following order): ["None"]
2024-09-25 12:58:45.659 +05:30  DBG  Execution plan of resource filters (in the following order): ["None"]
2024-09-25 12:58:45.661 +05:30  DBG  Execution plan of action filters (in the following order): ["Microsoft.AspNetCore.Mvc.ModelBinding.UnsupportedContentTypeFilter (Order: -3000)","Microsoft.AspNetCore.Mvc.Infrastructure.ModelStateInvalidFilter (Order: -2000)"]
2024-09-25 12:58:45.662 +05:30  DBG  Execution plan of exception filters (in the following order): ["None"]
2024-09-25 12:58:45.663 +05:30  DBG  Execution plan of result filters (in the following order): ["Microsoft.AspNetCore.Mvc.Infrastructure.ClientErrorResultFilter (Order: -2000)"]
2024-09-25 12:58:45.664 +05:30  DBG  Executing controller factory for controller Web.Ecommerce.Controllers.Account.AccountController (Web.Ecommerce)
2024-09-25 12:58:45.665 +05:30  DBG  Executed controller factory for controller Web.Ecommerce.Controllers.Account.AccountController (Web.Ecommerce)
2024-09-25 12:58:45.667 +05:30  DBG  Attempting to bind parameter 'command' of type 'Application.Ecom.Authentication.Commands.VerifyOTP.VerifyOtpCommand' ...
2024-09-25 12:58:45.669 +05:30  DBG  Attempting to bind parameter 'command' of type 'Application.Ecom.Authentication.Commands.VerifyOTP.VerifyOtpCommand' using the name '' in request data ...
2024-09-25 12:58:45.670 +05:30  DBG  Selected input formatter 'Microsoft.AspNetCore.Mvc.Formatters.SystemTextJsonInputFormatter' for content type 'application/json'.
2024-09-25 12:58:45.671 +05:30  DBG  Connection id "0HN6T30PDSD6M", Request id "0HN6T30PDSD6M:00000003": started reading request body.
2024-09-25 12:58:45.672 +05:30  DBG  Connection id "0HN6T30PDSD6M", Request id "0HN6T30PDSD6M:00000003": done reading request body.
2024-09-25 12:58:45.675 +05:30  DBG  JSON input formatter threw an exception: The JSON value could not be converted to System.String. Path: $.otp | LineNumber: 0 | BytePositionInLine: 42.
2024-09-25 12:58:45.675 +05:30  DBG  Done attempting to bind parameter 'command' of type 'Application.Ecom.Authentication.Commands.VerifyOTP.VerifyOtpCommand'.
2024-09-25 12:58:45.676 +05:30  DBG  Done attempting to bind parameter 'command' of type 'Application.Ecom.Authentication.Commands.VerifyOTP.VerifyOtpCommand'.
2024-09-25 12:58:45.678 +05:30  DBG  Attempting to validate the bound parameter 'command' of type 'Application.Ecom.Authentication.Commands.VerifyOTP.VerifyOtpCommand' ...
2024-09-25 12:58:45.679 +05:30  DBG  Done attempting to validate the bound parameter 'command' of type 'Application.Ecom.Authentication.Commands.VerifyOTP.VerifyOtpCommand'.
2024-09-25 12:58:45.680 +05:30  VRB  Action Filter: Before executing OnActionExecuting on filter Microsoft.AspNetCore.Mvc.ModelBinding.UnsupportedContentTypeFilter.
2024-09-25 12:58:45.681 +05:30  VRB  Action Filter: After executing OnActionExecuting on filter Microsoft.AspNetCore.Mvc.ModelBinding.UnsupportedContentTypeFilter.
2024-09-25 12:58:45.682 +05:30  VRB  Action Filter: Before executing OnActionExecuting on filter Microsoft.AspNetCore.Mvc.Infrastructure.ModelStateInvalidFilter.
2024-09-25 12:58:45.683 +05:30  DBG  The request has model state errors, returning an error response.
2024-09-25 12:58:45.684 +05:30  VRB  Action Filter: After executing OnActionExecuting on filter Microsoft.AspNetCore.Mvc.Infrastructure.ModelStateInvalidFilter.
2024-09-25 12:58:45.685 +05:30  DBG  Request was short circuited at action filter 'Microsoft.AspNetCore.Mvc.Infrastructure.ModelStateInvalidFilter'.
2024-09-25 12:58:45.686 +05:30  VRB  Action Filter: Before executing OnActionExecuted on filter Microsoft.AspNetCore.Mvc.ModelBinding.UnsupportedContentTypeFilter.
2024-09-25 12:58:45.687 +05:30  VRB  Action Filter: After executing OnActionExecuted on filter Microsoft.AspNetCore.Mvc.ModelBinding.UnsupportedContentTypeFilter.
2024-09-25 12:58:45.688 +05:30  VRB  Result Filter: Before executing OnResultExecuting on filter Microsoft.AspNetCore.Mvc.Infrastructure.ClientErrorResultFilter.
2024-09-25 12:58:45.689 +05:30  VRB  Result Filter: After executing OnResultExecuting on filter Microsoft.AspNetCore.Mvc.Infrastructure.ClientErrorResultFilter.
2024-09-25 12:58:45.690 +05:30  VRB  Before executing action result Microsoft.AspNetCore.Mvc.BadRequestObjectResult.
2024-09-25 12:58:45.691 +05:30  DBG  List of registered output formatters, in the following order: ["Microsoft.AspNetCore.Mvc.Formatters.HttpNoContentOutputFormatter","Microsoft.AspNetCore.Mvc.Formatters.StringOutputFormatter","Microsoft.AspNetCore.Mvc.Formatters.StreamOutputFormatter","Microsoft.AspNetCore.Mvc.Formatters.SystemTextJsonOutputFormatter"]
2024-09-25 12:58:45.693 +05:30  DBG  No information found on request to perform content negotiation.
2024-09-25 12:58:45.694 +05:30  DBG  Attempting to select the first output formatter in the output formatters list which supports a content type from the explicitly specified content types '["application/problem+json","application/problem+xml","application/problem+json","application/problem+xml"]'.
2024-09-25 12:58:45.697 +05:30  DBG  Selected output formatter 'Microsoft.AspNetCore.Mvc.Formatters.SystemTextJsonOutputFormatter' and content type 'application/problem+json' to write the response.
2024-09-25 12:58:45.698 +05:30  INF  Executing BadRequestObjectResult, writing value of type 'Microsoft.AspNetCore.Mvc.ValidationProblemDetails'.
2024-09-25 12:58:45.699 +05:30  VRB  After executing action result Microsoft.AspNetCore.Mvc.BadRequestObjectResult.
2024-09-25 12:58:45.699 +05:30  VRB  Connection id "0HN6T30PDSD6M" sending "HEADERS" frame for stream ID 3 with length 45 and flags "END_HEADERS".
2024-09-25 12:58:45.700 +05:30  VRB  Result Filter: Before executing OnResultExecuted on filter Microsoft.AspNetCore.Mvc.Infrastructure.ClientErrorResultFilter.
2024-09-25 12:58:45.701 +05:30  VRB  Result Filter: After executing OnResultExecuted on filter Microsoft.AspNetCore.Mvc.Infrastructure.ClientErrorResultFilter.
2024-09-25 12:58:45.702 +05:30  INF  Executed action Web.Ecommerce.Controllers.Account.AccountController.VerifyOtp (Web.Ecommerce) in 37.7918ms
2024-09-25 12:58:45.704 +05:30  VRB  Connection id "0HN6T30PDSD6M" sending "DATA" frame for stream ID 3 with length 370 and flags "NONE".
2024-09-25 12:58:45.705 +05:30  INF  Executed endpoint 'Web.Ecommerce.Controllers.Account.AccountController.VerifyOtp (Web.Ecommerce)'
2024-09-25 12:58:45.707 +05:30  INF  Request finished HTTP/2 POST https://localhost:7113/api/Account/VerifyOtp - 400 null application/problem+json; charset=utf-8 72.1269ms
2024-09-25 12:58:45.707 +05:30  VRB  Connection id "0HN6T30PDSD6M" sending "DATA" frame for stream ID 3 with length 0 and flags "END_STREAM".
2024-09-25 12:58:51.626 +05:30  DBG  Connection id "0HN6T30PDSD6M" received FIN.
2024-09-25 12:58:51.627 +05:30  DBG  Connection id "0HN6T30PDSD6M" is closed. The last processed stream ID was 3.
2024-09-25 12:58:51.627 +05:30  DBG  The connection queue processing loop for 0HN6T30PDSD6M completed.
2024-09-25 12:58:51.628 +05:30  DBG  Connection id "0HN6T30PDSD6M" sending FIN because: "The Socket transport's send loop completed gracefully."
2024-09-25 12:58:51.631 +05:30  DBG  Connection id "0HN6T30PDSD6M" stopped.
2024-09-25 13:00:44.352 +05:30  DBG  Connection id "0HN6T30PDSD6N" accepted.
2024-09-25 13:00:44.386 +05:30  DBG  Connection id "0HN6T30PDSD6N" started.
2024-09-25 13:00:44.388 +05:30  DBG  Connection 0HN6T30PDSD6N established using the following protocol: "Tls12"
2024-09-25 13:00:44.390 +05:30  VRB  Connection id "0HN6T30PDSD6N" sending "SETTINGS" frame for stream ID 0 with length 24 and flags "NONE".
2024-09-25 13:00:44.391 +05:30  VRB  Connection id "0HN6T30PDSD6N" sending "WINDOW_UPDATE" frame for stream ID 0 with length 4 and flags 0x0.
2024-09-25 13:00:44.399 +05:30  VRB  Connection id "0HN6T30PDSD6N" received "SETTINGS" frame for stream ID 0 with length 24 and flags "NONE".
2024-09-25 13:00:44.401 +05:30  VRB  Connection id "0HN6T30PDSD6N" sending "SETTINGS" frame for stream ID 0 with length 0 and flags "ACK".
2024-09-25 13:00:44.403 +05:30  VRB  Connection id "0HN6T30PDSD6N" received "WINDOW_UPDATE" frame for stream ID 0 with length 4 and flags 0x0.
2024-09-25 13:00:44.404 +05:30  VRB  Connection id "0HN6T30PDSD6N" received "HEADERS" frame for stream ID 1 with length 338 and flags "END_STREAM, END_HEADERS, PRIORITY".
2024-09-25 13:00:44.413 +05:30  VRB  Connection id "0HN6T30PDSD6N" received "SETTINGS" frame for stream ID 0 with length 0 and flags "ACK".
2024-09-25 13:00:44.413 +05:30  INF  Request starting HTTP/2 OPTIONS https://localhost:7113/api/Account/VerifyOtp - null null
2024-09-25 13:00:44.418 +05:30  VRB  All hosts are allowed.
2024-09-25 13:00:44.419 +05:30  DBG  1 candidate(s) found for the request path '/api/Account/VerifyOtp'
2024-09-25 13:00:44.420 +05:30  DBG  Request matched endpoint '405 HTTP Method Not Supported'
2024-09-25 13:00:44.421 +05:30  VRB  The endpoint does not specify the IRequestSizeLimitMetadata.
2024-09-25 13:00:44.422 +05:30  DBG  Static files was skipped as the request already matched an endpoint.
2024-09-25 13:00:44.422 +05:30  DBG  The request has an origin header: 'http://localhost:4200'.
2024-09-25 13:00:44.423 +05:30  INF  CORS policy execution successful.
2024-09-25 13:00:44.424 +05:30  DBG  The request is a preflight request.
2024-09-25 13:00:44.425 +05:30  INF  Request finished HTTP/2 OPTIONS https://localhost:7113/api/Account/VerifyOtp - 204 null null 12.2019ms
2024-09-25 13:00:44.425 +05:30  VRB  Connection id "0HN6T30PDSD6N" sending "HEADERS" frame for stream ID 1 with length 122 and flags "END_STREAM, END_HEADERS".
2024-09-25 13:00:44.432 +05:30  VRB  Connection id "0HN6T30PDSD6N" received "HEADERS" frame for stream ID 3 with length 184 and flags "END_HEADERS, PRIORITY".
2024-09-25 13:00:44.439 +05:30  INF  Request starting HTTP/2 POST https://localhost:7113/api/Account/VerifyOtp - application/json 44
2024-09-25 13:00:44.439 +05:30  VRB  Connection id "0HN6T30PDSD6N" received "DATA" frame for stream ID 3 with length 44 and flags "END_STREAM".
2024-09-25 13:00:44.442 +05:30  VRB  All hosts are allowed.
2024-09-25 13:00:44.445 +05:30  DBG  1 candidate(s) found for the request path '/api/Account/VerifyOtp'
2024-09-25 13:00:44.446 +05:30  DBG  Endpoint 'Web.Ecommerce.Controllers.Account.AccountController.VerifyOtp (Web.Ecommerce)' with route pattern 'api/Account/VerifyOtp' is valid for the request path '/api/Account/VerifyOtp'
2024-09-25 13:00:44.447 +05:30  DBG  Request matched endpoint 'Web.Ecommerce.Controllers.Account.AccountController.VerifyOtp (Web.Ecommerce)'
2024-09-25 13:00:44.448 +05:30  VRB  The endpoint does not specify the IRequestSizeLimitMetadata.
2024-09-25 13:00:44.449 +05:30  DBG  Static files was skipped as the request already matched an endpoint.
2024-09-25 13:00:44.449 +05:30  DBG  The request has an origin header: 'http://localhost:4200'.
2024-09-25 13:00:44.450 +05:30  INF  CORS policy execution successful.
2024-09-25 13:00:44.450 +05:30  DBG  AuthenticationScheme: Bearer was not authenticated.
2024-09-25 13:00:44.451 +05:30  INF  Executing endpoint 'Web.Ecommerce.Controllers.Account.AccountController.VerifyOtp (Web.Ecommerce)'
2024-09-25 13:00:44.453 +05:30  INF  Route matched with {action = "VerifyOtp", controller = "Account"}. Executing controller action with signature System.Threading.Tasks.Task`1[Microsoft.AspNetCore.Mvc.IActionResult] VerifyOtp(Application.Ecom.Authentication.Commands.VerifyOTP.VerifyOtpCommand) on controller Web.Ecommerce.Controllers.Account.AccountController (Web.Ecommerce).
2024-09-25 13:00:44.455 +05:30  DBG  Execution plan of authorization filters (in the following order): ["None"]
2024-09-25 13:00:44.456 +05:30  DBG  Execution plan of resource filters (in the following order): ["None"]
2024-09-25 13:00:44.457 +05:30  DBG  Execution plan of action filters (in the following order): ["Microsoft.AspNetCore.Mvc.ModelBinding.UnsupportedContentTypeFilter (Order: -3000)","Microsoft.AspNetCore.Mvc.Infrastructure.ModelStateInvalidFilter (Order: -2000)"]
2024-09-25 13:00:44.459 +05:30  DBG  Execution plan of exception filters (in the following order): ["None"]
2024-09-25 13:00:44.460 +05:30  DBG  Execution plan of result filters (in the following order): ["Microsoft.AspNetCore.Mvc.Infrastructure.ClientErrorResultFilter (Order: -2000)"]
2024-09-25 13:00:44.461 +05:30  DBG  Executing controller factory for controller Web.Ecommerce.Controllers.Account.AccountController (Web.Ecommerce)
2024-09-25 13:00:44.462 +05:30  DBG  Executed controller factory for controller Web.Ecommerce.Controllers.Account.AccountController (Web.Ecommerce)
2024-09-25 13:00:44.463 +05:30  DBG  Attempting to bind parameter 'command' of type 'Application.Ecom.Authentication.Commands.VerifyOTP.VerifyOtpCommand' ...
2024-09-25 13:00:44.464 +05:30  DBG  Attempting to bind parameter 'command' of type 'Application.Ecom.Authentication.Commands.VerifyOTP.VerifyOtpCommand' using the name '' in request data ...
2024-09-25 13:00:44.465 +05:30  DBG  Selected input formatter 'Microsoft.AspNetCore.Mvc.Formatters.SystemTextJsonInputFormatter' for content type 'application/json'.
2024-09-25 13:00:44.466 +05:30  DBG  Connection id "0HN6T30PDSD6N", Request id "0HN6T30PDSD6N:00000003": started reading request body.
2024-09-25 13:00:44.467 +05:30  DBG  Connection id "0HN6T30PDSD6N", Request id "0HN6T30PDSD6N:00000003": done reading request body.
2024-09-25 13:00:44.469 +05:30  DBG  JSON input formatter threw an exception: The JSON value could not be converted to System.String. Path: $.otp | LineNumber: 0 | BytePositionInLine: 43.
2024-09-25 13:00:44.470 +05:30  DBG  Done attempting to bind parameter 'command' of type 'Application.Ecom.Authentication.Commands.VerifyOTP.VerifyOtpCommand'.
2024-09-25 13:00:44.471 +05:30  DBG  Done attempting to bind parameter 'command' of type 'Application.Ecom.Authentication.Commands.VerifyOTP.VerifyOtpCommand'.
2024-09-25 13:00:44.472 +05:30  DBG  Attempting to validate the bound parameter 'command' of type 'Application.Ecom.Authentication.Commands.VerifyOTP.VerifyOtpCommand' ...
2024-09-25 13:00:44.473 +05:30  DBG  Done attempting to validate the bound parameter 'command' of type 'Application.Ecom.Authentication.Commands.VerifyOTP.VerifyOtpCommand'.
2024-09-25 13:00:44.474 +05:30  VRB  Action Filter: Before executing OnActionExecuting on filter Microsoft.AspNetCore.Mvc.ModelBinding.UnsupportedContentTypeFilter.
2024-09-25 13:00:44.475 +05:30  VRB  Action Filter: After executing OnActionExecuting on filter Microsoft.AspNetCore.Mvc.ModelBinding.UnsupportedContentTypeFilter.
2024-09-25 13:00:44.476 +05:30  VRB  Action Filter: Before executing OnActionExecuting on filter Microsoft.AspNetCore.Mvc.Infrastructure.ModelStateInvalidFilter.
2024-09-25 13:00:44.477 +05:30  DBG  The request has model state errors, returning an error response.
2024-09-25 13:00:44.478 +05:30  VRB  Action Filter: After executing OnActionExecuting on filter Microsoft.AspNetCore.Mvc.Infrastructure.ModelStateInvalidFilter.
2024-09-25 13:00:44.479 +05:30  DBG  Request was short circuited at action filter 'Microsoft.AspNetCore.Mvc.Infrastructure.ModelStateInvalidFilter'.
2024-09-25 13:00:44.480 +05:30  VRB  Action Filter: Before executing OnActionExecuted on filter Microsoft.AspNetCore.Mvc.ModelBinding.UnsupportedContentTypeFilter.
2024-09-25 13:00:44.481 +05:30  VRB  Action Filter: After executing OnActionExecuted on filter Microsoft.AspNetCore.Mvc.ModelBinding.UnsupportedContentTypeFilter.
2024-09-25 13:00:44.482 +05:30  VRB  Result Filter: Before executing OnResultExecuting on filter Microsoft.AspNetCore.Mvc.Infrastructure.ClientErrorResultFilter.
2024-09-25 13:00:44.483 +05:30  VRB  Result Filter: After executing OnResultExecuting on filter Microsoft.AspNetCore.Mvc.Infrastructure.ClientErrorResultFilter.
2024-09-25 13:00:44.485 +05:30  VRB  Before executing action result Microsoft.AspNetCore.Mvc.BadRequestObjectResult.
2024-09-25 13:00:44.485 +05:30  DBG  List of registered output formatters, in the following order: ["Microsoft.AspNetCore.Mvc.Formatters.HttpNoContentOutputFormatter","Microsoft.AspNetCore.Mvc.Formatters.StringOutputFormatter","Microsoft.AspNetCore.Mvc.Formatters.StreamOutputFormatter","Microsoft.AspNetCore.Mvc.Formatters.SystemTextJsonOutputFormatter"]
2024-09-25 13:00:44.487 +05:30  DBG  No information found on request to perform content negotiation.
2024-09-25 13:00:44.487 +05:30  DBG  Attempting to select the first output formatter in the output formatters list which supports a content type from the explicitly specified content types '["application/problem+json","application/problem+xml","application/problem+json","application/problem+xml"]'.
2024-09-25 13:00:44.489 +05:30  DBG  Selected output formatter 'Microsoft.AspNetCore.Mvc.Formatters.SystemTextJsonOutputFormatter' and content type 'application/problem+json' to write the response.
2024-09-25 13:00:44.490 +05:30  INF  Executing BadRequestObjectResult, writing value of type 'Microsoft.AspNetCore.Mvc.ValidationProblemDetails'.
2024-09-25 13:00:44.493 +05:30  VRB  After executing action result Microsoft.AspNetCore.Mvc.BadRequestObjectResult.
2024-09-25 13:00:44.493 +05:30  VRB  Connection id "0HN6T30PDSD6N" sending "HEADERS" frame for stream ID 3 with length 45 and flags "END_HEADERS".
2024-09-25 13:00:44.494 +05:30  VRB  Result Filter: Before executing OnResultExecuted on filter Microsoft.AspNetCore.Mvc.Infrastructure.ClientErrorResultFilter.
2024-09-25 13:00:44.495 +05:30  VRB  Connection id "0HN6T30PDSD6N" sending "DATA" frame for stream ID 3 with length 370 and flags "NONE".
2024-09-25 13:00:44.497 +05:30  VRB  Result Filter: After executing OnResultExecuted on filter Microsoft.AspNetCore.Mvc.Infrastructure.ClientErrorResultFilter.
2024-09-25 13:00:44.499 +05:30  INF  Executed action Web.Ecommerce.Controllers.Account.AccountController.VerifyOtp (Web.Ecommerce) in 38.2428ms
2024-09-25 13:00:44.500 +05:30  INF  Executed endpoint 'Web.Ecommerce.Controllers.Account.AccountController.VerifyOtp (Web.Ecommerce)'
2024-09-25 13:00:44.501 +05:30  INF  Request finished HTTP/2 POST https://localhost:7113/api/Account/VerifyOtp - 400 null application/problem+json; charset=utf-8 61.6289ms
2024-09-25 13:00:44.501 +05:30  VRB  Connection id "0HN6T30PDSD6N" sending "DATA" frame for stream ID 3 with length 0 and flags "END_STREAM".
2024-09-25 13:00:51.699 +05:30  VRB  Connection id "0HN6T30PDSD6N" received "HEADERS" frame for stream ID 5 with length 46 and flags "END_STREAM, END_HEADERS, PRIORITY".
2024-09-25 13:00:51.702 +05:30  INF  Request starting HTTP/2 OPTIONS https://localhost:7113/api/Account/VerifyOtp - null null
2024-09-25 13:00:51.704 +05:30  VRB  All hosts are allowed.
2024-09-25 13:00:51.706 +05:30  DBG  1 candidate(s) found for the request path '/api/Account/VerifyOtp'
2024-09-25 13:00:51.707 +05:30  DBG  Request matched endpoint '405 HTTP Method Not Supported'
2024-09-25 13:00:51.707 +05:30  VRB  The endpoint does not specify the IRequestSizeLimitMetadata.
2024-09-25 13:00:51.708 +05:30  DBG  Static files was skipped as the request already matched an endpoint.
2024-09-25 13:00:51.709 +05:30  DBG  The request has an origin header: 'http://localhost:4200'.
2024-09-25 13:00:51.709 +05:30  INF  CORS policy execution successful.
2024-09-25 13:00:51.711 +05:30  DBG  The request is a preflight request.
2024-09-25 13:00:51.712 +05:30  INF  Request finished HTTP/2 OPTIONS https://localhost:7113/api/Account/VerifyOtp - 204 null null 10.5059ms
2024-09-25 13:00:51.712 +05:30  VRB  Connection id "0HN6T30PDSD6N" sending "HEADERS" frame for stream ID 5 with length 36 and flags "END_STREAM, END_HEADERS".
2024-09-25 13:00:51.718 +05:30  VRB  Connection id "0HN6T30PDSD6N" received "HEADERS" frame for stream ID 7 with length 44 and flags "END_HEADERS, PRIORITY".
2024-09-25 13:00:51.720 +05:30  VRB  Connection id "0HN6T30PDSD6N" received "DATA" frame for stream ID 7 with length 43 and flags "END_STREAM".
2024-09-25 13:00:51.720 +05:30  INF  Request starting HTTP/2 POST https://localhost:7113/api/Account/VerifyOtp - application/json 43
2024-09-25 13:00:51.724 +05:30  VRB  All hosts are allowed.
2024-09-25 13:00:51.724 +05:30  DBG  1 candidate(s) found for the request path '/api/Account/VerifyOtp'
2024-09-25 13:00:51.725 +05:30  DBG  Endpoint 'Web.Ecommerce.Controllers.Account.AccountController.VerifyOtp (Web.Ecommerce)' with route pattern 'api/Account/VerifyOtp' is valid for the request path '/api/Account/VerifyOtp'
2024-09-25 13:00:51.727 +05:30  DBG  Request matched endpoint 'Web.Ecommerce.Controllers.Account.AccountController.VerifyOtp (Web.Ecommerce)'
2024-09-25 13:00:51.729 +05:30  VRB  The endpoint does not specify the IRequestSizeLimitMetadata.
2024-09-25 13:00:51.730 +05:30  DBG  Static files was skipped as the request already matched an endpoint.
2024-09-25 13:00:51.730 +05:30  DBG  The request has an origin header: 'http://localhost:4200'.
2024-09-25 13:00:51.731 +05:30  INF  CORS policy execution successful.
2024-09-25 13:00:51.732 +05:30  DBG  AuthenticationScheme: Bearer was not authenticated.
2024-09-25 13:00:51.732 +05:30  INF  Executing endpoint 'Web.Ecommerce.Controllers.Account.AccountController.VerifyOtp (Web.Ecommerce)'
2024-09-25 13:00:51.734 +05:30  INF  Route matched with {action = "VerifyOtp", controller = "Account"}. Executing controller action with signature System.Threading.Tasks.Task`1[Microsoft.AspNetCore.Mvc.IActionResult] VerifyOtp(Application.Ecom.Authentication.Commands.VerifyOTP.VerifyOtpCommand) on controller Web.Ecommerce.Controllers.Account.AccountController (Web.Ecommerce).
2024-09-25 13:00:51.737 +05:30  DBG  Execution plan of authorization filters (in the following order): ["None"]
2024-09-25 13:00:51.738 +05:30  DBG  Execution plan of resource filters (in the following order): ["None"]
2024-09-25 13:00:51.740 +05:30  DBG  Execution plan of action filters (in the following order): ["Microsoft.AspNetCore.Mvc.ModelBinding.UnsupportedContentTypeFilter (Order: -3000)","Microsoft.AspNetCore.Mvc.Infrastructure.ModelStateInvalidFilter (Order: -2000)"]
2024-09-25 13:00:51.742 +05:30  DBG  Execution plan of exception filters (in the following order): ["None"]
2024-09-25 13:00:51.744 +05:30  DBG  Execution plan of result filters (in the following order): ["Microsoft.AspNetCore.Mvc.Infrastructure.ClientErrorResultFilter (Order: -2000)"]
2024-09-25 13:00:51.746 +05:30  DBG  Executing controller factory for controller Web.Ecommerce.Controllers.Account.AccountController (Web.Ecommerce)
2024-09-25 13:00:51.747 +05:30  DBG  Executed controller factory for controller Web.Ecommerce.Controllers.Account.AccountController (Web.Ecommerce)
2024-09-25 13:00:51.749 +05:30  DBG  Attempting to bind parameter 'command' of type 'Application.Ecom.Authentication.Commands.VerifyOTP.VerifyOtpCommand' ...
2024-09-25 13:00:51.750 +05:30  DBG  Attempting to bind parameter 'command' of type 'Application.Ecom.Authentication.Commands.VerifyOTP.VerifyOtpCommand' using the name '' in request data ...
2024-09-25 13:00:51.751 +05:30  DBG  Selected input formatter 'Microsoft.AspNetCore.Mvc.Formatters.SystemTextJsonInputFormatter' for content type 'application/json'.
2024-09-25 13:00:51.753 +05:30  DBG  Connection id "0HN6T30PDSD6N", Request id "0HN6T30PDSD6N:00000007": started reading request body.
2024-09-25 13:00:51.755 +05:30  DBG  Connection id "0HN6T30PDSD6N", Request id "0HN6T30PDSD6N:00000007": done reading request body.
2024-09-25 13:00:51.756 +05:30  DBG  JSON input formatter threw an exception: The JSON value could not be converted to System.String. Path: $.otp | LineNumber: 0 | BytePositionInLine: 42.
2024-09-25 13:00:51.757 +05:30  DBG  Done attempting to bind parameter 'command' of type 'Application.Ecom.Authentication.Commands.VerifyOTP.VerifyOtpCommand'.
2024-09-25 13:00:51.759 +05:30  DBG  Done attempting to bind parameter 'command' of type 'Application.Ecom.Authentication.Commands.VerifyOTP.VerifyOtpCommand'.
2024-09-25 13:00:51.760 +05:30  DBG  Attempting to validate the bound parameter 'command' of type 'Application.Ecom.Authentication.Commands.VerifyOTP.VerifyOtpCommand' ...
2024-09-25 13:00:51.763 +05:30  DBG  Done attempting to validate the bound parameter 'command' of type 'Application.Ecom.Authentication.Commands.VerifyOTP.VerifyOtpCommand'.
2024-09-25 13:00:51.765 +05:30  VRB  Action Filter: Before executing OnActionExecuting on filter Microsoft.AspNetCore.Mvc.ModelBinding.UnsupportedContentTypeFilter.
2024-09-25 13:00:51.767 +05:30  VRB  Action Filter: After executing OnActionExecuting on filter Microsoft.AspNetCore.Mvc.ModelBinding.UnsupportedContentTypeFilter.
2024-09-25 13:00:51.768 +05:30  VRB  Action Filter: Before executing OnActionExecuting on filter Microsoft.AspNetCore.Mvc.Infrastructure.ModelStateInvalidFilter.
2024-09-25 13:00:51.769 +05:30  DBG  The request has model state errors, returning an error response.
2024-09-25 13:00:51.770 +05:30  VRB  Action Filter: After executing OnActionExecuting on filter Microsoft.AspNetCore.Mvc.Infrastructure.ModelStateInvalidFilter.
2024-09-25 13:00:51.771 +05:30  DBG  Request was short circuited at action filter 'Microsoft.AspNetCore.Mvc.Infrastructure.ModelStateInvalidFilter'.
2024-09-25 13:00:51.772 +05:30  VRB  Action Filter: Before executing OnActionExecuted on filter Microsoft.AspNetCore.Mvc.ModelBinding.UnsupportedContentTypeFilter.
2024-09-25 13:00:51.774 +05:30  VRB  Action Filter: After executing OnActionExecuted on filter Microsoft.AspNetCore.Mvc.ModelBinding.UnsupportedContentTypeFilter.
2024-09-25 13:00:51.775 +05:30  VRB  Result Filter: Before executing OnResultExecuting on filter Microsoft.AspNetCore.Mvc.Infrastructure.ClientErrorResultFilter.
2024-09-25 13:00:51.777 +05:30  VRB  Result Filter: After executing OnResultExecuting on filter Microsoft.AspNetCore.Mvc.Infrastructure.ClientErrorResultFilter.
2024-09-25 13:00:51.779 +05:30  VRB  Before executing action result Microsoft.AspNetCore.Mvc.BadRequestObjectResult.
2024-09-25 13:00:51.779 +05:30  DBG  List of registered output formatters, in the following order: ["Microsoft.AspNetCore.Mvc.Formatters.HttpNoContentOutputFormatter","Microsoft.AspNetCore.Mvc.Formatters.StringOutputFormatter","Microsoft.AspNetCore.Mvc.Formatters.StreamOutputFormatter","Microsoft.AspNetCore.Mvc.Formatters.SystemTextJsonOutputFormatter"]
2024-09-25 13:00:51.781 +05:30  DBG  No information found on request to perform content negotiation.
2024-09-25 13:00:51.782 +05:30  DBG  Attempting to select the first output formatter in the output formatters list which supports a content type from the explicitly specified content types '["application/problem+json","application/problem+xml","application/problem+json","application/problem+xml"]'.
2024-09-25 13:00:51.783 +05:30  DBG  Selected output formatter 'Microsoft.AspNetCore.Mvc.Formatters.SystemTextJsonOutputFormatter' and content type 'application/problem+json' to write the response.
2024-09-25 13:00:51.784 +05:30  INF  Executing BadRequestObjectResult, writing value of type 'Microsoft.AspNetCore.Mvc.ValidationProblemDetails'.
2024-09-25 13:00:51.785 +05:30  VRB  After executing action result Microsoft.AspNetCore.Mvc.BadRequestObjectResult.
2024-09-25 13:00:51.785 +05:30  VRB  Connection id "0HN6T30PDSD6N" sending "HEADERS" frame for stream ID 7 with length 5 and flags "END_HEADERS".
2024-09-25 13:00:51.786 +05:30  VRB  Result Filter: Before executing OnResultExecuted on filter Microsoft.AspNetCore.Mvc.Infrastructure.ClientErrorResultFilter.
2024-09-25 13:00:51.787 +05:30  VRB  Result Filter: After executing OnResultExecuted on filter Microsoft.AspNetCore.Mvc.Infrastructure.ClientErrorResultFilter.
2024-09-25 13:00:51.789 +05:30  INF  Executed action Web.Ecommerce.Controllers.Account.AccountController.VerifyOtp (Web.Ecommerce) in 42.7222ms
2024-09-25 13:00:51.790 +05:30  VRB  Connection id "0HN6T30PDSD6N" sending "DATA" frame for stream ID 7 with length 370 and flags "NONE".
2024-09-25 13:00:51.792 +05:30  INF  Executed endpoint 'Web.Ecommerce.Controllers.Account.AccountController.VerifyOtp (Web.Ecommerce)'
2024-09-25 13:00:51.795 +05:30  VRB  Connection id "0HN6T30PDSD6N" sending "DATA" frame for stream ID 7 with length 0 and flags "END_STREAM".
2024-09-25 13:00:51.795 +05:30  INF  Request finished HTTP/2 POST https://localhost:7113/api/Account/VerifyOtp - 400 null application/problem+json; charset=utf-8 75.2103ms
2024-09-25 13:00:51.799 +05:30  VRB  Connection id "0HN6T30PDSD6N" received "WINDOW_UPDATE" frame for stream ID 0 with length 4 and flags 0x0.
2024-09-25 13:00:51.807 +05:30  DBG  Connection id "0HN6T30PDSD6N" received FIN.
2024-09-25 13:00:51.808 +05:30  DBG  Connection id "0HN6T30PDSD6N" is closed. The last processed stream ID was 7.
2024-09-25 13:00:51.809 +05:30  DBG  Connection id "0HN6T30PDSD6N" sending FIN because: "The Socket transport's send loop completed gracefully."
2024-09-25 13:00:51.856 +05:30  DBG  The connection queue processing loop for 0HN6T30PDSD6N completed.
2024-09-25 13:00:51.857 +05:30  DBG  Connection id "0HN6T30PDSD6N" stopped.
2024-09-25 13:02:13.109 +05:30  DBG  Connection id "0HN6T30PDSD6O" accepted.
2024-09-25 13:02:13.114 +05:30  DBG  Connection id "0HN6T30PDSD6O" started.
2024-09-25 13:02:13.124 +05:30  DBG  Connection 0HN6T30PDSD6O established using the following protocol: "Tls12"
2024-09-25 13:02:13.133 +05:30  VRB  Connection id "0HN6T30PDSD6O" sending "SETTINGS" frame for stream ID 0 with length 24 and flags "NONE".
2024-09-25 13:02:13.135 +05:30  VRB  Connection id "0HN6T30PDSD6O" sending "WINDOW_UPDATE" frame for stream ID 0 with length 4 and flags 0x0.
2024-09-25 13:02:13.140 +05:30  VRB  Connection id "0HN6T30PDSD6O" received "SETTINGS" frame for stream ID 0 with length 24 and flags "NONE".
2024-09-25 13:02:13.142 +05:30  VRB  Connection id "0HN6T30PDSD6O" sending "SETTINGS" frame for stream ID 0 with length 0 and flags "ACK".
2024-09-25 13:02:13.143 +05:30  VRB  Connection id "0HN6T30PDSD6O" received "WINDOW_UPDATE" frame for stream ID 0 with length 4 and flags 0x0.
2024-09-25 13:02:13.146 +05:30  VRB  Connection id "0HN6T30PDSD6O" received "HEADERS" frame for stream ID 1 with length 338 and flags "END_STREAM, END_HEADERS, PRIORITY".
2024-09-25 13:02:13.148 +05:30  VRB  Connection id "0HN6T30PDSD6O" received "SETTINGS" frame for stream ID 0 with length 0 and flags "ACK".
2024-09-25 13:02:13.148 +05:30  INF  Request starting HTTP/2 OPTIONS https://localhost:7113/api/Account/VerifyOtp - null null
2024-09-25 13:02:13.152 +05:30  VRB  All hosts are allowed.
2024-09-25 13:02:13.152 +05:30  DBG  1 candidate(s) found for the request path '/api/Account/VerifyOtp'
2024-09-25 13:02:13.153 +05:30  DBG  Request matched endpoint '405 HTTP Method Not Supported'
2024-09-25 13:02:13.154 +05:30  VRB  The endpoint does not specify the IRequestSizeLimitMetadata.
2024-09-25 13:02:13.154 +05:30  DBG  Static files was skipped as the request already matched an endpoint.
2024-09-25 13:02:13.155 +05:30  DBG  The request has an origin header: 'http://localhost:4200'.
2024-09-25 13:02:13.155 +05:30  INF  CORS policy execution successful.
2024-09-25 13:02:13.156 +05:30  DBG  The request is a preflight request.
2024-09-25 13:02:13.157 +05:30  INF  Request finished HTTP/2 OPTIONS https://localhost:7113/api/Account/VerifyOtp - 204 null null 8.7058ms
2024-09-25 13:02:13.157 +05:30  VRB  Connection id "0HN6T30PDSD6O" sending "HEADERS" frame for stream ID 1 with length 122 and flags "END_STREAM, END_HEADERS".
2024-09-25 13:02:13.163 +05:30  VRB  Connection id "0HN6T30PDSD6O" received "HEADERS" frame for stream ID 3 with length 184 and flags "END_HEADERS, PRIORITY".
2024-09-25 13:02:13.165 +05:30  VRB  Connection id "0HN6T30PDSD6O" received "DATA" frame for stream ID 3 with length 40 and flags "END_STREAM".
2024-09-25 13:02:13.165 +05:30  INF  Request starting HTTP/2 POST https://localhost:7113/api/Account/VerifyOtp - application/json 40
2024-09-25 13:02:13.169 +05:30  VRB  All hosts are allowed.
2024-09-25 13:02:13.170 +05:30  DBG  1 candidate(s) found for the request path '/api/Account/VerifyOtp'
2024-09-25 13:02:13.171 +05:30  DBG  Endpoint 'Web.Ecommerce.Controllers.Account.AccountController.VerifyOtp (Web.Ecommerce)' with route pattern 'api/Account/VerifyOtp' is valid for the request path '/api/Account/VerifyOtp'
2024-09-25 13:02:13.172 +05:30  DBG  Request matched endpoint 'Web.Ecommerce.Controllers.Account.AccountController.VerifyOtp (Web.Ecommerce)'
2024-09-25 13:02:13.174 +05:30  VRB  The endpoint does not specify the IRequestSizeLimitMetadata.
2024-09-25 13:02:13.174 +05:30  DBG  Static files was skipped as the request already matched an endpoint.
2024-09-25 13:02:13.175 +05:30  DBG  The request has an origin header: 'http://localhost:4200'.
2024-09-25 13:02:13.175 +05:30  INF  CORS policy execution successful.
2024-09-25 13:02:13.176 +05:30  DBG  AuthenticationScheme: Bearer was not authenticated.
2024-09-25 13:02:13.177 +05:30  INF  Executing endpoint 'Web.Ecommerce.Controllers.Account.AccountController.VerifyOtp (Web.Ecommerce)'
2024-09-25 13:02:13.179 +05:30  INF  Route matched with {action = "VerifyOtp", controller = "Account"}. Executing controller action with signature System.Threading.Tasks.Task`1[Microsoft.AspNetCore.Mvc.IActionResult] VerifyOtp(Application.Ecom.Authentication.Commands.VerifyOTP.VerifyOtpCommand) on controller Web.Ecommerce.Controllers.Account.AccountController (Web.Ecommerce).
2024-09-25 13:02:13.182 +05:30  DBG  Execution plan of authorization filters (in the following order): ["None"]
2024-09-25 13:02:13.184 +05:30  DBG  Execution plan of resource filters (in the following order): ["None"]
2024-09-25 13:02:13.185 +05:30  DBG  Execution plan of action filters (in the following order): ["Microsoft.AspNetCore.Mvc.ModelBinding.UnsupportedContentTypeFilter (Order: -3000)","Microsoft.AspNetCore.Mvc.Infrastructure.ModelStateInvalidFilter (Order: -2000)"]
2024-09-25 13:02:13.187 +05:30  DBG  Execution plan of exception filters (in the following order): ["None"]
2024-09-25 13:02:13.188 +05:30  DBG  Execution plan of result filters (in the following order): ["Microsoft.AspNetCore.Mvc.Infrastructure.ClientErrorResultFilter (Order: -2000)"]
2024-09-25 13:02:13.189 +05:30  DBG  Executing controller factory for controller Web.Ecommerce.Controllers.Account.AccountController (Web.Ecommerce)
2024-09-25 13:02:13.190 +05:30  DBG  Executed controller factory for controller Web.Ecommerce.Controllers.Account.AccountController (Web.Ecommerce)
2024-09-25 13:02:13.191 +05:30  DBG  Attempting to bind parameter 'command' of type 'Application.Ecom.Authentication.Commands.VerifyOTP.VerifyOtpCommand' ...
2024-09-25 13:02:13.193 +05:30  DBG  Attempting to bind parameter 'command' of type 'Application.Ecom.Authentication.Commands.VerifyOTP.VerifyOtpCommand' using the name '' in request data ...
2024-09-25 13:02:13.194 +05:30  DBG  Selected input formatter 'Microsoft.AspNetCore.Mvc.Formatters.SystemTextJsonInputFormatter' for content type 'application/json'.
2024-09-25 13:02:13.196 +05:30  DBG  Connection id "0HN6T30PDSD6O", Request id "0HN6T30PDSD6O:00000003": started reading request body.
2024-09-25 13:02:13.198 +05:30  DBG  Connection id "0HN6T30PDSD6O", Request id "0HN6T30PDSD6O:00000003": done reading request body.
2024-09-25 13:02:13.200 +05:30  DBG  JSON input formatter threw an exception: The JSON value could not be converted to System.String. Path: $.otp | LineNumber: 0 | BytePositionInLine: 39.
2024-09-25 13:02:13.200 +05:30  DBG  Done attempting to bind parameter 'command' of type 'Application.Ecom.Authentication.Commands.VerifyOTP.VerifyOtpCommand'.
2024-09-25 13:02:13.202 +05:30  DBG  Done attempting to bind parameter 'command' of type 'Application.Ecom.Authentication.Commands.VerifyOTP.VerifyOtpCommand'.
2024-09-25 13:02:13.203 +05:30  DBG  Attempting to validate the bound parameter 'command' of type 'Application.Ecom.Authentication.Commands.VerifyOTP.VerifyOtpCommand' ...
2024-09-25 13:02:13.204 +05:30  DBG  Done attempting to validate the bound parameter 'command' of type 'Application.Ecom.Authentication.Commands.VerifyOTP.VerifyOtpCommand'.
2024-09-25 13:02:13.205 +05:30  VRB  Action Filter: Before executing OnActionExecuting on filter Microsoft.AspNetCore.Mvc.ModelBinding.UnsupportedContentTypeFilter.
2024-09-25 13:02:13.206 +05:30  VRB  Action Filter: After executing OnActionExecuting on filter Microsoft.AspNetCore.Mvc.ModelBinding.UnsupportedContentTypeFilter.
2024-09-25 13:02:13.207 +05:30  VRB  Action Filter: Before executing OnActionExecuting on filter Microsoft.AspNetCore.Mvc.Infrastructure.ModelStateInvalidFilter.
2024-09-25 13:02:13.208 +05:30  DBG  The request has model state errors, returning an error response.
2024-09-25 13:02:13.209 +05:30  VRB  Action Filter: After executing OnActionExecuting on filter Microsoft.AspNetCore.Mvc.Infrastructure.ModelStateInvalidFilter.
2024-09-25 13:02:13.211 +05:30  DBG  Request was short circuited at action filter 'Microsoft.AspNetCore.Mvc.Infrastructure.ModelStateInvalidFilter'.
2024-09-25 13:02:13.213 +05:30  VRB  Action Filter: Before executing OnActionExecuted on filter Microsoft.AspNetCore.Mvc.ModelBinding.UnsupportedContentTypeFilter.
2024-09-25 13:02:13.215 +05:30  VRB  Action Filter: After executing OnActionExecuted on filter Microsoft.AspNetCore.Mvc.ModelBinding.UnsupportedContentTypeFilter.
2024-09-25 13:02:13.216 +05:30  VRB  Result Filter: Before executing OnResultExecuting on filter Microsoft.AspNetCore.Mvc.Infrastructure.ClientErrorResultFilter.
2024-09-25 13:02:13.217 +05:30  VRB  Result Filter: After executing OnResultExecuting on filter Microsoft.AspNetCore.Mvc.Infrastructure.ClientErrorResultFilter.
2024-09-25 13:02:13.218 +05:30  VRB  Before executing action result Microsoft.AspNetCore.Mvc.BadRequestObjectResult.
2024-09-25 13:02:13.219 +05:30  DBG  List of registered output formatters, in the following order: ["Microsoft.AspNetCore.Mvc.Formatters.HttpNoContentOutputFormatter","Microsoft.AspNetCore.Mvc.Formatters.StringOutputFormatter","Microsoft.AspNetCore.Mvc.Formatters.StreamOutputFormatter","Microsoft.AspNetCore.Mvc.Formatters.SystemTextJsonOutputFormatter"]
2024-09-25 13:02:13.221 +05:30  DBG  No information found on request to perform content negotiation.
2024-09-25 13:02:13.221 +05:30  DBG  Attempting to select the first output formatter in the output formatters list which supports a content type from the explicitly specified content types '["application/problem+json","application/problem+xml","application/problem+json","application/problem+xml"]'.
2024-09-25 13:02:13.223 +05:30  DBG  Selected output formatter 'Microsoft.AspNetCore.Mvc.Formatters.SystemTextJsonOutputFormatter' and content type 'application/problem+json' to write the response.
2024-09-25 13:02:13.224 +05:30  INF  Executing BadRequestObjectResult, writing value of type 'Microsoft.AspNetCore.Mvc.ValidationProblemDetails'.
2024-09-25 13:02:13.225 +05:30  VRB  After executing action result Microsoft.AspNetCore.Mvc.BadRequestObjectResult.
2024-09-25 13:02:13.225 +05:30  VRB  Connection id "0HN6T30PDSD6O" sending "HEADERS" frame for stream ID 3 with length 45 and flags "END_HEADERS".
2024-09-25 13:02:13.226 +05:30  VRB  Result Filter: Before executing OnResultExecuted on filter Microsoft.AspNetCore.Mvc.Infrastructure.ClientErrorResultFilter.
2024-09-25 13:02:13.227 +05:30  VRB  Result Filter: After executing OnResultExecuted on filter Microsoft.AspNetCore.Mvc.Infrastructure.ClientErrorResultFilter.
2024-09-25 13:02:13.229 +05:30  VRB  Connection id "0HN6T30PDSD6O" sending "DATA" frame for stream ID 3 with length 370 and flags "NONE".
2024-09-25 13:02:13.230 +05:30  INF  Executed action Web.Ecommerce.Controllers.Account.AccountController.VerifyOtp (Web.Ecommerce) in 41.0413ms
2024-09-25 13:02:13.233 +05:30  INF  Executed endpoint 'Web.Ecommerce.Controllers.Account.AccountController.VerifyOtp (Web.Ecommerce)'
2024-09-25 13:02:13.234 +05:30  INF  Request finished HTTP/2 POST https://localhost:7113/api/Account/VerifyOtp - 400 null application/problem+json; charset=utf-8 68.4743ms
2024-09-25 13:02:13.234 +05:30  VRB  Connection id "0HN6T30PDSD6O" sending "DATA" frame for stream ID 3 with length 0 and flags "END_STREAM".
2024-09-25 13:02:21.907 +05:30  DBG  Connection id "0HN6T30PDSD6O" received FIN.
2024-09-25 13:02:21.909 +05:30  DBG  Connection id "0HN6T30PDSD6O" is closed. The last processed stream ID was 3.
2024-09-25 13:02:21.909 +05:30  DBG  The connection queue processing loop for 0HN6T30PDSD6O completed.
2024-09-25 13:02:21.913 +05:30  DBG  Connection id "0HN6T30PDSD6O" sending FIN because: "The Socket transport's send loop completed gracefully."
2024-09-25 13:02:21.922 +05:30  DBG  Connection id "0HN6T30PDSD6O" stopped.
2024-09-25 13:02:49.619 +05:30  DBG  Connection id "0HN6T30PDSD6P" accepted.
2024-09-25 13:02:49.627 +05:30  DBG  Connection id "0HN6T30PDSD6P" started.
2024-09-25 13:02:49.633 +05:30  DBG  Connection 0HN6T30PDSD6P established using the following protocol: "Tls12"
2024-09-25 13:02:49.638 +05:30  VRB  Connection id "0HN6T30PDSD6P" sending "SETTINGS" frame for stream ID 0 with length 24 and flags "NONE".
2024-09-25 13:02:49.640 +05:30  VRB  Connection id "0HN6T30PDSD6P" sending "WINDOW_UPDATE" frame for stream ID 0 with length 4 and flags 0x0.
2024-09-25 13:02:49.641 +05:30  VRB  Connection id "0HN6T30PDSD6P" received "SETTINGS" frame for stream ID 0 with length 24 and flags "NONE".
2024-09-25 13:02:49.643 +05:30  VRB  Connection id "0HN6T30PDSD6P" sending "SETTINGS" frame for stream ID 0 with length 0 and flags "ACK".
2024-09-25 13:02:49.645 +05:30  VRB  Connection id "0HN6T30PDSD6P" received "WINDOW_UPDATE" frame for stream ID 0 with length 4 and flags 0x0.
2024-09-25 13:02:49.647 +05:30  VRB  Connection id "0HN6T30PDSD6P" received "HEADERS" frame for stream ID 1 with length 338 and flags "END_STREAM, END_HEADERS, PRIORITY".
2024-09-25 13:02:49.648 +05:30  VRB  Connection id "0HN6T30PDSD6P" received "SETTINGS" frame for stream ID 0 with length 0 and flags "ACK".
2024-09-25 13:02:49.648 +05:30  INF  Request starting HTTP/2 OPTIONS https://localhost:7113/api/Account/VerifyOtp - null null
2024-09-25 13:02:49.653 +05:30  VRB  All hosts are allowed.
2024-09-25 13:02:49.653 +05:30  DBG  1 candidate(s) found for the request path '/api/Account/VerifyOtp'
2024-09-25 13:02:49.654 +05:30  DBG  Request matched endpoint '405 HTTP Method Not Supported'
2024-09-25 13:02:49.655 +05:30  VRB  The endpoint does not specify the IRequestSizeLimitMetadata.
2024-09-25 13:02:49.655 +05:30  DBG  Static files was skipped as the request already matched an endpoint.
2024-09-25 13:02:49.656 +05:30  DBG  The request has an origin header: 'http://localhost:4200'.
2024-09-25 13:02:49.657 +05:30  INF  CORS policy execution successful.
2024-09-25 13:02:49.657 +05:30  DBG  The request is a preflight request.
2024-09-25 13:02:49.658 +05:30  INF  Request finished HTTP/2 OPTIONS https://localhost:7113/api/Account/VerifyOtp - 204 null null 9.2172ms
2024-09-25 13:02:49.658 +05:30  VRB  Connection id "0HN6T30PDSD6P" sending "HEADERS" frame for stream ID 1 with length 122 and flags "END_STREAM, END_HEADERS".
2024-09-25 13:02:49.664 +05:30  VRB  Connection id "0HN6T30PDSD6P" received "HEADERS" frame for stream ID 3 with length 184 and flags "END_HEADERS, PRIORITY".
2024-09-25 13:02:49.665 +05:30  VRB  Connection id "0HN6T30PDSD6P" received "DATA" frame for stream ID 3 with length 39 and flags "END_STREAM".
2024-09-25 13:02:49.665 +05:30  INF  Request starting HTTP/2 POST https://localhost:7113/api/Account/VerifyOtp - application/json 39
2024-09-25 13:02:49.669 +05:30  VRB  All hosts are allowed.
2024-09-25 13:02:49.670 +05:30  DBG  1 candidate(s) found for the request path '/api/Account/VerifyOtp'
2024-09-25 13:02:49.670 +05:30  DBG  Endpoint 'Web.Ecommerce.Controllers.Account.AccountController.VerifyOtp (Web.Ecommerce)' with route pattern 'api/Account/VerifyOtp' is valid for the request path '/api/Account/VerifyOtp'
2024-09-25 13:02:49.672 +05:30  DBG  Request matched endpoint 'Web.Ecommerce.Controllers.Account.AccountController.VerifyOtp (Web.Ecommerce)'
2024-09-25 13:02:49.672 +05:30  VRB  The endpoint does not specify the IRequestSizeLimitMetadata.
2024-09-25 13:02:49.673 +05:30  DBG  Static files was skipped as the request already matched an endpoint.
2024-09-25 13:02:49.673 +05:30  DBG  The request has an origin header: 'http://localhost:4200'.
2024-09-25 13:02:49.674 +05:30  INF  CORS policy execution successful.
2024-09-25 13:02:49.675 +05:30  DBG  AuthenticationScheme: Bearer was not authenticated.
2024-09-25 13:02:49.675 +05:30  INF  Executing endpoint 'Web.Ecommerce.Controllers.Account.AccountController.VerifyOtp (Web.Ecommerce)'
2024-09-25 13:02:49.676 +05:30  INF  Route matched with {action = "VerifyOtp", controller = "Account"}. Executing controller action with signature System.Threading.Tasks.Task`1[Microsoft.AspNetCore.Mvc.IActionResult] VerifyOtp(Application.Ecom.Authentication.Commands.VerifyOTP.VerifyOtpCommand) on controller Web.Ecommerce.Controllers.Account.AccountController (Web.Ecommerce).
2024-09-25 13:02:49.679 +05:30  DBG  Execution plan of authorization filters (in the following order): ["None"]
2024-09-25 13:02:49.680 +05:30  DBG  Execution plan of resource filters (in the following order): ["None"]
2024-09-25 13:02:49.681 +05:30  DBG  Execution plan of action filters (in the following order): ["Microsoft.AspNetCore.Mvc.ModelBinding.UnsupportedContentTypeFilter (Order: -3000)","Microsoft.AspNetCore.Mvc.Infrastructure.ModelStateInvalidFilter (Order: -2000)"]
2024-09-25 13:02:49.682 +05:30  DBG  Execution plan of exception filters (in the following order): ["None"]
2024-09-25 13:02:49.684 +05:30  DBG  Execution plan of result filters (in the following order): ["Microsoft.AspNetCore.Mvc.Infrastructure.ClientErrorResultFilter (Order: -2000)"]
2024-09-25 13:02:49.685 +05:30  DBG  Executing controller factory for controller Web.Ecommerce.Controllers.Account.AccountController (Web.Ecommerce)
2024-09-25 13:02:49.686 +05:30  DBG  Executed controller factory for controller Web.Ecommerce.Controllers.Account.AccountController (Web.Ecommerce)
2024-09-25 13:02:49.688 +05:30  DBG  Attempting to bind parameter 'command' of type 'Application.Ecom.Authentication.Commands.VerifyOTP.VerifyOtpCommand' ...
2024-09-25 13:02:49.689 +05:30  DBG  Attempting to bind parameter 'command' of type 'Application.Ecom.Authentication.Commands.VerifyOTP.VerifyOtpCommand' using the name '' in request data ...
2024-09-25 13:02:49.690 +05:30  DBG  Selected input formatter 'Microsoft.AspNetCore.Mvc.Formatters.SystemTextJsonInputFormatter' for content type 'application/json'.
2024-09-25 13:02:49.691 +05:30  DBG  Connection id "0HN6T30PDSD6P", Request id "0HN6T30PDSD6P:00000003": started reading request body.
2024-09-25 13:02:49.692 +05:30  DBG  Connection id "0HN6T30PDSD6P", Request id "0HN6T30PDSD6P:00000003": done reading request body.
2024-09-25 13:02:49.695 +05:30  DBG  JSON input formatter threw an exception: The JSON value could not be converted to System.String. Path: $.otp | LineNumber: 0 | BytePositionInLine: 38.
2024-09-25 13:02:49.697 +05:30  DBG  Done attempting to bind parameter 'command' of type 'Application.Ecom.Authentication.Commands.VerifyOTP.VerifyOtpCommand'.
2024-09-25 13:02:49.699 +05:30  DBG  Done attempting to bind parameter 'command' of type 'Application.Ecom.Authentication.Commands.VerifyOTP.VerifyOtpCommand'.
2024-09-25 13:02:49.700 +05:30  DBG  Attempting to validate the bound parameter 'command' of type 'Application.Ecom.Authentication.Commands.VerifyOTP.VerifyOtpCommand' ...
2024-09-25 13:02:49.701 +05:30  DBG  Done attempting to validate the bound parameter 'command' of type 'Application.Ecom.Authentication.Commands.VerifyOTP.VerifyOtpCommand'.
2024-09-25 13:02:49.702 +05:30  VRB  Action Filter: Before executing OnActionExecuting on filter Microsoft.AspNetCore.Mvc.ModelBinding.UnsupportedContentTypeFilter.
2024-09-25 13:02:49.704 +05:30  VRB  Action Filter: After executing OnActionExecuting on filter Microsoft.AspNetCore.Mvc.ModelBinding.UnsupportedContentTypeFilter.
2024-09-25 13:02:49.705 +05:30  VRB  Action Filter: Before executing OnActionExecuting on filter Microsoft.AspNetCore.Mvc.Infrastructure.ModelStateInvalidFilter.
2024-09-25 13:02:49.706 +05:30  DBG  The request has model state errors, returning an error response.
2024-09-25 13:02:49.707 +05:30  VRB  Action Filter: After executing OnActionExecuting on filter Microsoft.AspNetCore.Mvc.Infrastructure.ModelStateInvalidFilter.
2024-09-25 13:02:49.708 +05:30  DBG  Request was short circuited at action filter 'Microsoft.AspNetCore.Mvc.Infrastructure.ModelStateInvalidFilter'.
2024-09-25 13:02:49.709 +05:30  VRB  Action Filter: Before executing OnActionExecuted on filter Microsoft.AspNetCore.Mvc.ModelBinding.UnsupportedContentTypeFilter.
2024-09-25 13:02:49.710 +05:30  VRB  Action Filter: After executing OnActionExecuted on filter Microsoft.AspNetCore.Mvc.ModelBinding.UnsupportedContentTypeFilter.
2024-09-25 13:02:49.712 +05:30  VRB  Result Filter: Before executing OnResultExecuting on filter Microsoft.AspNetCore.Mvc.Infrastructure.ClientErrorResultFilter.
2024-09-25 13:02:49.714 +05:30  VRB  Result Filter: After executing OnResultExecuting on filter Microsoft.AspNetCore.Mvc.Infrastructure.ClientErrorResultFilter.
2024-09-25 13:02:49.715 +05:30  VRB  Before executing action result Microsoft.AspNetCore.Mvc.BadRequestObjectResult.
2024-09-25 13:02:49.716 +05:30  DBG  List of registered output formatters, in the following order: ["Microsoft.AspNetCore.Mvc.Formatters.HttpNoContentOutputFormatter","Microsoft.AspNetCore.Mvc.Formatters.StringOutputFormatter","Microsoft.AspNetCore.Mvc.Formatters.StreamOutputFormatter","Microsoft.AspNetCore.Mvc.Formatters.SystemTextJsonOutputFormatter"]
2024-09-25 13:02:49.718 +05:30  DBG  No information found on request to perform content negotiation.
2024-09-25 13:02:49.719 +05:30  DBG  Attempting to select the first output formatter in the output formatters list which supports a content type from the explicitly specified content types '["application/problem+json","application/problem+xml","application/problem+json","application/problem+xml"]'.
2024-09-25 13:02:49.720 +05:30  DBG  Selected output formatter 'Microsoft.AspNetCore.Mvc.Formatters.SystemTextJsonOutputFormatter' and content type 'application/problem+json' to write the response.
2024-09-25 13:02:49.721 +05:30  INF  Executing BadRequestObjectResult, writing value of type 'Microsoft.AspNetCore.Mvc.ValidationProblemDetails'.
2024-09-25 13:02:49.722 +05:30  VRB  After executing action result Microsoft.AspNetCore.Mvc.BadRequestObjectResult.
2024-09-25 13:02:49.722 +05:30  VRB  Connection id "0HN6T30PDSD6P" sending "HEADERS" frame for stream ID 3 with length 45 and flags "END_HEADERS".
2024-09-25 13:02:49.723 +05:30  VRB  Result Filter: Before executing OnResultExecuted on filter Microsoft.AspNetCore.Mvc.Infrastructure.ClientErrorResultFilter.
2024-09-25 13:02:49.725 +05:30  VRB  Connection id "0HN6T30PDSD6P" sending "DATA" frame for stream ID 3 with length 370 and flags "NONE".
2024-09-25 13:02:49.726 +05:30  VRB  Result Filter: After executing OnResultExecuted on filter Microsoft.AspNetCore.Mvc.Infrastructure.ClientErrorResultFilter.
2024-09-25 13:02:49.730 +05:30  INF  Executed action Web.Ecommerce.Controllers.Account.AccountController.VerifyOtp (Web.Ecommerce) in 44.6906ms
2024-09-25 13:02:49.731 +05:30  INF  Executed endpoint 'Web.Ecommerce.Controllers.Account.AccountController.VerifyOtp (Web.Ecommerce)'
2024-09-25 13:02:49.733 +05:30  INF  Request finished HTTP/2 POST https://localhost:7113/api/Account/VerifyOtp - 400 null application/problem+json; charset=utf-8 67.65ms
2024-09-25 13:02:49.733 +05:30  VRB  Connection id "0HN6T30PDSD6P" sending "DATA" frame for stream ID 3 with length 0 and flags "END_STREAM".
2024-09-25 13:02:51.973 +05:30  DBG  Connection id "0HN6T30PDSD6P" received FIN.
2024-09-25 13:02:51.975 +05:30  DBG  Connection id "0HN6T30PDSD6P" is closed. The last processed stream ID was 3.
2024-09-25 13:02:51.975 +05:30  DBG  The connection queue processing loop for 0HN6T30PDSD6P completed.
2024-09-25 13:02:51.981 +05:30  DBG  Connection id "0HN6T30PDSD6P" sending FIN because: "The Socket transport's send loop completed gracefully."
2024-09-25 13:02:51.988 +05:30  DBG  Connection id "0HN6T30PDSD6P" stopped.
2024-09-25 14:35:00.080 +05:30  DBG  Connection id "0HN6T30PDSD6Q" accepted.
2024-09-25 14:35:00.084 +05:30  DBG  Connection id "0HN6T30PDSD6Q" started.
2024-09-25 14:35:00.096 +05:30  DBG  Connection 0HN6T30PDSD6Q established using the following protocol: "Tls12"
2024-09-25 14:35:00.099 +05:30  VRB  Connection id "0HN6T30PDSD6Q" sending "SETTINGS" frame for stream ID 0 with length 24 and flags "NONE".
2024-09-25 14:35:00.102 +05:30  VRB  Connection id "0HN6T30PDSD6Q" sending "WINDOW_UPDATE" frame for stream ID 0 with length 4 and flags 0x0.
2024-09-25 14:35:00.104 +05:30  VRB  Connection id "0HN6T30PDSD6Q" received "SETTINGS" frame for stream ID 0 with length 24 and flags "NONE".
2024-09-25 14:35:00.108 +05:30  VRB  Connection id "0HN6T30PDSD6Q" sending "SETTINGS" frame for stream ID 0 with length 0 and flags "ACK".
2024-09-25 14:35:00.110 +05:30  VRB  Connection id "0HN6T30PDSD6Q" received "WINDOW_UPDATE" frame for stream ID 0 with length 4 and flags 0x0.
2024-09-25 14:35:00.112 +05:30  VRB  Connection id "0HN6T30PDSD6Q" received "HEADERS" frame for stream ID 1 with length 338 and flags "END_STREAM, END_HEADERS, PRIORITY".
2024-09-25 14:35:00.114 +05:30  VRB  Connection id "0HN6T30PDSD6Q" received "SETTINGS" frame for stream ID 0 with length 0 and flags "ACK".
2024-09-25 14:35:00.114 +05:30  INF  Request starting HTTP/2 OPTIONS https://localhost:7113/api/Account/VerifyOtp - null null
2024-09-25 14:35:00.117 +05:30  VRB  All hosts are allowed.
2024-09-25 14:35:00.118 +05:30  DBG  1 candidate(s) found for the request path '/api/Account/VerifyOtp'
2024-09-25 14:35:00.119 +05:30  DBG  Request matched endpoint '405 HTTP Method Not Supported'
2024-09-25 14:35:00.119 +05:30  VRB  The endpoint does not specify the IRequestSizeLimitMetadata.
2024-09-25 14:35:00.120 +05:30  DBG  Static files was skipped as the request already matched an endpoint.
2024-09-25 14:35:00.121 +05:30  DBG  The request has an origin header: 'http://localhost:4200'.
2024-09-25 14:35:00.122 +05:30  INF  CORS policy execution successful.
2024-09-25 14:35:00.122 +05:30  DBG  The request is a preflight request.
2024-09-25 14:35:00.131 +05:30  INF  Request finished HTTP/2 OPTIONS https://localhost:7113/api/Account/VerifyOtp - 204 null null 17.5057ms
2024-09-25 14:35:00.132 +05:30  VRB  Connection id "0HN6T30PDSD6Q" sending "HEADERS" frame for stream ID 1 with length 122 and flags "END_STREAM, END_HEADERS".
2024-09-25 14:35:00.143 +05:30  VRB  Connection id "0HN6T30PDSD6Q" received "HEADERS" frame for stream ID 3 with length 184 and flags "END_HEADERS, PRIORITY".
2024-09-25 14:35:00.145 +05:30  VRB  Connection id "0HN6T30PDSD6Q" received "DATA" frame for stream ID 3 with length 40 and flags "END_STREAM".
2024-09-25 14:35:00.145 +05:30  INF  Request starting HTTP/2 POST https://localhost:7113/api/Account/VerifyOtp - application/json 40
2024-09-25 14:35:00.148 +05:30  VRB  All hosts are allowed.
2024-09-25 14:35:00.149 +05:30  DBG  1 candidate(s) found for the request path '/api/Account/VerifyOtp'
2024-09-25 14:35:00.150 +05:30  DBG  Endpoint 'Web.Ecommerce.Controllers.Account.AccountController.VerifyOtp (Web.Ecommerce)' with route pattern 'api/Account/VerifyOtp' is valid for the request path '/api/Account/VerifyOtp'
2024-09-25 14:35:00.151 +05:30  DBG  Request matched endpoint 'Web.Ecommerce.Controllers.Account.AccountController.VerifyOtp (Web.Ecommerce)'
2024-09-25 14:35:00.152 +05:30  VRB  The endpoint does not specify the IRequestSizeLimitMetadata.
2024-09-25 14:35:00.152 +05:30  DBG  Static files was skipped as the request already matched an endpoint.
2024-09-25 14:35:00.153 +05:30  DBG  The request has an origin header: 'http://localhost:4200'.
2024-09-25 14:35:00.154 +05:30  INF  CORS policy execution successful.
2024-09-25 14:35:00.154 +05:30  DBG  AuthenticationScheme: Bearer was not authenticated.
2024-09-25 14:35:00.155 +05:30  INF  Executing endpoint 'Web.Ecommerce.Controllers.Account.AccountController.VerifyOtp (Web.Ecommerce)'
2024-09-25 14:35:00.156 +05:30  INF  Route matched with {action = "VerifyOtp", controller = "Account"}. Executing controller action with signature System.Threading.Tasks.Task`1[Microsoft.AspNetCore.Mvc.IActionResult] VerifyOtp(Application.Ecom.Authentication.Commands.VerifyOTP.VerifyOtpCommand) on controller Web.Ecommerce.Controllers.Account.AccountController (Web.Ecommerce).
2024-09-25 14:35:00.159 +05:30  DBG  Execution plan of authorization filters (in the following order): ["None"]
2024-09-25 14:35:00.160 +05:30  DBG  Execution plan of resource filters (in the following order): ["None"]
2024-09-25 14:35:00.162 +05:30  DBG  Execution plan of action filters (in the following order): ["Microsoft.AspNetCore.Mvc.ModelBinding.UnsupportedContentTypeFilter (Order: -3000)","Microsoft.AspNetCore.Mvc.Infrastructure.ModelStateInvalidFilter (Order: -2000)"]
2024-09-25 14:35:00.164 +05:30  DBG  Execution plan of exception filters (in the following order): ["None"]
2024-09-25 14:35:00.165 +05:30  DBG  Execution plan of result filters (in the following order): ["Microsoft.AspNetCore.Mvc.Infrastructure.ClientErrorResultFilter (Order: -2000)"]
2024-09-25 14:35:00.166 +05:30  DBG  Executing controller factory for controller Web.Ecommerce.Controllers.Account.AccountController (Web.Ecommerce)
2024-09-25 14:35:00.167 +05:30  DBG  Executed controller factory for controller Web.Ecommerce.Controllers.Account.AccountController (Web.Ecommerce)
2024-09-25 14:35:00.168 +05:30  DBG  Attempting to bind parameter 'command' of type 'Application.Ecom.Authentication.Commands.VerifyOTP.VerifyOtpCommand' ...
2024-09-25 14:35:00.169 +05:30  DBG  Attempting to bind parameter 'command' of type 'Application.Ecom.Authentication.Commands.VerifyOTP.VerifyOtpCommand' using the name '' in request data ...
2024-09-25 14:35:00.170 +05:30  DBG  Selected input formatter 'Microsoft.AspNetCore.Mvc.Formatters.SystemTextJsonInputFormatter' for content type 'application/json'.
2024-09-25 14:35:00.172 +05:30  DBG  Connection id "0HN6T30PDSD6Q", Request id "0HN6T30PDSD6Q:00000003": started reading request body.
2024-09-25 14:35:00.175 +05:30  DBG  Connection id "0HN6T30PDSD6Q", Request id "0HN6T30PDSD6Q:00000003": done reading request body.
2024-09-25 14:35:00.179 +05:30  DBG  JSON input formatter threw an exception: The JSON value could not be converted to System.String. Path: $.otp | LineNumber: 0 | BytePositionInLine: 39.
2024-09-25 14:35:00.180 +05:30  DBG  Done attempting to bind parameter 'command' of type 'Application.Ecom.Authentication.Commands.VerifyOTP.VerifyOtpCommand'.
2024-09-25 14:35:00.181 +05:30  DBG  Done attempting to bind parameter 'command' of type 'Application.Ecom.Authentication.Commands.VerifyOTP.VerifyOtpCommand'.
2024-09-25 14:35:00.182 +05:30  DBG  Attempting to validate the bound parameter 'command' of type 'Application.Ecom.Authentication.Commands.VerifyOTP.VerifyOtpCommand' ...
2024-09-25 14:35:00.183 +05:30  DBG  Done attempting to validate the bound parameter 'command' of type 'Application.Ecom.Authentication.Commands.VerifyOTP.VerifyOtpCommand'.
2024-09-25 14:35:00.184 +05:30  VRB  Action Filter: Before executing OnActionExecuting on filter Microsoft.AspNetCore.Mvc.ModelBinding.UnsupportedContentTypeFilter.
2024-09-25 14:35:00.185 +05:30  VRB  Action Filter: After executing OnActionExecuting on filter Microsoft.AspNetCore.Mvc.ModelBinding.UnsupportedContentTypeFilter.
2024-09-25 14:35:00.186 +05:30  VRB  Action Filter: Before executing OnActionExecuting on filter Microsoft.AspNetCore.Mvc.Infrastructure.ModelStateInvalidFilter.
2024-09-25 14:35:00.187 +05:30  DBG  The request has model state errors, returning an error response.
2024-09-25 14:35:00.188 +05:30  VRB  Action Filter: After executing OnActionExecuting on filter Microsoft.AspNetCore.Mvc.Infrastructure.ModelStateInvalidFilter.
2024-09-25 14:35:00.189 +05:30  DBG  Request was short circuited at action filter 'Microsoft.AspNetCore.Mvc.Infrastructure.ModelStateInvalidFilter'.
2024-09-25 14:35:00.191 +05:30  VRB  Action Filter: Before executing OnActionExecuted on filter Microsoft.AspNetCore.Mvc.ModelBinding.UnsupportedContentTypeFilter.
2024-09-25 14:35:00.192 +05:30  VRB  Action Filter: After executing OnActionExecuted on filter Microsoft.AspNetCore.Mvc.ModelBinding.UnsupportedContentTypeFilter.
2024-09-25 14:35:00.193 +05:30  VRB  Result Filter: Before executing OnResultExecuting on filter Microsoft.AspNetCore.Mvc.Infrastructure.ClientErrorResultFilter.
2024-09-25 14:35:00.194 +05:30  VRB  Result Filter: After executing OnResultExecuting on filter Microsoft.AspNetCore.Mvc.Infrastructure.ClientErrorResultFilter.
2024-09-25 14:35:00.195 +05:30  VRB  Before executing action result Microsoft.AspNetCore.Mvc.BadRequestObjectResult.
2024-09-25 14:35:00.196 +05:30  DBG  List of registered output formatters, in the following order: ["Microsoft.AspNetCore.Mvc.Formatters.HttpNoContentOutputFormatter","Microsoft.AspNetCore.Mvc.Formatters.StringOutputFormatter","Microsoft.AspNetCore.Mvc.Formatters.StreamOutputFormatter","Microsoft.AspNetCore.Mvc.Formatters.SystemTextJsonOutputFormatter"]
2024-09-25 14:35:00.198 +05:30  DBG  No information found on request to perform content negotiation.
2024-09-25 14:35:00.198 +05:30  DBG  Attempting to select the first output formatter in the output formatters list which supports a content type from the explicitly specified content types '["application/problem+json","application/problem+xml","application/problem+json","application/problem+xml"]'.
2024-09-25 14:35:00.200 +05:30  DBG  Selected output formatter 'Microsoft.AspNetCore.Mvc.Formatters.SystemTextJsonOutputFormatter' and content type 'application/problem+json' to write the response.
2024-09-25 14:35:00.201 +05:30  INF  Executing BadRequestObjectResult, writing value of type 'Microsoft.AspNetCore.Mvc.ValidationProblemDetails'.
2024-09-25 14:35:00.202 +05:30  VRB  After executing action result Microsoft.AspNetCore.Mvc.BadRequestObjectResult.
2024-09-25 14:35:00.202 +05:30  VRB  Connection id "0HN6T30PDSD6Q" sending "HEADERS" frame for stream ID 3 with length 75 and flags "END_HEADERS".
2024-09-25 14:35:00.203 +05:30  VRB  Result Filter: Before executing OnResultExecuted on filter Microsoft.AspNetCore.Mvc.Infrastructure.ClientErrorResultFilter.
2024-09-25 14:35:00.204 +05:30  VRB  Connection id "0HN6T30PDSD6Q" sending "DATA" frame for stream ID 3 with length 370 and flags "NONE".
2024-09-25 14:35:00.206 +05:30  VRB  Result Filter: After executing OnResultExecuted on filter Microsoft.AspNetCore.Mvc.Infrastructure.ClientErrorResultFilter.
2024-09-25 14:35:00.209 +05:30  INF  Executed action Web.Ecommerce.Controllers.Account.AccountController.VerifyOtp (Web.Ecommerce) in 43.0375ms
2024-09-25 14:35:00.210 +05:30  INF  Executed endpoint 'Web.Ecommerce.Controllers.Account.AccountController.VerifyOtp (Web.Ecommerce)'
2024-09-25 14:35:00.211 +05:30  INF  Request finished HTTP/2 POST https://localhost:7113/api/Account/VerifyOtp - 400 null application/problem+json; charset=utf-8 66.3877ms
2024-09-25 14:35:00.211 +05:30  VRB  Connection id "0HN6T30PDSD6Q" sending "DATA" frame for stream ID 3 with length 0 and flags "END_STREAM".
2024-09-25 14:35:06.106 +05:30  DBG  Connection id "0HN6T30PDSD6Q" received FIN.
2024-09-25 14:35:06.110 +05:30  DBG  Connection id "0HN6T30PDSD6Q" is closed. The last processed stream ID was 3.
2024-09-25 14:35:06.110 +05:30  DBG  Connection id "0HN6T30PDSD6Q" sending FIN because: "The Socket transport's send loop completed gracefully."
2024-09-25 14:35:06.113 +05:30  DBG  The connection queue processing loop for 0HN6T30PDSD6Q completed.
2024-09-25 14:35:06.114 +05:30  DBG  Connection id "0HN6T30PDSD6Q" stopped.
2024-09-25 15:47:15.443 +05:30  DBG  Connection id "0HN6T30PDSD6R" accepted.
2024-09-25 15:47:15.448 +05:30  DBG  Connection id "0HN6T30PDSD6R" started.
2024-09-25 15:47:15.457 +05:30  DBG  Connection 0HN6T30PDSD6R established using the following protocol: "Tls12"
2024-09-25 15:47:15.461 +05:30  VRB  Connection id "0HN6T30PDSD6R" sending "SETTINGS" frame for stream ID 0 with length 24 and flags "NONE".
2024-09-25 15:47:15.463 +05:30  VRB  Connection id "0HN6T30PDSD6R" sending "WINDOW_UPDATE" frame for stream ID 0 with length 4 and flags 0x0.
2024-09-25 15:47:15.465 +05:30  VRB  Connection id "0HN6T30PDSD6R" received "SETTINGS" frame for stream ID 0 with length 24 and flags "NONE".
2024-09-25 15:47:15.468 +05:30  VRB  Connection id "0HN6T30PDSD6R" sending "SETTINGS" frame for stream ID 0 with length 0 and flags "ACK".
2024-09-25 15:47:15.471 +05:30  VRB  Connection id "0HN6T30PDSD6R" received "WINDOW_UPDATE" frame for stream ID 0 with length 4 and flags 0x0.
2024-09-25 15:47:15.473 +05:30  VRB  Connection id "0HN6T30PDSD6R" received "HEADERS" frame for stream ID 1 with length 338 and flags "END_STREAM, END_HEADERS, PRIORITY".
2024-09-25 15:47:15.475 +05:30  VRB  Connection id "0HN6T30PDSD6R" received "SETTINGS" frame for stream ID 0 with length 0 and flags "ACK".
2024-09-25 15:47:15.475 +05:30  INF  Request starting HTTP/2 OPTIONS https://localhost:7113/api/Account/VerifyOtp - null null
2024-09-25 15:47:15.480 +05:30  VRB  All hosts are allowed.
2024-09-25 15:47:15.481 +05:30  DBG  1 candidate(s) found for the request path '/api/Account/VerifyOtp'
2024-09-25 15:47:15.482 +05:30  DBG  Request matched endpoint '405 HTTP Method Not Supported'
2024-09-25 15:47:15.482 +05:30  VRB  The endpoint does not specify the IRequestSizeLimitMetadata.
2024-09-25 15:47:15.483 +05:30  DBG  Static files was skipped as the request already matched an endpoint.
2024-09-25 15:47:15.483 +05:30  DBG  The request has an origin header: 'http://localhost:4200'.
2024-09-25 15:47:15.484 +05:30  INF  CORS policy execution successful.
2024-09-25 15:47:15.485 +05:30  DBG  The request is a preflight request.
2024-09-25 15:47:15.485 +05:30  INF  Request finished HTTP/2 OPTIONS https://localhost:7113/api/Account/VerifyOtp - 204 null null 10.1136ms
2024-09-25 15:47:15.485 +05:30  VRB  Connection id "0HN6T30PDSD6R" sending "HEADERS" frame for stream ID 1 with length 122 and flags "END_STREAM, END_HEADERS".
2024-09-25 15:47:15.490 +05:30  VRB  Connection id "0HN6T30PDSD6R" received "HEADERS" frame for stream ID 3 with length 184 and flags "END_HEADERS, PRIORITY".
2024-09-25 15:47:15.492 +05:30  VRB  Connection id "0HN6T30PDSD6R" received "DATA" frame for stream ID 3 with length 40 and flags "END_STREAM".
2024-09-25 15:47:15.492 +05:30  INF  Request starting HTTP/2 POST https://localhost:7113/api/Account/VerifyOtp - application/json 40
2024-09-25 15:47:15.497 +05:30  VRB  All hosts are allowed.
2024-09-25 15:47:15.497 +05:30  DBG  1 candidate(s) found for the request path '/api/Account/VerifyOtp'
2024-09-25 15:47:15.498 +05:30  DBG  Endpoint 'Web.Ecommerce.Controllers.Account.AccountController.VerifyOtp (Web.Ecommerce)' with route pattern 'api/Account/VerifyOtp' is valid for the request path '/api/Account/VerifyOtp'
2024-09-25 15:47:15.499 +05:30  DBG  Request matched endpoint 'Web.Ecommerce.Controllers.Account.AccountController.VerifyOtp (Web.Ecommerce)'
2024-09-25 15:47:15.500 +05:30  VRB  The endpoint does not specify the IRequestSizeLimitMetadata.
2024-09-25 15:47:15.501 +05:30  DBG  Static files was skipped as the request already matched an endpoint.
2024-09-25 15:47:15.501 +05:30  DBG  The request has an origin header: 'http://localhost:4200'.
2024-09-25 15:47:15.502 +05:30  INF  CORS policy execution successful.
2024-09-25 15:47:15.502 +05:30  DBG  AuthenticationScheme: Bearer was not authenticated.
2024-09-25 15:47:15.503 +05:30  INF  Executing endpoint 'Web.Ecommerce.Controllers.Account.AccountController.VerifyOtp (Web.Ecommerce)'
2024-09-25 15:47:15.504 +05:30  INF  Route matched with {action = "VerifyOtp", controller = "Account"}. Executing controller action with signature System.Threading.Tasks.Task`1[Microsoft.AspNetCore.Mvc.IActionResult] VerifyOtp(Application.Ecom.Authentication.Commands.VerifyOTP.VerifyOtpCommand) on controller Web.Ecommerce.Controllers.Account.AccountController (Web.Ecommerce).
2024-09-25 15:47:15.506 +05:30  DBG  Execution plan of authorization filters (in the following order): ["None"]
2024-09-25 15:47:15.507 +05:30  DBG  Execution plan of resource filters (in the following order): ["None"]
2024-09-25 15:47:15.508 +05:30  DBG  Execution plan of action filters (in the following order): ["Microsoft.AspNetCore.Mvc.ModelBinding.UnsupportedContentTypeFilter (Order: -3000)","Microsoft.AspNetCore.Mvc.Infrastructure.ModelStateInvalidFilter (Order: -2000)"]
2024-09-25 15:47:15.509 +05:30  DBG  Execution plan of exception filters (in the following order): ["None"]
2024-09-25 15:47:15.511 +05:30  DBG  Execution plan of result filters (in the following order): ["Microsoft.AspNetCore.Mvc.Infrastructure.ClientErrorResultFilter (Order: -2000)"]
2024-09-25 15:47:15.512 +05:30  DBG  Executing controller factory for controller Web.Ecommerce.Controllers.Account.AccountController (Web.Ecommerce)
2024-09-25 15:47:15.513 +05:30  DBG  Executed controller factory for controller Web.Ecommerce.Controllers.Account.AccountController (Web.Ecommerce)
2024-09-25 15:47:15.514 +05:30  DBG  Attempting to bind parameter 'command' of type 'Application.Ecom.Authentication.Commands.VerifyOTP.VerifyOtpCommand' ...
2024-09-25 15:47:15.515 +05:30  DBG  Attempting to bind parameter 'command' of type 'Application.Ecom.Authentication.Commands.VerifyOTP.VerifyOtpCommand' using the name '' in request data ...
2024-09-25 15:47:15.517 +05:30  DBG  Selected input formatter 'Microsoft.AspNetCore.Mvc.Formatters.SystemTextJsonInputFormatter' for content type 'application/json'.
2024-09-25 15:47:15.518 +05:30  DBG  Connection id "0HN6T30PDSD6R", Request id "0HN6T30PDSD6R:00000003": started reading request body.
2024-09-25 15:47:15.519 +05:30  DBG  Connection id "0HN6T30PDSD6R", Request id "0HN6T30PDSD6R:00000003": done reading request body.
2024-09-25 15:47:15.520 +05:30  DBG  JSON input formatter threw an exception: The JSON value could not be converted to System.String. Path: $.otp | LineNumber: 0 | BytePositionInLine: 39.
2024-09-25 15:47:15.521 +05:30  DBG  Done attempting to bind parameter 'command' of type 'Application.Ecom.Authentication.Commands.VerifyOTP.VerifyOtpCommand'.
2024-09-25 15:47:15.522 +05:30  DBG  Done attempting to bind parameter 'command' of type 'Application.Ecom.Authentication.Commands.VerifyOTP.VerifyOtpCommand'.
2024-09-25 15:47:15.523 +05:30  DBG  Attempting to validate the bound parameter 'command' of type 'Application.Ecom.Authentication.Commands.VerifyOTP.VerifyOtpCommand' ...
2024-09-25 15:47:15.524 +05:30  DBG  Done attempting to validate the bound parameter 'command' of type 'Application.Ecom.Authentication.Commands.VerifyOTP.VerifyOtpCommand'.
2024-09-25 15:47:15.525 +05:30  VRB  Action Filter: Before executing OnActionExecuting on filter Microsoft.AspNetCore.Mvc.ModelBinding.UnsupportedContentTypeFilter.
2024-09-25 15:47:15.527 +05:30  VRB  Action Filter: After executing OnActionExecuting on filter Microsoft.AspNetCore.Mvc.ModelBinding.UnsupportedContentTypeFilter.
2024-09-25 15:47:15.528 +05:30  VRB  Action Filter: Before executing OnActionExecuting on filter Microsoft.AspNetCore.Mvc.Infrastructure.ModelStateInvalidFilter.
2024-09-25 15:47:15.529 +05:30  DBG  The request has model state errors, returning an error response.
2024-09-25 15:47:15.530 +05:30  VRB  Action Filter: After executing OnActionExecuting on filter Microsoft.AspNetCore.Mvc.Infrastructure.ModelStateInvalidFilter.
2024-09-25 15:47:15.531 +05:30  DBG  Request was short circuited at action filter 'Microsoft.AspNetCore.Mvc.Infrastructure.ModelStateInvalidFilter'.
2024-09-25 15:47:15.532 +05:30  VRB  Action Filter: Before executing OnActionExecuted on filter Microsoft.AspNetCore.Mvc.ModelBinding.UnsupportedContentTypeFilter.
2024-09-25 15:47:15.533 +05:30  VRB  Action Filter: After executing OnActionExecuted on filter Microsoft.AspNetCore.Mvc.ModelBinding.UnsupportedContentTypeFilter.
2024-09-25 15:47:15.534 +05:30  VRB  Result Filter: Before executing OnResultExecuting on filter Microsoft.AspNetCore.Mvc.Infrastructure.ClientErrorResultFilter.
2024-09-25 15:47:15.536 +05:30  VRB  Result Filter: After executing OnResultExecuting on filter Microsoft.AspNetCore.Mvc.Infrastructure.ClientErrorResultFilter.
2024-09-25 15:47:15.537 +05:30  VRB  Before executing action result Microsoft.AspNetCore.Mvc.BadRequestObjectResult.
2024-09-25 15:47:15.537 +05:30  DBG  List of registered output formatters, in the following order: ["Microsoft.AspNetCore.Mvc.Formatters.HttpNoContentOutputFormatter","Microsoft.AspNetCore.Mvc.Formatters.StringOutputFormatter","Microsoft.AspNetCore.Mvc.Formatters.StreamOutputFormatter","Microsoft.AspNetCore.Mvc.Formatters.SystemTextJsonOutputFormatter"]
2024-09-25 15:47:15.539 +05:30  DBG  No information found on request to perform content negotiation.
2024-09-25 15:47:15.540 +05:30  DBG  Attempting to select the first output formatter in the output formatters list which supports a content type from the explicitly specified content types '["application/problem+json","application/problem+xml","application/problem+json","application/problem+xml"]'.
2024-09-25 15:47:15.541 +05:30  DBG  Selected output formatter 'Microsoft.AspNetCore.Mvc.Formatters.SystemTextJsonOutputFormatter' and content type 'application/problem+json' to write the response.
2024-09-25 15:47:15.543 +05:30  INF  Executing BadRequestObjectResult, writing value of type 'Microsoft.AspNetCore.Mvc.ValidationProblemDetails'.
2024-09-25 15:47:15.544 +05:30  VRB  After executing action result Microsoft.AspNetCore.Mvc.BadRequestObjectResult.
2024-09-25 15:47:15.544 +05:30  VRB  Connection id "0HN6T30PDSD6R" sending "HEADERS" frame for stream ID 3 with length 45 and flags "END_HEADERS".
2024-09-25 15:47:15.545 +05:30  VRB  Result Filter: Before executing OnResultExecuted on filter Microsoft.AspNetCore.Mvc.Infrastructure.ClientErrorResultFilter.
2024-09-25 15:47:15.546 +05:30  VRB  Result Filter: After executing OnResultExecuted on filter Microsoft.AspNetCore.Mvc.Infrastructure.ClientErrorResultFilter.
2024-09-25 15:47:15.548 +05:30  VRB  Connection id "0HN6T30PDSD6R" sending "DATA" frame for stream ID 3 with length 370 and flags "NONE".
2024-09-25 15:47:15.550 +05:30  INF  Executed action Web.Ecommerce.Controllers.Account.AccountController.VerifyOtp (Web.Ecommerce) in 37.536ms
2024-09-25 15:47:15.553 +05:30  INF  Executed endpoint 'Web.Ecommerce.Controllers.Account.AccountController.VerifyOtp (Web.Ecommerce)'
2024-09-25 15:47:15.554 +05:30  INF  Request finished HTTP/2 POST https://localhost:7113/api/Account/VerifyOtp - 400 null application/problem+json; charset=utf-8 61.2008ms
2024-09-25 15:47:15.554 +05:30  VRB  Connection id "0HN6T30PDSD6R" sending "DATA" frame for stream ID 3 with length 0 and flags "END_STREAM".
2024-09-25 15:47:57.975 +05:30  DBG  Connection id "0HN6T30PDSD6R" received FIN.
2024-09-25 15:47:57.976 +05:30  DBG  Connection id "0HN6T30PDSD6R" is closed. The last processed stream ID was 3.
2024-09-25 15:47:57.977 +05:30  DBG  The connection queue processing loop for 0HN6T30PDSD6R completed.
2024-09-25 15:47:57.981 +05:30  DBG  Connection id "0HN6T30PDSD6R" sending FIN because: "The Socket transport's send loop completed gracefully."
2024-09-25 15:47:57.991 +05:30  DBG  Connection id "0HN6T30PDSD6R" stopped.
2024-09-25 15:48:52.805 +05:30  DBG  Connection id "0HN6T30PDSD6S" accepted.
2024-09-25 15:48:52.808 +05:30  DBG  Connection id "0HN6T30PDSD6S" started.
2024-09-25 15:48:52.814 +05:30  DBG  Connection 0HN6T30PDSD6S established using the following protocol: "Tls12"
2024-09-25 15:48:52.818 +05:30  VRB  Connection id "0HN6T30PDSD6S" sending "SETTINGS" frame for stream ID 0 with length 24 and flags "NONE".
2024-09-25 15:48:52.819 +05:30  VRB  Connection id "0HN6T30PDSD6S" sending "WINDOW_UPDATE" frame for stream ID 0 with length 4 and flags 0x0.
2024-09-25 15:48:52.826 +05:30  VRB  Connection id "0HN6T30PDSD6S" received "SETTINGS" frame for stream ID 0 with length 24 and flags "NONE".
2024-09-25 15:48:52.829 +05:30  VRB  Connection id "0HN6T30PDSD6S" sending "SETTINGS" frame for stream ID 0 with length 0 and flags "ACK".
2024-09-25 15:48:52.830 +05:30  VRB  Connection id "0HN6T30PDSD6S" received "WINDOW_UPDATE" frame for stream ID 0 with length 4 and flags 0x0.
2024-09-25 15:48:52.832 +05:30  VRB  Connection id "0HN6T30PDSD6S" received "HEADERS" frame for stream ID 1 with length 338 and flags "END_STREAM, END_HEADERS, PRIORITY".
2024-09-25 15:48:52.834 +05:30  VRB  Connection id "0HN6T30PDSD6S" received "SETTINGS" frame for stream ID 0 with length 0 and flags "ACK".
2024-09-25 15:48:52.834 +05:30  INF  Request starting HTTP/2 OPTIONS https://localhost:7113/api/Account/VerifyOtp - null null
2024-09-25 15:48:52.838 +05:30  VRB  All hosts are allowed.
2024-09-25 15:48:52.839 +05:30  DBG  1 candidate(s) found for the request path '/api/Account/VerifyOtp'
2024-09-25 15:48:52.839 +05:30  DBG  Request matched endpoint '405 HTTP Method Not Supported'
2024-09-25 15:48:52.840 +05:30  VRB  The endpoint does not specify the IRequestSizeLimitMetadata.
2024-09-25 15:48:52.841 +05:30  DBG  Static files was skipped as the request already matched an endpoint.
2024-09-25 15:48:52.841 +05:30  DBG  The request has an origin header: 'http://localhost:4200'.
2024-09-25 15:48:52.842 +05:30  INF  CORS policy execution successful.
2024-09-25 15:48:52.842 +05:30  DBG  The request is a preflight request.
2024-09-25 15:48:52.843 +05:30  INF  Request finished HTTP/2 OPTIONS https://localhost:7113/api/Account/VerifyOtp - 204 null null 8.7114ms
2024-09-25 15:48:52.843 +05:30  VRB  Connection id "0HN6T30PDSD6S" sending "HEADERS" frame for stream ID 1 with length 122 and flags "END_STREAM, END_HEADERS".
2024-09-25 15:48:52.849 +05:30  VRB  Connection id "0HN6T30PDSD6S" received "HEADERS" frame for stream ID 3 with length 184 and flags "END_HEADERS, PRIORITY".
2024-09-25 15:48:52.851 +05:30  VRB  Connection id "0HN6T30PDSD6S" received "DATA" frame for stream ID 3 with length 42 and flags "END_STREAM".
2024-09-25 15:48:52.851 +05:30  INF  Request starting HTTP/2 POST https://localhost:7113/api/Account/VerifyOtp - application/json 42
2024-09-25 15:48:52.855 +05:30  VRB  All hosts are allowed.
2024-09-25 15:48:52.855 +05:30  DBG  1 candidate(s) found for the request path '/api/Account/VerifyOtp'
2024-09-25 15:48:52.856 +05:30  DBG  Endpoint 'Web.Ecommerce.Controllers.Account.AccountController.VerifyOtp (Web.Ecommerce)' with route pattern 'api/Account/VerifyOtp' is valid for the request path '/api/Account/VerifyOtp'
2024-09-25 15:48:52.857 +05:30  DBG  Request matched endpoint 'Web.Ecommerce.Controllers.Account.AccountController.VerifyOtp (Web.Ecommerce)'
2024-09-25 15:48:52.858 +05:30  VRB  The endpoint does not specify the IRequestSizeLimitMetadata.
2024-09-25 15:48:52.859 +05:30  DBG  Static files was skipped as the request already matched an endpoint.
2024-09-25 15:48:52.859 +05:30  DBG  The request has an origin header: 'http://localhost:4200'.
2024-09-25 15:48:52.860 +05:30  INF  CORS policy execution successful.
2024-09-25 15:48:52.862 +05:30  DBG  AuthenticationScheme: Bearer was not authenticated.
2024-09-25 15:48:52.863 +05:30  INF  Executing endpoint 'Web.Ecommerce.Controllers.Account.AccountController.VerifyOtp (Web.Ecommerce)'
2024-09-25 15:48:52.864 +05:30  INF  Route matched with {action = "VerifyOtp", controller = "Account"}. Executing controller action with signature System.Threading.Tasks.Task`1[Microsoft.AspNetCore.Mvc.IActionResult] VerifyOtp(Application.Ecom.Authentication.Commands.VerifyOTP.VerifyOtpCommand) on controller Web.Ecommerce.Controllers.Account.AccountController (Web.Ecommerce).
2024-09-25 15:48:52.867 +05:30  DBG  Execution plan of authorization filters (in the following order): ["None"]
2024-09-25 15:48:52.868 +05:30  DBG  Execution plan of resource filters (in the following order): ["None"]
2024-09-25 15:48:52.869 +05:30  DBG  Execution plan of action filters (in the following order): ["Microsoft.AspNetCore.Mvc.ModelBinding.UnsupportedContentTypeFilter (Order: -3000)","Microsoft.AspNetCore.Mvc.Infrastructure.ModelStateInvalidFilter (Order: -2000)"]
2024-09-25 15:48:52.871 +05:30  DBG  Execution plan of exception filters (in the following order): ["None"]
2024-09-25 15:48:52.872 +05:30  DBG  Execution plan of result filters (in the following order): ["Microsoft.AspNetCore.Mvc.Infrastructure.ClientErrorResultFilter (Order: -2000)"]
2024-09-25 15:48:52.874 +05:30  DBG  Executing controller factory for controller Web.Ecommerce.Controllers.Account.AccountController (Web.Ecommerce)
2024-09-25 15:48:52.875 +05:30  DBG  Executed controller factory for controller Web.Ecommerce.Controllers.Account.AccountController (Web.Ecommerce)
2024-09-25 15:48:52.876 +05:30  DBG  Attempting to bind parameter 'command' of type 'Application.Ecom.Authentication.Commands.VerifyOTP.VerifyOtpCommand' ...
2024-09-25 15:48:52.880 +05:30  DBG  Attempting to bind parameter 'command' of type 'Application.Ecom.Authentication.Commands.VerifyOTP.VerifyOtpCommand' using the name '' in request data ...
2024-09-25 15:48:52.882 +05:30  DBG  Selected input formatter 'Microsoft.AspNetCore.Mvc.Formatters.SystemTextJsonInputFormatter' for content type 'application/json'.
2024-09-25 15:48:52.883 +05:30  DBG  Connection id "0HN6T30PDSD6S", Request id "0HN6T30PDSD6S:00000003": started reading request body.
2024-09-25 15:48:52.885 +05:30  DBG  Connection id "0HN6T30PDSD6S", Request id "0HN6T30PDSD6S:00000003": done reading request body.
2024-09-25 15:48:52.887 +05:30  DBG  JSON input formatter succeeded, deserializing to type 'Application.Ecom.Authentication.Commands.VerifyOTP.VerifyOtpCommand'
2024-09-25 15:48:52.889 +05:30  DBG  Done attempting to bind parameter 'command' of type 'Application.Ecom.Authentication.Commands.VerifyOTP.VerifyOtpCommand'.
2024-09-25 15:48:52.890 +05:30  DBG  Done attempting to bind parameter 'command' of type 'Application.Ecom.Authentication.Commands.VerifyOTP.VerifyOtpCommand'.
2024-09-25 15:48:52.891 +05:30  DBG  Attempting to validate the bound parameter 'command' of type 'Application.Ecom.Authentication.Commands.VerifyOTP.VerifyOtpCommand' ...
2024-09-25 15:48:52.897 +05:30  DBG  Done attempting to validate the bound parameter 'command' of type 'Application.Ecom.Authentication.Commands.VerifyOTP.VerifyOtpCommand'.
2024-09-25 15:48:52.898 +05:30  VRB  Action Filter: Before executing OnActionExecuting on filter Microsoft.AspNetCore.Mvc.ModelBinding.UnsupportedContentTypeFilter.
2024-09-25 15:48:52.899 +05:30  VRB  Action Filter: After executing OnActionExecuting on filter Microsoft.AspNetCore.Mvc.ModelBinding.UnsupportedContentTypeFilter.
2024-09-25 15:48:52.900 +05:30  VRB  Action Filter: Before executing OnActionExecuting on filter Microsoft.AspNetCore.Mvc.Infrastructure.ModelStateInvalidFilter.
2024-09-25 15:48:52.902 +05:30  VRB  Action Filter: After executing OnActionExecuting on filter Microsoft.AspNetCore.Mvc.Infrastructure.ModelStateInvalidFilter.
2024-09-25 15:48:52.905 +05:30  INF  Executing action method Web.Ecommerce.Controllers.Account.AccountController.VerifyOtp (Web.Ecommerce) - Validation state: "Valid"
2024-09-25 15:48:52.910 +05:30  VRB  Executing action method Web.Ecommerce.Controllers.Account.AccountController.VerifyOtp (Web.Ecommerce) with arguments (["Application.Ecom.Authentication.Commands.VerifyOTP.VerifyOtpCommand"])
2024-09-25 15:48:52.995 +05:30  DBG  Entity Framework Core 8.0.8 initialized 'EcommerceDbContext' using provider 'Microsoft.EntityFrameworkCore.SqlServer:8.0.8' with options: None
2024-09-25 15:48:53.007 +05:30  DBG  Creating DbConnection.
2024-09-25 15:48:53.012 +05:30  DBG  Created DbConnection. (4ms).
2024-09-25 15:48:53.013 +05:30  DBG  Opening connection to database 'Ecommerce' on server 'FGS-DSK-230\MSSQLSERVER2019'.
2024-09-25 15:48:53.083 +05:30  DBG  Opened connection to database 'Ecommerce' on server 'FGS-DSK-230\MSSQLSERVER2019'.
2024-09-25 15:48:53.088 +05:30  DBG  Creating DbCommand for 'ExecuteReader'.
2024-09-25 15:48:53.089 +05:30  DBG  Created DbCommand for 'ExecuteReader' (2ms).
2024-09-25 15:48:53.090 +05:30  DBG  Initialized DbCommand for 'ExecuteReader' (3ms).
2024-09-25 15:48:53.091 +05:30  DBG  Executing DbCommand [Parameters=[@__email_0='?' (Size = 4000), @__otp_1='?' (Size = 4000)], CommandType='"Text"', CommandTimeout='30']
SELECT TOP(1) [o].[OtpId], [o].[CreatedAt], [o].[Email], [o].[OtpCode]
FROM [Otps] AS [o]
WHERE [o].[Email] = @__email_0 AND [o].[OtpCode] = @__otp_1
ORDER BY [o].[CreatedAt] DESC
2024-09-25 15:48:53.101 +05:30  INF  Executed DbCommand (9ms) [Parameters=[@__email_0='?' (Size = 4000), @__otp_1='?' (Size = 4000)], CommandType='"Text"', CommandTimeout='30']
SELECT TOP(1) [o].[OtpId], [o].[CreatedAt], [o].[Email], [o].[OtpCode]
FROM [Otps] AS [o]
WHERE [o].[Email] = @__email_0 AND [o].[OtpCode] = @__otp_1
ORDER BY [o].[CreatedAt] DESC
2024-09-25 15:48:53.104 +05:30  DBG  Closing data reader to 'Ecommerce' on server 'FGS-DSK-230\MSSQLSERVER2019'.
2024-09-25 15:48:53.105 +05:30  DBG  A data reader for 'Ecommerce' on server 'FGS-DSK-230\MSSQLSERVER2019' is being disposed after spending 1ms reading results.
2024-09-25 15:48:53.107 +05:30  DBG  Closing connection to database 'Ecommerce' on server 'FGS-DSK-230\MSSQLSERVER2019'.
2024-09-25 15:48:53.108 +05:30  DBG  Closed connection to database 'Ecommerce' on server 'FGS-DSK-230\MSSQLSERVER2019' (1ms).
2024-09-25 15:48:53.110 +05:30  INF  Executed action method Web.Ecommerce.Controllers.Account.AccountController.VerifyOtp (Web.Ecommerce), returned result Microsoft.AspNetCore.Mvc.BadRequestObjectResult in 198.4332ms.
2024-09-25 15:48:53.113 +05:30  VRB  Action Filter: Before executing OnActionExecuted on filter Microsoft.AspNetCore.Mvc.Infrastructure.ModelStateInvalidFilter.
2024-09-25 15:48:53.114 +05:30  VRB  Action Filter: After executing OnActionExecuted on filter Microsoft.AspNetCore.Mvc.Infrastructure.ModelStateInvalidFilter.
2024-09-25 15:48:53.116 +05:30  VRB  Action Filter: Before executing OnActionExecuted on filter Microsoft.AspNetCore.Mvc.ModelBinding.UnsupportedContentTypeFilter.
2024-09-25 15:48:53.117 +05:30  VRB  Action Filter: After executing OnActionExecuted on filter Microsoft.AspNetCore.Mvc.ModelBinding.UnsupportedContentTypeFilter.
2024-09-25 15:48:53.119 +05:30  VRB  Result Filter: Before executing OnResultExecuting on filter Microsoft.AspNetCore.Mvc.Infrastructure.ClientErrorResultFilter.
2024-09-25 15:48:53.120 +05:30  VRB  Result Filter: After executing OnResultExecuting on filter Microsoft.AspNetCore.Mvc.Infrastructure.ClientErrorResultFilter.
2024-09-25 15:48:53.121 +05:30  VRB  Before executing action result Microsoft.AspNetCore.Mvc.BadRequestObjectResult.
2024-09-25 15:48:53.122 +05:30  DBG  List of registered output formatters, in the following order: ["Microsoft.AspNetCore.Mvc.Formatters.HttpNoContentOutputFormatter","Microsoft.AspNetCore.Mvc.Formatters.StringOutputFormatter","Microsoft.AspNetCore.Mvc.Formatters.StreamOutputFormatter","Microsoft.AspNetCore.Mvc.Formatters.SystemTextJsonOutputFormatter"]
2024-09-25 15:48:53.123 +05:30  DBG  No information found on request to perform content negotiation.
2024-09-25 15:48:53.124 +05:30  DBG  Attempting to select an output formatter without using a content type as no explicit content types were specified for the response.
2024-09-25 15:48:53.125 +05:30  DBG  Attempting to select the first formatter in the output formatters list which can write the result.
2024-09-25 15:48:53.127 +05:30  DBG  Selected output formatter 'Microsoft.AspNetCore.Mvc.Formatters.SystemTextJsonOutputFormatter' and content type 'application/json' to write the response.
2024-09-25 15:48:53.128 +05:30  INF  Executing BadRequestObjectResult, writing value of type '<>f__AnonymousType0`2[[System.String, System.Private.CoreLib, Version=8.0.0.0, Culture=neutral, PublicKeyToken=7cec85d7bea7798e],[System.Boolean, System.Private.CoreLib, Version=8.0.0.0, Culture=neutral, PublicKeyToken=7cec85d7bea7798e]]'.
2024-09-25 15:48:53.129 +05:30  VRB  After executing action result Microsoft.AspNetCore.Mvc.BadRequestObjectResult.
2024-09-25 15:48:53.129 +05:30  VRB  Connection id "0HN6T30PDSD6S" sending "HEADERS" frame for stream ID 3 with length 67 and flags "END_HEADERS".
2024-09-25 15:48:53.130 +05:30  VRB  Result Filter: Before executing OnResultExecuted on filter Microsoft.AspNetCore.Mvc.Infrastructure.ClientErrorResultFilter.
2024-09-25 15:48:53.132 +05:30  VRB  Connection id "0HN6T30PDSD6S" sending "DATA" frame for stream ID 3 with length 53 and flags "NONE".
2024-09-25 15:48:53.133 +05:30  VRB  Result Filter: After executing OnResultExecuted on filter Microsoft.AspNetCore.Mvc.Infrastructure.ClientErrorResultFilter.
2024-09-25 15:48:53.136 +05:30  INF  Executed action Web.Ecommerce.Controllers.Account.AccountController.VerifyOtp (Web.Ecommerce) in 262.1774ms
2024-09-25 15:48:53.137 +05:30  INF  Executed endpoint 'Web.Ecommerce.Controllers.Account.AccountController.VerifyOtp (Web.Ecommerce)'
2024-09-25 15:48:53.138 +05:30  VRB  Connection id "0HN6T30PDSD6S" sending "DATA" frame for stream ID 3 with length 0 and flags "END_STREAM".
2024-09-25 15:48:53.138 +05:30  DBG  'EcommerceDbContext' disposed.
2024-09-25 15:48:53.140 +05:30  DBG  Disposing connection to database 'Ecommerce' on server 'FGS-DSK-230\MSSQLSERVER2019'.
2024-09-25 15:48:53.142 +05:30  DBG  Disposed connection to database '' on server '' (1ms).
2024-09-25 15:48:53.143 +05:30  INF  Request finished HTTP/2 POST https://localhost:7113/api/Account/VerifyOtp - 400 null application/json; charset=utf-8 291.9936ms
2024-09-25 15:49:03.071 +05:30  DBG  Connection id "0HN6T30PDSD6S" received FIN.
2024-09-25 15:49:03.080 +05:30  DBG  Connection id "0HN6T30PDSD6S" is closed. The last processed stream ID was 3.
2024-09-25 15:49:03.081 +05:30  DBG  The connection queue processing loop for 0HN6T30PDSD6S completed.
2024-09-25 15:49:03.082 +05:30  DBG  Connection id "0HN6T30PDSD6S" sending FIN because: "The Socket transport's send loop completed gracefully."
2024-09-25 15:49:03.101 +05:30  DBG  Connection id "0HN6T30PDSD6S" stopped.
2024-09-25 15:50:27.014 +05:30  DBG  Connection id "0HN6T30PDSD6T" accepted.
2024-09-25 15:50:27.020 +05:30  DBG  Connection id "0HN6T30PDSD6T" started.
2024-09-25 15:50:27.022 +05:30  DBG  Connection 0HN6T30PDSD6T established using the following protocol: "Tls12"
2024-09-25 15:50:27.026 +05:30  VRB  Connection id "0HN6T30PDSD6T" sending "SETTINGS" frame for stream ID 0 with length 24 and flags "NONE".
2024-09-25 15:50:27.027 +05:30  VRB  Connection id "0HN6T30PDSD6T" sending "WINDOW_UPDATE" frame for stream ID 0 with length 4 and flags 0x0.
2024-09-25 15:50:27.029 +05:30  VRB  Connection id "0HN6T30PDSD6T" received "SETTINGS" frame for stream ID 0 with length 24 and flags "NONE".
2024-09-25 15:50:27.031 +05:30  VRB  Connection id "0HN6T30PDSD6T" sending "SETTINGS" frame for stream ID 0 with length 0 and flags "ACK".
2024-09-25 15:50:27.033 +05:30  VRB  Connection id "0HN6T30PDSD6T" received "WINDOW_UPDATE" frame for stream ID 0 with length 4 and flags 0x0.
2024-09-25 15:50:27.034 +05:30  VRB  Connection id "0HN6T30PDSD6T" received "HEADERS" frame for stream ID 1 with length 338 and flags "END_STREAM, END_HEADERS, PRIORITY".
2024-09-25 15:50:27.036 +05:30  VRB  Connection id "0HN6T30PDSD6T" received "SETTINGS" frame for stream ID 0 with length 0 and flags "ACK".
2024-09-25 15:50:27.036 +05:30  INF  Request starting HTTP/2 OPTIONS https://localhost:7113/api/Account/VerifyOtp - null null
2024-09-25 15:50:27.039 +05:30  VRB  All hosts are allowed.
2024-09-25 15:50:27.040 +05:30  DBG  1 candidate(s) found for the request path '/api/Account/VerifyOtp'
2024-09-25 15:50:27.041 +05:30  DBG  Request matched endpoint '405 HTTP Method Not Supported'
2024-09-25 15:50:27.041 +05:30  VRB  The endpoint does not specify the IRequestSizeLimitMetadata.
2024-09-25 15:50:27.042 +05:30  DBG  Static files was skipped as the request already matched an endpoint.
2024-09-25 15:50:27.043 +05:30  DBG  The request has an origin header: 'http://localhost:4200'.
2024-09-25 15:50:27.043 +05:30  INF  CORS policy execution successful.
2024-09-25 15:50:27.044 +05:30  DBG  The request is a preflight request.
2024-09-25 15:50:27.045 +05:30  VRB  Connection id "0HN6T30PDSD6T" sending "HEADERS" frame for stream ID 1 with length 122 and flags "END_STREAM, END_HEADERS".
2024-09-25 15:50:27.045 +05:30  INF  Request finished HTTP/2 OPTIONS https://localhost:7113/api/Account/VerifyOtp - 204 null null 9.0816ms
2024-09-25 15:50:27.048 +05:30  VRB  Connection id "0HN6T30PDSD6T" received "HEADERS" frame for stream ID 3 with length 184 and flags "END_HEADERS, PRIORITY".
2024-09-25 15:50:27.051 +05:30  VRB  Connection id "0HN6T30PDSD6T" received "DATA" frame for stream ID 3 with length 42 and flags "END_STREAM".
2024-09-25 15:50:27.051 +05:30  INF  Request starting HTTP/2 POST https://localhost:7113/api/Account/VerifyOtp - application/json 42
2024-09-25 15:50:27.055 +05:30  VRB  All hosts are allowed.
2024-09-25 15:50:27.056 +05:30  DBG  1 candidate(s) found for the request path '/api/Account/VerifyOtp'
2024-09-25 15:50:27.056 +05:30  DBG  Endpoint 'Web.Ecommerce.Controllers.Account.AccountController.VerifyOtp (Web.Ecommerce)' with route pattern 'api/Account/VerifyOtp' is valid for the request path '/api/Account/VerifyOtp'
2024-09-25 15:50:27.058 +05:30  DBG  Request matched endpoint 'Web.Ecommerce.Controllers.Account.AccountController.VerifyOtp (Web.Ecommerce)'
2024-09-25 15:50:27.059 +05:30  VRB  The endpoint does not specify the IRequestSizeLimitMetadata.
2024-09-25 15:50:27.060 +05:30  DBG  Static files was skipped as the request already matched an endpoint.
2024-09-25 15:50:27.060 +05:30  DBG  The request has an origin header: 'http://localhost:4200'.
2024-09-25 15:50:27.061 +05:30  INF  CORS policy execution successful.
2024-09-25 15:50:27.062 +05:30  DBG  AuthenticationScheme: Bearer was not authenticated.
2024-09-25 15:50:27.063 +05:30  INF  Executing endpoint 'Web.Ecommerce.Controllers.Account.AccountController.VerifyOtp (Web.Ecommerce)'
2024-09-25 15:50:27.064 +05:30  INF  Route matched with {action = "VerifyOtp", controller = "Account"}. Executing controller action with signature System.Threading.Tasks.Task`1[Microsoft.AspNetCore.Mvc.IActionResult] VerifyOtp(Application.Ecom.Authentication.Commands.VerifyOTP.VerifyOtpCommand) on controller Web.Ecommerce.Controllers.Account.AccountController (Web.Ecommerce).
2024-09-25 15:50:27.066 +05:30  DBG  Execution plan of authorization filters (in the following order): ["None"]
2024-09-25 15:50:27.067 +05:30  DBG  Execution plan of resource filters (in the following order): ["None"]
2024-09-25 15:50:27.068 +05:30  DBG  Execution plan of action filters (in the following order): ["Microsoft.AspNetCore.Mvc.ModelBinding.UnsupportedContentTypeFilter (Order: -3000)","Microsoft.AspNetCore.Mvc.Infrastructure.ModelStateInvalidFilter (Order: -2000)"]
2024-09-25 15:50:27.070 +05:30  DBG  Execution plan of exception filters (in the following order): ["None"]
2024-09-25 15:50:27.071 +05:30  DBG  Execution plan of result filters (in the following order): ["Microsoft.AspNetCore.Mvc.Infrastructure.ClientErrorResultFilter (Order: -2000)"]
2024-09-25 15:50:27.072 +05:30  DBG  Executing controller factory for controller Web.Ecommerce.Controllers.Account.AccountController (Web.Ecommerce)
2024-09-25 15:50:27.073 +05:30  DBG  Executed controller factory for controller Web.Ecommerce.Controllers.Account.AccountController (Web.Ecommerce)
2024-09-25 15:50:27.074 +05:30  DBG  Attempting to bind parameter 'command' of type 'Application.Ecom.Authentication.Commands.VerifyOTP.VerifyOtpCommand' ...
2024-09-25 15:50:27.075 +05:30  DBG  Attempting to bind parameter 'command' of type 'Application.Ecom.Authentication.Commands.VerifyOTP.VerifyOtpCommand' using the name '' in request data ...
2024-09-25 15:50:27.076 +05:30  DBG  Selected input formatter 'Microsoft.AspNetCore.Mvc.Formatters.SystemTextJsonInputFormatter' for content type 'application/json'.
2024-09-25 15:50:27.078 +05:30  DBG  Connection id "0HN6T30PDSD6T", Request id "0HN6T30PDSD6T:00000003": started reading request body.
2024-09-25 15:50:27.079 +05:30  DBG  Connection id "0HN6T30PDSD6T", Request id "0HN6T30PDSD6T:00000003": done reading request body.
2024-09-25 15:50:27.080 +05:30  DBG  JSON input formatter succeeded, deserializing to type 'Application.Ecom.Authentication.Commands.VerifyOTP.VerifyOtpCommand'
2024-09-25 15:50:27.081 +05:30  DBG  Done attempting to bind parameter 'command' of type 'Application.Ecom.Authentication.Commands.VerifyOTP.VerifyOtpCommand'.
2024-09-25 15:50:27.082 +05:30  DBG  Done attempting to bind parameter 'command' of type 'Application.Ecom.Authentication.Commands.VerifyOTP.VerifyOtpCommand'.
2024-09-25 15:50:27.083 +05:30  DBG  Attempting to validate the bound parameter 'command' of type 'Application.Ecom.Authentication.Commands.VerifyOTP.VerifyOtpCommand' ...
2024-09-25 15:50:27.084 +05:30  DBG  Done attempting to validate the bound parameter 'command' of type 'Application.Ecom.Authentication.Commands.VerifyOTP.VerifyOtpCommand'.
2024-09-25 15:50:27.085 +05:30  VRB  Action Filter: Before executing OnActionExecuting on filter Microsoft.AspNetCore.Mvc.ModelBinding.UnsupportedContentTypeFilter.
2024-09-25 15:50:27.086 +05:30  VRB  Action Filter: After executing OnActionExecuting on filter Microsoft.AspNetCore.Mvc.ModelBinding.UnsupportedContentTypeFilter.
2024-09-25 15:50:27.087 +05:30  VRB  Action Filter: Before executing OnActionExecuting on filter Microsoft.AspNetCore.Mvc.Infrastructure.ModelStateInvalidFilter.
2024-09-25 15:50:27.088 +05:30  VRB  Action Filter: After executing OnActionExecuting on filter Microsoft.AspNetCore.Mvc.Infrastructure.ModelStateInvalidFilter.
2024-09-25 15:50:27.090 +05:30  INF  Executing action method Web.Ecommerce.Controllers.Account.AccountController.VerifyOtp (Web.Ecommerce) - Validation state: "Valid"
2024-09-25 15:50:27.091 +05:30  VRB  Executing action method Web.Ecommerce.Controllers.Account.AccountController.VerifyOtp (Web.Ecommerce) with arguments (["Application.Ecom.Authentication.Commands.VerifyOTP.VerifyOtpCommand"])
2024-09-25 15:50:27.092 +05:30  DBG  Entity Framework Core 8.0.8 initialized 'EcommerceDbContext' using provider 'Microsoft.EntityFrameworkCore.SqlServer:8.0.8' with options: None
2024-09-25 15:50:27.095 +05:30  DBG  Creating DbConnection.
2024-09-25 15:50:27.095 +05:30  DBG  Created DbConnection. (0ms).
2024-09-25 15:50:27.096 +05:30  DBG  Opening connection to database 'Ecommerce' on server 'FGS-DSK-230\MSSQLSERVER2019'.
2024-09-25 15:50:27.097 +05:30  DBG  Opened connection to database 'Ecommerce' on server 'FGS-DSK-230\MSSQLSERVER2019'.
2024-09-25 15:50:27.098 +05:30  DBG  Creating DbCommand for 'ExecuteReader'.
2024-09-25 15:50:27.099 +05:30  DBG  Created DbCommand for 'ExecuteReader' (0ms).
2024-09-25 15:50:27.100 +05:30  DBG  Initialized DbCommand for 'ExecuteReader' (1ms).
2024-09-25 15:50:27.100 +05:30  DBG  Executing DbCommand [Parameters=[@__email_0='?' (Size = 4000), @__otp_1='?' (Size = 4000)], CommandType='"Text"', CommandTimeout='30']
SELECT TOP(1) [o].[OtpId], [o].[CreatedAt], [o].[Email], [o].[OtpCode]
FROM [Otps] AS [o]
WHERE [o].[Email] = @__email_0 AND [o].[OtpCode] = @__otp_1
ORDER BY [o].[CreatedAt] DESC
2024-09-25 15:50:27.104 +05:30  INF  Executed DbCommand (4ms) [Parameters=[@__email_0='?' (Size = 4000), @__otp_1='?' (Size = 4000)], CommandType='"Text"', CommandTimeout='30']
SELECT TOP(1) [o].[OtpId], [o].[CreatedAt], [o].[Email], [o].[OtpCode]
FROM [Otps] AS [o]
WHERE [o].[Email] = @__email_0 AND [o].[OtpCode] = @__otp_1
ORDER BY [o].[CreatedAt] DESC
2024-09-25 15:50:27.106 +05:30  DBG  Closing data reader to 'Ecommerce' on server 'FGS-DSK-230\MSSQLSERVER2019'.
2024-09-25 15:50:27.107 +05:30  DBG  A data reader for 'Ecommerce' on server 'FGS-DSK-230\MSSQLSERVER2019' is being disposed after spending 1ms reading results.
2024-09-25 15:50:27.109 +05:30  DBG  Closing connection to database 'Ecommerce' on server 'FGS-DSK-230\MSSQLSERVER2019'.
2024-09-25 15:50:27.110 +05:30  DBG  Closed connection to database 'Ecommerce' on server 'FGS-DSK-230\MSSQLSERVER2019' (1ms).
2024-09-25 15:50:27.112 +05:30  INF  Executed action method Web.Ecommerce.Controllers.Account.AccountController.VerifyOtp (Web.Ecommerce), returned result Microsoft.AspNetCore.Mvc.BadRequestObjectResult in 19.8627ms.
2024-09-25 15:50:27.113 +05:30  VRB  Action Filter: Before executing OnActionExecuted on filter Microsoft.AspNetCore.Mvc.Infrastructure.ModelStateInvalidFilter.
2024-09-25 15:50:27.114 +05:30  VRB  Action Filter: After executing OnActionExecuted on filter Microsoft.AspNetCore.Mvc.Infrastructure.ModelStateInvalidFilter.
2024-09-25 15:50:27.116 +05:30  VRB  Action Filter: Before executing OnActionExecuted on filter Microsoft.AspNetCore.Mvc.ModelBinding.UnsupportedContentTypeFilter.
2024-09-25 15:50:27.118 +05:30  VRB  Action Filter: After executing OnActionExecuted on filter Microsoft.AspNetCore.Mvc.ModelBinding.UnsupportedContentTypeFilter.
2024-09-25 15:50:27.120 +05:30  VRB  Result Filter: Before executing OnResultExecuting on filter Microsoft.AspNetCore.Mvc.Infrastructure.ClientErrorResultFilter.
2024-09-25 15:50:27.121 +05:30  VRB  Result Filter: After executing OnResultExecuting on filter Microsoft.AspNetCore.Mvc.Infrastructure.ClientErrorResultFilter.
2024-09-25 15:50:27.122 +05:30  VRB  Before executing action result Microsoft.AspNetCore.Mvc.BadRequestObjectResult.
2024-09-25 15:50:27.123 +05:30  DBG  List of registered output formatters, in the following order: ["Microsoft.AspNetCore.Mvc.Formatters.HttpNoContentOutputFormatter","Microsoft.AspNetCore.Mvc.Formatters.StringOutputFormatter","Microsoft.AspNetCore.Mvc.Formatters.StreamOutputFormatter","Microsoft.AspNetCore.Mvc.Formatters.SystemTextJsonOutputFormatter"]
2024-09-25 15:50:27.125 +05:30  DBG  No information found on request to perform content negotiation.
2024-09-25 15:50:27.125 +05:30  DBG  Attempting to select an output formatter without using a content type as no explicit content types were specified for the response.
2024-09-25 15:50:27.127 +05:30  DBG  Attempting to select the first formatter in the output formatters list which can write the result.
2024-09-25 15:50:27.128 +05:30  DBG  Selected output formatter 'Microsoft.AspNetCore.Mvc.Formatters.SystemTextJsonOutputFormatter' and content type 'application/json' to write the response.
2024-09-25 15:50:27.129 +05:30  INF  Executing BadRequestObjectResult, writing value of type '<>f__AnonymousType0`2[[System.String, System.Private.CoreLib, Version=8.0.0.0, Culture=neutral, PublicKeyToken=7cec85d7bea7798e],[System.Boolean, System.Private.CoreLib, Version=8.0.0.0, Culture=neutral, PublicKeyToken=7cec85d7bea7798e]]'.
2024-09-25 15:50:27.130 +05:30  VRB  After executing action result Microsoft.AspNetCore.Mvc.BadRequestObjectResult.
2024-09-25 15:50:27.130 +05:30  VRB  Connection id "0HN6T30PDSD6T" sending "HEADERS" frame for stream ID 3 with length 37 and flags "END_HEADERS".
2024-09-25 15:50:27.131 +05:30  VRB  Result Filter: Before executing OnResultExecuted on filter Microsoft.AspNetCore.Mvc.Infrastructure.ClientErrorResultFilter.
2024-09-25 15:50:27.133 +05:30  VRB  Connection id "0HN6T30PDSD6T" sending "DATA" frame for stream ID 3 with length 53 and flags "NONE".
2024-09-25 15:50:27.135 +05:30  VRB  Result Filter: After executing OnResultExecuted on filter Microsoft.AspNetCore.Mvc.Infrastructure.ClientErrorResultFilter.
2024-09-25 15:50:27.138 +05:30  INF  Executed action Web.Ecommerce.Controllers.Account.AccountController.VerifyOtp (Web.Ecommerce) in 66.1246ms
2024-09-25 15:50:27.139 +05:30  INF  Executed endpoint 'Web.Ecommerce.Controllers.Account.AccountController.VerifyOtp (Web.Ecommerce)'
2024-09-25 15:50:27.140 +05:30  DBG  'EcommerceDbContext' disposed.
2024-09-25 15:50:27.140 +05:30  VRB  Connection id "0HN6T30PDSD6T" sending "DATA" frame for stream ID 3 with length 0 and flags "END_STREAM".
2024-09-25 15:50:27.141 +05:30  DBG  Disposing connection to database 'Ecommerce' on server 'FGS-DSK-230\MSSQLSERVER2019'.
2024-09-25 15:50:27.144 +05:30  DBG  Disposed connection to database '' on server '' (3ms).
2024-09-25 15:50:27.145 +05:30  INF  Request finished HTTP/2 POST https://localhost:7113/api/Account/VerifyOtp - 400 null application/json; charset=utf-8 94.0055ms
2024-09-25 15:50:28.184 +05:30  DBG  Connection id "0HN6T30PDSD6T" received FIN.
2024-09-25 15:50:28.187 +05:30  DBG  Connection id "0HN6T30PDSD6T" is closed. The last processed stream ID was 3.
2024-09-25 15:50:28.188 +05:30  DBG  The connection queue processing loop for 0HN6T30PDSD6T completed.
2024-09-25 15:50:28.189 +05:30  DBG  Connection id "0HN6T30PDSD6T" sending FIN because: "The Socket transport's send loop completed gracefully."
2024-09-25 15:50:28.198 +05:30  DBG  Connection id "0HN6T30PDSD6T" stopped.
2024-09-25 16:05:54.582 +05:30  DBG  Connection id "0HN6T30PDSD6U" accepted.
2024-09-25 16:05:54.587 +05:30  DBG  Connection id "0HN6T30PDSD6U" started.
2024-09-25 16:05:54.594 +05:30  DBG  Connection 0HN6T30PDSD6U established using the following protocol: "Tls12"
2024-09-25 16:05:54.596 +05:30  VRB  Connection id "0HN6T30PDSD6U" sending "SETTINGS" frame for stream ID 0 with length 24 and flags "NONE".
2024-09-25 16:05:54.597 +05:30  VRB  Connection id "0HN6T30PDSD6U" sending "WINDOW_UPDATE" frame for stream ID 0 with length 4 and flags 0x0.
2024-09-25 16:05:54.599 +05:30  VRB  Connection id "0HN6T30PDSD6U" received "SETTINGS" frame for stream ID 0 with length 24 and flags "NONE".
2024-09-25 16:05:54.601 +05:30  VRB  Connection id "0HN6T30PDSD6U" sending "SETTINGS" frame for stream ID 0 with length 0 and flags "ACK".
2024-09-25 16:05:54.603 +05:30  VRB  Connection id "0HN6T30PDSD6U" received "WINDOW_UPDATE" frame for stream ID 0 with length 4 and flags 0x0.
2024-09-25 16:05:54.605 +05:30  VRB  Connection id "0HN6T30PDSD6U" received "HEADERS" frame for stream ID 1 with length 335 and flags "END_STREAM, END_HEADERS, PRIORITY".
2024-09-25 16:05:54.607 +05:30  VRB  Connection id "0HN6T30PDSD6U" received "SETTINGS" frame for stream ID 0 with length 0 and flags "ACK".
2024-09-25 16:05:54.607 +05:30  INF  Request starting HTTP/2 OPTIONS https://localhost:7113/api/Account/Login - null null
2024-09-25 16:05:54.611 +05:30  VRB  All hosts are allowed.
2024-09-25 16:05:54.612 +05:30  DBG  1 candidate(s) found for the request path '/api/Account/Login'
2024-09-25 16:05:54.612 +05:30  DBG  Request matched endpoint '405 HTTP Method Not Supported'
2024-09-25 16:05:54.613 +05:30  VRB  The endpoint does not specify the IRequestSizeLimitMetadata.
2024-09-25 16:05:54.614 +05:30  DBG  Static files was skipped as the request already matched an endpoint.
2024-09-25 16:05:54.614 +05:30  DBG  The request has an origin header: 'http://localhost:4200'.
2024-09-25 16:05:54.615 +05:30  INF  CORS policy execution successful.
2024-09-25 16:05:54.616 +05:30  DBG  The request is a preflight request.
2024-09-25 16:05:54.617 +05:30  INF  Request finished HTTP/2 OPTIONS https://localhost:7113/api/Account/Login - 204 null null 10.1064ms
2024-09-25 16:05:54.617 +05:30  VRB  Connection id "0HN6T30PDSD6U" sending "HEADERS" frame for stream ID 1 with length 122 and flags "END_STREAM, END_HEADERS".
2024-09-25 16:05:54.623 +05:30  VRB  Connection id "0HN6T30PDSD6U" received "HEADERS" frame for stream ID 3 with length 181 and flags "END_HEADERS, PRIORITY".
2024-09-25 16:05:54.626 +05:30  VRB  Connection id "0HN6T30PDSD6U" received "DATA" frame for stream ID 3 with length 66 and flags "END_STREAM".
2024-09-25 16:05:54.626 +05:30  INF  Request starting HTTP/2 POST https://localhost:7113/api/Account/Login - application/json 66
2024-09-25 16:05:54.630 +05:30  VRB  All hosts are allowed.
2024-09-25 16:05:54.630 +05:30  DBG  1 candidate(s) found for the request path '/api/Account/Login'
2024-09-25 16:05:54.631 +05:30  DBG  Endpoint 'Web.Ecommerce.Controllers.Account.AccountController.Login (Web.Ecommerce)' with route pattern 'api/Account/Login' is valid for the request path '/api/Account/Login'
2024-09-25 16:05:54.633 +05:30  DBG  Request matched endpoint 'Web.Ecommerce.Controllers.Account.AccountController.Login (Web.Ecommerce)'
2024-09-25 16:05:54.635 +05:30  VRB  The endpoint does not specify the IRequestSizeLimitMetadata.
2024-09-25 16:05:54.635 +05:30  DBG  Static files was skipped as the request already matched an endpoint.
2024-09-25 16:05:54.636 +05:30  DBG  The request has an origin header: 'http://localhost:4200'.
2024-09-25 16:05:54.638 +05:30  INF  CORS policy execution successful.
2024-09-25 16:05:54.639 +05:30  DBG  AuthenticationScheme: Bearer was not authenticated.
2024-09-25 16:05:54.641 +05:30  INF  Executing endpoint 'Web.Ecommerce.Controllers.Account.AccountController.Login (Web.Ecommerce)'
2024-09-25 16:05:54.642 +05:30  INF  Route matched with {action = "Login", controller = "Account"}. Executing controller action with signature System.Threading.Tasks.Task`1[Microsoft.AspNetCore.Mvc.IActionResult] Login(Application.Ecom.Authentication.Commands.LoginUser.LoginUserCommand) on controller Web.Ecommerce.Controllers.Account.AccountController (Web.Ecommerce).
2024-09-25 16:05:54.645 +05:30  DBG  Execution plan of authorization filters (in the following order): ["None"]
2024-09-25 16:05:54.646 +05:30  DBG  Execution plan of resource filters (in the following order): ["None"]
2024-09-25 16:05:54.647 +05:30  DBG  Execution plan of action filters (in the following order): ["Microsoft.AspNetCore.Mvc.ModelBinding.UnsupportedContentTypeFilter (Order: -3000)","Microsoft.AspNetCore.Mvc.Infrastructure.ModelStateInvalidFilter (Order: -2000)"]
2024-09-25 16:05:54.650 +05:30  DBG  Execution plan of exception filters (in the following order): ["None"]
2024-09-25 16:05:54.651 +05:30  DBG  Execution plan of result filters (in the following order): ["Microsoft.AspNetCore.Mvc.Infrastructure.ClientErrorResultFilter (Order: -2000)"]
2024-09-25 16:05:54.653 +05:30  DBG  Executing controller factory for controller Web.Ecommerce.Controllers.Account.AccountController (Web.Ecommerce)
2024-09-25 16:05:54.655 +05:30  DBG  Executed controller factory for controller Web.Ecommerce.Controllers.Account.AccountController (Web.Ecommerce)
2024-09-25 16:05:54.656 +05:30  DBG  Attempting to bind parameter 'command' of type 'Application.Ecom.Authentication.Commands.LoginUser.LoginUserCommand' ...
2024-09-25 16:05:54.657 +05:30  DBG  Attempting to bind parameter 'command' of type 'Application.Ecom.Authentication.Commands.LoginUser.LoginUserCommand' using the name '' in request data ...
2024-09-25 16:05:54.658 +05:30  DBG  Selected input formatter 'Microsoft.AspNetCore.Mvc.Formatters.SystemTextJsonInputFormatter' for content type 'application/json'.
2024-09-25 16:05:54.660 +05:30  DBG  Connection id "0HN6T30PDSD6U", Request id "0HN6T30PDSD6U:00000003": started reading request body.
2024-09-25 16:05:54.661 +05:30  DBG  Connection id "0HN6T30PDSD6U", Request id "0HN6T30PDSD6U:00000003": done reading request body.
2024-09-25 16:05:54.663 +05:30  DBG  JSON input formatter succeeded, deserializing to type 'Application.Ecom.Authentication.Commands.LoginUser.LoginUserCommand'
2024-09-25 16:05:54.664 +05:30  DBG  Done attempting to bind parameter 'command' of type 'Application.Ecom.Authentication.Commands.LoginUser.LoginUserCommand'.
2024-09-25 16:05:54.665 +05:30  DBG  Done attempting to bind parameter 'command' of type 'Application.Ecom.Authentication.Commands.LoginUser.LoginUserCommand'.
2024-09-25 16:05:54.667 +05:30  DBG  Attempting to validate the bound parameter 'command' of type 'Application.Ecom.Authentication.Commands.LoginUser.LoginUserCommand' ...
2024-09-25 16:05:54.668 +05:30  DBG  Done attempting to validate the bound parameter 'command' of type 'Application.Ecom.Authentication.Commands.LoginUser.LoginUserCommand'.
2024-09-25 16:05:54.669 +05:30  VRB  Action Filter: Before executing OnActionExecuting on filter Microsoft.AspNetCore.Mvc.ModelBinding.UnsupportedContentTypeFilter.
2024-09-25 16:05:54.670 +05:30  VRB  Action Filter: After executing OnActionExecuting on filter Microsoft.AspNetCore.Mvc.ModelBinding.UnsupportedContentTypeFilter.
2024-09-25 16:05:54.671 +05:30  VRB  Action Filter: Before executing OnActionExecuting on filter Microsoft.AspNetCore.Mvc.Infrastructure.ModelStateInvalidFilter.
2024-09-25 16:05:54.672 +05:30  VRB  Action Filter: After executing OnActionExecuting on filter Microsoft.AspNetCore.Mvc.Infrastructure.ModelStateInvalidFilter.
2024-09-25 16:05:54.673 +05:30  INF  Executing action method Web.Ecommerce.Controllers.Account.AccountController.Login (Web.Ecommerce) - Validation state: "Valid"
2024-09-25 16:05:54.674 +05:30  VRB  Executing action method Web.Ecommerce.Controllers.Account.AccountController.Login (Web.Ecommerce) with arguments (["Application.Ecom.Authentication.Commands.LoginUser.LoginUserCommand"])
2024-09-25 16:05:54.682 +05:30  DBG  Entity Framework Core 8.0.8 initialized 'EcommerceDbContext' using provider 'Microsoft.EntityFrameworkCore.SqlServer:8.0.8' with options: None
2024-09-25 16:05:54.690 +05:30  DBG  Creating DbConnection.
2024-09-25 16:05:54.691 +05:30  DBG  Created DbConnection. (0ms).
2024-09-25 16:05:54.692 +05:30  DBG  Opening connection to database 'Ecommerce' on server 'FGS-DSK-230\MSSQLSERVER2019'.
2024-09-25 16:05:54.701 +05:30  DBG  Opened connection to database 'Ecommerce' on server 'FGS-DSK-230\MSSQLSERVER2019'.
2024-09-25 16:05:54.704 +05:30  DBG  Creating DbCommand for 'ExecuteReader'.
2024-09-25 16:05:54.704 +05:30  DBG  Created DbCommand for 'ExecuteReader' (0ms).
2024-09-25 16:05:54.706 +05:30  DBG  Initialized DbCommand for 'ExecuteReader' (1ms).
2024-09-25 16:05:54.706 +05:30  DBG  Executing DbCommand [Parameters=[@__normalizedEmail_0='?' (Size = 256)], CommandType='"Text"', CommandTimeout='30']
SELECT TOP(2) [a].[Id], [a].[AccessFailedCount], [a].[ConcurrencyStamp], [a].[CreatedAt], [a].[Email], [a].[EmailConfirmed], [a].[IsDeleted], [a].[IsVerified], [a].[LockoutEnabled], [a].[LockoutEnd], [a].[NormalizedEmail], [a].[NormalizedUserName], [a].[PasswordHash], [a].[PhoneNumber], [a].[PhoneNumberConfirmed], [a].[SecurityStamp], [a].[TwoFactorEnabled], [a].[UpdatedAt], [a].[UserName]
FROM [AspNetUsers] AS [a]
WHERE [a].[NormalizedEmail] = @__normalizedEmail_0
2024-09-25 16:05:54.718 +05:30  INF  Executed DbCommand (12ms) [Parameters=[@__normalizedEmail_0='?' (Size = 256)], CommandType='"Text"', CommandTimeout='30']
SELECT TOP(2) [a].[Id], [a].[AccessFailedCount], [a].[ConcurrencyStamp], [a].[CreatedAt], [a].[Email], [a].[EmailConfirmed], [a].[IsDeleted], [a].[IsVerified], [a].[LockoutEnabled], [a].[LockoutEnd], [a].[NormalizedEmail], [a].[NormalizedUserName], [a].[PasswordHash], [a].[PhoneNumber], [a].[PhoneNumberConfirmed], [a].[SecurityStamp], [a].[TwoFactorEnabled], [a].[UpdatedAt], [a].[UserName]
FROM [AspNetUsers] AS [a]
WHERE [a].[NormalizedEmail] = @__normalizedEmail_0
2024-09-25 16:05:54.727 +05:30  DBG  Context 'EcommerceDbContext' started tracking 'User' entity. Consider using 'DbContextOptionsBuilder.EnableSensitiveDataLogging' to see key values.
2024-09-25 16:05:54.729 +05:30  DBG  Closing data reader to 'Ecommerce' on server 'FGS-DSK-230\MSSQLSERVER2019'.
2024-09-25 16:05:54.730 +05:30  DBG  A data reader for 'Ecommerce' on server 'FGS-DSK-230\MSSQLSERVER2019' is being disposed after spending 8ms reading results.
2024-09-25 16:05:54.732 +05:30  DBG  Closing connection to database 'Ecommerce' on server 'FGS-DSK-230\MSSQLSERVER2019'.
2024-09-25 16:05:54.733 +05:30  DBG  Closed connection to database 'Ecommerce' on server 'FGS-DSK-230\MSSQLSERVER2019' (1ms).
2024-09-25 16:05:54.825 +05:30  DBG  Opening connection to database 'Ecommerce' on server 'FGS-DSK-230\MSSQLSERVER2019'.
2024-09-25 16:05:54.827 +05:30  DBG  Opened connection to database 'Ecommerce' on server 'FGS-DSK-230\MSSQLSERVER2019'.
2024-09-25 16:05:54.828 +05:30  DBG  Creating DbCommand for 'ExecuteReader'.
2024-09-25 16:05:54.828 +05:30  DBG  Created DbCommand for 'ExecuteReader' (0ms).
2024-09-25 16:05:54.829 +05:30  DBG  Initialized DbCommand for 'ExecuteReader' (1ms).
2024-09-25 16:05:54.832 +05:30  DBG  Executing DbCommand [Parameters=[@__userId_0='?' (DbType = Guid)], CommandType='"Text"', CommandTimeout='30']
SELECT [a0].[Name]
FROM [AspNetUserRoles] AS [a]
INNER JOIN [AspNetRoles] AS [a0] ON [a].[RoleId] = [a0].[Id]
WHERE [a].[UserId] = @__userId_0
2024-09-25 16:05:54.839 +05:30  INF  Executed DbCommand (9ms) [Parameters=[@__userId_0='?' (DbType = Guid)], CommandType='"Text"', CommandTimeout='30']
SELECT [a0].[Name]
FROM [AspNetUserRoles] AS [a]
INNER JOIN [AspNetRoles] AS [a0] ON [a].[RoleId] = [a0].[Id]
WHERE [a].[UserId] = @__userId_0
2024-09-25 16:05:54.843 +05:30  DBG  Closing data reader to 'Ecommerce' on server 'FGS-DSK-230\MSSQLSERVER2019'.
2024-09-25 16:05:54.844 +05:30  DBG  A data reader for 'Ecommerce' on server 'FGS-DSK-230\MSSQLSERVER2019' is being disposed after spending 1ms reading results.
2024-09-25 16:05:54.845 +05:30  DBG  Closing connection to database 'Ecommerce' on server 'FGS-DSK-230\MSSQLSERVER2019'.
2024-09-25 16:05:54.846 +05:30  DBG  Closed connection to database 'Ecommerce' on server 'FGS-DSK-230\MSSQLSERVER2019' (1ms).
2024-09-25 16:05:54.854 +05:30  INF  Executed action method Web.Ecommerce.Controllers.Account.AccountController.Login (Web.Ecommerce), returned result Microsoft.AspNetCore.Mvc.OkObjectResult in 178.38ms.
2024-09-25 16:05:54.856 +05:30  VRB  Action Filter: Before executing OnActionExecuted on filter Microsoft.AspNetCore.Mvc.Infrastructure.ModelStateInvalidFilter.
2024-09-25 16:05:54.858 +05:30  VRB  Action Filter: After executing OnActionExecuted on filter Microsoft.AspNetCore.Mvc.Infrastructure.ModelStateInvalidFilter.
2024-09-25 16:05:54.859 +05:30  VRB  Action Filter: Before executing OnActionExecuted on filter Microsoft.AspNetCore.Mvc.ModelBinding.UnsupportedContentTypeFilter.
2024-09-25 16:05:54.861 +05:30  VRB  Action Filter: After executing OnActionExecuted on filter Microsoft.AspNetCore.Mvc.ModelBinding.UnsupportedContentTypeFilter.
2024-09-25 16:05:54.862 +05:30  VRB  Result Filter: Before executing OnResultExecuting on filter Microsoft.AspNetCore.Mvc.Infrastructure.ClientErrorResultFilter.
2024-09-25 16:05:54.864 +05:30  VRB  Result Filter: After executing OnResultExecuting on filter Microsoft.AspNetCore.Mvc.Infrastructure.ClientErrorResultFilter.
2024-09-25 16:05:54.866 +05:30  VRB  Before executing action result Microsoft.AspNetCore.Mvc.OkObjectResult.
2024-09-25 16:05:54.867 +05:30  DBG  List of registered output formatters, in the following order: ["Microsoft.AspNetCore.Mvc.Formatters.HttpNoContentOutputFormatter","Microsoft.AspNetCore.Mvc.Formatters.StringOutputFormatter","Microsoft.AspNetCore.Mvc.Formatters.StreamOutputFormatter","Microsoft.AspNetCore.Mvc.Formatters.SystemTextJsonOutputFormatter"]
2024-09-25 16:05:54.869 +05:30  DBG  No information found on request to perform content negotiation.
2024-09-25 16:05:54.869 +05:30  DBG  Attempting to select an output formatter without using a content type as no explicit content types were specified for the response.
2024-09-25 16:05:54.870 +05:30  DBG  Attempting to select the first formatter in the output formatters list which can write the result.
2024-09-25 16:05:54.871 +05:30  DBG  Selected output formatter 'Microsoft.AspNetCore.Mvc.Formatters.SystemTextJsonOutputFormatter' and content type 'application/json' to write the response.
2024-09-25 16:05:54.872 +05:30  INF  Executing OkObjectResult, writing value of type '<>f__AnonymousType1`3[[System.String, System.Private.CoreLib, Version=8.0.0.0, Culture=neutral, PublicKeyToken=7cec85d7bea7798e],[System.String, System.Private.CoreLib, Version=8.0.0.0, Culture=neutral, PublicKeyToken=7cec85d7bea7798e],[System.Collections.Generic.IEnumerable`1[[System.String, System.Private.CoreLib, Version=8.0.0.0, Culture=neutral, PublicKeyToken=7cec85d7bea7798e]], System.Private.CoreLib, Version=8.0.0.0, Culture=neutral, PublicKeyToken=7cec85d7bea7798e]]'.
2024-09-25 16:05:54.874 +05:30  VRB  After executing action result Microsoft.AspNetCore.Mvc.OkObjectResult.
2024-09-25 16:05:54.874 +05:30  VRB  Connection id "0HN6T30PDSD6U" sending "HEADERS" frame for stream ID 3 with length 67 and flags "END_HEADERS".
2024-09-25 16:05:54.874 +05:30  VRB  Result Filter: Before executing OnResultExecuted on filter Microsoft.AspNetCore.Mvc.Infrastructure.ClientErrorResultFilter.
2024-09-25 16:05:54.876 +05:30  VRB  Connection id "0HN6T30PDSD6U" sending "DATA" frame for stream ID 3 with length 591 and flags "NONE".
2024-09-25 16:05:54.877 +05:30  VRB  Result Filter: After executing OnResultExecuted on filter Microsoft.AspNetCore.Mvc.Infrastructure.ClientErrorResultFilter.
2024-09-25 16:05:54.880 +05:30  INF  Executed action Web.Ecommerce.Controllers.Account.AccountController.Login (Web.Ecommerce) in 226.4998ms
2024-09-25 16:05:54.881 +05:30  INF  Executed endpoint 'Web.Ecommerce.Controllers.Account.AccountController.Login (Web.Ecommerce)'
2024-09-25 16:05:54.882 +05:30  DBG  'EcommerceDbContext' disposed.
2024-09-25 16:05:54.882 +05:30  VRB  Connection id "0HN6T30PDSD6U" sending "DATA" frame for stream ID 3 with length 0 and flags "END_STREAM".
2024-09-25 16:05:54.883 +05:30  DBG  Disposing connection to database 'Ecommerce' on server 'FGS-DSK-230\MSSQLSERVER2019'.
2024-09-25 16:05:54.886 +05:30  DBG  Disposed connection to database '' on server '' (2ms).
2024-09-25 16:05:54.888 +05:30  INF  Request finished HTTP/2 POST https://localhost:7113/api/Account/Login - 200 null application/json; charset=utf-8 262.4716ms
2024-09-25 16:06:08.693 +05:30  VRB  Connection id "0HN6T30PDSD6U" received "HEADERS" frame for stream ID 5 with length 43 and flags "END_STREAM, END_HEADERS, PRIORITY".
2024-09-25 16:06:08.696 +05:30  VRB  Connection id "0HN6T30PDSD6U" received "PING" frame for stream ID 0 with length 8 and flags "NONE".
2024-09-25 16:06:08.696 +05:30  INF  Request starting HTTP/2 OPTIONS https://localhost:7113/api/Account/Login - null null
2024-09-25 16:06:08.701 +05:30  VRB  All hosts are allowed.
2024-09-25 16:06:08.701 +05:30  DBG  1 candidate(s) found for the request path '/api/Account/Login'
2024-09-25 16:06:08.702 +05:30  DBG  Request matched endpoint '405 HTTP Method Not Supported'
2024-09-25 16:06:08.703 +05:30  VRB  Connection id "0HN6T30PDSD6U" sending "PING" frame for stream ID 0 with length 8 and flags "ACK".
2024-09-25 16:06:08.703 +05:30  VRB  The endpoint does not specify the IRequestSizeLimitMetadata.
2024-09-25 16:06:08.705 +05:30  DBG  Static files was skipped as the request already matched an endpoint.
2024-09-25 16:06:08.706 +05:30  DBG  The request has an origin header: 'http://localhost:4200'.
2024-09-25 16:06:08.706 +05:30  INF  CORS policy execution successful.
2024-09-25 16:06:08.707 +05:30  DBG  The request is a preflight request.
2024-09-25 16:06:08.707 +05:30  INF  Request finished HTTP/2 OPTIONS https://localhost:7113/api/Account/Login - 204 null null 11.6568ms
2024-09-25 16:06:08.707 +05:30  VRB  Connection id "0HN6T30PDSD6U" sending "HEADERS" frame for stream ID 5 with length 36 and flags "END_STREAM, END_HEADERS".
2024-09-25 16:06:08.712 +05:30  VRB  Connection id "0HN6T30PDSD6U" received "HEADERS" frame for stream ID 7 with length 38 and flags "END_HEADERS, PRIORITY".
2024-09-25 16:06:08.714 +05:30  VRB  Connection id "0HN6T30PDSD6U" received "DATA" frame for stream ID 7 with length 66 and flags "END_STREAM".
2024-09-25 16:06:08.714 +05:30  INF  Request starting HTTP/2 POST https://localhost:7113/api/Account/Login - application/json 66
2024-09-25 16:06:08.720 +05:30  VRB  All hosts are allowed.
2024-09-25 16:06:08.720 +05:30  DBG  1 candidate(s) found for the request path '/api/Account/Login'
2024-09-25 16:06:08.721 +05:30  DBG  Endpoint 'Web.Ecommerce.Controllers.Account.AccountController.Login (Web.Ecommerce)' with route pattern 'api/Account/Login' is valid for the request path '/api/Account/Login'
2024-09-25 16:06:08.723 +05:30  DBG  Request matched endpoint 'Web.Ecommerce.Controllers.Account.AccountController.Login (Web.Ecommerce)'
2024-09-25 16:06:08.723 +05:30  VRB  The endpoint does not specify the IRequestSizeLimitMetadata.
2024-09-25 16:06:08.724 +05:30  DBG  Static files was skipped as the request already matched an endpoint.
2024-09-25 16:06:08.725 +05:30  DBG  The request has an origin header: 'http://localhost:4200'.
2024-09-25 16:06:08.725 +05:30  INF  CORS policy execution successful.
2024-09-25 16:06:08.726 +05:30  DBG  AuthenticationScheme: Bearer was not authenticated.
2024-09-25 16:06:08.727 +05:30  INF  Executing endpoint 'Web.Ecommerce.Controllers.Account.AccountController.Login (Web.Ecommerce)'
2024-09-25 16:06:08.728 +05:30  INF  Route matched with {action = "Login", controller = "Account"}. Executing controller action with signature System.Threading.Tasks.Task`1[Microsoft.AspNetCore.Mvc.IActionResult] Login(Application.Ecom.Authentication.Commands.LoginUser.LoginUserCommand) on controller Web.Ecommerce.Controllers.Account.AccountController (Web.Ecommerce).
2024-09-25 16:06:08.730 +05:30  DBG  Execution plan of authorization filters (in the following order): ["None"]
2024-09-25 16:06:08.731 +05:30  DBG  Execution plan of resource filters (in the following order): ["None"]
2024-09-25 16:06:08.732 +05:30  DBG  Execution plan of action filters (in the following order): ["Microsoft.AspNetCore.Mvc.ModelBinding.UnsupportedContentTypeFilter (Order: -3000)","Microsoft.AspNetCore.Mvc.Infrastructure.ModelStateInvalidFilter (Order: -2000)"]
2024-09-25 16:06:08.735 +05:30  DBG  Execution plan of exception filters (in the following order): ["None"]
2024-09-25 16:06:08.736 +05:30  DBG  Execution plan of result filters (in the following order): ["Microsoft.AspNetCore.Mvc.Infrastructure.ClientErrorResultFilter (Order: -2000)"]
2024-09-25 16:06:08.737 +05:30  DBG  Executing controller factory for controller Web.Ecommerce.Controllers.Account.AccountController (Web.Ecommerce)
2024-09-25 16:06:08.738 +05:30  DBG  Executed controller factory for controller Web.Ecommerce.Controllers.Account.AccountController (Web.Ecommerce)
2024-09-25 16:06:08.740 +05:30  DBG  Attempting to bind parameter 'command' of type 'Application.Ecom.Authentication.Commands.LoginUser.LoginUserCommand' ...
2024-09-25 16:06:08.741 +05:30  DBG  Attempting to bind parameter 'command' of type 'Application.Ecom.Authentication.Commands.LoginUser.LoginUserCommand' using the name '' in request data ...
2024-09-25 16:06:08.742 +05:30  DBG  Selected input formatter 'Microsoft.AspNetCore.Mvc.Formatters.SystemTextJsonInputFormatter' for content type 'application/json'.
2024-09-25 16:06:08.743 +05:30  DBG  Connection id "0HN6T30PDSD6U", Request id "0HN6T30PDSD6U:00000007": started reading request body.
2024-09-25 16:06:08.744 +05:30  DBG  Connection id "0HN6T30PDSD6U", Request id "0HN6T30PDSD6U:00000007": done reading request body.
2024-09-25 16:06:08.745 +05:30  DBG  JSON input formatter succeeded, deserializing to type 'Application.Ecom.Authentication.Commands.LoginUser.LoginUserCommand'
2024-09-25 16:06:08.746 +05:30  DBG  Done attempting to bind parameter 'command' of type 'Application.Ecom.Authentication.Commands.LoginUser.LoginUserCommand'.
2024-09-25 16:06:08.747 +05:30  DBG  Done attempting to bind parameter 'command' of type 'Application.Ecom.Authentication.Commands.LoginUser.LoginUserCommand'.
2024-09-25 16:06:08.749 +05:30  DBG  Attempting to validate the bound parameter 'command' of type 'Application.Ecom.Authentication.Commands.LoginUser.LoginUserCommand' ...
2024-09-25 16:06:08.750 +05:30  DBG  Done attempting to validate the bound parameter 'command' of type 'Application.Ecom.Authentication.Commands.LoginUser.LoginUserCommand'.
2024-09-25 16:06:08.751 +05:30  VRB  Action Filter: Before executing OnActionExecuting on filter Microsoft.AspNetCore.Mvc.ModelBinding.UnsupportedContentTypeFilter.
2024-09-25 16:06:08.752 +05:30  VRB  Action Filter: After executing OnActionExecuting on filter Microsoft.AspNetCore.Mvc.ModelBinding.UnsupportedContentTypeFilter.
2024-09-25 16:06:08.753 +05:30  VRB  Action Filter: Before executing OnActionExecuting on filter Microsoft.AspNetCore.Mvc.Infrastructure.ModelStateInvalidFilter.
2024-09-25 16:06:08.755 +05:30  VRB  Action Filter: After executing OnActionExecuting on filter Microsoft.AspNetCore.Mvc.Infrastructure.ModelStateInvalidFilter.
2024-09-25 16:06:08.756 +05:30  INF  Executing action method Web.Ecommerce.Controllers.Account.AccountController.Login (Web.Ecommerce) - Validation state: "Valid"
2024-09-25 16:06:08.757 +05:30  VRB  Executing action method Web.Ecommerce.Controllers.Account.AccountController.Login (Web.Ecommerce) with arguments (["Application.Ecom.Authentication.Commands.LoginUser.LoginUserCommand"])
2024-09-25 16:06:08.758 +05:30  DBG  Entity Framework Core 8.0.8 initialized 'EcommerceDbContext' using provider 'Microsoft.EntityFrameworkCore.SqlServer:8.0.8' with options: None
2024-09-25 16:06:08.760 +05:30  DBG  Creating DbConnection.
2024-09-25 16:06:08.760 +05:30  DBG  Created DbConnection. (0ms).
2024-09-25 16:06:08.761 +05:30  DBG  Opening connection to database 'Ecommerce' on server 'FGS-DSK-230\MSSQLSERVER2019'.
2024-09-25 16:06:08.762 +05:30  DBG  Opened connection to database 'Ecommerce' on server 'FGS-DSK-230\MSSQLSERVER2019'.
2024-09-25 16:06:08.763 +05:30  DBG  Creating DbCommand for 'ExecuteReader'.
2024-09-25 16:06:08.764 +05:30  DBG  Created DbCommand for 'ExecuteReader' (0ms).
2024-09-25 16:06:08.764 +05:30  DBG  Initialized DbCommand for 'ExecuteReader' (1ms).
2024-09-25 16:06:08.766 +05:30  DBG  Executing DbCommand [Parameters=[@__normalizedEmail_0='?' (Size = 256)], CommandType='"Text"', CommandTimeout='30']
SELECT TOP(2) [a].[Id], [a].[AccessFailedCount], [a].[ConcurrencyStamp], [a].[CreatedAt], [a].[Email], [a].[EmailConfirmed], [a].[IsDeleted], [a].[IsVerified], [a].[LockoutEnabled], [a].[LockoutEnd], [a].[NormalizedEmail], [a].[NormalizedUserName], [a].[PasswordHash], [a].[PhoneNumber], [a].[PhoneNumberConfirmed], [a].[SecurityStamp], [a].[TwoFactorEnabled], [a].[UpdatedAt], [a].[UserName]
FROM [AspNetUsers] AS [a]
WHERE [a].[NormalizedEmail] = @__normalizedEmail_0
2024-09-25 16:06:08.770 +05:30  INF  Executed DbCommand (4ms) [Parameters=[@__normalizedEmail_0='?' (Size = 256)], CommandType='"Text"', CommandTimeout='30']
SELECT TOP(2) [a].[Id], [a].[AccessFailedCount], [a].[ConcurrencyStamp], [a].[CreatedAt], [a].[Email], [a].[EmailConfirmed], [a].[IsDeleted], [a].[IsVerified], [a].[LockoutEnabled], [a].[LockoutEnd], [a].[NormalizedEmail], [a].[NormalizedUserName], [a].[PasswordHash], [a].[PhoneNumber], [a].[PhoneNumberConfirmed], [a].[SecurityStamp], [a].[TwoFactorEnabled], [a].[UpdatedAt], [a].[UserName]
FROM [AspNetUsers] AS [a]
WHERE [a].[NormalizedEmail] = @__normalizedEmail_0
2024-09-25 16:06:08.772 +05:30  DBG  Context 'EcommerceDbContext' started tracking 'User' entity. Consider using 'DbContextOptionsBuilder.EnableSensitiveDataLogging' to see key values.
2024-09-25 16:06:08.773 +05:30  DBG  Closing data reader to 'Ecommerce' on server 'FGS-DSK-230\MSSQLSERVER2019'.
2024-09-25 16:06:08.774 +05:30  DBG  A data reader for 'Ecommerce' on server 'FGS-DSK-230\MSSQLSERVER2019' is being disposed after spending 2ms reading results.
2024-09-25 16:06:08.775 +05:30  DBG  Closing connection to database 'Ecommerce' on server 'FGS-DSK-230\MSSQLSERVER2019'.
2024-09-25 16:06:08.776 +05:30  DBG  Closed connection to database 'Ecommerce' on server 'FGS-DSK-230\MSSQLSERVER2019' (0ms).
2024-09-25 16:06:08.850 +05:30  DBG  Opening connection to database 'Ecommerce' on server 'FGS-DSK-230\MSSQLSERVER2019'.
2024-09-25 16:06:08.852 +05:30  DBG  Opened connection to database 'Ecommerce' on server 'FGS-DSK-230\MSSQLSERVER2019'.
2024-09-25 16:06:08.853 +05:30  DBG  Creating DbCommand for 'ExecuteReader'.
2024-09-25 16:06:08.854 +05:30  DBG  Created DbCommand for 'ExecuteReader' (0ms).
2024-09-25 16:06:08.855 +05:30  DBG  Initialized DbCommand for 'ExecuteReader' (1ms).
2024-09-25 16:06:08.856 +05:30  DBG  Executing DbCommand [Parameters=[@__userId_0='?' (DbType = Guid)], CommandType='"Text"', CommandTimeout='30']
SELECT [a0].[Name]
FROM [AspNetUserRoles] AS [a]
INNER JOIN [AspNetRoles] AS [a0] ON [a].[RoleId] = [a0].[Id]
WHERE [a].[UserId] = @__userId_0
2024-09-25 16:06:08.859 +05:30  INF  Executed DbCommand (3ms) [Parameters=[@__userId_0='?' (DbType = Guid)], CommandType='"Text"', CommandTimeout='30']
SELECT [a0].[Name]
FROM [AspNetUserRoles] AS [a]
INNER JOIN [AspNetRoles] AS [a0] ON [a].[RoleId] = [a0].[Id]
WHERE [a].[UserId] = @__userId_0
2024-09-25 16:06:08.862 +05:30  DBG  Closing data reader to 'Ecommerce' on server 'FGS-DSK-230\MSSQLSERVER2019'.
2024-09-25 16:06:08.863 +05:30  DBG  A data reader for 'Ecommerce' on server 'FGS-DSK-230\MSSQLSERVER2019' is being disposed after spending 1ms reading results.
2024-09-25 16:06:08.864 +05:30  DBG  Closing connection to database 'Ecommerce' on server 'FGS-DSK-230\MSSQLSERVER2019'.
2024-09-25 16:06:08.866 +05:30  DBG  Closed connection to database 'Ecommerce' on server 'FGS-DSK-230\MSSQLSERVER2019' (1ms).
2024-09-25 16:06:08.869 +05:30  INF  Executed action method Web.Ecommerce.Controllers.Account.AccountController.Login (Web.Ecommerce), returned result Microsoft.AspNetCore.Mvc.OkObjectResult in 111.4123ms.
2024-09-25 16:06:08.871 +05:30  VRB  Action Filter: Before executing OnActionExecuted on filter Microsoft.AspNetCore.Mvc.Infrastructure.ModelStateInvalidFilter.
2024-09-25 16:06:08.873 +05:30  VRB  Action Filter: After executing OnActionExecuted on filter Microsoft.AspNetCore.Mvc.Infrastructure.ModelStateInvalidFilter.
2024-09-25 16:06:08.875 +05:30  VRB  Action Filter: Before executing OnActionExecuted on filter Microsoft.AspNetCore.Mvc.ModelBinding.UnsupportedContentTypeFilter.
2024-09-25 16:06:08.876 +05:30  VRB  Action Filter: After executing OnActionExecuted on filter Microsoft.AspNetCore.Mvc.ModelBinding.UnsupportedContentTypeFilter.
2024-09-25 16:06:08.877 +05:30  VRB  Result Filter: Before executing OnResultExecuting on filter Microsoft.AspNetCore.Mvc.Infrastructure.ClientErrorResultFilter.
2024-09-25 16:06:08.878 +05:30  VRB  Result Filter: After executing OnResultExecuting on filter Microsoft.AspNetCore.Mvc.Infrastructure.ClientErrorResultFilter.
2024-09-25 16:06:08.880 +05:30  VRB  Before executing action result Microsoft.AspNetCore.Mvc.OkObjectResult.
2024-09-25 16:06:08.880 +05:30  DBG  List of registered output formatters, in the following order: ["Microsoft.AspNetCore.Mvc.Formatters.HttpNoContentOutputFormatter","Microsoft.AspNetCore.Mvc.Formatters.StringOutputFormatter","Microsoft.AspNetCore.Mvc.Formatters.StreamOutputFormatter","Microsoft.AspNetCore.Mvc.Formatters.SystemTextJsonOutputFormatter"]
2024-09-25 16:06:08.882 +05:30  DBG  No information found on request to perform content negotiation.
2024-09-25 16:06:08.883 +05:30  DBG  Attempting to select an output formatter without using a content type as no explicit content types were specified for the response.
2024-09-25 16:06:08.884 +05:30  DBG  Attempting to select the first formatter in the output formatters list which can write the result.
2024-09-25 16:06:08.885 +05:30  DBG  Selected output formatter 'Microsoft.AspNetCore.Mvc.Formatters.SystemTextJsonOutputFormatter' and content type 'application/json' to write the response.
2024-09-25 16:06:08.886 +05:30  INF  Executing OkObjectResult, writing value of type '<>f__AnonymousType1`3[[System.String, System.Private.CoreLib, Version=8.0.0.0, Culture=neutral, PublicKeyToken=7cec85d7bea7798e],[System.String, System.Private.CoreLib, Version=8.0.0.0, Culture=neutral, PublicKeyToken=7cec85d7bea7798e],[System.Collections.Generic.IEnumerable`1[[System.String, System.Private.CoreLib, Version=8.0.0.0, Culture=neutral, PublicKeyToken=7cec85d7bea7798e]], System.Private.CoreLib, Version=8.0.0.0, Culture=neutral, PublicKeyToken=7cec85d7bea7798e]]'.
2024-09-25 16:06:08.887 +05:30  VRB  After executing action result Microsoft.AspNetCore.Mvc.OkObjectResult.
2024-09-25 16:06:08.887 +05:30  VRB  Connection id "0HN6T30PDSD6U" sending "HEADERS" frame for stream ID 7 with length 35 and flags "END_HEADERS".
2024-09-25 16:06:08.888 +05:30  VRB  Result Filter: Before executing OnResultExecuted on filter Microsoft.AspNetCore.Mvc.Infrastructure.ClientErrorResultFilter.
2024-09-25 16:06:08.889 +05:30  VRB  Result Filter: After executing OnResultExecuted on filter Microsoft.AspNetCore.Mvc.Infrastructure.ClientErrorResultFilter.
2024-09-25 16:06:08.890 +05:30  INF  Executed action Web.Ecommerce.Controllers.Account.AccountController.Login (Web.Ecommerce) in 152.8235ms
2024-09-25 16:06:08.892 +05:30  VRB  Connection id "0HN6T30PDSD6U" sending "DATA" frame for stream ID 7 with length 591 and flags "NONE".
2024-09-25 16:06:08.893 +05:30  INF  Executed endpoint 'Web.Ecommerce.Controllers.Account.AccountController.Login (Web.Ecommerce)'
2024-09-25 16:06:08.894 +05:30  DBG  'EcommerceDbContext' disposed.
2024-09-25 16:06:08.895 +05:30  VRB  Connection id "0HN6T30PDSD6U" sending "DATA" frame for stream ID 7 with length 0 and flags "END_STREAM".
2024-09-25 16:06:08.896 +05:30  DBG  Disposing connection to database 'Ecommerce' on server 'FGS-DSK-230\MSSQLSERVER2019'.
2024-09-25 16:06:08.899 +05:30  VRB  Connection id "0HN6T30PDSD6U" received "WINDOW_UPDATE" frame for stream ID 0 with length 4 and flags 0x0.
2024-09-25 16:06:08.903 +05:30  DBG  Disposed connection to database '' on server '' (6ms).
2024-09-25 16:06:08.906 +05:30  INF  Request finished HTTP/2 POST https://localhost:7113/api/Account/Login - 200 null application/json; charset=utf-8 192.0229ms
2024-09-25 16:06:17.307 +05:30  VRB  Connection id "0HN6T30PDSD6U" received "HEADERS" frame for stream ID 9 with length 43 and flags "END_STREAM, END_HEADERS, PRIORITY".
2024-09-25 16:06:17.311 +05:30  INF  Request starting HTTP/2 OPTIONS https://localhost:7113/api/Account/Login - null null
2024-09-25 16:06:17.313 +05:30  VRB  All hosts are allowed.
2024-09-25 16:06:17.314 +05:30  DBG  1 candidate(s) found for the request path '/api/Account/Login'
2024-09-25 16:06:17.314 +05:30  DBG  Request matched endpoint '405 HTTP Method Not Supported'
2024-09-25 16:06:17.315 +05:30  VRB  The endpoint does not specify the IRequestSizeLimitMetadata.
2024-09-25 16:06:17.316 +05:30  DBG  Static files was skipped as the request already matched an endpoint.
2024-09-25 16:06:17.317 +05:30  DBG  The request has an origin header: 'http://localhost:4200'.
2024-09-25 16:06:17.318 +05:30  INF  CORS policy execution successful.
2024-09-25 16:06:17.318 +05:30  DBG  The request is a preflight request.
2024-09-25 16:06:17.319 +05:30  INF  Request finished HTTP/2 OPTIONS https://localhost:7113/api/Account/Login - 204 null null 8.0737ms
2024-09-25 16:06:17.319 +05:30  VRB  Connection id "0HN6T30PDSD6U" sending "HEADERS" frame for stream ID 9 with length 36 and flags "END_STREAM, END_HEADERS".
2024-09-25 16:06:17.324 +05:30  VRB  Connection id "0HN6T30PDSD6U" received "HEADERS" frame for stream ID 11 with length 41 and flags "END_HEADERS, PRIORITY".
2024-09-25 16:06:17.325 +05:30  VRB  Connection id "0HN6T30PDSD6U" received "DATA" frame for stream ID 11 with length 68 and flags "END_STREAM".
2024-09-25 16:06:17.325 +05:30  INF  Request starting HTTP/2 POST https://localhost:7113/api/Account/Login - application/json 68
2024-09-25 16:06:17.329 +05:30  VRB  All hosts are allowed.
2024-09-25 16:06:17.329 +05:30  DBG  1 candidate(s) found for the request path '/api/Account/Login'
2024-09-25 16:06:17.330 +05:30  DBG  Endpoint 'Web.Ecommerce.Controllers.Account.AccountController.Login (Web.Ecommerce)' with route pattern 'api/Account/Login' is valid for the request path '/api/Account/Login'
2024-09-25 16:06:17.331 +05:30  DBG  Request matched endpoint 'Web.Ecommerce.Controllers.Account.AccountController.Login (Web.Ecommerce)'
2024-09-25 16:06:17.334 +05:30  VRB  The endpoint does not specify the IRequestSizeLimitMetadata.
2024-09-25 16:06:17.335 +05:30  DBG  Static files was skipped as the request already matched an endpoint.
2024-09-25 16:06:17.336 +05:30  DBG  The request has an origin header: 'http://localhost:4200'.
2024-09-25 16:06:17.336 +05:30  INF  CORS policy execution successful.
2024-09-25 16:06:17.337 +05:30  DBG  AuthenticationScheme: Bearer was not authenticated.
2024-09-25 16:06:17.338 +05:30  INF  Executing endpoint 'Web.Ecommerce.Controllers.Account.AccountController.Login (Web.Ecommerce)'
2024-09-25 16:06:17.339 +05:30  INF  Route matched with {action = "Login", controller = "Account"}. Executing controller action with signature System.Threading.Tasks.Task`1[Microsoft.AspNetCore.Mvc.IActionResult] Login(Application.Ecom.Authentication.Commands.LoginUser.LoginUserCommand) on controller Web.Ecommerce.Controllers.Account.AccountController (Web.Ecommerce).
2024-09-25 16:06:17.341 +05:30  DBG  Execution plan of authorization filters (in the following order): ["None"]
2024-09-25 16:06:17.342 +05:30  DBG  Execution plan of resource filters (in the following order): ["None"]
2024-09-25 16:06:17.343 +05:30  DBG  Execution plan of action filters (in the following order): ["Microsoft.AspNetCore.Mvc.ModelBinding.UnsupportedContentTypeFilter (Order: -3000)","Microsoft.AspNetCore.Mvc.Infrastructure.ModelStateInvalidFilter (Order: -2000)"]
2024-09-25 16:06:17.344 +05:30  DBG  Execution plan of exception filters (in the following order): ["None"]
2024-09-25 16:06:17.345 +05:30  DBG  Execution plan of result filters (in the following order): ["Microsoft.AspNetCore.Mvc.Infrastructure.ClientErrorResultFilter (Order: -2000)"]
2024-09-25 16:06:17.346 +05:30  DBG  Executing controller factory for controller Web.Ecommerce.Controllers.Account.AccountController (Web.Ecommerce)
2024-09-25 16:06:17.347 +05:30  DBG  Executed controller factory for controller Web.Ecommerce.Controllers.Account.AccountController (Web.Ecommerce)
2024-09-25 16:06:17.349 +05:30  DBG  Attempting to bind parameter 'command' of type 'Application.Ecom.Authentication.Commands.LoginUser.LoginUserCommand' ...
2024-09-25 16:06:17.350 +05:30  DBG  Attempting to bind parameter 'command' of type 'Application.Ecom.Authentication.Commands.LoginUser.LoginUserCommand' using the name '' in request data ...
2024-09-25 16:06:17.351 +05:30  DBG  Selected input formatter 'Microsoft.AspNetCore.Mvc.Formatters.SystemTextJsonInputFormatter' for content type 'application/json'.
2024-09-25 16:06:17.353 +05:30  DBG  Connection id "0HN6T30PDSD6U", Request id "0HN6T30PDSD6U:0000000B": started reading request body.
2024-09-25 16:06:17.354 +05:30  DBG  Connection id "0HN6T30PDSD6U", Request id "0HN6T30PDSD6U:0000000B": done reading request body.
2024-09-25 16:06:17.355 +05:30  DBG  JSON input formatter succeeded, deserializing to type 'Application.Ecom.Authentication.Commands.LoginUser.LoginUserCommand'
2024-09-25 16:06:17.355 +05:30  DBG  Done attempting to bind parameter 'command' of type 'Application.Ecom.Authentication.Commands.LoginUser.LoginUserCommand'.
2024-09-25 16:06:17.356 +05:30  DBG  Done attempting to bind parameter 'command' of type 'Application.Ecom.Authentication.Commands.LoginUser.LoginUserCommand'.
2024-09-25 16:06:17.357 +05:30  DBG  Attempting to validate the bound parameter 'command' of type 'Application.Ecom.Authentication.Commands.LoginUser.LoginUserCommand' ...
2024-09-25 16:06:17.359 +05:30  DBG  Done attempting to validate the bound parameter 'command' of type 'Application.Ecom.Authentication.Commands.LoginUser.LoginUserCommand'.
2024-09-25 16:06:17.360 +05:30  VRB  Action Filter: Before executing OnActionExecuting on filter Microsoft.AspNetCore.Mvc.ModelBinding.UnsupportedContentTypeFilter.
2024-09-25 16:06:17.361 +05:30  VRB  Action Filter: After executing OnActionExecuting on filter Microsoft.AspNetCore.Mvc.ModelBinding.UnsupportedContentTypeFilter.
2024-09-25 16:06:17.362 +05:30  VRB  Action Filter: Before executing OnActionExecuting on filter Microsoft.AspNetCore.Mvc.Infrastructure.ModelStateInvalidFilter.
2024-09-25 16:06:17.363 +05:30  VRB  Action Filter: After executing OnActionExecuting on filter Microsoft.AspNetCore.Mvc.Infrastructure.ModelStateInvalidFilter.
2024-09-25 16:06:17.364 +05:30  INF  Executing action method Web.Ecommerce.Controllers.Account.AccountController.Login (Web.Ecommerce) - Validation state: "Valid"
2024-09-25 16:06:17.366 +05:30  VRB  Executing action method Web.Ecommerce.Controllers.Account.AccountController.Login (Web.Ecommerce) with arguments (["Application.Ecom.Authentication.Commands.LoginUser.LoginUserCommand"])
2024-09-25 16:06:17.368 +05:30  DBG  Entity Framework Core 8.0.8 initialized 'EcommerceDbContext' using provider 'Microsoft.EntityFrameworkCore.SqlServer:8.0.8' with options: None
2024-09-25 16:06:17.370 +05:30  DBG  Creating DbConnection.
2024-09-25 16:06:17.371 +05:30  DBG  Created DbConnection. (0ms).
2024-09-25 16:06:17.371 +05:30  DBG  Opening connection to database 'Ecommerce' on server 'FGS-DSK-230\MSSQLSERVER2019'.
2024-09-25 16:06:17.373 +05:30  DBG  Opened connection to database 'Ecommerce' on server 'FGS-DSK-230\MSSQLSERVER2019'.
2024-09-25 16:06:17.374 +05:30  DBG  Creating DbCommand for 'ExecuteReader'.
2024-09-25 16:06:17.374 +05:30  DBG  Created DbCommand for 'ExecuteReader' (0ms).
2024-09-25 16:06:17.375 +05:30  DBG  Initialized DbCommand for 'ExecuteReader' (1ms).
2024-09-25 16:06:17.376 +05:30  DBG  Executing DbCommand [Parameters=[@__normalizedEmail_0='?' (Size = 256)], CommandType='"Text"', CommandTimeout='30']
SELECT TOP(2) [a].[Id], [a].[AccessFailedCount], [a].[ConcurrencyStamp], [a].[CreatedAt], [a].[Email], [a].[EmailConfirmed], [a].[IsDeleted], [a].[IsVerified], [a].[LockoutEnabled], [a].[LockoutEnd], [a].[NormalizedEmail], [a].[NormalizedUserName], [a].[PasswordHash], [a].[PhoneNumber], [a].[PhoneNumberConfirmed], [a].[SecurityStamp], [a].[TwoFactorEnabled], [a].[UpdatedAt], [a].[UserName]
FROM [AspNetUsers] AS [a]
WHERE [a].[NormalizedEmail] = @__normalizedEmail_0
2024-09-25 16:06:17.379 +05:30  INF  Executed DbCommand (3ms) [Parameters=[@__normalizedEmail_0='?' (Size = 256)], CommandType='"Text"', CommandTimeout='30']
SELECT TOP(2) [a].[Id], [a].[AccessFailedCount], [a].[ConcurrencyStamp], [a].[CreatedAt], [a].[Email], [a].[EmailConfirmed], [a].[IsDeleted], [a].[IsVerified], [a].[LockoutEnabled], [a].[LockoutEnd], [a].[NormalizedEmail], [a].[NormalizedUserName], [a].[PasswordHash], [a].[PhoneNumber], [a].[PhoneNumberConfirmed], [a].[SecurityStamp], [a].[TwoFactorEnabled], [a].[UpdatedAt], [a].[UserName]
FROM [AspNetUsers] AS [a]
WHERE [a].[NormalizedEmail] = @__normalizedEmail_0
2024-09-25 16:06:17.382 +05:30  DBG  Context 'EcommerceDbContext' started tracking 'User' entity. Consider using 'DbContextOptionsBuilder.EnableSensitiveDataLogging' to see key values.
2024-09-25 16:06:17.384 +05:30  DBG  Closing data reader to 'Ecommerce' on server 'FGS-DSK-230\MSSQLSERVER2019'.
2024-09-25 16:06:17.385 +05:30  DBG  A data reader for 'Ecommerce' on server 'FGS-DSK-230\MSSQLSERVER2019' is being disposed after spending 3ms reading results.
2024-09-25 16:06:17.386 +05:30  DBG  Closing connection to database 'Ecommerce' on server 'FGS-DSK-230\MSSQLSERVER2019'.
2024-09-25 16:06:17.387 +05:30  DBG  Closed connection to database 'Ecommerce' on server 'FGS-DSK-230\MSSQLSERVER2019' (0ms).
2024-09-25 16:06:17.459 +05:30  DBG  Opening connection to database 'Ecommerce' on server 'FGS-DSK-230\MSSQLSERVER2019'.
2024-09-25 16:06:17.460 +05:30  DBG  Opened connection to database 'Ecommerce' on server 'FGS-DSK-230\MSSQLSERVER2019'.
2024-09-25 16:06:17.461 +05:30  DBG  Creating DbCommand for 'ExecuteReader'.
2024-09-25 16:06:17.462 +05:30  DBG  Created DbCommand for 'ExecuteReader' (0ms).
2024-09-25 16:06:17.463 +05:30  DBG  Initialized DbCommand for 'ExecuteReader' (1ms).
2024-09-25 16:06:17.464 +05:30  DBG  Executing DbCommand [Parameters=[@__userId_0='?' (DbType = Guid)], CommandType='"Text"', CommandTimeout='30']
SELECT [a0].[Name]
FROM [AspNetUserRoles] AS [a]
INNER JOIN [AspNetRoles] AS [a0] ON [a].[RoleId] = [a0].[Id]
WHERE [a].[UserId] = @__userId_0
2024-09-25 16:06:17.467 +05:30  INF  Executed DbCommand (3ms) [Parameters=[@__userId_0='?' (DbType = Guid)], CommandType='"Text"', CommandTimeout='30']
SELECT [a0].[Name]
FROM [AspNetUserRoles] AS [a]
INNER JOIN [AspNetRoles] AS [a0] ON [a].[RoleId] = [a0].[Id]
WHERE [a].[UserId] = @__userId_0
2024-09-25 16:06:17.469 +05:30  DBG  Closing data reader to 'Ecommerce' on server 'FGS-DSK-230\MSSQLSERVER2019'.
2024-09-25 16:06:17.470 +05:30  DBG  A data reader for 'Ecommerce' on server 'FGS-DSK-230\MSSQLSERVER2019' is being disposed after spending 0ms reading results.
2024-09-25 16:06:17.471 +05:30  DBG  Closing connection to database 'Ecommerce' on server 'FGS-DSK-230\MSSQLSERVER2019'.
2024-09-25 16:06:17.472 +05:30  DBG  Closed connection to database 'Ecommerce' on server 'FGS-DSK-230\MSSQLSERVER2019' (0ms).
2024-09-25 16:06:17.473 +05:30  INF  Executed action method Web.Ecommerce.Controllers.Account.AccountController.Login (Web.Ecommerce), returned result Microsoft.AspNetCore.Mvc.OkObjectResult in 106.3136ms.
2024-09-25 16:06:17.475 +05:30  VRB  Action Filter: Before executing OnActionExecuted on filter Microsoft.AspNetCore.Mvc.Infrastructure.ModelStateInvalidFilter.
2024-09-25 16:06:17.476 +05:30  VRB  Action Filter: After executing OnActionExecuted on filter Microsoft.AspNetCore.Mvc.Infrastructure.ModelStateInvalidFilter.
2024-09-25 16:06:17.477 +05:30  VRB  Action Filter: Before executing OnActionExecuted on filter Microsoft.AspNetCore.Mvc.ModelBinding.UnsupportedContentTypeFilter.
2024-09-25 16:06:17.478 +05:30  VRB  Action Filter: After executing OnActionExecuted on filter Microsoft.AspNetCore.Mvc.ModelBinding.UnsupportedContentTypeFilter.
2024-09-25 16:06:17.479 +05:30  VRB  Result Filter: Before executing OnResultExecuting on filter Microsoft.AspNetCore.Mvc.Infrastructure.ClientErrorResultFilter.
2024-09-25 16:06:17.480 +05:30  VRB  Result Filter: After executing OnResultExecuting on filter Microsoft.AspNetCore.Mvc.Infrastructure.ClientErrorResultFilter.
2024-09-25 16:06:17.481 +05:30  VRB  Before executing action result Microsoft.AspNetCore.Mvc.OkObjectResult.
2024-09-25 16:06:17.483 +05:30  DBG  List of registered output formatters, in the following order: ["Microsoft.AspNetCore.Mvc.Formatters.HttpNoContentOutputFormatter","Microsoft.AspNetCore.Mvc.Formatters.StringOutputFormatter","Microsoft.AspNetCore.Mvc.Formatters.StreamOutputFormatter","Microsoft.AspNetCore.Mvc.Formatters.SystemTextJsonOutputFormatter"]
2024-09-25 16:06:17.485 +05:30  DBG  No information found on request to perform content negotiation.
2024-09-25 16:06:17.486 +05:30  DBG  Attempting to select an output formatter without using a content type as no explicit content types were specified for the response.
2024-09-25 16:06:17.487 +05:30  DBG  Attempting to select the first formatter in the output formatters list which can write the result.
2024-09-25 16:06:17.488 +05:30  DBG  Selected output formatter 'Microsoft.AspNetCore.Mvc.Formatters.SystemTextJsonOutputFormatter' and content type 'application/json' to write the response.
2024-09-25 16:06:17.489 +05:30  INF  Executing OkObjectResult, writing value of type '<>f__AnonymousType1`3[[System.String, System.Private.CoreLib, Version=8.0.0.0, Culture=neutral, PublicKeyToken=7cec85d7bea7798e],[System.String, System.Private.CoreLib, Version=8.0.0.0, Culture=neutral, PublicKeyToken=7cec85d7bea7798e],[System.Collections.Generic.IEnumerable`1[[System.String, System.Private.CoreLib, Version=8.0.0.0, Culture=neutral, PublicKeyToken=7cec85d7bea7798e]], System.Private.CoreLib, Version=8.0.0.0, Culture=neutral, PublicKeyToken=7cec85d7bea7798e]]'.
2024-09-25 16:06:17.490 +05:30  VRB  After executing action result Microsoft.AspNetCore.Mvc.OkObjectResult.
2024-09-25 16:06:17.490 +05:30  VRB  Connection id "0HN6T30PDSD6U" sending "HEADERS" frame for stream ID 11 with length 5 and flags "END_HEADERS".
2024-09-25 16:06:17.491 +05:30  VRB  Result Filter: Before executing OnResultExecuted on filter Microsoft.AspNetCore.Mvc.Infrastructure.ClientErrorResultFilter.
2024-09-25 16:06:17.492 +05:30  VRB  Result Filter: After executing OnResultExecuted on filter Microsoft.AspNetCore.Mvc.Infrastructure.ClientErrorResultFilter.
2024-09-25 16:06:17.493 +05:30  INF  Executed action Web.Ecommerce.Controllers.Account.AccountController.Login (Web.Ecommerce) in 146.6199ms
2024-09-25 16:06:17.494 +05:30  VRB  Connection id "0HN6T30PDSD6U" sending "DATA" frame for stream ID 11 with length 582 and flags "NONE".
2024-09-25 16:06:17.495 +05:30  INF  Executed endpoint 'Web.Ecommerce.Controllers.Account.AccountController.Login (Web.Ecommerce)'
2024-09-25 16:06:17.498 +05:30  VRB  Connection id "0HN6T30PDSD6U" sending "DATA" frame for stream ID 11 with length 0 and flags "END_STREAM".
2024-09-25 16:06:17.498 +05:30  DBG  'EcommerceDbContext' disposed.
2024-09-25 16:06:17.499 +05:30  VRB  Connection id "0HN6T30PDSD6U" received "WINDOW_UPDATE" frame for stream ID 0 with length 4 and flags 0x0.
2024-09-25 16:06:17.501 +05:30  DBG  Disposing connection to database 'Ecommerce' on server 'FGS-DSK-230\MSSQLSERVER2019'.
2024-09-25 16:06:17.505 +05:30  DBG  Disposed connection to database '' on server '' (3ms).
2024-09-25 16:06:17.506 +05:30  INF  Request finished HTTP/2 POST https://localhost:7113/api/Account/Login - 200 null application/json; charset=utf-8 180.3339ms
2024-09-25 16:45:27.893 +05:30  DBG  Connection id "0HN6T30PDSD6U" received FIN.
2024-09-25 16:45:27.898 +05:30  DBG  Connection id "0HN6T30PDSD6U" is closed. The last processed stream ID was 11.
2024-09-25 16:45:27.898 +05:30  DBG  The connection queue processing loop for 0HN6T30PDSD6U completed.
2024-09-25 16:45:27.910 +05:30  DBG  Connection id "0HN6T30PDSD6U" sending FIN because: "The Socket transport's send loop completed gracefully."
2024-09-25 16:45:27.924 +05:30  DBG  Connection id "0HN6T30PDSD6U" stopped.
2024-09-25 16:53:10.999 +05:30  DBG  Connection id "0HN6T30PDSD6V" accepted.
2024-09-25 16:53:11.007 +05:30  DBG  Connection id "0HN6T30PDSD6V" started.
2024-09-25 16:53:11.015 +05:30  DBG  Connection 0HN6T30PDSD6V established using the following protocol: "Tls12"
2024-09-25 16:53:11.019 +05:30  VRB  Connection id "0HN6T30PDSD6V" sending "SETTINGS" frame for stream ID 0 with length 24 and flags "NONE".
2024-09-25 16:53:11.021 +05:30  VRB  Connection id "0HN6T30PDSD6V" sending "WINDOW_UPDATE" frame for stream ID 0 with length 4 and flags 0x0.
2024-09-25 16:53:11.023 +05:30  VRB  Connection id "0HN6T30PDSD6V" received "SETTINGS" frame for stream ID 0 with length 24 and flags "NONE".
2024-09-25 16:53:11.024 +05:30  VRB  Connection id "0HN6T30PDSD6V" sending "SETTINGS" frame for stream ID 0 with length 0 and flags "ACK".
2024-09-25 16:53:11.025 +05:30  VRB  Connection id "0HN6T30PDSD6V" received "WINDOW_UPDATE" frame for stream ID 0 with length 4 and flags 0x0.
2024-09-25 16:53:11.027 +05:30  VRB  Connection id "0HN6T30PDSD6V" received "HEADERS" frame for stream ID 1 with length 335 and flags "END_STREAM, END_HEADERS, PRIORITY".
2024-09-25 16:53:11.030 +05:30  VRB  Connection id "0HN6T30PDSD6V" received "SETTINGS" frame for stream ID 0 with length 0 and flags "ACK".
2024-09-25 16:53:11.030 +05:30  INF  Request starting HTTP/2 OPTIONS https://localhost:7113/api/Account/Login - null null
2024-09-25 16:53:11.034 +05:30  VRB  All hosts are allowed.
2024-09-25 16:53:11.034 +05:30  DBG  1 candidate(s) found for the request path '/api/Account/Login'
2024-09-25 16:53:11.035 +05:30  DBG  Request matched endpoint '405 HTTP Method Not Supported'
2024-09-25 16:53:11.036 +05:30  VRB  The endpoint does not specify the IRequestSizeLimitMetadata.
2024-09-25 16:53:11.036 +05:30  DBG  Static files was skipped as the request already matched an endpoint.
2024-09-25 16:53:11.037 +05:30  DBG  The request has an origin header: 'http://localhost:4200'.
2024-09-25 16:53:11.037 +05:30  INF  CORS policy execution successful.
2024-09-25 16:53:11.038 +05:30  DBG  The request is a preflight request.
2024-09-25 16:53:11.038 +05:30  INF  Request finished HTTP/2 OPTIONS https://localhost:7113/api/Account/Login - 204 null null 8.1237ms
2024-09-25 16:53:11.039 +05:30  VRB  Connection id "0HN6T30PDSD6V" sending "HEADERS" frame for stream ID 1 with length 122 and flags "END_STREAM, END_HEADERS".
2024-09-25 16:53:11.043 +05:30  VRB  Connection id "0HN6T30PDSD6V" received "HEADERS" frame for stream ID 3 with length 181 and flags "END_HEADERS, PRIORITY".
2024-09-25 16:53:11.045 +05:30  VRB  Connection id "0HN6T30PDSD6V" received "DATA" frame for stream ID 3 with length 66 and flags "END_STREAM".
2024-09-25 16:53:11.046 +05:30  INF  Request starting HTTP/2 POST https://localhost:7113/api/Account/Login - application/json 66
2024-09-25 16:53:11.049 +05:30  VRB  All hosts are allowed.
2024-09-25 16:53:11.050 +05:30  DBG  1 candidate(s) found for the request path '/api/Account/Login'
2024-09-25 16:53:11.050 +05:30  DBG  Endpoint 'Web.Ecommerce.Controllers.Account.AccountController.Login (Web.Ecommerce)' with route pattern 'api/Account/Login' is valid for the request path '/api/Account/Login'
2024-09-25 16:53:11.051 +05:30  DBG  Request matched endpoint 'Web.Ecommerce.Controllers.Account.AccountController.Login (Web.Ecommerce)'
2024-09-25 16:53:11.052 +05:30  VRB  The endpoint does not specify the IRequestSizeLimitMetadata.
2024-09-25 16:53:11.053 +05:30  DBG  Static files was skipped as the request already matched an endpoint.
2024-09-25 16:53:11.053 +05:30  DBG  The request has an origin header: 'http://localhost:4200'.
2024-09-25 16:53:11.054 +05:30  INF  CORS policy execution successful.
2024-09-25 16:53:11.055 +05:30  DBG  AuthenticationScheme: Bearer was not authenticated.
2024-09-25 16:53:11.055 +05:30  INF  Executing endpoint 'Web.Ecommerce.Controllers.Account.AccountController.Login (Web.Ecommerce)'
2024-09-25 16:53:11.056 +05:30  INF  Route matched with {action = "Login", controller = "Account"}. Executing controller action with signature System.Threading.Tasks.Task`1[Microsoft.AspNetCore.Mvc.IActionResult] Login(Application.Ecom.Authentication.Commands.LoginUser.LoginUserCommand) on controller Web.Ecommerce.Controllers.Account.AccountController (Web.Ecommerce).
2024-09-25 16:53:11.058 +05:30  DBG  Execution plan of authorization filters (in the following order): ["None"]
2024-09-25 16:53:11.059 +05:30  DBG  Execution plan of resource filters (in the following order): ["None"]
2024-09-25 16:53:11.060 +05:30  DBG  Execution plan of action filters (in the following order): ["Microsoft.AspNetCore.Mvc.ModelBinding.UnsupportedContentTypeFilter (Order: -3000)","Microsoft.AspNetCore.Mvc.Infrastructure.ModelStateInvalidFilter (Order: -2000)"]
2024-09-25 16:53:11.061 +05:30  DBG  Execution plan of exception filters (in the following order): ["None"]
2024-09-25 16:53:11.063 +05:30  DBG  Execution plan of result filters (in the following order): ["Microsoft.AspNetCore.Mvc.Infrastructure.ClientErrorResultFilter (Order: -2000)"]
2024-09-25 16:53:11.064 +05:30  DBG  Executing controller factory for controller Web.Ecommerce.Controllers.Account.AccountController (Web.Ecommerce)
2024-09-25 16:53:11.065 +05:30  DBG  Executed controller factory for controller Web.Ecommerce.Controllers.Account.AccountController (Web.Ecommerce)
2024-09-25 16:53:11.067 +05:30  DBG  Attempting to bind parameter 'command' of type 'Application.Ecom.Authentication.Commands.LoginUser.LoginUserCommand' ...
2024-09-25 16:53:11.068 +05:30  DBG  Attempting to bind parameter 'command' of type 'Application.Ecom.Authentication.Commands.LoginUser.LoginUserCommand' using the name '' in request data ...
2024-09-25 16:53:11.069 +05:30  DBG  Selected input formatter 'Microsoft.AspNetCore.Mvc.Formatters.SystemTextJsonInputFormatter' for content type 'application/json'.
2024-09-25 16:53:11.070 +05:30  DBG  Connection id "0HN6T30PDSD6V", Request id "0HN6T30PDSD6V:00000003": started reading request body.
2024-09-25 16:53:11.072 +05:30  DBG  Connection id "0HN6T30PDSD6V", Request id "0HN6T30PDSD6V:00000003": done reading request body.
2024-09-25 16:53:11.073 +05:30  DBG  JSON input formatter succeeded, deserializing to type 'Application.Ecom.Authentication.Commands.LoginUser.LoginUserCommand'
2024-09-25 16:53:11.074 +05:30  DBG  Done attempting to bind parameter 'command' of type 'Application.Ecom.Authentication.Commands.LoginUser.LoginUserCommand'.
2024-09-25 16:53:11.075 +05:30  DBG  Done attempting to bind parameter 'command' of type 'Application.Ecom.Authentication.Commands.LoginUser.LoginUserCommand'.
2024-09-25 16:53:11.076 +05:30  DBG  Attempting to validate the bound parameter 'command' of type 'Application.Ecom.Authentication.Commands.LoginUser.LoginUserCommand' ...
2024-09-25 16:53:11.077 +05:30  DBG  Done attempting to validate the bound parameter 'command' of type 'Application.Ecom.Authentication.Commands.LoginUser.LoginUserCommand'.
2024-09-25 16:53:11.078 +05:30  VRB  Action Filter: Before executing OnActionExecuting on filter Microsoft.AspNetCore.Mvc.ModelBinding.UnsupportedContentTypeFilter.
2024-09-25 16:53:11.080 +05:30  VRB  Action Filter: After executing OnActionExecuting on filter Microsoft.AspNetCore.Mvc.ModelBinding.UnsupportedContentTypeFilter.
2024-09-25 16:53:11.081 +05:30  VRB  Action Filter: Before executing OnActionExecuting on filter Microsoft.AspNetCore.Mvc.Infrastructure.ModelStateInvalidFilter.
2024-09-25 16:53:11.083 +05:30  VRB  Action Filter: After executing OnActionExecuting on filter Microsoft.AspNetCore.Mvc.Infrastructure.ModelStateInvalidFilter.
2024-09-25 16:53:11.084 +05:30  INF  Executing action method Web.Ecommerce.Controllers.Account.AccountController.Login (Web.Ecommerce) - Validation state: "Valid"
2024-09-25 16:53:11.085 +05:30  VRB  Executing action method Web.Ecommerce.Controllers.Account.AccountController.Login (Web.Ecommerce) with arguments (["Application.Ecom.Authentication.Commands.LoginUser.LoginUserCommand"])
2024-09-25 16:53:11.087 +05:30  DBG  Entity Framework Core 8.0.8 initialized 'EcommerceDbContext' using provider 'Microsoft.EntityFrameworkCore.SqlServer:8.0.8' with options: None
2024-09-25 16:53:11.089 +05:30  DBG  Creating DbConnection.
2024-09-25 16:53:11.090 +05:30  DBG  Created DbConnection. (0ms).
2024-09-25 16:53:11.091 +05:30  DBG  Opening connection to database 'Ecommerce' on server 'FGS-DSK-230\MSSQLSERVER2019'.
2024-09-25 16:53:11.099 +05:30  DBG  Opened connection to database 'Ecommerce' on server 'FGS-DSK-230\MSSQLSERVER2019'.
2024-09-25 16:53:11.102 +05:30  DBG  Creating DbCommand for 'ExecuteReader'.
2024-09-25 16:53:11.102 +05:30  DBG  Created DbCommand for 'ExecuteReader' (0ms).
2024-09-25 16:53:11.103 +05:30  DBG  Initialized DbCommand for 'ExecuteReader' (1ms).
2024-09-25 16:53:11.105 +05:30  DBG  Executing DbCommand [Parameters=[@__normalizedEmail_0='?' (Size = 256)], CommandType='"Text"', CommandTimeout='30']
SELECT TOP(2) [a].[Id], [a].[AccessFailedCount], [a].[ConcurrencyStamp], [a].[CreatedAt], [a].[Email], [a].[EmailConfirmed], [a].[IsDeleted], [a].[IsVerified], [a].[LockoutEnabled], [a].[LockoutEnd], [a].[NormalizedEmail], [a].[NormalizedUserName], [a].[PasswordHash], [a].[PhoneNumber], [a].[PhoneNumberConfirmed], [a].[SecurityStamp], [a].[TwoFactorEnabled], [a].[UpdatedAt], [a].[UserName]
FROM [AspNetUsers] AS [a]
WHERE [a].[NormalizedEmail] = @__normalizedEmail_0
2024-09-25 16:53:11.109 +05:30  INF  Executed DbCommand (4ms) [Parameters=[@__normalizedEmail_0='?' (Size = 256)], CommandType='"Text"', CommandTimeout='30']
SELECT TOP(2) [a].[Id], [a].[AccessFailedCount], [a].[ConcurrencyStamp], [a].[CreatedAt], [a].[Email], [a].[EmailConfirmed], [a].[IsDeleted], [a].[IsVerified], [a].[LockoutEnabled], [a].[LockoutEnd], [a].[NormalizedEmail], [a].[NormalizedUserName], [a].[PasswordHash], [a].[PhoneNumber], [a].[PhoneNumberConfirmed], [a].[SecurityStamp], [a].[TwoFactorEnabled], [a].[UpdatedAt], [a].[UserName]
FROM [AspNetUsers] AS [a]
WHERE [a].[NormalizedEmail] = @__normalizedEmail_0
2024-09-25 16:53:11.114 +05:30  DBG  Context 'EcommerceDbContext' started tracking 'User' entity. Consider using 'DbContextOptionsBuilder.EnableSensitiveDataLogging' to see key values.
2024-09-25 16:53:11.115 +05:30  DBG  Closing data reader to 'Ecommerce' on server 'FGS-DSK-230\MSSQLSERVER2019'.
2024-09-25 16:53:11.116 +05:30  DBG  A data reader for 'Ecommerce' on server 'FGS-DSK-230\MSSQLSERVER2019' is being disposed after spending 3ms reading results.
2024-09-25 16:53:11.118 +05:30  DBG  Closing connection to database 'Ecommerce' on server 'FGS-DSK-230\MSSQLSERVER2019'.
2024-09-25 16:53:11.119 +05:30  DBG  Closed connection to database 'Ecommerce' on server 'FGS-DSK-230\MSSQLSERVER2019' (1ms).
2024-09-25 16:53:11.195 +05:30  DBG  Opening connection to database 'Ecommerce' on server 'FGS-DSK-230\MSSQLSERVER2019'.
2024-09-25 16:53:11.197 +05:30  DBG  Opened connection to database 'Ecommerce' on server 'FGS-DSK-230\MSSQLSERVER2019'.
2024-09-25 16:53:11.198 +05:30  DBG  Creating DbCommand for 'ExecuteReader'.
2024-09-25 16:53:11.199 +05:30  DBG  Created DbCommand for 'ExecuteReader' (0ms).
2024-09-25 16:53:11.200 +05:30  DBG  Initialized DbCommand for 'ExecuteReader' (1ms).
2024-09-25 16:53:11.201 +05:30  DBG  Executing DbCommand [Parameters=[@__userId_0='?' (DbType = Guid)], CommandType='"Text"', CommandTimeout='30']
SELECT [a0].[Name]
FROM [AspNetUserRoles] AS [a]
INNER JOIN [AspNetRoles] AS [a0] ON [a].[RoleId] = [a0].[Id]
WHERE [a].[UserId] = @__userId_0
2024-09-25 16:53:11.205 +05:30  INF  Executed DbCommand (4ms) [Parameters=[@__userId_0='?' (DbType = Guid)], CommandType='"Text"', CommandTimeout='30']
SELECT [a0].[Name]
FROM [AspNetUserRoles] AS [a]
INNER JOIN [AspNetRoles] AS [a0] ON [a].[RoleId] = [a0].[Id]
WHERE [a].[UserId] = @__userId_0
2024-09-25 16:53:11.207 +05:30  DBG  Closing data reader to 'Ecommerce' on server 'FGS-DSK-230\MSSQLSERVER2019'.
2024-09-25 16:53:11.208 +05:30  DBG  A data reader for 'Ecommerce' on server 'FGS-DSK-230\MSSQLSERVER2019' is being disposed after spending 1ms reading results.
2024-09-25 16:53:11.210 +05:30  DBG  Closing connection to database 'Ecommerce' on server 'FGS-DSK-230\MSSQLSERVER2019'.
2024-09-25 16:53:11.211 +05:30  DBG  Closed connection to database 'Ecommerce' on server 'FGS-DSK-230\MSSQLSERVER2019' (1ms).
2024-09-25 16:53:11.214 +05:30  INF  Executed action method Web.Ecommerce.Controllers.Account.AccountController.Login (Web.Ecommerce), returned result Microsoft.AspNetCore.Mvc.OkObjectResult in 127.855ms.
2024-09-25 16:53:11.216 +05:30  VRB  Action Filter: Before executing OnActionExecuted on filter Microsoft.AspNetCore.Mvc.Infrastructure.ModelStateInvalidFilter.
2024-09-25 16:53:11.217 +05:30  VRB  Action Filter: After executing OnActionExecuted on filter Microsoft.AspNetCore.Mvc.Infrastructure.ModelStateInvalidFilter.
2024-09-25 16:53:11.219 +05:30  VRB  Action Filter: Before executing OnActionExecuted on filter Microsoft.AspNetCore.Mvc.ModelBinding.UnsupportedContentTypeFilter.
2024-09-25 16:53:11.220 +05:30  VRB  Action Filter: After executing OnActionExecuted on filter Microsoft.AspNetCore.Mvc.ModelBinding.UnsupportedContentTypeFilter.
2024-09-25 16:53:11.222 +05:30  VRB  Result Filter: Before executing OnResultExecuting on filter Microsoft.AspNetCore.Mvc.Infrastructure.ClientErrorResultFilter.
2024-09-25 16:53:11.223 +05:30  VRB  Result Filter: After executing OnResultExecuting on filter Microsoft.AspNetCore.Mvc.Infrastructure.ClientErrorResultFilter.
2024-09-25 16:53:11.224 +05:30  VRB  Before executing action result Microsoft.AspNetCore.Mvc.OkObjectResult.
2024-09-25 16:53:11.225 +05:30  DBG  List of registered output formatters, in the following order: ["Microsoft.AspNetCore.Mvc.Formatters.HttpNoContentOutputFormatter","Microsoft.AspNetCore.Mvc.Formatters.StringOutputFormatter","Microsoft.AspNetCore.Mvc.Formatters.StreamOutputFormatter","Microsoft.AspNetCore.Mvc.Formatters.SystemTextJsonOutputFormatter"]
2024-09-25 16:53:11.229 +05:30  DBG  No information found on request to perform content negotiation.
2024-09-25 16:53:11.230 +05:30  DBG  Attempting to select an output formatter without using a content type as no explicit content types were specified for the response.
2024-09-25 16:53:11.231 +05:30  DBG  Attempting to select the first formatter in the output formatters list which can write the result.
2024-09-25 16:53:11.232 +05:30  DBG  Selected output formatter 'Microsoft.AspNetCore.Mvc.Formatters.SystemTextJsonOutputFormatter' and content type 'application/json' to write the response.
2024-09-25 16:53:11.233 +05:30  INF  Executing OkObjectResult, writing value of type '<>f__AnonymousType1`3[[System.String, System.Private.CoreLib, Version=8.0.0.0, Culture=neutral, PublicKeyToken=7cec85d7bea7798e],[System.String, System.Private.CoreLib, Version=8.0.0.0, Culture=neutral, PublicKeyToken=7cec85d7bea7798e],[System.Collections.Generic.IEnumerable`1[[System.String, System.Private.CoreLib, Version=8.0.0.0, Culture=neutral, PublicKeyToken=7cec85d7bea7798e]], System.Private.CoreLib, Version=8.0.0.0, Culture=neutral, PublicKeyToken=7cec85d7bea7798e]]'.
2024-09-25 16:53:11.234 +05:30  VRB  After executing action result Microsoft.AspNetCore.Mvc.OkObjectResult.
2024-09-25 16:53:11.234 +05:30  VRB  Connection id "0HN6T30PDSD6V" sending "HEADERS" frame for stream ID 3 with length 37 and flags "END_HEADERS".
2024-09-25 16:53:11.235 +05:30  VRB  Result Filter: Before executing OnResultExecuted on filter Microsoft.AspNetCore.Mvc.Infrastructure.ClientErrorResultFilter.
2024-09-25 16:53:11.236 +05:30  VRB  Result Filter: After executing OnResultExecuted on filter Microsoft.AspNetCore.Mvc.Infrastructure.ClientErrorResultFilter.
2024-09-25 16:53:11.238 +05:30  VRB  Connection id "0HN6T30PDSD6V" sending "DATA" frame for stream ID 3 with length 591 and flags "NONE".
2024-09-25 16:53:11.239 +05:30  INF  Executed action Web.Ecommerce.Controllers.Account.AccountController.Login (Web.Ecommerce) in 174.413ms
2024-09-25 16:53:11.242 +05:30  INF  Executed endpoint 'Web.Ecommerce.Controllers.Account.AccountController.Login (Web.Ecommerce)'
2024-09-25 16:53:11.243 +05:30  DBG  'EcommerceDbContext' disposed.
2024-09-25 16:53:11.243 +05:30  VRB  Connection id "0HN6T30PDSD6V" sending "DATA" frame for stream ID 3 with length 0 and flags "END_STREAM".
2024-09-25 16:53:11.244 +05:30  DBG  Disposing connection to database 'Ecommerce' on server 'FGS-DSK-230\MSSQLSERVER2019'.
2024-09-25 16:53:11.248 +05:30  DBG  Disposed connection to database '' on server '' (3ms).
2024-09-25 16:53:11.249 +05:30  INF  Request finished HTTP/2 POST https://localhost:7113/api/Account/Login - 200 null application/json; charset=utf-8 203.9828ms
2024-09-25 16:55:38.839 +05:30  DBG  Connection id "0HN6T30PDSD6V" received FIN.
2024-09-25 16:55:38.841 +05:30  DBG  Connection id "0HN6T30PDSD6V" is closed. The last processed stream ID was 3.
2024-09-25 16:55:38.842 +05:30  DBG  The connection queue processing loop for 0HN6T30PDSD6V completed.
2024-09-25 16:55:38.843 +05:30  DBG  Connection id "0HN6T30PDSD6V" sending FIN because: "The Socket transport's send loop completed gracefully."
2024-09-25 16:55:38.861 +05:30  DBG  Connection id "0HN6T30PDSD6V" stopped.
2024-09-25 17:11:21.603 +05:30  DBG  Connection id "0HN6T30PDSD70" accepted.
2024-09-25 17:11:21.616 +05:30  DBG  Connection id "0HN6T30PDSD70" started.
2024-09-25 17:11:21.639 +05:30  DBG  Connection 0HN6T30PDSD70 established using the following protocol: "Tls12"
2024-09-25 17:11:21.645 +05:30  VRB  Connection id "0HN6T30PDSD70" sending "SETTINGS" frame for stream ID 0 with length 24 and flags "NONE".
2024-09-25 17:11:21.650 +05:30  VRB  Connection id "0HN6T30PDSD70" sending "WINDOW_UPDATE" frame for stream ID 0 with length 4 and flags 0x0.
2024-09-25 17:11:21.653 +05:30  VRB  Connection id "0HN6T30PDSD70" received "SETTINGS" frame for stream ID 0 with length 24 and flags "NONE".
2024-09-25 17:11:21.655 +05:30  VRB  Connection id "0HN6T30PDSD70" sending "SETTINGS" frame for stream ID 0 with length 0 and flags "ACK".
2024-09-25 17:11:21.657 +05:30  VRB  Connection id "0HN6T30PDSD70" received "WINDOW_UPDATE" frame for stream ID 0 with length 4 and flags 0x0.
2024-09-25 17:11:21.659 +05:30  VRB  Connection id "0HN6T30PDSD70" received "HEADERS" frame for stream ID 1 with length 335 and flags "END_STREAM, END_HEADERS, PRIORITY".
2024-09-25 17:11:21.662 +05:30  VRB  Connection id "0HN6T30PDSD70" received "SETTINGS" frame for stream ID 0 with length 0 and flags "ACK".
2024-09-25 17:11:21.666 +05:30  INF  Request starting HTTP/2 OPTIONS https://localhost:7113/api/Account/Login - null null
2024-09-25 17:11:21.671 +05:30  VRB  All hosts are allowed.
2024-09-25 17:11:21.674 +05:30  DBG  1 candidate(s) found for the request path '/api/Account/Login'
2024-09-25 17:11:21.676 +05:30  DBG  Request matched endpoint '405 HTTP Method Not Supported'
2024-09-25 17:11:21.677 +05:30  VRB  The endpoint does not specify the IRequestSizeLimitMetadata.
2024-09-25 17:11:21.680 +05:30  DBG  Static files was skipped as the request already matched an endpoint.
2024-09-25 17:11:21.681 +05:30  DBG  The request has an origin header: 'http://localhost:4200'.
2024-09-25 17:11:21.682 +05:30  INF  CORS policy execution successful.
2024-09-25 17:11:21.683 +05:30  DBG  The request is a preflight request.
2024-09-25 17:11:21.685 +05:30  INF  Request finished HTTP/2 OPTIONS https://localhost:7113/api/Account/Login - 204 null null 21.1262ms
2024-09-25 17:11:21.685 +05:30  VRB  Connection id "0HN6T30PDSD70" sending "HEADERS" frame for stream ID 1 with length 122 and flags "END_STREAM, END_HEADERS".
2024-09-25 17:11:21.691 +05:30  VRB  Connection id "0HN6T30PDSD70" received "HEADERS" frame for stream ID 3 with length 181 and flags "END_HEADERS, PRIORITY".
2024-09-25 17:11:21.693 +05:30  VRB  Connection id "0HN6T30PDSD70" received "DATA" frame for stream ID 3 with length 66 and flags "END_STREAM".
2024-09-25 17:11:21.693 +05:30  INF  Request starting HTTP/2 POST https://localhost:7113/api/Account/Login - application/json 66
2024-09-25 17:11:21.697 +05:30  VRB  All hosts are allowed.
2024-09-25 17:11:21.698 +05:30  DBG  1 candidate(s) found for the request path '/api/Account/Login'
2024-09-25 17:11:21.699 +05:30  DBG  Endpoint 'Web.Ecommerce.Controllers.Account.AccountController.Login (Web.Ecommerce)' with route pattern 'api/Account/Login' is valid for the request path '/api/Account/Login'
2024-09-25 17:11:21.701 +05:30  DBG  Request matched endpoint 'Web.Ecommerce.Controllers.Account.AccountController.Login (Web.Ecommerce)'
2024-09-25 17:11:21.702 +05:30  VRB  The endpoint does not specify the IRequestSizeLimitMetadata.
2024-09-25 17:11:21.703 +05:30  DBG  Static files was skipped as the request already matched an endpoint.
2024-09-25 17:11:21.703 +05:30  DBG  The request has an origin header: 'http://localhost:4200'.
2024-09-25 17:11:21.704 +05:30  INF  CORS policy execution successful.
2024-09-25 17:11:21.710 +05:30  DBG  AuthenticationScheme: Bearer was not authenticated.
2024-09-25 17:11:21.712 +05:30  INF  Executing endpoint 'Web.Ecommerce.Controllers.Account.AccountController.Login (Web.Ecommerce)'
2024-09-25 17:11:21.717 +05:30  INF  Route matched with {action = "Login", controller = "Account"}. Executing controller action with signature System.Threading.Tasks.Task`1[Microsoft.AspNetCore.Mvc.IActionResult] Login(Application.Ecom.Authentication.Commands.LoginUser.LoginUserCommand) on controller Web.Ecommerce.Controllers.Account.AccountController (Web.Ecommerce).
2024-09-25 17:11:21.721 +05:30  DBG  Execution plan of authorization filters (in the following order): ["None"]
2024-09-25 17:11:21.722 +05:30  DBG  Execution plan of resource filters (in the following order): ["None"]
2024-09-25 17:11:21.725 +05:30  DBG  Execution plan of action filters (in the following order): ["Microsoft.AspNetCore.Mvc.ModelBinding.UnsupportedContentTypeFilter (Order: -3000)","Microsoft.AspNetCore.Mvc.Infrastructure.ModelStateInvalidFilter (Order: -2000)"]
2024-09-25 17:11:21.727 +05:30  DBG  Execution plan of exception filters (in the following order): ["None"]
2024-09-25 17:11:21.728 +05:30  DBG  Execution plan of result filters (in the following order): ["Microsoft.AspNetCore.Mvc.Infrastructure.ClientErrorResultFilter (Order: -2000)"]
2024-09-25 17:11:21.729 +05:30  DBG  Executing controller factory for controller Web.Ecommerce.Controllers.Account.AccountController (Web.Ecommerce)
2024-09-25 17:11:21.730 +05:30  DBG  Executed controller factory for controller Web.Ecommerce.Controllers.Account.AccountController (Web.Ecommerce)
2024-09-25 17:11:21.733 +05:30  DBG  Attempting to bind parameter 'command' of type 'Application.Ecom.Authentication.Commands.LoginUser.LoginUserCommand' ...
2024-09-25 17:11:21.736 +05:30  DBG  Attempting to bind parameter 'command' of type 'Application.Ecom.Authentication.Commands.LoginUser.LoginUserCommand' using the name '' in request data ...
2024-09-25 17:11:21.738 +05:30  DBG  Selected input formatter 'Microsoft.AspNetCore.Mvc.Formatters.SystemTextJsonInputFormatter' for content type 'application/json'.
2024-09-25 17:11:21.741 +05:30  DBG  Connection id "0HN6T30PDSD70", Request id "0HN6T30PDSD70:00000003": started reading request body.
2024-09-25 17:11:21.742 +05:30  DBG  Connection id "0HN6T30PDSD70", Request id "0HN6T30PDSD70:00000003": done reading request body.
2024-09-25 17:11:21.745 +05:30  DBG  JSON input formatter succeeded, deserializing to type 'Application.Ecom.Authentication.Commands.LoginUser.LoginUserCommand'
2024-09-25 17:11:21.746 +05:30  DBG  Done attempting to bind parameter 'command' of type 'Application.Ecom.Authentication.Commands.LoginUser.LoginUserCommand'.
2024-09-25 17:11:21.747 +05:30  DBG  Done attempting to bind parameter 'command' of type 'Application.Ecom.Authentication.Commands.LoginUser.LoginUserCommand'.
2024-09-25 17:11:21.748 +05:30  DBG  Attempting to validate the bound parameter 'command' of type 'Application.Ecom.Authentication.Commands.LoginUser.LoginUserCommand' ...
2024-09-25 17:11:21.752 +05:30  DBG  Done attempting to validate the bound parameter 'command' of type 'Application.Ecom.Authentication.Commands.LoginUser.LoginUserCommand'.
2024-09-25 17:11:21.754 +05:30  VRB  Action Filter: Before executing OnActionExecuting on filter Microsoft.AspNetCore.Mvc.ModelBinding.UnsupportedContentTypeFilter.
2024-09-25 17:11:21.755 +05:30  VRB  Action Filter: After executing OnActionExecuting on filter Microsoft.AspNetCore.Mvc.ModelBinding.UnsupportedContentTypeFilter.
2024-09-25 17:11:21.756 +05:30  VRB  Action Filter: Before executing OnActionExecuting on filter Microsoft.AspNetCore.Mvc.Infrastructure.ModelStateInvalidFilter.
2024-09-25 17:11:21.757 +05:30  VRB  Action Filter: After executing OnActionExecuting on filter Microsoft.AspNetCore.Mvc.Infrastructure.ModelStateInvalidFilter.
2024-09-25 17:11:21.759 +05:30  INF  Executing action method Web.Ecommerce.Controllers.Account.AccountController.Login (Web.Ecommerce) - Validation state: "Valid"
2024-09-25 17:11:21.761 +05:30  VRB  Executing action method Web.Ecommerce.Controllers.Account.AccountController.Login (Web.Ecommerce) with arguments (["Application.Ecom.Authentication.Commands.LoginUser.LoginUserCommand"])
2024-09-25 17:11:21.802 +05:30  DBG  Entity Framework Core 8.0.8 initialized 'EcommerceDbContext' using provider 'Microsoft.EntityFrameworkCore.SqlServer:8.0.8' with options: None
2024-09-25 17:11:21.813 +05:30  DBG  Creating DbConnection.
2024-09-25 17:11:21.818 +05:30  DBG  Created DbConnection. (5ms).
2024-09-25 17:11:21.820 +05:30  DBG  Opening connection to database 'Ecommerce' on server 'FGS-DSK-230\MSSQLSERVER2019'.
2024-09-25 17:11:21.862 +05:30  DBG  Opened connection to database 'Ecommerce' on server 'FGS-DSK-230\MSSQLSERVER2019'.
2024-09-25 17:11:21.867 +05:30  DBG  Creating DbCommand for 'ExecuteReader'.
2024-09-25 17:11:21.869 +05:30  DBG  Created DbCommand for 'ExecuteReader' (3ms).
2024-09-25 17:11:21.871 +05:30  DBG  Initialized DbCommand for 'ExecuteReader' (6ms).
2024-09-25 17:11:21.873 +05:30  DBG  Executing DbCommand [Parameters=[@__normalizedEmail_0='?' (Size = 256)], CommandType='"Text"', CommandTimeout='30']
SELECT TOP(2) [a].[Id], [a].[AccessFailedCount], [a].[ConcurrencyStamp], [a].[CreatedAt], [a].[Email], [a].[EmailConfirmed], [a].[IsDeleted], [a].[IsVerified], [a].[LockoutEnabled], [a].[LockoutEnd], [a].[NormalizedEmail], [a].[NormalizedUserName], [a].[PasswordHash], [a].[PhoneNumber], [a].[PhoneNumberConfirmed], [a].[SecurityStamp], [a].[TwoFactorEnabled], [a].[UpdatedAt], [a].[UserName]
FROM [AspNetUsers] AS [a]
WHERE [a].[NormalizedEmail] = @__normalizedEmail_0
2024-09-25 17:11:21.960 +05:30  INF  Executed DbCommand (87ms) [Parameters=[@__normalizedEmail_0='?' (Size = 256)], CommandType='"Text"', CommandTimeout='30']
SELECT TOP(2) [a].[Id], [a].[AccessFailedCount], [a].[ConcurrencyStamp], [a].[CreatedAt], [a].[Email], [a].[EmailConfirmed], [a].[IsDeleted], [a].[IsVerified], [a].[LockoutEnabled], [a].[LockoutEnd], [a].[NormalizedEmail], [a].[NormalizedUserName], [a].[PasswordHash], [a].[PhoneNumber], [a].[PhoneNumberConfirmed], [a].[SecurityStamp], [a].[TwoFactorEnabled], [a].[UpdatedAt], [a].[UserName]
FROM [AspNetUsers] AS [a]
WHERE [a].[NormalizedEmail] = @__normalizedEmail_0
2024-09-25 17:11:21.966 +05:30  DBG  Context 'EcommerceDbContext' started tracking 'User' entity. Consider using 'DbContextOptionsBuilder.EnableSensitiveDataLogging' to see key values.
2024-09-25 17:11:21.969 +05:30  DBG  Closing data reader to 'Ecommerce' on server 'FGS-DSK-230\MSSQLSERVER2019'.
2024-09-25 17:11:21.971 +05:30  DBG  A data reader for 'Ecommerce' on server 'FGS-DSK-230\MSSQLSERVER2019' is being disposed after spending 6ms reading results.
2024-09-25 17:11:21.973 +05:30  DBG  Closing connection to database 'Ecommerce' on server 'FGS-DSK-230\MSSQLSERVER2019'.
2024-09-25 17:11:21.974 +05:30  DBG  Closed connection to database 'Ecommerce' on server 'FGS-DSK-230\MSSQLSERVER2019' (1ms).
2024-09-25 17:11:22.058 +05:30  DBG  Opening connection to database 'Ecommerce' on server 'FGS-DSK-230\MSSQLSERVER2019'.
2024-09-25 17:11:22.060 +05:30  DBG  Opened connection to database 'Ecommerce' on server 'FGS-DSK-230\MSSQLSERVER2019'.
2024-09-25 17:11:22.061 +05:30  DBG  Creating DbCommand for 'ExecuteReader'.
2024-09-25 17:11:22.062 +05:30  DBG  Created DbCommand for 'ExecuteReader' (0ms).
2024-09-25 17:11:22.063 +05:30  DBG  Initialized DbCommand for 'ExecuteReader' (1ms).
2024-09-25 17:11:22.063 +05:30  DBG  Executing DbCommand [Parameters=[@__userId_0='?' (DbType = Guid)], CommandType='"Text"', CommandTimeout='30']
SELECT [a0].[Name]
FROM [AspNetUserRoles] AS [a]
INNER JOIN [AspNetRoles] AS [a0] ON [a].[RoleId] = [a0].[Id]
WHERE [a].[UserId] = @__userId_0
2024-09-25 17:11:22.076 +05:30  INF  Executed DbCommand (12ms) [Parameters=[@__userId_0='?' (DbType = Guid)], CommandType='"Text"', CommandTimeout='30']
SELECT [a0].[Name]
FROM [AspNetUserRoles] AS [a]
INNER JOIN [AspNetRoles] AS [a0] ON [a].[RoleId] = [a0].[Id]
WHERE [a].[UserId] = @__userId_0
2024-09-25 17:11:22.079 +05:30  DBG  Closing data reader to 'Ecommerce' on server 'FGS-DSK-230\MSSQLSERVER2019'.
2024-09-25 17:11:22.080 +05:30  DBG  A data reader for 'Ecommerce' on server 'FGS-DSK-230\MSSQLSERVER2019' is being disposed after spending 1ms reading results.
2024-09-25 17:11:22.081 +05:30  DBG  Closing connection to database 'Ecommerce' on server 'FGS-DSK-230\MSSQLSERVER2019'.
2024-09-25 17:11:22.082 +05:30  DBG  Closed connection to database 'Ecommerce' on server 'FGS-DSK-230\MSSQLSERVER2019' (0ms).
2024-09-25 17:11:22.087 +05:30  INF  Executed action method Web.Ecommerce.Controllers.Account.AccountController.Login (Web.Ecommerce), returned result Microsoft.AspNetCore.Mvc.OkObjectResult in 324.9045ms.
2024-09-25 17:11:22.090 +05:30  VRB  Action Filter: Before executing OnActionExecuted on filter Microsoft.AspNetCore.Mvc.Infrastructure.ModelStateInvalidFilter.
2024-09-25 17:11:22.091 +05:30  VRB  Action Filter: After executing OnActionExecuted on filter Microsoft.AspNetCore.Mvc.Infrastructure.ModelStateInvalidFilter.
2024-09-25 17:11:22.093 +05:30  VRB  Action Filter: Before executing OnActionExecuted on filter Microsoft.AspNetCore.Mvc.ModelBinding.UnsupportedContentTypeFilter.
2024-09-25 17:11:22.095 +05:30  VRB  Action Filter: After executing OnActionExecuted on filter Microsoft.AspNetCore.Mvc.ModelBinding.UnsupportedContentTypeFilter.
2024-09-25 17:11:22.096 +05:30  VRB  Result Filter: Before executing OnResultExecuting on filter Microsoft.AspNetCore.Mvc.Infrastructure.ClientErrorResultFilter.
2024-09-25 17:11:22.098 +05:30  VRB  Result Filter: After executing OnResultExecuting on filter Microsoft.AspNetCore.Mvc.Infrastructure.ClientErrorResultFilter.
2024-09-25 17:11:22.100 +05:30  VRB  Before executing action result Microsoft.AspNetCore.Mvc.OkObjectResult.
2024-09-25 17:11:22.101 +05:30  DBG  List of registered output formatters, in the following order: ["Microsoft.AspNetCore.Mvc.Formatters.HttpNoContentOutputFormatter","Microsoft.AspNetCore.Mvc.Formatters.StringOutputFormatter","Microsoft.AspNetCore.Mvc.Formatters.StreamOutputFormatter","Microsoft.AspNetCore.Mvc.Formatters.SystemTextJsonOutputFormatter"]
2024-09-25 17:11:22.102 +05:30  DBG  No information found on request to perform content negotiation.
2024-09-25 17:11:22.103 +05:30  DBG  Attempting to select an output formatter without using a content type as no explicit content types were specified for the response.
2024-09-25 17:11:22.104 +05:30  DBG  Attempting to select the first formatter in the output formatters list which can write the result.
2024-09-25 17:11:22.105 +05:30  DBG  Selected output formatter 'Microsoft.AspNetCore.Mvc.Formatters.SystemTextJsonOutputFormatter' and content type 'application/json' to write the response.
2024-09-25 17:11:22.106 +05:30  INF  Executing OkObjectResult, writing value of type '<>f__AnonymousType1`3[[System.String, System.Private.CoreLib, Version=8.0.0.0, Culture=neutral, PublicKeyToken=7cec85d7bea7798e],[System.String, System.Private.CoreLib, Version=8.0.0.0, Culture=neutral, PublicKeyToken=7cec85d7bea7798e],[System.Collections.Generic.IEnumerable`1[[System.String, System.Private.CoreLib, Version=8.0.0.0, Culture=neutral, PublicKeyToken=7cec85d7bea7798e]], System.Private.CoreLib, Version=8.0.0.0, Culture=neutral, PublicKeyToken=7cec85d7bea7798e]]'.
2024-09-25 17:11:22.110 +05:30  VRB  After executing action result Microsoft.AspNetCore.Mvc.OkObjectResult.
2024-09-25 17:11:22.110 +05:30  VRB  Connection id "0HN6T30PDSD70" sending "HEADERS" frame for stream ID 3 with length 37 and flags "END_HEADERS".
2024-09-25 17:11:22.111 +05:30  VRB  Result Filter: Before executing OnResultExecuted on filter Microsoft.AspNetCore.Mvc.Infrastructure.ClientErrorResultFilter.
2024-09-25 17:11:22.112 +05:30  VRB  Connection id "0HN6T30PDSD70" sending "DATA" frame for stream ID 3 with length 591 and flags "NONE".
2024-09-25 17:11:22.114 +05:30  VRB  Result Filter: After executing OnResultExecuted on filter Microsoft.AspNetCore.Mvc.Infrastructure.ClientErrorResultFilter.
2024-09-25 17:11:22.117 +05:30  INF  Executed action Web.Ecommerce.Controllers.Account.AccountController.Login (Web.Ecommerce) in 387.9963ms
2024-09-25 17:11:22.119 +05:30  INF  Executed endpoint 'Web.Ecommerce.Controllers.Account.AccountController.Login (Web.Ecommerce)'
2024-09-25 17:11:22.120 +05:30  VRB  Connection id "0HN6T30PDSD70" sending "DATA" frame for stream ID 3 with length 0 and flags "END_STREAM".
2024-09-25 17:11:22.120 +05:30  DBG  'EcommerceDbContext' disposed.
2024-09-25 17:11:22.127 +05:30  DBG  Disposing connection to database 'Ecommerce' on server 'FGS-DSK-230\MSSQLSERVER2019'.
2024-09-25 17:11:22.128 +05:30  DBG  Disposed connection to database '' on server '' (1ms).
2024-09-25 17:11:22.129 +05:30  INF  Request finished HTTP/2 POST https://localhost:7113/api/Account/Login - 200 null application/json; charset=utf-8 436.6861ms
2024-09-25 17:11:25.153 +05:30  DBG  Connection id "0HN6T30PDSD70" received FIN.
2024-09-25 17:11:25.154 +05:30  DBG  Connection id "0HN6T30PDSD70" is closed. The last processed stream ID was 3.
2024-09-25 17:11:25.155 +05:30  DBG  The connection queue processing loop for 0HN6T30PDSD70 completed.
2024-09-25 17:11:25.157 +05:30  DBG  Connection id "0HN6T30PDSD70" sending FIN because: "The Socket transport's send loop completed gracefully."
2024-09-25 17:11:25.165 +05:30  DBG  Connection id "0HN6T30PDSD70" stopped.
2024-09-25 17:15:38.181 +05:30  DBG  Connection id "0HN6T30PDSD71" accepted.
2024-09-25 17:15:38.183 +05:30  DBG  Connection id "0HN6T30PDSD71" started.
2024-09-25 17:15:38.192 +05:30  DBG  Connection 0HN6T30PDSD71 established using the following protocol: "Tls12"
2024-09-25 17:15:38.193 +05:30  VRB  Connection id "0HN6T30PDSD71" sending "SETTINGS" frame for stream ID 0 with length 24 and flags "NONE".
2024-09-25 17:15:38.195 +05:30  VRB  Connection id "0HN6T30PDSD71" sending "WINDOW_UPDATE" frame for stream ID 0 with length 4 and flags 0x0.
2024-09-25 17:15:38.200 +05:30  VRB  Connection id "0HN6T30PDSD71" received "SETTINGS" frame for stream ID 0 with length 24 and flags "NONE".
2024-09-25 17:15:38.202 +05:30  VRB  Connection id "0HN6T30PDSD71" sending "SETTINGS" frame for stream ID 0 with length 0 and flags "ACK".
2024-09-25 17:15:38.204 +05:30  VRB  Connection id "0HN6T30PDSD71" received "WINDOW_UPDATE" frame for stream ID 0 with length 4 and flags 0x0.
2024-09-25 17:15:38.206 +05:30  VRB  Connection id "0HN6T30PDSD71" received "HEADERS" frame for stream ID 1 with length 335 and flags "END_STREAM, END_HEADERS, PRIORITY".
2024-09-25 17:15:38.207 +05:30  VRB  Connection id "0HN6T30PDSD71" received "SETTINGS" frame for stream ID 0 with length 0 and flags "ACK".
2024-09-25 17:15:38.207 +05:30  INF  Request starting HTTP/2 OPTIONS https://localhost:7113/api/Account/Login - null null
2024-09-25 17:15:38.211 +05:30  VRB  All hosts are allowed.
2024-09-25 17:15:38.211 +05:30  DBG  1 candidate(s) found for the request path '/api/Account/Login'
2024-09-25 17:15:38.212 +05:30  DBG  Request matched endpoint '405 HTTP Method Not Supported'
2024-09-25 17:15:38.213 +05:30  VRB  The endpoint does not specify the IRequestSizeLimitMetadata.
2024-09-25 17:15:38.213 +05:30  DBG  Static files was skipped as the request already matched an endpoint.
2024-09-25 17:15:38.214 +05:30  DBG  The request has an origin header: 'http://localhost:4200'.
2024-09-25 17:15:38.214 +05:30  INF  CORS policy execution successful.
2024-09-25 17:15:38.215 +05:30  DBG  The request is a preflight request.
2024-09-25 17:15:38.215 +05:30  INF  Request finished HTTP/2 OPTIONS https://localhost:7113/api/Account/Login - 204 null null 8.3614ms
2024-09-25 17:15:38.215 +05:30  VRB  Connection id "0HN6T30PDSD71" sending "HEADERS" frame for stream ID 1 with length 122 and flags "END_STREAM, END_HEADERS".
2024-09-25 17:15:38.222 +05:30  VRB  Connection id "0HN6T30PDSD71" received "HEADERS" frame for stream ID 3 with length 181 and flags "END_HEADERS, PRIORITY".
2024-09-25 17:15:38.224 +05:30  VRB  Connection id "0HN6T30PDSD71" received "DATA" frame for stream ID 3 with length 66 and flags "END_STREAM".
2024-09-25 17:15:38.224 +05:30  INF  Request starting HTTP/2 POST https://localhost:7113/api/Account/Login - application/json 66
2024-09-25 17:15:38.228 +05:30  VRB  All hosts are allowed.
2024-09-25 17:15:38.229 +05:30  DBG  1 candidate(s) found for the request path '/api/Account/Login'
2024-09-25 17:15:38.230 +05:30  DBG  Endpoint 'Web.Ecommerce.Controllers.Account.AccountController.Login (Web.Ecommerce)' with route pattern 'api/Account/Login' is valid for the request path '/api/Account/Login'
2024-09-25 17:15:38.231 +05:30  DBG  Request matched endpoint 'Web.Ecommerce.Controllers.Account.AccountController.Login (Web.Ecommerce)'
2024-09-25 17:15:38.232 +05:30  VRB  The endpoint does not specify the IRequestSizeLimitMetadata.
2024-09-25 17:15:38.232 +05:30  DBG  Static files was skipped as the request already matched an endpoint.
2024-09-25 17:15:38.233 +05:30  DBG  The request has an origin header: 'http://localhost:4200'.
2024-09-25 17:15:38.233 +05:30  INF  CORS policy execution successful.
2024-09-25 17:15:38.235 +05:30  DBG  AuthenticationScheme: Bearer was not authenticated.
2024-09-25 17:15:38.236 +05:30  INF  Executing endpoint 'Web.Ecommerce.Controllers.Account.AccountController.Login (Web.Ecommerce)'
2024-09-25 17:15:38.238 +05:30  INF  Route matched with {action = "Login", controller = "Account"}. Executing controller action with signature System.Threading.Tasks.Task`1[Microsoft.AspNetCore.Mvc.IActionResult] Login(Application.Ecom.Authentication.Commands.LoginUser.LoginUserCommand) on controller Web.Ecommerce.Controllers.Account.AccountController (Web.Ecommerce).
2024-09-25 17:15:38.240 +05:30  DBG  Execution plan of authorization filters (in the following order): ["None"]
2024-09-25 17:15:38.241 +05:30  DBG  Execution plan of resource filters (in the following order): ["None"]
2024-09-25 17:15:38.242 +05:30  DBG  Execution plan of action filters (in the following order): ["Microsoft.AspNetCore.Mvc.ModelBinding.UnsupportedContentTypeFilter (Order: -3000)","Microsoft.AspNetCore.Mvc.Infrastructure.ModelStateInvalidFilter (Order: -2000)"]
2024-09-25 17:15:38.244 +05:30  DBG  Execution plan of exception filters (in the following order): ["None"]
2024-09-25 17:15:38.245 +05:30  DBG  Execution plan of result filters (in the following order): ["Microsoft.AspNetCore.Mvc.Infrastructure.ClientErrorResultFilter (Order: -2000)"]
2024-09-25 17:15:38.246 +05:30  DBG  Executing controller factory for controller Web.Ecommerce.Controllers.Account.AccountController (Web.Ecommerce)
2024-09-25 17:15:38.247 +05:30  DBG  Executed controller factory for controller Web.Ecommerce.Controllers.Account.AccountController (Web.Ecommerce)
2024-09-25 17:15:38.248 +05:30  DBG  Attempting to bind parameter 'command' of type 'Application.Ecom.Authentication.Commands.LoginUser.LoginUserCommand' ...
2024-09-25 17:15:38.250 +05:30  DBG  Attempting to bind parameter 'command' of type 'Application.Ecom.Authentication.Commands.LoginUser.LoginUserCommand' using the name '' in request data ...
2024-09-25 17:15:38.251 +05:30  DBG  Selected input formatter 'Microsoft.AspNetCore.Mvc.Formatters.SystemTextJsonInputFormatter' for content type 'application/json'.
2024-09-25 17:15:38.253 +05:30  DBG  Connection id "0HN6T30PDSD71", Request id "0HN6T30PDSD71:00000003": started reading request body.
2024-09-25 17:15:38.254 +05:30  DBG  Connection id "0HN6T30PDSD71", Request id "0HN6T30PDSD71:00000003": done reading request body.
2024-09-25 17:15:38.255 +05:30  DBG  JSON input formatter succeeded, deserializing to type 'Application.Ecom.Authentication.Commands.LoginUser.LoginUserCommand'
2024-09-25 17:15:38.256 +05:30  DBG  Done attempting to bind parameter 'command' of type 'Application.Ecom.Authentication.Commands.LoginUser.LoginUserCommand'.
2024-09-25 17:15:38.257 +05:30  DBG  Done attempting to bind parameter 'command' of type 'Application.Ecom.Authentication.Commands.LoginUser.LoginUserCommand'.
2024-09-25 17:15:38.258 +05:30  DBG  Attempting to validate the bound parameter 'command' of type 'Application.Ecom.Authentication.Commands.LoginUser.LoginUserCommand' ...
2024-09-25 17:15:38.260 +05:30  DBG  Done attempting to validate the bound parameter 'command' of type 'Application.Ecom.Authentication.Commands.LoginUser.LoginUserCommand'.
2024-09-25 17:15:38.261 +05:30  VRB  Action Filter: Before executing OnActionExecuting on filter Microsoft.AspNetCore.Mvc.ModelBinding.UnsupportedContentTypeFilter.
2024-09-25 17:15:38.262 +05:30  VRB  Action Filter: After executing OnActionExecuting on filter Microsoft.AspNetCore.Mvc.ModelBinding.UnsupportedContentTypeFilter.
2024-09-25 17:15:38.263 +05:30  VRB  Action Filter: Before executing OnActionExecuting on filter Microsoft.AspNetCore.Mvc.Infrastructure.ModelStateInvalidFilter.
2024-09-25 17:15:38.265 +05:30  VRB  Action Filter: After executing OnActionExecuting on filter Microsoft.AspNetCore.Mvc.Infrastructure.ModelStateInvalidFilter.
2024-09-25 17:15:38.266 +05:30  INF  Executing action method Web.Ecommerce.Controllers.Account.AccountController.Login (Web.Ecommerce) - Validation state: "Valid"
2024-09-25 17:15:38.267 +05:30  VRB  Executing action method Web.Ecommerce.Controllers.Account.AccountController.Login (Web.Ecommerce) with arguments (["Application.Ecom.Authentication.Commands.LoginUser.LoginUserCommand"])
2024-09-25 17:15:38.271 +05:30  DBG  Entity Framework Core 8.0.8 initialized 'EcommerceDbContext' using provider 'Microsoft.EntityFrameworkCore.SqlServer:8.0.8' with options: None
2024-09-25 17:15:38.275 +05:30  DBG  Creating DbConnection.
2024-09-25 17:15:38.276 +05:30  DBG  Created DbConnection. (1ms).
2024-09-25 17:15:38.277 +05:30  DBG  Opening connection to database 'Ecommerce' on server 'FGS-DSK-230\MSSQLSERVER2019'.
2024-09-25 17:15:38.278 +05:30  DBG  Opened connection to database 'Ecommerce' on server 'FGS-DSK-230\MSSQLSERVER2019'.
2024-09-25 17:15:38.279 +05:30  DBG  Creating DbCommand for 'ExecuteReader'.
2024-09-25 17:15:38.280 +05:30  DBG  Created DbCommand for 'ExecuteReader' (1ms).
2024-09-25 17:15:38.281 +05:30  DBG  Initialized DbCommand for 'ExecuteReader' (2ms).
2024-09-25 17:15:38.282 +05:30  DBG  Executing DbCommand [Parameters=[@__normalizedEmail_0='?' (Size = 256)], CommandType='"Text"', CommandTimeout='30']
SELECT TOP(2) [a].[Id], [a].[AccessFailedCount], [a].[ConcurrencyStamp], [a].[CreatedAt], [a].[Email], [a].[EmailConfirmed], [a].[IsDeleted], [a].[IsVerified], [a].[LockoutEnabled], [a].[LockoutEnd], [a].[NormalizedEmail], [a].[NormalizedUserName], [a].[PasswordHash], [a].[PhoneNumber], [a].[PhoneNumberConfirmed], [a].[SecurityStamp], [a].[TwoFactorEnabled], [a].[UpdatedAt], [a].[UserName]
FROM [AspNetUsers] AS [a]
WHERE [a].[NormalizedEmail] = @__normalizedEmail_0
2024-09-25 17:15:38.288 +05:30  INF  Executed DbCommand (5ms) [Parameters=[@__normalizedEmail_0='?' (Size = 256)], CommandType='"Text"', CommandTimeout='30']
SELECT TOP(2) [a].[Id], [a].[AccessFailedCount], [a].[ConcurrencyStamp], [a].[CreatedAt], [a].[Email], [a].[EmailConfirmed], [a].[IsDeleted], [a].[IsVerified], [a].[LockoutEnabled], [a].[LockoutEnd], [a].[NormalizedEmail], [a].[NormalizedUserName], [a].[PasswordHash], [a].[PhoneNumber], [a].[PhoneNumberConfirmed], [a].[SecurityStamp], [a].[TwoFactorEnabled], [a].[UpdatedAt], [a].[UserName]
FROM [AspNetUsers] AS [a]
WHERE [a].[NormalizedEmail] = @__normalizedEmail_0
2024-09-25 17:15:38.291 +05:30  DBG  Context 'EcommerceDbContext' started tracking 'User' entity. Consider using 'DbContextOptionsBuilder.EnableSensitiveDataLogging' to see key values.
2024-09-25 17:15:38.292 +05:30  DBG  Closing data reader to 'Ecommerce' on server 'FGS-DSK-230\MSSQLSERVER2019'.
2024-09-25 17:15:38.293 +05:30  DBG  A data reader for 'Ecommerce' on server 'FGS-DSK-230\MSSQLSERVER2019' is being disposed after spending 2ms reading results.
2024-09-25 17:15:38.294 +05:30  DBG  Closing connection to database 'Ecommerce' on server 'FGS-DSK-230\MSSQLSERVER2019'.
2024-09-25 17:15:38.295 +05:30  DBG  Closed connection to database 'Ecommerce' on server 'FGS-DSK-230\MSSQLSERVER2019' (1ms).
2024-09-25 17:15:38.369 +05:30  DBG  Opening connection to database 'Ecommerce' on server 'FGS-DSK-230\MSSQLSERVER2019'.
2024-09-25 17:15:38.370 +05:30  DBG  Opened connection to database 'Ecommerce' on server 'FGS-DSK-230\MSSQLSERVER2019'.
2024-09-25 17:15:38.371 +05:30  DBG  Creating DbCommand for 'ExecuteReader'.
2024-09-25 17:15:38.372 +05:30  DBG  Created DbCommand for 'ExecuteReader' (0ms).
2024-09-25 17:15:38.373 +05:30  DBG  Initialized DbCommand for 'ExecuteReader' (1ms).
2024-09-25 17:15:38.374 +05:30  DBG  Executing DbCommand [Parameters=[@__userId_0='?' (DbType = Guid)], CommandType='"Text"', CommandTimeout='30']
SELECT [a0].[Name]
FROM [AspNetUserRoles] AS [a]
INNER JOIN [AspNetRoles] AS [a0] ON [a].[RoleId] = [a0].[Id]
WHERE [a].[UserId] = @__userId_0
2024-09-25 17:15:38.377 +05:30  INF  Executed DbCommand (4ms) [Parameters=[@__userId_0='?' (DbType = Guid)], CommandType='"Text"', CommandTimeout='30']
SELECT [a0].[Name]
FROM [AspNetUserRoles] AS [a]
INNER JOIN [AspNetRoles] AS [a0] ON [a].[RoleId] = [a0].[Id]
WHERE [a].[UserId] = @__userId_0
2024-09-25 17:15:38.379 +05:30  DBG  Closing data reader to 'Ecommerce' on server 'FGS-DSK-230\MSSQLSERVER2019'.
2024-09-25 17:15:38.380 +05:30  DBG  A data reader for 'Ecommerce' on server 'FGS-DSK-230\MSSQLSERVER2019' is being disposed after spending 0ms reading results.
2024-09-25 17:15:38.381 +05:30  DBG  Closing connection to database 'Ecommerce' on server 'FGS-DSK-230\MSSQLSERVER2019'.
2024-09-25 17:15:38.382 +05:30  DBG  Closed connection to database 'Ecommerce' on server 'FGS-DSK-230\MSSQLSERVER2019' (0ms).
2024-09-25 17:15:38.386 +05:30  INF  Executed action method Web.Ecommerce.Controllers.Account.AccountController.Login (Web.Ecommerce), returned result Microsoft.AspNetCore.Mvc.OkObjectResult in 117.3789ms.
2024-09-25 17:15:38.388 +05:30  VRB  Action Filter: Before executing OnActionExecuted on filter Microsoft.AspNetCore.Mvc.Infrastructure.ModelStateInvalidFilter.
2024-09-25 17:15:38.389 +05:30  VRB  Action Filter: After executing OnActionExecuted on filter Microsoft.AspNetCore.Mvc.Infrastructure.ModelStateInvalidFilter.
2024-09-25 17:15:38.391 +05:30  VRB  Action Filter: Before executing OnActionExecuted on filter Microsoft.AspNetCore.Mvc.ModelBinding.UnsupportedContentTypeFilter.
2024-09-25 17:15:38.392 +05:30  VRB  Action Filter: After executing OnActionExecuted on filter Microsoft.AspNetCore.Mvc.ModelBinding.UnsupportedContentTypeFilter.
2024-09-25 17:15:38.394 +05:30  VRB  Result Filter: Before executing OnResultExecuting on filter Microsoft.AspNetCore.Mvc.Infrastructure.ClientErrorResultFilter.
2024-09-25 17:15:38.395 +05:30  VRB  Result Filter: After executing OnResultExecuting on filter Microsoft.AspNetCore.Mvc.Infrastructure.ClientErrorResultFilter.
2024-09-25 17:15:38.396 +05:30  VRB  Before executing action result Microsoft.AspNetCore.Mvc.OkObjectResult.
2024-09-25 17:15:38.397 +05:30  DBG  List of registered output formatters, in the following order: ["Microsoft.AspNetCore.Mvc.Formatters.HttpNoContentOutputFormatter","Microsoft.AspNetCore.Mvc.Formatters.StringOutputFormatter","Microsoft.AspNetCore.Mvc.Formatters.StreamOutputFormatter","Microsoft.AspNetCore.Mvc.Formatters.SystemTextJsonOutputFormatter"]
2024-09-25 17:15:38.398 +05:30  DBG  No information found on request to perform content negotiation.
2024-09-25 17:15:38.399 +05:30  DBG  Attempting to select an output formatter without using a content type as no explicit content types were specified for the response.
2024-09-25 17:15:38.399 +05:30  DBG  Attempting to select the first formatter in the output formatters list which can write the result.
2024-09-25 17:15:38.400 +05:30  DBG  Selected output formatter 'Microsoft.AspNetCore.Mvc.Formatters.SystemTextJsonOutputFormatter' and content type 'application/json' to write the response.
2024-09-25 17:15:38.402 +05:30  INF  Executing OkObjectResult, writing value of type '<>f__AnonymousType1`3[[System.String, System.Private.CoreLib, Version=8.0.0.0, Culture=neutral, PublicKeyToken=7cec85d7bea7798e],[System.String, System.Private.CoreLib, Version=8.0.0.0, Culture=neutral, PublicKeyToken=7cec85d7bea7798e],[System.Collections.Generic.IEnumerable`1[[System.String, System.Private.CoreLib, Version=8.0.0.0, Culture=neutral, PublicKeyToken=7cec85d7bea7798e]], System.Private.CoreLib, Version=8.0.0.0, Culture=neutral, PublicKeyToken=7cec85d7bea7798e]]'.
2024-09-25 17:15:38.404 +05:30  VRB  After executing action result Microsoft.AspNetCore.Mvc.OkObjectResult.
2024-09-25 17:15:38.404 +05:30  VRB  Connection id "0HN6T30PDSD71" sending "HEADERS" frame for stream ID 3 with length 37 and flags "END_HEADERS".
2024-09-25 17:15:38.404 +05:30  VRB  Result Filter: Before executing OnResultExecuted on filter Microsoft.AspNetCore.Mvc.Infrastructure.ClientErrorResultFilter.
2024-09-25 17:15:38.405 +05:30  VRB  Result Filter: After executing OnResultExecuted on filter Microsoft.AspNetCore.Mvc.Infrastructure.ClientErrorResultFilter.
2024-09-25 17:15:38.407 +05:30  VRB  Connection id "0HN6T30PDSD71" sending "DATA" frame for stream ID 3 with length 591 and flags "NONE".
2024-09-25 17:15:38.408 +05:30  INF  Executed action Web.Ecommerce.Controllers.Account.AccountController.Login (Web.Ecommerce) in 162.097ms
2024-09-25 17:15:38.411 +05:30  INF  Executed endpoint 'Web.Ecommerce.Controllers.Account.AccountController.Login (Web.Ecommerce)'
2024-09-25 17:15:38.412 +05:30  DBG  'EcommerceDbContext' disposed.
2024-09-25 17:15:38.412 +05:30  VRB  Connection id "0HN6T30PDSD71" sending "DATA" frame for stream ID 3 with length 0 and flags "END_STREAM".
2024-09-25 17:15:38.412 +05:30  DBG  Disposing connection to database 'Ecommerce' on server 'FGS-DSK-230\MSSQLSERVER2019'.
2024-09-25 17:15:38.415 +05:30  DBG  Disposed connection to database '' on server '' (2ms).
2024-09-25 17:15:38.417 +05:30  INF  Request finished HTTP/2 POST https://localhost:7113/api/Account/Login - 200 null application/json; charset=utf-8 192.1795ms
2024-09-25 17:15:45.502 +05:30  DBG  Connection id "0HN6T30PDSD71" received FIN.
2024-09-25 17:15:45.504 +05:30  DBG  Connection id "0HN6T30PDSD71" is closed. The last processed stream ID was 3.
2024-09-25 17:15:45.504 +05:30  DBG  The connection queue processing loop for 0HN6T30PDSD71 completed.
2024-09-25 17:15:45.505 +05:30  DBG  Connection id "0HN6T30PDSD71" sending FIN because: "The Socket transport's send loop completed gracefully."
2024-09-25 17:15:45.516 +05:30  DBG  Connection id "0HN6T30PDSD71" stopped.
2024-09-25 17:15:51.775 +05:30  DBG  Connection id "0HN6T30PDSD72" accepted.
2024-09-25 17:15:51.777 +05:30  DBG  Connection id "0HN6T30PDSD72" started.
2024-09-25 17:15:51.782 +05:30  DBG  Connection 0HN6T30PDSD72 established using the following protocol: "Tls12"
2024-09-25 17:15:51.783 +05:30  VRB  Connection id "0HN6T30PDSD72" sending "SETTINGS" frame for stream ID 0 with length 24 and flags "NONE".
2024-09-25 17:15:51.786 +05:30  VRB  Connection id "0HN6T30PDSD72" sending "WINDOW_UPDATE" frame for stream ID 0 with length 4 and flags 0x0.
2024-09-25 17:15:51.788 +05:30  VRB  Connection id "0HN6T30PDSD72" received "SETTINGS" frame for stream ID 0 with length 24 and flags "NONE".
2024-09-25 17:15:51.790 +05:30  VRB  Connection id "0HN6T30PDSD72" sending "SETTINGS" frame for stream ID 0 with length 0 and flags "ACK".
2024-09-25 17:15:51.792 +05:30  VRB  Connection id "0HN6T30PDSD72" received "WINDOW_UPDATE" frame for stream ID 0 with length 4 and flags 0x0.
2024-09-25 17:15:51.794 +05:30  VRB  Connection id "0HN6T30PDSD72" received "HEADERS" frame for stream ID 1 with length 335 and flags "END_STREAM, END_HEADERS, PRIORITY".
2024-09-25 17:15:51.796 +05:30  VRB  Connection id "0HN6T30PDSD72" received "SETTINGS" frame for stream ID 0 with length 0 and flags "ACK".
2024-09-25 17:15:51.796 +05:30  INF  Request starting HTTP/2 OPTIONS https://localhost:7113/api/Account/Login - null null
2024-09-25 17:15:51.800 +05:30  VRB  All hosts are allowed.
2024-09-25 17:15:51.800 +05:30  DBG  1 candidate(s) found for the request path '/api/Account/Login'
2024-09-25 17:15:51.801 +05:30  DBG  Request matched endpoint '405 HTTP Method Not Supported'
2024-09-25 17:15:51.803 +05:30  VRB  The endpoint does not specify the IRequestSizeLimitMetadata.
2024-09-25 17:15:51.804 +05:30  DBG  Static files was skipped as the request already matched an endpoint.
2024-09-25 17:15:51.804 +05:30  DBG  The request has an origin header: 'http://localhost:4200'.
2024-09-25 17:15:51.805 +05:30  INF  CORS policy execution successful.
2024-09-25 17:15:51.806 +05:30  DBG  The request is a preflight request.
2024-09-25 17:15:51.807 +05:30  INF  Request finished HTTP/2 OPTIONS https://localhost:7113/api/Account/Login - 204 null null 10.6112ms
2024-09-25 17:15:51.807 +05:30  VRB  Connection id "0HN6T30PDSD72" sending "HEADERS" frame for stream ID 1 with length 122 and flags "END_STREAM, END_HEADERS".
2024-09-25 17:15:51.812 +05:30  VRB  Connection id "0HN6T30PDSD72" received "HEADERS" frame for stream ID 3 with length 181 and flags "END_HEADERS, PRIORITY".
2024-09-25 17:15:51.814 +05:30  VRB  Connection id "0HN6T30PDSD72" received "DATA" frame for stream ID 3 with length 66 and flags "END_STREAM".
2024-09-25 17:15:51.814 +05:30  INF  Request starting HTTP/2 POST https://localhost:7113/api/Account/Login - application/json 66
2024-09-25 17:15:51.817 +05:30  VRB  All hosts are allowed.
2024-09-25 17:15:51.818 +05:30  DBG  1 candidate(s) found for the request path '/api/Account/Login'
2024-09-25 17:15:51.819 +05:30  DBG  Endpoint 'Web.Ecommerce.Controllers.Account.AccountController.Login (Web.Ecommerce)' with route pattern 'api/Account/Login' is valid for the request path '/api/Account/Login'
2024-09-25 17:15:51.821 +05:30  DBG  Request matched endpoint 'Web.Ecommerce.Controllers.Account.AccountController.Login (Web.Ecommerce)'
2024-09-25 17:15:51.821 +05:30  VRB  The endpoint does not specify the IRequestSizeLimitMetadata.
2024-09-25 17:15:51.822 +05:30  DBG  Static files was skipped as the request already matched an endpoint.
2024-09-25 17:15:51.822 +05:30  DBG  The request has an origin header: 'http://localhost:4200'.
2024-09-25 17:15:51.823 +05:30  INF  CORS policy execution successful.
2024-09-25 17:15:51.824 +05:30  DBG  AuthenticationScheme: Bearer was not authenticated.
2024-09-25 17:15:51.825 +05:30  INF  Executing endpoint 'Web.Ecommerce.Controllers.Account.AccountController.Login (Web.Ecommerce)'
2024-09-25 17:15:51.826 +05:30  INF  Route matched with {action = "Login", controller = "Account"}. Executing controller action with signature System.Threading.Tasks.Task`1[Microsoft.AspNetCore.Mvc.IActionResult] Login(Application.Ecom.Authentication.Commands.LoginUser.LoginUserCommand) on controller Web.Ecommerce.Controllers.Account.AccountController (Web.Ecommerce).
2024-09-25 17:15:51.828 +05:30  DBG  Execution plan of authorization filters (in the following order): ["None"]
2024-09-25 17:15:51.829 +05:30  DBG  Execution plan of resource filters (in the following order): ["None"]
2024-09-25 17:15:51.830 +05:30  DBG  Execution plan of action filters (in the following order): ["Microsoft.AspNetCore.Mvc.ModelBinding.UnsupportedContentTypeFilter (Order: -3000)","Microsoft.AspNetCore.Mvc.Infrastructure.ModelStateInvalidFilter (Order: -2000)"]
2024-09-25 17:15:51.832 +05:30  DBG  Execution plan of exception filters (in the following order): ["None"]
2024-09-25 17:15:51.833 +05:30  DBG  Execution plan of result filters (in the following order): ["Microsoft.AspNetCore.Mvc.Infrastructure.ClientErrorResultFilter (Order: -2000)"]
2024-09-25 17:15:51.834 +05:30  DBG  Executing controller factory for controller Web.Ecommerce.Controllers.Account.AccountController (Web.Ecommerce)
2024-09-25 17:15:51.836 +05:30  DBG  Executed controller factory for controller Web.Ecommerce.Controllers.Account.AccountController (Web.Ecommerce)
2024-09-25 17:15:51.837 +05:30  DBG  Attempting to bind parameter 'command' of type 'Application.Ecom.Authentication.Commands.LoginUser.LoginUserCommand' ...
2024-09-25 17:15:51.839 +05:30  DBG  Attempting to bind parameter 'command' of type 'Application.Ecom.Authentication.Commands.LoginUser.LoginUserCommand' using the name '' in request data ...
2024-09-25 17:15:51.840 +05:30  DBG  Selected input formatter 'Microsoft.AspNetCore.Mvc.Formatters.SystemTextJsonInputFormatter' for content type 'application/json'.
2024-09-25 17:15:51.841 +05:30  DBG  Connection id "0HN6T30PDSD72", Request id "0HN6T30PDSD72:00000003": started reading request body.
2024-09-25 17:15:51.842 +05:30  DBG  Connection id "0HN6T30PDSD72", Request id "0HN6T30PDSD72:00000003": done reading request body.
2024-09-25 17:15:51.844 +05:30  DBG  JSON input formatter succeeded, deserializing to type 'Application.Ecom.Authentication.Commands.LoginUser.LoginUserCommand'
2024-09-25 17:15:51.844 +05:30  DBG  Done attempting to bind parameter 'command' of type 'Application.Ecom.Authentication.Commands.LoginUser.LoginUserCommand'.
2024-09-25 17:15:51.845 +05:30  DBG  Done attempting to bind parameter 'command' of type 'Application.Ecom.Authentication.Commands.LoginUser.LoginUserCommand'.
2024-09-25 17:15:51.846 +05:30  DBG  Attempting to validate the bound parameter 'command' of type 'Application.Ecom.Authentication.Commands.LoginUser.LoginUserCommand' ...
2024-09-25 17:15:51.848 +05:30  DBG  Done attempting to validate the bound parameter 'command' of type 'Application.Ecom.Authentication.Commands.LoginUser.LoginUserCommand'.
2024-09-25 17:15:51.849 +05:30  VRB  Action Filter: Before executing OnActionExecuting on filter Microsoft.AspNetCore.Mvc.ModelBinding.UnsupportedContentTypeFilter.
2024-09-25 17:15:51.850 +05:30  VRB  Action Filter: After executing OnActionExecuting on filter Microsoft.AspNetCore.Mvc.ModelBinding.UnsupportedContentTypeFilter.
2024-09-25 17:15:51.851 +05:30  VRB  Action Filter: Before executing OnActionExecuting on filter Microsoft.AspNetCore.Mvc.Infrastructure.ModelStateInvalidFilter.
2024-09-25 17:15:51.854 +05:30  VRB  Action Filter: After executing OnActionExecuting on filter Microsoft.AspNetCore.Mvc.Infrastructure.ModelStateInvalidFilter.
2024-09-25 17:15:51.855 +05:30  INF  Executing action method Web.Ecommerce.Controllers.Account.AccountController.Login (Web.Ecommerce) - Validation state: "Valid"
2024-09-25 17:15:51.856 +05:30  VRB  Executing action method Web.Ecommerce.Controllers.Account.AccountController.Login (Web.Ecommerce) with arguments (["Application.Ecom.Authentication.Commands.LoginUser.LoginUserCommand"])
2024-09-25 17:15:51.859 +05:30  DBG  Entity Framework Core 8.0.8 initialized 'EcommerceDbContext' using provider 'Microsoft.EntityFrameworkCore.SqlServer:8.0.8' with options: None
2024-09-25 17:15:51.862 +05:30  DBG  Creating DbConnection.
2024-09-25 17:15:51.863 +05:30  DBG  Created DbConnection. (0ms).
2024-09-25 17:15:51.864 +05:30  DBG  Opening connection to database 'Ecommerce' on server 'FGS-DSK-230\MSSQLSERVER2019'.
2024-09-25 17:15:51.865 +05:30  DBG  Opened connection to database 'Ecommerce' on server 'FGS-DSK-230\MSSQLSERVER2019'.
2024-09-25 17:15:51.866 +05:30  DBG  Creating DbCommand for 'ExecuteReader'.
2024-09-25 17:15:51.866 +05:30  DBG  Created DbCommand for 'ExecuteReader' (0ms).
2024-09-25 17:15:51.867 +05:30  DBG  Initialized DbCommand for 'ExecuteReader' (1ms).
2024-09-25 17:15:51.868 +05:30  DBG  Executing DbCommand [Parameters=[@__normalizedEmail_0='?' (Size = 256)], CommandType='"Text"', CommandTimeout='30']
SELECT TOP(2) [a].[Id], [a].[AccessFailedCount], [a].[ConcurrencyStamp], [a].[CreatedAt], [a].[Email], [a].[EmailConfirmed], [a].[IsDeleted], [a].[IsVerified], [a].[LockoutEnabled], [a].[LockoutEnd], [a].[NormalizedEmail], [a].[NormalizedUserName], [a].[PasswordHash], [a].[PhoneNumber], [a].[PhoneNumberConfirmed], [a].[SecurityStamp], [a].[TwoFactorEnabled], [a].[UpdatedAt], [a].[UserName]
FROM [AspNetUsers] AS [a]
WHERE [a].[NormalizedEmail] = @__normalizedEmail_0
2024-09-25 17:15:51.873 +05:30  INF  Executed DbCommand (5ms) [Parameters=[@__normalizedEmail_0='?' (Size = 256)], CommandType='"Text"', CommandTimeout='30']
SELECT TOP(2) [a].[Id], [a].[AccessFailedCount], [a].[ConcurrencyStamp], [a].[CreatedAt], [a].[Email], [a].[EmailConfirmed], [a].[IsDeleted], [a].[IsVerified], [a].[LockoutEnabled], [a].[LockoutEnd], [a].[NormalizedEmail], [a].[NormalizedUserName], [a].[PasswordHash], [a].[PhoneNumber], [a].[PhoneNumberConfirmed], [a].[SecurityStamp], [a].[TwoFactorEnabled], [a].[UpdatedAt], [a].[UserName]
FROM [AspNetUsers] AS [a]
WHERE [a].[NormalizedEmail] = @__normalizedEmail_0
2024-09-25 17:15:51.878 +05:30  DBG  Context 'EcommerceDbContext' started tracking 'User' entity. Consider using 'DbContextOptionsBuilder.EnableSensitiveDataLogging' to see key values.
2024-09-25 17:15:51.880 +05:30  DBG  Closing data reader to 'Ecommerce' on server 'FGS-DSK-230\MSSQLSERVER2019'.
2024-09-25 17:15:51.881 +05:30  DBG  A data reader for 'Ecommerce' on server 'FGS-DSK-230\MSSQLSERVER2019' is being disposed after spending 5ms reading results.
2024-09-25 17:15:51.882 +05:30  DBG  Closing connection to database 'Ecommerce' on server 'FGS-DSK-230\MSSQLSERVER2019'.
2024-09-25 17:15:51.883 +05:30  DBG  Closed connection to database 'Ecommerce' on server 'FGS-DSK-230\MSSQLSERVER2019' (0ms).
2024-09-25 17:15:51.955 +05:30  DBG  Opening connection to database 'Ecommerce' on server 'FGS-DSK-230\MSSQLSERVER2019'.
2024-09-25 17:15:51.957 +05:30  DBG  Opened connection to database 'Ecommerce' on server 'FGS-DSK-230\MSSQLSERVER2019'.
2024-09-25 17:15:51.958 +05:30  DBG  Creating DbCommand for 'ExecuteReader'.
2024-09-25 17:15:51.959 +05:30  DBG  Created DbCommand for 'ExecuteReader' (0ms).
2024-09-25 17:15:51.960 +05:30  DBG  Initialized DbCommand for 'ExecuteReader' (1ms).
2024-09-25 17:15:51.961 +05:30  DBG  Executing DbCommand [Parameters=[@__userId_0='?' (DbType = Guid)], CommandType='"Text"', CommandTimeout='30']
SELECT [a0].[Name]
FROM [AspNetUserRoles] AS [a]
INNER JOIN [AspNetRoles] AS [a0] ON [a].[RoleId] = [a0].[Id]
WHERE [a].[UserId] = @__userId_0
2024-09-25 17:15:51.965 +05:30  INF  Executed DbCommand (4ms) [Parameters=[@__userId_0='?' (DbType = Guid)], CommandType='"Text"', CommandTimeout='30']
SELECT [a0].[Name]
FROM [AspNetUserRoles] AS [a]
INNER JOIN [AspNetRoles] AS [a0] ON [a].[RoleId] = [a0].[Id]
WHERE [a].[UserId] = @__userId_0
2024-09-25 17:15:51.967 +05:30  DBG  Closing data reader to 'Ecommerce' on server 'FGS-DSK-230\MSSQLSERVER2019'.
2024-09-25 17:15:51.968 +05:30  DBG  A data reader for 'Ecommerce' on server 'FGS-DSK-230\MSSQLSERVER2019' is being disposed after spending 1ms reading results.
2024-09-25 17:15:51.971 +05:30  DBG  Closing connection to database 'Ecommerce' on server 'FGS-DSK-230\MSSQLSERVER2019'.
2024-09-25 17:15:51.972 +05:30  DBG  Closed connection to database 'Ecommerce' on server 'FGS-DSK-230\MSSQLSERVER2019' (1ms).
2024-09-25 17:15:51.974 +05:30  INF  Executed action method Web.Ecommerce.Controllers.Account.AccountController.Login (Web.Ecommerce), returned result Microsoft.AspNetCore.Mvc.OkObjectResult in 116.3724ms.
2024-09-25 17:15:51.976 +05:30  VRB  Action Filter: Before executing OnActionExecuted on filter Microsoft.AspNetCore.Mvc.Infrastructure.ModelStateInvalidFilter.
2024-09-25 17:15:51.977 +05:30  VRB  Action Filter: After executing OnActionExecuted on filter Microsoft.AspNetCore.Mvc.Infrastructure.ModelStateInvalidFilter.
2024-09-25 17:15:51.979 +05:30  VRB  Action Filter: Before executing OnActionExecuted on filter Microsoft.AspNetCore.Mvc.ModelBinding.UnsupportedContentTypeFilter.
2024-09-25 17:15:51.980 +05:30  VRB  Action Filter: After executing OnActionExecuted on filter Microsoft.AspNetCore.Mvc.ModelBinding.UnsupportedContentTypeFilter.
2024-09-25 17:15:51.982 +05:30  VRB  Result Filter: Before executing OnResultExecuting on filter Microsoft.AspNetCore.Mvc.Infrastructure.ClientErrorResultFilter.
2024-09-25 17:15:51.983 +05:30  VRB  Result Filter: After executing OnResultExecuting on filter Microsoft.AspNetCore.Mvc.Infrastructure.ClientErrorResultFilter.
2024-09-25 17:15:51.986 +05:30  VRB  Before executing action result Microsoft.AspNetCore.Mvc.OkObjectResult.
2024-09-25 17:15:51.987 +05:30  DBG  List of registered output formatters, in the following order: ["Microsoft.AspNetCore.Mvc.Formatters.HttpNoContentOutputFormatter","Microsoft.AspNetCore.Mvc.Formatters.StringOutputFormatter","Microsoft.AspNetCore.Mvc.Formatters.StreamOutputFormatter","Microsoft.AspNetCore.Mvc.Formatters.SystemTextJsonOutputFormatter"]
2024-09-25 17:15:51.990 +05:30  DBG  No information found on request to perform content negotiation.
2024-09-25 17:15:51.991 +05:30  DBG  Attempting to select an output formatter without using a content type as no explicit content types were specified for the response.
2024-09-25 17:15:51.992 +05:30  DBG  Attempting to select the first formatter in the output formatters list which can write the result.
2024-09-25 17:15:51.992 +05:30  DBG  Selected output formatter 'Microsoft.AspNetCore.Mvc.Formatters.SystemTextJsonOutputFormatter' and content type 'application/json' to write the response.
2024-09-25 17:15:51.994 +05:30  INF  Executing OkObjectResult, writing value of type '<>f__AnonymousType1`3[[System.String, System.Private.CoreLib, Version=8.0.0.0, Culture=neutral, PublicKeyToken=7cec85d7bea7798e],[System.String, System.Private.CoreLib, Version=8.0.0.0, Culture=neutral, PublicKeyToken=7cec85d7bea7798e],[System.Collections.Generic.IEnumerable`1[[System.String, System.Private.CoreLib, Version=8.0.0.0, Culture=neutral, PublicKeyToken=7cec85d7bea7798e]], System.Private.CoreLib, Version=8.0.0.0, Culture=neutral, PublicKeyToken=7cec85d7bea7798e]]'.
2024-09-25 17:15:51.996 +05:30  VRB  After executing action result Microsoft.AspNetCore.Mvc.OkObjectResult.
2024-09-25 17:15:51.996 +05:30  VRB  Connection id "0HN6T30PDSD72" sending "HEADERS" frame for stream ID 3 with length 37 and flags "END_HEADERS".
2024-09-25 17:15:51.996 +05:30  VRB  Result Filter: Before executing OnResultExecuted on filter Microsoft.AspNetCore.Mvc.Infrastructure.ClientErrorResultFilter.
2024-09-25 17:15:51.998 +05:30  VRB  Connection id "0HN6T30PDSD72" sending "DATA" frame for stream ID 3 with length 591 and flags "NONE".
2024-09-25 17:15:52.000 +05:30  VRB  Result Filter: After executing OnResultExecuted on filter Microsoft.AspNetCore.Mvc.Infrastructure.ClientErrorResultFilter.
2024-09-25 17:15:52.004 +05:30  INF  Executed action Web.Ecommerce.Controllers.Account.AccountController.Login (Web.Ecommerce) in 169.8025ms
2024-09-25 17:15:52.007 +05:30  INF  Executed endpoint 'Web.Ecommerce.Controllers.Account.AccountController.Login (Web.Ecommerce)'
2024-09-25 17:15:52.008 +05:30  DBG  'EcommerceDbContext' disposed.
2024-09-25 17:15:52.008 +05:30  VRB  Connection id "0HN6T30PDSD72" sending "DATA" frame for stream ID 3 with length 0 and flags "END_STREAM".
2024-09-25 17:15:52.009 +05:30  DBG  Disposing connection to database 'Ecommerce' on server 'FGS-DSK-230\MSSQLSERVER2019'.
2024-09-25 17:15:52.012 +05:30  DBG  Disposed connection to database '' on server '' (3ms).
2024-09-25 17:15:52.013 +05:30  INF  Request finished HTTP/2 POST https://localhost:7113/api/Account/Login - 200 null application/json; charset=utf-8 199.7445ms
2024-09-25 17:15:55.513 +05:30  DBG  Connection id "0HN6T30PDSD72" received FIN.
2024-09-25 17:15:55.515 +05:30  DBG  Connection id "0HN6T30PDSD72" is closed. The last processed stream ID was 3.
2024-09-25 17:15:55.515 +05:30  DBG  The connection queue processing loop for 0HN6T30PDSD72 completed.
2024-09-25 17:15:55.516 +05:30  DBG  Connection id "0HN6T30PDSD72" sending FIN because: "The Socket transport's send loop completed gracefully."
2024-09-25 17:15:55.518 +05:30  DBG  Connection id "0HN6T30PDSD72" stopped.
2024-09-25 17:58:54.701 +05:30  DBG  Connection id "0HN6T30PDSD73" accepted.
2024-09-25 17:58:54.719 +05:30  DBG  Connection id "0HN6T30PDSD73" started.
2024-09-25 17:58:54.800 +05:30  DBG  Connection 0HN6T30PDSD73 established using the following protocol: "Tls12"
2024-09-25 17:58:54.812 +05:30  VRB  Connection id "0HN6T30PDSD73" sending "SETTINGS" frame for stream ID 0 with length 24 and flags "NONE".
2024-09-25 17:58:54.820 +05:30  VRB  Connection id "0HN6T30PDSD73" sending "WINDOW_UPDATE" frame for stream ID 0 with length 4 and flags 0x0.
2024-09-25 17:58:54.822 +05:30  VRB  Connection id "0HN6T30PDSD73" received "SETTINGS" frame for stream ID 0 with length 24 and flags "NONE".
2024-09-25 17:58:54.825 +05:30  VRB  Connection id "0HN6T30PDSD73" sending "SETTINGS" frame for stream ID 0 with length 0 and flags "ACK".
2024-09-25 17:58:54.827 +05:30  VRB  Connection id "0HN6T30PDSD73" received "WINDOW_UPDATE" frame for stream ID 0 with length 4 and flags 0x0.
2024-09-25 17:58:54.829 +05:30  VRB  Connection id "0HN6T30PDSD73" received "HEADERS" frame for stream ID 1 with length 360 and flags "END_STREAM, END_HEADERS, PRIORITY".
2024-09-25 17:58:54.838 +05:30  VRB  Connection id "0HN6T30PDSD73" received "SETTINGS" frame for stream ID 0 with length 0 and flags "ACK".
2024-09-25 17:58:54.843 +05:30  INF  Request starting HTTP/2 GET https://localhost:7113/api/Product - null null
2024-09-25 17:58:54.890 +05:30  VRB  All hosts are allowed.
2024-09-25 17:58:54.894 +05:30  DBG  1 candidate(s) found for the request path '/api/Product'
2024-09-25 17:58:54.897 +05:30  DBG  Endpoint 'Web.Ecommerce.Controllers.Seller.ProductController.GetAllProducts (Web.Ecommerce)' with route pattern 'api/Product' is valid for the request path '/api/Product'
2024-09-25 17:58:54.905 +05:30  DBG  Request matched endpoint 'Web.Ecommerce.Controllers.Seller.ProductController.GetAllProducts (Web.Ecommerce)'
2024-09-25 17:58:54.909 +05:30  VRB  The endpoint does not specify the IRequestSizeLimitMetadata.
2024-09-25 17:58:54.927 +05:30  DBG  Static files was skipped as the request already matched an endpoint.
2024-09-25 17:58:54.933 +05:30  DBG  AuthenticationScheme: Bearer was not authenticated.
2024-09-25 17:58:55.023 +05:30  DBG  AuthenticationScheme: Bearer was not authenticated.
2024-09-25 17:58:55.040 +05:30  INF  Executing endpoint 'Web.Ecommerce.Controllers.Seller.ProductController.GetAllProducts (Web.Ecommerce)'
2024-09-25 17:58:55.141 +05:30  INF  Route matched with {action = "GetAllProducts", controller = "Product"}. Executing controller action with signature System.Threading.Tasks.Task`1[Microsoft.AspNetCore.Mvc.IActionResult] GetAllProducts() on controller Web.Ecommerce.Controllers.Seller.ProductController (Web.Ecommerce).
2024-09-25 17:58:55.145 +05:30  DBG  Execution plan of authorization filters (in the following order): ["None"]
2024-09-25 17:58:55.146 +05:30  DBG  Execution plan of resource filters (in the following order): ["None"]
2024-09-25 17:58:55.147 +05:30  DBG  Execution plan of action filters (in the following order): ["Microsoft.AspNetCore.Mvc.ModelBinding.UnsupportedContentTypeFilter (Order: -3000)","Microsoft.AspNetCore.Mvc.Infrastructure.ModelStateInvalidFilter (Order: -2000)"]
2024-09-25 17:58:55.149 +05:30  DBG  Execution plan of exception filters (in the following order): ["None"]
2024-09-25 17:58:55.156 +05:30  DBG  Execution plan of result filters (in the following order): ["Microsoft.AspNetCore.Mvc.Infrastructure.ClientErrorResultFilter (Order: -2000)"]
2024-09-25 17:58:55.158 +05:30  DBG  Executing controller factory for controller Web.Ecommerce.Controllers.Seller.ProductController (Web.Ecommerce)
2024-09-25 17:58:55.163 +05:30  DBG  Executed controller factory for controller Web.Ecommerce.Controllers.Seller.ProductController (Web.Ecommerce)
2024-09-25 17:58:55.164 +05:30  VRB  Action Filter: Before executing OnActionExecuting on filter Microsoft.AspNetCore.Mvc.ModelBinding.UnsupportedContentTypeFilter.
2024-09-25 17:58:55.166 +05:30  VRB  Action Filter: After executing OnActionExecuting on filter Microsoft.AspNetCore.Mvc.ModelBinding.UnsupportedContentTypeFilter.
2024-09-25 17:58:55.173 +05:30  VRB  Action Filter: Before executing OnActionExecuting on filter Microsoft.AspNetCore.Mvc.Infrastructure.ModelStateInvalidFilter.
2024-09-25 17:58:55.174 +05:30  VRB  Action Filter: After executing OnActionExecuting on filter Microsoft.AspNetCore.Mvc.Infrastructure.ModelStateInvalidFilter.
2024-09-25 17:58:55.176 +05:30  INF  Executing action method Web.Ecommerce.Controllers.Seller.ProductController.GetAllProducts (Web.Ecommerce) - Validation state: "Valid"
2024-09-25 17:58:55.259 +05:30  DBG  Entity Framework Core 8.0.8 initialized 'EcommerceDbContext' using provider 'Microsoft.EntityFrameworkCore.SqlServer:8.0.8' with options: None
2024-09-25 17:58:55.303 +05:30  DBG  Compiling query expression: 
'DbSet<Product>()
    .Select(p => new ProductDto{ 
        ProductId = p.ProductId, 
        Name = p.Name, 
        Description = p.Description, 
        Category = p.Category, 
        Price = p.Price, 
        Quantity = p.Quantity, 
        SellerId = p.SellerId, 
        SellerName = p.Seller.StoreName 
    }
    )'
2024-09-25 17:58:55.460 +05:30  DBG  Generated query execution expression: 
'queryContext => new SingleQueryingEnumerable<ProductDto>(
    (RelationalQueryContext)queryContext, 
    RelationalCommandCache.QueryExpression(
        Projection Mapping:
            ProductId -> 0
            Name -> 1
            Description -> 2
            Category -> 3
            Price -> 4
            Quantity -> 5
            SellerId -> 6
            SellerName -> 7
        SELECT p.ProductId, p.Name, p.Description, p.Category, p.Price, p.Quantity, p.SellerId, s.StoreName AS SellerName
        FROM Products AS p
        INNER JOIN Sellers AS s ON p.SellerId == s.SellerId), 
    null, 
    Func<QueryContext, DbDataReader, ResultContext, SingleQueryResultCoordinator, ProductDto>, 
    Persistance.EcommerceDbContext, 
    False, 
    False, 
    True
)'
2024-09-25 17:58:55.472 +05:30  DBG  Creating DbConnection.
2024-09-25 17:58:55.475 +05:30  DBG  Created DbConnection. (3ms).
2024-09-25 17:58:55.476 +05:30  DBG  Opening connection to database 'Ecommerce' on server 'FGS-DSK-230\MSSQLSERVER2019'.
2024-09-25 17:58:55.513 +05:30  DBG  Opened connection to database 'Ecommerce' on server 'FGS-DSK-230\MSSQLSERVER2019'.
2024-09-25 17:58:55.517 +05:30  DBG  Creating DbCommand for 'ExecuteReader'.
2024-09-25 17:58:55.518 +05:30  DBG  Created DbCommand for 'ExecuteReader' (1ms).
2024-09-25 17:58:55.519 +05:30  DBG  Initialized DbCommand for 'ExecuteReader' (2ms).
2024-09-25 17:58:55.520 +05:30  DBG  Executing DbCommand [Parameters=[], CommandType='"Text"', CommandTimeout='30']
SELECT [p].[ProductId], [p].[Name], [p].[Description], [p].[Category], [p].[Price], [p].[Quantity], [p].[SellerId], [s].[StoreName] AS [SellerName]
FROM [Products] AS [p]
INNER JOIN [Sellers] AS [s] ON [p].[SellerId] = [s].[SellerId]
2024-09-25 17:58:55.550 +05:30  INF  Executed DbCommand (30ms) [Parameters=[], CommandType='"Text"', CommandTimeout='30']
SELECT [p].[ProductId], [p].[Name], [p].[Description], [p].[Category], [p].[Price], [p].[Quantity], [p].[SellerId], [s].[StoreName] AS [SellerName]
FROM [Products] AS [p]
INNER JOIN [Sellers] AS [s] ON [p].[SellerId] = [s].[SellerId]
2024-09-25 17:58:55.555 +05:30  DBG  Closing data reader to 'Ecommerce' on server 'FGS-DSK-230\MSSQLSERVER2019'.
2024-09-25 17:58:55.556 +05:30  DBG  A data reader for 'Ecommerce' on server 'FGS-DSK-230\MSSQLSERVER2019' is being disposed after spending 1ms reading results.
2024-09-25 17:58:55.558 +05:30  DBG  Closing connection to database 'Ecommerce' on server 'FGS-DSK-230\MSSQLSERVER2019'.
2024-09-25 17:58:55.559 +05:30  DBG  Closed connection to database 'Ecommerce' on server 'FGS-DSK-230\MSSQLSERVER2019' (1ms).
2024-09-25 17:58:55.562 +05:30  INF  Executed action method Web.Ecommerce.Controllers.Seller.ProductController.GetAllProducts (Web.Ecommerce), returned result Microsoft.AspNetCore.Mvc.OkObjectResult in 384.2792ms.
2024-09-25 17:58:55.564 +05:30  VRB  Action Filter: Before executing OnActionExecuted on filter Microsoft.AspNetCore.Mvc.Infrastructure.ModelStateInvalidFilter.
2024-09-25 17:58:55.565 +05:30  VRB  Action Filter: After executing OnActionExecuted on filter Microsoft.AspNetCore.Mvc.Infrastructure.ModelStateInvalidFilter.
2024-09-25 17:58:55.570 +05:30  VRB  Action Filter: Before executing OnActionExecuted on filter Microsoft.AspNetCore.Mvc.ModelBinding.UnsupportedContentTypeFilter.
2024-09-25 17:58:55.572 +05:30  VRB  Action Filter: After executing OnActionExecuted on filter Microsoft.AspNetCore.Mvc.ModelBinding.UnsupportedContentTypeFilter.
2024-09-25 17:58:55.574 +05:30  VRB  Result Filter: Before executing OnResultExecuting on filter Microsoft.AspNetCore.Mvc.Infrastructure.ClientErrorResultFilter.
2024-09-25 17:58:55.576 +05:30  VRB  Result Filter: After executing OnResultExecuting on filter Microsoft.AspNetCore.Mvc.Infrastructure.ClientErrorResultFilter.
2024-09-25 17:58:55.577 +05:30  VRB  Before executing action result Microsoft.AspNetCore.Mvc.OkObjectResult.
2024-09-25 17:58:55.579 +05:30  DBG  List of registered output formatters, in the following order: ["Microsoft.AspNetCore.Mvc.Formatters.HttpNoContentOutputFormatter","Microsoft.AspNetCore.Mvc.Formatters.StringOutputFormatter","Microsoft.AspNetCore.Mvc.Formatters.StreamOutputFormatter","Microsoft.AspNetCore.Mvc.Formatters.SystemTextJsonOutputFormatter"]
2024-09-25 17:58:55.581 +05:30  DBG  No information found on request to perform content negotiation.
2024-09-25 17:58:55.582 +05:30  DBG  Attempting to select an output formatter without using a content type as no explicit content types were specified for the response.
2024-09-25 17:58:55.587 +05:30  DBG  Attempting to select the first formatter in the output formatters list which can write the result.
2024-09-25 17:58:55.589 +05:30  DBG  Selected output formatter 'Microsoft.AspNetCore.Mvc.Formatters.SystemTextJsonOutputFormatter' and content type 'application/json' to write the response.
2024-09-25 17:58:55.591 +05:30  INF  Executing OkObjectResult, writing value of type 'System.Collections.Generic.List`1[[Application.Ecom.Dtos.ProductDto, Application.Ecom, Version=1.0.0.0, Culture=neutral, PublicKeyToken=null]]'.
2024-09-25 17:58:55.655 +05:30  VRB  After executing action result Microsoft.AspNetCore.Mvc.OkObjectResult.
2024-09-25 17:58:55.655 +05:30  VRB  Connection id "0HN6T30PDSD73" sending "HEADERS" frame for stream ID 1 with length 74 and flags "END_HEADERS".
2024-09-25 17:58:55.656 +05:30  VRB  Result Filter: Before executing OnResultExecuted on filter Microsoft.AspNetCore.Mvc.Infrastructure.ClientErrorResultFilter.
2024-09-25 17:58:55.659 +05:30  VRB  Connection id "0HN6T30PDSD73" sending "DATA" frame for stream ID 1 with length 2 and flags "NONE".
2024-09-25 17:58:55.661 +05:30  VRB  Result Filter: After executing OnResultExecuted on filter Microsoft.AspNetCore.Mvc.Infrastructure.ClientErrorResultFilter.
2024-09-25 17:58:55.665 +05:30  INF  Executed action Web.Ecommerce.Controllers.Seller.ProductController.GetAllProducts (Web.Ecommerce) in 506.6218ms
2024-09-25 17:58:55.670 +05:30  INF  Executed endpoint 'Web.Ecommerce.Controllers.Seller.ProductController.GetAllProducts (Web.Ecommerce)'
2024-09-25 17:58:55.672 +05:30  VRB  Connection id "0HN6T30PDSD73" sending "DATA" frame for stream ID 1 with length 0 and flags "END_STREAM".
2024-09-25 17:58:55.672 +05:30  DBG  'EcommerceDbContext' disposed.
2024-09-25 17:58:55.675 +05:30  DBG  Disposing connection to database 'Ecommerce' on server 'FGS-DSK-230\MSSQLSERVER2019'.
2024-09-25 17:58:55.677 +05:30  DBG  Disposed connection to database '' on server '' (1ms).
2024-09-25 17:58:55.678 +05:30  INF  Request finished HTTP/2 GET https://localhost:7113/api/Product - 200 null application/json; charset=utf-8 839.0967ms
2024-09-25 17:59:49.232 +05:30  DBG  Connection id "0HN6T30PDSD73" received FIN.
2024-09-25 17:59:49.235 +05:30  DBG  Connection id "0HN6T30PDSD73" is closed. The last processed stream ID was 1.
2024-09-25 17:59:49.235 +05:30  DBG  The connection queue processing loop for 0HN6T30PDSD73 completed.
2024-09-25 17:59:49.236 +05:30  DBG  Connection id "0HN6T30PDSD73" sending FIN because: "The Socket transport's send loop completed gracefully."
2024-09-25 17:59:49.240 +05:30  DBG  Connection id "0HN6T30PDSD73" stopped.
